Gene_set	Term	Overlap	P-value	Adjusted P-value	Old P-value	Old Adjusted P-value	Odds Ratio	Combined Score	Genes	bucket	library
GO_Cellular_Component_2023	Cornified Envelope (GO:0001533)	39/41	1.1448098224211802e-13	5.1172999062226744e-11	0	0	29.04084559740584	865.3697948399326	SPRR2E;SPRR2F;SPRR3;CSTA;SPRR2G;TCHH;EVPL;PPL;TGM1;SCEL;PI3;SPRR2A;SPRR2B;RPTN;SPRR2D;DSP;CDSN;JUP;KRT2;KRT1;KAZN;KRT10;CNFN;LCE1D;FLG2;PKP2;DSG1;LORICRIN;PKP1;DSG2;DSG3;PKP3;DSG4;DSC1;SPRR1A;DSC2;IVL;SPRR1B;FGFR1	Normal_only	GO_Cellular_Component_2023
GO_Cellular_Component_2023	Neuron Projection (GO:0043005)	305/557	1.961960337080481e-12	4.384981353374874e-10	0	0	1.82531236178682	49.20508583197463	EPHB6;CPNE6;STMN2;STMN4;HTR4;CRHBP;HTR6;HTR7;SCN11A;STMN1;HMCN2;DIP2B;ANKS1A;EPHB2;VSTM5;EPHB1;CMKLR2;PRKCG;EPHA5;EPHA4;EPHA7;CXADR;UNC13A;EPHA6;MAP1S;EPHA8;ANK3;PDYN;CPT1C;GABRG3;UHMK1;SLC5A7;SHTN1;BIN1;MAP1B;MAP1A;ADGRB1;RIN3;STX1A;GPM6A;TPH1;ADCYAP1R1;EPHA10;CRHR1;IGSF9;CRHR2;FXR1;PENK;MAP7;MAP6;APOE;KCNN3;KCNN4;HOMER2;RAB27A;RAB39B;NR1D1;L1CAM;GRIN2B;SLC6A6;CPEB1;GRIN3A;TH;PTK7;PNOC;PPT1;IGSF9B;SCN2A;CD200;RET;PCSK1;GABRB1;NRSN2;ROBO4;TENM2;NRSN1;TENM3;KCNC1;KCNC2;KCNC3;KCNC4;SLC6A2;KIF17;MYPN;SLC6A3;SLC6A4;PCLO;DNER;KIF13B;NEFL;NEFM;BBS7;KIF1A;NEFH;SLC18A2;GIT1;CCR2;PACRG;MME;ACAD9;INSRR;SYP;RHOC;CCSAP;PRSS12;GCHFR;CLDN11;NPY4R2;PICK1;MAPT;RGS7BP;DSCAML1;VAMP2;DBN1;OPRD1;PRKN;PLPPR1;GRP;KCNA1;AMIGO1;KCNA2;IGHMBP2;KCNA4;ADCY2;ADCY8;TRAK2;CHRND;GLRA1;GLRA3;CHRNG;CHRNE;CHRNA10;NCDN;CTNNA2;GABRD;GABRA2;GABRQ;FARP1;RIC3;GABRP;GABRA5;KCNB1;STAT1;GABRA4;KCNB2;GABRA3;DAB2IP;SEPTIN3;SEPTIN4;GRIN1;SLC8A3;GARS1;GPR149;GHRL;CDK5R2;ADGRL3;CHRM2;CHRM1;RAB3A;CHRM4;CHRM5;SYAP1;FAM107A;PARK7;CYP46A1;SLC8A2;RPH3A;ARHGAP44;SCGN;TMEM266;TUBB3;ADORA3;ADORA1;CAPN2;SACS;NRCAM;RGS9;RGS6;KPNA1;RGS7;CHRNB2;CHRNB4;SEMA6A;DSCAM;SLC30A3;MAGI2;NPY1R;SRCIN1;ADCYAP1;SLC9A5;FRMD7;SMO;RGS9BP;SCN8A;PHAF1;CHRNA3;CHRNA2;RTN1;CHRNA5;CHRNA4;CHRNA7;SLC1A1;MCHR1;RTN4;BAG2;HRH3;KIF3B;HRH2;ABL1;SLC38A7;NPTX1;DRD2;BRINP3;DRD4;MARK2;MARK1;PRPH;MPST;SYT5;HSPA8;HTR1E;HTR1F;HTR1B;NSG1;SYT8;SYT7;DLG2;DLG3;NF1;CNTN1;CNTN2;CNTN4;CNIH4;DOCK7;MAST1;HTR2B;HTR2C;HTR2A;ELFN1;UNC80;CALB2;GRM3;GRM2;OPA1;GRM7;LRRTM1;BOC;TMEM108;ZNF385A;ARHGEF15;NPY5R;HTR3C;COBL;HTR3A;HTR3B;SSTR1;SSTR2;SSTR4;SSTR5;TMIGD1;IL1RAPL1;DCX;CDH13;TNFRSF25;SHANK3;SHANK1;CX3CR1;CAMK2B;HCN4;HCN3;RGS14;NPY4R;ATP1A4;LRP4;STMND1;LRP2;ATOH7;MAPK8;GNA12;PTK2B;FYN;SNCA;SLC12A2;NTRK2;SKOR1;NLGN4X;SLC12A5;NTRK3;BNIP3;LIMK1;OPRK1;NELL2;KISS1;SLC4A8;GLRB;USH1G;SYT11;RAB13;RGS12;ATXN10;RAB17;ZACN;VIM;VIP;ZPR1	Normal_only	GO_Cellular_Component_2023
GO_Cellular_Component_2023	Cell-Cell Junction (GO:0005911)	175/299	1.1288229063315168e-10	1.68194613043396e-08	0	0	2.116219274623274	48.47131580584589	PATJ;CTNND2;AQP7;PARK7;CLDN2;F11R;AQP3;CLDN1;PVR;FGFRL1;CDH8;ACTG1;CDH7;CDH5;BAIAP2L2;CDH4;BAIAP2L1;CDH3;POF1B;TRIM29;CDH1;GJA5;GJA4;CCN3;KIRREL1;CXADR;KIRREL2;ACTN1;KAZN;SCRIB;FRMD4B;CLDN5;TIAM1;CLDN4;CLDN3;PARD3;ADGRB1;FSCN1;MYADM;PKP2;PKP1;PKP3;EZR;TLN1;STEAP1;DSC1;DSC2;JCAD;VCL;EPHA2;LLGL2;COL17A1;USP53;FBF1;HPN;PXN;ILDR1;ILDR2;PRKCZ;LIN7B;CNN3;CNN2;IGSF21;SDCBP;FLRT2;EPB41L3;CDH22;NPHP1;CDH26;ECT2;CADM3;CDSN;JAG1;JUP;STARD10;MSN;ALOX15B;IGSF11;GJB2;VANGL2;DLG2;DNMBP;DLG3;GJB3;PTK7;GJB6;TRPV4;FAT2;ESAM;NF2;FGFR4;PALS2;B4GALT1;WDR1;PCDHGB4;SNAP23;PTPRM;PTPRJ;LDB3;FOXM1;RND1;CLDN20;CLDN25;FLOT1;PGM5;CD53;DSP;ANXA2;HEG1;SHROOM2;LSR;SHROOM1;AJAP1;PARD3B;CLDN11;CNKSR1;CEACAM1;SAPCD2;CDH10;CDH11;CLDN19;AMTN;CDH12;CDHR3;PECAM1;CDH13;DSG1;DSG2;TNFRSF25;CDH15;DSG3;ITGA5;DSG4;CRB2;CRB1;PARD6G;DLL1;PRICKLE4;RASIP1;CYTH3;ARVCF;PARD6B;PDLIM3;PARD6A;CCDC85C;MARVELD2;SH3BP1;PDZD11;CCDC85B;PERP;NRAP;FLNA;CTNNA3;CTNNA2;PCDH1;PAK2;JAM2;PDLIM7;JAM3;PAK4;MPP3;SORBS1;WTIP;BAIAP2;CDC42BPA;GRHL2;MAPK15;KRT18;DES;ZYX;NECTIN4;LIMS2;ADGRL3;CRB3;NECTIN1	Normal_only	GO_Cellular_Component_2023
GO_Cellular_Component_2023	Keratin Filament (GO:0045095)	34/39	1.75266845042325e-09	1.958606993347982e-07	0	0	10.118210145830735	204.0046317155101	KRT82;KRT81;KRT80;FBF1;KRT85;KRT84;KRT83;FAM83H;TCHP;KRT25;KRT6B;KRT6A;KRT71;KRT3;KRT2;KRT1;KRT79;KRT8;KRT78;KRT77;KRT10;KRT5;KRT76;KRT75;KRT74;KRT73;KRT72;KRT9;KRT18;KRT17;KRT16;KRT14;KRT36;EPPK1	Normal_only	GO_Cellular_Component_2023
GO_Cellular_Component_2023	Tight Junction (GO:0070160)	62/93	2.350291208903143e-07	2.10116034075941e-05	0	0	2.9798624140087555	45.48329805561727	PATJ;FRMPD2;CLDN2;F11R;CLDN1;SIPA1L3;CLDN22;CDH5;CLDN20;POF1B;CLDN25;CLDN24;CLDN23;BVES;CGNL1;CXADR;MAGI2;SHROOM2;LSR;ANK3;FRMD4B;TGFBR1;CLDN11;CLDN6;CLDN10;CLDN5;CLDN4;CLDN3;JAML;CLDN14;CLDN9;CLDN8;PARD3;CLDN12;CLDN19;CLDN17;CLDN16;EPHA2;IGSF5;USP53;ILDR1;ILDR2;PARD6G;PRKCZ;CYTH3;PARD6B;PARD6A;MARVELD2;SH3BP1;EPCAM;MARVELD3;ECT2;CYTH1;JAM2;JAM3;AOC1;CGN;CLDN34;RAB13;AMOTL2;EPPK1;TJP3	Normal_only	GO_Cellular_Component_2023
GO_Cellular_Component_2023	Collagen-Containing Extracellular Matrix (GO:0062023)	198/373	3.167854395679009e-07	2.3600515247808616e-05	0	0	1.694191554723429	25.35364631382024	ADAMDEC1;ICAM1;LGALS4;LGALS1;HMCN2;LGALS9;LMAN1L;SERPINF1;COL23A1;FIBCD1;KRT1;SERPINF2;P3H2;P3H1;HSPG2;SFRP2;SLPI;MXRA7;FREM3;SDC3;PDGFB;CFP;APOH;SERPINH1;APOE;A2M;ELANE;FN1;PRG2;PRG4;L1CAM;COL1A1;COL1A2;CILP;COL9A1;ACHE;COL18A1;SRPX;TINAGL1;ELN;TGFB1I1;CTSZ;PCSK6;SHH;CTSL;MMP28;ANXA6;TIMP2;COL10A1;CTSH;ANXA8;CTSG;TPSAB1;CTSC;CTSB;ANXA2;MYOC;AHSG;ANXA5;BGN;SERPINB8;F7;PLSCR1;COL2A1;MMP23B;ANGPTL3;COL21A1;VWA1;ANGPTL5;VWA2;MFGE8;MATN4;MATN3;C1QB;APCS;C1QA;LRRC15;SERPINB12;TNXB;COL11A1;C17ORF58;SRPX2;ABI3BP;GDF10;GDF15;F12;SMOC2;COL3A1;CLC;FMOD;C1QC;PF4;FCN1;FCN2;FCN3;TNC;PLAT;CLU;LOXL1;LOXL2;COMP;EFEMP1;TNN;NPPA;TGM2;CPA3;WNT5B;ADIPOQ;APLP1;WNT5A;ADAM11;PCOLCE;NPNT;COL4A2;COL4A4;COL4A3;COL4A6;S100A6;COL4A5;S100A4;S100A9;S100A8;S100A7;COL17A1;CD151;HTRA1;LTBP4;FBLN1;FBLN2;FBLN5;PSAP;IGFBP7;WNT2;TGFB1;SSC5D;DEFA1;INHBE;GH1;CXCL12;COL5A1;COL5A2;CNTN1;COL20A1;FGFR2;FGFR1;LGALS3BP;PZP;CLEC14A;MDK;EMILIN2;EMILIN1;ADAMTS8;ADAMTS9;EGFL7;VWF;MMP2;MMP8;MMP9;ASPN;DCN;CCNA2;GREM1;MMRN1;COL6A2;COL6A1;MMRN2;AMTN;CDH13;COL6A3;ANG;COL6A6;ZP1;COL6A5;ZP3;ZP2;ZP4;ITIH5;ITIH4;LAMA5;LAMA1;FGL1;LAMA3;PLG;PRELP;ITIH1;COCH;CHADL;CTHRC1;ANGPT4;COL26A1;LAMB3;CMA1;LUM;APOC3;MFAP4;COL7A1;MFAP2;CBLN1	Normal_only	GO_Cellular_Component_2023
GO_Cellular_Component_2023	Apical Junction Complex (GO:0043296)	68/106	5.679766532659294e-07	3.6269366287124344e-05	0	0	2.666627138631408	38.349259599925155	PATJ;FRMPD2;CLDN2;F11R;CLDN1;ACTG1;CLDN22;CDH5;CLDN20;POF1B;CDH1;CLDN25;CLDN24;CLDN23;BVES;CGNL1;CXADR;MAGI2;SHROOM2;ANK3;FRMD4B;SHROOM1;TGFBR1;PARD3B;CLDN6;CLDN11;CLDN5;CLDN10;CLDN4;CLDN3;JAML;SAPCD2;CLDN9;CLDN14;CLDN8;PARD3;CLDN12;CLDN19;CLDN17;CLDN16;CRB2;CRB1;IGSF5;USP53;FBF1;CYTH3;PARD6B;PARD6A;CCDC85C;MARVELD2;SH3BP1;EPCAM;MARVELD3;ECT2;CYTH1;JAM3;AOC1;JUP;CGN;SORBS1;PLEKHA7;CAMSAP3;CLDN34;RAB13;AMOTL2;EPPK1;TJP3;CRB3	Normal_only	GO_Cellular_Component_2023
GO_Cellular_Component_2023	Dendrite (GO:0030425)	148/270	8.582345938767389e-07	4.7953857932862786e-05	0	0	1.8131533073962225	25.32682954557746	EPHB6;CHRM2;CHRM1;CHRM4;CPNE6;CHRM5;SYAP1;HTR4;CYP46A1;CLU;SLC8A2;ARHGAP44;LAMP5;CRHBP;SCGN;TMEM266;HTR6;HTR7;TUBB3;ADORA3;ADORA1;CAPN2;SACS;DIP2B;EPHB2;EPHB1;VSTM5;KPNA1;EPHA5;PRKCG;EPHA4;EPHA7;EPHA6;DSCAM;EPHA8;MAP1S;MAGI2;ANK3;CPT1C;PDYN;GABRG3;SRCIN1;UHMK1;SLC5A7;SMO;BIN1;MAP1B;ADGRB1;MAP1A;RIN3;PHAF1;CHRNA3;EPHA10;CHRNA4;SLC1A1;THY1;CRHR2;FXR1;BAG2;HRH3;KIF3B;HRH2;PENK;ABL1;MAP6;APOE;DRD2;BRINP3;DRD4;MARK2;MARK1;HSPA8;HTR1E;HOMER2;HTR1F;RAB27A;HTR1B;NR1D1;NSG1;SLC6A6;PNOC;NF1;CNIH4;TENM2;KCNC1;KCNC2;KCNC3;KCNC4;HTR2B;HTR2C;HTR2A;FOXM1;ELFN1;CALB2;GRM7;OPA1;DNER;KIF1A;SLC18A2;ZNF385A;CCR2;MME;ARHGEF15;ACAD9;COBL;PRSS12;GCHFR;IL1RAPL1;MAPT;DBN1;SHANK1;HCN4;HCN3;RGS14;AMIGO1;KCNA1;KCNA2;LRP4;ADCY2;LRP2;ADCY8;TRAK2;MAPK8;PTK2B;FYN;NCDN;GABRA2;FARP1;NTRK2;SKOR1;NLGN4X;GABRA5;KCNB1;STAT1;GABRA4;KCNB2;BNIP3;GABRA3;HIP1R;ZNF804A;SEPTIN4;GRIN1;SLC8A3;SLC4A8;SYT11;RGS12;ATXN10;RAB17	Normal_only	GO_Cellular_Component_2023
GO_Cellular_Component_2023	Voltage-Gated Potassium Channel Complex (GO:0008076)	50/73	9.89937865026802e-07	4.916691396299784e-05	0	0	3.2362986734433457	44.74384750516355	DPP10;KCNG1;KCNG2;KCNK6;KCNG3;KCNC1;KCNC2;KCNC3;LRRC38;KCNC4;KCNH1;KCNH2;KCNH4;KCND2;KCND3;KCNAB1;KCNQ1;KCNQ2;KCNQ4;KCNQ5;HCN4;HCN3;KCNE1;KCNA1;KCNE5;KCNA2;KCNA4;KCNA5;KCNA6;KCNA7;LRRC55;LRRC52;KCNV1;DPP6;KCNV2;KCNMB1;KCNMB3;KCNN4;KCNJ3;KCNJ4;KCNF1;KCNJ5;LRRC26;KCNJ6;KCNJ8;KCNB1;KCNB2;KCNJ14;KCNJ16;KCNK1	Normal_only	GO_Cellular_Component_2023
GO_Cellular_Component_2023	Bicellular Tight Junction (GO:0005923)	54/81	1.3923010374791403e-06	6.223585637531757e-05	0	0	2.977883293764838	40.15542437859333	PATJ;FRMPD2;CLDN2;F11R;CLDN1;CLDN22;CDH5;CLDN20;POF1B;CLDN25;CLDN24;CLDN23;BVES;CGNL1;CXADR;MAGI2;SHROOM2;ANK3;FRMD4B;TGFBR1;CLDN11;CLDN6;CLDN10;CLDN5;CLDN4;CLDN3;JAML;CLDN14;CLDN9;CLDN8;PARD3;CLDN12;CLDN19;CLDN17;CLDN16;IGSF5;USP53;CYTH3;PARD6B;PARD6A;MARVELD2;SH3BP1;EPCAM;MARVELD3;ECT2;CYTH1;JAM3;AOC1;CGN;CLDN34;RAB13;AMOTL2;EPPK1;TJP3	Normal_only	GO_Cellular_Component_2023
GO_Cellular_Component_2023	Basolateral Plasma Membrane (GO:0016323)	99/171	2.3057857509856844e-06	9.369874824460008e-05	0	0	2.051096381000251	26.62341367511977	TFRC;AQP8;AQP9;FRMPD2;AQP7;AQP4;SLC4A1;AQP3;CLDN1;SLC4A4;AQP1;BEST1;ENPP1;SLC16A7;SLC39A5;SLC16A8;SLC39A8;SLC16A3;CXADR;ATP1B3;ANK3;SLC51A;SLC51B;MYL1;KCNQ1;ALPK2;EZR;RHCG;SLC22A3;NDRG4;EPB41;C5AR1;SLC22A1;PDGFB;SLC41A1;TGFA;LIN7B;CALHM1;SLC19A1;GPIHBP1;SLC10A1;SLC16A12;SLC4A11;SLC16A10;SLC6A6;SLC6A9;SLC22A7;SLC26A6;SLC26A5;B4GALT1;KCNC2;AQP10;SLC2A1;IDE;PTH1R;CA4;FLOT1;ABCC3;ABCC4;ABCC1;PIANP;ANXA2;SLC39A14;ADRA2A;AJAP1;AQP7B;SLC7A8;CEACAM5;CLDN19;TLR9;SLC29A4;SLC29A1;ATP6V1B1;SLC29A2;SLC47A1;SLC43A3;NOD2;ABCB11;ADCY8;SLC7A1;AURKA;NKD2;ERBB3;MARVELD2;EPCAM;ERBB4;PDZD11;ERBB2;BSND;STX2;RHBG;KCNJ4;CA11;SLC16A1;TSHR;SLC4A9;MYO1A;RAB17;FOLR1	Normal_only	GO_Cellular_Component_2023
GO_Cellular_Component_2023	Intermediate Filament (GO:0005882)	47/69	2.6569646232467808e-06	9.897193221594258e-05	0	0	3.1794745204857566	40.81913105709858	KRT82;KRT81;KRT80;FBF1;KRT20;EVPL;KRT85;PPL;KRT84;KRT83;TCHP;FAM83H;KRT25;NEFL;NEFM;KRT6B;KRT6A;PRPH;DSP;KRT71;KRT3;KRT2;KRT1;KRT79;KRT8;KRT78;KRT77;KRT5;KRT76;KRT10;KRT75;KRT74;KRT73;KRT72;KRT9;BFSP2;KRT18;KRT17;KRT16;KRT36;KRT14;PKP2;PKP1;EPPK1;VIM;INA;HLA-DRB1	Normal_only	GO_Cellular_Component_2023
GO_Cellular_Component_2023	Potassium Channel Complex (GO:0034705)	52/81	1.148203732991687e-05	0.0003948054374209878	0	0	2.668711365741239	30.355862466669393	DPP10;KCNG1;KCNG2;KCNK6;KCNG3;KCNC1;KCNC2;GRIK5;KCNC3;LRRC38;KCNC4;CCDC51;KCNH1;KCNH2;KCNH4;KCND2;ABCC8;KCND3;KCNAB1;KCNQ1;KCNQ2;KCNQ4;KCNQ5;KCNE1;KCNA1;KCNE5;KCNA2;KCNA4;KCNA5;KCNA6;KCNA7;LRRC55;LRRC52;KCNV1;DPP6;KCNV2;KCNMB1;KCNMB3;KCNN4;KCNJ3;KCNJ4;KCNF1;KCNJ5;LRRC26;KCNJ6;KCNJ11;KCNJ8;KCNB1;KCNB2;KCNJ14;KCNJ16;KCNK1	Normal_only	GO_Cellular_Component_2023
GO_Cellular_Component_2023	Clathrin-Coated Endocytic Vesicle Membrane (GO:0030669)	45/68	1.3925942395347668e-05	0.0004446354464800291	0	0	2.910851114632399	32.54843011207214	CHRM2;FCGR1BP;TFRC;CLTC;TYRP1;TGFA;CD3G;LRP2;AREG;CD3D;SLC2A8;TGOLN2;APOE;APOB;FCGR1A;HLA-DQA2;KIAA0319;AP2M1;HLA-DQA1;HLA-DPA1;CD74;HLA-DRB5;FZD2;EGF;AVPR2;WNT5A;AP2B1;SYT9;F3;IGF2R;EREG;BTC;VAMP8;GNAO1;CD4;EPGN;CD207;CD9;HLA-DRA;ROR2;IL7R;CFTR;HLA-DQB2;VAMP2;HLA-DRB1	Normal_only	GO_Cellular_Component_2023
GO_Cellular_Component_2023	Clathrin-Coated Endocytic Vesicle (GO:0045334)	53/85	3.186827288918997e-05	0.0009496745320978612	0	0	2.46471686031984	25.519430971786186	CHRM2;FCGR1BP;TFRC;CLTC;CLTB;CD3G;AREG;CD3D;SLC2A8;CTLA4;AP2M1;HLA-DPA1;SFTPB;SFTPC;AVPR2;SFTPD;WNT5A;F3;EREG;BTC;VAMP8;ROR2;CFTR;HLA-DQB2;VAMP2;CEMIP;SFTPA2;TYRP1;TGFA;LRP2;TGOLN2;APOE;APOB;FCGR1A;HLA-DQA2;KIAA0319;HLA-DQA1;CD74;HLA-DRB5;FZD2;EGF;AP2B1;SYT9;IGF2R;GNAO1;CD4;EPGN;CD207;CD9;HLA-DRA;SFTPA1;IL7R;HLA-DRB1	Normal_only	GO_Cellular_Component_2023
GO_Cellular_Component_2023	Polymeric Cytoskeletal Fiber (GO:0099513)	139/265	3.712982054097147e-05	0.0010373143613633	0	0	1.646402410421102	16.795099367511177	WIPF1;ACTG1;PYCARD;CRHBP;TUBB6;POF1B;KIF5C;TUBB3;DPYSL2;TUBB1;COTL1;KIF21A;KIF21B;SYBU;KRT6A;PLS1;DYNC2H1;TMOD1;TPM4;ACTN2;KRT3;MAP1S;TPM3;ACTN1;KRT2;TPM2;KRT8;KRT5;KRT76;KRT75;MID1;TUBA4B;TUBA4A;KATNAL1;MAP1B;MAP1A;PKP2;PKP1;KIF20A;EZR;KIF20B;TWF2;MEFV;EVPL;PPL;CORO1A;BAG2;KIF3B;MAP6;KIF3C;TPPP;GAS2L1;GAS2L2;MARK2;PRPH;TUBB8B;MICAL2;DCDC2;AIF1L;DIAPH1;BFSP2;DIAPH2;DIAPH3;FLACC1;GJB6;MAP6D1;HLA-DRB1;TUBA8;KIF14;LMOD1;KIF12;KIF11;KRT20;KIF17;KIF15;LMOD2;TUBA1B;PSTPIP1;KIF19;TUBA1A;OPA1;KIF13B;RAC2;TCP11L1;NEFL;NEFM;KIF1A;DSP;CCT2;TRIM63;KIF25;COBL;KIF23;KIF22;KIF7;KIF6;DNM2;HCK;ACTA1;TUBB2B;TUBB2A;KIF2A;KIFC2;GAS2;ARHGEF2;MAPT;EFHC2;LCP1;MAPRE1;INA;RHOQ;TRIM55;TUBAL3;WAS;KATNB1;AIF1;TUBA3E;DCDC2C;DCDC2B;FSD1;MISP;BBLN;CCT5;DMTN;MX1;KRT10;ACTL8;TUBB4A;CENPE;TPPP3;MYO1B;KRT18;TPPP2;ACTC1;KRT16;TTLL1;KRT14;EPPK1;VIM	Normal_only	GO_Cellular_Component_2023
GO_Cellular_Component_2023	Endoplasmic Reticulum Membrane (GO:0005789)	377/801	4.230614637490381e-05	0.0011124027899754	0	0	1.3336106402319183	13.430230211596792	FAAH;PGAP2;PGAP3;KDELR1;CISD2;ZDHHC2;CYP4Z1;STS;ZC3H12A;BCAP29;CYP1B1;LRAT;PTGDS;ALG8;ACSL1;LMAN1L;ACSL6;HLA-B;ALG1;SLC51A;HLA-F;HLA-E;CTAGE1;CYP39A1;SOAT1;CYP2U1;SOAT2;CTAGE9;TYRO3;KDELR2;ULK1;CYP2E1;KDELR3;HPD;CFTR;CTAGE15;CDS1;HACD1;TMEM238L;FICD;RPN2;SLC35D1;SAR1B;TTYH1;HPN;B3GLCT;MGST1;TGFA;MGST2;UBE2J1;CYB5R2;CYB5R1;HSD11B2;CYB5R4;GRIN2A;SGPL1;CYP2B6;RDH16;HMOX1;SSR1;MLEC;APOB;HLA-DQA2;HLA-DQA1;SEC31A;HLA-DRB5;TMEM86B;ICMT;CYP4F2;TREX1;CYP4F3;SURF4;ERLIN1;FZD9;SLC16A11;CIDEB;CYP4F8;GRIN2C;GRIN2B;RPE65;GRIN2D;CYP2C9;ACER1;CYP26A1;FA2H;CYP2C8;GRIN3A;MYMX;TBL2;GJB1;NCEH1;CYP2S1;ACER3;CYP1A2;CALU;CYP1A1;NOX4;CYB5RL;LDAF1;CALR;HLA-DRB1;CDS2;RYR1;RYR2;PIGT;MOGAT2;MOGAT1;PIGP;TECR;LPCAT1;FMN2;IER3IP1;AREG;SPPL3;PIGY;RYR3;JPH4;JPH3;MMP27;SPTLC3;RAC2;UBXN8;FLVCR2;TMED2;SEC61B;HRAS;HLA-DPA1;VKORC1;ELOVL1;SFTPB;PCYT1B;SEC13;TMED9;GRAMD2A;ELOVL4;STARD3NL;ELOVL5;SFTPC;IZUMO1;SFTPD;COPZ2;SLC39A13;ELOVL7;SLC35G1;CYP7B1;RHOC;DCSTAMP;CYP21A2;TMEM33;CANX;PIGK;TLR9;TLR8;PIGM;HLA-DQB2;RAPSN;DDR2;GRAMD1C;GRAMD1B;GRAMD1A;GUCY2D;ATL1;DERL3;TMPRSS4;DERL1;HSD17B3;DERL2;FITM1;GDPD3;CYP7A1;CYP17A1;EXTL1;LMAN2;EMC1;HSD17B2;TM4SF20;HAS2;CD59;GPAT3;SPTSSB;APOL2;CD74;FMO2;USP17L2;CYP8B1;SVIP;ARCN1;TMCO1;GRIN1;YIF1B;VMP1;SLC8A3;ERP44;CYP2W1;XK;DHRS9;STING1;PNPLA3;ESYT3;ESYT2;ANKS4B;PLP2;COPG1;ERO1A;DPAGT1;UGT1A10;TUSC3;PROS1;HFE;SPPL2A;PLOD3;MYRFL;PLOD1;CYP46A1;CLGN;TM7SF2;POFUT2;SLN;SLC39A7;TMEM38B;TMEM14A;FADS1;PDGFRA;DGAT2;ATG9B;SPINK5;ALG14;TAP1;CYBA;MR1;PGF;PDIA5;SELENON;TMEM258;SLC27A2;SLC27A4;NOTCH3;COPB2;NDRG4;COPA;RTN1;TMED10;ABHD4;NOTCH4;PLD4;ITPR2;ITPR3;DNAJC25;CYP2C19;PLD1;CYP4F22;CYP19A1;CYP2C18;RTN4;PLD2;ADGRG6;DHRS7C;PDZD8;CYP2J2;OST4;SLC37A2;OSBPL6;SLC37A1;TOR1A;SRD5A2;HSPA5;SRD5A1;RHBDD1;DOLK;DHCR24;BFAR;CYP4F11;DGAT2L6;CYP4F12;ABHD12B;DNAJC18;GNAO1;REEP1;G6PC2;G6PC3;NAT8;GGCX;REEP4;REEP3;TBXAS1;REEP2;STT3A;BCL2;CDK1;HLA-DRA;SRPRB;DEGS1;DEGS2;STT3B;DHCR7;RNF183;RNF186;CNIH4;GPSM1;MOXD1;SRXN1;ADPGK;ATP2A3;ATP2A2;SEC61A1;SDR16C5;CYP26B1;GRM6;CYP4V2;CYP2R1;SLC37A3;CERS3;CERS4;SLC36A2;CYP4A11;CYP3A43;RHBDF2;VPS13A;PLAUR;PLA2G4A;DDOST;TRDN;FREY1;CYP26C1;DAD1;NOS1AP;CASQ2;TMBIM6;CASQ1;SEC22B;UGT2B7;CERS2;AGPAT5;PON3;MRLN;PPM1L;SFTPA2;HM13;GOSR2;PON1;HSD17B12;SRI;HMGCR;AGPAT1;CYP3A4;LTC4S;CYP3A5;AGPAT4;PLN;AWAT1;AWAT2;MLANA;BNIP1;UGT1A4;UGT1A9;SEC11A;LRRC8E;UGT1A6;GALNT2;RNF26;HSD3B1;PLA2G2A;B3GAT1;CYP4B1;SGPP2;TM6SF2;DNAJA1;CD4;GLB1;SCD;ATP13A4;POMK;BAX;SFTPA1;FOLR1;LPIN2;MYORG	Normal_only	GO_Cellular_Component_2023
GO_Cellular_Component_2023	Endocytic Vesicle Membrane (GO:0030666)	88/159	8.35659679539189e-05	0.0020752215375223	0	0	1.846479049980647	17.33820599713748	CHRM2;FCGR1BP;CSF3R;TFRC;HFE;CLTC;SNAP23;CD3G;AREG;CD3D;SLC2A8;PIP4P2;STAB1;RAC2;CD36;AP2M1;HLA-DPA1;ATP6V0E1;WNT5B;ANXA3;SLC11A1;WNT5A;AVPR2;ENTPD7;HLA-B;TAP1;CYBA;HLA-F;F3;ATG12;EREG;HLA-E;DNM2;BTC;VAMP8;SMO;GPR161;PICK1;ROR2;CLEC4E;SEC22B;CFTR;HLA-DQB2;VAMP2;CAMK2B;TYRP1;TGFA;ADRB2;LRP2;TGOLN2;WNT6;CACNG8;ATP6V0A4;APOE;APOB;WNT1;FCGR1A;HLA-DQA2;KIAA0319;GRIA3;HLA-DQA1;WNT3;CACNG4;ATP6V0A1;WNT4;CD74;HLA-DRB5;FZD2;WNT3A;EGF;NOS3;WNT7B;WNT7A;AP2B1;SYT9;IGF2R;GNAO1;MARCO;CD4;EPGN;CD207;MDM2;NOSTRIN;HLA-DRA;CD9;CALR;IL7R;HLA-DRB1	Normal_only	GO_Cellular_Component_2023
GO_Cellular_Component_2023	Adherens Junction (GO:0005912)	83/150	0.00013233290427451243	0.0031133056953003	0	0	1.8450037247921416	16.47623345924558	PCDHGB4;CTNND2;SNAP23;PTPRM;LDB3;PARK7;PVR;CDH8;CDH7;RND1;CDH5;CDH4;BAIAP2L1;CDH3;POF1B;CDH1;TRIM29;FLOT1;PGM5;DSP;CXADR;ANXA2;SHROOM2;SCRIB;FRMD4B;SHROOM1;AJAP1;PARD3B;CEACAM1;PARD3;CDH10;CDH11;PKP2;CDH12;CDHR3;PKP1;CDH13;PKP3;CDH15;EZR;TLN1;JCAD;VCL;LLGL2;CRB1;LIN7B;DLL1;PRICKLE4;CNN3;CYTH3;IGSF21;SDCBP;ARVCF;PDLIM3;CCDC85C;SH3BP1;CCDC85B;CDH22;CTNNA3;CDH26;CTNNA2;PDLIM7;PAK4;MPP3;JAG1;JUP;MSN;SORBS1;BAIAP2;WTIP;ALOX15B;PLEKHA7;CAMSAP3;DLG2;KRT18;DLG3;TRPV4;ZYX;FAT2;ESAM;NF2;NECTIN4;NECTIN1	Normal_only	GO_Cellular_Component_2023
GO_Cellular_Component_2023	Endoplasmic Reticulum Lumen (GO:0005788)	145/284	0.00014022935676151672	0.0031341261236198	0	0	1.5563100581213491	13.80794267517628	ERO1A;CSF1;TNC;TXNDC12;LGALS1;LIPC;STS;EVA1A;IL12B;CHGB;PDIA3;WNT5B;IGFBP4;COL23A1;WNT5A;P3H2;SHISA5;P3H1;ADAM10;PDIA5;MINPP1;SELENOM;COL4A2;IL23A;COL4A4;COL4A3;MXRA8;COL4A6;COL4A5;PPIB;SLC27A2;COL17A1;PDGFB;PROZ;CFP;TGOLN2;WNT6;ARSL;STC2;PENK;ARSH;SERPINH1;ARSF;IGFBP7;APOE;APOB;WNT1;ARSB;WNT3;TXNDC5;WNT4;CRTAP;TOR1A;HSPA5;WNT3A;AMBN;FUCA2;TMEM132A;FN1;TOR1B;COL1A1;BMP4;IL6;COL1A2;PROC;COL5A1;P4HA1;P4HA2;P4HA3;COL5A2;CALU;COL9A1;HRC;COL20A1;HYOU1;CALR;COL18A1;COLGALT2;CTSZ;MSLN;ADAMTSL1;MYDGF;SHH;COL10A1;QSOX1;TIMP1;COLGALT1;CTSC;SGCG;ADAMTS7;AHSG;ANO8;GPX8;PLAUR;GPX7;F3;APOA5;CKAP4;SUMF1;GIP;TRDN;CCNA2;F7;F8;COL2A1;ENAM;COL6A2;CANX;COL6A1;MZB1;AMTN;CASQ2;COL21A1;FAM20C;VWA1;COL6A3;CASQ1;GAS6;MFGE8;MATN3;TOR4A;COL11A1;AFP;TSPAN33;FSTL3;GANAB;BGLAP;GPC3;MAPK1;APOL1;UGGT1;COL26A1;ERAP2;GOLM1;WNT7B;WNT7A;GCG;ERP44;TSPAN15;COL3A1;CYP2W1;TSPAN14;COL7A1;GHRL;NOTUM	Normal_only	GO_Cellular_Component_2023
GO_Cellular_Component_2023	Lamellar Body (GO:0042599)	12/13	0.00014852691761762328	0.0031615015321465	0	0	17.81280298321939	157.0153045026147	KRTDAP;SFTPB;NAPSA;SFTPA2;ABCA3;SFTPC;SPINK5;KLK5;CTSH;SFTPA1;CKAP4;KLK7	Normal_only	GO_Cellular_Component_2023
GO_Cellular_Component_2023	MHC Protein Complex (GO:0042611)	17/21	0.0001709091627675467	0.0034725634435042	0	0	6.31103855721393	54.74433625505037	CD74;HLA-DRB5;HFE;HLA-B;HLA-F;HLA-E;GNAO1;HLA-DMA;HLA-DMB;HLA-DRA;HLA-DOA;HLA-DOB;HLA-DQA2;HLA-DQA1;HLA-DQB2;HLA-DRB1;HLA-DPA1	Normal_only	GO_Cellular_Component_2023
GO_Cellular_Component_2023	Secretory Granule Membrane (GO:0030667)	142/279	0.00019627376755031964	0.0038145380041301	0	0	1.5460361228564443	13.196964499457955	RAB3A;HFE;RAB3D;ITGA2B;TMEM95;CLU;RAB44;ANPEP;CLEC5A;LAMP2;C3AR1;TBC1D10C;CHRNB4;TICAM2;CD93;CD300A;SLC30A2;SLC11A1;HLA-B;ADAM10;MCEMP1;CYBA;CLEC4D;RAB31;TYROBP;RAB37;CD109;PKP1;ADAM8;DSC1;SLC27A2;TMED10;BRI3;C5AR1;FPR1;MGST1;UBR4;ITPR2;ITPR3;FPR2;GPR84;IQGAP2;PLD1;ADGRG3;CYB5R1;SYNGR1;ALDH3B1;PSAP;MLEC;NCKAP1L;CD14;ATP6V0A1;TMEM184A;MGAM;SIGLEC14;ABCA3;CCDC136;SURF4;NBEAL2;RAB27B;DNAJC13;IGF2R;BST2;SELP;BST1;DIAPH1;PTPRB;SYCN;DEGS1;PAM;PIGR;MOXD1;SIGLEC9;B4GALT1;ITGAM;MS4A3;ITGB2;SNAP23;ICA1;LPCAT1;PTPRJ;SLC2A3;ITGAL;FCAR;FCGR3B;ADGRE5;STBD1;CA4;ITGAX;OLR1;TMED2;CD36;ACP3;SLC18A2;SGCG;CD53;DSP;ABCC4;MANBA;FCER1G;MME;IZUMO1;NFAM1;PLAUR;TMC6;CKAP4;DDOST;CEACAM3;VAMP8;CEACAM1;CEACAM6;PECAM1;EXOC3;VAMP1;DSG1;VAMP2;SERPINB10;CD63;SERPINB12;CLEC12A;PTAFR;SRI;CXCR1;RAB26;CXCR2;CD59;CD55;LAIR1;SNCA;LILRB2;LILRB3;SVIP;TSPAN14;FCGR2A;FABP5;STING1;P2RX1;SLCO4C1;CD9;CD68;SIGLEC5;VPS35L	Normal_only	GO_Cellular_Component_2023
GO_Cellular_Component_2023	Axon (GO:0030424)	108/205	0.0002072632937953755	0.0038602788469388	0	0	1.6592478078679416	14.072944499839473	RAB3A;CPNE6;SYAP1;PARK7;SLC8A2;SCN11A;TUBB3;HMCN2;SACS;NRCAM;DIP2B;EPHB2;VSTM5;EPHA5;EPHA4;SEMA6A;DSCAM;CPT1C;SRCIN1;UHMK1;SHTN1;SLC5A7;BIN1;MAP1B;SCN8A;MAP1A;RIN3;SLC1A1;IGSF9;FXR1;BAG2;MAP7;SLC38A7;MAP6;DRD2;PRPH;SYT5;L1CAM;SYT8;SYT7;TH;PTK7;PPT1;CNTN1;NF1;CNTN2;CNTN4;SCN2A;CD200;RET;ROBO4;KCNC1;KCNC2;KCNC3;KCNC4;DOCK7;MYPN;SLC6A3;GRM3;UNC80;GRM2;PCLO;GRM7;LRRTM1;BOC;KIF13B;TMEM108;NEFL;NEFM;KIF1A;NEFH;SLC18A2;MME;INSRR;COBL;CCSAP;PRSS12;CLDN11;TNFRSF25;MAPT;DSCAML1;HCN4;HCN3;KCNA2;IGHMBP2;KCNA4;LRP2;ADCY8;ATOH7;MAPK8;CTNNA2;NCDN;SNCA;NTRK2;KCNB1;STAT1;NTRK3;DAB2IP;ATP2B3;SEPTIN4;SLC8A3;NELL2;GARS1;SYT11;GHRL;VIM;ADGRL3;ZPR1	Normal_only	GO_Cellular_Component_2023
GO_Cellular_Component_2023	Sarcolemma (GO:0042383)	34/52	0.0002204159621911852	0.0039410374039783	0	0	2.8075532843076156	23.639581975804862	RYR1;POPDC2;RYR2;TRIM72;POPDC3;DYSF;SLC2A1;AQP4;ALOX12;SLC2A4;RYR3;AQP1;SLC8A2;SGCD;PGM5;NOS1;CACNG1;FLNC;BVES;SGCG;MLIP;CCDC78;CAV3;AHNAK2;ANK3;SGCZ;SLC8A3;DES;NOS1AP;FXYD1;SSPN;SYNC;PDE9A;VCL	Normal_only	GO_Cellular_Component_2023
GO_Cellular_Component_2023	Clathrin-Coated Vesicle Membrane (GO:0030665)	53/90	0.0002718025332238755	0.0046729127827335	0	0	2.1307521914718315	17.494401806912464	CHRM2;FCGR1BP;RAB3A;TFRC;DENND1A;CLTC;CLTB;CD3G;AREG;CD3D;SLC2A8;AP2M1;SLC18A2;HLA-DPA1;AVPR2;WNT5A;F3;EREG;BTC;EPN3;VAMP8;ENTHD1;ROR2;CFTR;HLA-DQB2;VAMP2;TYRP1;TGFA;LRP2;TGOLN2;SLC17A7;APOE;APOB;FCGR1A;HLA-DQA2;KIAA0319;HLA-DQA1;CD74;HSPA8;HLA-DRB5;FZD2;EGF;AP2B1;SYT9;IGF2R;GNAO1;CD4;EPGN;CD207;CD9;HLA-DRA;IL7R;HLA-DRB1	Normal_only	GO_Cellular_Component_2023
GO_Cellular_Component_2023	MHC Class II Protein Complex (GO:0042613)	13/15	0.0003018919110018988	0.0049979883043647	0	0	9.648993038289408	78.20934875285542	CD74;HLA-DRB5;GNAO1;HLA-DMA;HLA-DMB;HLA-DRA;HLA-DOA;HLA-DOB;HLA-DQA2;HLA-DQA1;HLA-DQB2;HLA-DRB1;HLA-DPA1	Normal_only	GO_Cellular_Component_2023
GO_Cellular_Component_2023	Actin Cytoskeleton (GO:0015629)	162/327	0.0003950754821991453	0.0063070978765363	0	0	1.464706085554724	11.478072154547435	NPFFR2;WIPF1;IFIT5;IPP;FAM107A;PKD2L1;ATP12A;ABRA;ACTB;ACTG1;BAIAP2L1;POF1B;CDH1;CFL2;CFL1;CAPN2;COTL1;MYOZ3;MYOZ1;MYOZ2;PLS1;TMOD1;TPM4;ACTN2;TPM3;ACTN1;TPM2;MYO7B;MYO7A;SRCIN1;CLDN5;BIN2;BIN1;MYL2;SPECC1L;FSCN1;MYADM;ADAM8;AMPH;FSCN3;TAGLN3;TLN2;EZR;LLGL2;CD274;NOTCH3;TMEM63B;TWF2;IQGAP2;CORO1A;CNN3;CORO1C;CNN2;SPTA1;ARHGAP21;CNN1;SCIN;ABL2;LPXN;GAS2L1;GAS2L2;MARK2;SPTBN2;FYB1;AUTS2;ANKRD23;MICAL2;PARVA;NEB;PARVB;H1-0;CORO2B;AIF1L;ARHGAP33;VIL1;ANLN;ARHGAP32;DIAPH1;DIAPH2;DIAPH3;BPIFB4;PARVG;ARPC3;GJB6;MYO5B;TRPV4;MYO5C;CLIC5;LAD1;ONECUT2;WDR1;ARPC1B;LMOD1;SLC2A1;FMN2;LSP1;TRIOBP;LIMD2;LMOD2;RND1;LASP1;PSTPIP1;SH3PXD2A;RAC2;FLOT1;SPTAN1;ACTR3;DENND2A;SHROOM2;COBL;MYRIP;SHROOM1;SPTB;MTSS1;FGR;HCK;ACTA1;PEAK3;CDC42EP3;GAS2;ANG;LCP1;DBN1;RHOQ;DDR2;GCOM1;SYNPO2;WAS;PDXP;ADCY8;NOL3;AIF1;BARX2;NTN1;LIMA1;NEURL1B;ABLIM1;ABLIM2;ABLIM3;FLNA;RGS22;WASF1;MISP;CORIN;PDLIM7;SNCA;DMTN;GSN;NPM3;BAIAP2;ACTL8;EFR3B;MYO19;MARCKS;MYO1B;ACTC1;USH1G;MYO1A;ZYX;ACKR2;FOXA3;MYO1G	Normal_only	GO_Cellular_Component_2023
GO_Cellular_Component_2023	Specific Granule (GO:0042581)	84/159	0.0008860774107002727	0.0136578138821731	0	0	1.6671466198419669	11.717883850182028	ITGAM;MS4A3;CRISP3;CTSZ;ITGB2;SNAP23;CXCL1;PTPRJ;SLC2A3;ITGAL;CLU;FCAR;RAB44;CLEC5A;C3AR1;TIMP2;OLR1;QSOX1;CD36;SPTAN1;CAMP;PITX3;CD53;CHRNB4;CD93;ANXA3;ARG1;PLAUR;ADAM10;CYBA;MCEMP1;TMC6;OLFM4;MMP8;CKAP4;CHIT1;CEACAM3;VAMP8;CEACAM1;CLEC4D;SLPI;RAB37;CHI3L1;VAMP1;ADAM8;SLC27A2;KPNB1;VCL;LTF;PDXK;CANT1;CLEC12A;STXBP2;UBR4;FPR2;GPR84;RETN;CFP;PLD1;ADGRG3;CNN2;CRACR2A;ALDH3B1;MLEC;CD59;ELANE;LAIR1;AOC1;JUP;RAB27A;LYZ;BST1;ERP44;PTPRB;TSPAN14;LRG1;TCN1;TOLLIP;P2RX1;SLCO4C1;LCN2;DEGS1;PTPN6;FRK	Normal_only	GO_Cellular_Component_2023
GO_Cellular_Component_2023	Dense Core Granule (GO:0031045)	13/16	0.001012134116325	0.0150807983332434	0	0	6.432123321730482	44.35395542471121	CHGA;SYT5;MYRIP;PDYN;SYT9;SLC6A2;SYT8;BAIAP3;CRHBP;SLC6A9;NPY;SPX;KIF1A	Normal_only	GO_Cellular_Component_2023
GO_Cellular_Component_2023	Vesicle (GO:0031982)	118/235	0.0012284272637883	0.01771312861011	0	0	1.502339957561018	10.068713306355765	RAB3B;RAB3C;RAB3A;TFRC;AQP8;ITSN1;ABCA13;ACTB;EPS8;BAIAP2L2;BASP1;PEG10;CFL1;SYBU;SLC34A3;SLC34A2;ARRDC1;SLC34A1;SLC6A14;STX7;MYO7B;MYO7A;GBGT1;BIN1;RAB34;RIN3;EZR;VCL;CETP;GPM6A;CEND1;SLC5A1;PRKCZ;FBLN2;ABO;SLC5A5;CORO1C;SDCBP;ALDH3B1;PLCG2;TSPAN4;APOE;KCNN4;PROM1;TSPAN1;MUC16;RAB39B;MSN;SLC4A11;WDR54;BMP5;GIPC1;MYO5B;MYO5C;CALM3;SLC26A6;CLTC;ITGB2;HEXD;ECE1;SLC2A4;C8B;CYB561D2;LFNG;ACP3;NOS1;SPTAN1;SERPINB3;PACRG;PLA2G4F;ANXA2;AP3B2;F3;VAMP8;GPRC5A;TUBB2A;DNAJC6;COL6A2;COL6A3;ARHGEF2;MFGE8;GPRC5C;GAPDH;VAMP2;DDR2;SLC24A4;NRXN1;TYRP1;ATP1A2;GLT6D1;PRELP;NOD2;NOL3;GNAI2;CST2;CST1;RAB29;HAS2;CD59;MGAT1;EPS8L2;MUC4;DYNC1I1;SLC12A2;NOS2;NOS3;ATP2B3;MYO19;MYO1B;MYO1A;SYT11;CD9;LGR6;SLC28A2;CAPS;HSPA1B;HSPA1A;MYO1G	Normal_only	GO_Cellular_Component_2023
GO_Cellular_Component_2023	Connexin Complex (GO:0005922)	14/18	0.0013833751756763	0.0193240219852296	0	0	5.195387293298521	34.20242422475562	GJB2;GJC3;GJD4;GJB1;GJD3;GJA3;GJB4;GJB3;GJA5;GJB6;GJA4;GJB5;GJB7;GJA9	Normal_only	GO_Cellular_Component_2023
GO_Cellular_Component_2023	NMDA Selective Glutamate Receptor Complex (GO:0017146)	7/7	0.0017191706174471	0.0232869474545111	0	0	83601.0	532196.7180951681	GRIN2A;GRIN3B;GRIN3A;PTK2B;GRIN2C;GRIN2B;GRIN2D	Normal_only	GO_Cellular_Component_2023
GO_Cellular_Component_2023	Exocytic Vesicle Membrane (GO:0099501)	32/53	0.0024435882408573	0.0321259983430364	0	0	2.263782821539831	13.615041245661049	RAB3B;CLTB;DYSF;ICA1;TMEM163;RPH3A;SYNPR;SYNGR1;SV2C;SYNGR2;SV2B;RAB26;OTOF;SLC17A7;SLC18A2;GABRA2;SYT5;UNC13C;FER1L5;UNC13A;MYOF;SYP;SYN3;SYNGR3;SYN2;SYNGR4;SYT8;SYN1;VAMP1;MCTP2;PHAF1;VAMP2	Normal_only	GO_Cellular_Component_2023
GO_Cellular_Component_2023	Desmosome (GO:0030057)	13/17	0.0027095601047516	0.0346049533378287	0	0	4.8236884634510195	28.512672877782112	DSP;CDSN;JUP;KAZN;PKP2;DSG1;PKP1;DSG2;DSG3;DSG4;DSC1;DSC2;JAM3	Normal_only	GO_Cellular_Component_2023
GO_Cellular_Component_2023	Tertiary Granule (GO:0070820)	83/162	0.0029949241951349	0.037186975422926	0	0	1.5631689065411956	9.08331871614904	ITGAM;CRISP3;ITGB2;SNAP23;HBB;CXCL1;SLC2A3;CLU;FCAR;FTH1;STBD1;CLEC5A;LAMP2;TBC1D10C;ITGAX;TIMP2;CTSH;OLR1;QSOX1;PRSS3;SPTAN1;CAMP;PITX3;CD53;DSP;CHRNB4;FCER1G;CD93;CD300A;SLC11A1;STX7;CYBA;MCEMP1;TMC6;OLFM4;MMP8;MMP9;CHIT1;VAMP8;FLG2;CEACAM1;CLEC4D;PKP1;DSG1;VAMP1;ADAM8;ALDOC;DSC1;LTF;SERPINB10;SERPINB12;CANT1;CLEC12A;STXBP2;PTAFR;FPR1;UBR4;FPR2;GPR84;CFP;PLD1;CNN2;NCKAP1L;CD59;CD55;LAIR1;ATP6V0A1;MGAM;SIGLEC14;IDH1;NBEAL2;PPBP;LILRB2;LYZ;SVIP;DIAPH1;PTPRB;TSPAN14;LRG1;TCN1;PTPN6;SIGLEC5;VPS35L	Normal_only	GO_Cellular_Component_2023
GO_Cellular_Component_2023	Synaptic Vesicle Membrane (GO:0030672)	32/54	0.0037009999765714	0.0428771013977948	0	0	2.1607023506088927	12.0981013889016	RAB3B;CLTB;DYSF;ICA1;TMEM163;RPH3A;SYNPR;SYNGR1;SV2C;SYNGR2;SV2B;RAB26;OTOF;SLC17A7;SLC18A2;GABRA2;SYT5;UNC13C;FER1L5;UNC13A;MYOF;SYP;SYN3;SYNGR3;SYN2;SYNGR4;SYT8;SYN1;VAMP1;MCTP2;PHAF1;VAMP2	Normal_only	GO_Cellular_Component_2023
GO_Cellular_Component_2023	Brush Border Membrane (GO:0031526)	25/40	0.0037191641569198	0.0428771013977948	0	0	2.4750996015936253	13.84634160108022	B4GALT1;AQP8;ITLN1;SLC3A1;LRP2;SLC5A1;PLB1;AQP1;LIMA1;CA4;GNA12;ATP6V0A4;CD36;SLC34A3;SLC34A2;SLC34A1;ACE2;SLC9A3;SLC7A9;CDHR5;SLC26A4;SLC28A2;SLC28A1;SLC26A6;SLC28A3	Normal_only	GO_Cellular_Component_2023
GO_Cellular_Component_2023	Golgi Lumen (GO:0005796)	54/100	0.0037409551555123	0.0428771013977948	0	0	1.7451010218993963	9.752347524901584	ERO1A;PODXL2;PROS1;DEFB1;PCSK6;MUC13;SDF4;MUC15;MUCL1;WNT5B;WNT5A;RHBDF2;BGN;NGF;HSPG2;MUC3A;DCN;BCAN;F7;MMP11;F8;MMP14;DEFB4A;GAS6;DEFB103A;SDC3;PDGFB;PROZ;PRELP;WNT6;BGLAP;GPC3;MUC7;GPC2;GPC5;CGA;WNT1;MUC4;WNT3;WNT4;TGFB1;DEFA6;MUC16;WNT3A;LUM;WNT7B;MUC19;WNT7A;DEFA1;MUC5B;PROC;SDC1;FMOD;MUC20	Normal_only	GO_Cellular_Component_2023
GO_Cellular_Component_2023	Gap Junction (GO:0005921)	15/21	0.0038380417186791	0.0428901162062392	0	0	3.710830639144491	20.64258274649694	GJB2;GJC3;GJD4;GJB1;GJD3;GJA3;GJB4;GJB3;GJA5;GJB6;GJA4;GJB5;GJB7;GJA9;DSC1	Normal_only	GO_Cellular_Component_2023
GO_Cellular_Component_2023	Cell Projection Membrane (GO:0031253)	56/105	0.004546947655919	0.0483925143379955	0	0	1.6989304908315033	9.16284031432886	B4GALT1;AQP8;HHIP;ANTXR1;PLB1;SYNE2;AQP1;TCTN3;PALM;CA4;TBC1D10C;BBS7;CD36;SLC34A3;SLC34A2;SLC34A1;SYTL1;ACE2;SLC9A3;EVC;SMO;SLC7A8;SLC7A9;GPR161;SCNN1A;FSCN1;FSCN3;CDHR5;PLEKHO1;SHANK3;ABCG2;ITLN1;SLC3A1;SLC5A1;LRP2;LIMA1;ARL13A;GNA12;RHO;ATP6V0A4;DRD1;DRD2;DRD5;SLC38A4;GPR157;EVC2;SLC12A2;DMTN;BBIP1;SLC6A6;TTC8;SLC26A4;SLC28A2;SLC28A1;SLC26A6;SLC28A3	Normal_only	GO_Cellular_Component_2023
GO_Cellular_Component_2023	Actin Filament (GO:0005884)	40/71	0.0044726210764976	0.0483925143379955	0	0	1.9172162380747364	10.371719348059598	WIPF1;LMOD1;TWF2;WAS;AIF1;CORO1A;ACTG1;LMOD2;PSTPIP1;POF1B;COTL1;RAC2;GAS2L1;GAS2L2;MISP;MARK2;PLS1;TMOD1;DMTN;TPM4;ACTN2;TPM3;ACTN1;TPM2;COBL;MICAL2;ACTL8;AIF1L;ACTA1;HCK;DIAPH1;DIAPH2;MYO1B;ACTC1;DIAPH3;GJB6;GAS2;LCP1;EZR;RHOQ	Normal_only	GO_Cellular_Component_2023
GO_Cellular_Component_2023	Lumenal Side Of Endoplasmic Reticulum Membrane (GO:0098553)	18/27	0.0050247981810868	0.0514226546437412	0	0	2.96902599825849	15.716153115182127	CD74;HLA-DRB5;HFE;HM13;SPPL2A;HLA-B;HLA-F;SPPL3;HLA-E;GNAO1;CANX;HLA-DRA;CALR;HLA-DQA2;HLA-DQA1;HLA-DQB2;HLA-DRB1;HLA-DPA1	Normal_only	GO_Cellular_Component_2023
GO_Cellular_Component_2023	Specific Granule Lumen (GO:0035580)	35/61	0.0051162390798632	0.0514226546437412	0	0	1.999765069136797	10.5494319899635	PDXK;CANT1;CRISP3;CTSZ;CXCL1;RETN;CFP;CNN2;CRACR2A;TIMP2;QSOX1;SPTAN1;CAMP;ELANE;PITX3;AOC1;JUP;ARG1;RAB27A;MMP8;OLFM4;LYZ;CHIT1;ERP44;LRG1;SLPI;TCN1;TOLLIP;LCN2;CHI3L1;PTPN6;KPNB1;VCL;FRK;LTF	Normal_only	GO_Cellular_Component_2023
GO_Cellular_Component_2023	Plasma Membrane Raft (GO:0044853)	45/82	0.0052141833481776	0.0514226546437412	0	0	1.8073227995844072	9.49996240364815	PLVAP;CHRNA3;ITGAM;ASAH2;IRS1;CHRNA7;ITGB2;TEX101;LRP4;KCNA5;LRP8;ADD2;SMPD2;FLOT1;MAPK1;CD36;BVES;CHRNB2;KCND2;CAV3;CAVIN1;NOS3;CAVIN3;MYOF;CAVIN4;EMP2;SELE;HCK;EHD2;KIF18A;SMO;CD8A;MYL1;PRKAR1A;NOS1AP;FXYD1;CDH13;ORAI1;LCP2;ADTRP;EZR;MS4A1;PLPP2;SKAP1;CD320	Normal_only	GO_Cellular_Component_2023
GO_Cellular_Component_2023	Myofibril (GO:0030016)	19/29	0.0052918168089756	0.0514226546437412	0	0	2.8206892261756655	14.78490673633222	MYBPC3;TMOD1;MYBPC1;LMOD1;TWF2;PDE4DIP;LMOD2;DES;MYL7;OBSCN;SCO1;MYL1;MYL2;TNNT2;CAPN3;TNNI3;MYL9;MYH6;MYH7	Normal_only	GO_Cellular_Component_2023
GO_Cellular_Component_2023	Tertiary Granule Membrane (GO:0070821)	40/72	0.0061933335210627	0.0589025549769157	0	0	1.8571473119620805	9.44226028546908	ITGAM;CLEC12A;ITGB2;SNAP23;PTAFR;UBR4;SLC2A3;FPR2;GPR84;PLD1;CLU;FCAR;STBD1;CLEC5A;ITGAX;OLR1;CD59;LAIR1;CD53;CHRNB4;MGAM;FCER1G;SIGLEC14;CD93;CD300A;SLC11A1;CYBA;MCEMP1;NBEAL2;TMC6;LILRB2;SVIP;VAMP8;CEACAM1;PTPRB;TSPAN14;CLEC4D;VAMP1;ADAM8;SIGLEC5	Normal_only	GO_Cellular_Component_2023
GO_Cellular_Component_2023	Membrane Raft (GO:0045121)	84/169	0.0079747197935617	0.0737405490578112	0	0	1.4697722460362548	7.101173398362265	ITGAM;ITGB2;CBLC;CBLB;FAIM2;TNF;SLC6A3;SLC6A4;SHH;CAPN2;FLOT1;CD36;NOS1;CHRNB2;CXADR;ANXA2;KCND2;MME;NFAM1;EMP2;GAB2;LAX1;TGFBR1;CLIP3;LAT2;ACE2;ZAP70;PLSCR1;CD8A;MYL1;PRKAR1A;LCK;KCNQ1;MALL;BTK;MYADM;MAL;ORAI1;CD48;LCP2;MAPT;EZR;MS4A1;SKAP1;ABCG2;CHRNA3;ASAH2;CHRNA7;TEX101;ATP1A4;ITLN1;LRP4;ADCY2;KCNA5;THY1;ADCY8;NOL3;DLL1;ADD2;LDHB;SDCBP;PGK1;PLCG2;SERPINH1;MAL2;FYN;CD14;NTSR1;CD55;PROM2;EEIG1;CAV3;CAVIN1;RFTN1;ERLIN1;ARID3A;SORBS1;GP6;SELE;CD4;PPT1;TPP1;CD24;TDGF1	Normal_only	GO_Cellular_Component_2023
GO_Cellular_Component_2023	Pigment Granule (GO:0048770)	16/24	0.0081031322001902	0.0737405490578112	0	0	2.9685362517099865	14.294999977359392	MREG;TYRP1;SYTL1;RAB27A;RAB27B;TYR;SYTL2;GCHFR;RAB32;GPR143;DCT;MLANA;TMEM33;RAB29;RAB38;RAB17	Normal_only	GO_Cellular_Component_2023
GO_Cellular_Component_2023	Acetylcholine-Gated Channel Complex (GO:0005892)	10/13	0.0082483835635135	0.0737405490578112	0	0	4.945942587299615	23.729336842949447	CHRNB2;CHRND;CHRNA3;CHRNB4;CHRNA2;CHRNA5;CHRNA4;CHRNA7;CHRNE;STXBP5	Normal_only	GO_Cellular_Component_2023
GO_Cellular_Component_2023	Outer Dynein Arm (GO:0036157)	7/8	0.0089079701514222	0.0751294841072779	0	0	10.384347826086955	49.02252143407082	ODAD1;DNAI2;DNAH17;DNAH8;DNAH5;NME8;DNAL1	Normal_only	GO_Cellular_Component_2023
GO_Cellular_Component_2023	Chylomicron (GO:0042627)	7/8	0.0089079701514222	0.0751294841072779	0	0	10.384347826086955	49.02252143407082	APOC2;APOH;APOC1;APOC3;APOE;APOB;APOA5	Normal_only	GO_Cellular_Component_2023
GO_Cellular_Component_2023	Catenin Complex (GO:0016342)	18/28	0.0088082055986817	0.0751294841072779	0	0	2.6718994899863167	12.643619527806337	JUP;PCDHGB4;CDH8;CDH7;CDH5;CDH4;CDH3;CDH1;CDH10;CDH22;CDH11;CDH23;CDH12;CDHR3;CDH13;CDH26;CTNNA2;CDH15	Normal_only	GO_Cellular_Component_2023
GO_Cellular_Component_2023	Cortical Cytoskeleton (GO:0030863)	35/63	0.0100702247886161	0.0833590829724339	0	0	1.856613064073797	8.537026670021149	WDR1;GYPC;EPB41;SLC2A1;SLC4A1;CORO1A;SPTA1;LASP1;RIMS4;PCLO;RIMS3;CDH1;CAPN2;COTL1;FLOT1;ERC2;SPTAN1;MISP;SPTBN2;GSN;ACTN2;SHROOM2;MYRIP;SHROOM1;SPTB;SELE;CLDN5;MYO1A;TRPV4;MYADM;EZR;MAPRE1;DBN1;GCOM1;LLGL2	Normal_only	GO_Cellular_Component_2023
GO_Cellular_Component_2023	Endocytic Vesicle (GO:0030139)	95/196	0.0119287737546183	0.0969483976057166	0	0	1.3989594136504833	6.19571401806919	CSF3;CSF3R;CLTC;CLTB;DYSF;HBB;RAB43;CTSL;STAB1;CTLA4;CD36;AP2M1;HLA-DPA1;RAB8B;PDIA3;SFTPB;WNT5B;SFTPC;SPHK1;SFTPD;STX7;WNT5A;AVPR2;ENTPD7;AVPR1A;HBA1;F3;MTSS1;MPEG1;DNM2;RAB32;ACE2;RAB31;HEATR5A;SMO;GPR161;RAB34;PICK1;RIN3;RAB38;TNFRSF25;RAB7B;HLA-DQB2;CAMK2B;CEMIP;RALA;SFTPA2;LPAR2;PLD4;NOD2;PLD1;CORO1A;DPP4;WNT6;CACNG8;RAB20;RAB23;APOE;SRGAP3;APOB;WNT1;HLA-DQA2;HLA-DQA1;RAB11FIP4;GRIA3;WNT3;CACNG4;WNT4;CD74;HLA-DRB5;WNT3A;NOS3;WNT7B;DAB2IP;WNT7A;AP2B1;IGF2R;GNAO1;EHD2;MARCO;EHD3;SYT11;CD207;RAB13;NOSTRIN;SAA1;MDM2;SCGB3A2;HLA-DRA;CD9;HYOU1;CALR;RAB17;SFTPA1;HLA-DRB1	Normal_only	GO_Cellular_Component_2023
GO_Cellular_Component_2023	Sarcoplasmic Reticulum (GO:0016529)	26/45	0.0131818798545237	0.1052196481245017	0	0	2.031758514702895	8.795304081055699	RYR1;RYR2;MRLN;ATP2A3;ATP2A2;CLEC18B;ITPR2;ITPR3;SRI;RYR3;SYNE2;PLN;SLN;DHRS7C;NOS1;TMEM38B;GSTM2;CCDC78;S100A1;ANK3;TRDN;FKBP1A;NOS1AP;CASQ2;HRC;CASQ1	Normal_only	GO_Cellular_Component_2023
GO_Cellular_Component_2023	Ionotropic Glutamate Receptor Complex (GO:0008328)	20/33	0.0145480947378116	0.1125027041309526	0	0	2.283668801026024	9.66059325824568	GRIK5;GRIN2C;SHISA9;GRIN2B;SHISA8;GRIN1;GRIN2D;SHISA6;CACNG7;CACNG8;GRIN2A;GRIN3B;OLFM2;GRIN3A;VWC2L;VWC2;PTK2B;CACNG4;GRIA3;CNIH4	Normal_only	GO_Cellular_Component_2023
GO_Cellular_Component_2023	Melanosome (GO:0042470)	19/31	0.0145976663078193	0.1125027041309526	0	0	2.35018039313262	9.933962474267814	SLC45A2;MREG;TYRP1;SYTL1;RAB27A;RAB27B;TYR;SYTL2;GCHFR;RAB32;GPR143;DCT;TH;MLANA;TMEM33;RAB29;RAB38;APOE;RAB17	Normal_only	GO_Cellular_Component_2023
GO_Cellular_Component_2023	Actin-Based Cell Projection (GO:0098858)	44/84	0.0163494236696083	0.1228426071507503	0	0	1.6340072382378634	6.721591115347485	RIPOR2;GPM6A;TENM2;ICAM2;TWF2;USH1C;ESPN;IQGAP2;ACTG2;DNALI1;SPN;TUBB3;PROM1;TBC1D10A;JAM3;PROM2;AOC3;GRXCR2;CXADR;TGFB1;ACTN2;CBLIF;STARD10;MYO7B;MSN;UNC5C;MYO7A;ERMN;VIL1;SHTN1;MYO1B;ACTC1;MYO1A;TRPV4;MYO3A;FSCN1;FSCN3;ANKS4B;LCP1;NF2;EZR;ATP6V1B1;SLC27A4;MYO1G	Normal_only	GO_Cellular_Component_2023
GO_Cellular_Component_2023	Azurophil Granule (GO:0042582)	76/155	0.0164889405571476	0.1228426071507503	0	0	1.4300799842664302	5.870571851304486	PIGR;B4GALT1;HFE;RAB3D;HEXB;HEXA;SNAP23;LPCAT1;MPO;PYCARD;RAB44;GM2A;NAPRT;LAMP2;C3AR1;CTSG;PRSS8;ACP3;CTSC;SERPINB3;CCT2;MANBA;ANXA2;ARG1;NFAM1;PRKCD;STX7;RNASE3;OLFM4;RNASE2;UNC13D;CKAP4;DDOST;ARHGAP45;VAMP8;ACLY;TUBB2A;RAB37;CEACAM6;PADI2;VAMP1;FTL;S100A7;CD63;BRI3;STXBP2;FPR1;MGST1;RETN;GNS;SDCBP;SYNGR1;TTR;PSAP;MAPK1;ARSB;ELANE;TXNDC5;CTSA;TRAPPC1;GCA;FUCA1;FUCA2;SURF4;DNAJC13;DEFA1;LYZ;C6ORF120;CPPED1;BST2;FABP5;GLB1;TOLLIP;SLCO4C1;CD68;FRK	Normal_only	GO_Cellular_Component_2023
GO_Cellular_Component_2023	Spectrin-Associated Cytoskeleton (GO:0014731)	6/7	0.0195711206165177	0.1345890910089761	0	0	8.899764004471495	35.00900377590809	SPTA1;DMTN;EPB41;ANK3;RHBG;SPTB	Normal_only	GO_Cellular_Component_2023
GO_Cellular_Component_2023	Cytolytic Granule (GO:0044194)	6/7	0.0195711206165177	0.1345890910089761	0	0	8.899764004471495	35.00900377590809	GNLY;STXBP2;PRF1;GZMB;NKG7;RNF19B	Normal_only	GO_Cellular_Component_2023
GO_Cellular_Component_2023	Cortical Actin Cytoskeleton (GO:0030864)	25/44	0.0194555455939688	0.1345890910089761	0	0	1.9533707276158525	7.695544498113455	WDR1;SLC2A1;CORO1A;SPTA1;LASP1;CDH1;CAPN2;COTL1;FLOT1;MISP;SPTAN1;SPTBN2;GSN;ACTN2;SHROOM2;COBL;MYRIP;SHROOM1;SPTB;CLDN5;MYO1A;TRPV4;MYADM;GCOM1;LLGL2	Normal_only	GO_Cellular_Component_2023
GO_Cellular_Component_2023	Glutamatergic Synapse (GO:0098978)	41/78	0.0186496950429686	0.1345890910089761	0	0	1.645850191508874	6.5536528214185354	SH3GL3;TRIO;CTTNBP2;ARHGAP39;ACTB;PCLO;ADGRA1;SLITRK2;SLITRK1;APOE;NPTX1;DLGAP3;DRD2;LRRC4C;NPTX2;DLGAP2;HRAS;LRRC4B;VPS18;NLGN4X;WNT3A;ACTN1;WNT5A;CADPS;ATP2B3;WNT7A;ATP2B2;SPTB;SRCIN1;SHISA6;BCR;NELL2;TANC1;SLC4A8;ACTBL2;NRG3;IL1RAPL2;IL1RAPL1;NOS1AP;ADGRL3;CBLN1	Normal_only	GO_Cellular_Component_2023
GO_Cellular_Component_2023	HFE-transferrin Receptor Complex (GO:1990712)	6/7	0.0195711206165177	0.1345890910089761	0	0	8.899764004471495	35.00900377590809	TFRC;HJV;TFR2;HFE;BMPR1B;F3	Normal_only	GO_Cellular_Component_2023
GO_Cellular_Component_2023	Cytoskeleton (GO:0005856)	266/599	0.0207236329650156	0.1403555141721513	0	0	1.1903547752604355	4.614387122958575	NPFFR2;WIPF1;IPP;IFIT5;SLC4A1;PKD2L1;ABRA;ACTB;BAIAP2L1;ZC3H12A;MYOZ3;SOX9;MYOZ1;MYOZ2;ACTN2;PRKCE;KRT1;KRT8;MTUS1;MYO7B;MTUS2;ANK3;MYO7A;GABRG3;SHTN1;KATNAL1;BIN1;MYL2;PPP1R42;TAGLN3;TLN2;EZR;EPB42;GYPC;TMEM63B;SHMT2;EPB41;IQGAP2;EVPL;PPL;SKA1;EPB41L3;MAP7;S100A12;HOXC8;FYB1;DTNA;JUP;PLK1;TEX35;PARVA;PARVB;H1-0;ALOX15B;AIF1L;EHD2;ANLN;TPX2;BPIFB4;PARVG;SESTD1;MYO5B;MYO5C;LAD1;CLIC5;ARPC1B;FMN2;KRT20;TRIOBP;LIMD2;EPB41L4B;TUBA1B;EPB41L4A;TUBA1A;NUDCD2;PCLO;BMERB1;NEFM;PLEKHN1;NEFH;SPTAN1;DENND2A;MTSS1;SYN1;ITPKB;MMP14;TUBB2B;TUBB2A;CDC42EP3;ITPKA;KRT36;CDC42EP2;ALDOC;ARHGEF2;MAPT;DBN1;DDR2;KANK1;SYNPO2;WAS;ADCY8;NOL3;NEURL1B;TUBA3E;LIMA1;CXCR2;FLNA;RHBG;CORIN;MPZL2;LRRC25;DMTN;GSN;SEPTIN1;SEPTIN5;SEPTIN3;SEPTIN4;KLHL4;NPM3;TUBB4A;CENPE;KRT17;KRT16;ZYX;EPPK1;FOXA3;RIPOR2;FAM107A;ATP12A;CLU;HOXA13;ACTG1;TUBB6;CDH1;TUBB3;BASP1;CFL2;CFL1;TUBB1;TEKT2;SLC30A9;TPM4;SYCE1L;TPM3;TPM2;KRT77;SRCIN1;TUBA4A;MAP7D3;SPECC1L;FSCN1;FSCN3;AMPH;TNIK;S100A9;KANK4;S100A8;VCL;KANK3;CD274;NOTCH3;HMMR;SLC1A6;CORO1C;CNN3;CNN2;SPTA1;ARHGAP21;CNN1;SDCBP;SCIN;KIF3B;SNTG1;ABL1;ABL2;CDH26;MARK1;AUTS2;ANKRD23;PCIF1;TUBB8B;DCDC2;KLHL22;MSN;NEB;TBCA;CORO2B;SELE;ARHGAP33;VIL1;ARHGAP32;KIF18A;ARPC3;NF2;TUBA8;DYRK4;DYRK3;EDA;ONECUT2;MTCL1;TCHH;HSPB1;SEPTIN12;LDB3;LSP1;FOXM1;SYNE2;RND1;NOS1;ACTR3;OVGP1;STPG3;CKAP2L;SHROOM2;NAV1;SPTB;CKAP5;FGR;ACTA1;IFT43;PEAK3;PSRC1;CFAP58;DCX;BIRC5;ANG;ITGB1BP1;LCP1;SAXO1;GAPDH;KRT80;MVP;DDX20;KATNB1;PDXP;NOD2;BARX2;NTN1;ADD2;AURKA;ABLIM1;ABLIM2;ABLIM3;MAPK1;IGF2BP2;RGS22;WASF1;PDLIM7;SNCA;SPAG6;CDC42BPG;BAIAP2;CDC42BPA;KLF4;EFR3B;MYO19;DNAJA1;MARCKS;MYO1B;DES;TEC;USH1G;MYO1A;PTPN7;VIM;MYO1G	Normal_only	GO_Cellular_Component_2023
GO_Cellular_Component_2023	High-Density Lipoprotein Particle (GO:0034364)	12/18	0.0215076199869056	0.1424060885012342	0	0	2.967557489123679	11.393485877052829	CETP;APOC2;APOH;PON1;APOC1;APOC3;HPR;APOE;APOL1;APOA5;CLU;PLA2G7	Normal_only	GO_Cellular_Component_2023
GO_Cellular_Component_2023	Monoatomic Ion Channel Complex (GO:0034702)	21/36	0.0216635660359819	0.1424060885012342	0	0	2.078048780487805	7.963339387197275	CHRNB2;CHRNA3;CHRNB4;CHRNA2;CHRNA5;CHRNA4;CHRNA7;TRPC1;PKD1L3;BEST2;SHISA9;BEST1;UNC80;CHRND;TRPM2;OSTM1;CHRNE;KCNQ1;LRRC8D;STXBP5;LRRC8E	Normal_only	GO_Cellular_Component_2023
GO_Cellular_Component_2023	Coated Vesicle Membrane (GO:0030662)	30/55	0.0225277429003111	0.1459405953107113	0	0	1.7816868070262863	6.757951798568257	TMED10;KDELR1;SAR1B;DENND1A;HFE;GOSR2;TGFA;AREG;TEPSIN;TMED2;CD59;HLA-DQA2;HLA-DQA1;HLA-DPA1;SEC31A;CD74;SEC13;HLA-DRB5;HLA-B;HLA-F;HLA-E;GNAO1;HLA-DRA;KDELR2;KDELR3;SEC22B;FOLR1;HLA-DQB2;CNIH4;HLA-DRB1	Normal_only	GO_Cellular_Component_2023
GO_Cellular_Component_2023	Dendrite Membrane (GO:0032590)	17/28	0.0231018658349019	0.1475219146885879	0	0	2.293577566711895	8.641837639882361	GABRA2;KCNC1;KCNC2;GABRA5;KCNB1;KCNC3;GABRA4;KCNC4;GABRA3;ATP2B2;THY1;FOXM1;SHISA9;GABRG3;SHISA8;SHISA6;LAMP5	Normal_only	GO_Cellular_Component_2023
GO_Cellular_Component_2023	Specific Granule Membrane (GO:0035579)	46/90	0.0240560259637468	0.1514513183914768	0	0	1.5528477888358052	5.788037880660064	ITGAM;MS4A3;CLEC12A;ITGB2;SNAP23;UBR4;PTPRJ;SLC2A3;FPR2;GPR84;ITGAL;PLD1;CLU;FCAR;ADGRG3;RAB44;ALDH3B1;CLEC5A;C3AR1;OLR1;MLEC;CD59;CD36;LAIR1;CD53;CHRNB4;CD93;PLAUR;CYBA;MCEMP1;TMC6;CKAP4;CEACAM3;VAMP8;BST1;CEACAM1;PTPRB;TSPAN14;CLEC4D;RAB37;P2RX1;SLCO4C1;VAMP1;ADAM8;DEGS1;SLC27A2	Normal_only	GO_Cellular_Component_2023
GO_Cellular_Component_2023	Extrinsic Component Of Cytoplasmic Side Of Plasma Membrane (GO:0031234)	40/77	0.025047417734659	0.1550531706605709	0	0	1.6055072160847388	5.919480286504861	BLK;GNAZ;GRAMD1A;SYAP1;GNAI2;GNA15;GNGT2;GNAT2;RACGAP1;RGS1;GNA12;FYN;GNAT1;TGM3;CYTH1;FARP1;GRAMD2A;SRMS;SYK;STAC;OSBPL2;KCNAB1;PTK6;GNG13;FGR;GNAO1;HCK;TIAM1;ZAP70;GNAL;LCK;STAC2;S100A6;GNAS;ESYT3;GNB3;ESYT2;GNB5;FRK;GCOM1	Normal_only	GO_Cellular_Component_2023
GO_Cellular_Component_2023	Voltage-Gated Calcium Channel Complex (GO:0005891)	27/49	0.0253218824568717	0.1550531706605709	0	0	1.821957432355938	6.697672825194824	CATSPER1;CATSPER2;CATSPER4;CACNA1A;CACNA1D;CACNA1F;CACNA1E;CACNA1H;CACNG6;CACNA1I;CACNG7;CACNG8;SCN11A;PDE4B;CACNA1S;SCN3A;CACNA2D1;PDE4D;CACNA2D3;CACNA2D2;CATSPERZ;CACNB4;CATSPERB;CATSPERD;SCN8A;SCN4A;SCN2A	Normal_only	GO_Cellular_Component_2023
GO_Cellular_Component_2023	Microtubule (GO:0005874)	88/185	0.026016337390731	0.1571527407250917	0	0	1.348586597808777	4.921033731291605	NUMA1;KIF14;KIF12;KIF11;KIF17;KIF15;FAM110A;PYCARD;CRHBP;TUBB6;TUBA1B;KIF19;TUBA1A;CAPN6;OPA1;KIF5C;TUBB3;DPYSL2;TUBB1;KIF13B;TCP11L1;KIF21A;KIF21B;KIF1A;SYBU;DYNC2H1;CCT2;PARP4;TRIM63;MAP1S;KIF25;KIF23;KIF22;KIF7;MID1;TUBA4B;KIF6;TUBA4A;DNM2;TUBB2B;PSRC1;TUBB2A;FAM161A;KATNAL1;KIF2A;KIFC2;MAP1B;MAP1A;KIF20A;ARHGEF2;EFHC2;MAPT;KIF20B;MAPRE1;TRIM55;TUBAL3;KATNB1;MEFV;SKA3;TTL;SKA1;SKA2;AURKA;TUBA3E;BAG2;KIF3B;DCDC2C;DCDC2B;MAP6;KIF3C;TPPP;FSD1;CCT5;PLK1;MX1;TUBB8B;ZNF804A;DCDC2;TUBB4A;CENPE;TPPP3;TPPP2;KIF4A;TTLL1;CDK1;MAP6D1;CALM3;TUBA8	Normal_only	GO_Cellular_Component_2023
GO_Cellular_Component_2023	Caveola (GO:0005901)	33/62	0.0264689485409154	0.157754933303856	0	0	1.6895950080792106	6.136242403914682	PLVAP;ASAH2;IRS1;KCNA5;LRP8;SLC6A3;CORO1C;SMPD2;CDH1;FLOT1;MAPK1;CD36;BVES;CAV3;CAVIN1;NOS3;CAVIN3;MYOF;CAVIN4;EMP2;SORBS1;SELE;HCK;EHD2;KIF18A;SMO;MYL1;NOS1AP;FXYD1;CDH13;ADTRP;PLPP2;CD320	Normal_only	GO_Cellular_Component_2023
GO_Cellular_Component_2023	Extracellular Vesicle (GO:1903561)	32/60	0.027646420133797	0.1604928545429516	0	0	1.6968402314196709	6.088702283104294	GPM6A;RAB3A;TFRC;CLTC;ITGB2;HEXD;DEFB1;ATP1A2;PRELP;C8B;NOL3;FBLN2;GNAI2;SLC5A5;LFNG;SDCBP;PEG10;HAS2;MGAT1;APOE;PROM1;SPTAN1;PROM2;SLC12A2;ARRDC1;ATP2B3;TUBB2A;COL6A2;COL6A3;CD9;MFGE8;VCL	Normal_only	GO_Cellular_Component_2023
GO_Cellular_Component_2023	Ficolin-1-Rich Granule Membrane (GO:0101003)	32/60	0.027646420133797	0.1604928545429516	0	0	1.6968402314196709	6.088702283104294	SERPINB10;SERPINB12;ITGB2;FPR1;UBR4;SLC2A3;FPR2;CLU;FCAR;STBD1;LAMP2;ITGAX;TBC1D10C;NCKAP1L;CD55;ATP6V0A1;DSP;MGAM;FCER1G;SIGLEC14;CD93;CD300A;SLC11A1;NBEAL2;LILRB2;DIAPH1;CLEC4D;DSG1;PKP1;DSC1;SIGLEC5;VPS35L	Normal_only	GO_Cellular_Component_2023
GO_Cellular_Component_2023	Microvillus (GO:0005902)	31/58	0.0288734217546968	0.1654669169788399	0	0	1.704626630118781	6.042618042799894	ICAM2;USH1C;ESPN;SPN;PROM1;TBC1D10A;JAM3;PROM2;SLC38A4;AOC3;GRXCR2;TGFB1;CBLIF;STARD10;MYO7B;SYTL1;MSN;MYO7A;VIL1;SLC6A6;MYO1B;SLC7A8;MYO1A;FSCN1;CDHR5;FSCN3;ANKS4B;EZR;ATP6V1B1;SLC27A4;MYO1G	Normal_only	GO_Cellular_Component_2023
GO_Cellular_Component_2023	Vacuolar Lumen (GO:0005775)	77/161	0.0308952011011491	0.1715387394374243	0	0	1.362249373433584	4.736751418137927	CSF3;HEXB;HEXA;CTSV;IFI30;MPO;PYCARD;GM2A;CTSL;HYAL1;CTSK;NAPRT;LAMP2;CTSG;PRSS8;GYG1;CTSC;CHID1;SERPINB3;CCT2;MANBA;ANXA2;ARG1;PRKCD;BGN;RNASE3;RNASE2;HSPG2;UNC13D;DCN;ARHGAP45;ACLY;BCAN;TUBB2A;PADI2;FTL;S100A7;SERPINB13;SDC3;PRELP;RETN;GNS;SDCBP;NEU4;TTR;PSAP;GPC3;GPC2;MAPK1;GPC5;APOB;ARSB;ELANE;TXNDC5;CTSA;HSPA8;CD74;TRAPPC1;GCA;CBLIF;LUM;FUCA1;FUCA2;DEFA1;LYZ;C6ORF120;CPPED1;FABP5;MAN2B2;GLB1;TOLLIP;PPT1;SDC1;TPP1;PPT2;FMOD;FRK	Normal_only	GO_Cellular_Component_2023
GO_Cellular_Component_2023	Intracellular Vesicle (GO:0097708)	8/11	0.0306005345484789	0.1715387394374243	0	0	3.955770903217791	13.792735941420723	AQP8;ITSN1;TYRP1;PLCG2;RAB29;SLC5A1;ABCA13;AP3B2	Normal_only	GO_Cellular_Component_2023
GO_Cellular_Component_2023	Secretory Granule Lumen (GO:0034774)	144/316	0.0310842011061104	0.1715387394374243	0	0	1.2453924804340224	4.322826533312201	FCN1;GMFG;PROS1;EPX;CLU;MPO;PYCARD;ISLR;COTL1;PRSS8;OSTF1;GYG1;PITX3;ACTN2;ACTN1;PRKCD;SERPINF2;RNASE3;RNASE2;OLFM4;UNC13D;ARHGAP45;CHIT1;ACLY;BIN2;SLPI;CRISPLD2;PADI2;S100A9;KPNB1;S100A8;VCL;FTL;S100A7;CFD;PSMD12;PDGFB;CFP;GNS;CNN2;SDCBP;CRACR2A;PRDX4;APOH;S100A12;A2M;ARSB;ELANE;TXNDC5;CTSA;HSPA8;TGFB1;TRAPPC1;JUP;FUCA1;IDH1;FUCA2;HSPA6;FN1;IGF2;RAB27A;IGF1;PPBP;DEFA1;LYZ;C6ORF120;SCCPDH;TCN1;TOLLIP;LCN2;MAGED2;ARHGAP9;LGALS3BP;PCSK1;HEXB;CRISP3;CTSZ;C1ORF35;CTSW;CXCL1;SERPINA4;HK3;GM2A;TMSB4X;NAPRT;TIMP2;CTSH;CTSG;QSOX1;TIMP1;SPTAN1;CAMP;CTSC;SGCG;SERPINB3;CCT2;ANXA2;DYNLT1;VWF;AHSG;ARG1;AMPD3;MMP8;F3;APRT;GIP;PSMA5;FGR;F8;TUBB2A;MMRN1;CHI3L1;ALDOC;GAS6;LTF;TOR4A;ITIH4;PDXK;CANT1;GRP;MVP;PLG;RETN;TTR;ALOX5;MAPK1;AOC1;GSN;GCA;EGF;VEGFC;GCG;VEGFD;CPPED1;POMC;ERP44;LRG1;FABP5;GLB1;GHRL;PTPN6;S100P;FRK;PF4	Normal_only	GO_Cellular_Component_2023
GO_Cellular_Component_2023	Clathrin-Coated Vesicle (GO:0030136)	40/78	0.0317818672657767	0.1732499349731976	0	0	1.5631257262527656	5.391000797465569	CEMIP;TMED10;SFTPA2;DENND1A;CLTC;CLTB;ECE1;SLC2A4;TGOLN2;FCHO1;CLVS2;CTLA4;AP2M1;AP1M2;RAB8B;CLVS1;SFTPB;TMED9;PHETA2;VWF;SGIP1;SFTPC;TNK2;SFTPD;HIP1R;RAB27B;AP2B1;PHETA1;UNC13D;IGF2R;SNAP91;EPN3;DAB2;MYL1;MALL;RAB13;VPS41;SFTPA1;STEAP2;VAMP2	Normal_only	GO_Cellular_Component_2023
GO_Cellular_Component_2023	Chitosome (GO:0045009)	10/15	0.0355596124688048	0.1827028364776524	0	0	2.9670684727227536	9.899756784060552	RAB32;SLC45A2;GPR143;MREG;DCT;TH;TYRP1;RAB27A;RAB38;TYR	Normal_only	GO_Cellular_Component_2023
GO_Cellular_Component_2023	Melanosome Membrane (GO:0033162)	10/15	0.0355596124688048	0.1827028364776524	0	0	2.9670684727227536	9.899756784060552	RAB32;SLC45A2;GPR143;MREG;DCT;TH;TYRP1;RAB27A;RAB38;TYR	Normal_only	GO_Cellular_Component_2023
GO_Cellular_Component_2023	Pigment Granule Membrane (GO:0090741)	10/15	0.0355596124688048	0.1827028364776524	0	0	2.9670684727227536	9.899756784060552	RAB32;SLC45A2;GPR143;MREG;DCT;TH;TYRP1;RAB27A;RAB38;TYR	Normal_only	GO_Cellular_Component_2023
GO_Cellular_Component_2023	Secondary Lysosome (GO:0005767)	10/15	0.0355596124688048	0.1827028364776524	0	0	2.9670684727227536	9.899756784060552	CRHBP;MAP1LC3A;NCF1;NCF2;FTH1;NCF4;LAMP2;PLA2G5;SQSTM1;FTL	Normal_only	GO_Cellular_Component_2023
GO_Cellular_Component_2023	Secretory Vesicle (GO:0099503)	10/15	0.0355596124688048	0.1827028364776524	0	0	2.9670684727227536	9.899756784060552	DYNLT1;RAB3D;SYT10;SYTL1;RAB27A;IGF1;SYTL5;UNC13D;NKD2;SYTL2	Normal_only	GO_Cellular_Component_2023
GO_Cellular_Component_2023	Sarcoplasmic Reticulum Membrane (GO:0033017)	16/27	0.0359795724561292	0.1827598737260201	0	0	2.1583927824445173	7.176232812786969	RYR1;RYR2;MRLN;ATP2A2;ITPR2;RYR3;TRDN;JPH4;JPH3;PLN;SLN;DHRS7C;NOS1AP;CASQ2;CASQ1;TMEM38B	Normal_only	GO_Cellular_Component_2023
GO_Cellular_Component_2023	Endocytic Vesicle Lumen (GO:0071682)	13/21	0.0373260464370102	0.1874690197454335	0	0	2.411036176031825	7.927641012315575	CSF3;HBB;HBA1;MPO;CTSL;GNLY;SAA1;SCGB3A2;HYOU1;APOE;CALR;APOB;LTF	Normal_only	GO_Cellular_Component_2023
GO_Cellular_Component_2023	Extracellular Membrane-Bounded Organelle (GO:0065010)	30/57	0.0395992602577249	0.1966763259467003	0	0	1.649433163074623	5.325928702907467	GPM6A;RAB3A;TFRC;CLTC;ITGB2;HEXD;ATP1A2;PRELP;C8B;NOL3;FBLN2;GNAI2;SLC5A5;LFNG;SDCBP;PEG10;HAS2;MGAT1;APOE;SPTAN1;SLC12A2;ARRDC1;ATP2B3;PHOSPHO1;TUBB2A;COL6A2;COL6A3;CD9;MFGE8;VCL	Normal_only	GO_Cellular_Component_2023
GO_Cellular_Component_2023	Lysosomal Lumen (GO:0043202)	43/86	0.0427001371982448	0.1988225138293276	0	0	1.4849014225106063	4.682715551981649	CSF3;SERPINB13;HEXB;HEXA;SDC3;PRELP;CTSV;IFI30;GNS;NEU4;GM2A;CTSL;HYAL1;CTSK;LAMP2;PSAP;GPC3;GPC2;GPC5;APOB;GYG1;ARSB;CTSB;TXNDC5;CHID1;CTSA;CD74;HSPA8;MANBA;CBLIF;LUM;FUCA1;BGN;HSPG2;DCN;BCAN;GLB1;MAN2B2;PPT1;SDC1;TPP1;PPT2;FMOD	Normal_only	GO_Cellular_Component_2023
GO_Cellular_Component_2023	Membrane Attack Complex (GO:0005579)	5/6	0.0422652714279287	0.1988225138293276	0	0	7.415548931942374	23.461236118818523	C8G;C7;C9;C8B;C8A	Normal_only	GO_Cellular_Component_2023
GO_Cellular_Component_2023	Flotillin Complex (GO:0016600)	5/6	0.0422652714279287	0.1988225138293276	0	0	7.415548931942374	23.461236118818523	CDH1;FLOT1;SORBS1;SLC6A3;CORO1C	Normal_only	GO_Cellular_Component_2023
GO_Cellular_Component_2023	Chloride Channel Complex (GO:0034707)	5/6	0.0422652714279287	0.1988225138293276	0	0	7.415548931942374	23.461236118818523	GLRA3;GLRB;OSTM1;BEST2;BEST1	Normal_only	GO_Cellular_Component_2023
GO_Cellular_Component_2023	G Protein-Coupled Receptor Dimeric Complex (GO:0038037)	5/6	0.0422652714279287	0.1988225138293276	0	0	7.415548931942374	23.461236118818523	GABBR2;RAMP2;RAMP3;GPR156;GRM1	Normal_only	GO_Cellular_Component_2023
GO_Cellular_Component_2023	COPI-coated Vesicle (GO:0030137)	5/6	0.0422652714279287	0.1988225138293276	0	0	7.415548931942374	23.461236118818523	TMED10;KDELR1;TMED2;KDELR2;KDELR3	Normal_only	GO_Cellular_Component_2023
GO_Cellular_Component_2023	Supramolecular Fiber (GO:0099512)	20/36	0.0458217027405636	0.2111577435570303	0	0	1.8550143088216997	5.7190043673632	MYH7B;ODAM;ELN;TNK2;LTBP4;FBLN1;CTPS1;FBLN5;MFAP4;MYH3;ADAMTSL5;MYO18B;MFAP2;MYH13;MYO18A;MYH11;MYH10;MYH6;SNCA;MYH7	Normal_only	GO_Cellular_Component_2023
GO_Cellular_Component_2023	Transport Vesicle Membrane (GO:0030658)	31/60	0.0486879102497672	0.2220764885882239	0	0	1.586799797210789	4.795823950046151	RAB1A;RAB3A;TMED10;SAR1B;HFE;GOSR2;TGFA;AREG;CA4;TMED2;CD59;SLC17A7;HLA-DQA2;SLC18A2;HLA-DQA1;HLA-DPA1;SEC31A;CD74;SEC13;HLA-DRB5;HLA-B;HLA-F;HLA-E;GNAO1;HLA-DRA;SEC22B;FOLR1;HLA-DQB2;VAMP2;CNIH4;HLA-DRB1	Normal_only	GO_Cellular_Component_2023
GO_Cellular_Component_2023	Junctional Sarcoplasmic Reticulum Membrane (GO:0014701)	6/8	0.0515606231083416	0.2328040255497848	0	0	4.449509377717054	13.19278202702918	JPH4;RYR1;RYR2;JPH3;CASQ2;TRDN	Normal_only	GO_Cellular_Component_2023
GO_Cellular_Component_2023	Primary Lysosome (GO:0005766)	7/10	0.0568645429836304	0.2541845071368281	0	0	3.4608695652173913	9.922601258617505	HEXB;HEXA;SNAP23;STX7;STXBP2;OLFM4;MPO	Normal_only	GO_Cellular_Component_2023
GO_Cellular_Component_2023	Very-Low-Density Lipoprotein Particle (GO:0034361)	9/14	0.0609136512038945	0.2568717178126496	0	0	2.6700298210735585	7.471539032652476	APOC2;APOH;APOC1;APOC3;APOE;APOB;APOL1;APOA5;PCYOX1	Normal_only	GO_Cellular_Component_2023
GO_Cellular_Component_2023	Triglyceride-Rich Plasma Lipoprotein Particle (GO:0034385)	9/14	0.0609136512038945	0.2568717178126496	0	0	2.6700298210735585	7.471539032652476	APOC2;APOH;APOC1;APOC3;APOE;APOB;APOL1;APOA5;PCYOX1	Normal_only	GO_Cellular_Component_2023
GO_Cellular_Component_2023	Muscle Myosin Complex (GO:0005859)	9/14	0.0609136512038945	0.2568717178126496	0	0	2.6700298210735585	7.471539032652476	MYH3;MYL1;MYL11;MYH13;MYL6B;MYH11;MYL9;MYH6;MYH7	Normal_only	GO_Cellular_Component_2023
GO_Cellular_Component_2023	Serine-Type Peptidase Complex (GO:1905286)	8/12	0.0596874893274382	0.2568717178126496	0	0	2.966579699341533	8.361698961702027	FCN1;F7;FCN2;THBD;COLEC10;FCN3;CNTN1;PLAUR	Normal_only	GO_Cellular_Component_2023
GO_Cellular_Component_2023	Cytoplasmic Side Of Plasma Membrane (GO:0009898)	59/124	0.0590468844733525	0.2568717178126496	0	0	1.348033162136688	3.814156705780276	SYAP1;PTPN20;PTPN22;RGS2;GM2A;CDH1;RGS1;PALM;PGM5;SAMD12;AP2M1;SAMD10;TGM3;G6PD;PRMT8;GRAMD2A;SYK;KCNAB1;SPTB;FRMD1;AJAP1;FGR;PTP4A1;TIAM1;HCK;ZAP70;CACNB4;LCK;TRAF3;TRAF5;CHMP4C;S100A6;DSG1;EZR;GCOM1;BLK;GRAMD1A;SPTA1;SOCS3;RACGAP1;FYN;FADD;CYTH1;FARP1;SRMS;JUP;STAC;OSBPL2;PTK6;AP2B1;LILRB4;TH;STAC2;ESYT3;ESYT2;PTPN7;C2CD2L;FRK;PTPN3	Normal_only	GO_Cellular_Component_2023
GO_Cellular_Component_2023	Sodium Channel Complex (GO:0034706)	11/18	0.060547393797035	0.2568717178126496	0	0	2.331167217073258	6.537359485843624	SCNN1G;GRIK5;SCN8A;SCNN1B;SCNN1A;SCN4A;SCN2A;SCN3B;SCN4B;SCN2B;TRPM4	Normal_only	GO_Cellular_Component_2023
GO_Cellular_Component_2023	Coated Vesicle (GO:0030135)	39/79	0.0634312428892434	0.2649884632849703	0	0	1.4474214267897232	3.9916969998867944	TMED10;DENND1A;CLTC;CTSZ;TEX261;SLC2A4;IER3IP1;HSPD1;TEPSIN;FCHO1;LMAN2;CLVS2;TMED2;TMED1;CTSC;AP1M2;CLVS1;SEC31A;TMED9;PHETA2;LMAN1L;SGIP1;TNK2;HIP1R;PHETA1;SNAP91;YIF1B;EPN3;F8;DAB2;SEC23IP;MYL1;COL7A1;MALL;VPS41;SLC28A2;ERGIC1;VAMP2;CNIH4	Normal_only	GO_Cellular_Component_2023
GO_Cellular_Component_2023	Synaptic Membrane (GO:0097060)	17/31	0.0719613591284795	0.2978400697262072	0	0	1.8016435678749112	4.741252024965546	PDE2A;HIP1R;LRP4;ATP2B2;SHISA9;TMEM240;GRIN2B;SHISA8;GRIN1;SHISA6;SYDE2;SYDE1;GRIN2A;RIMS4;SRPX2;LRRTM1;SLITRK3	Normal_only	GO_Cellular_Component_2023
GO_Cellular_Component_2023	Tertiary Granule Lumen (GO:1904724)	27/53	0.0753817783122641	0.3091344486750647	0	0	1.541138997988313	3.984136664053396	CANT1;CRISP3;HBB;CXCL1;CFP;CNN2;FTH1;TIMP2;CTSH;QSOX1;PRSS3;SPTAN1;CAMP;PITX3;IDH1;PPBP;MMP8;OLFM4;LYZ;MMP9;CHIT1;FLG2;LRG1;TCN1;ALDOC;PTPN6;LTF	Normal_only	GO_Cellular_Component_2023
GO_Cellular_Component_2023	COPII-coated ER To Golgi Transport Vesicle (GO:0030134)	37/76	0.0848214452604373	0.3446835093765046	0	0	1.4081718779973145	3.474251339891852	TMED10;SAR1B;HFE;GOSR2;CTSZ;TGFA;TEX261;IER3IP1;LMAN2;TMED2;TMED1;CD59;HLA-DQA2;CTSC;HLA-DQA1;HLA-DPA1;SEC31A;CD74;SEC13;TMED9;HLA-DRB5;LMAN1L;HLA-B;HLA-F;HLA-E;YIF1B;GNAO1;F8;SEC23IP;COL7A1;HLA-DRA;SEC22B;FOLR1;ERGIC1;HLA-DQB2;CNIH4;HLA-DRB1	Normal_only	GO_Cellular_Component_2023
GO_Cellular_Component_2023	Neuronal Dense Core Vesicle (GO:0098992)	4/5	0.0892195762449285	0.3498346542235357	0	0	5.931702471128772	14.334877242178647	NPY;VPS13A;KIF1A;PDYN	Normal_only	GO_Cellular_Component_2023
GO_Cellular_Component_2023	PAR Polarity Complex (GO:0120157)	4/5	0.0892195762449285	0.3498346542235357	0	0	5.931702471128772	14.334877242178647	PARD6B;PARD6A;PARD6G;PRKCZ	Normal_only	GO_Cellular_Component_2023
GO_Cellular_Component_2023	Alveolar Lamellar Body (GO:0097208)	4/5	0.0892195762449285	0.3498346542235357	0	0	5.931702471128772	14.334877242178647	SFTPB;NAPSA;SFTPC;CTSH	Normal_only	GO_Cellular_Component_2023
GO_Cellular_Component_2023	Platelet Dense Granule Membrane (GO:0031088)	4/5	0.0892195762449285	0.3498346542235357	0	0	5.931702471128772	14.334877242178647	SELP;CD63;LAMP2;RAB27B	Normal_only	GO_Cellular_Component_2023
GO_Cellular_Component_2023	AMPA Glutamate Receptor Complex (GO:0032281)	11/19	0.0926123309635877	0.35998010383238	0	0	2.039600422570221	4.852888556423686	CACNG7;CACNG8;OLFM2;VWC2;VWC2L;SHISA9;SHISA8;CACNG4;CNIH4;GRIA3;SHISA6	Normal_only	GO_Cellular_Component_2023
GO_Cellular_Component_2023	NADPH Oxidase Complex (GO:0043020)	10/17	0.0959351526676604	0.3696811486417607	0	0	2.118979566475528	4.967063573990128	DUOX1;NCF1;NCF2;NCF4;NOXA1;RAC2;NOXO1;NOX4;DUOX2;NOX1	Normal_only	GO_Cellular_Component_2023
GO_Cellular_Component_2023	Myosin Filament (GO:0032982)	9/15	0.0989447315044085	0.3718765665051619	0	0	2.2248384691848906	5.146482669432945	MYH7B;MYH3;MYO18B;MYH13;MYO18A;MYH11;MYH10;MYH6;MYH7	Normal_only	GO_Cellular_Component_2023
GO_Cellular_Component_2023	Spherical High-Density Lipoprotein Particle (GO:0034366)	5/7	0.0990006966758708	0.3718765665051619	0	0	3.707463984103328	8.573986470999378	APOC2;PON1;APOC3;HPR;CLU	Normal_only	GO_Cellular_Component_2023
GO_Cellular_Component_2023	Voltage-Gated Sodium Channel Complex (GO:0001518)	5/7	0.0990006966758708	0.3718765665051619	0	0	3.707463984103328	8.573986470999378	SCN8A;SCN4A;SCN3B;SCN4B;SCN2B	Normal_only	GO_Cellular_Component_2023
GO_Cellular_Component_2023	Cell-Substrate Junction (GO:0030055)	172/395	0.100222502699981	0.3733288225574295	0	0	1.146435162410321	2.637216499511955	PRAG1;FAM107A;TNC;PVR;ACTB;DCAF6;ICAM1;ACTG1;CFL1;CAPN5;CAPN2;PRSS8;CAPN1;TNS4;TNS3;TGM2;PDGFRB;PDIA3;TPM4;ACTN2;ACTN1;ADAM10;HSPG2;SRCIN1;PROCR;SLC9A5;ADGRB1;TLN2;EZR;PFN1;TLN1;PPIB;VCL;S100A7;EPHA2;COL17A1;GRB7;CD151;FBLIM1;PXN;CD99L2;THY1;HACD3;CORO1C;CNN3;CNN2;DPP4;CNN1;FLRT2;RRAS;TSPAN9;G3BP1;TSPAN4;LPXN;RSU1;CD99;HSPA8;FZD2;JUP;CAV3;HSPA5;MCAM;HMGA1;MSN;PARVA;PARVB;L1CAM;CORO2B;ALOX15B;ARHGAP24;IGF2R;AIF1L;FERMT1;EHD3;DAB2;UBOX5;TMEM98;PARVG;ARPC3;PTK7;TRPV4;ITGA11;CASS4;ITGBL1;HYOU1;CALR;FGFR3;ITGB4;ARPC1B;TGFB1I1;CLTC;ITGB2;SNAP23;DOCK7;FHL2;FHL3;HSPB1;ILK;TRIOBP;SYNE2;SLC6A4;TNFSF13B;MRC2;LASP1;ADGRE5;YWHAQ;ANXA6;RAC2;FLOT1;ITGB8;ITGB7;PGM5;ITGB6;SCARF2;GIT1;YWHAG;ACTR3;KLF11;MME;ANXA5;PLAUR;RRAS2;IL16;KIF23;REXO2;RHOB;DNM2;HCK;MMP14;PEAK3;CDH13;ITGB1BP1;ITGA5;LCP1;ARHGEF2;MAPRE1;ENG;DDR2;RALA;SMPX;SYNPO2;ASAP3;CXCR4;LIMA1;IL1RL1;EFS;NRAP;GNA12;XIRP1;TM4SF20;FLNA;MAPK1;PTK2B;CD59;FLNC;MISP;MPZL1;PDLIM7;PAK4;NPM1;GSN;SORBS1;MARCKS;ACTC1;ZYX;CD9;EPPK1;VIM;HSPA1B;LIMS2;BCAR1;HSPA1A	Normal_only	GO_Cellular_Component_2023
GO_Cellular_Component_2023	Phagocytic Vesicle (GO:0045335)	47/100	0.1025634411464352	0.378891390020302	0	0	1.3163498457117282	2.9976889282005126	NCF1;NCF2;HFE;NCF4;SNAP23;PLD4;PLA2G5;NOD2;MPO;CORO1A;RAB43;PIP4P2;RAB20;GNLY;RAB23;RAC2;ATP6V0A4;SRGAP3;CD36;ATP6V0A1;RAB8B;PDIA3;ATP6V0E1;SYK;ANXA3;SLC11A1;HLA-B;TAP1;CYBA;HLA-F;ATG12;MPEG1;SYT7;HLA-E;RAB32;VAMP8;RAB31;SYT11;RAB34;TLR9;ADAM8;RAB38;CALR;CLEC4E;RAB7B;SEC22B;LTF	Normal_only	GO_Cellular_Component_2023
GO_Cellular_Component_2023	Calcium Channel Complex (GO:0034704)	29/59	0.1049041352948079	0.3843618727604848	0	0	1.4344668659691082	3.234304410533222	RYR1;RYR2;CACNA1A;PKD2L1;CACNA1D;CACNA1F;CACNA1E;RYR3;CACNA1H;CACNG6;CACNA1I;CACNG7;CACNG8;SCN11A;PDE4B;CACNA1S;SCN3A;CACNA2D1;PDE4D;CACNA2D3;CACNA2D2;SMDT1;CACNB4;SCN8A;CASQ2;ORAI1;SCN4A;CALM3;SCN2A	Normal_only	GO_Cellular_Component_2023
GO_Cellular_Component_2023	Azurophil Granule Lumen (GO:0035578)	42/89	0.1111853366530545	0.4040637844220764	0	0	1.3263216575304284	2.913340816697791	HEXB;RETN;MPO;GNS;PYCARD;SDCBP;TTR;GM2A;NAPRT;MAPK1;CTSG;PRSS8;CTSC;ARSB;ELANE;TXNDC5;SERPINB3;CTSA;CCT2;TRAPPC1;ANXA2;GCA;ARG1;FUCA1;PRKCD;FUCA2;RNASE3;DEFA1;RNASE2;LYZ;C6ORF120;UNC13D;CPPED1;ARHGAP45;TUBB2A;FABP5;GLB1;TOLLIP;PADI2;FRK;FTL;S100A7	Normal_only	GO_Cellular_Component_2023
GO_Cellular_Component_2023	Focal Adhesion (GO:0005925)	168/387	0.1126902887886514	0.406230315230058	0	0	1.1400371941510374	2.488828913585063	PRAG1;FAM107A;TNC;PVR;ACTB;DCAF6;ICAM1;ACTG1;CFL1;CAPN5;CAPN2;PRSS8;CAPN1;TNS4;TNS3;TGM2;PDGFRB;PDIA3;TPM4;ACTN2;ACTN1;ADAM10;HSPG2;SRCIN1;PROCR;SLC9A5;ADGRB1;TLN2;EZR;PFN1;TLN1;PPIB;VCL;S100A7;EPHA2;GRB7;CD151;FBLIM1;PXN;CD99L2;THY1;HACD3;CORO1C;CNN3;CNN2;DPP4;CNN1;FLRT2;RRAS;TSPAN9;G3BP1;TSPAN4;LPXN;RSU1;CD99;HSPA8;FZD2;JUP;CAV3;HSPA5;MCAM;HMGA1;MSN;PARVA;PARVB;L1CAM;CORO2B;ALOX15B;ARHGAP24;IGF2R;AIF1L;FERMT1;EHD3;DAB2;UBOX5;TMEM98;PARVG;ARPC3;PTK7;TRPV4;ITGA11;CASS4;ITGBL1;HYOU1;CALR;FGFR3;ITGB4;ARPC1B;TGFB1I1;CLTC;ITGB2;SNAP23;DOCK7;FHL2;FHL3;HSPB1;ILK;TRIOBP;SYNE2;SLC6A4;TNFSF13B;MRC2;LASP1;ADGRE5;YWHAQ;ANXA6;RAC2;FLOT1;ITGB8;ITGB7;PGM5;ITGB6;SCARF2;GIT1;YWHAG;ACTR3;KLF11;MME;ANXA5;PLAUR;RRAS2;IL16;KIF23;REXO2;RHOB;DNM2;HCK;MMP14;PEAK3;CDH13;ITGB1BP1;ITGA5;LCP1;ARHGEF2;MAPRE1;ENG;DDR2;RALA;SYNPO2;ASAP3;CXCR4;LIMA1;IL1RL1;EFS;GNA12;XIRP1;TM4SF20;FLNA;MAPK1;PTK2B;CD59;FLNC;MISP;MPZL1;PDLIM7;PAK4;NPM1;GSN;SORBS1;MARCKS;ACTC1;ZYX;CD9;VIM;HSPA1B;LIMS2;BCAR1;HSPA1A	Normal_only	GO_Cellular_Component_2023
GO_Cellular_Component_2023	Bounding Membrane Of Organelle (GO:0098588)	347/819	0.1142493554599556	0.4085556951248013	0	0	1.0937910813603289	2.372839626214678	SLC35B3;SLC35B2;SLC35B4;PGAP2;TFRC;KDELR1;PGAP4;HHIP;ZDHHC7;LDLRAD4;SLA2;ABCA12;AQP2;ZDHHC2;ABCA13;ANTXR1;HS6ST1;NDST1;GOLGA5;ANPEP;GBP5;VPS18;ST6GAL2;ATP6V0E1;ENTPD4;LMAN1L;SLC35C1;ENTPD7;AP1B1;HLA-B;HLA-F;HLA-E;ACE2;RNF125;GPR161;MALL;KDELR2;ULK1;KDELR3;HPD;CFTR;HS3ST3A1;TTYH1;FPR1;PDGFB;TGFA;IQGAP2;ABO;APH1B;CHST11;CHST10;CHST15;ST8SIA6;CHST13;NCKAP1L;ST3GAL6;ATP6V0A4;CD14;CHST14;APOB;B4GALNT2;HLA-DQA2;ST3GAL1;HLA-DQA1;ST3GAL2;ST3GAL3;ATP6V0A1;TMEM184A;B3GALNT1;HLA-DRB5;ST8SIA1;ST8SIA2;ST8SIA3;SURF4;BBIP1;EHD2;MARCO;EHD3;MYMX;C6ORF89;ACER3;NOSTRIN;CALR;PAM;HLA-DRB1;RET;RYR1;RYR2;SIGLEC9;CTSZ;ICA1;AREG;SPPL3;RYR3;LFNG;TCTN3;GLIPR2;STAB1;TMED2;QSOX1;BBS7;CD36;HRAS;SLC18A2;CTSC;HLA-DPA1;CHST8;CHST9;CHST6;TMED9;MME;COPZ2;ZDHHC13;SLC39A13;ZDHHC11;F3;RHOD;RAB33A;RHOB;ZDHHC15;VAMP8;DCSTAMP;F8;B3GNT4;B3GNT3;TLR9;PICK1;EXOC3;FAM20C;TLR8;CHST4;CHST5;CHST2;VAMP2;HLA-DQB2;RHOQ;CHST3;SERPINB10;CD63;PTAFR;SGMS2;ZDHHC19;CXCR1;MGAT5;LMAN2;CXCR2;MGAT3;RHO;CD59;MGAT1;MGAT2;YKT6;CD55;GPR157;EVC2;CD74;DMTN;WNT7B;C1GALT1;WNT7A;PLEKHA3;AP2B1;NMNAT2;LILRB3;SVIP;ARCN1;TTC8;FABP5;STING1;A4GNT;COPG1;SIGLEC5;GALNT11;GALNT14;STEAP3;CSF3R;RAB3A;GALNT13;CHPF;PROS1;HFE;NCF4;SPPL2A;GALNT10;TEPSIN;LAMP5;PYCARD;RAB43;SLN;TMEM38B;LARGE2;AP2M1;RAB2A;TICAM2;CD93;WNT5B;ATG9B;WNT5A;TAP1;TPST1;TYROBP;RAB31;SMO;SCNN1A;ABCG4;STEAP2;TRAPPC3L;NOTCH3;COPB2;COPA;RTN1;TMED10;NOTCH4;C5AR1;ITPR2;ITPR3;ADRB2;FUT2;FUT1;FUT4;RHOBTB1;CORO1C;FUT3;RHOBTB2;FUT6;FUT5;WNT6;FUT7;IRAK1;FUT9;MAN2A1;DSEL;ALDH3B1;DHRS7C;NLRP3;DRD1;WNT1;DRD2;GRIA3;WNT3;AP1M2;WNT4;DRD5;WSCD1;WNT3A;WSCD2;B3GALT4;B3GALT6;DNAJC13;B3GALT5;IGF2R;GNAO1;DIAPH1;NAT8;SYCN;MDM2;HLA-DRA;RNF183;ACBD3;CNIH4;GPSM1;MOXD1;GPR89A;ST6GALNAC1;ST6GALNAC2;PLEKHF1;B4GALT1;FLT3;ATP2A3;SLC2A1;ATP2A2;ECE1;SLC2A3;FCGR3B;ADGRE5;AP1G2;GRM6;CA4;ITGAX;TMEM108;PMEPA1;SGCG;GALNT8;SLC36A1;HS3ST3B1;SLC36A3;SLC36A2;CHPF2;VPS13A;PLA2G4A;ARFGAP3;TRDN;DNM2;CREB3;EVC;TBC1D5;NOS1AP;IRF7;PECAM1;CASQ2;CASQ1;SEC22B;ST6GALNAC3;ST6GALNAC4;SHANK3;B4GALT7;B4GALT5;CAMK2B;RAB1A;MRLN;GOSR2;TYRP1;ATP2C2;ASB15;CYTH3;CACNG8;CYTH4;PLN;ARL13A;RAB26;RAB23;ERBB2;CHSY3;GBP2;SLC36A4;CYTH1;CACNG4;FKRP;GALNT3;GALNT2;NOS3;HSD3B1;B3GAT1;HS3ST6;TM6SF2;HS3ST2;MYO1B;FCGR2A;DOP1B;RAB15;COL7A1;P2RX1;VPS41;CD9;FOLR1;MBTPS2;BET1	Normal_only	GO_Cellular_Component_2023
GO_Cellular_Component_2023	Heterotrimeric G-protein Complex (GO:0005834)	13/24	0.1198477555235783	0.4251741803098374	0	0	1.753040097644772	3.7191324975142943	GNAZ;GNAI2;GNG13;GNAO1;GNA15;GNAL;GNGT2;GNAT2;GNA12;GNAS;GNB3;GNAT1;GNB5	Normal_only	GO_Cellular_Component_2023
GO_Cellular_Component_2023	Aggresome (GO:0016235)	18/35	0.1210138060368055	0.425930482664977	0	0	1.5707836063894398	3.3172603651093007	PRKN;SLC2A14;SFMBT2;STRADB;SLC2A3;URB2;RANGAP1;FGR;KLF8;UBD;PRKCQ;TRIM37;HOXD3;HOXC9;CARD14;SQSTM1;HSPA1B;HSPA1A	Normal_only	GO_Cellular_Component_2023
GO_Cellular_Component_2023	Cation Channel Complex (GO:0034703)	26/53	0.1227994128166183	0.4288385744455343	0	0	1.428796745942805	2.996476886140401	RYR1;RYR2;PKD2L1;KCNA5;KCNA6;PKD1L3;RYR3;UNC80;TRPM2;CNGA1;CNGA3;TRPM4;PDE4D;TRPC1;HTR3C;HTR3A;KCNAB1;HTR3B;SCNN1G;SCNN1B;SCNN1A;CASQ2;ORAI1;CALM3;KCNK1;SCN2A	Normal_only	GO_Cellular_Component_2023
GO_Cellular_Component_2023	Cilium (GO:0005929)	113/257	0.1257376691565028	0.4356956442864866	0	0	1.1655258685800605	2.4167849449428873	ODAD1;ROPN1B;CLXN;NPFFR1;TRAF3IP1;HHIP;CEP19;NPY2R;PKD2L1;BEST2;CFAP300;SPA17;DYNC2H1;PDGFRA;CFAP91;DNAJB13;DLEC1;CYS1;DAAM1;FAM161A;SMO;IFT81;TMEM138;GPR161;SCNN1A;TTLL13;HOATZ;ROPN1;CFAP61;UNC119B;TEDC1;TEDC2;GPR88;MCHR1;PKHD1;GRK2;KIF3B;GALR2;NPHP1;DRD1;KIF3C;PROM1;DRD2;PDZD7;PROM2;DRD5;CFAP73;DNAH17;DCDC2;BBIP1;CAMSAP3;IFT22;CABYR;UBXN10;TRPV4;DYNLRB2;CEP89;TSSK1B;DNAAF11;KIF17;DNALI1;GLI2;IFT52;KIF19;TCTN3;IQUB;FFAR4;CFAP47;BBS7;TNPO1;DNAI4;DNAI7;NME5;KIF7;CCSAP;CFAP100;CFAP221;CATSPERB;EVC;IFT43;RILPL2;TMEM216;MNS1;SAXO1;SHANK3;TSGA10IP;DNAH5;USH1C;TULP2;TULP1;ADCY5;ARL13A;KISS1R;RHO;TOGARAM2;EPS8L1;GPR157;EVC2;WHRN;PCARE;MOK;TTLL7;TTLL6;TTC8;RSPH1;TTLL2;RAB15;TTLL1;CFAP161;HYLS1;CEP41;CLUAP1;TTLL9	Normal_only	GO_Cellular_Component_2023
GO_Cellular_Component_2023	Filopodium (GO:0030175)	29/60	0.1273038522523316	0.4377293996676327	0	0	1.3880772136232862	2.861074926639239	RIPOR2;GPM6A;TENM2;TWF2;IQGAP2;ANTXR1;ACTG2;DNALI1;SYNE2;FXR1;TUBB3;PALM;TBC1D10C;CXADR;ACTN2;MSN;UNC5C;ERMN;VIL1;SHTN1;MYO1B;ACTC1;TRPV4;MYO3A;FSCN1;FSCN3;LCP1;NF2;EZR	Normal_only	GO_Cellular_Component_2023
GO_Cellular_Component_2023	Azurophil Granule Membrane (GO:0035577)	28/58	0.1341347428693058	0.4564431200459039	0	0	1.3848299912816042	2.7819994277352147	PIGR;CD63;B4GALT1;BRI3;HFE;RAB3D;LPCAT1;FPR1;MGST1;RAB44;SYNGR1;LAMP2;PSAP;C3AR1;ACP3;MANBA;NFAM1;SURF4;DNAJC13;CKAP4;DDOST;VAMP8;BST2;CEACAM6;RAB37;SLCO4C1;VAMP1;CD68	Normal_only	GO_Cellular_Component_2023
GO_Cellular_Component_2023	Intermediate Filament Cytoskeleton (GO:0045111)	38/81	0.1347885723625488	0.4564431200459039	0	0	1.3114202606020005	2.6281489653198866	KRT80;KRT20;SLC1A6;HOXA13;EVPL;PPL;SYNE2;NEFL;NEFM;KRT6A;PRPH;DSP;DTNA;SYCE1L;KRT3;KRT2;PRKCE;KRT8;KRT5;KRT76;KRT10;KRT75;MMP14;BFSP2;DES;KRT18;KRT17;KRT16;SESTD1;KRT36;KRT14;PKP2;PKP1;EPPK1;VIM;INA;S100A8;HLA-DRB1	Normal_only	GO_Cellular_Component_2023
GO_Cellular_Component_2023	Postsynaptic Specialization Membrane (GO:0099634)	19/38	0.1455206435013022	0.4890806589855795	0	0	1.4834535954217467	2.859263826310169	GRID1;GRIK5;PLPPR4;GRIN2C;GRIN2B;GRM1;GRIN2D;CACNG7;CACNG8;GRIN2A;GRIN3B;DLG2;GRIN3A;NETO1;DLG3;LRRTM1;SLITRK3;CACNG4;GRIA3	Normal_only	GO_Cellular_Component_2023
GO_Cellular_Component_2023	Endoplasmic reticulum-Golgi Intermediate Compartment Membrane (GO:0033116)	25/52	0.157309378484666	0.5247559118107891	0	0	1.37367197875166	2.5406624378976272	TMED10;KDELR1;GOSR2;CTSZ;TGFA;SPPL3;LAMP5;TMED2;CD59;MGAT1;YKT6;CTSC;CD55;TMED9;TAP1;TM6SF2;F8;NAT8;STING1;COL7A1;CALR;SEC22B;FOLR1;CNIH4;BET1	Normal_only	GO_Cellular_Component_2023
GO_Cellular_Component_2023	Rough Endoplasmic Reticulum (GO:0005791)	15/30	0.1836815811204439	0.5366383448420813	0	0	1.483213131061925	2.513381121896643	EPHA5;COLEC10;FKRP;SFTPA2;HM13;F12;SFTPD;TMEM97;SPPL3;CKAP4;ZC3H12A;LRAT;SFTPA1;PTGDS;HGFAC	Normal_only	GO_Cellular_Component_2023
GO_Cellular_Component_2023	Zymogen Granule Membrane (GO:0042589)	4/6	0.1831282056566283	0.5366383448420813	0	0	2.965602880913945	5.034314906249097	TMED10;SLC30A2;TMED2;VAMP2	Normal_only	GO_Cellular_Component_2023
GO_Cellular_Component_2023	Zymogen Granule (GO:0042588)	4/6	0.1831282056566283	0.5366383448420813	0	0	2.965602880913945	5.034314906249097	TMED10;SLC30A2;TMED2;VAMP2	Normal_only	GO_Cellular_Component_2023
GO_Cellular_Component_2023	Neurotransmitter Receptor Complex (GO:0098878)	4/6	0.1831282056566283	0.5366383448420813	0	0	2.965602880913945	5.034314906249097	HTR3C;HTR3A;HTR3B;SHISA9	Normal_only	GO_Cellular_Component_2023
GO_Cellular_Component_2023	Low-Density Lipoprotein Particle (GO:0034362)	4/6	0.1831282056566283	0.5366383448420813	0	0	2.965602880913945	5.034314906249097	APOC2;APOE;APOB;PLA2G7	Normal_only	GO_Cellular_Component_2023
GO_Cellular_Component_2023	Dystroglycan Complex (GO:0016011)	4/6	0.1831282056566283	0.5366383448420813	0	0	2.965602880913945	5.034314906249097	SGCD;SGCA;SGCZ;SGCG	Normal_only	GO_Cellular_Component_2023
GO_Cellular_Component_2023	Vesicle Membrane (GO:0012506)	32/69	0.1809369239731312	0.5366383448420813	0	0	1.2831253683590131	2.1936398483115234	TRARG1;TRIM72;RALA;DYSF;AQP5;FMN2;SLC2A4;CLU;LAMP5;BAIAP2L2;ZNRF2;IYD;ACP3;NOS1;AP1M2;SLC12A2;TMEM184A;MREG;TOR1A;NOS2;NOS3;AP1B1;ENTPD7;SLC4A11;SLC39A13;SGSM1;STING1;GIPC1;MYO5B;SLC28A2;VAMP5;SLC26A6	Normal_only	GO_Cellular_Component_2023
GO_Cellular_Component_2023	Neuromuscular Junction (GO:0031594)	19/39	0.1806289391738811	0.5366383448420813	0	0	1.409162727046529	2.411514846684379	UNC13C;UNC13A;CAV3;MUSK;LRP4;SYNGR3;SYNGR4;SLC8A3;CHRND;SLC5A7;SYNGR1;SYNGR2;DLG2;DLG3;CHRNE;TBC1D24;SPOCK1;SYNC;RAPSN	Normal_only	GO_Cellular_Component_2023
GO_Cellular_Component_2023	Cytoplasmic Vesicle Membrane (GO:0030659)	166/389	0.1792391057296614	0.5366383448420813	0	0	1.1056019430662054	1.9005679699784648	STEAP3;CSF3R;RAB3A;TFRC;EQTN;NCF4;SPPL2A;AQP5;SLA2;AQP2;CLU;ANTXR1;LAMP5;TEPSIN;IYD;ANPEP;AP2M1;VPS18;MREG;TICAM2;ATP6V0E1;CD93;WNT5B;WNT5A;AP1B1;ENTPD7;HLA-B;ACE2;RAB31;TYROBP;SMO;GPR161;ABCG4;CFTR;TMED10;C5AR1;FPR1;ITPR2;ITPR3;ADRB2;IQGAP2;RHOBTB1;CORO1C;RHOBTB2;WNT6;APH1B;IRAK1;ALDH3B1;NCKAP1L;ATP6V0A4;CD14;APOB;WNT1;HLA-DQA2;HLA-DQA1;AP1M2;GRIA3;WNT3;ATP6V0A1;WNT4;TMEM184A;HLA-DRB5;TOR1A;WNT3A;ABCA3;ABCA4;TMEM190;DNAJC13;IGF2R;GNAO1;EHD2;MARCO;DIAPH1;EHD3;SYCN;MYO5B;NOSTRIN;MDM2;HLA-DRA;PAM;HLA-DRB1;RET;MOXD1;TRIM72;GPR89A;SIGLEC9;PLEKHF1;B4GALT1;FLT3;DYSF;ICA1;ECE1;SLC2A3;FMN2;SLC2A4;SPPL3;FCGR3B;ADGRE5;STAB1;CA4;ITGAX;TMEM108;PMEPA1;CD36;SLC18A2;SGCG;HLA-DPA1;MME;VPS13A;ZDHHC13;SLC39A13;ZDHHC11;F3;RHOD;RHOB;DNM2;VAMP8;DCSTAMP;TBC1D5;PECAM1;TLR9;IRF7;EXOC3;PICK1;TLR8;VAMP5;HLA-DQB2;VAMP2;RHOQ;SERPINB10;CAMK2B;TRARG1;RAB1A;CD63;RALA;PTAFR;TYRP1;ASB15;CACNG8;ZNRF2;CXCR1;RAB26;RAB23;CXCR2;ERBB2;RHO;CACNG4;CD55;SLC12A2;CD74;NOS3;WNT7B;WNT7A;AP2B1;LILRB3;SVIP;SGSM1;MYO1B;FCGR2A;FABP5;STING1;RAB15;P2RX1;VPS41;CD9;SIGLEC5	Normal_only	GO_Cellular_Component_2023
GO_Cellular_Component_2023	Pseudopodium (GO:0031143)	5/8	0.1780675053244196	0.5366383448420813	0	0	2.4714356681569796	4.264690994543196	RAB25;ACTN2;CAPN2;F2RL1;MSN	Normal_only	GO_Cellular_Component_2023
GO_Cellular_Component_2023	Platelet Dense Tubular Network Membrane (GO:0031095)	5/8	0.1780675053244196	0.5366383448420813	0	0	2.4714356681569796	4.264690994543196	DMTN;ATP2A3;ATP2A2;ITPR2;ITPR3	Normal_only	GO_Cellular_Component_2023
GO_Cellular_Component_2023	Phosphatidylinositol 3-Kinase Complex, Class IA (GO:0005943)	5/8	0.1780675053244196	0.5366383448420813	0	0	2.4714356681569796	4.264690994543196	PIK3R3;PIK3CB;PIK3CG;PIK3R6;PIK3R5	Normal_only	GO_Cellular_Component_2023
GO_Cellular_Component_2023	Phosphatidylinositol 3-Kinase Complex, Class I (GO:0097651)	5/8	0.1780675053244196	0.5366383448420813	0	0	2.4714356681569796	4.264690994543196	PIK3R3;PIK3CB;PIK3CG;PIK3R6;PIK3R5	Normal_only	GO_Cellular_Component_2023
GO_Cellular_Component_2023	Inhibitory Synapse (GO:0060077)	5/8	0.1780675053244196	0.5366383448420813	0	0	2.4714356681569796	4.264690994543196	IGSF21;NLGN2;NLGN4X;SYT11;LHFPL4	Normal_only	GO_Cellular_Component_2023
GO_Cellular_Component_2023	Postsynaptic Density (GO:0014069)	67/151	0.1723700208152956	0.5366383448420813	0	0	1.1838503486500984	2.0813413017943483	CTNND2;GRIK5;FOXM1;ZDHHC2;GRM1;SLC8A2;ARHGAP44;ADGRA1;NETO1;TMEM108;NOS1;SH2D5;NSF;KCND2;GRID1;KCND3;MAGI2;INSYN1;SCRIB;MAPK8IP2;SHISA9;SHISA8;SRCIN1;SHISA6;DNAJC6;ADGRB1;PICK1;SHANK3;SHANK1;CHRNA3;RTN1;RGS14;PLPPR4;LRP4;ADCY8;RTN4;ADD2;FXR1;CACNG7;GRIN2A;CACNG8;PTK2B;SPOCK1;FYN;SRGAP3;GRIA3;CACNG4;NTRK2;DTNB;HOMER2;IQSEC3;HIP1R;ATP2B2;NETO2;GRIN2C;GRIN2B;GRIN2D;GRIN1;SLC8A3;ARHGAP32;GRIN3B;DLG2;GRIN3A;DLG3;FABP5;SYT11;CNIH4	Normal_only	GO_Cellular_Component_2023
GO_Cellular_Component_2023	Serine-Type Endopeptidase Complex (GO:1905370)	6/10	0.1709847788537181	0.5366383448420813	0	0	2.2243820643398338	3.9286607581978026	FCN1;FCN2;THBD;COLEC10;FCN3;PLAUR	Normal_only	GO_Cellular_Component_2023
GO_Cellular_Component_2023	Neuron To Neuron Synapse (GO:0098984)	6/10	0.1709847788537181	0.5366383448420813	0	0	2.2243820643398338	3.9286607581978026	RS1;SLC4A8;GRM7;SLC1A1;PDYN;SLC39A3	Normal_only	GO_Cellular_Component_2023
GO_Cellular_Component_2023	Postsynaptic Density Membrane (GO:0098839)	17/34	0.1631825721147339	0.5366383448420813	0	0	1.4833333333333334	2.6891136854895157	GRID1;GRIK5;PLPPR4;GRIN2C;GRIN2B;GRM1;GRIN2D;CACNG7;CACNG8;GRIN2A;GRIN3B;DLG2;GRIN3A;NETO1;DLG3;CACNG4;GRIA3	Normal_only	GO_Cellular_Component_2023
GO_Cellular_Component_2023	ER To Golgi Transport Vesicle Membrane (GO:0012507)	26/55	0.1783604488336226	0.5366383448420813	0	0	1.3300357665769282	2.2929135408418535	TMED10;SAR1A;SAR1B;HFE;GOSR2;TGFA;TMED2;CD59;HLA-DQA2;HLA-DQA1;HLA-DPA1;SEC31A;CD74;SEC13;HLA-DRB5;HLA-B;CIDEB;HLA-F;HLA-E;GNAO1;HLA-DRA;SEC22B;FOLR1;HLA-DQB2;CNIH4;HLA-DRB1	Normal_only	GO_Cellular_Component_2023
GO_Cellular_Component_2023	GABA-ergic Synapse (GO:0098982)	10/19	0.1930115752756893	0.5566204783756975	0	0	1.6478190630048466	2.7106707894686353	NLGN2;NLGN4X;PCLO;SLITRK2;SLITRK1;LRRTM1;SLITRK3;ATP2B3;ATP2B2;MDGA1	Normal_only	GO_Cellular_Component_2023
GO_Cellular_Component_2023	Nuclear Outer Membrane (GO:0005640)	10/19	0.1930115752756893	0.5566204783756975	0	0	1.6478190630048466	2.7106707894686353	GUCY2D;ITPRIP;KASH5;UGT2B28;ITPR3;ENO1;DHCR7;LTC4S;SYNE4;SYNE3	Normal_only	GO_Cellular_Component_2023
GO_Cellular_Component_2023	Golgi Membrane (GO:0000139)	181/427	0.1985176681239535	0.5688294721244055	0	0	1.0927284495038958	1.7668076880768795	SLC35B3;SLC35B2;GALNT11;GALNT14;SLC35B4;GALNT13;PGAP2;CHPF;KDELR1;PGAP4;PROS1;HFE;ZDHHC7;LDLRAD4;ABCA12;HS6ST1;ZDHHC2;GALNT10;HID1;PYCARD;RAB43;NDST1;GOLGA5;LARGE2;RAB2A;GBP5;ST6GAL2;ENTPD4;LMAN1L;ATG9B;SLC35C1;AP1B1;HLA-B;HLA-F;HLA-E;TPST1;RNF125;MALL;KDELR2;KDELR3;HPD;STEAP2;NOTCH3;COPB2;COPA;HS3ST3A1;RTN1;TMED10;NOTCH4;PDGFB;FUT2;FUT1;ABO;FUT4;FUT3;FUT6;FUT5;FUT7;CHST11;FUT9;MAN2A1;DSEL;CHST10;CHST15;NLRP3;CHST13;ST3GAL6;ST8SIA6;CHST14;HLA-DQA2;ST3GAL1;B4GALNT2;HLA-DQA1;ST3GAL2;AP1M2;ST3GAL3;B3GALNT1;HLA-DRB5;WSCD1;ST8SIA1;WSCD2;ST8SIA2;ST8SIA3;SURF4;B3GALT4;B3GALT6;B3GALT5;GNAO1;MYMX;C6ORF89;ACER3;HLA-DRA;ACBD3;HLA-DRB1;GPSM1;ST6GALNAC1;ST6GALNAC2;B4GALT1;ICA1;SLC2A1;LFNG;AP1G2;GLIPR2;GRM6;PMEPA1;TMED2;QSOX1;HRAS;HLA-DPA1;GALNT8;CHST8;HS3ST3B1;CHST9;CHST6;TMED9;CHPF2;COPZ2;ZDHHC13;PLA2G4A;SLC39A13;ZDHHC11;ARFGAP3;RHOD;RAB33A;ZDHHC15;DNM2;CREB3;B3GNT4;B3GNT3;TLR9;FAM20C;TLR8;CHST4;SEC22B;ST6GALNAC3;CHST5;ST6GALNAC4;B4GALT7;CHST2;HLA-DQB2;CHST3;B4GALT5;RAB1A;GOSR2;SGMS2;ATP2C2;CYTH3;ZDHHC19;CYTH4;RAB26;LMAN2;MGAT5;RHO;MGAT3;CD59;MGAT1;CHSY3;MGAT2;GBP2;YKT6;CD55;CYTH1;CD74;FKRP;GALNT3;GALNT2;NOS3;C1GALT1;B3GAT1;PLEKHA3;NMNAT2;HS3ST6;ARCN1;HS3ST2;STING1;DOP1B;A4GNT;COPG1;FOLR1;MBTPS2;BET1	Normal_only	GO_Cellular_Component_2023
GO_Cellular_Component_2023	PRC1 Complex (GO:0035102)	8/15	0.2198055962602217	0.6140818845519944	0	0	1.6947624372149157	2.567585050994803	CBX8;CBX7;CBX6;PCGF6;PHC2;PHC1;CBX4;RNF2	Normal_only	GO_Cellular_Component_2023
GO_Cellular_Component_2023	Cation-Transporting ATPase Complex (GO:0090533)	8/15	0.2198055962602217	0.6140818845519944	0	0	1.6947624372149157	2.567585050994803	PLN;KCNJ8;FXYD2;FXYD1;ATP1A4;ATP1A2;ATP1B3;ATP12A	Normal_only	GO_Cellular_Component_2023
GO_Cellular_Component_2023	Exocytic Vesicle (GO:0070382)	8/15	0.2198055962602217	0.6140818845519944	0	0	1.6947624372149157	2.567585050994803	SYT10;SYTL1;RAB27A;IGF1;SYTL5;UNC13D;NKD2;SYTL2	Normal_only	GO_Cellular_Component_2023
GO_Cellular_Component_2023	trans-Golgi Network Transport Vesicle (GO:0030140)	8/15	0.2198055962602217	0.6140818845519944	0	0	1.6947624372149157	2.567585050994803	TGOLN2;TMED9;TMED10;RAB13;RAB27B;STEAP2;IGF2R;RAB8B	Normal_only	GO_Cellular_Component_2023
GO_Cellular_Component_2023	Intercalated Disc (GO:0014704)	15/31	0.2290956287468981	0.6321342348757003	0	0	1.390395734891818	2.048909081219101	DSP;CXADR;JUP;KCNA5;ANK3;DES;GJA5;NRAP;FXYD1;PKP2;CTNNA3;PGM5;DSG2;SCN4B;DSC2	Normal_only	GO_Cellular_Component_2023
GO_Cellular_Component_2023	Motile Cilium (GO:0031514)	33/73	0.2289412460419017	0.6321342348757003	0	0	1.2238253988035892	1.8042733952637091	ROPN1B;CFAP61;ODAD4;DNAH5;TSSK1B;CFAP300;DNALI1;AK8;IFT52;IQUB;NPHP1;SPA17;CFAP45;DNAI4;DYNC2H1;CFAP52;CFAP73;DNAH17;CFAP91;DNAJB13;ENKUR;CAMSAP3;CFAP100;CFAP221;RSPH1;CABYR;DAAM1;IFT81;SCNN1A;CFAP161;MNS1;SAXO1;ROPN1	Normal_only	GO_Cellular_Component_2023
GO_Cellular_Component_2023	Platelet Alpha Granule Lumen (GO:0031093)	30/66	0.2310547175207928	0.6336285811766528	0	0	1.236140525725676	1.8110703793619256	CFD;TOR4A;PROS1;PDGFB;PLG;CLU;ISLR;TMSB4X;QSOX1;TIMP1;A2M;TGFB1;VWF;ACTN2;AHSG;EGF;ACTN1;SERPINF2;FN1;IGF2;VEGFC;VEGFD;IGF1;PPBP;F8;SCCPDH;MMRN1;MAGED2;GAS6;PF4	Normal_only	GO_Cellular_Component_2023
GO_Cellular_Component_2023	Asymmetric Synapse (GO:0032279)	58/133	0.2425152326088521	0.6610018840009567	0	0	1.147383422927866	1.6254874885001755	CTNND2;FOXM1;ZDHHC2;SLC8A2;ARHGAP44;ADGRA1;GRM7;NETO1;TMEM108;NOS1;SH2D5;NSF;KCND2;KCND3;MAGI2;INSYN1;SCRIB;MAPK8IP2;SHISA9;SHISA8;SRCIN1;SHISA6;DNAJC6;ADGRB1;PICK1;SHANK3;SHANK1;CHRNA3;RTN1;RGS14;SLC1A1;LRP4;ADCY8;RTN4;ADD2;FXR1;GRIN2A;CACNG8;PTK2B;SPOCK1;FYN;SRGAP3;NTRK2;NLGN4X;DTNB;HOMER2;IQSEC3;HIP1R;NETO2;GRIN2B;GRIN1;SLC8A3;ARHGAP32;SLC4A8;DLG2;FABP5;SYT11;CNIH4	Normal_only	GO_Cellular_Component_2023
GO_Cellular_Component_2023	Intracellular Organelle Lumen (GO:0070013)	355/856	0.2453566884177597	0.6646935740772035	0	0	1.0526622682964375	1.4790349683557829	ISCA2;ACSM3;CALML5;GMFG;ACSM1;ACSM6;TXNDC12;ACSM5;GCSH;TP53AIP1;LIPC;LGALS1;STS;EVA1A;FTH1;PDK4;IL12B;PDK3;MTERF1;PRSS3;CHGB;PDK1;ACOT9;MUCL1;COL23A1;KRT1;P3H2;P3H1;HSPG2;CHIT1;ACE2;FLG2;LARS2;BCAN;BIN2;MTHFD2;CRISPLD2;LACTB2;IL23A;PDE12;BOLA3;MXRA8;ACOT2;FDX2;SUCLG2;TFAM;DEFB103A;CFD;SHMT2;SDC3;PDGFB;CFP;GNS;TGOLN2;PRDX3;PRDX4;ARSL;STC2;PENK;ARSH;SERPINH1;ARSF;APOE;APOB;CGA;ARSB;PCK2;JUP;FUCA2;PDE2A;FN1;PRG2;PYCR1;MTHFS;PPBP;LYZ;COL1A1;ALDH6A1;COL1A2;ARL2BP;NDUFAF7;TCN1;AKR1B15;HRC;CALU;COL9A1;SDC1;HYOU1;CALR;LDHAL6B;COL18A1;HIBADH;FASTKD1;OGG1;FASTKD3;CTSZ;C1ORF35;HBB;PRL;PCSK6;ADAMTSL1;MYDGF;SHH;ACADL;CTSL;TIMP2;CTSH;MUC13;SDF4;COL10A1;QSOX1;MUC15;TIMP1;TK1;SPTAN1;AASS;CAMP;CTSC;CTSB;AHSG;BGN;ANO8;HBA1;TFB2M;AMPD3;F3;SUMF1;PSMA5;F7;MMP11;F8;MMP14;COL2A1;ALDH5A1;BDH1;ENAM;IVD;CANX;MZB1;COL21A1;FAM20C;VWA1;ALDOC;PLEKHO2;MFGE8;GAS6;MATN3;TOR4A;CD63;COL11A1;AFP;TYMS;HSD17B8;FSTL3;FTMT;MTHFD1L;BGLAP;ALOX5;GPC3;GPC2;GPC5;APOL1;GSN;GOLM1;NUBPL;WNT7B;GSR;WNT7A;GCG;NMNAT3;ATP5F1E;ETNPPL;PDP1;GARS1;ERP44;COL3A1;CYP2W1;LRG1;PDP2;KRT17;TRMT5;SAA1;GHRL;NOTUM;FMOD;HSPA1B;HSPA1A;ERO1A;FCN1;CSF3;ACAA2;NARF;CSF1;PROS1;TNC;DEFB1;ALDH1L2;ABHD10;FPGS;COTL1;CAPN1;OSTF1;GYG1;PITX3;PDIA3;MLIP;WNT5B;IGFBP4;GPT2;WNT5A;SHISA5;ADAM10;OLFM4;POLRMT;MUC3A;PRLR;PDIA5;ACLY;MINPP1;SELENOM;COL4A2;COL4A4;COL4A3;COL4A6;COL4A5;PPIB;SLC27A2;KPNB1;VCL;COL17A1;PSMD12;FECH;PROZ;GLYAT;CNN2;WNT6;CCNB1;CYP11A1;THEM5;THEM4;IGFBP7;WNT1;WNT3;TXNDC5;WNT4;MPST;HSPA8;CRTAP;TOR1A;TGFB1;DEFA6;MUC16;HSPA5;AGXT2;UQCC2;WNT3A;AMBN;IDH1;MUC19;TMEM132A;HSPA6;IDH2;DEFA1;TOR1B;ACSF2;COQ5;BMP4;GH1;IL6;PROC;COL5A1;CPS1;P4HA1;P4HA2;P4HA3;COL5A2;SCGB3A2;CDK1;COL20A1;MUC20;ALAS2;ACADVL;COLGALT2;PODXL2;CRISP3;ACSM2A;CXCL1;MSLN;ACSM2B;SYNE2;HK3;ALDH2;ACP6;ME3;HMGCS2;COLGALT1;SGCG;ADAMTS7;BCKDHA;DYNLT1;RHBDF2;AMT;GPX8;PLAUR;DARS2;GPX7;MMP8;NGF;REXO2;MMP9;APOA5;CKAP4;DCN;GIP;CCNA2;SMDT1;COL6A2;COL6A1;AMTN;COL6A3;CASQ1;NAT8L;DEFB4A;FXN;LTF;ACSS3;CANT1;ACSS2;GLS2;MVP;PRELP;TSPAN33;HSPD1;GANAB;ALDH1B1;ERBB4;MUC7;MAPK1;D2HGDH;BCO2;UGGT1;MUC4;COL26A1;ERAP2;LUM;MUC5B;WARS2;TSPAN15;TSPAN14;MTRES1;GLB1;COL7A1;SARDH;PTPN6;NAGS	Normal_only	GO_Cellular_Component_2023
GO_Cellular_Component_2023	Early Phagosome (GO:0032009)	6/11	0.2527746057436909	0.6787297180630325	0	0	1.7793566016643896	2.4470727531063408	RAB31;SYK;SYT11;TLR9;PLA2G5;SYT7	Normal_only	GO_Cellular_Component_2023
GO_Cellular_Component_2023	Ficolin-1-Rich Granule (GO:0101002)	79/184	0.2535746373971508	0.6787297180630325	0	0	1.1164058303190918	1.5318171705918004	FCN1;CALML5;GMFG;CTSZ;ITGB2;C1ORF35;HBB;SLC2A3;CLU;FCAR;HK3;FTH1;STBD1;LAMP2;COTL1;TBC1D10C;ITGAX;TIMP2;CTSH;CAPN1;OSTF1;GYG1;CTSB;DSP;FCER1G;CD93;DYNLT1;CD300A;SLC11A1;KRT1;AMPD3;MMP9;PSMA5;ACLY;CLEC4D;BIN2;CRISPLD2;PKP1;DSG1;ADAM8;ALDOC;PLEKHO2;DSC1;KPNB1;VCL;CFD;SERPINB10;PSMD12;SERPINB12;CANT1;MVP;FPR1;UBR4;FPR2;GNS;PRDX4;ALOX5;MAPK1;NCKAP1L;ARSB;CD55;ATP6V0A1;HSPA8;MGAM;SIGLEC14;GSN;JUP;IDH1;HSPA6;PRG2;NBEAL2;LILRB2;DIAPH1;LRG1;GLB1;HSPA1B;HSPA1A;SIGLEC5;VPS35L	Normal_only	GO_Cellular_Component_2023
GO_Cellular_Component_2023	GABA-A Receptor Complex (GO:1902711)	9/18	0.2713681232313689	0.7165438690075058	0	0	1.4828528827037772	1.9340538624988697	GABRA2;GABRQ;GABRP;GABRB1;GABRA5;GABRA4;GABRA3;GABRG3;GABRD	Normal_only	GO_Cellular_Component_2023
GO_Cellular_Component_2023	Autolysosome (GO:0044754)	5/9	0.2725110911214228	0.7165438690075058	0	0	1.8534215101838052	2.409588757188303	MAP1LC3A;FTH1;LAMP2;SQSTM1;FTL	Normal_only	GO_Cellular_Component_2023
GO_Cellular_Component_2023	Sodium:Potassium-Exchanging ATPase Complex (GO:0005890)	5/9	0.2725110911214228	0.7165438690075058	0	0	1.8534215101838052	2.409588757188303	FXYD2;FXYD1;ATP1A4;ATP1A2;ATP1B3	Normal_only	GO_Cellular_Component_2023
GO_Cellular_Component_2023	Spindle (GO:0005819)	89/210	0.2895138277905869	0.7544469066360626	0	0	1.0913053038600684	1.3527299107015986	NUMA1;CLTC;HNF4G;SEPTIN12;KIF11;SGF29;CDC14C;CDC14A;CDC14B;FAM110A;TUBB6;NUDCD2;CAPN6;TUBB3;TUBB1;CHAMP1;NUSAP1;TRAPPC14;FBXO5;DLGAP5;PARP4;MAP1S;CKAP2L;SLC34A1;CD180;KIF23;KIF22;HASPIN;KNSTRN;CCSAP;EML2;ANKFN1;TUBB2B;TUBB2A;PSRC1;KATNAL1;KIF2A;KIFC2;FAM161A;KIF20A;MAPRE1;PHLPP2;CTDP1;DCUN1D5;RGS14;EPB41;SHCBP1L;KATNB1;TTK;WDR62;HMMR;SKA3;TTL;SKA1;SKA2;AURKA;PKHD1;BCL2L10;RACGAP1;KIF3B;CXCR2;MAPK1;TPPP;ECT2;ODAM;CBX3;TRAT1;LIMK2;PLK1;TUBB8B;DCDC2;KLHL22;CDC7;CDC6;PYCR3;TUBB4A;MZT1;TPX2;CENPE;DIAPH1;CENPF;ZZZ3;KIF4A;ERCC2;CDK1;MYF6;CALM3;PTPN7;MAD2L1	Normal_only	GO_Cellular_Component_2023
GO_Cellular_Component_2023	COPI-coated Vesicle Membrane (GO:0030663)	8/16	0.291989518675702	0.7544469066360626	0	0	1.4827928935271462	1.8253734673191775	CCL13;COPB2;COPA;KDELR1;COPZ2;KDELR2;COPG1;KDELR3	Normal_only	GO_Cellular_Component_2023
GO_Cellular_Component_2023	Platelet Alpha Granule Membrane (GO:0031092)	8/16	0.291989518675702	0.7544469066360626	0	0	1.4827928935271462	1.8253734673191775	SELP;CYB5R1;CD109;ITGA2B;PECAM1;CD9;CD36;SNCA	Normal_only	GO_Cellular_Component_2023
GO_Cellular_Component_2023	Cytoskeleton Of Presynaptic Active Zone (GO:0048788)	4/7	0.2952981987110357	0.7586108897921434	0	0	1.9769030175090028	2.411366183357938	RIMS4;PCLO;RIMS3;ERC2	Normal_only	GO_Cellular_Component_2023
GO_Cellular_Component_2023	Symmetric Synapse (GO:0032280)	3/5	0.3223589422950305	0.7917277319004322	0	0	2.2239259995033525	2.517683554499236	SLC4A8;NLGN2;NLGN4X	Normal_only	GO_Cellular_Component_2023
GO_Cellular_Component_2023	Sarcoglycan Complex (GO:0016012)	3/5	0.3223589422950305	0.7917277319004322	0	0	2.2239259995033525	2.517683554499236	SGCD;SGCZ;SGCG	Normal_only	GO_Cellular_Component_2023
GO_Cellular_Component_2023	Extrinsic Component Of Endoplasmic Reticulum Membrane (GO:0042406)	3/5	0.3223589422950305	0.7917277319004322	0	0	2.2239259995033525	2.517683554499236	TOR1A;MMP27;ZC3H12A	Normal_only	GO_Cellular_Component_2023
GO_Cellular_Component_2023	Zonula Adherens (GO:0005915)	3/5	0.3223589422950305	0.7917277319004322	0	0	2.2239259995033525	2.517683554499236	JUP;SORBS1;PLEKHA7	Normal_only	GO_Cellular_Component_2023
GO_Cellular_Component_2023	Apicolateral Plasma Membrane (GO:0016327)	3/5	0.3223589422950305	0.7917277319004322	0	0	2.2239259995033525	2.517683554499236	CXADR;MTCL1;SLC28A2	Normal_only	GO_Cellular_Component_2023
GO_Cellular_Component_2023	MHC Class I Protein Complex (GO:0042612)	3/5	0.3223589422950305	0.7917277319004322	0	0	2.2239259995033525	2.517683554499236	HFE;HLA-B;HLA-E	Normal_only	GO_Cellular_Component_2023
GO_Cellular_Component_2023	Cell-Cell Contact Zone (GO:0044291)	21/47	0.318031253777277	0.7917277319004322	0	0	1.1977686947199142	1.3721705465895135	DSP;CXADR;JUP;KCNA5;ANK3;FGFRL1;AJAP1;TIAM1;BAIAP2L2;DES;GJA5;FXYD1;FLOT1;PKP2;PGM5;DSG2;SCN4B;JAM2;DSC2;VCL;JAM3	Normal_only	GO_Cellular_Component_2023
GO_Cellular_Component_2023	Chromocenter (GO:0010369)	3/5	0.3223589422950305	0.7917277319004322	0	0	2.2239259995033525	2.517683554499236	MBD5;SALL1;SOX30	Normal_only	GO_Cellular_Component_2023
GO_Cellular_Component_2023	T Cell Receptor Complex (GO:0042101)	9/19	0.3418890016756307	0.8211263804262133	0	0	1.3344557654075546	1.4322302065239991	ZAP70;CD4;SYK;CD8B;TRAT1;CD8A;CD3G;CD3E;CD3D	Normal_only	GO_Cellular_Component_2023
GO_Cellular_Component_2023	Smooth Endoplasmic Reticulum (GO:0005790)	9/19	0.3418890016756307	0.8211263804262133	0	0	1.3344557654075546	1.4322302065239991	RYR1;RYR2;TH;TTYH1;AQP8;HSD3B1;HYOU1;CASQ1;RYR3	Normal_only	GO_Cellular_Component_2023
GO_Cellular_Component_2023	beta-catenin-TCF Complex (GO:1990907)	6/12	0.3423278491954183	0.8211263804262133	0	0	1.4826729598807602	1.589405215616453	TCF7L1;TLE1;LDB1;LEF1;TCF7;BCL9L	Normal_only	GO_Cellular_Component_2023
GO_Cellular_Component_2023	Podosome (GO:0002102)	6/12	0.3423278491954183	0.8211263804262133	0	0	1.4826729598807602	1.589405215616453	GSN;BIN2;SH3PXD2A;FSCN1;LPXN;LCP1	Normal_only	GO_Cellular_Component_2023
GO_Cellular_Component_2023	Ciliary Membrane (GO:0060170)	17/38	0.3435137206704741	0.8211263804262133	0	0	1.2003909026297086	1.2826515597605148	EVC2;HHIP;BBIP1;TTC8;EVC;SMO;ARL13A;TCTN3;GPR161;SCNN1A;RHO;BBS7;DRD1;DRD2;SHANK3;DRD5;GPR157	Normal_only	GO_Cellular_Component_2023
GO_Cellular_Component_2023	Excitatory Synapse (GO:0060076)	11/24	0.3604575827603143	0.8480238920729499	0	0	1.2546128989082008	1.2801831536436548	NLGN4X;SRPX2;NETO1;SYT11;ATP2B3;SLC17A7;ELFN1;FGFR2;GRIN1;SHISA6;SHANK1	Normal_only	GO_Cellular_Component_2023
GO_Cellular_Component_2023	P Granule (GO:0043186)	11/24	0.3604575827603143	0.8480238920729499	0	0	1.2546128989082008	1.2801831536436548	EXD1;PIWIL1;MOV10;CARHSP1;DDX4;HENMT1;TDRD9;MAEL;SNRPG;HELZ;TDRD5	Normal_only	GO_Cellular_Component_2023
GO_Cellular_Component_2023	Platelet Alpha Granule (GO:0031091)	38/89	0.3585247529450742	0.8480238920729499	0	0	1.1049639459225515	1.133425138133738	CFD;TOR4A;PROS1;ITGA2B;PDGFB;PLG;CLU;CYB5R1;ISLR;TMSB4X;QSOX1;CD36;TIMP1;A2M;SNCA;TGFB1;VWF;ACTN2;AHSG;EGF;ACTN1;SERPINF2;FN1;IGF2;VEGFC;VEGFD;IGF1;PPBP;SELP;F8;SCCPDH;MMRN1;CD109;PECAM1;CD9;MAGED2;GAS6;PF4	Normal_only	GO_Cellular_Component_2023
GO_Cellular_Component_2023	Germ Plasm (GO:0060293)	8/17	0.3686299629275246	0.8627099132387618	0	0	1.3179276928811032	1.315241688484358	EXD1;PIWIL1;MOV10;DDX4;HENMT1;MAEL;SNRPG;HELZ	Normal_only	GO_Cellular_Component_2023
GO_Cellular_Component_2023	Mitotic Spindle (GO:0072686)	60/143	0.3712457905287263	0.8643066060746909	0	0	1.072088780280557	1.0623230459324555	NUMA1;CLTC;HNF4G;KIF11;SGF29;CDC14C;CDC14A;CDC14B;TUBB6;NUDCD2;TUBB3;TUBB1;NUSAP1;TRAPPC14;DLGAP5;MAP1S;CKAP2L;SLC34A1;CD180;KIF23;KIF22;KNSTRN;CCSAP;EML2;HAUS2;TUBB2B;TUBB2A;FAM161A;KIFC2;PHLPP2;EPB41;WDR62;SKA3;SKA1;AURKA;PKHD1;RACGAP1;CXCR2;MAPK1;TPPP;ECT2;ODAM;TRAT1;LIMK2;TUBB8B;DCDC2;KLHL22;CDC7;CDC6;PYCR3;TUBB4A;DIAPH1;TPX2;CENPE;KIF18A;ZZZ3;CDK1;MYF6;PTPN7;MAD2L1	Normal_only	GO_Cellular_Component_2023
GO_Cellular_Component_2023	Platelet Dense Tubular Network (GO:0031094)	5/10	0.3740373728287804	0.8662938116811649	0	0	1.4826130153999006	1.4580009858237604	DMTN;ATP2A3;ATP2A2;ITPR2;ITPR3	Normal_only	GO_Cellular_Component_2023
GO_Cellular_Component_2023	Basement Membrane (GO:0005604)	20/46	0.3820657647735044	0.8803267879059611	0	0	1.140590155147826	1.0974331049221588	LAMA5;CD151;LAMA1;LAMA3;APLP1;COL23A1;TNC;P3H2;HSPG2;LOXL2;SMOC2;COL4A2;COL4A4;COL4A3;AMTN;COL4A6;COL4A5;ANG;VWA2;FREM3	Normal_only	GO_Cellular_Component_2023
GO_Cellular_Component_2023	Lytic Vacuole (GO:0000323)	92/223	0.4080436065454558	0.9313151206062746	0	0	1.0414878068649578	0.93357012291112	TINAGL1;PLEKHF1;CPQ;CLTC;CTSZ;CTSW;TMEM97;CTSV;IFI30;CLU;MPO;STS;CTSL;HYAL1;CTSK;LAMP2;ACP4;PIP4K2A;CTSH;CTSG;ACP3;CD34;AP5S1;HLA-DOB;CTSC;CTSB;CHID1;VPS18;SLC11A1;SFTPD;STX7;PLAAT1;PRSS16;EPDR1;UNC13D;ELAPOR1;HCK;RNF167;MYL1;KCNQ1;LARS1;RRAGD;TLR9;RAB38;RAB7B;PCYOX1;RAMP2;KCNE1;RAMP3;CXCR4;ADRB2;LRP2;CST7;NEU2;TMEM25;AP3M1;NEU4;DRAM1;RPS6KC1;PSAP;DRAM2;MARCHF3;ARSB;SNCA;CTSA;HSPA8;NAPSA;ACE;ABCA5;FUCA1;FUCA2;LAPTM5;RAB27A;TMEM192;GLMP;KLHL22;TYR;GRIN2B;SYT7;AKR1B10;MAN2B2;SYT11;VPS41;PPT1;HLA-DRA;TPP1;PPT2;OCIAD2;CD68;LAMTOR4;ADA;ITM2C	Normal_only	GO_Cellular_Component_2023
GO_Cellular_Component_2023	AP-2 Adaptor Complex (GO:0030122)	4/8	0.4125288453692223	0.9313151206062746	0	0	1.4825530858065317	1.3127253659278344	SGIP1;AP2B1;STON2;AP2M1	Normal_only	GO_Cellular_Component_2023
GO_Cellular_Component_2023	Clathrin Coat Of Endocytic Vesicle (GO:0030128)	4/8	0.4125288453692223	0.9313151206062746	0	0	1.4825530858065317	1.3127253659278344	SGIP1;AP2B1;STON2;AP2M1	Normal_only	GO_Cellular_Component_2023
GO_Cellular_Component_2023	Late Endosome Lumen (GO:0031906)	4/8	0.4125288453692223	0.9313151206062746	0	0	1.4825530858065317	1.3127253659278344	SFTPB;NAPSA;SFTPC;IL12B	Normal_only	GO_Cellular_Component_2023
GO_Cellular_Component_2023	Platelet Dense Granule (GO:0042827)	9/20	0.4146353308586421	0.931366798461372	0	0	1.2130399421651907	1.067906828626339	LGALS3BP;SELP;CD63;ITIH4;APOH;LAMP2;CTSW;RAB27B;SERPINA4	Normal_only	GO_Cellular_Component_2023
GO_Cellular_Component_2023	Endosome Lumen (GO:0031904)	11/25	0.4256983987956032	0.9514359213081732	0	0	1.1649000390611128	0.9948527860795414	RAB32;CD63;GH1;CTSL;CTSK;IL12B;RAB38;PRL;APOB;PRLR;CTSB	Normal_only	GO_Cellular_Component_2023
GO_Cellular_Component_2023	Golgi-associated Vesicle (GO:0005798)	20/47	0.4294987220326185	0.9551538743710472	0	0	1.098253909004189	0.9281744790875556	GPR89A;TMED9;TMED10;SPPL2A;ZDHHC13;RAB27B;TYR;SPPL3;IGF2R;TGOLN2;AP1G2;RAB13;RHO;MAP6;TMED2;MAP6D1;STEAP2;CFTR;RHOQ;RAB8B	Normal_only	GO_Cellular_Component_2023
GO_Cellular_Component_2023	CatSper Complex (GO:0036128)	6/13	0.4340111856375301	0.9556798028570244	0	0	1.2707560728924534	1.060680996937437	CATSPER1;CATSPER2;CATSPERB;CATSPER4;CATSPERD;CATSPERZ	Normal_only	GO_Cellular_Component_2023
GO_Cellular_Component_2023	Glial Cell Projection (GO:0097386)	6/13	0.4340111856375301	0.9556798028570244	0	0	1.2707560728924534	1.060680996937437	GRM3;GRM2;SLC4A8;SLC1A1;FYN;MAPT	Normal_only	GO_Cellular_Component_2023
GO_Cellular_Component_2023	Phagocytic Vesicle Membrane (GO:0030670)	19/45	0.4511801250030926	0.9825264395995064	0	0	1.0834258426321128	0.862286308476374	ATP6V0E1;HFE;SLC11A1;SNAP23;HLA-B;TAP1;CYBA;HLA-F;ATG12;HLA-E;VAMP8;PIP4P2;RAB31;RAC2;ATP6V0A4;CALR;CLEC4E;SEC22B;ATP6V0A1	Normal_only	GO_Cellular_Component_2023
GO_Cellular_Component_2023	Lipid Droplet (GO:0005811)	34/82	0.455290620301379	0.9825264395995064	0	0	1.0501838464414808	0.8263049588276946	EDA;SET;LPCAT1;HSD17B13;ABHD5;HSD17B11;LIPE;SDR16C5;ALDH3B2;RAB40A;IRAK1;RAB40C;AIFM2;DGAT2;ANXA2;OSBPL2;FAAH2;VPS13A;CIDEA;CIDEB;CKAP4;SETSIP;CLDN11;FABP4;SCCPDH;PLIN4;PNPLA3;PLIN2;LDAF1;PNPLA5;PLIN1;GAPDH;PNPLA1;PLIN5	Normal_only	GO_Cellular_Component_2023
GO_Cellular_Component_2023	Condensed Nuclear Chromosome (GO:0000794)	12/28	0.4612854617686314	0.9825264395995064	0	0	1.111901802361715	0.860320904361435	PSMC3IP;IHO1;NIFK;NCAPG2;CHEK1;NCAPG;RCC1;P3H4;RGS12;SHOC1;NCAPH;SMC2	Normal_only	GO_Cellular_Component_2023
GO_Cellular_Component_2023	AP-3 Adaptor Complex (GO:0030123)	3/6	0.4615896024964123	0.9825264395995064	0	0	1.482493171095108	1.1460844701041553	AP3M1;AP3S1;AP3B2	Normal_only	GO_Cellular_Component_2023
GO_Cellular_Component_2023	Astral Microtubule (GO:0000235)	3/6	0.4615896024964123	0.9825264395995064	0	0	1.482493171095108	1.1460844701041553	KIF18A;FAM161A;NUMA1	Normal_only	GO_Cellular_Component_2023
GO_Cellular_Component_2023	Hemidesmosome (GO:0030056)	3/6	0.4615896024964123	0.9825264395995064	0	0	1.482493171095108	1.1460844701041553	JUP;ITGB4;EPPK1	Normal_only	GO_Cellular_Component_2023
GO_Cellular_Component_2023	Multivesicular Body Lumen (GO:0097486)	3/6	0.4615896024964123	0.9825264395995064	0	0	1.482493171095108	1.1460844701041553	SFTPB;NAPSA;SFTPC	Normal_only	GO_Cellular_Component_2023
GO_Cellular_Component_2023	9+2 Motile Cilium (GO:0097729)	29/70	0.4676694787972183	0.9907500332813108	0	0	1.0486407330441017	0.7969601141633834	ODAD4;DNAH8;DNAH5;TTC29;DNALI1;AK8;DCDC2C;WBP2NL;CCDC181;EPS8L1;CCR6;CFAP45;CFAP52;DNAI2;CFAP74;DNAH17;DNAJB13;ATP1B3;TACR1;CABCOCO1;TCTE1;ENKUR;CFAP221;TPPP2;FLACC1;CFAP58;SAXO1;SPATA19;SPACA9	Normal_only	GO_Cellular_Component_2023
GO_Cellular_Component_2023	Endosome Membrane (GO:0010008)	126/361	0.9850880408268816	0.9999966194967124	0	0	0.7915118964902068	0.01189188072717	STEAP3;SPAAR;TFRC;HFE;NCF4;LDLRAD4;SLA2;ANTXR1;LAMP5;LAPTM4A;WDR91;LAMP2;EPHB1;WASHC1;AP2M1;SLC39A4;KCNH1;WASHC3;PDIA3;EPHA4;VPS18;ATP6V0E1;MREG;TICAM2;SLC11A1;ATG9B;HLA-B;HLA-F;DKK1;MR1;HLA-E;CLIP3;SLC9A3;ZFYVE16;RAB31;SLC9A5;CD8B;ABCG4;CFTR;CD274;PXK;ABHD6;ADRB2;SLC30A10;KIR2DL4;RHOBTB1;CORO1C;RHOBTB2;APH1B;IRAK1;ATP6V0A4;CD14;APOB;RAB11FIP4;ATP6V0A1;TMEM184A;HLA-DRB5;OSBPL6;WNT3A;DNAJC13;NSG1;IGF2R;EHD2;ENTREP1;EHD3;CD207;HLA-DRA;HLA-DRB1;RET;FCGR1BP;PLEKHF1;FLT3;CLTC;ECE1;PIP4P2;ANXA6;TMEM108;PMEPA1;ANXA8;RAB8B;TASL;SLC36A2;ANXA2;STARD3NL;PLA2G4E;SPHK1;VPS13A;ZDHHC11;F3;RHOD;SLC39A14;RHOB;VAMP8;DCSTAMP;RNF167;TBC1D5;TLR9;IRF7;TLR8;RAB7B;SLC29A3;CD63;GOSR2;TYRP1;TMEM163;ASB15;HLA-DMA;HLA-DMB;RAB23;MICALL1;ERBB2;FCGR1A;SLC31A2;OR51E2;SNX21;AP2B1;SNX20;BAIAP3;MYO1B;DOP1B;RAB15;VPS41;ATP13A4;ATP13A5;RAB17;LAMTOR4	Normal_only	GO_Cellular_Component_2023
GO_Cellular_Component_2023	Anaphase-Promoting Complex (GO:0005680)	4/20	0.9850453997611418	0.9999966194967124	0	0	0.3702657394759717	0.0055789967075767	CDC20B;ANAPC13;CUL7;UBE2S	Normal_only	GO_Cellular_Component_2023
GO_Cellular_Component_2023	Heterochromatin (GO:0000792)	13/49	0.984626842095595	0.9999966194967124	0	0	0.5345288413724515	0.0082812148550341	HELLS;KMT5C;UHRF1;CBX3;CDKN2A;HMGA1;IKZF1;BAZ1B;H1-4;SALL1;ZNF618;SNAI1;GET1	Normal_only	GO_Cellular_Component_2023
GO_Cellular_Component_2023	SCF Ubiquitin Ligase Complex (GO:0019005)	17/61	0.9843404980161716	0.9999966194967124	0	0	0.5718085707824514	0.0090250875226914	FBXW4;PRKN;FBXO27;FBXO2;DAW1;FBXL18;FBXL16;NCCRP1;FBXO42;SPSB3;FBXL8;CKS2;FBXL2;SKP2;FBXL4;FBXL7;SPSB4	Normal_only	GO_Cellular_Component_2023
GO_Cellular_Component_2023	BLOC-1 Complex (GO:0031083)	1/8	0.9838453386830748	0.9999966194967124	0	0	0.2116612285430557	0.0034472355035185	BLOC1S4	Normal_only	GO_Cellular_Component_2023
GO_Cellular_Component_2023	Autophagosome (GO:0005776)	25/83	0.9789989779457664	0.9999966194967124	0	0	0.6378043859046573	0.0135371942676394	MAP1LC3A;MAP1LC3C;FTH1;RAB23;LAMP2;PIP4K2A;PIP4K2C;WASHC1;SH3GLB1;HSPA8;OSBPL7;PEG3;ENTPD4;ATG9B;MAPK15;VMP1;ATG16L2;STING1;RUFY4;TBC1D5;CHMP4C;ULK3;ULK1;SQSTM1;FTL	Normal_only	GO_Cellular_Component_2023
GO_Cellular_Component_2023	MIB Complex (GO:0140275)	2/12	0.9813251335653986	0.9999966194967124	0	0	0.2962880198634388	0.0055854568893435	CHCHD3;MTX2	Normal_only	GO_Cellular_Component_2023
GO_Cellular_Component_2023	Golgi Cis Cisterna (GO:0000137)	6/26	0.9800843601182492	0.9999966194967124	0	0	0.4442802136380573	0.0089374203493202	GOLGA6A;GOLGA6B;GOLT1A;GOLGA8J;GOLGA8M;GOLGA8O	Normal_only	GO_Cellular_Component_2023
GO_Cellular_Component_2023	Golgi Cisterna (GO:0031985)	14/51	0.9800817363583302	0.9999966194967124	0	0	0.5601110248629831	0.0112690452982233	GPR89A;B4GALT1;GOLT1A;GOLGA8J;GOLGA8M;B3GALT6;GOLGA8O;HID1;GOLGA6A;GOLGA5;GOLGA6B;MAN2A1;RAB34;YIPF6	Normal_only	GO_Cellular_Component_2023
GO_Cellular_Component_2023	ATAC Complex (GO:0140672)	2/13	0.988024254445526	0.9999966194967124	0	0	0.2693301732407878	0.0032448986808823	ZZZ3;SGF29	Normal_only	GO_Cellular_Component_2023
GO_Cellular_Component_2023	SAM Complex (GO:0001401)	2/12	0.9813251335653986	0.9999966194967124	0	0	0.2962880198634388	0.0055854568893435	CHCHD3;MTX2	Normal_only	GO_Cellular_Component_2023
GO_Cellular_Component_2023	GBAF Complex (GO:0140288)	2/13	0.988024254445526	0.9999966194967124	0	0	0.2693301732407878	0.0032448986808823	ACTL6B;BCL7A	Normal_only	GO_Cellular_Component_2023
GO_Cellular_Component_2023	Golgi Stack (GO:0005795)	7/31	0.9884569526757734	0.9999966194967124	0	0	0.4318478260869565	0.0050138333459294	NSF;GOLGA5;GALNT2;RAB34;RAB27B;MARCHF9;MARCHF4	Normal_only	GO_Cellular_Component_2023
GO_Cellular_Component_2023	Brahma Complex (GO:0035060)	2/13	0.988024254445526	0.9999966194967124	0	0	0.2693301732407878	0.0032448986808823	ACTL6B;DPF3	Normal_only	GO_Cellular_Component_2023
GO_Cellular_Component_2023	P-body (GO:0000932)	24/83	0.9883426875796518	0.9999966194967124	0	0	0.6017888076092897	0.0070564501426946	APOBEC3C;APOBEC3F;APOBEC3H;LSM1;SAMD4A;WTIP;AICDA;PATL2;ZC3H12D;MOV10;ZFP36;CNOT7;MEX3A;NLRP6;FAM184A;CAPRIN1;ZC3H12A;IGF2BP1;IGF2BP3;IGF2BP2;SQSTM1;APOBEC3A;APOBEC3B;DCP1B	Normal_only	GO_Cellular_Component_2023
GO_Cellular_Component_2023	Mitochondrial Respiratory Chain Complex IV (GO:0005751)	3/17	0.9884160955184956	0.9999966194967124	0	0	0.3173844407392954	0.0036980113438487	COX4I2;NDUFA4L2;COX6A2	Normal_only	GO_Cellular_Component_2023
GO_Cellular_Component_2023	Respiratory Chain Complex IV (GO:0045277)	4/19	0.9783824889359596	0.9999966194967124	0	0	0.3949832360610952	0.0086321976379112	COX8C;COX4I2;NDUFA4L2;COX6A2	Normal_only	GO_Cellular_Component_2023
GO_Cellular_Component_2023	Amphisome Membrane (GO:1904930)	1/9	0.990355099353904	0.9999966194967124	0	0	0.1851880585898709	0.0017947896908013	CHMP4C	Normal_only	GO_Cellular_Component_2023
GO_Cellular_Component_2023	bBAF Complex (GO:0140092)	1/9	0.990355099353904	0.9999966194967124	0	0	0.1851880585898709	0.0017947896908013	ACTL6B	Normal_only	GO_Cellular_Component_2023
GO_Cellular_Component_2023	Multimeric Ribonuclease P Complex (GO:0030681)	1/9	0.990355099353904	0.9999966194967124	0	0	0.1851880585898709	0.0017947896908013	RPP40	Normal_only	GO_Cellular_Component_2023
GO_Cellular_Component_2023	Autophagosome Membrane (GO:0000421)	8/35	0.9907446946093404	0.9999966194967124	0	0	0.438646622768874	0.0040787125684899	SH3GLB1;VMP1;MAP1LC3A;ATG16L2;MAP1LC3C;ENTPD4;CHMP4C;ULK1	Normal_only	GO_Cellular_Component_2023
GO_Cellular_Component_2023	Preribosome, Large Subunit Precursor (GO:0030687)	3/18	0.9923025376869556	0.9999966194967124	0	0	0.296200645641917	0.0022888136803537	NIP7;WDR12;RRP15	Normal_only	GO_Cellular_Component_2023
GO_Cellular_Component_2023	H4/H2A Histone Acetyltransferase Complex (GO:0043189)	6/29	0.992700293530493	0.9999966194967124	0	0	0.3862334141586516	0.0028297312673223	MORF4L1;ACTL6B;ACTBL2;MORF4L2;RUVBL1;POTEE	Normal_only	GO_Cellular_Component_2023
GO_Cellular_Component_2023	NuA4 Histone Acetyltransferase Complex (GO:0035267)	6/29	0.992700293530493	0.9999966194967124	0	0	0.3862334141586516	0.0028297312673223	MORF4L1;ACTL6B;ACTBL2;MORF4L2;RUVBL1;POTEE	Normal_only	GO_Cellular_Component_2023
GO_Cellular_Component_2023	trans-Golgi Network (GO:0005802)	79/241	0.9934635589185634	0.9999966194967124	0	0	0.720112253140581	0.0047224221005795	PCSK2;SYS1;GOLT1A;CLTC;SLC2A4;RAB43;TEPSIN;NDST1;HTR7;CDH1;CA4;MYO18A;DENND5A;CHAC1;CALN1;HLA-DPA1;CHID1;RBFOX1;MME;ATG9B;AP1B1;ELAPOR1;CLIP3;RAB32;TRAPPC6A;RAB31;TMEM79;PICK1;RAB38;CHST4;RAB7B;PHAF1;CHST2;HLA-DQB2;VAMP2;RHOBTB3;PLD4;ATP2C2;MS4A6E;FUT4;TGOLN2;FUT7;VPS51;FUT9;MLANA;MICALL1;CLVS2;RAB29;MARCHF9;MARCHF4;HLA-DQA2;ST3GAL1;HLA-DQA1;AP1M2;CLVS1;CD74;HLA-DRB5;PHETA2;ATP8B3;ATP8B2;PLEKHA3;NSG1;TRAPPC9;PHETA1;IGF2R;TMEM230;BAIAP3;GNAO1;MYO1B;HOOK2;DOP1B;SYT11;RAB13;YIPF6;HLA-DRA;LGR6;LGR5;SLC24A5;HLA-DRB1	Normal_only	GO_Cellular_Component_2023
GO_Cellular_Component_2023	ISWI-type Complex (GO:0031010)	2/13	0.988024254445526	0.9999966194967124	0	0	0.2693301732407878	0.0032448986808823	CECR2;BAZ1B	Normal_only	GO_Cellular_Component_2023
GO_Cellular_Component_2023	Multivesicular Body Membrane (GO:0032585)	4/19	0.9783824889359596	0.9999966194967124	0	0	0.3949832360610952	0.0086321976379112	CD63;CHMP4C;RAB27A;RAB27B	Normal_only	GO_Cellular_Component_2023
GO_Cellular_Component_2023	Neuron Projection Cytoplasm (GO:0120111)	2/10	0.955376386982382	0.9999966194967124	0	0	0.3704220980757293	0.0169097293837432	HIP1R;UHMK1	Normal_only	GO_Cellular_Component_2023
GO_Cellular_Component_2023	Vacuolar Membrane (GO:0005774)	17/59	0.9753013210310412	0.9999966194967124	0	0	0.599138237384506	0.0149837334546918	SH3GLB1;SLC36A1;SLC36A3;ATP6V1G2;SLC36A2;ENTPD4;VMP1;MAP1LC3A;ATG16L2;MAP1LC3C;CHMP4C;ULK1;ATP6V0A4;ATP6V1G3;SLC36A4;ATP6V1B1;ATP6V0A1	Normal_only	GO_Cellular_Component_2023
GO_Cellular_Component_2023	Proton-Transporting V-type ATPase, V0 Domain (GO:0033179)	1/6	0.9546797628806624	0.9999966194967124	0	0	0.2963753723932473	0.013745688699447	ATP6V0A1	Normal_only	GO_Cellular_Component_2023
GO_Cellular_Component_2023	Vacuolar Proton-Transporting V-type ATPase, V0 Domain (GO:0000220)	1/6	0.9546797628806624	0.9999966194967124	0	0	0.2963753723932473	0.013745688699447	ATP6V0A1	Normal_only	GO_Cellular_Component_2023
GO_Cellular_Component_2023	CD40 Receptor Complex (GO:0035631)	2/10	0.955376386982382	0.9999966194967124	0	0	0.3704220980757293	0.0169097293837432	TRAF3;TRAF5	Normal_only	GO_Cellular_Component_2023
GO_Cellular_Component_2023	CMG Complex (GO:0071162)	2/10	0.955376386982382	0.9999966194967124	0	0	0.3704220980757293	0.0169097293837432	GINS4;MCM6	Normal_only	GO_Cellular_Component_2023
GO_Cellular_Component_2023	U5 snRNP (GO:0005682)	3/19	0.9949124739065698	0.9999966194967124	0	0	0.2776648249317109	0.0014162326648683	SNRPD1;SNRPG;SNRPE	Normal_only	GO_Cellular_Component_2023
GO_Cellular_Component_2023	Mitochondrial Intermembrane Space (GO:0005758)	19/62	0.95544367404415	0.9999966194967124	0	0	0.6541601810007117	0.0298162718818176	GUCY2C;COA4;PRELID2;CLPB;MYOC;UQCC2;HSD3B1;NME4;TRIAP1;REXO2;NLN;OPA1;ARL2BP;SDHAF3;COA7;FBXL4;COA6;PRELID3A;PRELID3B	Normal_only	GO_Cellular_Component_2023
GO_Cellular_Component_2023	Endoribonuclease Complex (GO:1902555)	4/17	0.9558634248298876	0.9999966194967124	0	0	0.4558263045783224	0.0205761075074519	POP1;RPP40;RPP25L;TSN	Normal_only	GO_Cellular_Component_2023
GO_Cellular_Component_2023	Golgi Cisterna Membrane (GO:0032580)	7/27	0.9605882375382894	0.9999966194967124	0	0	0.5183913043478261	0.0208442213207106	GOLGA6A;GPR89A;GOLGA6B;GOLGA8J;GOLGA8M;GOLGA8O;ST3GAL1	Normal_only	GO_Cellular_Component_2023
GO_Cellular_Component_2023	Ino80 Complex (GO:0031011)	3/14	0.9620284555827592	0.9999966194967124	0	0	0.4040454206831162	0.0156411029463809	INO80C;RUVBL1;ACTR8	Normal_only	GO_Cellular_Component_2023
GO_Cellular_Component_2023	nBAF Complex (GO:0071565)	3/14	0.9620284555827592	0.9999966194967124	0	0	0.4040454206831162	0.0156411029463809	ACTL6B;DPF1;DPF3	Normal_only	GO_Cellular_Component_2023
GO_Cellular_Component_2023	cis-Golgi Network (GO:0005801)	18/60	0.962695789384892	0.9999966194967124	0	0	0.6344605761199865	0.0241208054193404	TRAPPC3L;CCL13;TMED10;KDELR1;COPZ2;GOLGA8J;GOLGA8M;GOLGA8O;GOLGA6A;TRAPPC6A;GOLGA5;GOLGA6B;RAB29;MAP6;MAP6D1;KDELR2;KDELR3;RNF183	Normal_only	GO_Cellular_Component_2023
GO_Cellular_Component_2023	Cytoplasmic Dynein Complex (GO:0005868)	5/21	0.9651581601193988	0.9999966194967124	0	0	0.4628896547441629	0.0164155921823419	DYNC2H1;DYNLT1;DYNLT3;DYNLRB2;DYNC1I1	Normal_only	GO_Cellular_Component_2023
GO_Cellular_Component_2023	Cul3-RING Ubiquitin Ligase Complex (GO:0031463)	9/35	0.9760969711668452	0.9999966194967124	0	0	0.5125640388438599	0.0124006369865278	KLHL25;GAN;KCTD10;ENC1;ZSWIM8;KLHL22;KLHL40;KBTBD8;KLHL42	Normal_only	GO_Cellular_Component_2023
GO_Cellular_Component_2023	Mitochondrial Outer Membrane Translocase Complex (GO:0005742)	5/21	0.9651581601193988	0.9999966194967124	0	0	0.4628896547441629	0.0164155921823419	CHCHD3;MTX2;TOMM20L;PRICKLE4;TOMM5	Normal_only	GO_Cellular_Component_2023
GO_Cellular_Component_2023	Cyclin-Dependent Protein Kinase Holoenzyme Complex (GO:0000307)	11/40	0.9676141817606136	0.9999966194967124	0	0	0.5616583952617278	0.0184908299117458	CCNA2;CDKN1A;CCNB1;CCNY;CDK4;CCNI2;CDK1;CKS2;CCNO;CDK5R2;CCNJL	Normal_only	GO_Cellular_Component_2023
GO_Cellular_Component_2023	Lysosomal Membrane (GO:0005765)	127/356	0.9680997819997588	0.9999966194967124	0	0	0.8192194804980258	0.0265591909474447	SPAAR;CSF3R;HFE;RAB3D;SPPL2A;CLU;RAB44;LAPTM4A;ANPEP;LAMP2;C3AR1;PGAP6;ENPP1;SLC39A8;HLA-DOA;BORCS7;HLA-DOB;AP2M1;BORCS6;NSF;RAB2A;VPS18;ATP6V0E1;SLC30A2;MYL11;STX7;AP1B1;MYO7A;HLA-F;RAB37;TMEM79;EEF1A2;CHMP4C;CFTR;GPLD1;BRI3;FPR1;MGST1;ABHD6;PLD1;DPP4;SYNGR1;PSAP;SLC38A7;ATP6V0A4;HLA-DQA2;ATP6V1C1;HLA-DQA1;AP1M2;ATP6V0A1;ATP6V1C2;CTSA;HSPA8;HLA-DRB5;ABCA5;SURF4;TMEM192;NKG7;DNAJC13;HPS6;VASN;GPR137C;BST2;GNAO1;DAB2;HLA-DRA;RNF183;HLA-DRB1;PIGR;B4GALT1;PLEKHF1;CLTC;LPCAT1;ECE1;SLC2A6;SLC2A8;PIP4P2;ANXA6;FLOT1;ACP3;SLC37A3;HLA-DPA1;SLC36A1;TASL;MANBA;SEC13;ANXA2;STARD3NL;SPHK2;PLA2G4E;NFAM1;TFEB;VPS13A;SLC39A14;CKAP4;DDOST;VAMP8;RNF167;CEACAM6;COL6A1;TLR9;TLR8;VAMP1;HLA-DQB2;SLC29A3;CD63;LRP2;AP3M1;HLA-DMA;HLA-DMB;SLC17A5;LRRC8E;CD74;MCOLN3;SLC31A2;EGF;LAPTM5;MEAK7;AP2B1;MCOLN2;GPR143;P2RX4;OSTM1;SLCO4C1;VPS41;CD68;LAMTOR4	Normal_only	GO_Cellular_Component_2023
GO_Cellular_Component_2023	U1 snRNP (GO:0005685)	4/18	0.9689834946067042	0.9999966194967124	0	0	0.4232318035869507	0.0133350609797722	SNRPD1;SNRPG;SNRPB2;SNRPE	Normal_only	GO_Cellular_Component_2023
GO_Cellular_Component_2023	Kinetochore Microtubule (GO:0005828)	4/18	0.9689834946067042	0.9999966194967124	0	0	0.4232318035869507	0.0133350609797722	CENPE;KIF18A;ZWILCH;CHMP4C	Normal_only	GO_Cellular_Component_2023
GO_Cellular_Component_2023	U12-type Spliceosomal Complex (GO:0005689)	7/28	0.970692319509373	0.9999966194967124	0	0	0.4936645962732919	0.0146844140958511	RBMXL2;SNRPD1;SF3B6;SNRPG;SNRPE;YBX1;SNRNP25	Normal_only	GO_Cellular_Component_2023
GO_Cellular_Component_2023	TRAPPII Protein Complex (GO:1990071)	2/11	0.9710390259583344	0.9999966194967124	0	0	0.3292364990689013	0.0096758063567496	TRAPPC14;TRAPPC9	Normal_only	GO_Cellular_Component_2023
GO_Cellular_Component_2023	Amphisome (GO:0044753)	2/11	0.9710390259583344	0.9999966194967124	0	0	0.3292364990689013	0.0096758063567496	CHMP4C;SQSTM1	Normal_only	GO_Cellular_Component_2023
GO_Cellular_Component_2023	U2 snRNP (GO:0005686)	6/25	0.9725472971473612	0.9999966194967124	0	0	0.4677026064104492	0.0130192363768237	SF3A3;SNRPD1;SF3B6;SNRPG;SNRPB2;SNRPE	Normal_only	GO_Cellular_Component_2023
GO_Cellular_Component_2023	MICOS Complex (GO:0061617)	1/7	0.9729418489509194	0.9999966194967124	0	0	0.2469587884806355	0.0067743174579871	CHCHD3	Normal_only	GO_Cellular_Component_2023
GO_Cellular_Component_2023	U6 snRNP (GO:0005688)	1/7	0.9729418489509194	0.9999966194967124	0	0	0.2469587884806355	0.0067743174579871	LSM5	Normal_only	GO_Cellular_Component_2023
GO_Cellular_Component_2023	Death-Inducing Signaling Complex (GO:0031264)	1/7	0.9729418489509194	0.9999966194967124	0	0	0.2469587884806355	0.0067743174579871	FADD	Normal_only	GO_Cellular_Component_2023
GO_Cellular_Component_2023	Mitochondrial Proton-Transporting ATP Synthase Complex, Coupling Factor F(o) (GO:0000276)	1/7	0.9729418489509194	0.9999966194967124	0	0	0.2469587884806355	0.0067743174579871	ATP5MGL	Normal_only	GO_Cellular_Component_2023
GO_Cellular_Component_2023	Proton-Transporting V-type ATPase Complex (GO:0033176)	5/21	0.9651581601193988	0.9999966194967124	0	0	0.4628896547441629	0.0164155921823419	ATP6V1G2;ATP6V0A4;ATP6V1G3;ATP6V0A1;ATP6V1B1	Normal_only	GO_Cellular_Component_2023
GO_Cellular_Component_2023	Lytic Vacuole Membrane (GO:0098852)	95/287	0.9951401784939676	0.9999966194967124	0	0	0.7302558245415725	0.0035575645442594	SPAAR;CSF3R;PLEKHF1;SPPL2A;ECE1;CLU;SLC2A6;SLC2A8;PIP4P2;LAPTM4A;ANPEP;LAMP2;PGAP6;ANXA6;FLOT1;ENPP1;SLC39A8;ACP3;HLA-DOA;HLA-DOB;SLC37A3;AP2M1;HLA-DPA1;NSF;RAB2A;SLC36A1;VPS18;SEC13;ATP6V0E1;ANXA2;STARD3NL;SPHK2;SLC30A2;PLA2G4E;MYL11;STX7;AP1B1;TFEB;VPS13A;MYO7A;HLA-F;SLC39A14;VAMP8;RNF167;TMEM79;COL6A1;CHMP4C;CFTR;GPLD1;HLA-DQB2;SLC29A3;CD63;ABHD6;LRP2;PLD1;DPP4;AP3M1;HLA-DMA;HLA-DMB;PSAP;SLC17A5;SLC38A7;ATP6V0A4;HLA-DQA2;ATP6V1C1;HLA-DQA1;AP1M2;LRRC8E;ATP6V0A1;ATP6V1C2;CD74;HSPA8;HLA-DRB5;MCOLN3;ABCA5;SLC31A2;EGF;LAPTM5;MEAK7;TMEM192;DNAJC13;HPS6;MCOLN2;VASN;GPR137C;GNAO1;GPR143;DAB2;P2RX4;OSTM1;VPS41;HLA-DRA;RNF183;LAMTOR4;HLA-DRB1	Normal_only	GO_Cellular_Component_2023
GO_Cellular_Component_2023	RNA Polymerase II, Core Complex (GO:0005665)	1/14	0.9992669857362098	0.9999966194967124	0	0	0.1139141394851424	8.353130765154638e-05	POLR2L	Normal_only	GO_Cellular_Component_2023
GO_Cellular_Component_2023	Euchromatin (GO:0000791)	10/44	0.99561883001086	0.9999966194967124	0	0	0.4352736496611817	0.001911197555425	H3-5;UHRF1;CBX3;TCF23;PSG1;PADI2;ANKRD2;EXOSC3;H1-0;H1-3	Normal_only	GO_Cellular_Component_2023
GO_Cellular_Component_2023	U4/U6 X U5 tri-snRNP Complex (GO:0046540)	4/35	0.9999637072434628	0.9999966194967124	0	0	0.1908645545839458	6.9271265141069535e-06	SNRPD1;SNRPG;SNRPE;LSM5	Normal_only	GO_Cellular_Component_2023
GO_Cellular_Component_2023	Mitochondrial Matrix (GO:0005759)	107/355	0.9999683177149864	0.9999966194967124	0	0	0.634695171434368	2.0108911867960733e-05	ISCA2;ACAA2;ACSM3;ACSM1;ACSM6;ACSM5;ALDH1L2;GCSH;TP53AIP1;ABHD10;FPGS;PDK4;PDK3;MTERF1;PDK1;ACOT9;GPT2;POLRMT;LARS2;LACTB2;MTHFD2;PDE12;BOLA3;ACOT2;FDX2;SUCLG2;TFAM;FECH;SHMT2;GLYAT;PRDX3;CCNB1;CYP11A1;THEM5;THEM4;PCK2;MPST;AGXT2;UQCC2;PDE2A;IDH2;PYCR1;MTHFS;DNAJC15;ACSF2;COQ5;ALDH6A1;ARL2BP;CPS1;NDUFAF7;AKR1B15;CDK1;LDHAL6B;ACADVL;ALAS2;FASTKD1;HIBADH;FASTKD3;OGG1;ACSM2A;MRPL35;ACSM2B;ACADL;ALDH2;ACP6;ME3;TK1;HMGCS2;AASS;BCKDHA;AMT;DARS2;TFB2M;REXO2;SMDT1;ALDH5A1;BDH1;IVD;CASQ1;NAT8L;FXN;ACSS3;ACSS2;GLS2;TYMS;HSD17B8;HSPD1;FTMT;MTHFD1L;ALDH1B1;ERBB4;D2HGDH;BCO2;NUBPL;GSR;NMNAT3;ATP5F1E;ETNPPL;WARS2;PDP1;GARS1;PDP2;MTRES1;KRT17;TRMT5;SARDH;NAGS	Normal_only	GO_Cellular_Component_2023
GO_Cellular_Component_2023	Precatalytic Spliceosome (GO:0071011)	8/52	0.9999721751440744	0.9999966194967124	0	0	0.2687855069517388	7.479022057679343e-06	SF3A3;SNRPD1;SF3B6;SNRPG;SNRPE;SNRPB2;LSM5;MAGOHB	Normal_only	GO_Cellular_Component_2023
GO_Cellular_Component_2023	Spliceosomal tri-snRNP Complex (GO:0097526)	4/36	0.9999753267803754	0.9999966194967124	0	0	0.184884515087545	4.561752522739996e-06	SNRPD1;SNRPG;SNRPE;LSM5	Normal_only	GO_Cellular_Component_2023
GO_Cellular_Component_2023	U2-type Precatalytic Spliceosome (GO:0071005)	7/49	0.9999793119042772	0.9999966194967124	0	0	0.2463975155279503	5.097548116554504e-06	SF3A3;SNRPD1;SNRPG;SNRPE;SNRPB2;LSM5;MAGOHB	Normal_only	GO_Cellular_Component_2023
GO_Cellular_Component_2023	Histone Acetyltransferase Complex (GO:0000123)	2/27	0.9999800064075272	0.9999966194967124	0	0	0.1183662321539416	2.36658986662752e-06	SGF29;TAF5L	Normal_only	GO_Cellular_Component_2023
GO_Cellular_Component_2023	Mitochondrial Ribosome (GO:0005761)	1/22	0.9999855975328452	0.9999966194967124	0	0	0.0704709887927365	1.0149634104508357e-06	MRPL35	Normal_only	GO_Cellular_Component_2023
GO_Cellular_Component_2023	Transcription Factor TFIID Complex (GO:0005669)	5/42	0.9999861004102948	0.9999966194967124	0	0	0.1998160604717981	2.7773805593620373e-06	TAF13;TAF10;TAF9;TAF5L;GTF2H5	Normal_only	GO_Cellular_Component_2023
GO_Cellular_Component_2023	Intracellular Membrane-Bounded Organelle (GO:0043231)	1741/5175	0.9999886258574228	0.9999966194967124	0	0	0.6830222990819739	7.768837195128944e-06	SPI1;TFRC;PWWP2B;ITSN1;SCX;TESK2;SLA2;FAM110A;ZC3H12D;SPIB;CRHBP;MEIOSIN;ZC3H12B;ZC3H12A;MNX1;ESX1;BHLHA15;ISL1;ISL2;ATF5;ATF3;SET;CDCA2;CRABP2;SHMT2;SHMT1;CRABP1;GATA5;ZNF22;ZC3HAV1;GATA3;GATA1;RDH16;C19ORF33;JUP;BTBD18;CYP4F2;FUCA1;TEX35;MAGOHB;LARP6;PBX1;FAM111B;MOV10;PKIB;PYDC1;L1TD1;PKIG;ZNF496;NCAPG2;BHLHE41;TFCP2L1;HOXC10;MED18;CASP14;MECOM;OLR1;ZNF488;SLC18A2;DLGAP5;DUSP4;ZNF485;DUSP2;DUSP1;RMI1;SPHK2;SPHK1;TEX15;FOS;ZNF57;BAZ1B;DUSP9;SETSIP;TEX19;DDB2;MED28;MMP12;MMP14;PLSCR1;PLSCR2;MED20;PPARG;ERGIC1;APCS;ZNF471;SPESP1;SYNPO2;KCNA6;AGR3;STX2;SPDEF;RIC3;EGLN3;MBD5;EGLN2;ODAM;ATAD2;WTIP;CENPE;NUDT21;CENPF;PKN1;CENPP;FRK;CDKN3;PDCD5;MPV17L;NUDT11;GARIN4;NUDT16;FADS1;SYBU;KCNH1;CDKL4;DGAT2;KMT5C;RAD21L1;CTNNBIP1;TBR1;TC2N;CDC25A;CDC25B;MSH6;SMO;PKP2;PKP1;GMNC;PKP3;CDKL1;FTO;DLX4;KMT2B;FBXO43;CYP2C19;CORO1A;CYP2C18;SMYD2;SMYD1;ZKSCAN5;SMYD3;IP6K3;IP6K2;NEK6;NDC80;ARPC3;MOB2;SP140L;ONECUT2;NUMA1;TNFSF13B;EXO1;EXO5;ACP3;NKX3-2;MSMB;NKX3-1;PIERCE1;ACTR3;ACTR8;ARL4C;ARL4A;HAND1;TMBIM6;AGXT;GAPDH;SPACA9;UHRF1;TBXT;ZNRF2;CDC45;CCDC85B;IGF2BP1;E2F3;FYN;IGF2BP3;IGF2BP2;DRAM2;PCDH1;TBX1;H2AZ2;GZMA;GZMB;FAM209B;EXOG;FAM209A;SYT13;TBX5;GZMH;HCRTR1;TBX2;TSPAN15;POU2AF3;POU2AF2;PDCD4;KCNK1;NOP53;TRIM32;CPNE7;ECI2;MT1X;IKZF1;LDLRAD4;NUDT5;IKZF3;ACTB;MT2A;STS;H2BC12L;MCIDAS;SNRPD1;FBXO5;LGALS9;TRIM27;CCDC92;TRIM21;TP63;TRIM22;CIRBP;CYP39A1;MT1A;SUB1;BTK;MT1F;MT1G;MT1H;TRIM15;TRIB3;TRIB1;TRIB2;ROPN1;MT1E;PXT1;ADCYAP1R1;EPAS1;LPAR4;TTBK1;RACGAP1;XRRA1;HLTF;APOE;APOB;LYAR;APOBEC3C;APOBEC3F;APOBEC3H;DDIAS;PTK6;BST2;NDUFAF3;CALR;CIBAR1;APOBEC3A;APOBEC3B;LDHAL6B;TP73;CSRNP1;CSRNP3;ICA1;OTUD7A;NAT14;MAP1LC3A;CHAMP1;SPTAN1;ZHX2;ZHX3;APOBEC2;SYK;PABPC4;PABPC5;CACYBP;KIN;TOX3;TOX2;DEPDC1;FAM193B;EEF1E1;ARHGEF5;PCNA;HSD17B3;PRICKLE4;HSD17B2;MSX1;DYNC1I1;H2BC9;IL33;H2BC8;H2BC5;IL37;SH3RF2;SEC23IP;SEMG2;TCEA3;TTC3;PAGE4;PRDM1;YARS1;ETS1;ACTG1;LOXL2;ZNF85;TEKT2;RAG1;TGM2;BORA;SPINK5;ADAM10;POU3F1;POU3F3;SPOCD1;PCP4;EEF1A2;WDFY1;PPIB;PPIC;DDX4;TCF7;PLD4;CACNA1A;BHLHE22;PLD1;INAVA;PLD2;SYCE3;IRAK1;LPXN;ECT2;MAGEA11;MAGEA10;RAI2;TFAP2A;TFAP2B;CAV3;TFAP2E;PCIF1;RPP40;USB1;HOOK2;UBE2S;UBE2T;BHLHE40;MKRN2;UBE2N;NABP1;FGF12;DYRK4;DYRK3;LDB1;CYP4A22;HP1BP3;RERG;RND1;ZIC2;ZIC3;ZIC1;GET1;MYBL1;MYOCD;OLIG3;CYP4A11;OLIG1;ETV2;OLIG2;ETV3;TENT5B;ETV5;ETV6;ETV7;EPN3;ELF3;ELF5;CRY2;PTGES3L;FBP1;OTUB2;ASAP3;RNF2;CAND2;CBS;TBX22;ASB10;FAM241B;TBX21;TBX20;MKNK2;BNIP1;PTK2B;CDK11A;EYA2;BNIP3;HSD3B1;EYA4;ZNF804A;ZIC4;ZIC5;MUC5B;TBX18;WARS1;RSPH1;TEF;ERCC2;ERCC8;ACKR2;BNIPL;PHB1;PHAX;ADARB1;ELK1;SMC2;NYNRIN;EVA1A;TFG;ZMIZ2;CMKLR2;PRKCB;MAP1S;PRKCE;DDX11;PRKCD;HUS1;DNAAF4;ATG12;GTPBP4;PRKD2;SPANXA1;CTBP2;WDR62;LDHA;ZSCAN10;HMOX1;BARD1;NAA50;NFE2;PHC2;NFE4;PHC1;PLK1;NR1D1;ELL3;NFATC4;FOSL1;EHD2;EHD3;GJB3;PPT1;SNAI1;SNAI2;GTF2IRD1;PPT2;GAPT;CDKN1C;DENND1C;MESP1;CDKN1A;RARG;CDKN1B;DENND1A;PHF23;SETD6;PHF7;AIFM2;TCTN3;ADAMTSL3;PEA15;PBK;PHF24;TEAD2;ZNF366;HELLS;COPZ2;CDYL2;GCHFR;TUBB2B;TUBB2A;KIFC2;NANOGP8;PLIN5;ASCL2;APOL4;PPP1R8;NSD2;TP53TG5;RUNX1T1;PCGF6;GSN;CDKN2A;TUBB4A;HIPK2;DHRS9;FOSB;CEP43;CSF2;PARK7;CLU;CDC14B;TM7SF2;RAB43;SALL1;SALL3;CFL1;LAMP2;PAPOLB;RAB2A;SERF1A;TLE1;SSUH2;MAGI2;DIO3;GOLGA8J;GOLGA8M;GOLGA8O;PGD;HIC1;TLE6;LBHD1;SNRPG;ZNF316;PGR;SNRPE;SNRNP25;PPEF1;TOX;PPEF2;IPPK;BRSK1;MAGEL2;PARM1;TPPP;AP1M2;AKIRIN1;OSBPL7;OSBPL6;OSBPL2;NSG1;FANCE;COPRS;GOLGA6A;DAB2;UBOX5;GOLGA6B;LHX3;P4HA1;LHX2;P4HA2;PIP;BCL2;LHX6;LHX5;REEP6;COPS8;MAP3K14;LHX9;ZNF771;CPQ;TRH;ZC3H6;SYNE2;H1-10;PIK3C2B;SCRN1;TNPO1;ADAMTS9;RFC4;CEMIP2;TSN;SMC1B;TFDP1;DNAJC6;TFDP3;NOS1AP;MCM6;CRK;ZNF750;CEBPA;HDAC5;MTPN;CEBPE;TTK;NLRC4;CYP3A4;HDAC9;CYP3A5;DNAJB2;STOX2;RAB20;VPS51;NOCT;RAB29;STOX1;JAZF1;POLR2L;UGT1A6;PPIL1;TAFA2;MAB21L2;POLR3G;POLR3H;PANK1;AQP8;GFI1;AQP9;AQP1;FERD3L;PABPN1L;FRAT1;RPS6KA5;FRAT2;MAGEA8;RPS6KA2;FTH1;PCLAF;GSC2;KRT2;KRT1;P3H2;AP1B1;KRT8;P3H4;KNL1;ESCO2;KRT5;KRT9;UHMK1;NEIL3;CYP2U1;MAGEB2;SIK1;NEIL1;CFTR;CASZ1;DCUN1D5;MAGED1;DCUN1D3;STXBP2;TWIST2;C2CD4A;TWIST1;C2CD4B;TXN;FXR1;ZNHIT6;DND1;MAGEC3;RALGDS;ATP6V0A1;SPTBN2;MAGEE2;TYR;TPX2;CABYR;CYP2S1;MAGED4;MAGED2;DCP1B;TOP2A;DET1;TENM2;CITED1;CITED2;MEOX1;SPPL3;UBXN8;TMED2;FEZF2;PARP4;IZUMO4;PARP1;STRADB;PROX1;CBFA2T3;HCK;UGDH;RGS7BP;VGLL2;VGLL1;HMX1;DTYMK;TYMS;AIF1;CYP7A1;TCEAL7;FTMT;KISS1R;FAM47E;APBB2;METTL6;PURG;NFYC;GINS4;GRHL3;SORBS1;GRHL1;GRHL2;CYP2W1;NR6A1;CAPZA3;MEGF8;SPPL2A;MYRFL;HOXA11;DOCK10;HOXA10;SACS;TRAPPC14;FAM81B;TMEM38B;LMO1;MLIP;H2AC8;LIG1;KDM2B;LMO3;C2ORF16;MYCN;SRARP;NUPR2;IDI2;PMF1;FAM83G;UBD;NLRP2;NLRP3;CLSPN;CBX8;CYP2J2;CBX7;CBX6;CPSF6;CPSF1;HELT;CBX4;CBX3;EIF2S2;POU2F2;POU2F3;DIAPH1;DIAPH2;DIAPH3;AMACR;TLX3;TLX2;TLX1;MYF6;MAP6D1;BLMH;SAE1;FGFR2;FGFR1;CGAS;SIX1;YBX2;YBX1;NR2E3;DBP;SIX4;SIX2;CYP2R1;BLNK;RIMBP3C;NOS1;RIMBP3B;KDM6B;STPG4;AXIN2;IQCN;TRAPPC6A;DCT;OAS1;PFDN2;LTF;PDXK;PERM1;LEF1;CIART;NXF1;MAPK9;MAPK8;NXF3;MCRIP1;FAM120A;BPY2;MAPK1;HES1;GBP2;BUB1;HES2;NXF5;GBP4;HES5;S100PBP;MAPK4;HES4;SNCA;TCF7L1;NOS2;NOS3;KDM4E;LIMK2;LIMK1;PPP2R3B;DES;WEE2;CDK2AP1;LPIN2;CSNK1A1L;ZNF296;NEXMIF;TMEM91;NKX1-2;LIPK;UBASH3A;CHID1;HES6;RBFOX1;RBFOX3;CSNK2A3;ZNF281;CSNK2A2;RFX2;HDHD3;SND1;RBP7;FLG2;ZFYVE16;EID3;CLDN9;CLNS1A;TBPL2;PADI3;CYP2E1;PADI4;CGGBP1;AIRE;SHOX2;MRPL19;AGAP2;NCAPG;COPS7A;DAZ1;SLC5A1;AGAP3;SLC5A5;CYB5R2;HSD11B2;CYP2B6;FIGNL1;WBP2NL;PPARGC1A;ZNF268;PPARGC1B;CTC1;CFAP74;ABCA3;ABCA4;NR0B1;ABCA7;H1-0;H1-3;CYP2C9;H1-4;CYP2C8;H1-7;TMEM98;NOX4;PSMG1;ZBTB8B;ATF7IP2;HEXA;MRPL36;PTH1R;MYPN;TUBA1A;HEY2;C11ORF24;HLA-DPA1;DFFB;DFFA;ACTL6B;ARG1;MYOF;PGAM2;EMP2;SIRT7;POU5F1;GON7;PSMA5;GPRC5A;BDH1;GPRC5D;GPRC5C;SLC29A3;VAMP2;SMTNL1;LRRC18;RPS27L;FSTL3;GLRA1;TUBA3E;FOXS1;HLA-DMA;MYCT1;GLRA3;HLA-DMB;RECQL5;PSMB5;STAT4;FLNA;PRAME;NCDN;PABPC1L2A;EVC2;SLC16A1;STAT1;UTP3;STAT2;GSX2;FABP9;GATAD2B;BYSL;HEYL;FABP2;LRG1;FABP4;FABP5;FABP6;FABP7;ZNF219;MPLKIP;RIMBP3;ERO1A;RORC;RORA;RORB;SESN1;RUVBL1;PIM1;KPNA7;KPNA2;PITX2;KPNA1;PITX3;PPP1R16B;S100A1;FOXP3;MYT1;FOXP2;SAP30;OLFM2;MAF;FSCN1;S100A6;S100A5;S100A4;S100A9;SQSTM1;KPNB1;S100A8;OSBP2;S100A7;LRRC59;GPR88;ECSCR;TACSTD2;FOXO6;FOXO4;FHIT;GLIS2;DEFA6;ZBTB10;FOXN4;MCC;AICDA;ZC3HC1;MLXIPL;RGCC;STK24;MDM2;ZNF653;ZNF652;ARHGAP11A;PPP1R13B;CELF2;CELF3;CELF4;FHL2;CELF5;FHL3;CELF6;MCM10;FASLG;PIK3CB;FOXM1;SUMO1;MB;PPP1R13L;SUMO3;PMEPA1;CCIN;HMG20A;EID2B;DSP;OVGP1;EMX1;PEG3;FOXL2;FOXL1;DDOST;NSMCE4A;DSG1;BIRC5;DSG2;SLC25A10;BIRC7;AHDC1;CXXC1;KATNB1;PARD6G;ZBTB42;BARX1;BARX2;CECR2;GANAB;PARD6B;PARD6A;IFI16;SH3BP1;CYB5B;HIP1R;FOXJ1;SNRK;NOVA2;PTPN6;PABPC1L;JPT1;KHDC3L;KDELR1;RTCA;FOXI1;UBE2L6;IFI35;IFI30;RASSF2;RASSF5;FAM53C;RCC1;FAM53B;CCN3;NSMCE3;SFMBT2;HNF1A;HASPIN;ASRGL1;GCAT;FNDC8;CCNY;ZNF711;KDELR2;KDELR3;KIF20A;KIF20B;SPATA18;CCNO;L3MBTL1;FOXG1;PTTG1IP;CD1C;CD1B;ART4;UBE2J1;RAB11FIP1;DHX33;PCBP3;ZNF706;PGBD5;ERI1;ZNF704;ZNF703;ZBED2;ZBED6;TSPAN1;RBM11;SEC31A;CTSA;FOXF2;FOXF1;XRCC2;DCLK3;MICAL2;TH;ARMC12;CALM3;MKX;CD24;CCNJL;VSX2;PCSK2;GASK1A;SUV39H2;FOXE3;INTS13;FOXE1;PTPRN;CTSZ;TECR;SLC7A14;AKR1B1;BRCA1;IDE;KIF11;BRCA2;CTSL;CTSK;HNF4A;ENC1;CTSH;FAM170A;CTSG;QSOX1;CTSE;LMCD1;AASS;CTSC;SEC13;FOXD1;NLRP2B;STARD3NL;ACAD9;PLAAT1;KIF23;KIF22;OOEP;SUPT3H;NR5A1;NR5A2;CCNI2;NCOA7;ZNF780B;SFI1;PRKN;FOXC2;CD63;SPINDOC;IGHMBP2;FAAP24;CRYBA1;ARVCF;RXRA;EXOSC9;HSF4;HSF5;EXOSC3;MARCHF3;PAK2;CD74;NPM1;NPM2;CAVIN1;GCH1;MOK;PER2;GARS1;PER1;GFI1B;NLRP12;PER3;STK17A;RPA4;FOXA3;MAD2L1;FOXA1;DPAGT1;CD84;WWC1;BCCIP;GIMAP4;MPO;KLHL31;NPPB;RGS2;RGS3;NPPA;CAPN3;PDGFRB;PDGFRA;G6PD;SLC30A9;SLC30A2;RUNDC3A;DPEP1;GCM1;TMED10;KLHL15;VCX;ACACB;TAF5L;NKAPL;CCNB1;MSC;PRODH;BCL9L;MIR9-1HG;HMGA1;KLHL22;MSN;EVX1;ISG15;EVX2;ZFHX4;ISG20;PHF19;EDA;RHOXF1;CHD7;TRIAP1;SOBP;CALB2;H2BC26;SFR1;H2BC21;ZNF385C;HORMAD1;CFAP45;ZNF385A;RBM15;NCBP2;UBE2QL1;PLA2G4A;GLRX2;CCNA2;H2BC12;CREB3;H2BC13;H2BC15;IRF4;TBC1D5;IRF7;IRF8;RBM20;IRF5;IRF6;LAMA5;RBM47;MVK;DDX25;MVP;TAF9;DDX20;CSTF2T;AURKA;ATOH7;MARVELD3;SMNDC1;ATOH1;TAF13;TAF10;MX1;ATP2B3;ATP2B2;S100B;MAPK15;MAPK12;MAPK13;GLB1;S100P;FAM98A;RBM45;RBM46;CLUAP1;FAM50B;RAN;FAM50A;NUP37;EHF;ENO1;ABCA12;H2AC15;ABCA13;BACH2;DCAF6;GPR174;ZNG1F;USP17L7;H2AC13;USP17L4;HENMT1;SOX17;SOX18;CREB3L1;SOX15;CREB3L2;MYB;HOXA3;CYP1B1;HOXA2;DIP2B;HOXA7;JUNB;IER2;MED1;NKX2-8;NKX2-6;DAPK2;SOX11;PASK;SOX10;UNC13D;SULT2B1;RNF126;RNF125;BIN1;TYRO3;HOXB4;HOXB1;ANKK1;HOXB8;HOXB7;PRR11;GPLD1;HOXB6;HOXB5;TSPYL5;RD3;HOXD1;HSPA4L;VPS26C;MEFV;HIF1A;PRDX3;PRDX4;TERT;NKX2-1;PLCG2;HOXC5;S100A13;HOXC4;S100A12;HOXC9;HOXC8;RREB1;HOXC6;RBMY1A1;CDK18;JUND;TMEM190;TMEM192;MAD2L1BP;SLC16A10;CDC7;CDC6;ST18;THAP10;SOX30;ACR;CPEB1;CYP1A2;H2AC21;CYP1A1;REL;HOXD4;HOXD3;CDK15;ITK;TGFB1I1;OGG1;CLTB;TCF21;FMN2;GLI2;ZCWPW1;CSRP3;TRIM7;TMSB4X;RIOK2;AP3S1;SERPINB3;TIGD3;SLC2A14;BATF2;TIGD2;ANXA2;TCF15;HSBP1;TESC;EN2;HSFX1;AEN;RIPPLY1;ITPKB;ITPKC;RIPPLY3;RIPPLY2;TAL1;ITPKA;RGN;PHLPP2;CCL13;CTDP1;PHLPP1;SF3B6;HOXD10;HSFY1;MIPOL1;MISP;SF3A3;TIGAR;AGK;SEPTIN4;USP17L2;POU4F1;ADAT3;POU4F3;NMNAT1;MORN3;ZYX;HYLS1;LAMTOR4;HSPA1B;HSPA1A;IRS1;CTNND2;FAM107A;SERTM2;SERTM1;PYCARD;ZFP36;TUBB6;GRB14;TUBB3;GRAP2;CHP2;MACROD1;MAEL;PHLDA1;NKX6-2;MOB3B;CLIP3;CLIP2;KIAA1614;NCL;GAPDHS;ERH;ERG;TNIK;DGKI;CSF1R;NOTCH4;ABHD5;AK5;NEUROD1;RAD51AP1;NEUROD2;STRA8;ADAP2;NACC2;BAG1;NACC1;PSAP;ABL1;NDN;NKX6-1;KIAA0319;ZNF541;ZNF540;TOR1A;TNK2;ANKRD23;ESRRB;LSM1;GLMP;DHCR24;ESRRG;LSM5;ADAP1;CYP4F12;BTBD8;HOPX;ZFP69;CNOT7;MAFB;SCCPDH;RIOX1;CDK4;RCAN3;NF1;CDK1;MAFK;NF2;RAD9A;BNC2;SYCP2;RNF14;ADRA1D;PTPN22;ADRA1B;DUSP16;INSL6;DUSP12;DUSP10;GM2A;TASL;REXO1;RANGAP1;DUSP26;REXO2;PATL2;C15ORF48;PTP4A1;ASPM;PTP4A2;PTP4A3;ETV3L;ESRP2;ESRP1;ANG;TESMIN;VSTM2A;ACSS3;WBP2;TYRP1;DPCD;C3ORF38;ZNF503;TNNI2;SNRPB2;EEIG1;IRX2;SKOR1;IRX5;IRX6;CMA1;SPAG6;IRX3;IRX4;AHNAK2;KLF5;INSM2;INSM1;PFKM;FOLR1;PKD2L1;SOX2;GOLGA5;SOX1;ZNF608;CHEK2;CHEK1;HABP4;SOX8;SOX9;SOX6;SOX7;SOX5;VCX3B;VCX3A;TIPIN;MTUS1;PSG1;MTUS2;JMJD7;OVOL1;OVOL3;RUNX2;ZPBP;OVOL2;RUNX1;TCERG1L;RRAGD;TFAM;PFN1;LLGL2;IGSF8;BEX1;TSHZ3;ANP32A;KLK1;EIF5A2;TSHZ2;MGST2;STC1;KLK3;DPH3;MAP6;TRMT1L;DTNB;BCL11B;GADD45B;BCL11A;GADD45A;MEIG1;PDE2A;CIDEA;STAM;GADD45G;SPART;CYP27C1;DMRTC1;OCM2;CC2D1A;INKA1;FEN1;CLIC3;ZBTB8OS;ADIRF;ANKRD1;ANKRD2;PACRG;PRMT8;STRBP;TFEB;AP3B2;NME1;RHOB;RAD51D;RAD51C;MDFIC;CCKBR;NME8;TFEC;MAPRE3;MAPT;DNASE1L2;DNASE1L3;WAS;CXCR4;ALOX12B;CUX2;TBL1Y;SHOC2;ADAD2;ARNT2;RANBP1;CDX4;CDX1;GDF15;DMRT3;KRT10;BATF;KRT16;KRT15;CAMK4;KRT14;TRIP13;NEUROG2;TJP3;PRAG1;HDLBP;NUCKS1;SDR9C7;SCGN;BASP1;KRT6A;PDIA3;ARID5A;TOMM34;ARID5B;KRT76;KRT73;LGALS9C;LGALS9B;LMX1A;COL4A3;LMX1B;AIPL1;NTS;SDCBP;SOHLH2;OTX1;ASIC2;ZC3H13;MYH10;PDZD7;HSPA8;TGFB1;SMAD3;HSPA5;HSPA6;TDRD9;EPHX3;DNAJC13;SMAD6;ESR2;NFKBIA;NR4A1;KIF18A;RALYL;ARHGAP30;ULBP2;USP35;HSPB9;HSPB6;USP31;HSPB8;AQP10;HSPB1;HSPB3;DTWD1;SDR16C5;PLCZ1;PDE4B;PDE4A;POLE;POLH;KLF11;CAMK1D;PDE4D;TGFBR1;LATS2;ITGB1BP1;USP41;ITGB3BP;SASH3;USP13;RGS14;LTC4S;TOB1;RMND5B;ERBB4;ERBB2;S1PR1;RGS22;KLRG1;REPS1;USP25;POLN;B3GAT1;NAP1L3;PDE4DIP;NAP1L2;ARID3A;NAP1L1;TICRR;FMNL3;DPRX;H3-5;H3-4;H3-7;RGS10;AQP11;BAX;RGS12;SSBP4;ZPR1	Normal_only	GO_Cellular_Component_2023
GO_Cellular_Component_2023	Nucleus (GO:0005634)	1446/4487	0.9999888489066092	0.9999966194967124	0	0	0.6402834931129054	7.139900837273806e-06	ZNF296;SPI1;PWWP2B;NEXMIF;SCX;TESK2;FAM110A;ZC3H12D;SPIB;CRHBP;MEIOSIN;ZC3H12B;ZC3H12A;NKX1-2;UBASH3A;MNX1;CHID1;HES6;RBFOX1;RBFOX3;CSNK2A3;ZNF281;ESX1;CSNK2A2;RFX2;BHLHA15;ISL1;HDHD3;SND1;RBP7;FLG2;ISL2;EID3;CLNS1A;TBPL2;PADI4;ATF5;CGGBP1;ATF3;SET;CDCA2;CRABP2;SHMT2;AIRE;SHMT1;SHOX2;CRABP1;MRPL19;AGAP2;GATA5;NCAPG;ZNF22;COPS7A;ZC3HAV1;DAZ1;GATA3;AGAP3;GATA1;SLC5A5;CYB5R2;FIGNL1;WBP2NL;C19ORF33;PPARGC1A;ZNF268;PPARGC1B;CTC1;CFAP74;JUP;BTBD18;TEX35;NR0B1;MAGOHB;H1-0;LARP6;PBX1;H1-3;FAM111B;MOV10;PKIB;H1-4;H1-7;TMEM98;NOX4;PYDC1;PSMG1;PKIG;ZBTB8B;ZNF496;NCAPG2;ATF7IP2;BHLHE41;MRPL36;TFCP2L1;PTH1R;HOXC10;MED18;MYPN;CASP14;TUBA1A;MECOM;HEY2;ZNF488;DLGAP5;DUSP4;ZNF485;DFFB;DUSP2;DFFA;ACTL6B;DUSP1;ARG1;RMI1;SPHK2;SPHK1;PGAM2;EMP2;TEX15;SIRT7;FOS;ZNF57;BAZ1B;DUSP9;POU5F1;SETSIP;TEX19;DDB2;MED28;MMP12;GON7;PSMA5;MMP14;PLSCR1;MED20;PPARG;SMTNL1;APCS;ZNF471;SYNPO2;RPS27L;FSTL3;TUBA3E;FOXS1;RECQL5;PSMB5;STAT4;FLNA;PRAME;NCDN;PABPC1L2A;SPDEF;EVC2;EGLN3;MBD5;EGLN2;STAT1;UTP3;ODAM;STAT2;ATAD2;GSX2;FABP9;WTIP;GATAD2B;HEYL;CENPE;NUDT21;FABP2;CENPF;ZNF70;FABP4;FABP5;FABP6;FABP7;ZNF219;MPLKIP;RIMBP3;PKN1;CENPP;FRK;CDKN3;PDCD5;RORC;RORA;RORB;NUDT11;GARIN4;SESN1;RUVBL1;PIM1;KPNA7;NUDT16;KPNA2;PITX2;KPNA1;PITX3;PPP1R16B;CDKL4;KMT5C;S100A1;RAD21L1;CTNNBIP1;TBR1;TC2N;FOXP3;MYT1;FOXP2;CDC25A;CDC25B;SAP30;MSH6;OLFM2;MAF;PKP2;FSCN1;S100A6;PKP1;S100A5;GMNC;S100A4;PKP3;S100A9;KPNB1;S100A8;CDKL1;S100A7;FTO;DLX4;KMT2B;GPR88;TACSTD2;FOXO6;FOXO4;FBXO43;FHIT;CORO1A;GLIS2;SMYD2;SMYD1;ZKSCAN5;SMYD3;IP6K3;IP6K2;DEFA6;NEK6;ZBTB10;FOXN4;MCC;AICDA;NDC80;ZC3HC1;MLXIPL;RGCC;STK24;ARPC3;MOB2;MDM2;SP140L;ZNF653;ZNF652;ARHGAP11A;PPP1R13B;ONECUT2;NUMA1;CELF2;CELF3;CELF4;FHL2;CELF5;FHL3;CELF6;MCM10;FASLG;PIK3CB;FOXM1;TNFSF13B;SUMO1;MB;PPP1R13L;EXO1;SUMO3;EXO5;CCIN;HMG20A;ACP3;NKX3-2;EID2B;MSMB;NKX3-1;PIERCE1;DSP;ACTR3;EMX1;PEG3;FOXL2;FOXL1;ACTR8;ARL4C;ARL4A;NSMCE4A;HAND1;DSG1;BIRC5;SLC25A10;TMBIM6;BIRC7;GAPDH;AHDC1;SPACA9;UHRF1;CXXC1;KATNB1;PARD6G;ZBTB42;BARX1;TBXT;BARX2;CECR2;PARD6B;CDC45;PARD6A;IFI16;SH3BP1;CCDC85B;IGF2BP1;E2F3;FYN;IGF2BP3;IGF2BP2;TBX1;H2AZ2;GZMA;GZMB;FOXJ1;FAM209B;EXOG;FAM209A;TBX5;HCRTR1;TBX2;SNRK;POU2AF3;NOVA2;POU2AF2;PDCD4;PTPN6;PABPC1L;TRIM32;JPT1;KHDC3L;RTCA;CPNE7;FOXI1;MT1X;UBE2L6;IKZF1;IFI35;NUDT5;IKZF3;ACTB;MT2A;RASSF2;H2BC12L;MCIDAS;SNRPD1;RASSF5;FAM53C;RCC1;FAM53B;FBXO5;LGALS9;TRIM27;TRIM21;TP63;TRIM22;NSMCE3;SFMBT2;CIRBP;HNF1A;HASPIN;ASRGL1;GCAT;FNDC8;MT1A;CCNY;SUB1;BTK;MT1F;MT1G;MT1H;TRIM15;ZNF711;TRIB3;KIF20A;TRIB1;KIF20B;TRIB2;ROPN1;CCNO;MT1E;PXT1;L3MBTL1;EPAS1;FOXG1;PTTG1IP;TTBK1;ART4;UBE2J1;RACGAP1;DHX33;PCBP3;ZNF706;PGBD5;ERI1;ZNF704;XRRA1;HLTF;ZNF703;ZBED2;APOE;ZBED6;LYAR;RBM11;APOBEC3C;APOBEC3F;FOXF2;APOBEC3H;DDIAS;FOXF1;DCLK3;MICAL2;PTK6;TH;NDUFAF3;ARMC12;CALM3;MKX;CALR;CIBAR1;APOBEC3A;APOBEC3B;LDHAL6B;TP73;CCNJL;VSX2;SUV39H2;CSRNP1;FOXE3;INTS13;CSRNP3;FOXE1;PTPRN;TECR;OTUD7A;AKR1B1;BRCA1;IDE;KIF11;BRCA2;NAT14;CTSL;HNF4A;ENC1;CHAMP1;FAM170A;CTSG;LMCD1;AASS;ZHX2;ZHX3;FOXD1;APOBEC2;NLRP2B;SYK;PABPC4;ACAD9;PABPC5;PLAAT1;CACYBP;KIF23;KIF22;OOEP;SUPT3H;NR5A1;KIN;TOX3;TOX2;NR5A2;CCNI2;DEPDC1;FAM193B;NCOA7;ZNF780B;EEF1E1;SFI1;ARHGEF5;PRKN;FOXC2;PCNA;SPINDOC;IGHMBP2;CRYBA1;PRICKLE4;ARVCF;RXRA;EXOSC9;HSF4;MSX1;HSF5;EXOSC3;PAK2;DYNC1I1;H2BC9;IL33;CD74;NPM1;NPM2;H2BC8;CAVIN1;GCH1;H2BC5;MOK;PER2;GARS1;PER1;SH3RF2;GFI1B;NLRP12;PER3;SEMG2;STK17A;TCEA3;TTC3;RPA4;FOXA3;MAD2L1;FOXA1;PAGE4;NARF;WWC1;BCCIP;PRDM1;YARS1;ETS1;MPO;KLHL31;ACTG1;LOXL2;NPPB;RGS2;RGS3;ZNF85;NPPA;TEKT2;CAPN3;RAG1;TGM2;PDGFRB;PDGFRA;SLC30A9;BORA;ADAM10;POU3F1;POU3F3;SPOCD1;PCP4;EEF1A2;WDFY1;DPEP1;PPIB;GCM1;DDX4;KLHL15;TCF7;PLD4;CACNA1A;VCX;BHLHE22;ACACB;INAVA;TAF5L;NKAPL;SYCE3;CCNB1;IRAK1;LPXN;ECT2;MSC;MAGEA11;MAGEA10;RAI2;BCL9L;TFAP2A;TFAP2B;MIR9-1HG;TFAP2E;PCIF1;RPP40;HMGA1;KLHL22;MSN;USB1;EVX1;ISG15;EVX2;ZFHX4;ISG20;UBE2S;UBE2T;BHLHE40;MKRN2;UBE2N;NABP1;FGF12;PHF19;DYRK4;DYRK3;RHOXF1;LDB1;CHD7;HP1BP3;TRIAP1;SOBP;RERG;CALB2;H2BC26;ZIC2;SFR1;ZIC3;H2BC21;ZIC1;ZNF385C;GET1;HORMAD1;MYBL1;CFAP45;ZNF385A;MYOCD;RBM15;OLIG3;NCBP2;UBE2QL1;PLA2G4A;OLIG1;ETV2;OLIG2;GLRX2;ETV3;TENT5B;ETV5;ETV6;ETV7;CCNA2;EPN3;H2BC12;CREB3;H2BC13;H2BC15;ELF3;IRF4;ELF5;CRY2;PTGES3L;IRF7;IRF8;RBM20;IRF5;IRF6;FBP1;OTUB2;LAMA5;RBM47;DDX25;MVP;TAF9;DDX20;RNF2;AURKA;CAND2;ATOH7;CBS;TBX22;ASB10;TBX21;TBX20;MARVELD3;MKNK2;PTK2B;SMNDC1;ATOH1;CDK11A;TAF13;EYA2;BNIP3;TAF10;MX1;EYA4;ZNF804A;ZIC4;ZIC5;S100B;MAPK15;TBX18;WARS1;MAPK12;MAPK13;RSPH1;TEF;ERCC2;ERCC8;S100P;FAM98A;RBM45;RBM46;FAM50B;RAN;BNIPL;FAM50A;NUP37;EHF;PHB1;PHAX;ENO1;ADARB1;H2AC15;ELK1;BACH2;SMC2;DCAF6;ZNG1F;NYNRIN;USP17L7;H2AC13;USP17L4;HENMT1;SOX17;SOX18;ZMIZ2;CREB3L1;SOX15;CREB3L2;MYB;HOXA3;DIP2B;HOXA7;JUNB;IER2;MED1;NKX2-8;NKX2-6;PRKCB;MAP1S;DDX11;DAPK2;PRKCD;HUS1;SOX11;DNAAF4;PASK;SOX10;GTPBP4;RNF126;BIN1;TYRO3;HOXB4;PRKD2;HOXB1;ANKK1;HOXB8;HOXB7;PRR11;HOXB6;SPANXA1;HOXB5;TSPYL5;RD3;CTBP2;HOXD1;HSPA4L;VPS26C;WDR62;MEFV;HIF1A;LDHA;PRDX4;TERT;ZSCAN10;NKX2-1;HOXC5;S100A13;HMOX1;HOXC4;S100A12;HOXC9;HOXC8;RREB1;HOXC6;BARD1;NAA50;RBMY1A1;NFE2;CDK18;PHC2;NFE4;JUND;PHC1;PLK1;TMEM190;TMEM192;MAD2L1BP;CDC7;NR1D1;CDC6;ELL3;ST18;THAP10;NFATC4;SOX30;FOSL1;ACR;EHD2;CPEB1;EHD3;H2AC21;CYP1A1;PPT1;SNAI1;REL;SNAI2;GTF2IRD1;HOXD4;HOXD3;CDK15;CDKN1C;MESP1;ITK;CDKN1A;RARG;CDKN1B;PHF23;SETD6;OGG1;TCF21;FMN2;PHF7;GLI2;ZCWPW1;CSRP3;TRIM7;AIFM2;TCTN3;TMSB4X;PBK;PHF24;RIOK2;TEAD2;ZNF366;SERPINB3;TIGD3;HELLS;SLC2A14;BATF2;TIGD2;ANXA2;TCF15;HSBP1;TESC;EN2;HSFX1;AEN;CDYL2;RIPPLY1;GCHFR;ITPKB;ITPKC;RIPPLY3;TUBB2B;RIPPLY2;TUBB2A;KIFC2;TAL1;ITPKA;RGN;NANOGP8;CTDP1;SF3B6;HOXD10;ASCL2;HSFY1;MIPOL1;PPP1R8;NSD2;TP53TG5;RUNX1T1;SF3A3;PCGF6;TIGAR;GSN;CDKN2A;SEPTIN4;USP17L2;POU4F1;TUBB4A;ADAT3;HIPK2;POU4F3;NMNAT1;MORN3;ZYX;FOSB;HYLS1;CEP43;HSPA1B;HSPA1A;IRS1;CTNND2;FAM107A;PARK7;CLU;CDC14B;PYCARD;ZFP36;TUBB6;SALL1;SALL3;TUBB3;GRAP2;CFL1;CHP2;MACROD1;MAEL;PAPOLB;PHLDA1;RAB2A;SERF1A;TLE1;NKX6-2;SSUH2;MAGI2;PGD;HIC1;TLE6;MOB3B;CLIP3;CLIP2;LBHD1;KIAA1614;NCL;GAPDHS;SNRPG;ZNF316;ERH;PGR;SNRPE;ERG;SNRNP25;TNIK;PPEF1;TOX;PPEF2;DGKI;IPPK;BRSK1;MAGEL2;NOTCH4;AK5;NEUROD1;RAD51AP1;NEUROD2;STRA8;NACC2;BAG1;NACC1;ABL1;NDN;TPPP;NKX6-1;ZNF541;ZNF540;AKIRIN1;TNK2;ANKRD23;ESRRB;LSM1;GLMP;DHCR24;ESRRG;NSG1;FANCE;LSM5;ADAP1;BTBD8;HOPX;COPRS;UBOX5;ZFP69;CNOT7;MAFB;SCCPDH;LHX3;RIOX1;LHX2;CDK4;PIP;RCAN3;BCL2;NF1;CDK1;LHX6;LHX5;MAFK;NF2;REEP6;COPS8;LHX9;RAD9A;ZNF771;BNC2;SYCP2;RNF14;ADRA1D;PTPN22;TRH;ZC3H6;ADRA1B;DUSP16;SYNE2;H1-10;INSL6;DUSP12;DUSP10;SCRN1;TNPO1;RFC4;REXO1;RANGAP1;DUSP26;REXO2;TSN;SMC1B;PATL2;C15ORF48;PTP4A1;ASPM;PTP4A2;PTP4A3;ETV3L;TFDP1;ESRP2;TFDP3;ESRP1;NOS1AP;ANG;TESMIN;MCM6;VSTM2A;CRK;ZNF750;CEBPA;HDAC5;MTPN;CEBPE;WBP2;TTK;HDAC9;DPCD;DNAJB2;C3ORF38;STOX2;NOCT;ZNF503;TNNI2;SNRPB2;STOX1;EEIG1;JAZF1;POLR2L;IRX2;SKOR1;PPIL1;IRX5;IRX6;SPAG6;IRX3;IRX4;AHNAK2;TAFA2;MAB21L2;POLR3G;INSM2;INSM1;PFKM;FOLR1;PANK1;GFI1;AQP1;FERD3L;PABPN1L;SOX2;FRAT1;RPS6KA5;SOX1;ZNF608;FRAT2;MAGEA8;RPS6KA2;CHEK2;FTH1;CHEK1;HABP4;PCLAF;GSC2;SOX8;SOX9;SOX6;SOX7;SOX5;VCX3B;VCX3A;TIPIN;KRT2;KRT1;MTUS1;KRT8;PSG1;MTUS2;KNL1;ESCO2;KRT5;JMJD7;OVOL1;OVOL3;RUNX2;ZPBP;OVOL2;KRT9;UHMK1;RUNX1;NEIL3;TCERG1L;RRAGD;MAGEB2;TFAM;SIK1;NEIL1;PFN1;CFTR;CASZ1;BEX1;TSHZ3;DCUN1D5;ANP32A;KLK1;MAGED1;DCUN1D3;STXBP2;TSHZ2;TWIST2;C2CD4A;TWIST1;STC1;C2CD4B;KLK3;TXN;FXR1;ZNHIT6;DND1;DPH3;MAGEC3;RALGDS;TRMT1L;DTNB;BCL11B;GADD45B;MAGEE2;BCL11A;GADD45A;MEIG1;PDE2A;CIDEA;GADD45G;TPX2;CABYR;DMRTC1;MAGED4;MAGED2;OCM2;CC2D1A;INKA1;TOP2A;DET1;TENM2;FEN1;CLIC3;CITED1;CITED2;ZBTB8OS;ADIRF;MEOX1;UBXN8;ANKRD1;ANKRD2;FEZF2;PACRG;PRMT8;PARP4;IZUMO4;PARP1;STRADB;STRBP;TFEB;PROX1;CBFA2T3;NME1;RHOB;UGDH;RAD51D;RAD51C;MDFIC;NME8;TFEC;MAPRE3;RGS7BP;MAPT;VGLL2;DNASE1L2;VGLL1;DNASE1L3;HMX1;DTYMK;WAS;CXCR4;TYMS;AIF1;TCEAL7;CUX2;FTMT;TBL1Y;FAM47E;SHOC2;APBB2;METTL6;PURG;ADAD2;ARNT2;RANBP1;CDX4;CDX1;GDF15;NFYC;GINS4;GRHL3;DMRT3;KRT10;SORBS1;GRHL1;GRHL2;BATF;NR6A1;CAPZA3;KRT16;KRT15;CAMK4;KRT14;TRIP13;MEGF8;NEUROG2;TJP3;PRAG1;HDLBP;MYRFL;NUCKS1;HOXA11;DOCK10;HOXA10;SCGN;BASP1;SACS;FAM81B;TMEM38B;KRT6A;LMO1;PDIA3;MLIP;H2AC8;LIG1;KDM2B;LMO3;ARID5A;TOMM34;ARID5B;C2ORF16;KRT76;KRT73;LGALS9C;LGALS9B;MYCN;LMX1A;SRARP;NUPR2;LMX1B;AIPL1;SDCBP;FAM83G;UBD;SOHLH2;NLRP3;OTX1;CLSPN;ASIC2;ZC3H13;MYH10;PDZD7;CBX8;HSPA8;CBX7;CBX6;CPSF6;TGFB1;SMAD3;CPSF1;HELT;HSPA5;CBX4;CBX3;HSPA6;TDRD9;EIF2S2;POU2F2;SMAD6;POU2F3;ESR2;NFKBIA;DIAPH1;NR4A1;KIF18A;RALYL;DIAPH3;TLX3;TLX2;TLX1;MYF6;BLMH;SAE1;FGFR2;FGFR1;USP35;HSPB9;HSPB6;USP31;HSPB8;CGAS;HSPB1;SIX1;YBX2;HSPB3;YBX1;NR2E3;DTWD1;SDR16C5;DBP;PLCZ1;SIX4;SIX2;PDE4B;PDE4A;RIMBP3C;NOS1;POLE;POLH;RIMBP3B;KDM6B;KLF11;CAMK1D;STPG4;PDE4D;AXIN2;TGFBR1;IQCN;LATS2;OAS1;PFDN2;ITGB1BP1;USP41;ITGB3BP;LTF;SASH3;USP13;PDXK;RGS14;PERM1;LEF1;TOB1;CIART;RMND5B;NXF1;MAPK9;MAPK8;NXF3;MCRIP1;ERBB4;FAM120A;ERBB2;BPY2;MAPK1;HES1;RGS22;GBP2;HES2;NXF5;GBP4;HES5;S100PBP;MAPK4;HES4;SNCA;KLRG1;USP25;TCF7L1;NOS2;POLN;NOS3;KDM4E;LIMK2;LIMK1;NAP1L3;PDE4DIP;NAP1L2;ARID3A;PPP2R3B;NAP1L1;TICRR;DPRX;H3-5;DES;WEE2;H3-4;H3-7;RGS10;CDK2AP1;BAX;RGS12;LPIN2;CSNK1A1L;SSBP4;ZPR1	Normal_only	GO_Cellular_Component_2023
GO_Cellular_Component_2023	cullin-RING Ubiquitin Ligase Complex (GO:0031461)	43/174	0.9999896265019248	0.9999966194967124	0	0	0.4838060112360621	5.018786757506235e-06	CUL9;PRKN;ANAPC13;DET1;CUL7;FBXO27;DCAF6;FBXO42;TNFSF13B;DCAF15;ENC1;ZSWIM8;PRAME;ELOC;SKP2;ZSWIM5;FBXW4;ZYG11A;FBXW8;KLHL25;FBXO2;DAW1;KLHL22;FBXL18;FBXL16;NCCRP1;KLHL40;KLHL42;DDB2;CDC20B;SPSB3;FBXL8;KCTD10;UBE2S;GAN;CKS2;ERCC8;ASB4;FBXL2;FBXL4;KBTBD8;FBXL7;SPSB4	Normal_only	GO_Cellular_Component_2023
GO_Cellular_Component_2023	Intracellular Non-Membrane-Bounded Organelle (GO:0043232)	394/1195	0.999991243161095	0.9999966194967124	0	0	0.7152008703722982	6.26292622832382e-06	MAPKBP1;POP1;GPATCH4;ADARB1;ADARB2;SMC2;LIPE;ZC3H12A;MNX1;MED1;MAP1S;DDX11;HDHD3;GABRG3;GTPBP4;EID3;BIN2;BIN1;MYL2;ATF3;ZNF276;CDCA2;SET;NOLC1;DEDD2;TERT;EPB41L3;NKX2-1;S100A13;S100A12;NAA50;RBMY1A1;JUP;PNO1;PLK1;EIF2AK2;MAD2L1BP;CDC6;ELL3;RPL3L;SOX30;GJB4;C6ORF89;LDAF1;BRME1;CDKN1A;CLTC;LPCAT1;FMN2;STON2;GLI2;AIFM2;ZAR1L;PLEKHN1;NEFH;DFFB;ANXA2;TEX11;TEX12;EN2;AEN;SIRT7;BAZ1B;CCSAP;SETSIP;GON7;ITPKB;PLSCR1;GPRC5A;TUBB2A;ITPKA;PAX9;PLIN4;PLIN2;PLIN1;SLC29A2;PLIN5;KANK1;SERPINB13;CTDP1;NIP7;PRUNE2;RECQL5;FLNA;TP53TG5;MBD5;GSN;STAT1;UTP3;MEAK7;WDR12;GTF2H5;MZT1;BYSL;CENPE;CENPF;FABP4;CENPP;RASL11A;HJURP;RORA;CDC14C;CLU;CDC14A;CDC14B;PYCARD;SALL1;PIM1;CHP2;NUDT16;PHLDA1;DGAT2;TPM4;TPM3;RAD21L1;CD180;SDCBP2;TUBA4A;LTB4R2;MORF4L2;NCL;FSCN1;FSCN3;ADAM8;TNIK;S100A9;KANK4;S100A8;KANK3;IPPK;ABHD4;ABHD5;AK5;HMMR;RAD51AP1;BCL2L10;NACC2;ABL1;BRIX1;ATP8B2;OSBPL2;FANCE;GNL3L;RGCC;CNOT7;SCCPDH;STK24;RIOX1;CDK4;MOB2;MDM2;NF2;ZNF771;NUMA1;ITGB4;MTCL1;SYCP1;WDR3;MCM10;PIK3CB;FOXM1;H1-10;TNFSF13B;SUMO1;EMX1;CEMIP2;VPS13A;FAAH2;REXO2;ARL4A;SAPCD2;POLR1A;ANG;LCP1;POLR1G;GAPDH;GTF3C1;KATNB1;HSD17B13;TTK;NOD2;HSD17B11;IFI16;VPS51;IGF2BP3;IGF2BP2;PCDH1;WASF1;E2F8;CDC42BPG;CDC42BPA;PTPN6;NOP53;JPT1;FOXI1;FCF1;HSF2BP;IFI35;ACTB;MCIDAS;SPATA22;HABP4;RCC1;PDK3;FBXO5;TRIM27;SKP2;VCX3B;VCX3A;CCDC78;ACTN2;KRT1;MTUS1;P3H4;ESCO2;HASPIN;PIMREG;MIF4GD;COX7A2L;CCNY;KATNAL1;SUB1;KIF20A;KIF20B;CCNO;L3MBTL1;EPB42;DCUN1D5;EPB41;TWIST2;C2CD4A;CD1E;PPL;FXR1;DHX33;RACGAP1;ERI1;ZBED6;LYAR;CIDEA;CIDEB;ALOX15B;TPX2;ZZZ3;PARVG;SPATS2L;MAGED2;KLLN;TOP2A;FEN1;PTPRM;BRCA1;KIF11;EPB41L4B;EPB41L4A;PCLO;SH3PXD2A;CHAMP1;UBXN8;UTP14A;PARP1;KIF23;SYN1;NR5A1;CLDN11;ANKFN1;KIF2A;FAM193B;ALDOC;ARHGEF2;EEF1E1;MAPRE1;DBN1;HEATR1;PNMA1;EXOSC9;SHOC1;EXOSC3;ADAD2;MPZL2;NPM1;NPM2;MTX2;NPM3;NLE1;VMP1;RSL1D1;KRT16;TTC3;PNPLA3;EPPK1;PNPLA5;TRIP13;PNPLA1;SPC24;SRP19;RIPOR2;NARF;NUCKS1;PRDM1;DEUP1;HOXA13;ACTG1;BASP1;NUSAP1;CAPN3;SLC30A9;DIMT1;ARID5A;KRT77;SELENOO;MYCL;SHQ1;MYCN;WDFY1;VCL;ZCCHC9;VCX;RPF2;CNN2;SYCE3;CNN1;ALDH3B2;SDCBP;IRAK1;SNTG1;LPXN;UTP20;LLPH;ASIC2;MARK1;CBX3;MSN;TBCA;POU2F3;ISG20;DIAPH2;CPS1;UBE2T;CAPRIN1;FGF18;DYRK4;DYRK3;ACADVL;EDA;CHD7;HP1BP3;TCHH;SEPTIN12;HSPB1;SIX1;LDB3;SDR16C5;SFR1;HORMAD1;NOS1;ABCC4;STPG3;UTP11;MARS1;SHROOM2;URB2;CKAP5;CKAP4;ETV6;FGR;PSRC1;CFAP58;DCX;ITGB1BP1;SAXO1;AGPAT5;RGS14;MVP;NRXN1;DDX20;RRBP1;ADD2;AURKA;NWD1;RAB40A;RAB40C;MAPK1;NIFK;POLN;TAF13;HSD3B1;TEC;SCD;ERCC2;RGS12;VIM;RAN;ZPR1	Normal_only	GO_Cellular_Component_2023
GO_Cellular_Component_2023	Chromosome (GO:0005694)	45/164	0.9997852398039808	0.9999966194967124	0	0	0.5580704573392012	0.000119864192300207	L3MBTL1;ZNF276;TOP2A;BRME1;CDCA2;SYCP1;HP1BP3;NCAPG;HSF2BP;BRCA1;RPF2;HOXA13;SMC2;RAD51AP1;SYCE3;INSL6;RECQL5;SPATA22;FIGNL1;EXOSC9;CHAMP1;RCC1;BRIX1;TP53TG5;LLPH;HORMAD1;SHOC1;EMX1;NIFK;RAD21L1;ESRRB;TEX11;TEX12;ESCO2;FANCE;ELL3;BYSL;SELENOO;MYCL;CENPE;RSL1D1;POLR1A;NCL;BIRC5;TRIP13	Normal_only	GO_Cellular_Component_2023
GO_Cellular_Component_2023	Nuclear Lumen (GO:0031981)	211/780	0.9999920700708856	0.9999966194967124	0	0	0.5375701050136032	4.26290972912421e-06	MAPKBP1;JPT1;POP1;FOXI1;FCF1;GPATCH4;IFI35;ADARB1;ADARB2;SMC2;MCIDAS;HABP4;PDK3;TRIM27;SKP2;MNX1;MED1;VCX3B;VCX3A;MAP1S;DDX11;MTUS1;P3H4;PIMREG;HDHD3;GABRG3;MIF4GD;GTPBP4;COX7A2L;EID3;CCNY;SUB1;KIF20B;ATF3;CCNO;L3MBTL1;TWIST2;NOLC1;C2CD4A;CD1E;DEDD2;FXR1;DHX33;TERT;ERI1;FIGNL1;NKX2-1;S100A13;ZBED6;LYAR;NAA50;RBMY1A1;PNO1;MAD2L1BP;CDC6;ELL3;ZZZ3;GJB4;C6ORF89;SPATS2L;MAGED2;KLLN;TOP2A;CDKN1A;FEN1;FMN2;STON2;GLI2;UBXN8;UTP14A;DFFB;PARP1;EN2;AEN;SIRT7;BAZ1B;GON7;PLSCR1;GPRC5A;KIF2A;PAX9;FAM193B;EEF1E1;SLC29A2;SERPINB13;NIP7;HEATR1;PRUNE2;PNMA1;EXOSC9;FLNA;TP53TG5;EXOSC3;ADAD2;NPM1;NPM2;STAT1;UTP3;MTX2;MEAK7;NPM3;WDR12;NLE1;GTF2H5;BYSL;VMP1;RSL1D1;TTC3;CENPP;SPC24;SRP19;NARF;RASL11A;HJURP;RORA;NUCKS1;PRDM1;CDC14C;CDC14A;CDC14B;PYCARD;PIM1;CHP2;NUSAP1;CAPN3;NUDT16;PHLDA1;MLIP;DIMT1;CD180;ARID5A;SDCBP2;SHQ1;MYCN;LTB4R2;MORF4L2;NCL;WDFY1;IPPK;ZCCHC9;VCX;AK5;RPF2;NACC2;ABL1;BRIX1;UTP20;LLPH;ASIC2;ATP8B2;TBCA;POU2F3;ISG20;DIAPH2;GNL3L;RGCC;STK24;CPS1;RIOX1;CDK4;MOB2;UBE2T;FGF18;MDM2;NF2;ZNF771;ACADVL;ITGB4;WDR3;CHD7;SIX1;MCM10;PIK3CB;H1-10;SYNE2;TNFSF13B;SUMO1;SFR1;EMX1;ABCC4;UTP11;CEMIP2;MARS1;URB2;REXO2;CKAP5;ETV6;ARL4A;SAPCD2;BIRC5;ANG;POLR1G;GTF3C1;AGPAT5;NRXN1;NWD1;IFI16;VPS51;IGF2BP3;PCDH1;E2F8;NIFK;POLN;TAF13;HSD3B1;SCD;PTPN6;RGS12;NOP53;RAN;ZPR1	Normal_only	GO_Cellular_Component_2023
GO_Cellular_Component_2023	Mitochondrial Membrane (GO:0031966)	152/540	0.9999927343888748	0.9999966194967124	0	0	0.5726377015721487	4.160577969895376e-06	IFI27L2;PHB1;AQP8;CISD2;CLU;CHCHD3;MPV17;TMEM14A;TMEM14B;TMEM14C;SLC30A9;ACSL1;SLC30A2;TOMM34;KMO;CPT1B;GCAT;SLC9B2;RAB32;COX7A2L;SCO1;IFI27;PIGBOS1;DNAJC30;YME1L1;SLC25A51;ULK1;CYP2E1;MGARP;SPATA18;SPATA19;SLC22A3;NLRX1;FECH;UQCRB;MAOB;SHMT2;MRPL19;MRPL16;MRPL17;OMA1;SDSL;ACACB;LDHB;BCL2L10;BCL2L11;CYP11A1;HMOX1;RDH13;PRODH;UQCC2;PDE2A;FZD9;CRLS1;COQ5;SPART;COQ4;CYP1A1;BCL2;NDUFAF2;NDUFAF3;SFXN1;ARMC12;SFXN2;ALDH18A1;NDUFAF1;CIBAR1;CDS2;COX20;MRPS17;ALAS2;ACADVL;SLC25A2;SLC44A1;MRPL36;MRPL35;MRPL33;MRPL3;SLC22A14;OPA1;AIFM2;NNT;RAC2;TIMM17A;FLVCR2;EFHD1;C19ORF12;PLEKHN1;CCDC51;MRPS28;MYOC;PLA2G4B;ACAD9;MRPS23;VPS13A;PLA2G4A;MRPL47;NME4;RHOD;SLC25A16;SLC25A15;RNF144B;SMDT1;CHDH;SLC25A10;TMBIM6;FATE1;NAT8L;SLC29A3;SLC25A13;AGPAT5;NDUFB6;MRPS33;NDUFB3;IFI6;AFG1L;MIEF1;TYMS;PRICKLE4;AGPAT4;HSPD1;CKMT2;SLC25A29;ATP5MGL;UCP2;BNIP1;SLC25A21;GPAT2;BID;ATAD1;CYB5B;AOC1;TIGAR;AGK;MTX2;CKMT1A;BNIP3;HSD3B1;SEPTIN4;EXOG;MYO19;ATP5F1E;SLC8A3;SLC25A37;ZNFX1;CYP24A1;STING1;GPAM;BAX;SLC25A32;SLC25A33;TOMM5	Normal_only	GO_Cellular_Component_2023
GO_Cellular_Component_2023	Organelle Inner Membrane (GO:0019866)	98/398	0.9999932701274642	0.9999966194967124	0	0	0.4778715919085312	3.216025723760126e-06	PHB1;AQP8;CLU;TM7SF2;CHCHD3;MPV17;SLC30A2;ATP1B4;GCAT;SLC9B2;TERB1;TERB2;COX7A2L;SCO1;IFI27;DNAJC30;YME1L1;SLC25A51;CYP2E1;MGARP;FECH;UQCRB;SHMT2;MRPL19;MRPL16;MRPL17;OMA1;SDSL;LDHB;NEU4;CYP11A1;RDH13;PRODH;SMAD3;CBX3;UQCC2;PDE2A;CRLS1;COQ5;COQ4;CYP1A1;NDUFAF2;NDUFAF3;SFXN1;ALDH18A1;NDUFAF1;CIBAR1;CDS2;COX20;MAJIN;MRPS17;ALAS2;SLC25A2;MRPL36;MRPL35;MRPL33;MRPL3;SLC22A14;OPA1;NNT;TIMM17A;EFHD1;CCDC51;MRPS28;MYOC;PLA2G4B;ACAD9;MRPS23;PLA2G4A;MRPL47;NME4;SLC25A16;SLC25A15;SMDT1;CHDH;SLC25A10;SLC25A13;NDUFB6;MRPS33;NDUFB3;IFI6;TYMS;HSPD1;CKMT2;SLC25A29;ATP5MGL;UCP2;SLC25A21;AGK;CKMT1A;HSD3B1;FAM209B;EXOG;FAM209A;ATP5F1E;GARS1;CYP24A1;SLC25A32	Normal_only	GO_Cellular_Component_2023
GO_Cellular_Component_2023	Mitochondrial Inner Membrane (GO:0005743)	87/370	0.9999933954515648	0.9999966194967124	0	0	0.4497519408027453	2.970418285981771e-06	MRPS17;PHB1;ALAS2;SLC25A2;AQP8;MRPL36;MRPL35;CLU;MRPL33;MRPL3;SLC22A14;CHCHD3;OPA1;NNT;TIMM17A;EFHD1;MPV17;CCDC51;MRPS28;MYOC;SLC30A2;PLA2G4B;ACAD9;MRPS23;PLA2G4A;MRPL47;NME4;GCAT;SLC9B2;SLC25A16;SLC25A15;COX7A2L;SMDT1;SCO1;BDH1;DNAJC30;CHDH;YME1L1;SLC25A51;SLC25A10;CYP2E1;MGARP;SLC25A13;FECH;UQCRB;NDUFB6;SHMT2;MRPS33;MRPL19;NDUFB3;MRPL16;IFI6;MRPL17;OMA1;SDSL;TYMS;HSPD1;CKMT2;LDHB;SLC25A29;CYP11A1;ATP5MGL;UCP2;SLC25A21;RDH13;PRODH;AGK;UQCC2;CKMT1A;PDE2A;HSD3B1;EXOG;CRLS1;ATP5F1E;COQ5;COQ4;CYP24A1;CYP1A1;NDUFAF2;NDUFAF3;SFXN1;SLC25A32;ALDH18A1;NDUFAF1;CIBAR1;CDS2;COX20	Normal_only	GO_Cellular_Component_2023
GO_Cellular_Component_2023	Mitochondrial Respiratory Chain Complex I (GO:0005747)	4/41	0.999994258196902	0.9999966194967124	0	0	0.1598329982782981	9.177322394130276e-07	NDUFB6;WDR93;NDUFB3;NDUFAF1	Normal_only	GO_Cellular_Component_2023
GO_Cellular_Component_2023	Respiratory Chain Complex I (GO:0045271)	4/41	0.999994258196902	0.9999966194967124	0	0	0.1598329982782981	9.177322394130276e-07	NDUFB6;WDR93;NDUFB3;NDUFAF1	Normal_only	GO_Cellular_Component_2023
GO_Cellular_Component_2023	Spliceosomal snRNP Complex (GO:0097525)	7/57	0.9999955353786748	0.9999966194967124	0	0	0.2068347826086956	9.23441042658703e-07	SF3A3;SNRPD1;SF3B6;SNRPG;SNRPE;SNRPB2;LSM5	Normal_only	GO_Cellular_Component_2023
GO_Cellular_Component_2023	U2-type Spliceosomal Complex (GO:0005684)	10/90	0.9999956029995104	0.9999966194967124	0	0	0.1842767490990431	8.102667373624285e-07	SF3A3;PPIL1;CCDC12;SNRPD1;SF3B6;SNRPG;SNRPE;SNRPB2;LSM5;MAGOHB	Normal_only	GO_Cellular_Component_2023
GO_Cellular_Component_2023	Small-Subunit Processome (GO:0032040)	10/73	0.9999957408713211	0.9999966194967124	0	0	0.234337552592803	9.980759162483394e-07	UTP11;DIMT1;PNO1;UTP3;WDR3;HEATR1;FCF1;IGF2BP3;UTP20;UTP14A	Normal_only	GO_Cellular_Component_2023
GO_Cellular_Component_2023	Ribosome (GO:0005840)	5/61	0.9999961301671376	0.9999966194967124	0	0	0.1318106415442481	5.100861392193569e-07	NR5A1;EIF2AK2;RRBP1;NR0B1;RPL3L	Normal_only	GO_Cellular_Component_2023
GO_Cellular_Component_2023	Cytosolic Large Ribosomal Subunit (GO:0022625)	3/52	0.999996338615695	0.9999966194967124	0	0	0.0904152075530982	3.310454279076924e-07	RPL7L1;RPL3L;RPL26L1	Normal_only	GO_Cellular_Component_2023
GO_Cellular_Component_2023	Large Ribosomal Subunit (GO:0015934)	3/52	0.999996338615695	0.9999966194967124	0	0	0.0904152075530982	3.310454279076924e-07	RPL7L1;RPL3L;RPL26L1	Normal_only	GO_Cellular_Component_2023
GO_Cellular_Component_2023	Polysomal Ribosome (GO:0042788)	1/28	0.999996558659203	0.9999966194967124	0	0	0.0547831843760344	1.8852793177714486e-07	NR0B1	Normal_only	GO_Cellular_Component_2023
GO_Cellular_Component_2023	Nucleolus (GO:0005730)	210/771	0.9999920913750155	0.9999966194967124	0	0	0.5429644082107744	4.294118864694978e-06	MAPKBP1;JPT1;POP1;FOXI1;FCF1;GPATCH4;IFI35;ADARB1;ADARB2;SMC2;MCIDAS;HABP4;PDK3;TRIM27;SKP2;MNX1;MED1;VCX3B;VCX3A;MAP1S;DDX11;MTUS1;P3H4;PIMREG;HDHD3;GABRG3;MIF4GD;GTPBP4;COX7A2L;EID3;CCNY;SUB1;KIF20B;ATF3;CCNO;L3MBTL1;TWIST2;NOLC1;C2CD4A;CD1E;DEDD2;FXR1;DHX33;TERT;ERI1;NKX2-1;S100A13;ZBED6;LYAR;NAA50;RBMY1A1;PNO1;MAD2L1BP;CDC6;ELL3;ZZZ3;GJB4;C6ORF89;SPATS2L;MAGED2;KLLN;TOP2A;CDKN1A;FEN1;FMN2;STON2;GLI2;UBXN8;UTP14A;DFFB;PARP1;EN2;AEN;SIRT7;BAZ1B;GON7;PLSCR1;GPRC5A;KIF2A;PAX9;FAM193B;EEF1E1;SLC29A2;SERPINB13;NIP7;HEATR1;PRUNE2;PNMA1;EXOSC9;FLNA;TP53TG5;EXOSC3;ADAD2;NPM1;NPM2;STAT1;UTP3;MTX2;MEAK7;NPM3;WDR12;NLE1;GTF2H5;BYSL;VMP1;RSL1D1;TTC3;CENPP;SPC24;SRP19;NARF;RASL11A;HJURP;RORA;NUCKS1;PRDM1;CDC14C;CDC14A;CDC14B;PYCARD;PIM1;CHP2;NUSAP1;CAPN3;NUDT16;PHLDA1;DIMT1;CD180;ARID5A;SDCBP2;SHQ1;MYCN;LTB4R2;MORF4L2;NCL;WDFY1;IPPK;ZCCHC9;VCX;AK5;RPF2;NACC2;ABL1;BRIX1;UTP20;LLPH;ASIC2;ATP8B2;TBCA;POU2F3;ISG20;DIAPH2;GNL3L;RGCC;STK24;CPS1;RIOX1;CDK4;MOB2;UBE2T;FGF18;MDM2;NF2;ZNF771;ACADVL;ITGB4;WDR3;CHD7;SIX1;MCM10;PIK3CB;H1-10;TNFSF13B;SUMO1;SFR1;EMX1;ABCC4;UTP11;CEMIP2;MARS1;URB2;REXO2;CKAP5;ETV6;ARL4A;SAPCD2;POLR1A;ANG;POLR1F;POLR1G;GTF3C1;AGPAT5;NRXN1;NWD1;IFI16;VPS51;IGF2BP3;PCDH1;E2F8;POLR2L;NIFK;POLN;TAF13;HSD3B1;SCD;PTPN6;RGS12;NOP53;RAN;ZPR1	Normal_only	GO_Cellular_Component_2023
GO_Cellular_Component_2023	TIM23 Mitochondrial Import Inner Membrane Translocase Complex (GO:0005744)	2/15	0.9951421079485898	0.9999966194967124	0	0	0.2278565630520937	0.0011095999323061	TIMM17A;TIMM21	Normal_only	GO_Cellular_Component_2023
GO_Cellular_Component_2023	Sin3-type Complex (GO:0070822)	2/21	0.99969801683645	0.9999966194967124	0	0	0.1558234506190989	4.70631650726649e-05	MORF4L1;SAP30	Normal_only	GO_Cellular_Component_2023
GO_Cellular_Component_2023	Nuclear Chromosome (GO:0000228)	23/95	0.9996740998566422	0.9999966194967124	0	0	0.4720095842668658	0.00015385306290839864	TOP2A;INO80C;IHO1;NIFK;NCAPG2;GINS4;NCAPG;P3H4;ACTR8;NCAPH;SMC2;PSMC3IP;CDC45;EXOSC9;FIGNL1;CHEK1;RUVBL1;RCC1;BIRC5;RGS12;LRIF1;MCM6;SHOC1	Normal_only	GO_Cellular_Component_2023
GO_Cellular_Component_2023	Peroxisome (GO:0005777)	38/129	0.9959847036012032	0.9999966194967124	0	0	0.617182543108469	0.0024831594964006	PXT1;PECR;MVK;IDI2;ECI2;MGST1;IDE;HMGCR;MIEF1;DDO;PMVK;ISOC1;MPV17;CRYM;HAO2;RAB8B;ATAD1;AOC1;NOS2;EPHX2;IDH1;PIPOX;TYSND1;BAAT;SYT7;AMACR;EHHADH;AGPS;ACOT2;MVD;TRIM37;FAR2;VIM;ACOT6;AGXT;SLC27A2;CRAT;DDR2	Normal_only	GO_Cellular_Component_2023
GO_Cellular_Component_2023	MLL1/2 Complex (GO:0044665)	6/31	0.9963703318890644	0.9999966194967124	0	0	0.3552751211029685	0.0012918767404784	INO80C;MGAM;KMT2B;TAF9;RUVBL1;RNF2	Normal_only	GO_Cellular_Component_2023
GO_Cellular_Component_2023	SAGA-type Complex (GO:0070461)	8/38	0.9964551707822024	0.9999966194967124	0	0	0.3946825692632625	0.0014015679330203	ENY2;ZZZ3;TMEM98;TAF10;TAF9;SGF29;TAF5L;SUPT3H	Normal_only	GO_Cellular_Component_2023
GO_Cellular_Component_2023	MLL3/4 Complex (GO:0044666)	1/11	0.9965616510320738	0.9999966194967124	0	0	0.1481256206554121	0.0005101851757339548	KDM6B	Normal_only	GO_Cellular_Component_2023
GO_Cellular_Component_2023	TRAPPIII Protein Complex (GO:1990072)	1/11	0.9965616510320738	0.9999966194967124	0	0	0.1481256206554121	0.0005101851757339548	TRAPPC6A	Normal_only	GO_Cellular_Component_2023
GO_Cellular_Component_2023	U2-type Catalytic Step 1 Spliceosome (GO:0071006)	1/11	0.9965616510320738	0.9999966194967124	0	0	0.1481256206554121	0.0005101851757339548	MAGOHB	Normal_only	GO_Cellular_Component_2023
GO_Cellular_Component_2023	Mitochondrial Respiratory Chain Complex III (GO:0005750)	1/11	0.9965616510320738	0.9999966194967124	0	0	0.1481256206554121	0.0005101851757339548	UQCRB	Normal_only	GO_Cellular_Component_2023
GO_Cellular_Component_2023	Respiratory Chain Complex III (GO:0045275)	1/11	0.9965616510320738	0.9999966194967124	0	0	0.1481256206554121	0.0005101851757339548	UQCRB	Normal_only	GO_Cellular_Component_2023
GO_Cellular_Component_2023	Protein Phosphatase Type 2A Complex (GO:0000159)	2/16	0.996923532909678	0.9999966194967124	0	0	0.2115633590493925	0.0006518709563421921	PPP2R2C;PPP2R3B	Normal_only	GO_Cellular_Component_2023
GO_Cellular_Component_2023	Cul4-RING E3 Ubiquitin Ligase Complex (GO:0080008)	7/35	0.996939605200906	0.9999966194967124	0	0	0.3700310559006211	0.0011341775210592	DCAF15;DET1;CDKN1B;ERCC8;DCAF6;TNFSF13B;DDB2	Normal_only	GO_Cellular_Component_2023
GO_Cellular_Component_2023	Set1C/COMPASS Complex (GO:0048188)	1/12	0.9979466936805632	0.9999966194967124	0	0	0.1346483704974271	0.00027675858245341747	CXXC1	Normal_only	GO_Cellular_Component_2023
GO_Cellular_Component_2023	Swr1 Complex (GO:0000812)	1/12	0.9979466936805632	0.9999966194967124	0	0	0.1346483704974271	0.00027675858245341747	RUVBL1	Normal_only	GO_Cellular_Component_2023
GO_Cellular_Component_2023	Sin3 Complex (GO:0016580)	2/21	0.99969801683645	0.9999966194967124	0	0	0.1558234506190989	4.70631650726649e-05	MORF4L1;SAP30	Normal_only	GO_Cellular_Component_2023
GO_Cellular_Component_2023	SWI/SNF Complex (GO:0016514)	5/29	0.998004296320594	0.9999966194967124	0	0	0.3083861152508693	0.0006160622484088646	BCL7A;ACTL6B;BCL11B;BCL11A;DPF3	Normal_only	GO_Cellular_Component_2023
GO_Cellular_Component_2023	Protein Serine/Threonine Phosphatase Complex (GO:0008287)	5/29	0.998004296320594	0.9999966194967124	0	0	0.3083861152508693	0.0006160622484088646	PPP3CB;PPP2R2C;PPP4R4;PPP2R3B;NKD1	Normal_only	GO_Cellular_Component_2023
GO_Cellular_Component_2023	MLL1 Complex (GO:0071339)	5/30	0.9986373566544792	0.9999966194967124	0	0	0.2960258320914058	0.000403652710042257	INO80C;MGAM;TAF9;RUVBL1;RNF2	Normal_only	GO_Cellular_Component_2023
GO_Cellular_Component_2023	Mitochondrial Proton-Transporting ATP Synthase Complex (GO:0005753)	2/18	0.998777119869748	0.9999966194967124	0	0	0.1850869025450031	0.0002264776012122296	ATP5MGL;ATP5F1E	Normal_only	GO_Cellular_Component_2023
GO_Cellular_Component_2023	Proton-Transporting ATP Synthase Complex (GO:0045259)	2/18	0.998777119869748	0.9999966194967124	0	0	0.1850869025450031	0.0002264776012122296	ATP5MGL;ATP5F1E	Normal_only	GO_Cellular_Component_2023
GO_Cellular_Component_2023	Core Mediator Complex (GO:0070847)	3/23	0.9990703351911177	0.9999966194967124	0	0	0.2220573628010926	0.00020653493476194236	MED20;MED18;MED28	Normal_only	GO_Cellular_Component_2023
GO_Cellular_Component_2023	Microbody Membrane (GO:0031903)	11/53	0.9992475742107704	0.9999966194967124	0	0	0.3873885870530166	0.0002915908773619493	ATAD1;PECR;AOC1;AGPS;MGST1;TRIM37;MPV17;FAR2;HMGCR;SLC27A2;RAB8B	Normal_only	GO_Cellular_Component_2023
GO_Cellular_Component_2023	Peroxisomal Membrane (GO:0005778)	11/53	0.9992475742107704	0.9999966194967124	0	0	0.3873885870530166	0.0002915908773619493	ATAD1;PECR;AOC1;AGPS;MGST1;TRIM37;MPV17;FAR2;HMGCR;SLC27A2;RAB8B	Normal_only	GO_Cellular_Component_2023
GO_Cellular_Component_2023	Pinosome (GO:0044352)	1/6	0.9546797628806624	0.9999966194967124	0	0	0.2963753723932473	0.013745688699447	MMP14	Normal_only	GO_Cellular_Component_2023
GO_Cellular_Component_2023	RSC-type Complex (GO:0016586)	1/14	0.9992669857362098	0.9999966194967124	0	0	0.1139141394851424	8.353130765154638e-05	ACTL6B	Normal_only	GO_Cellular_Component_2023
GO_Cellular_Component_2023	U2-type Prespliceosome (GO:0071004)	1/15	0.9995615443062564	0.9999966194967124	0	0	0.1057685487303163	4.638499203499576e-05	SNRPG	Normal_only	GO_Cellular_Component_2023
GO_Cellular_Component_2023	Prespliceosome (GO:0071010)	1/15	0.9995615443062564	0.9999966194967124	0	0	0.1057685487303163	4.638499203499576e-05	SNRPG	Normal_only	GO_Cellular_Component_2023
GO_Cellular_Component_2023	INO80-type Complex (GO:0097346)	3/25	0.9996100672796544	0.9999966194967124	0	0	0.2018364674808677	7.871799118756102e-05	INO80C;RUVBL1;ACTR8	Normal_only	GO_Cellular_Component_2023
GO_Cellular_Component_2023	U2-type Catalytic Step 2 Spliceosome (GO:0071007)	5/29	0.998004296320594	0.9999966194967124	0	0	0.3083861152508693	0.0006160622484088646	PPIL1;SNRPD1;SNRPG;SNRPB2;SNRPE	Normal_only	GO_Cellular_Component_2023
GO_Cellular_Component_2023	Macropinosome (GO:0044354)	1/6	0.9546797628806624	0.9999966194967124	0	0	0.2963753723932473	0.013745688699447	MMP14	Normal_only	GO_Cellular_Component_2023
GO_Cellular_Component_2023	Golgi-associated Vesicle Membrane (GO:0030660)	9/23	0.6224352726569287	0.9999966194967124	0	0	0.9528631780744108	0.4517673314241838	GPR89A;KDELR1;SPPL2A;RHO;ZDHHC13;KDELR2;KDELR3;SPPL3;RHOQ	Normal_only	GO_Cellular_Component_2023
GO_Cellular_Component_2023	X Chromosome (GO:0000805)	1/6	0.9546797628806624	0.9999966194967124	0	0	0.2963753723932473	0.013745688699447	LRIF1	Normal_only	GO_Cellular_Component_2023
GO_Cellular_Component_2023	Spindle Microtubule (GO:0005876)	26/68	0.6780607259163038	0.9999966194967124	0	0	0.9173559599409432	0.3564096962105363	NUMA1;ZWILCH;CLTC;KIF11;SKA3;TTL;SKA1;AURKA;SKA2;FAM110A;CAPN6;KIF3B;BBLN;PARP4;MAP1S;PLK1;HAUS2;CENPE;KIF18A;PSRC1;FAM161A;KIF2A;KIF4A;CHMP4C;CDK1;CALM3	Normal_only	GO_Cellular_Component_2023
GO_Cellular_Component_2023	Golgi Trans Cisterna (GO:0000138)	3/8	0.6905754865548791	0.9999966194967124	0	0	0.8893469083685125	0.3292628974563352	YIPF6;ST3GAL1;HID1	Normal_only	GO_Cellular_Component_2023
GO_Cellular_Component_2023	Chromatoid Body (GO:0033391)	3/8	0.6905754865548791	0.9999966194967124	0	0	0.8893469083685125	0.3292628974563352	PIWIL1;DDX25;TDRD5	Normal_only	GO_Cellular_Component_2023
GO_Cellular_Component_2023	Clathrin Adaptor Complex (GO:0030131)	7/19	0.7009244120601188	0.9999966194967124	0	0	0.8645652173913043	0.3072277686429312	AP1G2;SGIP1;AP1B1;AP2B1;STON2;AP1M2;AP2M1	Normal_only	GO_Cellular_Component_2023
GO_Cellular_Component_2023	Endolysosome Membrane (GO:0036020)	7/19	0.7009244120601188	0.9999966194967124	0	0	0.8645652173913043	0.3072277686429312	TASL;RNF167;CLTC;TLR9;TLR8;AP2B1;AP2M1	Normal_only	GO_Cellular_Component_2023
GO_Cellular_Component_2023	Cytoplasmic Vesicle Lumen (GO:0060205)	44/115	0.7035111592179283	0.9999966194967124	0	0	0.9181699456692732	0.3228942388906818	FCN1;CFD;ARHGAP9;PCSK1;PSMD12;PDXK;GRP;GMFG;MVP;C1ORF35;EPX;PYCARD;HK3;PRDX4;ALOX5;COTL1;S100A12;CTSH;OSTF1;GYG1;SGCG;HSPA8;GSN;DYNLT1;AHSG;IDH1;HSPA6;GCG;AMPD3;F3;ARHGAP45;APRT;GIP;FGR;PSMA5;POMC;BIN2;CRISPLD2;ALDOC;GHRL;S100P;S100A9;S100A8;VCL	Normal_only	GO_Cellular_Component_2023
GO_Cellular_Component_2023	Microfibril (GO:0001527)	4/11	0.7104743735751529	0.9999966194967124	0	0	0.8469603164747831	0.2895100082951517	MFAP4;ADAMTSL5;MFAP2;LTBP4	Normal_only	GO_Cellular_Component_2023
GO_Cellular_Component_2023	Acrosomal Membrane (GO:0002080)	5/14	0.7281277262670174	0.9999966194967124	0	0	0.823397913561848	0.2612467002953054	CCDC136;EQTN;IZUMO1;TMEM190;TMEM95	Normal_only	GO_Cellular_Component_2023
GO_Cellular_Component_2023	Nuclear Membrane (GO:0031965)	87/227	0.7488139156900907	0.9999966194967124	0	0	0.9202912708370676	0.2662078427950052	MAJIN;JPT1;ITPRIP;ITGB4;WDR3;MRGPRF;MPL;MRPL36;ADRA1D;ENO1;TMEM97;ADRA1B;SYNE4;SYNE3;LMNB2;SYNE2;AQP1;TM7SF2;TEPSIN;CDH5;INSL6;SCRN1;SUMO1;HABP4;TRIM27;HOXA7;KPNA2;TMEM38B;SLC16A3;DUSP2;MRPS23;TMC8;ATP1B4;AEN;TMC6;RANGAP1;GTPBP4;GCHFR;TERB1;TERB2;IFI27;NOS1AP;GAPDH;KPNB1;CEMIP;GUCY2D;NRXN1;HPN;UGT2B28;DTX2;ITPR3;HACD3;LTC4S;KLK6;DNAJB2;SDCBP;SULT1E1;GRK5;KASH5;ALOX5;SPATA46;CLCA2;PAK6;RAP1GAP2;AKIRIN1;OSBPL6;SMAD3;TOR1A;GCH1;CBX3;SURF4;MX1;MAD2L1BP;FAM209B;FAM209A;ZC3HC1;GARS1;NR4A1;CENPF;NLRP10;CDK4;GLB1;ALOX5AP;BCL2;ACKR2;DHCR7;MYORG	Normal_only	GO_Cellular_Component_2023
GO_Cellular_Component_2023	Sperm Flagellum (GO:0036126)	22/60	0.7578002164988	0.9999966194967124	0	0	0.8577932073494252	0.2378965035138351	DNAI2;CFAP74;DNAH17;DNAH8;DNAJB13;ATP1B3;TACR1;TTC29;CABCOCO1;DNALI1;TCTE1;TPPP2;DCDC2C;FLACC1;WBP2NL;CFAP58;CCDC181;EPS8L1;CCR6;SAXO1;SPATA19;SPACA9	Normal_only	GO_Cellular_Component_2023
GO_Cellular_Component_2023	Nuclear Inner Membrane (GO:0005637)	11/31	0.7648372553452257	0.9999966194967124	0	0	0.8150198856574695	0.2185004789969556	MAJIN;TERB1;GARS1;TERB2;SMAD3;IFI27;CBX3;ATP1B4;FAM209B;FAM209A;TM7SF2	Normal_only	GO_Cellular_Component_2023
GO_Cellular_Component_2023	Late Endosome (GO:0005770)	78/205	0.7659098273469673	0.9999966194967124	0	0	0.9095213518162342	0.2425610088018029	STEAP3;SPAAR;SPPL2A;DYSF;CRHBP;PIP4P2;LAPTM4A;CTSL;WDR91;DENND10;LAMP2;ANXA6;IL12B;SDF4;LRAT;ANXA8;AP5S1;CHID1;VPS18;SFTPB;MREG;ANXA2;STARD3NL;SLC30A3;SLC30A2;SLC11A1;SFTPD;MAGI2;STX7;F3;SLC39A14;MR1;ELAPOR1;VAMP8;KCNQ1;CHMP4C;RAB7B;VAMP5;ZP2;SLC29A3;CD63;PXK;COLEC10;PARM1;SFTPA2;GOSR2;CXCR4;ABHD6;CST7;TMEM25;HLA-DMA;HLA-DMB;TTPA;MICALL1;PSAP;MAPK1;HLA-DRB5;ABCA5;SLC31A2;RAB27A;TMEM192;RAB27B;NSG1;GRIN2B;IGF2R;TMEM230;BAIAP3;BST2;ENTREP1;RNF148;VPS41;ATP13A4;HLA-DRA;ATP13A5;SIGLEC1;SFTPA1;LAMTOR4;HLA-DRB1	Normal_only	GO_Cellular_Component_2023
GO_Cellular_Component_2023	U7 snRNP (GO:0005683)	2/6	0.771164042877936	0.9999966194967124	0	0	0.7410924891371818	0.1925759674859487	SNRPG;SNRPE	Normal_only	GO_Cellular_Component_2023
GO_Cellular_Component_2023	Ficolin-1-Rich Granule Lumen (GO:1904813)	46/123	0.7715874061466336	0.9999966194967124	0	0	0.8848806916463888	0.229454270751844	FCN1;CFD;PSMD12;CANT1;CALML5;GMFG;MVP;CTSZ;C1ORF35;HBB;GNS;HK3;PRDX4;FTH1;ALOX5;COTL1;TIMP2;CTSH;MAPK1;CAPN1;OSTF1;GYG1;ARSB;CTSB;HSPA8;GSN;JUP;DYNLT1;IDH1;KRT1;HSPA6;PRG2;AMPD3;MMP9;PSMA5;ACLY;LRG1;BIN2;CRISPLD2;GLB1;ALDOC;PLEKHO2;KPNB1;VCL;HSPA1B;HSPA1A	Normal_only	GO_Cellular_Component_2023
GO_Cellular_Component_2023	Apical Dendrite (GO:0097440)	3/9	0.7735916276377744	0.9999966194967124	0	0	0.7410603426868637	0.1902384583486031	MAP1B;SLC1A1;PTK2B	Normal_only	GO_Cellular_Component_2023
GO_Cellular_Component_2023	Perisynaptic Extracellular Matrix (GO:0098966)	3/9	0.7735916276377744	0.9999966194967124	0	0	0.7410603426868637	0.1902384583486031	BCAN;TNC;HAPLN2	Normal_only	GO_Cellular_Component_2023
GO_Cellular_Component_2023	Transcription Factor TFIIH Core Complex (GO:0000439)	3/9	0.7735916276377744	0.9999966194967124	0	0	0.7410603426868637	0.1902384583486031	ERCC2;MNAT1;GTF2H5	Normal_only	GO_Cellular_Component_2023
GO_Cellular_Component_2023	trans-Golgi Network Membrane (GO:0032588)	37/100	0.7795641599430805	0.9999966194967124	0	0	0.8699679372996081	0.2166396634888473	SYS1;CLTC;RHOBTB3;PLD4;ATP2C2;RAB43;TEPSIN;NDST1;HTR7;VPS51;FUT9;CLVS2;HLA-DQA2;ST3GAL1;AP1M2;HLA-DQA1;CALN1;HLA-DPA1;CLVS1;CD74;HLA-DRB5;AP1B1;NSG1;IGF2R;BAIAP3;CLIP3;GNAO1;MYO1B;RAB31;TMEM79;HLA-DRA;PICK1;LGR6;LGR5;SLC24A5;HLA-DRB1;HLA-DQB2	Normal_only	GO_Cellular_Component_2023
GO_Cellular_Component_2023	90S Preribosome (GO:0030686)	4/12	0.7807517602256989	0.9999966194967124	0	0	0.741028188252825	0.1834030154996595	RSL1D1;LTB4R2;HEATR1;UTP20	Normal_only	GO_Cellular_Component_2023
GO_Cellular_Component_2023	Cul4A-RING E3 Ubiquitin Ligase Complex (GO:0031464)	4/12	0.7807517602256989	0.9999966194967124	0	0	0.741028188252825	0.1834030154996595	DET1;ERCC8;DDB2;TNFSF13B	Normal_only	GO_Cellular_Component_2023
GO_Cellular_Component_2023	Clathrin Coat Of Coated Pit (GO:0030132)	4/12	0.7807517602256989	0.9999966194967124	0	0	0.741028188252825	0.1834030154996595	SGIP1;AP2B1;STON2;AP2M1	Normal_only	GO_Cellular_Component_2023
GO_Cellular_Component_2023	Organelle Outer Membrane (GO:0031968)	64/170	0.7825029875741861	0.9999966194967124	0	0	0.8941408638218818	0.2192947874127405	ITPRIP;SLC44A1;CISD2;ENO1;SYNE4;SYNE3;OPA1;AIFM2;RAC2;MYOC;ACSL1;TOMM34;VPS13A;KMO;CPT1B;RHOD;RAB32;IFI27;PIGBOS1;ULK1;MGARP;SPATA18;FATE1;SPATA19;SLC29A3;AGPAT5;NLRX1;GUCY2D;MAOB;UGT2B28;ITPR3;MIEF1;LTC4S;ACACB;PRICKLE4;AGPAT4;BCL2L10;BCL2L11;KASH5;BNIP1;HMOX1;GPAT2;BID;ATAD1;CYB5B;AOC1;TIGAR;AGK;MTX2;BNIP3;PDE2A;SEPTIN4;MYO19;SPART;SLC8A3;ZNFX1;GPAM;STING1;BCL2;BAX;ARMC12;DHCR7;SFXN2;TOMM5	Normal_only	GO_Cellular_Component_2023
GO_Cellular_Component_2023	Endoplasmic Reticulum Tubular Network (GO:0071782)	9/26	0.7834008880190652	0.9999966194967124	0	0	0.7845135071921413	0.1915081603901887	REEP1;REEP4;ATL1;REEP3;REEP2;RTN4;C2CD2L;KPNB1;RNF41	Normal_only	GO_Cellular_Component_2023
GO_Cellular_Component_2023	Vesicle Coat (GO:0030120)	13/37	0.7888553616335875	0.9999966194967124	0	0	0.802601317752362	0.1903547953213498	CCL13;COPB2;COPA;SEC13;SAR1A;SAR1B;CLTB;CIDEB;COPZ2;EPN3;ENTHD1;COPG1;SEC31A	Normal_only	GO_Cellular_Component_2023
GO_Cellular_Component_2023	Pericentric Heterochromatin (GO:0005721)	7/21	0.8072409772449722	0.9999966194967124	0	0	0.7409316770186335	0.1586579572906407	HELLS;ZNF618;CBX3;KMT5C;SNAI1;IKZF1;BAZ1B	Normal_only	GO_Cellular_Component_2023
GO_Cellular_Component_2023	Nuclear Stress Granule (GO:0097165)	2/5	0.6679726587507188	0.9999966194967124	0	0	0.9882060831781502	0.398749096080006	RBFOX1;SUMO1	Normal_only	GO_Cellular_Component_2023
GO_Cellular_Component_2023	Nuclear Envelope Lumen (GO:0005641)	2/5	0.6679726587507188	0.9999966194967124	0	0	0.9882060831781502	0.398749096080006	TUBB2A;PLAAT1	Normal_only	GO_Cellular_Component_2023
GO_Cellular_Component_2023	Insulin-Responsive Compartment (GO:0032593)	2/5	0.6679726587507188	0.9999966194967124	0	0	0.9882060831781502	0.398749096080006	RAB13;SLC2A4	Normal_only	GO_Cellular_Component_2023
GO_Cellular_Component_2023	Gamma-Delta T Cell Receptor Complex (GO:0042106)	2/5	0.6679726587507188	0.9999966194967124	0	0	0.9882060831781502	0.398749096080006	CD3G;CD3E	Normal_only	GO_Cellular_Component_2023
GO_Cellular_Component_2023	Microtubule Cytoskeleton (GO:0015630)	138/342	0.5107909514373176	0.9999966194967124	0	0	1.002789270778396	0.6736686872714841	PYCARD;CRHBP;TUBB6;KIF5C;TUBB3;DPYSL2;TUBB1;TEKT2;KIF21A;FBXO5;KIF21B;SOX9;SYBU;DYNC2H1;MAP1S;MTUS1;MTUS2;HASPIN;GABRG3;MID1;TUBA4B;TUBA4A;SHTN1;KATNAL1;MAP7D3;MAP1B;MAP1A;PPP1R42;KIF20A;KIF20B;KANK4;DCUN1D5;SHMT2;HMMR;MEFV;SKA1;BCL2L10;RACGAP1;BAG2;KIF3B;MAP7;MAP6;CDH26;KIF3C;TPPP;HOXC8;MARK1;CBX3;PLK1;PCIF1;TUBB8B;TEX35;DCDC2;KLHL22;TBCA;EHD2;TPX2;KIF18A;MAP6D1;TUBA8;NUMA1;CLTC;KIF14;SEPTIN12;KIF12;KIF11;KIF17;KIF15;TUBA1B;KIF19;NUDCD2;TUBA1A;OPA1;CHAMP1;KIF13B;TCP11L1;BMERB1;KIF1A;SPTAN1;OVGP1;CCT2;TRIM63;CKAP2L;KIF25;KIF23;NAV1;KIF22;KIF7;CCSAP;KIF6;CKAP5;DNM2;ANKFN1;TUBB2B;TUBB2A;IFT43;PSRC1;KIF2A;KIFC2;CDC42EP2;BIRC5;ARHGEF2;MAPT;EFHC2;MAPRE1;GAPDH;TRIM55;CTDP1;RGS14;TUBAL3;KATNB1;TTK;AURKA;TUBA3E;DCDC2C;CXCR2;DCDC2B;FSD1;CCT5;LRRC25;SEPTIN1;SPAG6;MX1;SEPTIN5;SEPTIN3;KLHL4;SEPTIN4;KLF4;TUBB4A;MZT1;DNAJA1;CENPE;CENPF;TPPP3;TPPP2;TTLL1;ERCC2;PTPN7	Normal_only	GO_Cellular_Component_2023
GO_Cellular_Component_2023	Endopeptidase Complex (GO:1905369)	6/14	0.5229835145582756	0.9999966194967124	0	0	1.1118184076512234	0.7206866248751032	FCN1;FCN2;THBD;COLEC10;FCN3;PLAUR	Normal_only	GO_Cellular_Component_2023
GO_Cellular_Component_2023	Condensed Chromosome, Centromeric Region (GO:0000779)	4/9	0.5245429829071321	0.9999966194967124	0	0	1.185943126785049	0.765203598257111	SGO1;CENPE;CBX3;SYCP2L	Normal_only	GO_Cellular_Component_2023
GO_Cellular_Component_2023	Lysosome (GO:0005764)	202/503	0.5404388717586911	0.9999966194967124	0	0	0.9946408217040166	0.6120758464143702	SPAAR;PRF1;TMEM97;IFI30;CRHBP;STS;ANPEP;PGAP6;PIP4K2A;CHID1;VPS18;ATP6V0E1;MYL11;SLC11A1;PRKCD;AP1B1;MYO7A;HLA-F;HSPG2;UNC13D;BCAN;MYL1;LARS1;KCNQ1;TMEM79;RRAGD;GPLD1;CFTR;SDC3;STXBP2;GNS;NEU2;NEU4;ATP6V0A4;APOB;HLA-DQA2;HLA-DQA1;ARSB;ATP6V1C1;ATP6V0A1;ATP6V1C2;CTSA;HLA-DRB5;NAPSA;ACE;ABCA5;CBLIF;FUCA1;FUCA2;TMEM192;RAB27A;TYR;GRIN2B;VASN;GPR137C;AKR1B10;PPT1;SDC1;PPT2;ADA;HLA-DRB1;ITM2C;TINAGL1;HEXB;CLTC;HEXA;CTSZ;CTSW;CTSV;PIP4P2;GNLY;CTSL;HYAL1;CTSK;ANXA6;CTSH;CTSG;CD34;CTSC;HLA-DPA1;CTSB;MANBA;SEC13;ANXA2;STARD3NL;SPHK2;SFTPD;BGN;PLAAT1;TFEB;PRSS16;SLC39A14;ELAPOR1;VAMP8;RNF167;HCK;TLR9;RAB7B;HLA-DQB2;SLC29A3;PCYOX1;CD63;RAMP2;SERPINB13;RAMP3;CXCR4;CST7;HLA-DMA;HLA-DMB;CXCR2;SLC17A5;GPC3;GPC2;GPC5;MARCHF3;CD74;SLC31A2;LAPTM5;MEAK7;GPR143;OSTM1;FMOD;LAMTOR4;CD68;CSF3;CSF3R;SPPL2A;RNF19B;CLU;MPO;LAPTM4A;LAMP2;ENPP1;SLC39A8;HLA-DOA;AP5S1;GYG1;HLA-DOB;AP2M1;RAB2A;NSF;SLC30A2;STX7;EPDR1;CHMP4C;RAB38;KCNE1;ABHD6;ADRB2;PLD1;TMEM25;DPP4;PSAP;SLC38A7;AP1M2;TXNDC5;HSPA8;GLMP;KLHL22;NKG7;HPS6;DNAJC13;SYT7;GNAO1;DAB2;MAN2B2;HLA-DRA;TPP1;RNF183;PLEKHF1;CPQ;ECE1;SLC2A6;SLC2A8;GM2A;ACP4;FLOT1;ACP3;SLC37A3;SLC36A1;PLA2G4E;VPS13A;DCN;COL6A1;PRELP;LRP2;AP3M1;DRAM1;RPS6KC1;DRAM2;LRRC8E;SNCA;MCOLN3;EGF;LUM;GZMB;MCOLN2;P2RX4;SYT11;GLB1;VPS41;OCIAD2	Normal_only	GO_Cellular_Component_2023
GO_Cellular_Component_2023	Late Endosome Membrane (GO:0031902)	34/85	0.5625192021844638	0.9999966194967124	0	0	0.9881590427520878	0.5685175502380398	CD63;SPAAR;GOSR2;ABHD6;LAPTM4A;PIP4P2;HLA-DMA;HLA-DMB;LAMP2;WDR91;ANXA6;ANXA8;HLA-DRB5;MREG;ANXA2;STARD3NL;SLC31A2;SLC11A1;RAB27A;RAB27B;MR1;SLC39A14;BAIAP3;VAMP8;ENTREP1;VPS41;CHMP4C;ATP13A4;ATP13A5;HLA-DRA;RAB7B;LAMTOR4;SLC29A3;HLA-DRB1	Normal_only	GO_Cellular_Component_2023
GO_Cellular_Component_2023	Multivesicular Body (GO:0005771)	20/50	0.5698890358549561	0.9999966194967124	0	0	0.9881796690307328	0.5556668780525859	SFTPB;CD63;STEAP3;COLEC10;NAPSA;SFTPA2;SFTPC;SFTPD;RAB27A;RAB27B;CST7;BST2;CRHBP;CTSL;CHMP4C;CTSH;LRAT;APOE;SFTPA1;ZP2	Normal_only	GO_Cellular_Component_2023
GO_Cellular_Component_2023	COPI Vesicle Coat (GO:0030126)	5/12	0.5699194139164822	0.9999966194967124	0	0	1.0588318785040096	0.5953391373257102	CCL13;COPB2;COPA;COPZ2;COPG1	Normal_only	GO_Cellular_Component_2023
GO_Cellular_Component_2023	Clathrin-Sculpted Gamma-Aminobutyric Acid Transport Vesicle (GO:0061200)	3/7	0.5863080613928141	0.9999966194967124	0	0	1.1117767568909858	0.59358864544709	HSPA8;RAB3A;VAMP2	Normal_only	GO_Cellular_Component_2023
GO_Cellular_Component_2023	Clathrin-Sculpted Gamma-Aminobutyric Acid Transport Vesicle Membrane (GO:0061202)	3/7	0.5863080613928141	0.9999966194967124	0	0	1.1117767568909858	0.59358864544709	HSPA8;RAB3A;VAMP2	Normal_only	GO_Cellular_Component_2023
GO_Cellular_Component_2023	Dendritic Spine Membrane (GO:0032591)	3/7	0.5863080613928141	0.9999966194967124	0	0	1.1117767568909858	0.59358864544709	SHISA9;SHISA8;SHISA6	Normal_only	GO_Cellular_Component_2023
GO_Cellular_Component_2023	Axonal Growth Cone (GO:0044295)	6/15	0.6056323949843027	0.9999966194967124	0	0	0.9882002235747112	0.4955647094162171	GPM6A;SHTN1;KIF5C;COBL;L1CAM;NEO1	Normal_only	GO_Cellular_Component_2023
GO_Cellular_Component_2023	Endolysosome (GO:0036019)	11/28	0.6134135968635711	0.9999966194967124	0	0	0.9590881841177932	0.4687216078273463	TASL;RNF167;CTSL;CTSK;CLTC;PRKCD;TLR9;TLR8;AP2B1;AP2M1;CTSB	Normal_only	GO_Cellular_Component_2023
GO_Cellular_Component_2023	Recycling Endosome Membrane (GO:0055038)	25/70	0.8163260318678902	0.9999966194967124	0	0	0.8229581673306773	0.1670123278482423	CD274;HFE;SLC30A10;LAMP5;MICALL1;SLC39A4;RAB11FIP4;RAB8B;PDIA3;SLC36A2;ATG9B;HLA-B;NSG1;HLA-F;HLA-E;BAIAP3;CLIP3;VAMP8;SLC9A3;EHD2;ENTREP1;EHD3;SLC9A5;ATP13A4;RAB17	Normal_only	GO_Cellular_Component_2023
GO_Cellular_Component_2023	Small Ribosomal Subunit (GO:0015935)	2/42	0.9999965970648188	0.9999966194967124	0	0	0.0738857852265673	2.5142896573625266e-07	RPS27L;EIF2S1	Normal_only	GO_Cellular_Component_2023
GO_Cellular_Component_2023	Proton-Transporting V-type ATPase, V1 Domain (GO:0033180)	4/10	0.6248799774633303	0.9999966194967124	0	0	0.9882031541040606	0.4646488577236081	ATP6V1G2;ATP6V1C1;ATP6V1B1;ATP6V1C2	Normal_only	GO_Cellular_Component_2023
GO_Cellular_Component_2023	Vacuolar Proton-Transporting V-type ATPase, V1 Domain (GO:0000221)	4/10	0.6248799774633303	0.9999966194967124	0	0	0.9882031541040606	0.4646488577236081	ATP6V1G2;ATP6V1C1;ATP6V1B1;ATP6V1C2	Normal_only	GO_Cellular_Component_2023
GO_Cellular_Component_2023	Microbody Lumen (GO:0031907)	19/49	0.6378303957632518	0.9999966194967124	0	0	0.9386538940034834	0.4220965754340308	AOC1;NOS2;EPHX2;IDH1;ECI2;PIPOX;TYSND1;IDE;BAAT;DDO;AMACR;EHHADH;AGPS;ACOT2;ACOT6;AGXT;CRYM;HAO2;CRAT	Normal_only	GO_Cellular_Component_2023
GO_Cellular_Component_2023	Peroxisomal Matrix (GO:0005782)	19/49	0.6378303957632518	0.9999966194967124	0	0	0.9386538940034834	0.4220965754340308	AOC1;NOS2;EPHX2;IDH1;ECI2;PIPOX;TYSND1;IDE;BAAT;DDO;AMACR;EHHADH;AGPS;ACOT2;ACOT6;AGXT;CRYM;HAO2;CRAT	Normal_only	GO_Cellular_Component_2023
GO_Cellular_Component_2023	mRNA Cleavage And Polyadenylation Specificity Factor Complex (GO:0005847)	5/13	0.6548619861379232	0.9999966194967124	0	0	0.9264002732240436	0.3921737444525746	NUDT21;CPSF6;CPSF2;CSTF2T;CPSF4L	Normal_only	GO_Cellular_Component_2023
GO_Cellular_Component_2023	Microvillus Membrane (GO:0031528)	5/13	0.6548619861379232	0.9999966194967124	0	0	0.9264002732240436	0.3921737444525746	SLC6A6;SLC7A8;SYTL1;CDHR5;SLC38A4	Normal_only	GO_Cellular_Component_2023
GO_Cellular_Component_2023	Condensed Chromosome (GO:0000793)	23/60	0.667511965652468	0.9999966194967124	0	0	0.921213222184096	0.3723525077087384	L3MBTL1;IHO1;NIFK;SYCP2L;CBX3;NSMCE3;NCAPG2;ESRRB;NCAPG;P3H4;NCAPH;SMC2;SGO1;PSMC3IP;INSL6;CENPE;EID3;NSMCE4A;CHEK1;CHAMP1;RCC1;RGS12;SHOC1	Normal_only	GO_Cellular_Component_2023
GO_Cellular_Component_2023	Hrd1p Ubiquitin Ligase ERAD-L Complex (GO:0000839)	2/5	0.6679726587507188	0.9999966194967124	0	0	0.9882060831781502	0.398749096080006	DERL3;DERL2	Normal_only	GO_Cellular_Component_2023
GO_Cellular_Component_2023	Activin Receptor Complex (GO:0048179)	2/5	0.6679726587507188	0.9999966194967124	0	0	0.9882060831781502	0.398749096080006	ACVR1B;TGFBR1	Normal_only	GO_Cellular_Component_2023
GO_Cellular_Component_2023	Asymmetric, Glutamatergic, Excitatory Synapse (GO:0098985)	2/5	0.6679726587507188	0.9999966194967124	0	0	0.9882060831781502	0.398749096080006	NLGN4X;SHISA6	Normal_only	GO_Cellular_Component_2023
GO_Cellular_Component_2023	Cortical Granule (GO:0060473)	2/5	0.6679726587507188	0.9999966194967124	0	0	0.9882060831781502	0.398749096080006	HEXB;CALR	Normal_only	GO_Cellular_Component_2023
GO_Cellular_Component_2023	External Side Of Apical Plasma Membrane (GO:0098591)	2/5	0.6679726587507188	0.9999966194967124	0	0	0.9882060831781502	0.398749096080006	ABCC4;ABCG2	Normal_only	GO_Cellular_Component_2023
GO_Cellular_Component_2023	Golgi Medial Cisterna (GO:0005797)	4/10	0.6248799774633303	0.9999966194967124	0	0	0.9882031541040606	0.4646488577236081	MAN2A1;YIPF6;ST3GAL1;HID1	Normal_only	GO_Cellular_Component_2023
GO_Cellular_Component_2023	Non-Motile Cilium (GO:0097730)	10/30	0.8319789836902448	0.9999966194967124	0	0	0.7408350938237852	0.1362752067869912	TTC8;IFTAP;ARL13A;HYLS1;PKD2L1;DRD1;DRD2;MCHR1;DRD5;CEP89	Normal_only	GO_Cellular_Component_2023
GO_Cellular_Component_2023	Platelet Dense Granule Lumen (GO:0031089)	4/13	0.8367026748071751	0.9999966194967124	0	0	0.6586365329690799	0.1174260014661489	LGALS3BP;ITIH4;CTSW;SERPINA4	Normal_only	GO_Cellular_Component_2023
GO_Cellular_Component_2023	Septin Cytoskeleton (GO:0032156)	4/13	0.8367026748071751	0.9999966194967124	0	0	0.6586365329690799	0.1174260014661489	SEPTIN5;SEPTIN12;SEPTIN3;SEPTIN4	Normal_only	GO_Cellular_Component_2023
GO_Cellular_Component_2023	COPII Vesicle Coat (GO:0030127)	4/15	0.913135097129932	0.9999966194967124	0	0	0.5387941252836324	0.0489609973622529	SEC13;SAR1A;SAR1B;SEC31A	Normal_only	GO_Cellular_Component_2023
GO_Cellular_Component_2023	Recycling Endosome (GO:0055037)	56/159	0.918358610593811	0.9999966194967124	0	0	0.8045596242217296	0.0685221880166873	TFRC;HFE;WIPF3;TNF;ZDHHC2;LAMP5;TUBA1A;WASHC1;SLC39A4;RAB8B;PDIA3;SLC36A2;ATG9B;STX7;HLA-B;LMTK2;HLA-F;F3;HLA-E;SLC9B2;CLIP3;VAMP8;SLC9A3;SLC9A5;MYL1;GPR161;ULK1;ABCG1;CFTR;LTF;CD274;PLA2G3;SLC30A10;RAB25;VPS51;MICALL1;RAB29;TBC1D17;RAB11FIP4;DYNC1I1;PHETA2;PLEKHA3;NSG1;PHETA1;TMEM230;BAIAP3;EHD2;ENTREP1;EHD3;SYT11;MYO5B;RAB13;ATP13A4;TPP1;RAB17;RAN	Normal_only	GO_Cellular_Component_2023
GO_Cellular_Component_2023	RNA Polymerase I Complex (GO:0005736)	3/12	0.9196079412171716	0.9999966194967124	0	0	0.4939160665507822	0.0413940439233332	POLR1F;POLR1G;POLR2L	Normal_only	GO_Cellular_Component_2023
GO_Cellular_Component_2023	SUMO Ligase Complex (GO:0106068)	3/12	0.9196079412171716	0.9999966194967124	0	0	0.4939160665507822	0.0413940439233332	NSMCE4A;NSMCE3;RANGAP1	Normal_only	GO_Cellular_Component_2023
GO_Cellular_Component_2023	Clathrin Vesicle Coat (GO:0030125)	3/12	0.9196079412171716	0.9999966194967124	0	0	0.4939160665507822	0.0413940439233332	EPN3;CLTB;ENTHD1	Normal_only	GO_Cellular_Component_2023
GO_Cellular_Component_2023	Cytoplasmic Side Of Lysosomal Membrane (GO:0098574)	3/12	0.9196079412171716	0.9999966194967124	0	0	0.4939160665507822	0.0413940439233332	EEF1A2;BORCS7;BORCS6	Normal_only	GO_Cellular_Component_2023
GO_Cellular_Component_2023	Early Endosome (GO:0005769)	112/307	0.9239268508908944	0.9999966194967124	0	0	0.8492849881396137	0.0671974463128218	PHB1;HFE;WIPF3;LDLRAD4;LAMP5;LIPG;WDR91;EPHB1;WASHC1;KCNH1;WASHC3;EPHA4;STX7;AP1B1;HLA-B;LMTK2;TBC1D2B;HLA-F;DKK1;MR1;HLA-E;CLIP3;RAB32;SLC9A3;ZFYVE16;RAB31;CD8B;MYL1;KCNQ1;WDFY1;RIN3;RAB38;PLPP2;STEAP2;CFTR;CD274;PXK;PARM1;PLD4;SLC5A1;SLC30A10;KIR2DL4;PRDX3;APOE;APOB;SNX7;KIAA0319;TBC1D16;TMEM184A;PHETA2;OSBPL6;WNT3A;HPS3;DNAJC13;HPS6;HPS5;NSG1;PHETA1;IGF2R;TMEM230;EHD2;ENTREP1;EHD3;CD207;NF2;NOX1;FCGR1BP;PLEKHF1;DYSF;EEA1;DNER;FLOT1;TMEM108;PMEPA1;AP3S1;MME;PLA2G4E;SPHK1;AP3B2;F3;SLC39A14;VAMP8;PICK1;LTF;CXCR4;SNX31;TMEM163;HSPD1;NEURL1B;AP3M1;RPS6KC1;MICALL1;RAB29;MAPK1;APBB2;FCGR1A;AOC3;NTRK2;OR51E2;APOC3;PLEKHA3;SNX21;SNX20;BAIAP3;CD4;MYO1B;DOP1B;APOC2;ATP13A4;F2RL1;SIGLEC1;RAB17	Normal_only	GO_Cellular_Component_2023
GO_Cellular_Component_2023	ATP-binding Cassette (ABC) Transporter Complex (GO:0043190)	1/5	0.9240939562111624	0.9999966194967124	0	0	0.3705002482621648	0.0292478558328731	ABCG5	Normal_only	GO_Cellular_Component_2023
GO_Cellular_Component_2023	Cortical Endoplasmic Reticulum (GO:0032541)	1/5	0.9240939562111624	0.9999966194967124	0	0	0.3705002482621648	0.0292478558328731	C2CD2L	Normal_only	GO_Cellular_Component_2023
GO_Cellular_Component_2023	Intracellular Cyclic Nucleotide Activated Cation Channel Complex (GO:0017071)	1/5	0.9240939562111624	0.9999966194967124	0	0	0.3705002482621648	0.0292478558328731	CNGA3	Normal_only	GO_Cellular_Component_2023
GO_Cellular_Component_2023	Multivesicular Body, Internal Vesicle (GO:0097487)	1/5	0.9240939562111624	0.9999966194967124	0	0	0.3705002482621648	0.0292478558328731	CD63	Normal_only	GO_Cellular_Component_2023
GO_Cellular_Component_2023	Postsynaptic Recycling Endosome (GO:0098837)	1/5	0.9240939562111624	0.9999966194967124	0	0	0.3705002482621648	0.0292478558328731	ZDHHC2	Normal_only	GO_Cellular_Component_2023
GO_Cellular_Component_2023	Acrosomal Vesicle (GO:0001669)	21/64	0.912602842644334	0.9999966194967124	0	0	0.7231990924560409	0.0661398082250026	SPAG17;SPINK2;CXADR;CATSPER4;SPAG6;IZUMO1;SPESP1;CCDC136;TEX101;DKKL1;TMEM95;KNL1;PRSS55;ZPBP;ENKUR;IQUB;PLA2G10;SCNN1A;TRIM36;PPFIA3;SPACA9	Normal_only	GO_Cellular_Component_2023
GO_Cellular_Component_2023	Serine Protease Inhibitor Complex (GO:0097180)	1/5	0.9240939562111624	0.9999966194967124	0	0	0.3705002482621648	0.0292478558328731	PLAT	Normal_only	GO_Cellular_Component_2023
GO_Cellular_Component_2023	Signal Recognition Particle, Endoplasmic Reticulum Targeting (GO:0005786)	1/5	0.9240939562111624	0.9999966194967124	0	0	0.3705002482621648	0.0292478558328731	SRP19	Normal_only	GO_Cellular_Component_2023
GO_Cellular_Component_2023	Transcription Factor TFIIIC Complex (GO:0000127)	1/5	0.9240939562111624	0.9999966194967124	0	0	0.3705002482621648	0.0292478558328731	GTF3C6	Normal_only	GO_Cellular_Component_2023
GO_Cellular_Component_2023	Uniplex Complex (GO:1990246)	1/5	0.9240939562111624	0.9999966194967124	0	0	0.3705002482621648	0.0292478558328731	SMDT1	Normal_only	GO_Cellular_Component_2023
GO_Cellular_Component_2023	Organelle Envelope Lumen (GO:0031970)	22/68	0.9293914185359664	0.9999966194967124	0	0	0.7081356023917101	0.0518534388890167	GUCY2C;COA4;PRELID2;CLPB;MYOC;UQCC2;HSD3B1;PLAAT1;NME4;TRIAP1;REXO2;NLN;TUBB2A;OPA1;ARL2BP;SDHAF3;ALOX5;COA7;FBXL4;COA6;PRELID3A;PRELID3B	Normal_only	GO_Cellular_Component_2023
GO_Cellular_Component_2023	Nucleolar Exosome (RNase Complex) (GO:0101019)	2/9	0.9317662267823562	0.9999966194967124	0	0	0.4233750110845083	0.0299213199213121	EXOSC9;EXOSC3	Normal_only	GO_Cellular_Component_2023
GO_Cellular_Component_2023	Pi-Body (GO:0071546)	2/9	0.9317662267823562	0.9999966194967124	0	0	0.4233750110845083	0.0299213199213121	DDX4;TDRD5	Normal_only	GO_Cellular_Component_2023
GO_Cellular_Component_2023	Transferase Complex, Transferring Phosphorus-Containing Groups (GO:0061695)	2/9	0.9317662267823562	0.9999966194967124	0	0	0.4233750110845083	0.0299213199213121	PRPS1;TERT	Normal_only	GO_Cellular_Component_2023
GO_Cellular_Component_2023	Clathrin Coat Of trans-Golgi Network Vesicle (GO:0030130)	3/13	0.9444794143332972	0.9999966194967124	0	0	0.4444872113235659	0.0253897262742739	AP1G2;AP1B1;AP1M2	Normal_only	GO_Cellular_Component_2023
GO_Cellular_Component_2023	Cytoplasmic Side Of Endoplasmic Reticulum Membrane (GO:0098554)	3/13	0.9444794143332972	0.9999966194967124	0	0	0.4444872113235659	0.0253897262742739	HM13;SPPL2A;SPPL3	Normal_only	GO_Cellular_Component_2023
GO_Cellular_Component_2023	Mitotic Spindle Microtubule (GO:1990498)	3/13	0.9444794143332972	0.9999966194967124	0	0	0.4444872113235659	0.0253897262742739	MAP1S;CLTC;HAUS2	Normal_only	GO_Cellular_Component_2023
GO_Cellular_Component_2023	Cul2-RING Ubiquitin Ligase Complex (GO:0031462)	6/23	0.9490511838344804	0.9999966194967124	0	0	0.5228141188160769	0.0273392820545319	ZYG11A;ZSWIM8;ASB4;PRAME;ELOC;ZSWIM5	Normal_only	GO_Cellular_Component_2023
GO_Cellular_Component_2023	ATPase Dependent Transmembrane Transport Complex (GO:0098533)	1/6	0.9546797628806624	0.9999966194967124	0	0	0.2963753723932473	0.013745688699447	ABCG5	Normal_only	GO_Cellular_Component_2023
GO_Cellular_Component_2023	Shelterin Complex (GO:0070187)	1/5	0.9240939562111624	0.9999966194967124	0	0	0.3705002482621648	0.0292478558328731	POT1	Normal_only	GO_Cellular_Component_2023
GO_Cellular_Component_2023	Extrinsic Component Of Endosome Membrane (GO:0031313)	1/6	0.9546797628806624	0.9999966194967124	0	0	0.2963753723932473	0.013745688699447	WDR91	Normal_only	GO_Cellular_Component_2023
GO_Cellular_Component_2023	Vacuolar Proton-Transporting V-type ATPase Complex (GO:0016471)	7/24	0.908865185354056	0.9999966194967124	0	0	0.6100255754475703	0.0582931330663012	ATP6V1G2;ATP6V0A4;ATP6V1G3;ATP6V1C1;ATP6V0A1;ATP6V1B1;ATP6V1C2	Normal_only	GO_Cellular_Component_2023
GO_Cellular_Component_2023	Dendrite Cytoplasm (GO:0032839)	2/8	0.8966164204867896	0.9999966194967124	0	0	0.4939788950962135	0.0539065007109672	HIP1R;UHMK1	Normal_only	GO_Cellular_Component_2023
GO_Cellular_Component_2023	Septin Ring (GO:0005940)	4/13	0.8367026748071751	0.9999966194967124	0	0	0.6586365329690799	0.1174260014661489	SEPTIN5;SEPTIN12;SEPTIN3;SEPTIN4	Normal_only	GO_Cellular_Component_2023
GO_Cellular_Component_2023	U4 snRNP (GO:0005687)	3/10	0.8373250784697981	0.9999966194967124	0	0	0.6351413671999716	0.1127648393700407	SNRPD1;SNRPG;SNRPE	Normal_only	GO_Cellular_Component_2023
GO_Cellular_Component_2023	Alpha-Beta T Cell Receptor Complex (GO:0042105)	3/10	0.8373250784697981	0.9999966194967124	0	0	0.6351413671999716	0.1127648393700407	CD3G;CD3E;CD3D	Normal_only	GO_Cellular_Component_2023
GO_Cellular_Component_2023	Preribosome, Small Subunit Precursor (GO:0030688)	3/10	0.8373250784697981	0.9999966194967124	0	0	0.6351413671999716	0.1127648393700407	LTB4R2;RIOK2;UTP20	Normal_only	GO_Cellular_Component_2023
GO_Cellular_Component_2023	Clathrin Coat (GO:0030118)	5/16	0.8392445559935873	0.9999966194967124	0	0	0.6735762995077451	0.1180463547116825	EPN3;CLTC;CLTB;ENTHD1;KCNQ5	Normal_only	GO_Cellular_Component_2023
GO_Cellular_Component_2023	Hrd1p Ubiquitin Ligase Complex (GO:0000836)	2/7	0.8451062921439609	0.9999966194967124	0	0	0.5928243327126008	0.0997681083677139	DERL3;DERL2	Normal_only	GO_Cellular_Component_2023
GO_Cellular_Component_2023	Astrocyte Projection (GO:0097449)	2/7	0.8451062921439609	0.9999966194967124	0	0	0.5928243327126008	0.0997681083677139	GRM3;GRM2	Normal_only	GO_Cellular_Component_2023
GO_Cellular_Component_2023	cis-Golgi Network Membrane (GO:0033106)	2/7	0.8451062921439609	0.9999966194967124	0	0	0.5928243327126008	0.0997681083677139	TRAPPC3L;RNF183	Normal_only	GO_Cellular_Component_2023
GO_Cellular_Component_2023	Ribonuclease MRP Complex (GO:0000172)	2/7	0.8451062921439609	0.9999966194967124	0	0	0.5928243327126008	0.0997681083677139	RPP40;RPP25L	Normal_only	GO_Cellular_Component_2023
GO_Cellular_Component_2023	Serine C-palmitoyltransferase Complex (GO:0017059)	2/7	0.8451062921439609	0.9999966194967124	0	0	0.5928243327126008	0.0997681083677139	SPTLC3;SPTSSB	Normal_only	GO_Cellular_Component_2023
GO_Cellular_Component_2023	RNA Polymerase III Complex (GO:0005666)	5/17	0.8789456136238694	0.9999966194967124	0	0	0.6173931942374565	0.0796636368282956	POLR3D;POLR3G;POLR3H;POLR3K;POLR2L	Normal_only	GO_Cellular_Component_2023
GO_Cellular_Component_2023	Protein Kinase Complex (GO:1902911)	5/17	0.8789456136238694	0.9999966194967124	0	0	0.6173931942374565	0.0796636368282956	STING1;IRS1;TRAF3;STRADB;INSRR	Normal_only	GO_Cellular_Component_2023
GO_Cellular_Component_2023	Perineuronal Net (GO:0072534)	2/8	0.8966164204867896	0.9999966194967124	0	0	0.4939788950962135	0.0539065007109672	BCAN;HAPLN2	Normal_only	GO_Cellular_Component_2023
GO_Cellular_Component_2023	Transcription Factor TFTC Complex (GO:0033276)	5/17	0.8789456136238694	0.9999966194967124	0	0	0.6173931942374565	0.0796636368282956	ENY2;TAF10;TAF9;SUPT3H;TAF5L	Normal_only	GO_Cellular_Component_2023
GO_Cellular_Component_2023	Early Endosome Membrane (GO:0031901)	41/116	0.8821417664518018	0.9999966194967124	0	0	0.8093612774451098	0.1014959299848135	FCGR1BP;CD274;HFE;LDLRAD4;SLC30A10;TMEM163;KIR2DL4;LAMP5;WDR91;PMEPA1;FCGR1A;EPHB1;WASHC1;KCNH1;WASHC3;TMEM184A;EPHA4;OSBPL6;WNT3A;PLA2G4E;SPHK1;OR51E2;HLA-B;DNAJC13;SNX21;NSG1;HLA-F;DKK1;MR1;SLC39A14;SNX20;HLA-E;BAIAP3;CLIP3;ENTREP1;RAB31;ZFYVE16;CD8B;DOP1B;CD207;ATP13A4	Normal_only	GO_Cellular_Component_2023
GO_Cellular_Component_2023	AP-1 Adaptor Complex (GO:0030121)	3/11	0.8848939792436155	0.9999966194967124	0	0	0.5557021355848026	0.0679553907937389	AP1G2;AP1B1;AP1M2	Normal_only	GO_Cellular_Component_2023
GO_Cellular_Component_2023	Filopodium Membrane (GO:0031527)	3/11	0.8848939792436155	0.9999966194967124	0	0	0.5557021355848026	0.0679553907937389	PALM;TBC1D10C;SYNE2	Normal_only	GO_Cellular_Component_2023
GO_Cellular_Component_2023	Transcription Factor TFIIH Holo Complex (GO:0005675)	3/11	0.8848939792436155	0.9999966194967124	0	0	0.5557021355848026	0.0679553907937389	ERCC2;MNAT1;GTF2H5	Normal_only	GO_Cellular_Component_2023
GO_Cellular_Component_2023	Cytoplasmic Stress Granule (GO:0010494)	26/76	0.8855010946689732	0.9999966194967124	0	0	0.770061013572407	0.0936406402162907	GRB7;DYRK3;DDX25;YBX1;FXR1;ZFP36;MCRIP1;OGFOD1;G3BP1;HABP4;G3BP2;IGF2BP1;CTSG;IGF2BP3;IGF2BP2;PABPC1L2A;RBFOX1;PABPC4;PABPC5;CIRBP;EIF2S1;HIPK2;ZNFX1;CAPRIN1;PABPC1L;KPNB1	Normal_only	GO_Cellular_Component_2023
GO_Cellular_Component_2023	Mitochondrial Outer Membrane (GO:0005741)	54/151	0.8895008454656768	0.9999966194967124	0	0	0.824026041780724	0.0964891821758355	SLC44A1;CISD2;OPA1;AIFM2;RAC2;MYOC;ACSL1;TOMM34;VPS13A;KMO;CPT1B;RHOD;RAB32;IFI27;PIGBOS1;ULK1;MGARP;SPATA18;FATE1;SPATA19;SLC29A3;AGPAT5;NLRX1;MAOB;MIEF1;ACACB;PRICKLE4;AGPAT4;BCL2L10;BCL2L11;BNIP1;HMOX1;GPAT2;BID;ATAD1;CYB5B;AOC1;TIGAR;AGK;MTX2;BNIP3;PDE2A;SEPTIN4;MYO19;SPART;SLC8A3;ZNFX1;GPAM;STING1;BCL2;BAX;ARMC12;SFXN2;TOMM5	Normal_only	GO_Cellular_Component_2023
GO_Cellular_Component_2023	Serine/Threonine Protein Kinase Complex (GO:1902554)	20/60	0.8919263462456695	0.9999966194967124	0	0	0.7405126290904567	0.0846937040222113	CDKN1A;STRADB;PARD6G;ACVR1B;PRKCZ;TGFBR1;CCNA2;PARD6B;PARD6A;CCNY;STING1;TRAF3;CDK4;PARD3;CCNI2;CKS2;CDK1;CCNO;CDK5R2;CCNJL	Normal_only	GO_Cellular_Component_2023
GO_Cellular_Component_2023	Mitochondrial Envelope (GO:0005740)	52/146	0.8929523223327561	0.9999966194967124	0	0	0.8188339734474465	0.092710093816909	IFI27L2;ACADVL;CLPB;AQP8;TRIAP1;OPA1;FLVCR2;C19ORF12;PLEKHN1;TMEM14A;COA7;TMEM14B;COA6;TMEM14C;SLC30A9;MYOC;ACAD9;VPS13A;NME4;REXO2;SLC9B2;RNF144B;IFI27;SDHAF3;TMBIM6;NAT8L;GUCY2C;SLC22A3;MAOB;NDUFB6;IFI6;AFG1L;OMA1;NLN;ADAP2;BNIP1;GPAT2;PRELID3A;PRELID3B;COA4;PRELID2;UQCC2;AGK;BNIP3;HSD3B1;CIDEA;FZD9;SLC25A37;ARL2BP;GPAM;FBXL4;SLC25A33	Normal_only	GO_Cellular_Component_2023
GO_Cellular_Component_2023	9+0 Non-Motile Cilium (GO:0097731)	2/8	0.8966164204867896	0.9999966194967124	0	0	0.4939788950962135	0.0539065007109672	IFTAP;USH1G	Normal_only	GO_Cellular_Component_2023
GO_Cellular_Component_2023	Cul5-RING Ubiquitin Ligase Complex (GO:0031466)	2/8	0.8966164204867896	0.9999966194967124	0	0	0.4939788950962135	0.0539065007109672	ASB4;ELOC	Normal_only	GO_Cellular_Component_2023
GO_Cellular_Component_2023	RNA N6-methyladenosine Methyltransferase Complex (GO:0036396)	2/8	0.8966164204867896	0.9999966194967124	0	0	0.4939788950962135	0.0539065007109672	RBM15;ZC3H13	Normal_only	GO_Cellular_Component_2023
GO_Cellular_Component_2023	Smc5-Smc6 Complex (GO:0030915)	2/8	0.8966164204867896	0.9999966194967124	0	0	0.4939788950962135	0.0539065007109672	NSMCE4A;NSMCE3	Normal_only	GO_Cellular_Component_2023
GO_Cellular_Component_2023	SAGA Complex (GO:0000124)	7/23	0.881736481963583	0.9999966194967124	0	0	0.6482065217391304	0.0815845957513572	ENY2;TMEM98;TAF10;TAF9;SGF29;SUPT3H;TAF5L	Normal_only	GO_Cellular_Component_2023
GO_Cellular_Component_2023	Cytosolic Small Ribosomal Subunit (GO:0022627)	2/41	0.9999966194967124	0.9999966194967124	0	0	0.0757866590268824	2.5619748302899754e-07	RPS27L;EIF2S1	Normal_only	GO_Cellular_Component_2023
