Symbol	logFC_tum	adj_tum	logFC_norm	adj_norm	dir_tum	dir_norm	sig_tum	sig_norm	delta_logFC
A1BG	-0.276692307692305	0.284473225246335	2.3988433497537	2.2923629798091e-143	NS	UP	False	True	-2.675535657446005
A2M	0.514849999999996	0.363309799000181	-2.03238226600985	3.36314061399525e-37	NS	DOWN	False	True	2.547232266009846
A2ML1	0.511880769230769	0.745817997503338	-8.46530147783251	6.89682452088732e-191	NS	DOWN	False	True	8.97718224706328
A3GALT2	0.937130769230771	0.235293636533658	1.07824679802955	0.0002651445854143	NS	UP	False	True	-0.14111602879877905
A4GNT	2.2391076923077	0.0054370902303387	1.74174285714285	9.23507624901773e-10	NS	UP	False	True	0.49736483516484986
AACS	0.456215384615385	0.146777117364921	-2.10181034482758	1.5057655638383502e-167	NS	DOWN	False	True	2.558025729442965
AADAC	1.29328846153847	0.267603544407755	-7.43653152709359	5.07100382698584e-104	NS	DOWN	False	True	8.729819988632059
AADACL2	0.260346153846157	0.874657582323931	-12.7635492610837	6.56997306768539e-213	NS	DOWN	False	True	13.023895414929857
AADACL3	-0.567288461538462	0.382259705208913	-4.59366256157635	1.1557416278521199e-34	NS	DOWN	False	True	4.026374100037888
AADACL4	-0.339115384615383	0.443019272455931	3.31684039408866	7.37482087868759e-27	NS	UP	False	True	-3.655955778704043
AAK1	0.606826923076923	0.0132211930051004	1.26216896551724	3.91627940443101e-94	NS	UP	False	True	-0.6553420424403169
AANAT	-0.374857692307693	0.654922437696401	-1.87383152709359	1.1852205340125098e-11	NS	DOWN	False	True	1.498973834785897
AARD	2.91224230769231	0.0089317809699695	-2.84720344827586	4.5942912318366303e-35	NS	DOWN	False	True	5.759445755968169
AARS1	0.369557692307693	0.211404726173366	1.59279901477832	6.44564990957216e-119	NS	UP	False	True	-1.223241322470627
AASS	1.23961923076923	0.0020567580769973	1.38257290640394	1.8993270902245102e-73	NS	UP	False	True	-0.14295367563471006
AATK	0.755988461538463	0.197325210857478	-2.71089507389163	1.43562385569617e-104	NS	DOWN	False	True	3.466883535430093
ABCA12	1.4595	0.270174192696599	-8.51261970443349	2.28793402077315e-186	NS	DOWN	False	True	9.97211970443349
ABCA13	1.22544615384615	0.135688430848545	-3.32177783251231	4.1472942693999904e-54	NS	DOWN	False	True	4.5472239863584605
ABCA3	-0.0623115384615391	0.913288810773768	-4.31331674876848	2.00675448687533e-183	NS	DOWN	False	True	4.251005210306941
ABCA4	0.530746153846155	0.559248659551287	-1.21664827586207	1.25845563992946e-13	NS	DOWN	False	True	1.747394429708225
ABCA5	1.10596153846154	0.008664170748372	-1.87742413793104	1.1794277113199599e-125	NS	DOWN	False	True	2.98338567639258
ABCA7	-0.375846153846155	0.245507885580086	-2.60715714285714	5.54626273446876e-117	NS	DOWN	False	True	2.231310989010985
ABCB1	0.858819230769231	0.0747831072894099	-3.65916354679803	1.33252418718533e-65	NS	DOWN	False	True	4.517982777567261
ABCB11	0.767596153846155	0.326205001288882	-5.9359448275862	9.09740925633296e-118	NS	DOWN	False	True	6.703540981432354
ABCB4	0.135307692307692	0.847783780357891	-1.69412315270936	4.6229769397536995e-34	NS	DOWN	False	True	1.829430845017052
ABCB5	-1.41511153846154	0.154823847813154	-2.55500837438423	3.56691756502257e-14	NS	DOWN	False	True	1.1398968359226898
ABCC1	0.474119230769231	0.190187036543538	1.41946206896552	4.27495640051413e-133	NS	UP	False	True	-0.945342838196289
ABCC12	2.59728846153847	0.0023458315331939	-1.46476206896552	7.643233082534271e-09	NS	DOWN	False	True	4.06205053050399
ABCC3	0.982738461538462	0.0197290607232254	1.3230236453202	8.02557008373616e-77	NS	UP	False	True	-0.340285183781738
ABCC4	1.39032307692308	0.0516084320720579	2.01581280788177	8.879560105599989e-114	NS	UP	False	True	-0.6254897309586898
ABCC8	2.5758576923077	0.0118308826286231	-4.71790837438423	6.4608993195924304e-52	NS	DOWN	False	True	7.29376606669193
ABCF2	0.11923076923077	0.64509600755842	1.21496403940887	1.8866353824406602e-117	NS	UP	False	True	-1.0957332701781002
ABCG1	0.835511538461539	0.0845009674361885	-6.70239852216749	4.95420341497554e-139	NS	DOWN	False	True	7.537910060629029
ABCG2	1.73071538461538	0.0039263243052954	-1.71780246305419	7.21409589074293e-37	NS	DOWN	False	True	3.44851784766957
ABCG4	1.00157307692308	0.188153874518305	-1.21159950738916	7.38636142047002e-16	NS	DOWN	False	True	2.2131725843122396
ABCG5	1.33005769230769	0.094500295390291	-1.7197	7.1629684091166e-13	NS	DOWN	False	True	3.04975769230769
ABHD10	0.851869230769231	0.0030079109651618	1.04073497536946	4.69334048066518e-90	NS	UP	False	True	-0.18886574460022887
ABHD12B	2.88274230769231	0.0041765960559273	-6.96646600985222	4.5583493114390704e-154	NS	DOWN	False	True	9.84920831754453
ABHD14A	0.0604230769230787	0.818609159302426	1.86024630541872	7.08724729923938e-129	NS	UP	False	True	-1.7998232284956412
ABHD14A-ACY1	0.620184615384616	0.0706087371714078	1.04213300492611	2.5686180536488898e-11	NS	UP	False	True	-0.42194838954149394
ABHD16B	-2.91001153846154	0.057164934460213	-4.7182487684729	9.04593351129198e-37	NS	DOWN	False	True	1.8082372300113603
ABHD4	0.0743846153846155	0.765178054721535	1.06811477832512	2.77285840962649e-68	NS	UP	False	True	-0.9937301629405044
ABHD5	0.445453846153848	0.139367660071535	-1.17604187192118	1.80508978980825e-64	NS	DOWN	False	True	1.621495718075028
ABHD6	-0.0694230769230777	0.870370172452448	-2.56495270935961	1.48757991904325e-199	NS	DOWN	False	True	2.4955296324365324
ABI3	0.479850000000001	0.214805906759958	-5.92137093596059	1.64737552568225e-107	NS	DOWN	False	True	6.401220935960591
ABI3BP	1.58270384615385	0.032213286280549	3.76499359605911	4.02749236530068e-147	NS	UP	False	True	-2.18228974990526
ABL1	0.368703846153845	0.192289660259953	1.03250935960592	2.0616781771218798e-83	NS	UP	False	True	-0.6638055134520751
ABL2	0.359173076923077	0.266309080853823	2.71668472906404	2.9474135429308502e-165	NS	UP	False	True	-2.357511652140963
ABLIM1	1.01336153846154	0.107989233291506	-5.32246945812808	1.04840309029164e-216	NS	DOWN	False	True	6.33583099658962
ABLIM2	-0.182026923076923	0.652345843892034	-3.61656551724138	1.6130375721760699e-83	NS	DOWN	False	True	3.434538594164457
ABLIM3	1.62300769230769	0.0016081372746352	2.55632413793103	1.12879890471348e-125	NS	UP	False	True	-0.9333164456233403
ABO	1.36558076923077	0.0133530552492495	-7.9083645320197	2.24469759746392e-167	NS	DOWN	False	True	9.27394530125047
ABRA	1.18988461538462	0.0567791639638567	-1.46225960591133	1.20390772634714e-08	NS	DOWN	False	True	2.6521442212959503
ABRACL	0.175207692307691	0.612258845450108	1.0904527093596	3.62267635081385e-61	NS	UP	False	True	-0.9152450170519089
ABTB2	1.70995	0.002913694960079	-1.32311280788177	1.40302829252102e-50	NS	DOWN	False	True	3.03306280788177
ABTB3	1.17796153846154	0.0934248854603825	-5.04628325123153	7.59765632914283e-163	NS	DOWN	False	True	6.22424478969307
ACAA2	0.729484615384616	0.0234409365878623	1.38542216748769	1.8025087558651002e-61	NS	UP	False	True	-0.6559375521030741
ACACB	0.398976923076923	0.305747505541908	-2.10472610837438	5.93112785479973e-72	NS	DOWN	False	True	2.503703031451303
ACAD9	0.429999999999999	0.0373277920989051	-1.49781625615764	2.04841696836654e-136	NS	DOWN	False	True	1.927816256157639
ACADL	1.06901538461539	0.244789044618483	-4.78487980295566	1.1559012287069e-127	NS	DOWN	False	True	5.85389518757105
ACADVL	0.312826923076925	0.162625051076803	-1.06165812807883	7.383051608953101e-75	NS	DOWN	False	True	1.374485051155755
ACAP3	0.307711538461539	0.110212087130718	-2.39435221674877	5.30472302227536e-158	NS	DOWN	False	True	2.7020637552103093
ACBD3	0.888657692307692	0.0154519068441686	1.28731379310345	9.20160699471298e-125	NS	UP	False	True	-0.398656100795758
ACBD7	1.60338846153846	0.052876529208463	2.18214778325123	2.18068958447898e-18	NS	UP	False	True	-0.5787593217127702
ACCSL	-1.19413846153846	0.159724031494838	-4.482621182266	2.10687281144056e-69	NS	DOWN	False	True	3.2884827207275396
ACE	0.506238461538462	0.172733487495711	1.17157881773399	2.61670313947372e-27	NS	UP	False	True	-0.6653403561955281
ACE2	2.36613461538462	0.0028144081555338	-4.98008669950738	2.58633682025464e-73	NS	DOWN	False	True	7.346221314892
ACER1	0.0700730769230793	0.969283328874214	-10.9386128078818	1.12736153524721e-196	NS	DOWN	False	True	11.00868588480488
ACER3	0.914053846153846	0.0024151667888552	1.74046009852217	2.6160585769652197e-114	NS	UP	False	True	-0.8264062523683241
ACHE	0.435665384615385	0.418297866165757	-3.49325221674877	1.39159496526322e-99	NS	DOWN	False	True	3.928917601364155
ACKR1	-1.05123461538462	0.121064787548154	-1.80752857142857	6.31243695620647e-27	NS	DOWN	False	True	0.7562939560439501
ACKR2	-0.0198384615384612	0.97811507290952	-1.96189950738917	1.57638955188029e-34	NS	DOWN	False	True	1.9420610458507088
ACKR4	1.63719230769231	0.0069563134926979	1.86456453201971	4.9003513348224695e-36	NS	UP	False	True	-0.2273722243273999
ACLY	0.812184615384616	0.0047968639523974	1.8681472906404	2.8126954529500096e-177	NS	UP	False	True	-1.055962675255784
ACO1	0.373496153846153	0.351899881548296	2.86035320197044	3.3695765200741696e-176	NS	UP	False	True	-2.486857048124287
ACOT1	-0.183665384615384	0.689086717162236	1.1678	2.7013003024690497e-28	NS	UP	False	True	-1.351465384615384
ACOT2	-0.215434615384615	0.520629538699879	1.45767192118226	4.864537136400841e-106	NS	UP	False	True	-1.673106536566875
ACOT6	1.10268846153846	0.27797764898939	-1.31553596059113	6.14527303126681e-08	NS	DOWN	False	True	2.4182244221295903
ACOT9	0.363638461538464	0.0624213883043873	1.46088866995074	3.44615802337291e-138	NS	UP	False	True	-1.097250208412276
ACP3	2.68602692307692	0.0010864457482048	-4.94413497536946	7.03307263042926e-149	NS	DOWN	False	True	7.63016189844638
ACP4	0.852096153846157	0.220396803969388	-7.28076354679801	3.2159931345130397e-128	NS	DOWN	False	True	8.132859700644167
ACP5	0.23798076923077	0.570937854609312	-4.4417551724138	5.24229725019914e-175	NS	DOWN	False	True	4.67973594164457
ACP6	1.09453461538462	0.0025866987223063	-1.17459950738917	3.2048950697099696e-56	NS	DOWN	False	True	2.26913412277379
ACP7	1.22158461538462	0.337252116347979	-5.09049458128078	7.78133264451102e-94	NS	DOWN	False	True	6.312079196665399
ACR	1.09757307692308	0.177020662115481	-5.08498965517241	3.76321134004936e-68	NS	DOWN	False	True	6.18256273209549
ACRV1	0.912876923076923	0.117465727560523	1.93427339901478	1.7689700064935602e-15	NS	UP	False	True	-1.0213964759378569
ACSBG1	0.911492307692308	0.40786004374793	-7.58629950738916	4.35921932685145e-207	NS	DOWN	False	True	8.497791815081468
ACSF2	-0.47415	0.359179896449651	-1.89511330049261	5.58946516983974e-143	NS	DOWN	False	True	1.4209633004926099
ACSL1	0.295734615384615	0.420036004716055	-1.27650985221675	3.03841106048304e-58	NS	DOWN	False	True	1.572244467601365
ACSL6	2.40719230769231	0.0019807115268912	-2.77321527093596	6.25624043348179e-34	NS	DOWN	False	True	5.1804075786282695
ACSM1	2.15393846153846	0.0161640716933852	-8.02511527093595	3.96038480634329e-140	NS	DOWN	False	True	10.179053732474411
ACSM2A	0.727584615384616	0.393472318108876	-2.35547881773399	1.1169328534564101e-17	NS	DOWN	False	True	3.083063433118606
ACSM2B	0.453430769230773	0.648506892654666	-2.72508325123152	3.54791200553272e-19	NS	DOWN	False	True	3.178514020462293
ACSM3	1.52506923076923	0.002289038516079	-2.33537339901478	2.50412814223172e-79	NS	DOWN	False	True	3.8604426297840098
ACSM5	0.98785	0.13174466682694	-2.39312807881773	4.89946066010705e-23	NS	DOWN	False	True	3.38097807881773
ACSM6	0.121988461538464	0.874993315495509	-7.22613497536944	9.13467358392535e-110	NS	DOWN	False	True	7.348123436907905
ACSS2	0.297603846153847	0.120350794349363	-1.56018226600986	6.9364343633249e-126	NS	DOWN	False	True	1.8577861121637071
ACSS3	2.21154230769231	0.0204053929688964	2.38408669950739	1.57169851219828e-113	NS	UP	False	True	-0.1725443918150802
ACTA1	0.614292307692307	0.440235178668864	-2.47980738916256	3.2713509371555e-27	NS	DOWN	False	True	3.094099696854867
ACTB	-0.240523076923086	0.154495225050159	1.5606472906404	1.97888770676499e-118	NS	UP	False	True	-1.801170367563486
ACTBL2	2.15914615384616	0.0158473464453866	3.65554334975369	1.57656324072795e-31	NS	UP	False	True	-1.4963971959075302
ACTC1	-0.805823076923077	0.318228008966407	-1.85741330049261	1.75264480564543e-18	NS	DOWN	False	True	1.0515902235695331
ACTG1	-0.0755884615384641	0.783929039900083	1.09273300492611	8.71545624565618e-81	NS	UP	False	True	-1.168321466464574
ACTG2	-0.280546153846153	0.640553731207145	-4.0307275862069	3.5569302440946997e-103	NS	DOWN	False	True	3.7501814323607467
ACTL6B	0.821342307692312	0.300923136005066	-1.72801477832512	3.53333880119552e-09	NS	DOWN	False	True	2.549357086017432
ACTL8	-0.0614538461538467	0.959856138517842	3.23893152709359	1.03582210069029e-32	NS	UP	False	True	-3.300385373247437
ACTN1	-0.148215384615384	0.694287083068103	2.30384482758621	2.47879332329897e-127	NS	UP	False	True	-2.452060212201594
ACTN2	-0.0714230769230766	0.947833985535106	-1.40464975369458	9.9612555163328e-21	NS	DOWN	False	True	1.3332266767715033
ACTR3	0.964503846153844	0.0128520948203091	1.80840197044335	3.70021230291832e-128	NS	UP	False	True	-0.8438981242895061
ACTR3C	0.816207692307691	0.351127942467053	-2.4012842364532	3.0131177325411797e-43	NS	DOWN	False	True	3.217491928760891
ACTR8	0.560507692307692	0.0191091994620228	1.00848571428571	1.68049246940839e-121	NS	UP	False	True	-0.44797802197801795
ACTRT3	1.14460384615385	0.0321572888091563	3.22913793103449	5.5035076907176395e-160	NS	UP	False	True	-2.08453408488064
ACVR1B	0.722788461538462	0.0022357693438535	-1.73836502463054	1.83785979613179e-133	NS	DOWN	False	True	2.461153486169002
ACVRL1	0.758834615384615	0.0118301325458855	1.30948916256158	2.0869465786730399e-50	NS	UP	False	True	-0.550654547176965
ACY3	1.98411153846154	0.0274936854934307	-3.24306699507389	3.66674860819554e-29	NS	DOWN	False	True	5.22717853353543
ADA	0.364961538461539	0.276934271380886	1.8817118226601	1.88562985196059e-103	NS	UP	False	True	-1.516750284198561
ADAD2	0.0386269230769223	0.971817053162996	-9.0019566502463	8.838393637039431e-151	NS	DOWN	False	True	9.040583573323222
ADAL	1.20958846153846	0.0018555160911332	1.85855024630542	9.83786016100964e-122	NS	UP	False	True	-0.64896178476696
ADAM10	1.11950769230769	0.0085130759067378	2.99895714285714	6.2518882566212305e-201	NS	UP	False	True	-1.8794494505494501
ADAM11	-0.935065384615385	0.117739215027614	-1.86652807881774	1.4645392502260401e-58	NS	DOWN	False	True	0.9314626942023551
ADAM12	1.28307692307692	0.0051444195930295	6.82996699507389	6.86502385017317e-198	NS	UP	False	True	-5.54689007199697
ADAM15	-0.360353846153848	0.0598390498850066	-2.37021477832512	8.709064566555189e-221	NS	DOWN	False	True	2.0098609321712724
ADAM21	2.00820384615385	0.0114688329319169	3.81773940886699	1.48420248135951e-75	NS	UP	False	True	-1.80953556271314
ADAM23	1.25748846153846	0.173198385825202	2.36172167487685	1.82064149922561e-73	NS	UP	False	True	-1.10423321333839
ADAM32	2.58032307692308	0.0044705512911949	2.43078916256158	1.50832320729716e-91	NS	UP	False	True	0.14953391436149976
ADAM33	1.04316153846154	0.0461646355399326	2.52044433497536	9.114272088925649e-77	NS	UP	False	True	-1.4772827965138198
ADAM7			-1.10089655172413	1.5573472507596601e-10	NS	DOWN	False	True	
ADAM8	0.423011538461538	0.311165252569847	-2.01592167487685	3.3228639623191203e-88	NS	DOWN	False	True	2.438933213338388
ADAMDEC1	1.60318461538462	0.0388498023944326	-1.64104285714286	1.10689528439889e-08	NS	DOWN	False	True	3.24422747252748
ADAMTS12	1.10715384615385	0.0095128201222307	4.02641477832512	1.96267713736067e-159	NS	UP	False	True	-2.91926093217127
ADAMTS14	0.70355	0.0929029572375846	-1.24526995073892	1.6042003046742e-18	NS	DOWN	False	True	1.94881995073892
ADAMTS17	0.011176923076923	0.984616792684964	-5.33353497536945	1.49586137468254e-106	NS	DOWN	False	True	5.3447118984463735
ADAMTS18	1.02293076923077	0.318164441549317	-1.30484334975369	1.40792802944839e-06	NS	DOWN	False	True	2.3277741189844603
ADAMTS19	0.493038461538461	0.512959133339442	-2.25637389162562	1.86860979591243e-18	NS	DOWN	False	True	2.749412353164081
ADAMTS2	-0.497742307692308	0.34591266218946	4.71638472906404	1.6574238096791e-211	NS	UP	False	True	-5.214127036756348
ADAMTS6	1.91194230769231	0.0013512686323943	5.36315665024631	1.64908385081219e-172	NS	UP	False	True	-3.451214342554
ADAMTS7	1.2563	0.0015877985722493	3.1017645320197	3.50751472968627e-138	NS	UP	False	True	-1.8454645320197
ADAMTS8	2.63214615384615	0.0045324446399111	-3.31553842364531	6.15280983185129e-82	NS	DOWN	False	True	5.94768457749146
ADAMTS9	1.26943846153846	0.0017665442676681	-1.6061921182266	1.62807987874958e-45	NS	DOWN	False	True	2.87563057976506
ADAMTSL1	1.65675	0.0018494746774952	5.46759852216749	8.07738211754642e-205	NS	UP	False	True	-3.8108485221674906
ADAMTSL2	0.631911538461538	0.217225090984093	-4.47473152709359	2.30006375758422e-99	NS	DOWN	False	True	5.1066430655551285
ADAMTSL3	0.91605	0.143514602689816	-5.08193004926108	3.22380812527248e-118	NS	DOWN	False	True	5.997980049261081
ADAMTSL5	-0.1331	0.815375121903466	1.95829753694581	2.3111381388969e-107	NS	UP	False	True	-2.09139753694581
ADAP1	0.635111538461538	0.162539876077099	-1.23987832512315	1.14259232843465e-48	NS	DOWN	False	True	1.874989863584688
ADAP2	1.14821923076923	0.0056535567556331	-5.03162315270936	4.7270029121180304e-157	NS	DOWN	False	True	6.17984238347859
ADARB1	0.897653846153846	0.0017875877081696	2.31873743842365	1.0919296137116099e-107	NS	UP	False	True	-1.4210835922698037
ADARB2	2.91636538461539	0.0035596659542577	-6.71644778325122	1.83465670621851e-117	NS	DOWN	False	True	9.63281316786661
ADAT3	-0.1317	0.730769670931079	-1.61524778325123	8.63628603398697e-53	NS	DOWN	False	True	1.48354778325123
ADCK2	0.149319230769228	0.518642784583479	-1.29317339901478	5.141794389538359e-125	NS	DOWN	False	True	1.442492629784008
ADCY2	-2.11384230769231	0.0309555522839195	-7.3509251231527	1.6959436134041e-147	NS	DOWN	False	True	5.23708281546039
ADCY4	0.514423076923077	0.107357020805425	-2.27348029556651	6.67496167781306e-82	NS	DOWN	False	True	2.787903372489587
ADCY5	0.920696153846153	0.176290447155727	-2.08536847290641	3.46140709233722e-64	NS	DOWN	False	True	3.006064626752563
ADCY7	1.27848076923077	0.0010462796140507	1.47664039408867	1.9359788445149e-80	NS	UP	False	True	-0.19815962485790006
ADCY8	1.44899230769231	0.147825768663806	-4.25366748768472	4.66996120889792e-37	NS	DOWN	False	True	5.702659795377031
ADCY9	0.332696153846153	0.263025114175558	1.16123448275862	2.0073431120981699e-78	NS	UP	False	True	-0.828538328912467
ADCYAP1	1.47761153846154	0.141180344943238	-3.4827290640394	4.73408724573929e-29	NS	DOWN	False	True	4.96034060250094
ADCYAP1R1	0.182584615384616	0.73889899067798	-4.84066748768472	7.90726265133152e-101	NS	DOWN	False	True	5.023252103069336
ADD2	1.42198846153846	0.0974726557112316	-3.80993940886699	3.25516244957394e-59	NS	DOWN	False	True	5.23192787040545
ADGB	1.50061923076923	0.0553645013628374	-3.88773201970443	8.26111981438349e-42	NS	DOWN	False	True	5.38835125047366
ADGRA1	-1.02351153846154	0.127210862898932	-1.6693118226601	1.1347394864935701e-15	NS	DOWN	False	True	0.64580028419856
ADGRB1	1.99671923076923	0.0025891125387973	-5.80081379310345	1.34076224809924e-150	NS	DOWN	False	True	7.79753302387268
ADGRB3	2.03939230769231	0.0280605463054055	-4.08704433497536	1.51419030417777e-75	NS	DOWN	False	True	6.12643664266767
ADGRD1	1.58805384615385	0.0035711005139859	2.06854482758621	1.91511144845573e-46	NS	UP	False	True	-0.4804909814323599
ADGRD2	0.351080769230775	0.767062238376887	-9.0984133004926	5.54440284391509e-208	NS	DOWN	False	True	9.449494069723375
ADGRE2	-0.108438461538461	0.847825014218659	-1.40907980295567	5.66639133934834e-31	NS	DOWN	False	True	1.3006413414172089
ADGRE5	1.12488461538462	0.0090018074282253	2.42144433497537	9.36230635958883e-131	NS	UP	False	True	-1.29655971959075
ADGRF2P	-0.088549999999997	0.930553697828597	-10.8206837438424	2.04195052189674e-244	NS	DOWN	False	True	10.732133743842404
ADGRF4	1.25571538461539	0.366562163623032	-11.3129330049261	2.83341320909753e-205	NS	DOWN	False	True	12.56864838954149
ADGRG1	0.244873076923077	0.563048931254801	-6.72346059113301	1.01658921686758e-244	NS	DOWN	False	True	6.968333668056087
ADGRG3	0.528176923076924	0.464463353136775	-5.76427980295566	3.94662231122866e-81	NS	DOWN	False	True	6.292456726032585
ADGRG5	1.21367307692308	0.0629319343424653	-5.34735714285713	2.1510914427315e-93	NS	DOWN	False	True	6.561030219780211
ADGRG6	2.05959230769231	0.0062996357695155	-3.04614630541872	7.24048527036735e-106	NS	DOWN	False	True	5.10573861311103
ADGRL3	2.20076538461538	0.0071314748148259	-3.29539261083744	2.8168138110101802e-59	NS	DOWN	False	True	5.49615799545282
ADGRL4	1.23911538461538	0.0013074630996488	1.26440935960591	2.67822987430454e-39	NS	UP	False	True	-0.0252939749905301
ADGRV1	2.37946923076923	0.0028568854166758	-3.26699162561575	1.79589286202373e-63	NS	DOWN	False	True	5.64646085638498
ADH1A	0.584169230769234	0.559908341155533	1.99616305418719	1.19382626870926e-13	NS	UP	False	True	-1.4119938234179559
ADH1C	2.20826923076924	0.0285046708861292	1.49746206896552	7.03413013466493e-19	NS	UP	False	True	0.7108071618037202
ADH4	-0.0919499999999989	0.936111205034133	-1.01132463054187	2.65400910121539e-05	NS	DOWN	False	True	0.9193746305418711
ADH5	0.929538461538463	0.0007361693148289	2.65998078817734	1.9496607891568202e-223	NS	UP	False	True	-1.7304423266388769
ADH7	0.0664692307692318	0.964466960732814	-3.76163842364531	4.8745550997718695e-36	NS	DOWN	False	True	3.828107654414542
ADIPOQ	-0.0524461538461534	0.954380803949819	-4.24084581280788	9.626924793645991e-45	NS	DOWN	False	True	4.1883996589617265
ADIRF	-0.0842076923076931	0.898117688318514	-2.06473349753694	4.02129861645228e-71	NS	DOWN	False	True	1.980525805229247
ADM	0.902130769230768	0.127912696223136	3.46680246305419	1.01429324905983e-124	NS	UP	False	True	-2.564671693823422
ADM2	0.700411538461539	0.135124622112133	4.44320591133005	4.73713234892953e-124	NS	UP	False	True	-3.742794372868511
ADM5	-0.13255	0.79587505187706	-3.67524679802956	7.67036564572777e-163	NS	DOWN	False	True	3.5426967980295596
ADO	0.479150000000002	0.0963462226721394	1.63431477832512	5.705198195323369e-83	NS	UP	False	True	-1.155164778325118
ADORA1	1.03514615384615	0.0562090039462873	-2.37459507389163	1.57158245198812e-34	NS	DOWN	False	True	3.40974122773778
ADORA2A	0.826426923076923	0.0145852092491279	-1.66005763546798	5.43820182270316e-48	NS	DOWN	False	True	2.4864845585449027
ADORA3	1.27017692307692	0.0115188317488491	-5.74915714285713	4.46065355826126e-81	NS	DOWN	False	True	7.01933406593405
ADPGK	0.834846153846154	0.0011145367556847	1.0890724137931	4.7260175028466e-130	NS	UP	False	True	-0.25422625994694603
ADRA1A	-0.675734615384615	0.271931187518756	-2.38136650246304	4.3442530857793005e-15	NS	DOWN	False	True	1.7056318870784248
ADRA1B	1.51994230769231	0.053989113850171	3.45575024630542	6.572711325840211e-74	NS	UP	False	True	-1.9358079386131102
ADRA1D	0.722592307692308	0.291616731005451	-1.19524975369458	3.80249200618112e-12	NS	DOWN	False	True	1.917842061386888
ADRA2A	0.133269230769231	0.843855014290337	-4.47333103448276	6.79855335024928e-79	NS	DOWN	False	True	4.60660026525199
ADRA2C	-1.35377692307692	0.131413142270007	-2.94042955665025	4.42377399060754e-53	NS	DOWN	False	True	1.5866526335733298
ADRB2	0.816884615384616	0.199136451053165	-5.48328620689655	2.37332803477237e-162	NS	DOWN	False	True	6.300170822281166
ADRB3	0.711234615384618	0.413834655721329	-1.65454778325122	4.7171033298843204e-14	NS	DOWN	False	True	2.365782398635838
ADSL	0.414511538461537	0.0955411446835374	1.22270098522167	9.24385529108083e-82	NS	UP	False	True	-0.8081894467601329
ADSS1	0.0874000000000001	0.839659773348001	-1.89968177339901	3.81157683307799e-75	NS	DOWN	False	True	1.98708177339901
ADTRP	1.09985	0.0555922754801956	-3.41593793103449	8.76519170063296e-120	NS	DOWN	False	True	4.51578793103449
AEN	0.0007730769230782	0.998971598016997	2.37812068965517	1.4178674982554201e-95	NS	UP	False	True	-2.3773476127320916
AFDN	0.802857692307693	0.071840967831329	-2.13587684729064	2.57030686709589e-145	NS	DOWN	False	True	2.938734539598333
AFG1L	0.285126923076923	0.341184155490872	1.32956600985222	2.4497825779306e-80	NS	UP	False	True	-1.0444390867752968
AFM	0.611100000000002	0.355530801163064	-2.12645172413793	8.15129611662237e-18	NS	DOWN	False	True	2.7375517241379317
AFP	1.65516538461539	0.047920387700501	3.901381773399	1.2096550311579501e-31	NS	UP	False	True	-2.24621638878361
AGAP2	0.604938461538462	0.105114853878197	-2.7350197044335	2.0105880146031398e-122	NS	DOWN	False	True	3.3399581659719617
AGAP3	-0.429084615384612	0.063025984326125	-1.07619458128079	2.88866509695915e-130	NS	DOWN	False	True	0.6471099658961781
AGBL2	1.11182307692308	0.007910273101531	1.45612610837438	1.14553639996569e-38	NS	UP	False	True	-0.34430303145130003
AGBL4	1.78894615384616	0.053537449127819	-6.65858374384235	8.5429027246032e-130	NS	DOWN	False	True	8.44752989768851
AGFG2	0.402730769230768	0.244790560794898	-1.88563990147783	3.4532540472073903e-113	NS	DOWN	False	True	2.288370670708598
AGK	0.781880769230769	0.0096284762862781	1.171160591133	3.39636488567318e-115	NS	UP	False	True	-0.3892798219022311
AGMAT	-0.0566346153846153	0.903731589965235	3.63403596059113	1.59807264521256e-81	NS	UP	False	True	-3.690670575975745
AGPAT1	-0.145003846153846	0.598684768931162	1.27496748768472	2.0845332877270299e-103	NS	UP	False	True	-1.419971333838566
AGPAT4	0.824934615384616	0.103498219133684	1.92050837438424	5.91758658726377e-99	NS	UP	False	True	-1.095573758999624
AGPAT5	1.23929615384615	0.0014720960397143	1.87798965517241	9.316836463474661e-110	NS	UP	False	True	-0.63869350132626
AGPS	0.894057692307693	0.0106207238141957	2.0908566502463	3.04228134280431e-171	NS	UP	False	True	-1.196798957938607
AGR2	2.32509230769231	0.0545153104425548	-5.04799162561576	3.2663163188853e-65	NS	DOWN	False	True	7.37308393330807
AGR3	-0.471180769230768	0.446614794827537	-5.74459556650246	1.2469087400764801e-46	NS	DOWN	False	True	5.273414797271692
AGXT	0.129988461538464	0.922504692691582	-2.20279999999999	6.81203433225358e-14	NS	DOWN	False	True	2.332788461538454
AGXT2	-0.271076923076924	0.667990881895318	-1.40902807881773	9.430900245398919e-11	NS	DOWN	False	True	1.1379511557408062
AHCY	-0.218126923076928	0.304693657236779	1.05173300492611	1.8417120738098998e-95	NS	UP	False	True	-1.269859928003038
AHCYL2	0.735303846153847	0.117136550607778	-1.48140935960592	6.12615618651793e-113	NS	DOWN	False	True	2.216713205759767
AHDC1	0.578896153846155	0.0688366284247657	-1.92203743842364	7.024040096210449e-126	NS	DOWN	False	True	2.500933592269795
AHNAK2	-0.857361538461538	0.199356083955749	-3.22694384236453	6.508250123700199e-161	NS	DOWN	False	True	2.369582303902992
AHRR	0.0192038461538465	0.977412570628866	2.28797290640394	6.6335989745204e-123	NS	UP	False	True	-2.268769060250093
AHSG	1.0072076923077	0.41501631900418	-2.20774581280788	3.6816941485011605e-14	NS	DOWN	False	True	3.21495350511558
AHSP	0.8717	0.498676416053336	-2.77247684729064	1.18376730833529e-12	NS	DOWN	False	True	3.64417684729064
AICDA	-0.456723076923073	0.61014406501662	-1.29352709359606	2.58310692915972e-05	NS	DOWN	False	True	0.8368040166729871
AIDA	0.816488461538462	0.0021910692323639	1.81337142857143	2.5511708963427e-182	NS	UP	False	True	-0.996882967032968
AIF1	1.15520384615385	0.0060428145092161	-8.17737487684728	1.55848616861513e-108	NS	DOWN	False	True	9.332578723001129
AIF1L	1.06152692307692	0.0306261169912854	-6.25916157635468	2.45371560593188e-199	NS	DOWN	False	True	7.320688499431601
AIFM2	-0.327903846153846	0.333386718638216	2.11645073891626	3.02825330860769e-126	NS	UP	False	True	-2.4443545850701063
AIG1	0.500707692307693	0.155816574838606	1.09333054187193	2.69171033792004e-109	NS	UP	False	True	-0.5926228495642369
AIM2	1.43459230769231	0.17864541207843	1.20831034482758	6.72171375759084e-07	NS	UP	False	True	0.2262819628647299
AIPL1	2.13752307692308	0.0031829089751739	-1.11828571428571	4.77504339485407e-08	NS	DOWN	False	True	3.25580879120879
AIRE	1.04423076923077	0.160546584224576	-5.15291871921182	2.32909532688192e-92	NS	DOWN	False	True	6.197149488442591
AJAP1	0.976199999999999	0.191295026606331	-3.95313793103447	3.62914937269889e-50	NS	DOWN	False	True	4.9293379310344685
AK5	-0.537403846153846	0.395961727491932	4.6471236453202	1.93471628035459e-178	NS	UP	False	True	-5.184527491474046
AK6	0.899346153846153	0.00196139526453	1.64511871921182	6.3207057944081e-124	NS	UP	False	True	-0.7457725653656669
AK7	-0.0549538461538464	0.946578893364947	-4.11682660098522	4.23775198068525e-128	NS	DOWN	False	True	4.0618727548313736
AK8	0.623088461538461	0.201258989415532	-3.06029556650246	7.54936380710221e-108	NS	DOWN	False	True	3.683384028040921
AKAP1	0.646957692307693	0.0211415820629399	-1.0164315270936	3.09161008350755e-58	NS	DOWN	False	True	1.663389219401293
AKIP1	0.469719230769232	0.0410085512176727	1.9277960591133	5.207503921655581e-199	NS	UP	False	True	-1.4580768283440682
AKIRIN1	0.965715384615385	0.0073964553046141	1.43311379310345	4.72676383806168e-115	NS	UP	False	True	-0.46739840848806513
AKR1B1	0.24210769230769	0.57893154605846	2.71666699507389	6.11947331151386e-161	NS	UP	False	True	-2.4745593027662
AKR1B10	0.894430769230769	0.606334158041624	-3.96105073891626	1.13161172365812e-71	NS	DOWN	False	True	4.855481508147029
AKR1B15	0.478342307692311	0.729462707199525	-5.14559950738915	4.76580455738405e-65	NS	DOWN	False	True	5.623941815081461
AKR1C4	0.598865384615387	0.46857648387628	1.14139113300492	3.26297904879333e-05	NS	UP	False	True	-0.542525748389533
AKR1E2	0.0042653846153845	0.996395238362781	1.28013349753695	2.79936985820174e-61	NS	UP	False	True	-1.2758681129215657
AKR7A3	-0.0062230769230763	0.992818153342809	-1.95382807881773	2.96294865106469e-81	NS	DOWN	False	True	1.9476050018946538
AKT3	1.08578461538462	0.0015220496089134	2.5769078817734	3.39025204954267e-161	NS	UP	False	True	-1.49112326638878
ALAS2	1.10271153846154	0.255923282249541	-1.60327389162561	2.72223763162955e-06	NS	DOWN	False	True	2.70598543008715
ALDH16A1	-0.489003846153849	0.0142449307650717	-1.20256403940887	6.25463485980748e-78	NS	DOWN	False	True	0.7135601932550208
ALDH18A1	0.509592307692309	0.0297305158584206	1.71905960591133	7.700409308197351e-161	NS	UP	False	True	-1.2094672982190209
ALDH1A3	2.22746538461539	0.0013545071317409	2.3022157635468	7.98819661707228e-66	NS	UP	False	True	-0.07475037893141012
ALDH1B1	0.538950000000001	0.343668974850587	3.50430049261084	1.1492051556134599e-126	NS	UP	False	True	-2.9653504926108387
ALDH1L1	1.86235769230769	0.0533719973512787	-4.36207093596059	1.07009306622568e-90	NS	DOWN	False	True	6.22442862826828
ALDH1L2	0.77385	0.20607260473444	5.76079162561577	1.1469801734844499e-250	NS	UP	False	True	-4.98694162561577
ALDH2	0.006430769230771	0.993065697428275	-2.47819852216749	1.32195313745794e-150	NS	DOWN	False	True	2.484629291398261
ALDH3A1	1.11340769230769	0.255015295865702	-8.47218522167488	1.75276613287857e-161	NS	DOWN	False	True	9.585592913982572
ALDH3B1	-0.320038461538462	0.465389156602412	2.64147339901478	3.29621311172647e-92	NS	UP	False	True	-2.961511860553242
ALDH3B2	-1.80056923076923	0.112307934812785	-11.3928162561576	7.75091612300622e-202	NS	DOWN	False	True	9.59224702538837
ALDH5A1	0.851265384615385	0.122581294311766	-3.8184	2.88694926106675e-185	NS	DOWN	False	True	4.669665384615385
ALDH6A1	0.6708	0.0629319343424653	1.42763251231527	5.0859378369514905e-73	NS	UP	False	True	-0.75683251231527
ALDOC	0.587396153846155	0.353569541847634	-1.46685221674877	2.7785464529531797e-70	NS	DOWN	False	True	2.054248370594925
ALG1	0.14073076923077	0.626615670091894	1.75178620689655	1.4374271639679001e-174	NS	UP	False	True	-1.61105543766578
ALG10	0.779919230769231	0.037205007124774	1.32900049261084	2.63486385007837e-78	NS	UP	False	True	-0.5490812618416091
ALG10B	1.07458846153846	0.0092605507872738	1.03646650246305	8.091024704373561e-52	NS	UP	False	True	0.03812195907541005
ALG14	0.461715384615385	0.171470989518074	1.87314679802956	3.9245739969143e-76	NS	UP	False	True	-1.411431413414175
ALG1L1P	0.194830769230769	0.805529928647676	-7.10514285714285	2.86444336784997e-90	NS	DOWN	False	True	7.299973626373619
ALG2	0.679265384615385	0.0048167040935163	1.89978275862069	1.16868358219776e-193	NS	UP	False	True	-1.220517374005305
ALG8	-0.253207692307694	0.325772032297644	1.01360492610837	1.33410359376678e-115	NS	UP	False	True	-1.266812618416064
ALK	2.02224230769231	0.0042987666269014	-2.90135566502463	8.79616910437391e-30	NS	DOWN	False	True	4.923597972716941
ALKAL1	0.252223076923078	0.710655338928787	-1.6934157635468	9.22881516654932e-10	NS	DOWN	False	True	1.945638840469878
ALKAL2	1.12618461538462	0.296873446845859	-5.95169261083744	2.9262715196158796e-82	NS	DOWN	False	True	7.07787722622206
ALLC	0.0329615384615405	0.978614993069614	-3.50847290640393	2.3405430573757804e-31	NS	DOWN	False	True	3.5414344448654704
ALOX12	0.637038461538463	0.418913067279149	-5.48834236453202	4.3243150190531894e-213	NS	DOWN	False	True	6.125380826070483
ALOX12B	0.0070653846153847	0.997277924144516	-12.48250591133	4.94536610030232e-200	NS	DOWN	False	True	12.489571295945384
ALOX15B	-0.534992307692308	0.443118314060899	-3.83497586206897	5.3808044638183704e-76	NS	DOWN	False	True	3.299983554376662
ALOX5	1.48901153846154	0.0010487367315378	-7.20785566502463	8.32509765100196e-134	NS	DOWN	False	True	8.696867203486171
ALOX5AP	1.45121153846154	0.0156776720616589	-2.65878128078818	4.01521755698382e-58	NS	DOWN	False	True	4.109992819249721
ALOXE3	0.729184615384615	0.581445555088391	-8.59000147783251	3.1469322630168203e-183	NS	DOWN	False	True	9.319186093217125
ALPK2	1.36317692307692	0.0115665005718253	7.36623201970443	4.9060402012408004e-213	NS	UP	False	True	-6.00305509662751
ALS2CL	-0.270565384615385	0.651136039961751	-7.11088719211822	8.31203003200858e-271	NS	DOWN	False	True	6.840321807502835
ALX3	1.20848076923077	0.219442727478555	-3.54241477832512	2.2220141420244397e-36	NS	DOWN	False	True	4.75089554755589
AMACR	0.785369230769231	0.0145234893005266	1.43505221674877	2.95675121559382e-68	NS	UP	False	True	-0.649682985979539
AMBN	-1.32253076923077	0.132087922516749	-1.13115911330049	2.61586403416016e-08	NS	DOWN	False	True	-0.19137165593028005
AMDHD1	0.760996153846154	0.360891454788411	-2.60512167487685	5.53827003244076e-45	NS	DOWN	False	True	3.366117828723004
AMER2	-0.464111538461538	0.734146770795495	-2.65426551724139	1.29733953241059e-33	NS	DOWN	False	True	2.190153978779852
AMER3	0.363280769230775	0.369181426427214	-1.05445566502463	8.104393302962021e-10	NS	DOWN	False	True	1.417736434255405
AMHR2	1.67743461538462	0.0942746636271546	-4.69099458128078	1.78374013249541e-59	NS	DOWN	False	True	6.368429196665399
AMIGO1	1.27593076923077	0.0124213198484602	-1.4456842364532	7.84227089687723e-42	NS	DOWN	False	True	2.72161500568397
AMIGO2	1.46466153846154	0.0112710799777421	1.57315172413793	5.34652914745427e-32	NS	UP	False	True	-0.10849018567639002
AMIGO3	-0.988176923076924	0.484352988734657	-5.64693152709359	8.080158037544541e-39	NS	DOWN	False	True	4.658754604016666
AMN	1.39071538461538	0.148485839698612	-6.92904187192118	1.98349284312873e-155	NS	DOWN	False	True	8.31975725653656
AMOTL2	0.214061538461536	0.609160596377352	1.92183054187193	4.70499735698837e-134	NS	UP	False	True	-1.7077690034103938
AMPD1	1.21452307692308	0.154751197163401	-2.16111083743842	1.7200760765330602e-14	NS	DOWN	False	True	3.3756339143615
AMPD3	1.17141153846154	0.0029288609471639	-1.12129458128079	1.83260998627584e-69	NS	DOWN	False	True	2.2927061197423297
AMPH	-1.46717307692308	0.104944928698563	2.26897832512315	1.40713577126841e-57	NS	UP	False	True	-3.7361514020462296
AMT	1.52709230769231	0.0012026872904661	-1.28703694581281	5.8821473554696395e-55	NS	DOWN	False	True	2.81412925350512
AMTN	2.16376923076923	0.0515266460635619	-2.60834630541871	4.19835714649101e-16	NS	DOWN	False	True	4.77211553618794
AMY1A	0.074642307692308	0.939978373682959	-1.20257044334975	1.65951005233958e-05	NS	DOWN	False	True	1.277212751042058
AMY1B	-0.19998076923077	0.81841189019435	-1.0301763546798	0.0002288589295297	NS	DOWN	False	True	0.8301955854490299
AMY1C	-0.816526923076923	0.259296270904035	-2.56607192118226	6.12043752021406e-19	NS	DOWN	False	True	1.7495449981053368
AMY2B	1.44718076923077	0.0154062537296849	-2.03171231527094	8.452085178773551e-59	NS	DOWN	False	True	3.4788930845017103
AMZ2	0.506161538461538	0.0134101365115492	1.05523596059113	1.2948847428834001e-98	NS	UP	False	True	-0.5490744221295919
ANAPC13	0.585349999999998	0.008358586414025	1.18451280788177	8.55769547760982e-135	NS	UP	False	True	-0.5991628078817719
ANG	0.608592307692309	0.0600896882668358	-1.06216206896552	5.58630470003969e-26	NS	DOWN	False	True	1.670754376657829
ANGPT4	0.032296153846155	0.9689812792597	-5.99617438423645	1.48036962984475e-103	NS	DOWN	False	True	6.028470538082605
ANGPTL3	1.5609076923077	0.093578751943359	-2.08740197044335	6.11947478893913e-15	NS	DOWN	False	True	3.64830966275105
ANGPTL5	1.57344230769231	0.0282949022132355	-1.74682709359606	1.6488663313786701e-19	NS	DOWN	False	True	3.3202694012883702
ANGPTL8	2.64462692307693	0.0207203590816844	-2.76651133004926	2.89412022142755e-16	NS	DOWN	False	True	5.41113825312619
ANK3	2.78016923076923	0.0052358971220119	-5.6917315270936	1.71127849583956e-245	NS	DOWN	False	True	8.47190075786283
ANKDD1A	0.795738461538462	0.0318988682998013	1.29722068965517	2.43041167957128e-57	NS	UP	False	True	-0.501482228116708
ANKFN1	1.81148076923077	0.0830164487304272	-2.80454433497537	2.04954195776509e-72	NS	DOWN	False	True	4.61602510420614
ANKHD1-EIF4EBP3	0.773434615384616	0.0032906753496145	-1.13757931034483	6.04635266183644e-79	NS	DOWN	False	True	1.911013925729446
ANKK1	1.15016153846154	0.194972063799646	-7.02720394088669	3.32432782704562e-129	NS	DOWN	False	True	8.17736547934823
ANKRD1	0.899511538461539	0.302866248945955	5.72124827586207	5.39677087586961e-118	NS	UP	False	True	-4.821736737400531
ANKRD13C-DT	-0.0962153846153844	0.777623345871482	1.13969802955665	3.31910445486841e-68	NS	UP	False	True	-1.2359134141720343
ANKRD13D	0.052269230769233	0.796117292244173	-1.36775862068966	1.41793663737117e-134	NS	DOWN	False	True	1.4200278514588929
ANKRD18A	2.32937692307693	0.0197983031316332	-8.66523793103448	1.58785136220587e-149	NS	DOWN	False	True	10.99461485411141
ANKRD18B	2.50447692307693	0.0329258754815777	-6.66878275862068	2.64913600564883e-104	NS	DOWN	False	True	9.17325968169761
ANKRD2	0.359369230769232	0.65514298855117	-1.08192463054187	1.81624957778259e-17	NS	DOWN	False	True	1.441293861311102
ANKRD20A3P	2.7279076923077	0.0014168545544079	-2.71273251231527	2.90702851406233e-17	NS	DOWN	False	True	5.44064020462297
ANKRD20A4P	3.03095384615385	0.0016777458703681	-3.05093596059113	8.45803128056954e-23	NS	DOWN	False	True	6.0818898067449805
ANKRD22	1.28771153846154	0.114158265989635	-9.99528472906403	1.60392888111333e-143	NS	DOWN	False	True	11.28299626752557
ANKRD23	0.388046153846153	0.244790560794898	-1.4971921182266	2.7256497166495798e-64	NS	DOWN	False	True	1.885238272072753
ANKRD28	1.13286538461538	0.0130414505937259	2.3312039408867	6.98729246082414e-174	NS	UP	False	True	-1.19833855627132
ANKRD30A	0.133053846153851	0.599254763788079	-2.80676354679803	1.18063867183853e-38	NS	DOWN	False	True	2.939817392951881
ANKRD30B	0.586426923076923	0.634996436403989	5.39289605911329	1.18589397271285e-64	NS	UP	False	True	-4.806469136036367
ANKRD30BL	1.61446153846154	0.07858585237644	-1.26672068965517	1.32464311750685e-10	NS	DOWN	False	True	2.88118222811671
ANKRD33	0.117096153846157	0.876912173840859	2.44872068965517	3.09358373938365e-17	NS	UP	False	True	-2.3316245358090133
ANKRD34A	0.630665384615385	0.0791701210625734	2.55224679802956	3.41123865726561e-126	NS	UP	False	True	-1.921581413414175
ANKRD35	0.949015384615385	0.235062133411838	-3.97459359605911	6.91751455087442e-207	NS	DOWN	False	True	4.923608980674495
ANKRD37	0.516992307692307	0.206604284461168	-1.5807315270936	2.66678904199203e-72	NS	DOWN	False	True	2.097723834785907
ANKRD65	0.840523076923077	0.224454750657885	-2.7881275862069	4.63945002704587e-80	NS	DOWN	False	True	3.628650663129977
ANKRD7	-0.268796153846154	0.78930225443159	4.76858669950738	4.81873603894035e-49	NS	UP	False	True	-5.037382853353534
ANKS1A	0.93066923076923	0.0297633732990757	-1.2114842364532	1.21302103156925e-108	NS	DOWN	False	True	2.14215346722243
ANKS1B	0.869288461538462	0.218127994998259	-2.40988719211823	1.09208691838607e-43	NS	DOWN	False	True	3.279175653656692
ANKS4B	0.552580769230772	0.36584366700688	-2.95143251231527	7.620417877675489e-49	NS	DOWN	False	True	3.504013281546042
ANKS6	0.185603846153847	0.549835336510184	1.46853990147783	1.2667296113042202e-112	NS	UP	False	True	-1.282936055323983
ANKUB1	-0.524649999999998	0.666572563407558	-1.50926699507389	4.3644378441448e-06	NS	DOWN	False	True	0.984616995073892
ANLN	0.657407692307693	0.144863847358456	1.36821428571429	1.7911992926969e-21	NS	UP	False	True	-0.710806593406597
ANO1	1.42771923076923	0.0030521607816896	-8.49452561576354	6.063934184885751e-201	NS	DOWN	False	True	9.922244846532768
ANO2	0.709811538461539	0.296310468879274	-6.51381231527093	1.76019540769061e-105	NS	DOWN	False	True	7.223623853732469
ANO5	3.35973076923077	0.0042760347069765	-3.66014532019705	1.67585333258869e-66	NS	DOWN	False	True	7.01987608942782
ANO7	-0.13035	0.775111992216859	1.7115512315271	2.82078766571672e-57	NS	UP	False	True	-1.8419012315271
ANO8	0.430238461538462	0.0828906422656805	-2.25162512315271	3.17274599022343e-144	NS	DOWN	False	True	2.681863584691172
ANO9	1.09748461538462	0.121064787548154	-9.59172660098522	1.42365803365568e-263	NS	DOWN	False	True	10.68921121636984
ANOS1	1.94199615384615	0.0022386383526873	-5.91849950738916	6.67891437596305e-113	NS	DOWN	False	True	7.86049566123531
ANP32A	0.380396153846151	0.0932633058550714	1.31579704433497	2.26701258062383e-100	NS	UP	False	True	-0.935400890488819
ANPEP	0.685423076923076	0.0882100179745484	4.12081773399015	6.06592475086243e-216	NS	UP	False	True	-3.435394657067074
ANTXR1	1.31298846153846	0.0052999892483545	2.15449753694581	6.15382295596044e-128	NS	UP	False	True	-0.8415090754073502
ANTXRL	0.230565384615384	0.816181034601525	-2.50301625615763	1.07321388044448e-23	NS	DOWN	False	True	2.733581640773014
ANXA10	0.745061538461544	0.405150584625023	3.01672561576354	3.90826285811149e-19	NS	UP	False	True	-2.271664077301996
ANXA2	-0.166130769230767	0.586981286759935	1.39455615763546	2.62921105745161e-105	NS	UP	False	True	-1.560686926866227
ANXA3	1.9518	0.0397765173664726	-1.90965369458128	1.26806816054022e-62	NS	DOWN	False	True	3.86145369458128
ANXA5	0.441815384615385	0.100056946530282	3.11683842364531	6.051958839203079e-229	NS	UP	False	True	-2.675023039029925
ANXA6	0.351884615384617	0.47005570311351	3.00123743842365	5.7020429995449305e-167	NS	UP	False	True	-2.649352823039033
ANXA8	0.151157692307692	0.936706721841182	-9.4001709359606	6.54646579209759e-197	NS	DOWN	False	True	9.551328628268292
ANXA8L1	1.43589230769231	0.39438176589047	-9.25607931034483	3.6559351563288996e-228	NS	DOWN	False	True	10.69197161803714
ANXA9	0.595146153846154	0.239133957814718	-5.81398669950739	1.58536448477189e-208	NS	DOWN	False	True	6.409132853353544
AOAH	0.977376923076923	0.040996011899609	-6.44669852216748	1.01007220654485e-91	NS	DOWN	False	True	7.424075445244403
AOC1	0.266346153846152	0.691383776069714	-3.97891428571428	6.418227945594911e-67	NS	DOWN	False	True	4.245260439560432
AOC2	0.411196153846153	0.38115956863261	-1.01123891625616	7.142974463322789e-29	NS	DOWN	False	True	1.422435070102313
AOC3	0.682080769230769	0.0627363132393818	-3.98975566502463	1.89156881432991e-143	NS	DOWN	False	True	4.6718364342553995
AOX1	1.47557692307692	0.0113872534758016	3.7131881773399	3.31269892334264e-139	NS	UP	False	True	-2.23761125426298
AP1B1	0.0555999999999992	0.827178870730114	-1.07600049261084	2.35792658894809e-111	NS	DOWN	False	True	1.1316004926108392
AP1G2	0.0681769230769218	0.842046655587345	-2.35918866995074	3.07852914528411e-178	NS	DOWN	False	True	2.4273655930276616
AP1M2	1.09736538461539	0.368176245481523	-7.91130098522167	4.93838134515975e-161	NS	DOWN	False	True	9.00866636983706
AP2B1	0.491826923076924	0.0823645854660684	1.66292118226601	1.0791313697672499e-177	NS	UP	False	True	-1.1710942591890858
AP2M1	0.17367307692308	0.453394244857416	1.39777832512315	1.50034959139943e-188	NS	UP	False	True	-1.2241052482000698
AP3B2	0.544592307692308	0.39847413954334	-1.77601133004926	1.31211297911425e-48	NS	DOWN	False	True	2.320603637741568
AP3M1	0.728338461538463	0.0357639346643478	1.14234926108374	6.1549678866895e-123	NS	UP	False	True	-0.414010799545277
AP3S1	0.724261538461538	0.0018362539530156	1.54522413793104	3.783930435093e-166	NS	UP	False	True	-0.8209625994695021
AP5S1	-0.0387076923076917	0.897259504837884	1.47687783251232	4.8743607102280305e-133	NS	UP	False	True	-1.5155855248200116
APBB1IP	1.08088461538462	0.0220036641941594	2.7103472906404	1.2635805625564201e-110	NS	UP	False	True	-1.6294626752557797
APBB2	1.30314230769231	0.0032480530628366	1.95550985221675	1.59644548214819e-136	NS	UP	False	True	-0.6523675445244399
APCDD1	0.402065384615384	0.582508284460346	-3.02194137931035	3.22948147768031e-61	NS	DOWN	False	True	3.4240067639257337
APCDD1L	2.40083076923077	0.0073922184005112	2.82729359605912	2.01087688940949e-83	NS	UP	False	True	-0.4264628268283497
APCS	-0.0251615384615373	0.982836080595512	1.92267931034482	3.20979966978351e-08	NS	UP	False	True	-1.9478408488063574
APELA	1.09786153846154	0.337131299315746	-2.91202610837438	8.8860819343515e-17	NS	DOWN	False	True	4.00988764683592
APH1B	0.113969230769229	0.763756458626388	2.11184975369458	1.9876123600366797e-177	NS	UP	False	True	-1.997880522925351
APLN	0.945342307692308	0.0483892916870376	1.50540640394089	5.19034228883765e-24	NS	UP	False	True	-0.5600640962485821
APLNR	-0.133957692307693	0.826590022837286	-5.46879162561576	6.28569463890514e-109	NS	DOWN	False	True	5.334833933308067
APLP1	-0.306776923076923	0.649309444238919	1.50316059113301	1.84124188485972e-50	NS	UP	False	True	-1.809937514209933
APMAP	0.684842307692307	0.0147790400829509	1.15770738916256	1.26777492914038e-77	NS	UP	False	True	-0.47286508147025297
APOA5	0.0801692307692345	0.928261152448414	1.46934482758621	5.43313132389462e-07	NS	UP	False	True	-1.3891755968169754
APOB	0.0606692307692356	0.954814707427651	2.03923990147783	2.3879243522461802e-20	NS	UP	False	True	-1.9785706707085944
APOBEC2	-0.462007692307694	0.641960117203406	-3.2616039408867	1.8045424274339898e-30	NS	DOWN	False	True	2.799596248579006
APOBEC3A	0.502861538461539	0.419195160386838	-4.23696896551723	2.6378073319159204e-35	NS	DOWN	False	True	4.7398305039787685
APOBEC3B	0.926750000000001	0.0764985805582889	1.74563497536946	4.84141269329474e-12	NS	UP	False	True	-0.818884975369459
APOBEC3C	1.05627692307692	0.0023999686833973	2.41811970443349	2.0298968726112702e-172	NS	UP	False	True	-1.36184278135657
APOBEC3F	1.90756538461538	0.0029788095075085	2.7816527093596	2.1306708872110998e-125	NS	UP	False	True	-0.8740873247442202
APOBEC3H	0.938173076923077	0.0934773546877811	1.35287684729063	8.32338539117769e-06	NS	UP	False	True	-0.414703770367553
APOBR	0.215353846153846	0.589925545235117	-5.29542216748768	1.4457090955208398e-158	NS	DOWN	False	True	5.510776013641526
APOC1	0.203449999999998	0.751503191160149	-1.03555418719212	1.28429540957359e-12	NS	DOWN	False	True	1.2390041871921178
APOC2	0.0178615384615393	0.986814695408866	-3.22426305418719	6.90382975705285e-17	NS	DOWN	False	True	3.242124592648729
APOC3	-0.517146153846152	0.723532504734445	2.33620837438423	4.75554377327518e-08	NS	UP	False	True	-2.853354528230382
APOC4-APOC2	0.225149999999999	0.814908127566046	-6.33716108374384	3.04221538880042e-70	NS	DOWN	False	True	6.56231108374384
APOE	-0.651257692307691	0.117358232556316	-2.73662068965518	1.2941820290065901e-61	NS	DOWN	False	True	2.085362997347489
APOH	0.505288461538465	0.710426968018535	1.80065073891625	1.67962916903207e-06	NS	UP	False	True	-1.295362277377785
APOL1	1.57900769230769	0.0089282129521297	1.08129507389162	2.01110593235898e-34	NS	UP	False	True	0.49771261841606984
APOL2	0.963165384615384	0.0038680935753025	1.31824630541872	1.3548943471492602e-98	NS	UP	False	True	-0.35508092080333586
APOL4	1.17904615384615	0.0164379882688639	-1.4551960591133	1.7441811278917402e-19	NS	DOWN	False	True	2.63424221295945
APOLD1	-1.06141538461539	0.0145182128229912	-2.1428039408867	4.7633924552226804e-73	NS	DOWN	False	True	1.08138855627131
APRT	-0.163900000000001	0.505863817312033	-1.00262118226601	3.69446856116259e-106	NS	DOWN	False	True	0.838721182266009
AQP1	0.843738461538462	0.0763068470585493	-4.09203743842365	7.62727554595437e-121	NS	DOWN	False	True	4.9357758999621115
AQP10	1.84736923076923	0.041319917714876	-4.30667536945812	6.48967890317237e-58	NS	DOWN	False	True	6.15404460022735
AQP11	0.444211538461539	0.355737238097797	1.3135472906404	1.5695896584972e-65	NS	UP	False	True	-0.8693357521788609
AQP2	-1.18496538461539	0.0995652565070132	-4.80917192118226	4.62746064906189e-61	NS	DOWN	False	True	3.62420653656687
AQP3	0.966015384615385	0.358184149897837	-9.82056502463054	2.54506974572147e-300	NS	DOWN	False	True	10.786580409245925
AQP4	2.39322307692308	0.017939588632379	-2.55464975369459	7.63553064230472e-23	NS	DOWN	False	True	4.947872830617669
AQP5	-1.29598461538461	0.2110048645099	-10.4325206896552	1.86401249789164e-130	NS	DOWN	False	True	9.136536074270591
AQP6	1.21647307692308	0.137036322172655	-3.02184581280788	7.96259745768272e-25	NS	DOWN	False	True	4.2383188897309605
AQP7	1.45751923076923	0.148943962349434	-5.46769014778325	4.4833083054194696e-101	NS	DOWN	False	True	6.92520937855248
AQP7B	-0.168934615384613	0.548031067305774	-1.31333645320197	3.36139197297988e-09	NS	DOWN	False	True	1.144401837817357
AQP8	1.36755769230769	0.152037535694447	-4.30087980295565	1.1625389816452299e-49	NS	DOWN	False	True	5.66843749526334
AQP9	1.20663461538462	0.0723389007934719	-6.1533512315271	4.4417600213034506e-161	NS	DOWN	False	True	7.35998584691172
AR	1.90133461538462	0.0026852467155298	2.02130541871921	2.79310826514246e-110	NS	UP	False	True	-0.11997080333458987
ARC	1.56175384615385	0.0280088491443199	-3.47453891625616	3.79180741990823e-76	NS	DOWN	False	True	5.03629276241001
ARCN1	0.928430769230774	0.000112885285565	1.17233300492611	2.6904651042523403e-161	NS	UP	False	True	-0.2439022356953361
AREG	2.90432307692308	0.0095146950128473	-2.00849162561576	1.93661400747444e-32	NS	DOWN	False	True	4.9128147025388405
ARF4	0.71069615384615	0.0097673262650903	2.38755615763547	1.18319157485155e-214	NS	UP	False	True	-1.67686000378932
ARFGAP2	0.352857692307691	0.0867383732530492	-1.14721083743842	1.30918351417899e-130	NS	DOWN	False	True	1.500068529746111
ARFGAP3	0.718834615384615	0.0315099982507899	1.24325862068966	9.8111514830289e-121	NS	UP	False	True	-0.5244240053050451
ARFGEF3	1.39518846153846	0.0504725880268205	-4.54067783251231	1.18411165031614e-136	NS	DOWN	False	True	5.93586629405077
ARG1	1.68583076923077	0.304251194280338	-9.53788669950739	7.17941620496676e-169	NS	DOWN	False	True	11.223717468738158
ARHGAP11A	1.07366538461538	0.0163209684057943	2.58347487684729	1.9385564584874299e-94	NS	UP	False	True	-1.50980949223191
ARHGAP15	0.91418076923077	0.0121573353102442	-5.34464137931034	1.91469528860769e-70	NS	DOWN	False	True	6.2588221485411095
ARHGAP21	1.18115	0.0010318914194409	2.02689359605911	2.6904764947513402e-151	NS	UP	False	True	-0.84574359605911
ARHGAP24	1.32432307692308	0.0270999737008605	2.57518078817734	8.519264483082e-164	NS	UP	False	True	-1.2508577112542598
ARHGAP25	1.1072	0.0024029151795088	-4.02574679802956	6.31882300126639e-100	NS	DOWN	False	True	5.132946798029559
ARHGAP27	0.857042307692307	0.0058577954275015	-3.67308719211823	7.776839077268369e-216	NS	DOWN	False	True	4.530129499810537
ARHGAP30	0.966373076923077	0.0375640061697354	-6.98608374384236	1.20748925398709e-236	NS	DOWN	False	True	7.952456820765437
ARHGAP32	1.09900769230769	0.0047849489942317	-1.8615881773399	7.36054813162276e-126	NS	DOWN	False	True	2.96059586964759
ARHGAP33	0.673461538461538	0.0387049491862164	-1.54101428571429	4.30769980193618e-80	NS	DOWN	False	True	2.2144758241758282
ARHGAP39	-0.057669230769231	0.881198030624221	-1.43878472906404	5.00264805894242e-93	NS	DOWN	False	True	1.381115498294809
ARHGAP4	-0.135603846153844	0.755811278639223	-2.95560541871921	4.5917081962023e-162	NS	DOWN	False	True	2.8200015725653658
ARHGAP40	1.97711153846154	0.0546059741689757	-8.99262561576354	3.79608556029564e-137	NS	DOWN	False	True	10.96973715422508
ARHGAP44	1.11409230769231	0.0040664355333752	-1.35466305418719	7.10127945371297e-59	NS	DOWN	False	True	2.4687553618795
ARHGAP45	0.188449999999998	0.479557522822624	-1.24935270935961	2.27000421416249e-76	NS	DOWN	False	True	1.437802709359608
ARHGAP9	0.778915384615384	0.0657771156381926	-3.4485551724138	1.66454985344036e-104	NS	DOWN	False	True	4.227470557029184
ARHGEF10L	0.761530769230769	0.0056553903201196	-2.11156945812808	2.7027079126613103e-171	NS	DOWN	False	True	2.873100227358849
ARHGEF15	0.22736923076923	0.532028655731722	-8.11506650246305	3.84464030180432e-158	NS	DOWN	False	True	8.34243573323228
ARHGEF16	1.90371538461539	0.0065993635151501	-7.33085862068965	1.0777683422409e-148	NS	DOWN	False	True	9.23457400530504
ARHGEF17	0.547126923076923	0.170421499644006	1.71654433497537	3.6556409932897105e-98	NS	UP	False	True	-1.169417411898447
ARHGEF19	0.33555	0.493708260765815	-2.14923842364532	7.09735272734964e-142	NS	DOWN	False	True	2.48478842364532
ARHGEF2	0.669903846153846	0.0136480119793977	2.33274630541872	3.0673305306141196e-123	NS	UP	False	True	-1.6628424592648738
ARHGEF35	2.76755384615385	0.0252184093344037	-2.74286502463054	1.0028690837359401e-52	NS	DOWN	False	True	5.51041887078439
ARHGEF37	2.21607692307692	0.0036637130340753	-6.63951477832512	7.740830849401479e-244	NS	DOWN	False	True	8.85559170140204
ARHGEF38	1.06256923076923	0.20962035133555	-5.05311231527093	3.90535847618763e-66	NS	DOWN	False	True	6.11568154604016
ARHGEF4	0.860173076923077	0.448706862747237	-6.45660344827586	1.83161107821761e-200	NS	DOWN	False	True	7.316776525198938
ARHGEF40	0.332546153846154	0.25639290316434	1.36614384236453	3.07516899627131e-118	NS	UP	False	True	-1.033597688518376
ARHGEF5	1.38459230769231	0.117615050084223	-3.57791280788177	5.0628560754201594e-232	NS	DOWN	False	True	4.96250511557408
ARID3A	0.371884615384616	0.144600788164942	1.65752266009852	2.4991641698816203e-105	NS	UP	False	True	-1.285638044713904
ARID5A	0.302646153846152	0.253861571013348	-1.62403793103448	1.11049061858268e-75	NS	DOWN	False	True	1.926684084880632
ARID5B	1.13405769230769	0.0163209684057943	1.4142448275862	8.1944472460821e-94	NS	UP	False	True	-0.28018713527851014
ARK2C	1.09427692307692	0.144768482596519	-5.33362807881773	1.5754001747811798e-83	NS	DOWN	False	True	6.427905001894651
ARL11	1.23156538461538	0.0102663331621497	-5.06734433497536	7.41747176227035e-101	NS	DOWN	False	True	6.29890971959074
ARL13A	0.478811538461541	0.580062994504896	-2.60042561576354	5.0397605987433e-18	NS	DOWN	False	True	3.079237154225081
ARL14	0.641073076923078	0.58246705104776	-3.30082463054186	2.5847003526756697e-28	NS	DOWN	False	True	3.941897707464938
ARL2BP	0.736350000000002	0.0027813511733718	1.17500689655172	2.63810737958927e-172	NS	UP	False	True	-0.438656896551718
ARL4A	0.290988461538464	0.437799455330969	-1.98103448275862	9.00399797918593e-83	NS	DOWN	False	True	2.272022944297084
ARL4C	0.851165384615383	0.0444725387650196	-2.10145763546798	1.0432833516801201e-65	NS	DOWN	False	True	2.952623020083363
ARL4D	-0.15116923076923	0.724942720318401	-1.22033497536945	1.4887183318055e-47	NS	DOWN	False	True	1.0691657446002198
ARMC12	2.28390384615385	0.001499353118688	1.17010935960591	1.59225108618531e-30	NS	UP	False	True	1.11379448654794
ARMC2	0.922096153846154	0.0125427561219252	1.49697980295567	9.64107322163325e-86	NS	UP	False	True	-0.5748836491095161
ARMC3	-0.0526115384615382	0.9671204983569	1.11270049261083	3.21164113134046e-05	NS	UP	False	True	-1.1653120310723681
ARMC9	-0.0450230769230746	0.915797442213877	3.06323990147783	1.31814372932009e-183	NS	UP	False	True	-3.1082629784009046
ARMCX1	1.23391538461538	0.0041930914095585	1.91781133004926	2.06163826013263e-160	NS	UP	False	True	-0.68389594543388
ARMCX2	0.68925	0.270372377263408	3.2677078817734	8.07164688006205e-162	NS	UP	False	True	-2.5784578817734003
ARMCX3	1.70383461538461	0.0012978866357651	2.67140738916256	1.15975638628065e-208	NS	UP	False	True	-0.9675727737779498
ARMCX6	0.682599999999999	0.0722399749360553	1.30092512315271	3.9008660259968e-110	NS	UP	False	True	-0.6183251231527109
ARMH4	1.32954615384615	0.0212721450224034	1.45386945812808	9.20274181843934e-52	NS	UP	False	True	-0.12432330428193006
ARMT1	1.19608846153846	0.0049935555910446	2.28872709359606	2.67610035743521e-182	NS	UP	False	True	-1.0926386320576
ARNT2	1.18437307692308	0.0028796801245286	5.19058669950739	1.50983790125594e-216	NS	UP	False	True	-4.00621362258431
ARPC1B	-0.10693076923077	0.754681546298915	2.41203251231527	1.01979295549866e-174	NS	UP	False	True	-2.51896328154604
ARPC3	0.438007692307693	0.0081806457301287	1.1074763546798	9.42832956187208e-142	NS	UP	False	True	-0.6694686623721071
ARPP21	-0.359392307692308	0.801520110443833	-2.64754334975369	6.60084229022911e-18	NS	DOWN	False	True	2.288151042061382
ARR3	1.07461153846154	0.212419881115923	-2.2952487684729	9.27174071241202e-12	NS	DOWN	False	True	3.3698603069344397
ARRDC1	0.039065384615383	0.834685244586192	-1.57494039408867	7.08627974300132e-166	NS	DOWN	False	True	1.614005778704053
ARRDC5	-0.116800000000001	0.91052556452402	-1.51479408866995	5.58127509525412e-08	NS	DOWN	False	True	1.3979940886699491
ARSB	0.730100000000001	0.0523047651902957	3.3590157635468	3.1588493509678404e-200	NS	UP	False	True	-2.628915763546799
ARSF	0.785815384615389	0.532873149769157	-10.7263591133005	2.1938278272815098e-221	NS	DOWN	False	True	11.51217449791589
ARSH	-1.30702307692307	0.217263853243494	-3.2235369458128	9.56126827968721e-39	NS	DOWN	False	True	1.9165138688897299
ARSL	0.627080769230769	0.15662028309832	2.15235467980296	1.69155057162276e-44	NS	UP	False	True	-1.5252739105721909
ART4	1.37674615384616	0.136711923848338	-2.16158128078817	1.27891918610186e-19	NS	DOWN	False	True	3.53832743463433
ART5	0.513315384615387	0.660266161738275	-1.99432758620689	4.74163793179251e-15	NS	DOWN	False	True	2.507642970822277
ARTN	1.89234615384615	0.0162122821261058	-1.66858177339902	8.2062105990893e-52	NS	DOWN	False	True	3.56092792724517
ARVCF	0.234542307692307	0.463876057333655	-2.44708078817734	1.6550605318922401e-112	NS	DOWN	False	True	2.681623095869647
ARX	-0.599476923076923	0.623423203135603	-2.47535862068965	9.09264642183196e-27	NS	DOWN	False	True	1.8758816976127268
ASAH2	1.27633076923077	0.0652593623429764	1.30694088669951	6.16777778372545e-33	NS	UP	False	True	-0.030610117468740095
ASAH2B	1.05938846153846	0.0385429517103185	1.37279359605911	3.4821252006156696e-70	NS	UP	False	True	-0.3134051345206501
ASAP3	0.378034615384616	0.417323527842322	-1.51291674876847	2.3904634987996497e-69	NS	DOWN	False	True	1.8909513641530862
ASB1	0.416553846153847	0.0896442580654611	1.45988177339901	4.4375554905854004e-105	NS	UP	False	True	-1.043327927245163
ASB10	0.961565384615389	0.196250264851817	-1.70464433497537	4.51888320744991e-13	NS	DOWN	False	True	2.666209719590759
ASB11	2.28936153846154	0.066042929207408	-5.45049852216748	3.9785826265108503e-91	NS	DOWN	False	True	7.73986006062902
ASB12	0.409369230769231	0.679859064761894	-5.29220197044334	3.40951311269101e-79	NS	DOWN	False	True	5.701571201212571
ASB15	-0.112688461538459	0.865451732716254	-1.62546403940887	5.6039478194247796e-11	NS	DOWN	False	True	1.512775577870411
ASB2	0.321315384615385	0.496392010902477	-2.79344088669951	7.06325915674444e-59	NS	DOWN	False	True	3.1147562713148953
ASB4	1.5352076923077	0.271539377959889	-5.38538669950738	2.1042143606522198e-86	NS	DOWN	False	True	6.920594391815079
ASB5	0.105353846153848	0.906038761782864	2.58247980295566	4.29227107922346e-23	NS	UP	False	True	-2.477125956801812
ASB7	1.01274230769231	0.0010912892603394	1.15114384236453	4.48235218987225e-84	NS	UP	False	True	-0.13840153467221983
ASCL2	0.219607692307692	0.691655548933331	-9.59133891625615	1.97405329936209e-165	NS	DOWN	False	True	9.810946608563842
ASCL4	2.28481153846155	0.0450032485378748	-4.06946995073891	3.7262829888710997e-63	NS	DOWN	False	True	6.35428148920046
ASGR1	1.1945	0.0026061068404325	-2.10405270935961	2.57379709782418e-115	NS	DOWN	False	True	3.29855270935961
ASGR2	0.446896153846153	0.322111867957683	-9.59149310344827	3.6031037833065104e-154	NS	DOWN	False	True	10.038389257294423
ASIC1	1.00691538461538	0.0820699116230278	2.00050049261084	1.14485451123804e-92	NS	UP	False	True	-0.9935851079954598
ASIC2	1.14966538461539	0.106592941421287	-2.274	3.9969665823303403e-19	NS	DOWN	False	True	3.42366538461539
ASIC3	-0.2582	0.585881566903639	-2.16871330049261	2.85668342221658e-92	NS	DOWN	False	True	1.9105133004926098
ASIP	0.147253846153848	0.903071392269929	-3.40481133004926	7.14775262912854e-38	NS	DOWN	False	True	3.552065176203108
ASL	-0.144915384615384	0.590293515734227	1.62109064039409	5.04909440194874e-141	NS	UP	False	True	-1.766006025009474
ASMT	1.43685	0.15957677232849	-2.13007389162561	2.85865460853827e-14	NS	DOWN	False	True	3.56692389162561
ASNS	1.19244230769231	0.0244797110268426	1.8043960591133	2.15982785331776e-85	NS	UP	False	True	-0.6119537514209898
ASPG	1.33915	0.303657824350211	-10.3368665024631	6.73760081045316e-172	NS	DOWN	False	True	11.6760165024631
ASPHD1	-0.148919230769231	0.770829806811212	5.35747684729064	2.86385989334946e-229	NS	UP	False	True	-5.506396078059871
ASPHD2	0.739473076923077	0.0400019136248793	-2.41500492610838	5.8150062764803e-93	NS	DOWN	False	True	3.154478003031457
ASPM	1.20304230769231	0.0189316426321656	2.17419261083744	3.70855795895299e-48	NS	UP	False	True	-0.9711503031451298
ASPN	1.03174615384615	0.0312842451821303	-1.05932610837439	2.84382282833391e-10	NS	DOWN	False	True	2.09107226222054
ASPRV1	0.507384615384616	0.616831704417094	-8.35390147783251	1.5671300155336602e-180	NS	DOWN	False	True	8.861286093217126
ASRGL1	-0.588950000000001	0.295228784392861	-2.4707802955665	7.68611710921091e-58	NS	DOWN	False	True	1.8818302955664992
ASTL	1.82188076923077	0.0306589431325967	-8.33075270935959	5.1126842876719197e-166	NS	DOWN	False	True	10.15263347859036
ASTN2	0.53276923076923	0.0841509233950609	1.90532857142857	1.4668537387333102e-98	NS	UP	False	True	-1.37255934065934
ASXL3	1.53171923076924	0.0146056035377775	-2.03858325123153	4.7632478598088e-24	NS	DOWN	False	True	3.57030248200077
ATAD1	0.489100000000001	0.254114811613536	1.01040147783252	3.54509224532555e-83	NS	UP	False	True	-0.5213014778325191
ATAD2	1.21668461538462	0.0039738097474218	1.12807290640394	1.24944791815835e-44	NS	UP	False	True	0.08861170898067994
ATAD3C	0.654761538461539	0.303091441281386	-2.51299310344828	3.65840837525304e-55	NS	DOWN	False	True	3.167754641909819
ATF3	1.2793	0.0033513580808835	-3.06017783251232	6.85505169949086e-61	NS	DOWN	False	True	4.33947783251232
ATF5	0.305430769230768	0.226862199061268	2.53977536945813	2.67882139418153e-104	NS	UP	False	True	-2.234344600227362
ATF7IP2	1.21280384615385	0.109815482218545	-2.20980295566503	1.26718452172749e-88	NS	DOWN	False	True	3.4226068018188798
ATG12	0.965792307692307	0.0003414589967997	1.5293842364532	8.170680560130551e-155	NS	UP	False	True	-0.563591928760893
ATG16L2	0.547888461538461	0.0567710281659407	-2.45430197044335	2.42155852986067e-150	NS	DOWN	False	True	3.0021904319818113
ATG2A	-0.409403846153848	0.0269964736873327	-1.97902019704433	1.82199169273377e-157	NS	DOWN	False	True	1.569616350890482
ATG4D	-0.301373076923077	0.0537283657866255	-2.60655911330049	6.45131545857506e-215	NS	DOWN	False	True	2.305186036377413
ATG9B	0.132857692307692	0.81841189019435	-5.87165418719212	9.202107174792321e-167	NS	DOWN	False	True	6.004511879499812
ATIC	-0.0904538461538484	0.616861089228986	1.02955960591133	2.61363895313935e-86	NS	UP	False	True	-1.1200134520651783
ATL1	1.74047692307692	0.0017203206971643	-1.89683201970443	1.0854666370302201e-95	NS	DOWN	False	True	3.63730894278135
ATOH1	-0.0100230769230762	0.985383471813132	-2.29824827586206	4.34254798103668e-24	NS	DOWN	False	True	2.2882251989389837
ATOH7	0.822453846153846	0.394163622527557	-1.15878078817734	9.13092289713187e-06	NS	DOWN	False	True	1.981234634331186
ATP10A	-0.640457692307691	0.272941759127517	2.10114187192118	2.89614903895096e-85	NS	UP	False	True	-2.7415995642288706
ATP12A	1.00542307692308	0.441453959718671	-5.96484137931034	6.02229285452397e-75	NS	DOWN	False	True	6.97026445623342
ATP13A4	2.21327692307692	0.0152130848255289	-7.89970344827586	5.28553772140868e-189	NS	DOWN	False	True	10.11298037135278
ATP13A5	-0.939938461538463	0.351332661823055	-10.3849857142857	4.24416839720604e-221	NS	DOWN	False	True	9.445047252747237
ATP1A2	2.62645	0.0042187944511299	-3.08080689655173	4.60885995810877e-99	NS	DOWN	False	True	5.70725689655173
ATP1A4	-0.10508076923077	0.937655803645311	-3.49711625615763	2.8793359951373997e-34	NS	DOWN	False	True	3.39203548692686
ATP1B3	0.898684615384618	0.0004361752752251	-1.15012857142857	5.49347868490654e-100	NS	DOWN	False	True	2.048813186813188
ATP1B4	0.918665384615389	0.0911558193170372	-1.05512118226601	4.47613568660004e-08	NS	DOWN	False	True	1.9737865668813992
ATP2A2	0.73062692307692	0.015967789652599	1.37046009852217	5.867483388765051e-112	NS	UP	False	True	-0.63983317544525
ATP2A3	0.327165384615384	0.508978921448481	-4.06468472906404	2.7348473230330197e-114	NS	DOWN	False	True	4.391850113679424
ATP2B2	1.81764615384616	0.0447175373879403	-3.89280147783251	1.5079097520365398e-77	NS	DOWN	False	True	5.71044763167867
ATP2B3	0.902276923076927	0.434424121656645	-1.00133251231527	3.92588743724735e-06	NS	DOWN	False	True	1.903609435392197
ATP2C2	1.67885384615385	0.0790484467181588	-6.62819408866995	2.00565812888761e-230	NS	DOWN	False	True	8.3070479348238
ATP5F1E	0.103680769230769	0.697774457565242	1.2568	1.97825937236641e-82	NS	UP	False	True	-1.1531192307692308
ATP5MF-PTCD1	0.0677000000000008	0.867189004311385	1.58590640394089	1.35652610046303e-25	NS	UP	False	True	-1.5182064039408893
ATP5MGL	1.04851153846154	0.0959851437700282	-2.34866600985221	8.05012573169968e-14	NS	DOWN	False	True	3.39717754831375
ATP6V0A1	-0.544157692307694	0.0324647336640055	-1.3604566502463	1.6838089170905e-117	NS	DOWN	False	True	0.8162989579386061
ATP6V0A4	-0.563726923076922	0.471021599292932	-9.45911477832512	1.3304476579354701e-142	NS	DOWN	False	True	8.895387855248197
ATP6V0E1	0.196899999999999	0.352442170304133	1.10164285714285	1.32837853438404e-130	NS	UP	False	True	-0.9047428571428511
ATP6V1B1	1.00885	0.0581846254232035	-2.93548916256158	1.0468392727269e-70	NS	DOWN	False	True	3.9443391625615805
ATP6V1C1	0.809223076923077	0.0389040097546713	1.68752709359605	3.55005846584329e-154	NS	UP	False	True	-0.878304016672973
ATP6V1C2	0.278976923076923	0.646686630381049	-6.71043497536946	1.44588114660297e-270	NS	DOWN	False	True	6.989411898446383
ATP6V1G2	0.334423076923077	0.515207540303939	2.30644433497537	1.0111821996244501e-109	NS	UP	False	True	-1.9720212580522931
ATP6V1G2-DDX39B	1.28186923076923	0.0435819651004438	1.94765418719212	2.52799254291306e-34	NS	UP	False	True	-0.6657849564228899
ATP6V1G3	0.309380769230771	0.640591617482383	3.65848275862068	5.69630918255852e-34	NS	UP	False	True	-3.3491019893899088
ATP8B2	0.63188076923077	0.0228427172112219	2.76254236453202	1.17959244926991e-162	NS	UP	False	True	-2.13066159530125
ATP8B3	0.853196153846154	0.165281203583068	1.27359014778325	1.9618212010597999e-19	NS	UP	False	True	-0.4203939939370961
ATPSCKMT	0.913442307692307	0.003679719915818	1.72515665024631	3.24113098989374e-124	NS	UP	False	True	-0.811714342554003
ATRN	1.23581923076923	0.0010927333737116	1.32167684729064	2.6836644200597897e-126	NS	UP	False	True	-0.08585761652141
ATRNL1	1.72966153846154	0.087100271943562	-1.3333724137931	1.22029626145639e-12	NS	DOWN	False	True	3.06303395225464
ATXN10	0.852234615384615	0.0094819714372501	1.41918325123153	6.2327894916605495e-134	NS	UP	False	True	-0.5669486358469151
AUNIP	-0.332023076923077	0.408859450856645	2.38646206896552	2.1268640567291998e-58	NS	UP	False	True	-2.7184851458885966
AURKA	-0.0959192307692285	0.799608093060574	2.14392463054187	4.17876753823694e-54	NS	UP	False	True	-2.2398438613110985
AUTS2	0.950011538461538	0.0362443306398855	-2.54252857142857	1.86545599750389e-146	NS	DOWN	False	True	3.492540109890108
AVPI1	-0.83918076923077	0.0141689685287173	-1.6246842364532	1.72486775513453e-86	NS	DOWN	False	True	0.7855034672224299
AVPR1A	1.92961923076923	0.0041980147513615	-4.73146403940886	7.30576518342495e-69	NS	DOWN	False	True	6.66108327017809
AVPR1B	0.39916153846154	0.392707840619701	-1.3042	1.88586299442494e-10	NS	DOWN	False	True	1.70336153846154
AVPR2	0.638696153846154	0.292856289557927	-8.6929620689655	9.725460739327889e-158	NS	DOWN	False	True	9.331658222811654
AWAT1	-1.30825769230769	0.147660532490419	-4.67603891625615	1.1179327546403401e-39	NS	DOWN	False	True	3.36778122394846
AWAT2	-0.250049999999998	0.80186507166644	-4.63496896551723	3.43030781102379e-24	NS	DOWN	False	True	4.384918965517232
AXIN2	0.483311538461539	0.366865438710191	-1.26768128078818	3.3152377260613797e-41	NS	DOWN	False	True	1.750992819249719
B3GALNT1	1.63191538461538	0.0191009548471065	2.22012512315271	1.12725643738755e-121	NS	UP	False	True	-0.5882097385373302
B3GALT4	0.166376923076922	0.654083179835256	-2.465860591133	1.01986023338591e-110	NS	DOWN	False	True	2.632237514209922
B3GALT5	0.936076923076926	0.269121414643675	-4.23762955665024	5.62869637366725e-81	NS	DOWN	False	True	5.173706479727166
B3GALT6	0.125019230769231	0.620455952833272	1.05822167487685	1.65801546700116e-86	NS	UP	False	True	-0.933202444107619
B3GALT9	1.71513846153846	0.0163209684057943	1.74641280788177	3.13058642948729e-85	NS	UP	False	True	-0.031274346343310055
B3GAT1	1.48955769230769	0.150683960521725	-4.89551822660098	2.43804439173932e-87	NS	DOWN	False	True	6.38507591890867
B3GLCT	0.602465384615385	0.0612926230440378	1.31659753694581	1.99098909417144e-99	NS	UP	False	True	-0.714132152330425
B3GNT3	0.909319230769233	0.326610725174376	-7.50110541871921	1.35805829961105e-113	NS	DOWN	False	True	8.410424649488444
B3GNT4	-0.0096846153846152	0.986068400678696	-3.30924137931035	8.41839033934097e-171	NS	DOWN	False	True	3.2995567639257346
B3GNT9	1.01081153846154	0.0208916320004361	2.09519014778325	1.21239289872173e-172	NS	UP	False	True	-1.0843786093217103
B4GALNT2	0.886073076923078	0.422813269090455	-5.16774975369457	2.52038010953875e-75	NS	DOWN	False	True	6.053822830617648
B4GALT1	0.45846923076923	0.20360237177218	1.59921182266009	2.31669683543319e-128	NS	UP	False	True	-1.14074259189086
B4GALT5	0.496573076923078	0.155159980592771	2.13765024630542	4.10271096613544e-147	NS	UP	False	True	-1.6410771693823418
B4GALT7	-0.0519769230769214	0.821407318581394	1.1128448275862	1.76099232116002e-136	NS	UP	False	True	-1.1648217506631213
B9D1	0.38228076923077	0.0969000951878183	1.12357339901478	5.7064345607077096e-43	NS	UP	False	True	-0.7412926297840101
BAALC	2.58906153846154	0.0080961567979257	2.2619921182266	8.238846346942569e-72	NS	UP	False	True	0.32706942023494
BAAT	1.41013846153846	0.297321671387247	2.32327684729064	8.8205661894449e-17	NS	UP	False	True	-0.9131383857521802
BACH2	0.844373076923077	0.0997406490090371	-3.78797044334975	9.71555034762587e-116	NS	DOWN	False	True	4.632343520272827
BAG1	0.859515384615385	0.0016946012934918	-1.83267832512315	7.43167207486837e-138	NS	DOWN	False	True	2.692193709738535
BAG2	1.42904615384615	0.0012708587418295	4.28702266009852	3.4938059081279e-215	NS	UP	False	True	-2.85797650625237
BAIAP2	-0.451711538461538	0.0882914756542227	-3.54545024630542	9.00110398828701e-223	NS	DOWN	False	True	3.093738707843882
BAIAP2L1	-0.924873076923076	0.0588755342596756	-2.27240541871921	5.48666314267062e-181	NS	DOWN	False	True	1.347532341796134
BAIAP2L2	-0.834738461538462	0.096534220485317	1.25819064039409	4.006698593826769e-62	NS	UP	False	True	-2.092929101932552
BAIAP3	1.07365769230769	0.0311688170570855	-3.03977586206897	3.8856443670983e-124	NS	DOWN	False	True	4.11343355437666
BARD1	1.05042307692308	0.0017420163111313	-1.79657536945813	4.3475336261366095e-77	NS	DOWN	False	True	2.84699844638121
BARX1	-0.213807692307692	0.845038889846308	1.09624039408867	0.0004606730220984	NS	UP	False	True	-1.310048086396362
BARX2	0.843992307692308	0.403444538452321	-11.1354049261084	4.9289190803410896e-185	NS	DOWN	False	True	11.979397233800707
BASP1	0.589888461538461	0.186217676806887	3.67673497536946	9.70935743797144e-218	NS	UP	False	True	-3.086846513830999
BATF	-0.364188461538462	0.506605293490712	-5.0509487684729	1.43703380241218e-62	NS	DOWN	False	True	4.686760306934438
BATF2	1.53257307692308	0.0064527053789156	1.69999113300493	2.41417269049913e-41	NS	UP	False	True	-0.1674180560818499
BAX	0.11184230769231	0.571747534206745	2.59450197044335	6.33494697018367e-223	NS	UP	False	True	-2.4826596627510398
BAZ1B	0.725711538461538	0.0146562235549001	1.51343645320197	4.28835898847555e-116	NS	UP	False	True	-0.7877249147404319
BBIP1	0.927911538461538	0.0006051548775826	1.63016945812808	1.08849972368416e-150	NS	UP	False	True	-0.7022579196665419
BBLN	-0.439180769230769	0.0491920200313417	-1.31536551724138	3.83254060066499e-133	NS	DOWN	False	True	0.8761847480106111
BBOF1	0.855103846153847	0.0178944568260426	1.30134581280788	5.6931844400005e-65	NS	UP	False	True	-0.44624196665403304
BBOX1	2.96343461538462	0.0143235071507934	-9.61667142857143	3.82649908772699e-165	NS	DOWN	False	True	12.58010604395605
BBS7	0.460419230769231	0.0692103406271178	1.67049556650246	6.65048249554516e-160	NS	UP	False	True	-1.210076335733229
BCAM	0.909323076923076	0.0358106497796805	-2.94172167487684	3.25861154323283e-139	NS	DOWN	False	True	3.851044751799916
BCAN	0.708888461538461	0.548031067305774	-6.22986157635468	1.58935142615356e-122	NS	DOWN	False	True	6.938750037893141
BCAP29	0.856442307692308	0.0150082157088658	1.54179359605911	3.74640324577615e-137	NS	UP	False	True	-0.685351288366802
BCAR1	0.423576923076924	0.151261098604034	1.98647783251231	2.96991272521022e-116	NS	UP	False	True	-1.562900909435386
BCAS1	1.29131538461539	0.0746877277255154	-2.49447536945813	1.92911960726322e-54	NS	DOWN	False	True	3.7857907540735196
BCAS4	0.73118076923077	0.164309667026253	2.95697290640394	1.93901495759601e-184	NS	UP	False	True	-2.22579213717317
BCAT1	1.23926538461538	0.0075723207316103	6.15538522167488	1.9829078772143297e-232	NS	UP	False	True	-4.9161198370595
BCCIP	0.64759615384615	0.0101466445087916	1.23912906403941	9.03297032179764e-96	NS	UP	False	True	-0.5915329101932599
BCKDHA	0.0330923076923071	0.91052556452402	-1.3055763546798	3.01823281091572e-110	NS	DOWN	False	True	1.3386686623721071
BCL11A	0.0648923076923078	0.937387430912357	-6.17579556650246	9.84445192698261e-204	NS	DOWN	False	True	6.240687874194768
BCL11B	1.29755769230769	0.0698356980163803	-6.3599802955665	1.3278937092717302e-196	NS	DOWN	False	True	7.65753798787419
BCL2	0.875726923076923	0.0349127032502266	-1.50897684729064	8.36196209330071e-49	NS	DOWN	False	True	2.384703770367563
BCL2L10	0.261750000000001	0.849998751280129	-7.13580541871921	2.3230297236928e-124	NS	DOWN	False	True	7.397555418719211
BCL2L11	1.23391923076923	0.0022127676613863	-1.59781871921182	3.3814279603863e-61	NS	DOWN	False	True	2.8317379499810498
BCL2L14	1.97175384615385	0.0130216378828247	-1.54815467980295	1.46555150247218e-07	NS	DOWN	False	True	3.5199085259568
BCL6B	0.390361538461538	0.26366414864335	-4.53337536945813	1.63779173043139e-126	NS	DOWN	False	True	4.923736907919668
BCL7A	0.473903846153846	0.13085338850557	-1.40479162561576	2.98336908391365e-81	NS	DOWN	False	True	1.878695471769606
BCL9L	1.20426538461538	0.0040485346463348	1.07237684729064	1.86391928044597e-40	NS	UP	False	True	0.13188853732473982
BCO1	1.36736923076923	0.208576911852786	-6.04747339901477	3.5617719518378596e-114	NS	DOWN	False	True	7.414842629783999
BCO2	1.66403846153846	0.0023912106090797	-1.11440591133005	1.11162054862543e-40	NS	DOWN	False	True	2.7784443728685098
BCR	0.447619230769232	0.129891098100379	-1.38784433497537	5.27353485987564e-106	NS	DOWN	False	True	1.835463565744602
BDH1	-0.217934615384616	0.62469227115055	-1.77567290640394	1.87399469489923e-90	NS	DOWN	False	True	1.557738291019324
BEAN1	-0.538853846153846	0.39094775889302	-1.36978768472906	1.18554195323535e-40	NS	DOWN	False	True	0.830933838575214
BEGAIN	-0.0175384615384614	0.980525001656155	-1.6456039408867	5.6810852090257095e-43	NS	DOWN	False	True	1.6280654793482385
BEND4	1.3373076923077	0.0331037163177631	-1.26243004926108	3.46013349520382e-11	NS	DOWN	False	True	2.59973774156878
BEND5	0.969303846153846	0.102957482761572	-2.35972906403941	4.89425483209529e-54	NS	DOWN	False	True	3.329032910193256
BEST1	-0.352334615384616	0.44696101972654	1.32644482758621	2.11025734086856e-81	NS	UP	False	True	-1.678779442970826
BEST2	-0.167746153846155	0.880101245670693	-9.27758669950738	1.53872536816289e-135	NS	DOWN	False	True	9.109840545661225
BEST3	1.28420384615385	0.149731897729674	-3.56411182266009	2.07514781716386e-37	NS	DOWN	False	True	4.84831566881394
BEST4	1.19984615384615	0.0367331835934197	-2.40552463054187	4.89772514418041e-56	NS	DOWN	False	True	3.60537078438802
BET1	0.826753846153846	0.0061377737910089	1.91384975369458	8.33939453093797e-157	NS	UP	False	True	-1.087095907540734
BEX1	2.45976153846154	0.055682220225219	6.92493251231527	2.2024128237218697e-185	NS	UP	False	True	-4.465170973853731
BEX2	1.25213846153846	0.114326665532601	-5.48424384236454	7.27950845991474e-117	NS	DOWN	False	True	6.736382303903
BEX3	0.718146153846154	0.0973899542392796	2.43901921182266	1.07289491523707e-202	NS	UP	False	True	-1.720873057976506
BEX5	0.781780769230771	0.489277522043327	-3.58204679802956	8.58093500413618e-57	NS	DOWN	False	True	4.363827567260331
BFAR	0.156434615384616	0.528409518694188	1.3935157635468	5.09712537634711e-125	NS	UP	False	True	-1.2370811481621842
BFSP2	0.973442307692308	0.421192173079149	-3.78648719211822	6.36852883122408e-29	NS	DOWN	False	True	4.759929499810529
BGLAP	1.22232692307692	0.0152420138953949	-1.75124039408867	4.78690954923657e-52	NS	DOWN	False	True	2.97356731716559
BGN	0.562338461538465	0.13930751320346	2.00460049261084	9.7389005545482e-81	NS	UP	False	True	-1.442262031072375
BHLHA15	1.13371538461538	0.314622883492421	-3.03196256157635	2.68506999916843e-17	NS	DOWN	False	True	4.16567794619173
BHLHE22	2.50570384615385	0.0014444188496244	1.27351379310345	8.654199682963439e-11	NS	UP	False	True	1.2321900530504002
BHLHE40	0.789611538461541	0.0197229294495324	-2.75791527093596	2.82789099102183e-108	NS	DOWN	False	True	3.547526809397501
BHLHE41	-0.0318846153846164	0.963212088573005	-1.85460837438424	1.78070570035962e-58	NS	DOWN	False	True	1.8227237589996237
BICC1	1.43612692307692	0.0042178505156075	3.63779408866995	1.18555975126672e-196	NS	UP	False	True	-2.20166716559303
BICD2	0.529534615384616	0.101324684953306	-1.33312118226601	2.50164471686972e-124	NS	DOWN	False	True	1.8626557976506262
BICDL1	-1.00692307692308	0.0334443972726461	-9.97583842364531	3.5922370509598496e-231	NS	DOWN	False	True	8.96891534672223
BICDL2	0.495446153846154	0.66271677777359	-8.64557832512316	3.98880658092997e-250	NS	DOWN	False	True	9.141024478969316
BID	0.568707692307693	0.0407146722276179	2.13796600985222	1.66269562236453e-187	NS	UP	False	True	-1.569258317544527
BIK	-1.77004615384615	0.0083378959216048	-8.87751822660097	4.65778245609944e-143	NS	DOWN	False	True	7.1074720727548195
BIN1	1.05095384615385	0.0294971341631747	1.84854975369458	5.96090067241658e-108	NS	UP	False	True	-0.7975959075407302
BIN2	1.25161538461539	0.0036660595223666	-5.97713743842364	1.64016374168234e-102	NS	DOWN	False	True	7.228752823039031
BIRC5	0.0142346153846153	0.971817053162996	1.00849359605911	1.04086795385357e-07	NS	UP	False	True	-0.9942589806744946
BIRC7	-1.70108461538462	0.0465629173702076	-5.59296748768472	3.54346300527961e-74	NS	DOWN	False	True	3.8918828723001
BIVM-ERCC5	2.12405769230769	0.109162715481786	7.82617044334975	9.13769839337945e-76	NS	UP	False	True	-5.70211275104206
BLACAT1	1.29343461538462	0.0883103744735431	-4.62703596059113	2.55236200349526e-79	NS	DOWN	False	True	5.9204705759757505
BLID	1.68178846153847	0.0060927571401032	2.79170788177339	7.21073341312619e-22	NS	UP	False	True	-1.10991942023492
BLK	-0.241465384615383	0.791819348074071	3.56072019704432	3.08934918704412e-48	NS	UP	False	True	-3.8021855816597028
BLMH	0.544515384615384	0.0660278528331682	-2.45785517241379	5.144627428904341e-144	NS	DOWN	False	True	3.002370557029174
BLNK	1.46072692307692	0.0035807412823886	-7.40298128078817	3.7299172368581496e-128	NS	DOWN	False	True	8.863708203865091
BLOC1S4	0.303646153846151	0.264427266789669	1.17107536945813	7.5912298244742e-122	NS	UP	False	True	-0.8674292156119789
BMERB1	1.39415769230769	0.0110369957177636	2.0559645320197	1.10969600241759e-126	NS	UP	False	True	-0.6618068397120103
BMP1	0.717276923076922	0.0035701654093457	1.6021960591133	1.72185859706029e-118	NS	UP	False	True	-0.884919136036378
BMP10	0.470923076923082	0.185275485617959	-2.02940098522167	5.86013350241555e-12	NS	DOWN	False	True	2.500324062144752
BMP3	0.732096153846157	0.184370958932517	-1.27312709359606	4.1784146198553e-12	NS	DOWN	False	True	2.005223247442217
BMP4	0.818557692307692	0.0707112435709919	-3.81544236453202	7.53266303296476e-98	NS	DOWN	False	True	4.634000056839712
BMP5	0.730569230769236	0.346688565183755	-3.13605467980296	3.1555319650245e-38	NS	DOWN	False	True	3.866623910572196
BMP7	1.51440384615385	0.129535625119592	-10.17840591133	2.28410979508349e-179	NS	DOWN	False	True	11.69280975748385
BMP8A	1.23145	0.0795913775968171	-1.17936502463054	8.17803062022007e-16	NS	DOWN	False	True	2.4108150246305398
BMP8B	2.35008846153846	0.0024562939273736	-3.3399157635468	2.3869535991225403e-161	NS	DOWN	False	True	5.69000422508526
BMPR1B	0.124580769230769	0.898185544710247	1.28889704433498	9.41266052732018e-37	NS	UP	False	True	-1.164316275104211
BMX	1.86088076923077	0.0060927571401032	-7.60546650246305	3.52623773464552e-138	NS	DOWN	False	True	9.46634727169382
BNC2	0.733223076923077	0.0621596638603133	2.6745842364532	1.62647866097969e-133	NS	UP	False	True	-1.941361159530123
BNIP1	0.362192307692307	0.0930666071726933	1.02035665024631	3.53348262252044e-75	NS	UP	False	True	-0.6581643425540029
BNIP3	0.473830769230768	0.152545082845891	1.68611625615764	5.890125001437259e-78	NS	UP	False	True	-1.212285486926872
BNIP5	0.411750000000003	0.535089585114053	-6.3682290640394	9.869464460464879e-178	NS	DOWN	False	True	6.779979064039403
BNIPL	0.771903846153846	0.497158280633928	-8.7492275862069	2.26436021980532e-258	NS	DOWN	False	True	9.521131432360745
BOC	0.700465384615385	0.247504750586419	-2.39969704433498	6.9505208022011e-110	NS	DOWN	False	True	3.100162428950365
BOLA2-SMG1P6	0.47866923076923	0.0629094410426909	1.09616354679803	2.51667246503001e-62	NS	UP	False	True	-0.6174943160288
BOLA3	0.0287615384615414	0.906679757844211	1.98169113300493	5.0543028497315e-134	NS	UP	False	True	-1.9529295945433887
BORA	0.958934615384616	0.0048786861292936	1.20813497536946	7.16087112962594e-68	NS	UP	False	True	-0.2492003599848439
BORCS6	-0.090296153846154	0.714822939322045	-1.33680886699508	2.70658444101401e-86	NS	DOWN	False	True	1.246512713148926
BORCS7	1.07597692307692	0.0012885385713842	1.44008522167487	2.92407059319062e-87	NS	UP	False	True	-0.36410829859795
BPIFB4	0.247661538461542	0.845038889846308	3.70654975369458	2.56639604264524e-28	NS	UP	False	True	-3.458888215233038
BPIFC	1.20081153846154	0.493267602661919	-13.1565596059113	2.9672539644055096e-222	NS	DOWN	False	True	14.35737114437284
BPY2			-1.00974334975369	2.84945217490635e-08	NS	DOWN	False	True	
BPY2B	-0.509265384615382	0.2835636975363	-2.58165763546798	1.0704591147555599e-22	NS	DOWN	False	True	2.072392250852598
BPY2C	-0.509265384615382	0.2835636975363	-2.14487980295567	7.57679231407568e-20	NS	DOWN	False	True	1.635614418340288
BRCA1	0.356157692307693	0.376699505192789	1.59657881773399	4.22038407143652e-72	NS	UP	False	True	-1.240421125426297
BRCA2	1.45716153846154	0.0156776720616589	2.19770935960591	3.5593055934460695e-55	NS	UP	False	True	-0.7405478211443701
BRD3OS	0.346338461538461	0.163647469350895	2.25811083743843	6.18236785752241e-199	NS	UP	False	True	-1.911772375899969
BRI3	-0.534376923076924	0.0071730595126193	1.22529310344828	9.157094402258259e-123	NS	UP	False	True	-1.7596700265252039
BRICD5	0.645923076923077	0.123862991041627	-1.22480443349754	1.23480981560926e-44	NS	DOWN	False	True	1.8707275104206171
BRINP1	0.830096153846156	0.420126641844917	4.61782610837438	4.31451286268273e-82	NS	UP	False	True	-3.7877299545282237
BRINP3	-0.41606923076923	0.584779781779572	-2.73664482758621	2.30929782468406e-20	NS	DOWN	False	True	2.3205755968169797
BRIP1	0.954384615384616	0.018609900172518	1.712560591133	2.41197984794936e-53	NS	UP	False	True	-0.7581759757483839
BRIX1	0.966907692307691	0.0021995600515938	2.37083349753695	1.42965213048141e-140	NS	UP	False	True	-1.403925805229259
BRME1	0.805896153846154	0.0221873310122278	-3.31047093596059	6.29484140666248e-122	NS	DOWN	False	True	4.116367089806744
BRSK1	0.4105	0.446614794827537	1.62247044334975	2.16411306235568e-79	NS	UP	False	True	-1.2119704433497502
BRSK2	-0.593253846153846	0.464024334157677	-1.6960369458128	1.19723540227239e-25	NS	DOWN	False	True	1.102783099658954
BSND	0.654000000000003	0.238783608920092	-2.61353201970443	3.19500244725814e-35	NS	DOWN	False	True	3.267532019704433
BSPRY	0.872588461538462	0.362085731306328	-10.7255103448276	1.36407317701297e-199	NS	DOWN	False	True	11.59809880636606
BST1	1.13379230769231	0.035320936258479	2.50661133004926	2.93001752400806e-136	NS	UP	False	True	-1.3728190223569499
BST2	1.50395769230769	0.0069246005277585	-2.55154778325123	4.82563814143753e-76	NS	DOWN	False	True	4.05550547555892
BTBD18	1.66037307692308	0.0118808787604986	-1.15607931034483	1.16297983964865e-08	NS	DOWN	False	True	2.81645238726791
BTBD19	1.16893846153846	0.0018545810335003	2.62887733990148	4.08226206124747e-111	NS	UP	False	True	-1.45993887836302
BTBD8	2.29118076923077	0.0166011313530073	2.88449113300492	2.74819994586146e-56	NS	UP	False	True	-0.5933103637741501
BTC	2.55118846153847	0.0383524993435494	-8.59690935960591	1.75078123094108e-145	NS	DOWN	False	True	11.148097821144379
BTK	0.818119230769231	0.0425851615461372	-7.28020147783251	3.07222410811778e-125	NS	DOWN	False	True	8.098320708601742
BTNL3	0.83367307692308	0.286592280981208	-1.58208522167488	1.84068107829108e-12	NS	DOWN	False	True	2.41575829859796
BTNL8	1.50986923076923	0.185654319118788	-3.77799605911329	8.8368277601848e-39	NS	DOWN	False	True	5.28786528988252
BTNL9	1.20693461538462	0.103838084277675	-6.52097487684729	1.64643130643095e-166	NS	DOWN	False	True	7.72790949223191
BUB1	0.59375	0.154781648134865	1.56734187192118	2.0667576586505702e-19	NS	UP	False	True	-0.97359187192118
BUB1B-PAK6	0.778907692307691	0.491509628416108	-2.1608448275862	9.947720805523462e-09	NS	DOWN	False	True	2.939752519893891
BVES	2.05947307692308	0.0072154650327431	3.79431034482759	1.8738230259475897e-195	NS	UP	False	True	-1.7348372679045099
BYSL	-0.0864961538461566	0.735224318713862	1.06361477832513	1.50098998935252e-46	NS	UP	False	True	-1.1501109321712866
C10orf105	1.79131153846154	0.0220409120596046	-2.85070689655172	1.69365432049418e-35	NS	DOWN	False	True	4.64201843501326
C10orf55	1.05346538461539	0.0630114587460719	-1.04744137931034	3.82640909142971e-13	NS	DOWN	False	True	2.10090676392573
C10orf67	1.03544230769231	0.208176074805756	-1.97290886699507	3.71781351243724e-21	NS	DOWN	False	True	3.0083511746873803
C10orf71	0.557550000000001	0.341408741089915	-3.43110837438425	3.59462801055036e-51	NS	DOWN	False	True	3.9886583743842507
C10orf88	0.793007692307693	0.0062207961911613	1.43453448275862	2.22015681659262e-100	NS	UP	False	True	-0.641526790450927
C10orf95	0.471661538461538	0.564758494179414	-4.81937438423645	1.43048614233138e-108	NS	DOWN	False	True	5.291035922697987
C11orf16	1.92928461538462	0.008762349365065	1.66134285714286	9.59095598238175e-11	NS	UP	False	True	0.26794175824176003
C11orf21	1.2528	0.038374735911154	-6.46592758620689	5.70661835281422e-108	NS	DOWN	False	True	7.71872758620689
C11orf24	-0.0449384615384645	0.884759791508987	1.90312167487685	1.5511273170509099e-187	NS	UP	False	True	-1.9480601364153145
C11orf52	0.714380769230769	0.210914489288358	-2.65770246305419	5.68680881218647e-144	NS	DOWN	False	True	3.372083232284959
C11orf68	0.100796153846152	0.663893034779668	1.4995	4.67387389306034e-124	NS	UP	False	True	-1.3987038461538481
C11orf80	-0.154392307692309	0.60062920942225	-3.55552906403941	4.2078325120082196e-216	NS	DOWN	False	True	3.401136756347101
C11orf86	-0.125399999999997	0.887372482224013	4.63847487684729	2.54529930595017e-53	NS	UP	False	True	-4.763874876847288
C11orf87	0.985419230769236	0.208894490756667	1.95155123152709	1.8031458054779e-19	NS	UP	False	True	-0.966132000757854
C11orf91	1.40801538461539	0.0861689268498465	1.68146403940886	6.62306728264759e-08	NS	UP	False	True	-0.27344865479347
C11orf96	-1.12281153846154	0.0037283179248644	-5.22963201970444	2.02702566875846e-143	NS	DOWN	False	True	4.1068204812429006
C12orf43	0.395703846153847	0.0457643493029788	1.23384137931035	7.64227947443918e-103	NS	UP	False	True	-0.838137533156503
C12orf54	1.01790384615385	0.449284715977161	-5.47230098522167	8.29549752001132e-52	NS	DOWN	False	True	6.49020483137552
C12orf56	1.86302307692308	0.097288764423891	-3.91467044334975	5.82309950407354e-69	NS	DOWN	False	True	5.77769352027283
C12orf60	0.392134615384615	0.33130143507662	2.09362561576355	4.0067580700932e-73	NS	UP	False	True	-1.7014910003789352
C12orf71	1.24376538461539	0.17033048933854	-1.9422369458128	1.34525478722233e-12	NS	DOWN	False	True	3.18600233042819
C12orf75	1.27570769230769	0.0042477039265678	3.79896354679804	5.46280553025427e-194	NS	UP	False	True	-2.52325585449035
C13orf42	0.341165384615387	0.661132018713567	-2.77708620689655	5.27277036240161e-33	NS	DOWN	False	True	3.1182515915119366
C14orf119	0.31513846153846	0.143514602689816	1.71742906403941	4.4613741728752004e-201	NS	UP	False	True	-1.40229060250095
C14orf180	0.660750000000002	0.354545459361422	-4.58586206896551	7.80798711785104e-53	NS	DOWN	False	True	5.246612068965512
C14orf39	0.318726923076926	0.801139309084233	4.22083990147783	4.37546872858404e-48	NS	UP	False	True	-3.902112978400904
C15orf48	1.05250769230769	0.0769478288651535	-6.71623645320197	2.17314083308241e-179	NS	DOWN	False	True	7.768744145509659
C15orf61	0.124576923076924	0.652466818016357	1.34589901477832	1.4561443049534098e-62	NS	UP	False	True	-1.221322091701396
C15orf62	1.20076538461538	0.0109691398085998	-3.1402512315271	5.94780599671932e-131	NS	DOWN	False	True	4.34101661614248
C16orf54	1.06157692307692	0.0704868416665089	-4.88498719211822	1.3783995063074598e-82	NS	DOWN	False	True	5.94656411519514
C16orf89	0.680938461538461	0.461764219028909	-1.30909556650246	1.3794513491865601e-09	NS	DOWN	False	True	1.990034028040921
C16orf95	-0.423111538461538	0.147243121573385	1.17705418719212	4.10137221098327e-51	NS	UP	False	True	-1.600165725653658
C16orf96	-0.157846153846154	0.747630968174142	-4.30012413793103	6.84630948142337e-85	NS	DOWN	False	True	4.142277984084877
C17orf107	0.560576923076923	0.282041472589808	-1.06435911330049	8.18909922514358e-42	NS	DOWN	False	True	1.624936036377413
C17orf113	1.42388846153846	0.108693410834497	-1.80369014778325	7.29268748575975e-20	NS	DOWN	False	True	3.22757860932171
C17orf50	0.634688461538467	0.460687485672749	-5.2375093596059	2.75145131016984e-66	NS	DOWN	False	True	5.872197821144367
C17orf58	0.85035	0.0030662610611844	1.40304581280788	6.31710043875655e-105	NS	UP	False	True	-0.5526958128078799
C17orf99	0.80261538461539	0.466934995089487	-8.47404482758619	2.04505876701062e-190	NS	DOWN	False	True	9.27666021220158
C18orf63	-0.133053846153844	0.599254763788079	1.36826551724138	5.7309549845307395e-11	NS	UP	False	True	-1.501319363395224
C19orf12	0.20661153846154	0.466292064296109	1.16703596059113	3.8323465626697e-132	NS	UP	False	True	-0.96042442212959
C19orf33	1.9641	0.161728302035768	-9.37075763546798	1.24441893857342e-132	NS	DOWN	False	True	11.33485763546798
C19orf73	-0.36625	0.187636054512601	-1.58247389162561	1.13380594480594e-86	NS	DOWN	False	True	1.21622389162561
C19orf81	-2.00004615384615	0.0969119021349799	-3.13808719211822	4.80873880072818e-18	NS	DOWN	False	True	1.1380410382720703
C19orf84	0.619330769230773	0.486731280343211	1.39398866995073	9.2517291689565e-07	NS	UP	False	True	-0.774657900719957
C1GALT1	1.43345	0.0012319667588661	2.55451625615764	5.22463111850177e-144	NS	UP	False	True	-1.12106625615764
C1GALT1C1L	2.76074615384616	0.0232867943604967	2.15566059113301	5.60325607294801e-41	NS	UP	False	True	0.6050855627131502
C1QA	0.735896153846152	0.145242253417994	-6.01534827586207	2.0263116300963403e-121	NS	DOWN	False	True	6.751244429708223
C1QB	0.974130769230768	0.0772913846717947	-5.08835862068966	7.91168227726123e-136	NS	DOWN	False	True	6.062489389920428
C1QC	1.08068076923077	0.034892386868425	-6.1713472906404	3.7639139985285e-111	NS	DOWN	False	True	7.2520280598711695
C1QL1	1.01666923076923	0.0680376285550473	1.48269655172414	8.540739118307971e-19	NS	UP	False	True	-0.46602732095490995
C1QL2	0.632726923076929	0.352759719334683	-6.68927832512314	1.78214566406746e-117	NS	DOWN	False	True	7.322005248200069
C1QL4	-2.12898846153846	0.001169760730833	-5.8028935960591	1.49336606914754e-99	NS	DOWN	False	True	3.67390513452064
C1QTNF1	0.485523076923077	0.325967675873156	1.0196369458128	2.7407121906830204e-23	NS	UP	False	True	-0.5341138688897231
C1QTNF12	0.574576923076923	0.321038860209	-1.95976650246306	2.50343106063926e-91	NS	DOWN	False	True	2.534343425539983
C1QTNF2	0.776284615384615	0.0895463407394742	-1.88585467980296	1.63303396824974e-37	NS	DOWN	False	True	2.662139295187575
C1QTNF6	0.914173076923077	0.0036588992013173	1.91447832512315	5.1553046736370895e-83	NS	UP	False	True	-1.000305248200073
C1QTNF7	1.30012692307692	0.107042967232563	-1.31679852216749	7.32702470178749e-18	NS	DOWN	False	True	2.61692544524441
C1QTNF9	1.29016538461539	0.130132875187081	-6.30857093596058	4.59180688727947e-104	NS	DOWN	False	True	7.59873632057597
C1QTNF9B	1.44811538461539	0.0795050063135905	-6.18835517241379	8.28044792348537e-85	NS	DOWN	False	True	7.63647055702918
C1S	1.38864230769231	0.0020939337185652	1.85064876847291	3.52517060660581e-64	NS	UP	False	True	-0.46200646078060004
C1orf105	0.561180769230772	0.499183358480618	-7.33452463054186	2.0592100741130401e-106	NS	DOWN	False	True	7.895705399772631
C1orf116	0.954507692307693	0.28692111564663	-8.30012019704433	5.1001905338764206e-201	NS	DOWN	False	True	9.254627889352024
C1orf127	0.502638461538461	0.408720402900266	-3.13367980295566	3.01994834844391e-32	NS	DOWN	False	True	3.636318264494121
C1orf141	0.374996153846157	0.464951440430272	2.57921527093596	7.33089407535453e-23	NS	UP	False	True	-2.204219117089803
C1orf162	0.58305	0.178618743162897	-3.44800443349754	1.77904166710522e-152	NS	DOWN	False	True	4.03105443349754
C1orf167	0.598426923076923	0.551844609162343	-1.92123990147783	3.65191672649835e-16	NS	DOWN	False	True	2.5196668245547533
C1orf198	0.25878076923077	0.456940253731834	1.06688719211822	9.709898313586101e-32	NS	UP	False	True	-0.8081064228874499
C1orf21	0.80213076923077	0.0079791507193621	-1.80160541871921	5.55218238124886e-91	NS	DOWN	False	True	2.60373618794998
C1orf210	0.897392307692311	0.483631348123402	-10.1418068965517	2.40177181454379e-164	NS	DOWN	False	True	11.03919920424401
C1orf216	0.431157692307693	0.183585547535874	2.00700591133005	1.24841440279451e-134	NS	UP	False	True	-1.575848219022357
C1orf226	-0.313980769230769	0.661517091322398	-5.77317931034483	4.7489121558653395e-158	NS	DOWN	False	True	5.459198541114061
C1orf35	0.100719230769229	0.651986683960767	-1.16933399014779	2.51174766184512e-104	NS	DOWN	False	True	1.270053220917019
C1orf53	0.851138461538462	0.167121485169487	2.65019950738916	3.98829846318906e-68	NS	UP	False	True	-1.7990610458506984
C20orf141	-0.571465384615384	0.647210373866618	3.81534236453201	2.00209872812803e-28	NS	UP	False	True	-4.386807749147394
C20orf202	1.33979615384616	0.012076594868739	-5.39666896551723	1.1158809680104e-89	NS	DOWN	False	True	6.736465119363389
C20orf203	1.95681153846154	0.0094331709919469	-5.19374532019703	1.12926318765326e-98	NS	DOWN	False	True	7.15055685865857
C20orf204	0.50518076923077	0.435127113283764	-2.24012512315271	1.14654436365075e-90	NS	DOWN	False	True	2.74530589238348
C22orf15	0.666226923076924	0.446558680159757	4.5739724137931	1.5668384944794899e-77	NS	UP	False	True	-3.9077454907161755
C22orf31	1.98406923076923	0.0655627064394286	-4.97045517241379	5.59865365953324e-54	NS	DOWN	False	True	6.9545244031830205
C22orf46P	0.734334615384616	0.0012418660889303	1.26325320197044	5.54691061513492e-88	NS	UP	False	True	-0.5289185865858241
C2CD2L	0.499134615384616	0.0430015554547764	-1.86232315270936	3.69625239063747e-144	NS	DOWN	False	True	2.361457768093976
C2CD4A	0.488280769230771	0.59103186591101	-4.86670098522167	2.1674209487236e-84	NS	DOWN	False	True	5.354981754452441
C2CD4B	-0.638584615384613	0.321604519598265	-9.27172512315269	3.1703655032506804e-161	NS	DOWN	False	True	8.633140507768077
C2CD4C	0.651399999999999	0.34153610809285	-4.61921921182265	7.04267895387937e-94	NS	DOWN	False	True	5.270619211822649
C2CD4D	-0.536361538461539	0.135000002672839	-5.46841921182265	1.96035663879681e-105	NS	DOWN	False	True	4.932057673361111
C2CD6	3.13163461538462	0.0050828324110008	3.74027931034482	2.48593599034605e-105	NS	UP	False	True	-0.6086446949602
C2orf15	1.32611538461538	0.0150212535956002	-3.24989802955665	5.1222707250492e-77	NS	DOWN	False	True	4.57601341417203
C2orf16	1.08776153846154	0.0036395773318292	2.82219507389162	9.54661026011644e-113	NS	UP	False	True	-1.7344335354300802
C2orf69	0.994796153846154	0.0095403296634065	1.23394827586207	7.11218763262509e-69	NS	UP	False	True	-0.23915212201591585
C2orf72	0.34075	0.694398612916817	-3.15657093596058	1.42646059298274e-35	NS	DOWN	False	True	3.49732093596058
C2orf73	0.273826923076923	0.805753137448022	2.21215221674876	8.17425849617417e-13	NS	UP	False	True	-1.938325293671837
C2orf74	1.26305384615385	0.0013746693045538	1.9951236453202	4.91924746682551e-99	NS	UP	False	True	-0.7320697991663498
C2orf78	0.374996153846157	0.370979959912708	-1.73065960591132	6.01081206175649e-17	NS	DOWN	False	True	2.105655759757477
C3AR1	1.45791153846154	0.0021836686480591	-2.71405369458128	5.91047469712682e-47	NS	DOWN	False	True	4.17196523304282
C3orf18	0.76998076923077	0.214612435687379	2.26556551724138	3.4388017233890895e-116	NS	UP	False	True	-1.49558474801061
C3orf38	0.959196153846155	0.0038703743258286	1.25923891625616	1.5111540127307001e-106	NS	UP	False	True	-0.30004276241000494
C3orf52	0.118288461538462	0.815983404879751	-5.40232413793103	2.4777861869218e-225	NS	DOWN	False	True	5.520612599469493
C3orf70	1.91707307692308	0.0022199392805403	-3.76930541871921	1.5382340459257e-95	NS	DOWN	False	True	5.68637849564229
C3orf84	-0.0627615384615368	0.924508636192698	-1.10164433497536	8.32363087316342e-08	NS	DOWN	False	True	1.0388827965138232
C4BPB	2.65246923076923	0.0040913877015629	-4.77561428571428	3.55594345282213e-52	NS	DOWN	False	True	7.428083516483509
C4orf46	0.86598076923077	0.0099198002199477	2.49885862068966	4.7493600075581405e-169	NS	UP	False	True	-1.6328778514588898
C4orf48	-0.808823076923077	0.0176453560346662	3.98884187192118	5.71536318340749e-112	NS	UP	False	True	-4.797664948844257
C4orf54	-0.0854846153846176	0.924468197535783	-1.189260591133	3.45686706440113e-10	NS	DOWN	False	True	1.1037759757483825
C5AR1	1.20903846153846	0.004210382800428	1.28423399014778	2.7807526954424102e-21	NS	UP	False	True	-0.07519552860932
C5AR2	0.927473076923075	0.120429739697941	2.20941527093596	1.6921686881164498e-42	NS	UP	False	True	-1.2819421940128848
C5orf22	0.060234615384616	0.886665698376253	1.19668620689655	3.1694448180397697e-103	NS	UP	False	True	-1.136451591511934
C5orf46	0.651215384615384	0.647332016043331	-9.75314581280788	9.781393021678932e-117	NS	DOWN	False	True	10.404361197423263
C5orf47	0.134457692307694	0.886665698376253	-1.05608719211823	5.79327406168676e-07	NS	DOWN	False	True	1.190544884425924
C5orf63	2.34681538461539	0.0087297709285728	1.22644729064039	3.18603523730713e-40	NS	UP	False	True	1.120368093975
C5orf67	1.89251153846154	0.094500295390291	-5.66251871921181	6.27224129076323e-66	NS	DOWN	False	True	7.55503025767335
C6orf120	1.25720769230769	0.0026977811717282	2.89817438423645	1.44863457392955e-228	NS	UP	False	True	-1.6409666919287598
C6orf132	0.275038461538461	0.832356766087294	-3.43887783251231	2.28291340109093e-186	NS	DOWN	False	True	3.713916294050771
C6orf136	-0.342353846153843	0.0599086108151343	-1.06698275862069	2.68365614413832e-116	NS	DOWN	False	True	0.7246289124668469
C6orf141	2.33161538461539	0.0538167742309046	-6.92120541871921	2.53957872361511e-105	NS	DOWN	False	True	9.2528208033346
C6orf15	0.0072653846153869	0.996894958376161	-6.55605369458127	2.16791565263363e-70	NS	DOWN	False	True	6.563319079196657
C6orf58	1.02892692307692	0.337252116347979	3.09729507389162	1.41902797464556e-25	NS	UP	False	True	-2.0683681508147
C6orf89	0.680976923076922	0.0119408534080105	1.34909655172414	6.3226675003461804e-142	NS	UP	False	True	-0.668119628647218
C7	1.24425384615385	0.259435494888848	-1.27648275862069	2.4869780862069798e-11	NS	DOWN	False	True	2.52073660477454
C7orf25	1.08076538461538	0.0016538140437678	2.26634236453202	3.8709411621620196e-86	NS	UP	False	True	-1.18557697991664
C8A	0.366057692307697	0.615974011346683	1.75894039408867	3.48285271453642e-11	NS	UP	False	True	-1.392882701780973
C8B	-0.109876923076921	0.901289184508389	1.80854285714286	7.233826902569109e-11	NS	UP	False	True	-1.9184197802197809
C8G	-0.349746153846154	0.488052832673497	-1.69597438423646	1.4650422968520502e-15	NS	DOWN	False	True	1.3462282303903061
C8orf34	1.84494230769231	0.009705834183833	1.87980295566502	2.29026186123729e-21	NS	UP	False	True	-0.034860647972710046
C8orf48	1.43504230769231	0.0046388654546351	2.73938719211823	6.23252440388984e-122	NS	UP	False	True	-1.30434488442592
C8orf74	-0.235546153846151	0.788032715710162	-6.45883940886698	8.34779398460557e-102	NS	DOWN	False	True	6.223293255020828
C8orf90	-0.206061538461537	0.512959133339442	-6.87209014778324	1.24848799900027e-87	NS	DOWN	False	True	6.666028609321703
C9	2.61376923076924	0.0045015763302396	1.82305073891626	2.7908193266678096e-11	NS	UP	False	True	0.7907184918529802
C9orf131	2.24483076923077	0.0056535567556331	-1.22476403940887	2.59306323219206e-10	NS	DOWN	False	True	3.46959480863964
C9orf152	1.08163076923077	0.192950935907557	-6.05720837438423	6.49052794673307e-133	NS	DOWN	False	True	7.138839143615001
C9orf153	2.09722307692308	0.0204144159490915	1.61613152709359	1.57645955109247e-07	NS	UP	False	True	0.4810915498294899
C9orf40	0.695546153846153	0.0174908435821714	1.57018866995074	1.21470015074932e-123	NS	UP	False	True	-0.8746425161045869
C9orf50	2.24109230769231	0.0021239343411055	2.13137290640394	1.03401312243973e-14	NS	UP	False	True	0.10971940128836977
C9orf85	1.02992307692308	0.0013477843899757	1.00953743842365	3.18956803234777e-86	NS	UP	False	True	0.020385638499430092
CA1	1.06177307692308	0.170416650525603	-2.03454532019704	2.05448596748263e-10	NS	DOWN	False	True	3.09631839712012
CA10	0.13672307692308	0.913675436559496	-1.10479359605911	5.5190045574074e-05	NS	DOWN	False	True	1.24151667298219
CA11	0.521553846153846	0.060385989122268	-3.45118866995074	3.0056442880245202e-152	NS	DOWN	False	True	3.972742516104586
CA12	2.16572692307692	0.011301474360529	-1.19410591133005	1.03532640729017e-52	NS	DOWN	False	True	3.35983283440697
CA14	-1.66622692307692	0.0081440297063406	-3.59879950738916	1.10554484848948e-75	NS	DOWN	False	True	1.93257258431224
CA2	1.76790769230769	0.0125522028846244	-7.11390541871921	2.02596132499579e-171	NS	DOWN	False	True	8.8818131110269
CA3	2.80425384615385	0.002336602161982	-2.98704285714286	1.84234137157381e-115	NS	DOWN	False	True	5.791296703296711
CA4	0.850607692307693	0.492946214703561	-5.53563645320196	3.4623510138965e-76	NS	DOWN	False	True	6.386244145509653
CA6	0.357500000000003	0.823236783511156	-12.4964837438424	1.16065184315922e-207	NS	DOWN	False	True	12.853983743842404
CA8	-0.138534615384615	0.909600890695552	-4.54731921182265	9.75121832190461e-60	NS	DOWN	False	True	4.408784596438035
CA9	1.70554615384615	0.0343192593619363	-3.70822955665025	1.70163187779038e-47	NS	DOWN	False	True	5.413775710496401
CABCOCO1	0.491265384615386	0.663196247804649	2.45174975369457	2.2377484701529802e-21	NS	UP	False	True	-1.9604843690791838
CABLES1	-0.659634615384614	0.175554744384279	-1.56002216748768	1.8090199756410199e-81	NS	DOWN	False	True	0.900387552103066
CABP1	0.390353846153846	0.449974487949702	-1.34794039408867	2.15377931480819e-13	NS	DOWN	False	True	1.738294240242516
CABP4	1.73435769230769	0.0034286360759808	-6.97204975369457	4.14935473408171e-138	NS	DOWN	False	True	8.70640744600226
CABYR	1.64887307692308	0.0053073611889176	1.41349014778325	8.52526593197884e-82	NS	UP	False	True	0.23538292913982994
CACNA1A	0.341876923076924	0.645208789745198	2.78978472906404	5.8793826873450195e-83	NS	UP	False	True	-2.447907805987116
CACNA1D	-0.156519230769231	0.853207417081965	-5.27328374384236	7.765317735660919e-116	NS	DOWN	False	True	5.11676451307313
CACNA1E	0.971596153846157	0.228894536477791	-2.28243300492611	4.13086301867429e-29	NS	DOWN	False	True	3.254029158772267
CACNA1F	0.0080807692307693	0.994616912807662	-5.73701674876847	6.0652325918474e-111	NS	DOWN	False	True	5.745097517999239
CACNA1H	-1.80886538461538	0.0048067757349209	-6.27863596059114	1.30524983468794e-147	NS	DOWN	False	True	4.46977057597576
CACNA1I	1.66746538461539	0.0163209684057943	-4.51727931034483	3.32515238849016e-100	NS	DOWN	False	True	6.18474469496022
CACNA1S	0.532215384615386	0.230080172104554	-2.19017980295567	3.42457535806284e-25	NS	DOWN	False	True	2.722395187571056
CACNA2D1	1.28758076923077	0.0635004950563924	2.63555517241379	1.96995918267171e-161	NS	UP	False	True	-1.34797440318302
CACNA2D2	1.08068846153846	0.068555837144703	-3.53426453201971	1.62766169024052e-158	NS	DOWN	False	True	4.61495299355817
CACNA2D3	1.86865769230769	0.0019459740728337	-1.06448472906404	4.78029538963816e-18	NS	DOWN	False	True	2.93314242137173
CACNB4	2.12612307692308	0.0041074086769831	-3.14213842364532	1.5999902710609302e-73	NS	DOWN	False	True	5.2682615005684
CACNG1	-0.038915384615386	0.95412486801427	-1.4509487684729	5.56705751979998e-06	NS	DOWN	False	True	1.412033383857514
CACNG4	1.72798461538462	0.0543282724715151	-6.23949408866995	6.27158918303427e-122	NS	DOWN	False	True	7.96747870405457
CACNG6	-0.30983076923077	0.665095532061412	3.25679999999999	9.09771888548211e-29	NS	UP	False	True	-3.56663076923076
CACNG7	0.0683923076923101	0.93807773379684	7.93075024630541	6.351767983508589e-129	NS	UP	False	True	-7.8623579386130995
CACNG8	1.41413846153847	0.041677639597789	5.57804433497536	4.51641091648237e-154	NS	UP	False	True	-4.16390587343689
CACYBP	0.803092307692308	0.0142513508891131	1.24417290640394	2.22665379457885e-91	NS	UP	False	True	-0.44108059871163197
CADM2	1.41031538461539	0.205507495261074	-5.48741576354679	2.38639686626616e-91	NS	DOWN	False	True	6.89773114816218
CADM3	2.63679230769231	0.0159916939601342	3.09814581280788	1.22097613139116e-64	NS	UP	False	True	-0.4613535051155697
CADPS	1.27153461538461	0.10120127371594	-1.12537980295567	2.4963667574277803e-15	NS	DOWN	False	True	2.3969144183402804
CALB2	1.12933076923077	0.297745974883302	-4.13905960591133	4.43774981049259e-75	NS	DOWN	False	True	5.2683903751421
CALCB	1.45080384615385	0.148952474691664	-2.09534778325123	2.75858224945373e-12	NS	DOWN	False	True	3.54615162940508
CALHM1	1.74985	0.0088023106288852	3.35294827586207	1.09481484881731e-48	NS	UP	False	True	-1.6030982758620702
CALHM2	0.872200000000001	0.0325658934632174	1.86971330049261	5.66662586204251e-108	NS	UP	False	True	-0.9975133004926091
CALHM4	0.793650000000005	0.0879309170698595	3.03296600985221	2.36956148485646e-14	NS	UP	False	True	-2.2393160098522054
CALHM6	2.16765	0.008093676562534	1.65935714285714	1.12536943120122e-38	NS	UP	False	True	0.50829285714286
CALM3	0.3093	0.135303518582766	2.01143743842364	3.60981905989066e-197	NS	UP	False	True	-1.70213743842364
CALML3	0.459573076923077	0.851127624132845	-11.1194615763547	6.42511725303295e-201	NS	DOWN	False	True	11.579034653277777
CALML5	-0.966907692307692	0.699263224642713	-12.2833118226601	1.48957349443063e-219	NS	DOWN	False	True	11.316404130352407
CALN1	2.53756923076924	0.0088023106288852	-9.44101034482758	8.518918180758111e-188	NS	DOWN	False	True	11.97857957559682
CALR	0.285596153846154	0.180672423053978	2.20856206896552	1.35155784808045e-143	NS	UP	False	True	-1.922965915119366
CALU	0.771815384615386	0.0798360503842119	4.50129901477833	5.34378157921364e-309	NS	UP	False	True	-3.729483630162944
CALY	1.81098846153846	0.111712742325062	-3.10052857142857	1.22225131956575e-26	NS	DOWN	False	True	4.91151703296703
CAMK1	0.984542307692309	0.008054978020685	1.51694532019704	4.86693659385555e-87	NS	UP	False	True	-0.532403012504731
CAMK1D	1.01531153846154	0.0206867473692946	-4.70505566502463	9.24886685088805e-184	NS	DOWN	False	True	5.72036720348617
CAMK2B	1.18705769230769	0.0321583155186862	-1.96653694581281	1.61837843077598e-57	NS	DOWN	False	True	3.1535946381205
CAMK2N1	1.04034230769231	0.0577726966446978	2.49068078817734	1.94259593850006e-119	NS	UP	False	True	-1.4503384804850301
CAMK2N2	-0.729915384615385	0.16460420938261	3.31888620689655	7.724280286022931e-47	NS	UP	False	True	-4.0488015915119355
CAMK4	0.927676923076924	0.271090548283879	2.08937733990148	4.01468433813039e-41	NS	UP	False	True	-1.1617004168245562
CAMKK1	0.0556000000000001	0.889803629423582	-1.71070640394089	7.05147262743148e-107	NS	DOWN	False	True	1.76630640394089
CAMKV	1.15767307692308	0.214029269982106	-4.3623645320197	4.842631266145169e-55	NS	DOWN	False	True	5.52003760894278
CAMP	2.01346538461539	0.097872465587482	-3.54098423645319	1.99126715117699e-24	NS	DOWN	False	True	5.55444962106858
CAMSAP3	-0.256388461538462	0.784064980264051	-10.7697950738916	1.8713349863292198e-229	NS	DOWN	False	True	10.513406612353139
CAND2	1.15875384615385	0.0647300468434763	-1.34259901477833	1.41214575312465e-41	NS	DOWN	False	True	2.50135286093218
CANT1	0.350615384615386	0.276232816194213	1.49375566502463	4.5233523861819397e-128	NS	UP	False	True	-1.143140280409244
CANX	0.932699999999999	0.0054448973687563	2.02566502463054	2.0515266846404898e-168	NS	UP	False	True	-1.092965024630541
CAP1	0.58576538461539	0.0595184592626248	1.39448571428572	4.2935309653887e-153	NS	UP	False	True	-0.8087203296703301
CAP2	0.536726923076923	0.566693861025092	1.21607536945813	6.627404632554329e-30	NS	UP	False	True	-0.6793484463812071
CAPN1	-0.0973384615384632	0.706164246132155	-1.17777241379311	5.77042448978435e-143	NS	DOWN	False	True	1.080433952254647
CAPN11	1.03947307692308	0.0080032937454497	-6.30483251231526	3.07088882977098e-109	NS	DOWN	False	True	7.34430558923834
CAPN12	1.60702307692308	0.0158960525649373	-5.4767763546798	5.969431967452491e-97	NS	DOWN	False	True	7.0837994316028805
CAPN13	0.412176923076924	0.6633807777429	-5.41990492610836	2.62907398162192e-71	NS	DOWN	False	True	5.8320818491852835
CAPN14	2.33327307692308	0.0178409506856195	-1.89564729064039	6.85186766720092e-52	NS	DOWN	False	True	4.22892036756347
CAPN2	0.668776923076921	0.0206221667805253	2.2732275862069	6.4018172103211e-154	NS	UP	False	True	-1.6044506631299789
CAPN3	-0.654234615384617	0.229371871130503	-2.56104137931035	5.39056835783556e-141	NS	DOWN	False	True	1.9068067639257331
CAPN5	1.49268461538461	0.004589861809708	2.82001921182266	6.0524750739871405e-151	NS	UP	False	True	-1.32733459643805
CAPN6	1.50468846153846	0.160221804541308	-2.82349655172413	1.43904932268882e-33	NS	DOWN	False	True	4.32818501326259
CAPN8	0.675596153846156	0.583579739276197	-7.08968522167487	6.521869002486829e-92	NS	DOWN	False	True	7.765281375521026
CAPN9	1.08339615384615	0.389705440390212	-4.02676502463054	8.620335375520809e-40	NS	DOWN	False	True	5.110161178476691
CAPNS1	-0.301349999999999	0.0979374365442276	1.43170049261084	1.1795342576005e-125	NS	UP	False	True	-1.7330504926108392
CAPNS2	0.926096153846155	0.498316819851907	-10.3793379310345	1.9798695989525598e-185	NS	DOWN	False	True	11.305434084880655
CAPRIN1	0.948834615384614	0.0009786887480938	1.18304876847291	4.07804918375503e-144	NS	UP	False	True	-0.23421415308829607
CAPS	1.43409230769231	0.0023461615231694	-1.19594137931034	1.3405514912751598e-57	NS	DOWN	False	True	2.63003368700265
CAPSL	-0.222011538461535	0.774934799769943	8.25400591133003	9.93302095830897e-138	NS	UP	False	True	-8.476017449791565
CAPZA3	-0.117346153846155	0.87920590568379	-8.11687536945812	3.53350649043509e-144	NS	DOWN	False	True	7.999529215611965
CARD10	0.961946153846155	0.0321834471838058	-2.22488965517241	1.8468899998491898e-108	NS	DOWN	False	True	3.1868358090185653
CARD14	-0.380596153846153	0.431690690677309	-6.1425433497537	5.61188549844658e-258	NS	DOWN	False	True	5.761947195907546
CARD17P	1.13441923076923	0.396746056515081	-8.00325615763546	9.47552756881984e-118	NS	DOWN	False	True	9.137675388404691
CARD18	1.32218461538462	0.470813500715495	-12.6399532019704	5.28036201380148e-181	NS	DOWN	False	True	13.96213781735502
CARD6	1.25074615384615	0.0199685826613614	2.3737157635468	4.05338556147325e-123	NS	UP	False	True	-1.1229696097006499
CARHSP1	-0.153457692307692	0.628994502295993	2.0909724137931	7.91167814400515e-174	NS	UP	False	True	-2.244430106100792
CARMIL3	-0.052980769230769	0.912097221031198	-8.3779763546798	7.432041164226391e-186	NS	DOWN	False	True	8.324995585449031
CARNS1	1.37685	0.00120873332768	-2.19508620689655	7.4545549539445e-100	NS	DOWN	False	True	3.5719362068965497
CARTPT	0.359046153846156	0.48679778932681	-1.49011625615763	3.91749024855568e-06	NS	DOWN	False	True	1.849162410003786
CASKIN1	0.506	0.529831821849161	-4.49696650246305	5.7445686455557306e-111	NS	DOWN	False	True	5.0029665024630505
CASKIN2	0.447619230769231	0.0611707938321075	-1.10276354679803	4.63554556886619e-60	NS	DOWN	False	True	1.550382777567261
CASP14	0.814569230769231	0.694287083068103	-13.5389896551724	1.86179317612311e-225	NS	DOWN	False	True	14.353558885941633
CASQ1	0.27443076923077	0.750376806182747	-2.62206650246305	4.795653192404279e-40	NS	DOWN	False	True	2.89649727169382
CASQ2	-0.0017730769230772	0.998726197469466	-4.75311576354679	6.224583633794321e-91	NS	DOWN	False	True	4.751342686623714
CASS4	1.495	0.0026819844347373	1.4546960591133	4.1326616027162395e-30	NS	UP	False	True	0.040303940886700085
CASTOR1	0.446280769230769	0.20943641701599	-1.25752019704433	1.44164213807219e-86	NS	DOWN	False	True	1.7038009662750988
CASZ1	0.900161538461539	0.098571765148154	-8.9067039408867	7.21890097743509e-241	NS	DOWN	False	True	9.80686547934824
CATSPER1	-0.17693076923077	0.826713521337584	2.85393054187192	5.576182327975299e-41	NS	UP	False	True	-3.03086131110269
CATSPER2	1.08375384615385	0.0046404263565041	-1.72205566502463	1.41073553128886e-50	NS	DOWN	False	True	2.80580951117848
CATSPER4	0.0591730769230789	0.888830378788271	-2.42527980295566	8.44580731360841e-25	NS	DOWN	False	True	2.484452879878739
CATSPERB	-0.19413076923077	0.88215203423075	-5.17689261083743	2.0431682290718498e-79	NS	DOWN	False	True	4.98276184160666
CATSPERD	0.152400000000002	0.901996052286364	-1.951960591133	3.98507197409672e-12	NS	DOWN	False	True	2.104360591133002
CATSPERZ	-1.95438461538462	0.119832553668678	-2.76384039408867	3.6973307465501895e-12	NS	DOWN	False	True	0.8094557787040502
CAV3	1.4394576923077	0.0187425010605539	-3.04632561576354	4.7004370153136403e-23	NS	DOWN	False	True	4.48578330807124
CAVIN1	0.984830769230768	0.0159940938778982	1.59769655172414	1.47364321179253e-148	NS	UP	False	True	-0.612865782493372
CAVIN3	0.459480769230766	0.225538392357542	1.69003793103448	9.06248676367922e-68	NS	UP	False	True	-1.230557161803714
CAVIN4	0.797803846153845	0.0822002828816331	2.9093448275862	2.58380109872615e-63	NS	UP	False	True	-2.1115409814323547
CBFA2T3	0.232934615384616	0.644136463280157	-6.85714137931034	1.00280882386647e-148	NS	DOWN	False	True	7.090075994694956
CBLB	0.412353846153847	0.141144796949221	1.16277487684729	6.52531857708096e-58	NS	UP	False	True	-0.7504210306934431
CBLC	0.585073076923077	0.745345212201234	-11.2210177339901	1.4395311072166e-185	NS	DOWN	False	True	11.806090810913178
CBLIF	0.278842307692308	0.71837243535749	1.44515221674877	8.45317317553834e-05	NS	UP	False	True	-1.1663099090564621
CBLN1	1.43859615384615	0.0616294525855957	-5.25178226600984	1.10594555794043e-66	NS	DOWN	False	True	6.690378419855991
CBLN2	0.491630769230769	0.66495365131734	-3.32699704433497	3.50058001634708e-24	NS	DOWN	False	True	3.818627813565739
CBLN3	0.642342307692308	0.0841521716078256	2.93310344827586	1.88651064659272e-137	NS	UP	False	True	-2.2907611405835517
CBS	-1.14851538461539	0.136700646446284	3.87720541871921	6.0952153193845006e-114	NS	UP	False	True	-5.0257208033346
CBX3	1.13728846153846	0.0010406731192977	1.47982561576354	2.3900415010426897e-137	NS	UP	False	True	-0.34253715422508013
CBX4	0.21623846153846	0.416112390076004	-1.0435842364532	1.6599802713999e-48	NS	DOWN	False	True	1.25982269799166
CBX6	0.786973076923075	0.007035589614681	1.98787536945813	1.91599574946357e-119	NS	UP	False	True	-1.200902292535055
CBX7	1.28001153846154	0.0015084855313551	-1.98030443349754	1.2644681906989799e-96	NS	DOWN	False	True	3.2603159719590797
CBX8	0.33446923076923	0.205718510347886	1.81390246305419	3.44419605285342e-113	NS	UP	False	True	-1.47943323228496
CBY2	2.58361153846154	0.0037954192556409	-4.23803546798029	2.06639840232431e-42	NS	DOWN	False	True	6.821647006441831
CC2D1A	0.528765384615383	0.0216234959227167	-1.85256157635468	5.1181636151323e-193	NS	DOWN	False	True	2.381326960970063
CC2D2A	0.442823076923074	0.12168582770363	2.19039901477832	8.65343049207558e-127	NS	UP	False	True	-1.7475759378552462
CC2D2B	-0.512611538461537	0.59640794096456	-2.58663399014778	2.91148984256312e-17	NS	DOWN	False	True	2.0740224516862433
CCBE1	0.804707692307691	0.259003298325034	5.83760985221675	8.01382588971739e-228	NS	UP	False	True	-5.032902159909059
CCDC102B	1.13036538461538	0.0047385076389248	2.63956256157635	1.93343296878954e-104	NS	UP	False	True	-1.50919717696097
CCDC103	0.0319923076923077	0.952744410210852	2.77335911330049	3.46944396008546e-64	NS	UP	False	True	-2.741366805608182
CCDC12	0.0198538461538478	0.906679757844211	-1.19161428571429	6.96286083265952e-120	NS	DOWN	False	True	1.2114681318681377
CCDC120	0.424288461538461	0.209303764150676	-4.58991379310345	1.2656977531383601e-257	NS	DOWN	False	True	5.01420225464191
CCDC127	0.554707692307692	0.0298795417887612	1.20885123152709	2.5891016245892e-94	NS	UP	False	True	-0.654143539219398
CCDC13	0.545615384615385	0.338416825086754	1.90784433497537	2.68293206225403e-71	NS	UP	False	True	-1.362228950359985
CCDC136	0.9618	0.116798759153731	2.82264285714286	3.7041357995891897e-140	NS	UP	False	True	-1.86084285714286
CCDC140	0.572765384615384	0.185168231007569	1.87758719211822	1.68602322198178e-10	NS	UP	False	True	-1.304821807502836
CCDC141	2.06306923076923	0.0154373367278156	-4.43331921182265	1.96296752196685e-75	NS	DOWN	False	True	6.49638844259188
CCDC144NL	1.09023461538462	0.16367687761683	1.59076896551724	8.11125202413254e-12	NS	UP	False	True	-0.5005343501326198
CCDC148	1.21283461538462	0.0266887386080728	1.7013645320197	1.5736975106111198e-26	NS	UP	False	True	-0.48852991663508005
CCDC152	2.15636923076923	0.0035599861463501	1.36310049261084	1.21034082271209e-51	NS	UP	False	True	0.79326873815839
CCDC153	0.466865384615384	0.202248931337427	-1.99226600985222	2.9282060344774102e-67	NS	DOWN	False	True	2.459131394467604
CCDC154	0.35175	0.517790126071028	-2.71647586206897	2.9421800474179002e-62	NS	DOWN	False	True	3.06822586206897
CCDC160	1.68418846153846	0.140976259145911	-2.98597487684728	1.2054028989396501e-20	NS	DOWN	False	True	4.6701633383857395
CCDC166	0.258753846153848	0.71767042143095	-2.95162906403941	2.10330434718241e-26	NS	DOWN	False	True	3.2103829101932577
CCDC168	1.17331923076923	0.0319364749286496	1.12298669950739	7.77472791971086e-10	NS	UP	False	True	0.0503325312618399
CCDC169	-0.490284615384615	0.60636129544691	5.67081182266009	1.77469732830516e-94	NS	UP	False	True	-6.161096438044705
CCDC169-SOHLH2	1.17050384615385	0.224989972290639	2.92459261083743	2.2801043948425702e-20	NS	UP	False	True	-1.75408876468358
CCDC17	0.690026923076923	0.141204370012077	-2.90811871921182	1.9326982067836602e-132	NS	DOWN	False	True	3.598145642288743
CCDC170	1.80745384615385	0.0049012564312378	2.46799261083743	4.727479911235651e-47	NS	UP	False	True	-0.6605387646835801
CCDC178	1.35031538461539	0.182035981724406	-6.11299310344827	7.88902276139759e-77	NS	DOWN	False	True	7.46330848806366
CCDC18	1.22558076923077	0.0114952488051285	1.62247142857143	3.9047070268147e-65	NS	UP	False	True	-0.3968906593406598
CCDC181	2.41396153846154	0.0134101365115492	2.27435418719211	2.78913301656093e-31	NS	UP	False	True	0.1396073512694298
CCDC183	0.727811538461538	0.048816028677229	-1.81608768472907	2.8823199735171203e-58	NS	DOWN	False	True	2.543899223190608
CCDC184	-0.113173076923077	0.874723800265813	1.38426157635468	2.57691524005794e-50	NS	UP	False	True	-1.497434653277757
CCDC188	0.141730769230769	0.813178043369173	2.0439921182266	2.1581102632657e-33	NS	UP	False	True	-1.9022613489958309
CCDC190	1.35863846153847	0.0606465865883387	3.98601083743841	4.1902556122657e-38	NS	UP	False	True	-2.62737237589994
CCDC194	3.21534615384616	0.0028456043137413	-1.54032660098523	1.1126903750386e-08	NS	DOWN	False	True	4.75567275483139
CCDC25	1.08138076923077	0.001949701668928	1.6053275862069	1.9531697994118e-151	NS	UP	False	True	-0.5239468169761301
CCDC28A-AS1	0.684484615384615	0.157752604388808	1.48941674876847	2.72419245724866e-24	NS	UP	False	True	-0.8049321333838549
CCDC28B	0.163057692307693	0.672555151943585	1.28993054187192	4.56598038817805e-88	NS	UP	False	True	-1.126872849564227
CCDC3	0.579034615384616	0.360934040708855	-5.5722724137931	1.0893524522442e-155	NS	DOWN	False	True	6.151307029177716
CCDC43	0.655173076923077	0.008796640606314	1.22991871921182	4.15317477641585e-109	NS	UP	False	True	-0.5747456422887429
CCDC50	1.36225769230769	0.001032051697457	1.51009852216749	7.34786639586393e-139	NS	UP	False	True	-0.14784082985980018
CCDC51	0.0123961538461526	0.966082941015957	1.11647192118226	2.09575150264497e-66	NS	UP	False	True	-1.1040757673361075
CCDC54	1.56392307692308	0.0749297385578807	6.71712413793102	6.49450116541249e-105	NS	UP	False	True	-5.153201061007939
CCDC60	1.10845769230769	0.134536288066741	-4.05175763546797	3.21744624585532e-45	NS	DOWN	False	True	5.16021532777566
CCDC63	0.328969230769236	0.696038056236583	-3.9971330049261	1.39640532061567e-47	NS	DOWN	False	True	4.326102235695336
CCDC68	2.29617307692308	0.0013082439016691	1.7299433497537	3.64873464860435e-47	NS	UP	False	True	0.5662297271693799
CCDC71L	0.408311538461537	0.216913128958651	3.71286748768473	2.32314768293572e-173	NS	UP	False	True	-3.304555949223193
CCDC74B	-0.0839576923076925	0.8778099094002	1.60240147783251	6.264880885332749e-40	NS	UP	False	True	-1.6863591701402025
CCDC78	-0.467680769230768	0.327260757990785	1.63021527093596	6.870180963738601e-86	NS	UP	False	True	-2.097896040166728
CCDC8	1.10538076923077	0.118965904690524	2.38528669950739	4.67327090511001e-87	NS	UP	False	True	-1.27990593027662
CCDC85B	-0.513596153846154	0.092892725762857	1.28430443349754	5.27846599183973e-76	NS	UP	False	True	-1.797900587343694
CCDC85C	-0.150453846153846	0.675592183682573	-3.9375842364532	2.61545319930734e-191	NS	DOWN	False	True	3.787130390299354
CCDC87	0.553307692307693	0.2921978884732	1.57699999999999	4.9991536398904396e-30	NS	UP	False	True	-1.023692307692297
CCDC88B	0.711273076923077	0.043773927156535	-1.56681625615764	1.02813953009176e-91	NS	DOWN	False	True	2.278089333080717
CCDC88C	0.222073076923077	0.605811520449637	-6.49220197044335	1.64898296822897e-197	NS	DOWN	False	True	6.714275047366427
CCDC89	0.787153846153847	0.401206632278343	2.84121921182266	5.7708282882337e-86	NS	UP	False	True	-2.054065365668813
CCDC92	0.150665384615385	0.523713346416741	1.55770197044335	2.10575932989617e-134	NS	UP	False	True	-1.407036585827965
CCER2	1.68735769230769	0.0448684651871363	-4.70938571428571	6.215079719407411e-85	NS	DOWN	False	True	6.3967434065934
CCIN	1.52572692307692	0.0129258835933372	4.01145960591132	1.41484473282314e-59	NS	UP	False	True	-2.4857326828343997
CCKBR	2.03540769230769	0.0470069764777778	-6.30519605911329	2.30733936226764e-94	NS	DOWN	False	True	8.34060375142098
CCL11	1.44248846153846	0.0697794492236797	4.68202068965516	9.19800530208372e-38	NS	UP	False	True	-3.2395322281167003
CCL13	1.11714615384615	0.0694516899159253	2.59539507389163	3.4995542639415896e-33	NS	UP	False	True	-1.47824892004548
CCL14	-1.34995769230769	0.158927316124335	-8.29649852216749	2.54008887270198e-156	NS	DOWN	False	True	6.946540829859799
CCL15	0.0347076923076948	0.978614993069614	-2.63929064039408	3.30245366347329e-21	NS	DOWN	False	True	2.6739983327017747
CCL15-CCL14	-0.104538461538463	0.939978373682959	-7.79596748768471	6.627390707172909e-116	NS	DOWN	False	True	7.691429026146246
CCL16	1.37598461538462	0.112690739679536	-6.15863990147782	5.12525065896065e-101	NS	DOWN	False	True	7.53462451686244
CCL17	0.301615384615385	0.478670391247544	-8.03211379310344	3.50521145341335e-106	NS	DOWN	False	True	8.333729177718824
CCL18	-0.870215384615384	0.175671799996216	-6.67804285714285	2.03729371968735e-76	NS	DOWN	False	True	5.807827472527466
CCL19	-1.19419230769231	0.325967675873156	-9.32878374384236	2.76469096428101e-109	NS	DOWN	False	True	8.13459143615005
CCL2	1.37085	0.0040870602635027	3.16670147783251	8.63953672971687e-77	NS	UP	False	True	-1.7958514778325103
CCL20	0.611761538461539	0.503231632506415	1.44317142857143	1.99501969573993e-06	NS	UP	False	True	-0.8314098901098911
CCL21	0.628088461538461	0.524435633761166	-7.79031477832512	2.60206436679499e-130	NS	DOWN	False	True	8.418403239863581
CCL22	-0.241988461538462	0.731472490808401	-7.8714	6.04605903060931e-134	NS	DOWN	False	True	7.629411538461539
CCL23	0.674826923076923	0.421012214820843	-9.9246541871921	9.71909888840234e-163	NS	DOWN	False	True	10.599481110269023
CCL24	1.38989230769231	0.236750121828436	-2.82225418719212	2.27667802935175e-14	NS	DOWN	False	True	4.21214649488443
CCL25	3.08727692307693	0.003963220804346	1.98436256157635	1.59975873715121e-08	NS	UP	False	True	1.10291436150058
CCL27	0.780057692307692	0.22109891516736	-13.4349098522167	1.02796790560233e-172	NS	DOWN	False	True	14.214967544524391
CCL28	0.599096153846154	0.0734459558940331	-2.11432857142857	1.92579667534373e-102	NS	DOWN	False	True	2.7134247252747237
CCL3	-0.0790923076923087	0.894717215582044	-4.74838916256157	3.6148405241715597e-42	NS	DOWN	False	True	4.669296854869261
CCL3L3	0.200053846153846	0.828173201832642	1.20259950738916	0.0004672352149141	NS	UP	False	True	-1.002545661235314
CCL4	0.986423076923076	0.0938864391960585	-5.31321428571427	1.89321435274514e-60	NS	DOWN	False	True	6.2996373626373465
CCL4L2	0.314873076923076	0.755720714382236	-1.90656009852217	2.35177858965523e-07	NS	DOWN	False	True	2.221433175445246
CCL5	0.106365384615385	0.877102233328168	-4.17136600985221	9.67309710251444e-57	NS	DOWN	False	True	4.277731394467595
CCL7	2.19437307692308	0.0473006591927426	8.90474236453201	2.4537763723439597e-134	NS	UP	False	True	-6.7103692876089305
CCL8	1.51455	0.0085996053818669	1.76064137931034	4.14980956329416e-13	NS	UP	False	True	-0.24609137931033986
CCM2L	0.25405	0.443719692670892	-8.62957635467979	5.83082026596957e-153	NS	DOWN	False	True	8.88362635467979
CCN1	1.26714615384615	0.0228874649788108	3.27088226600986	4.5550140673176e-138	NS	UP	False	True	-2.0037361121637103
CCN3	-0.0912538461538466	0.921386228110486	-1.83516896551724	1.82779025810854e-50	NS	DOWN	False	True	1.7439151193633935
CCN6	2.27214230769231	0.0171351991901891	-3.40861527093596	8.38346869133259e-102	NS	DOWN	False	True	5.6807575786282705
CCNA2	0.816111538461538	0.026980920964352	2.28700935960591	4.63543788125398e-66	NS	UP	False	True	-1.4708978211443717
CCNB1	0.0989230769230769	0.787349112643119	1.91326650246305	2.54262106772463e-36	NS	UP	False	True	-1.814343425539973
CCNI2	0.396092307692308	0.431561087746598	-4.12827192118227	2.22999934057693e-72	NS	DOWN	False	True	4.524364228874578
CCNJL	0.477823076923077	0.535334047902372	-1.49284926108374	1.33696419158894e-19	NS	DOWN	False	True	1.9706723380068172
CCNO	0.90755	0.257348604032195	-3.60126699507389	6.52584133837018e-106	NS	DOWN	False	True	4.5088169950738894
CCNY	0.477773076923075	0.0912885627660274	1.04473990147783	1.0040667709448601e-111	NS	UP	False	True	-0.566966824554755
CCNYL1	0.992384615384616	0.001844644324014	1.87175665024631	5.99759394767324e-160	NS	UP	False	True	-0.8793720348616941
CCR10	0.215992307692308	0.790242348424475	1.41358522167488	4.83772481369481e-60	NS	UP	False	True	-1.197592913982572
CCR2	1.90876153846154	0.0010893259319621	-7.09415172413792	2.25431770193391e-134	NS	DOWN	False	True	9.00291326259946
CCR3	1.08691923076923	0.266949011379914	-7.66837931034482	2.63426529210499e-129	NS	DOWN	False	True	8.75529854111405
CCR4	1.70441153846154	0.0098218970278079	-5.63791871921181	1.07429805835789e-105	NS	DOWN	False	True	7.34233025767335
CCR5	1.50704615384615	0.0112900099059181	-6.03822167487684	2.33865570596517e-140	NS	DOWN	False	True	7.54526782872299
CCR6	1.01649230769231	0.169543938584449	-5.77429162561575	3.82029201916113e-86	NS	DOWN	False	True	6.79078393330806
CCR7	-0.153026923076923	0.814657062661638	1.59469014778325	6.3344488683956195e-40	NS	UP	False	True	-1.747717070860173
CCR8	2.2162	0.0056289060644453	-3.4106724137931	2.58107415802751e-38	NS	DOWN	False	True	5.6268724137931
CCR9	1.72403461538462	0.018609900172518	-2.94039704433497	9.92181426532116e-29	NS	DOWN	False	True	4.66443165971959
CCRL2	0.721669230769231	0.0682086005091349	-4.74689901477832	7.03344192242117e-64	NS	DOWN	False	True	5.468568245547551
CCSAP	1.06557307692308	0.0170514633275525	-2.15476896551724	3.47003007663713e-143	NS	DOWN	False	True	3.22034204244032
CCSER1	0.84499230769231	0.47005570311351	-8.8009172413793	1.81954932970157e-175	NS	DOWN	False	True	9.645909549071611
CCT2	0.704703846153847	0.0048851391653839	1.0510433497537	1.0744038675947399e-103	NS	UP	False	True	-0.346339503599853
CCT5	0.435288461538461	0.0821677387868756	1.40735911330049	1.54895539954235e-126	NS	UP	False	True	-0.9720706517620289
CD101	0.776892307692308	0.0761743352000334	-3.07419113300493	3.84005076522976e-62	NS	DOWN	False	True	3.851083440697238
CD109	0.777061538461538	0.145052214149548	2.59199655172413	2.17261105405144e-161	NS	UP	False	True	-1.8149350132625919
CD14	1.07465	0.0162122821261058	-1.23654137931035	1.19577744473295e-26	NS	DOWN	False	True	2.3111913793103502
CD151	0.499573076923075	0.139815226156211	1.80612167487685	1.78621565355448e-163	NS	UP	False	True	-1.306548597953775
CD160	1.68558076923077	0.0174888237429507	2.38973251231527	1.52416827370192e-49	NS	UP	False	True	-0.7041517430845001
CD164L2	-0.445411538461537	0.748281469739473	-11.6238482758621	1.55920255373519e-203	NS	DOWN	False	True	11.178436737400563
CD180	1.42124615384615	0.0024849152877454	-3.38273694581281	3.58385429340984e-51	NS	DOWN	False	True	4.80398309965896
CD1A	0.345361538461538	0.73255884812342	-11.8731610837438	8.16452464770894e-266	NS	DOWN	False	True	12.218522622205338
CD1B	0.760388461538464	0.478016987950533	-5.48299408866994	6.92616186406146e-73	NS	DOWN	False	True	6.243382550208405
CD1C	0.322057692307693	0.598765145109596	-10.0234275862069	2.08663768551267e-198	NS	DOWN	False	True	10.345485278514593
CD1E	0.918065384615384	0.239224534704209	-10.2594256157635	6.43759400673933e-243	NS	DOWN	False	True	11.177491000378884
CD2	0.944226923076923	0.143141981841428	-7.29256157635466	1.04945945564484e-137	NS	DOWN	False	True	8.236788499431583
CD200	1.77738461538462	0.0019051374869928	-3.10344926108375	1.0842463990004099e-71	NS	DOWN	False	True	4.88083387646837
CD207	-0.0545576923076925	0.95515060900518	-12.5348019704433	1.65210942304262e-226	NS	DOWN	False	True	12.480244278135608
CD209	0.841142307692308	0.08797035575217	-6.4848078817734	3.1078497465415102e-117	NS	DOWN	False	True	7.325950189465708
CD24	1.85167692307692	0.116155108233897	-5.29003300492611	1.27372818754401e-162	NS	DOWN	False	True	7.1417099280030305
CD244	0.761388461538462	0.254391079272625	-5.66751674876846	2.14642095083711e-105	NS	DOWN	False	True	6.4289052103069215
CD247	0.610023076923077	0.260364631206682	-5.58836502463054	1.42236926906686e-86	NS	DOWN	False	True	6.198388101553617
CD248	0.148426923076923	0.713069908725186	3.52491428571429	2.61809563038486e-146	NS	UP	False	True	-3.376487362637367
CD274	1.59734230769231	0.0040149899178775	1.22041724137931	1.09111596871426e-29	NS	UP	False	True	0.37692506631299993
CD276	0.330434615384616	0.304329082188643	1.34599014778325	1.44424266606143e-108	NS	UP	False	True	-1.015555532398634
CD28	1.44879615384615	0.0042187944511299	-2.3642566502463	4.15343486296558e-32	NS	DOWN	False	True	3.8130528040924503
CD300A	1.30820384615385	0.0017825792301517	-7.33995172413793	5.10796478765803e-113	NS	DOWN	False	True	8.648155570291781
CD300C	0.917573076923077	0.0798360503842119	-5.31973004926107	1.26867000664274e-76	NS	DOWN	False	True	6.2373031261841465
CD300E	0.793711538461538	0.188135487877919	-5.71580738916255	5.43885935561713e-110	NS	DOWN	False	True	6.509518927624088
CD300LB	1.07011538461539	0.0240072503568537	-4.44701527093596	1.27249066958047e-69	NS	DOWN	False	True	5.51713065555135
CD300LF	0.767892307692308	0.0817994675841005	-3.65560394088669	4.5029446378890403e-35	NS	DOWN	False	True	4.423496248578998
CD300LG	0.719246153846154	0.423916257855966	-7.70043546798029	6.9047902746287995e-127	NS	DOWN	False	True	8.419681621826443
CD320	0.143811538461538	0.598497781465183	1.62650886699508	2.35329670563647e-91	NS	UP	False	True	-1.482697328533542
CD34	0.538438461538463	0.0698121549053931	-4.60099507389162	2.24083404296182e-107	NS	DOWN	False	True	5.139433535430083
CD36	1.59788846153846	0.0088092374959218	-3.14617783251232	1.9430363409368002e-62	NS	DOWN	False	True	4.74406629405078
CD37	0.215311538461537	0.612907095803037	-2.85306403940887	2.28655959202077e-118	NS	DOWN	False	True	3.068375577870407
CD38	2.38648461538462	0.0011088562045215	-1.84340689655172	1.81504036740478e-17	NS	DOWN	False	True	4.22989151193634
CD3D	0.469080769230769	0.468031241448381	-8.27336502463053	1.61837126443719e-125	NS	DOWN	False	True	8.7424457938613
CD3E	0.334653846153846	0.611295491651152	-8.0189857142857	9.97407552450051e-134	NS	DOWN	False	True	8.353639560439547
CD3G	1.75094615384615	0.0197194560936371	-5.92048128078816	6.17185884660538e-107	NS	DOWN	False	True	7.67142743463431
CD4	1.00737692307692	0.0180050761118527	-2.75849852216749	1.53226014173581e-79	NS	DOWN	False	True	3.76587544524441
CD40LG	0.895930769230769	0.110035103908322	-6.27645024630541	2.2626267226528e-123	NS	DOWN	False	True	7.172381015536179
CD48	0.992396153846154	0.0396370993893579	-5.3475448275862	2.81918074107199e-63	NS	DOWN	False	True	6.3399409814323535
CD5	0.690507692307692	0.275265196769916	-6.24957438423645	7.90115098472891e-123	NS	DOWN	False	True	6.940082076544142
CD52	0.30176923076923	0.551844609162343	-7.40628177339901	6.07882225122077e-88	NS	DOWN	False	True	7.708051004168239
CD53	1.36931538461538	0.0033420598634313	-5.08210492610837	1.29848995014877e-89	NS	DOWN	False	True	6.4514203107237496
CD55	1.12193461538461	0.0133979891789095	-1.0019842364532	1.2063690507622e-51	NS	DOWN	False	True	2.12391885183781
CD59	0.90778076923077	0.0151350917414241	1.92759458128079	3.85522260957422e-144	NS	UP	False	True	-1.01981381205002
CD5L	-1.97954615384615	0.0778966768331549	-1.39859852216748	5.39615641461321e-07	NS	DOWN	False	True	-0.5809476316786701
CD6	0.649342307692307	0.25987819340432	-7.32582709359605	1.49435852183701e-132	NS	DOWN	False	True	7.975169401288357
CD63	-0.130026923076922	0.617529194958799	2.38225418719212	4.2766822463203595e-208	NS	UP	False	True	-2.512281110269042
CD68	-0.243607692307691	0.632828543561368	3.84210295566502	1.202147466388e-76	NS	UP	False	True	-4.085710647972711
CD74	0.633626923076919	0.256880883120973	-7.50281724137931	2.92150377872028e-285	NS	DOWN	False	True	8.136444164456229
CD79B	0.716107692307692	0.179893375882788	-3.55195320197044	8.683484781175501e-61	NS	DOWN	False	True	4.268060894278132
CD80	1.94091153846154	0.0019338485369418	-2.35010197044335	6.419728818767339e-16	NS	DOWN	False	True	4.29101350890489
CD83	-0.061765384615386	0.880087795429901	-1.16556650246306	3.55118087268723e-32	NS	DOWN	False	True	1.1038011178476739
CD84	1.46566923076923	0.0030483856454213	-7.18428522167487	3.69379183334337e-148	NS	DOWN	False	True	8.6499544524441
CD86	1.35854230769231	0.0021504429869108	-8.05422463054186	1.1863441715772401e-157	NS	DOWN	False	True	9.41276693823417
CD8A	0.891769230769231	0.25727484195279	-6.83649901477832	4.636861040115151e-120	NS	DOWN	False	True	7.728268245547551
CD8B	0.786138461538462	0.361689360098607	-7.97009113300492	5.50876988963763e-144	NS	DOWN	False	True	8.756229594543383
CD8B2	0.237553846153848	0.848123582670298	-6.59245467980294	3.98763433090926e-81	NS	DOWN	False	True	6.830008525956789
CD9	0.655588461538463	0.0854893557487224	-4.12840935960591	1.90461307335065e-165	NS	DOWN	False	True	4.783997821144373
CD93	0.777457692307692	0.0155271855343896	-6.94762019704433	7.86626049353989e-231	NS	DOWN	False	True	7.725077889352022
CD96	1.21176153846154	0.0535031834623974	-5.7035172413793	3.31273976004863e-80	NS	DOWN	False	True	6.915278779840841
CD99	0.0263153846153852	0.93450046874481	1.32534433497537	3.56034808629527e-146	NS	UP	False	True	-1.2990289503599848
CD99L2	0.330542307692308	0.25843769293532	2.23352955665025	1.99628116011424e-182	NS	UP	False	True	-1.9029872489579422
CDC14A	1.85915769230769	0.0013629801273294	-1.31168177339901	1.19771993997232e-81	NS	DOWN	False	True	3.1708394657067
CDC14B	0.988453846153846	0.0025506421989036	2.70870689655172	5.24909726454278e-162	NS	UP	False	True	-1.720253050397874
CDC14C	0.915588461538462	0.280022833498057	3.00134039408866	3.40406272810549e-29	NS	UP	False	True	-2.085751932550198
CDC20B	1.05427307692308	0.221905083072963	2.30795467980295	7.35227751575397e-21	NS	UP	False	True	-1.25368160287987
CDC25A	-0.305742307692307	0.406507059663972	2.0257197044335	2.84199747439487e-59	NS	UP	False	True	-2.331462012125807
CDC25B	0.158265384615383	0.59519366873355	1.23983743842365	8.889391471955409e-70	NS	UP	False	True	-1.081572053808267
CDC42BPA	0.864084615384615	0.0307670859080122	1.75877290640394	2.20928603389726e-142	NS	UP	False	True	-0.8946882910193249
CDC42BPG	0.454211538461539	0.503417163060382	-8.76764532019704	1.44292087419237e-224	NS	DOWN	False	True	9.22185685865858
CDC42EP2	0.211057692307691	0.526349011385095	2.73758522167488	3.5370485259515904e-113	NS	UP	False	True	-2.526527529367189
CDC42EP3	0.576234615384615	0.142528417709433	3.65898275862069	9.08307037063267e-178	NS	UP	False	True	-3.082748143236075
CDC42EP5	1.14116923076923	0.0106349362456821	2.3788684729064	3.2397683549143597e-158	NS	UP	False	True	-1.23769924213717
CDC45	-0.22505	0.470844693767727	1.25957832512315	8.96956952345797e-14	NS	UP	False	True	-1.48462832512315
CDC6	0.308507692307692	0.524536852344117	2.53952266009852	1.03182339982279e-64	NS	UP	False	True	-2.231014967790828
CDC7	0.89601923076923	0.0206927552948713	1.19097487684729	4.0060486669328494e-42	NS	UP	False	True	-0.29495564607806013
CDCA2	0.206457692307693	0.688101400943005	2.46268522167488	7.80662759057781e-66	NS	UP	False	True	-2.256227529367187
CDCP2	0.72679230769231	0.445787845639767	-2.84568719211822	5.778858653915301e-20	NS	DOWN	False	True	3.57247949981053
CDH1	-0.476973076923078	0.602994124079498	-7.86459014778325	7.12907754845428e-222	NS	DOWN	False	True	7.3876170708601725
CDH10	2.09186923076923	0.0061872762966141	4.51934778325122	9.09962426779834e-57	NS	UP	False	True	-2.42747855248199
CDH11	1.73055384615385	0.0010399511119792	4.77768275862069	7.27476149814844e-190	NS	UP	False	True	-3.04712891246684
CDH12	0.56955384615385	0.628743650185645	-6.03378472906403	6.62606241147918e-98	NS	DOWN	False	True	6.60333857521788
CDH13	1.57688461538461	0.0012922790317053	1.10417980295567	9.225006199343721e-31	NS	UP	False	True	0.47270481242894014
CDH15	0.484096153846154	0.575745943974104	1.21440591133005	4.62930202885875e-08	NS	UP	False	True	-0.730309757483896
CDH16	0.594461538461543	0.526620969712269	-3.16128226600985	6.49460942804538e-30	NS	DOWN	False	True	3.7557438044713933
CDH22	1.63957307692308	0.088107076053081	-8.96877142857142	1.8564921812065002e-184	NS	DOWN	False	True	10.6083445054945
CDH23	0.500676923076923	0.22026793919957	-3.38298128078818	5.25551522768679e-115	NS	DOWN	False	True	3.883658203865103
CDH26	0.687480769230769	0.184394934342752	-2.34160985221675	3.32990706838508e-63	NS	DOWN	False	True	3.0290906214475193
CDH3	-1.00462692307693	0.132046641419048	-7.11982118226601	4.97821089535356e-149	NS	DOWN	False	True	6.11519425918908
CDH4	0.657511538461539	0.401308996590849	2.55572413793104	7.2578056527001096e-62	NS	UP	False	True	-1.8982125994695012
CDH5	0.517834615384616	0.0929678209419953	-6.88914433497537	1.95458104613391e-215	NS	DOWN	False	True	7.406978950359986
CDH7	0.799619230769233	0.567799401402417	-1.58655911330049	1.0235999820255501e-14	NS	DOWN	False	True	2.386178344069723
CDH8	1.82503461538462	0.031293853247754	-2.80381379310345	2.66945758412106e-22	NS	DOWN	False	True	4.62884840848807
CDHR1	0.0399153846153852	0.970983021886444	-10.875321182266	3.24551857888902e-266	NS	DOWN	False	True	10.915236566881385
CDHR3	0.488119230769231	0.245129169981361	1.95584236453202	1.9002132452855e-91	NS	UP	False	True	-1.467723133762789
CDHR4	1.30714230769231	0.114405856601402	-2.80456650246305	2.13650004758883e-34	NS	DOWN	False	True	4.11170881015536
CDHR5	0.950384615384618	0.288654875713011	-1.92143103448275	6.10911959122716e-24	NS	DOWN	False	True	2.871815649867368
CDK1	0.537576923076924	0.201475596746026	1.16322906403941	1.20524962568475e-14	NS	UP	False	True	-0.6256521409624861
CDK11A	0.328992307692308	0.155371989300493	-1.00178177339902	6.58380010752751e-49	NS	DOWN	False	True	1.330774081091328
CDK15	0.221565384615385	0.838656769280408	3.28886847290641	3.20056949692245e-116	NS	UP	False	True	-3.067303088291025
CDK18	0.796042307692307	0.107247666804843	-2.86920049261084	8.21644585337241e-99	NS	DOWN	False	True	3.665242800303147
CDK2AP1	0.410626923076925	0.0885824012999087	1.50783990147782	6.71080002062021e-141	NS	UP	False	True	-1.097212978400895
CDK4	0.0669653846153837	0.808646345021096	1.43516551724138	1.2276672332255801e-154	NS	UP	False	True	-1.3682001326259963
CDK5R2	0.162773076923077	0.865813438536691	1.88334137931034	4.37169711811581e-14	NS	UP	False	True	-1.7205683023872629
CDKL1	1.9083	0.0019330902159889	1.69902660098522	5.86368178231397e-46	NS	UP	False	True	0.20927339901478015
CDKL4	1.40005769230769	0.1635658580839	3.05597832512315	1.57773565393043e-24	NS	UP	False	True	-1.6559206328154599
CDKN1A	0.43524615384615	0.25605854808488	1.28866945812808	4.61285142348908e-47	NS	UP	False	True	-0.8534233042819299
CDKN1B	1.11391923076923	0.0012831495114485	-1.26195024630542	4.89325775078869e-75	NS	DOWN	False	True	2.37586947707465
CDKN1C	0.25721923076923	0.600790794298961	-1.4531684729064	3.3501166854856995e-31	NS	DOWN	False	True	1.71038770367563
CDKN2A	-1.02454230769231	0.160937935852268	5.04622068965517	2.9519680659293e-163	NS	UP	False	True	-6.07076299734748
CDKN3	-0.078034615384615	0.833935929636731	2.45344926108375	2.67432025679156e-45	NS	UP	False	True	-2.531483876468365
CDR2	0.67785	0.0294365060612135	2.12728078817734	2.0356802232646e-164	NS	UP	False	True	-1.4494307881773403
CDR2L	0.548915384615384	0.152280043736907	2.26511477832512	1.98128505427757e-167	NS	UP	False	True	-1.716199393709736
CDRT4	1.64432692307692	0.0582369127166559	-1.5909921182266	3.85821598921845e-52	NS	DOWN	False	True	3.23531904130352
CDS1	0.806542307692308	0.22878221280074	-7.52776600985221	4.33283281124608e-236	NS	DOWN	False	True	8.334308317544519
CDS2	0.0952346153846184	0.701370482650061	1.1579197044335	5.83595465844238e-114	NS	UP	False	True	-1.0626850890488815
CDSN	-1.24103461538462	0.577872400829633	-14.0890556650246	9.99714759012383e-163	NS	DOWN	False	True	12.84802104963998
CDV3	0.716353846153848	0.0032643795156245	1.60054581280788	4.59280970615936e-146	NS	UP	False	True	-0.884191966654032
CDX1	0.87053076923077	0.25110528094867	3.38976206896551	3.45173640697593e-41	NS	UP	False	True	-2.5192312997347397
CDX4	1.18254230769231	0.0137463948141039	-8.18669507389161	5.23749856376865e-168	NS	DOWN	False	True	9.36923738158392
CDYL2	1.12161538461538	0.0136573890429843	1.84864975369458	2.47572963704855e-100	NS	UP	False	True	-0.7270343690792
CEACAM1	-0.886953846153847	0.135349144826072	-3.18821379310345	2.6914920517657e-76	NS	DOWN	False	True	2.301259946949603
CEACAM19	1.06340384615385	0.0774553515096178	-1.55764285714286	1.91596192965371e-106	NS	DOWN	False	True	2.62104670329671
CEACAM21	1.41240769230769	0.0269623998113163	-6.06617093596058	5.78544127707231e-93	NS	DOWN	False	True	7.47857862826827
CEACAM3	-0.242215384615382	0.793166619702248	-2.48546551724137	5.15124852806733e-16	NS	DOWN	False	True	2.243250132625988
CEACAM4	1.03946923076923	0.109960911901788	-4.83292463054186	3.17869368767217e-47	NS	DOWN	False	True	5.87239386131109
CEACAM5	-0.585984615384615	0.720329286836096	-4.68699704433497	2.00237239392002e-68	NS	DOWN	False	True	4.101012428950355
CEACAM6	0.544403846153847	0.723532504734445	-5.08381625615763	1.42344495667328e-92	NS	DOWN	False	True	5.628220102311477
CEACAM7	-0.375661538461536	0.724688039183812	-6.56670738916255	1.06739992649863e-96	NS	DOWN	False	True	6.191045850701014
CEBPA	0.464438461538462	0.369237876144895	-7.75442561576355	3.1629142793452498e-255	NS	DOWN	False	True	8.218864077302012
CEBPE	1.46878846153846	0.0740541342402852	-1.49152561576355	9.239975296927901e-10	NS	DOWN	False	True	2.96031407730201
CEBPZOS	0.791961538461538	0.003943903789415	1.09079901477832	2.58527063671445e-118	NS	UP	False	True	-0.2988374763167819
CECR2	0.84146153846154	0.280107693330952	-6.36751625615763	2.88300115052395e-130	NS	DOWN	False	True	7.20897779461917
CELF2	0.495357692307693	0.19665685120115	1.31652463054187	2.23555967351413e-32	NS	UP	False	True	-0.8211669382341771
CELF3	1.39592692307693	0.0527888358855564	-1.89351083743842	6.3467104700244e-13	NS	DOWN	False	True	3.2894377605153498
CELF4	0.32667307692308	0.690754685043305	-3.16637339901477	3.14860213960426e-51	NS	DOWN	False	True	3.49304647593785
CELF5	-0.845946153846153	0.308940222695483	-2.94614285714285	1.1229767489872699e-42	NS	DOWN	False	True	2.100196703296697
CELF6	0.709380769230769	0.164431793479348	-1.64077832512315	1.77000334621808e-34	NS	DOWN	False	True	2.350159094353919
CELSR1	0.0989346153846151	0.872984727165413	-8.37030492610837	3.9879438644175996e-244	NS	DOWN	False	True	8.469239541492984
CELSR2	0.283207692307693	0.387711912093247	-7.70798522167488	1.22753308173186e-277	NS	DOWN	False	True	7.991192913982573
CEMIP	1.21844230769231	0.0324924009542256	4.65829113300493	2.71612957456152e-120	NS	UP	False	True	-3.4398488253126196
CEMIP2	0.772580769230772	0.0330138960035783	1.08041674876848	3.4785268571706e-51	NS	UP	False	True	-0.3078359795377079
CEND1	0.0008807692307697	1.0	3.05848275862069	5.801955789607e-92	NS	UP	False	True	-3.0576019893899202
CENPBD1P	0.631634615384615	0.071800092817749	1.21259064039409	1.4321525579185702e-60	NS	UP	False	True	-0.5809560250094751
CENPE	1.55600384615385	0.0015610962855038	2.70794482758621	1.64635572699763e-82	NS	UP	False	True	-1.1519409814323602
CENPF	0.692630769230769	0.116057012045713	1.25271231527093	1.5436207420536199e-18	NS	UP	False	True	-0.560081546040161
CENPI	0.433538461538462	0.270672369313862	2.46118916256158	1.62509747988941e-59	NS	UP	False	True	-2.0276507010231177
CENPK	1.32036923076923	0.0053553913817633	2.33882906403941	7.50314726775869e-60	NS	UP	False	True	-1.0184598332701797
CENPL	0.732811538461538	0.0356929451369663	1.54640541871921	1.9279816770933e-86	NS	UP	False	True	-0.813593880257672
CENPN	0.652676923076922	0.0772952607985459	2.26570344827586	1.84761766456122e-87	NS	UP	False	True	-1.6130265251989377
CENPO	0.225861538461539	0.372846313844246	1.1225724137931	9.1016471354655e-58	NS	UP	False	True	-0.8967108753315609
CENPP	0.812511538461539	0.0146672093395476	-1.68451330049261	6.75263690916094e-84	NS	DOWN	False	True	2.497024838954149
CENPS	0.664899999999999	0.0439202644700119	2.30015369458128	1.2940523376522e-145	NS	UP	False	True	-1.635253694581281
CENPS-CORT	-0.181419230769231	0.587248005999539	1.5177802955665	5.25988905462968e-25	NS	UP	False	True	-1.6991995263357311
CENPT	0.484926923076923	0.0232752612388842	-1.74937142857143	9.23999225257153e-130	NS	DOWN	False	True	2.234298351648353
CENPW	-0.165026923076923	0.540141642144595	1.01547832512315	4.2536757968702e-16	NS	UP	False	True	-1.180505248200073
CEP112	1.27909615384615	0.0037882894273674	1.21497684729064	6.68125011864934e-71	NS	UP	False	True	0.06411930655551012
CEP170B	-0.182873076923077	0.573475047418137	-1.56292857142857	4.84329470186715e-121	NS	DOWN	False	True	1.3800554945054928
CEP19	0.9699	0.0050680344971114	2.68537044334976	4.68602373020949e-114	NS	UP	False	True	-1.7154704433497598
CEP295NL	0.14568076923077	0.828695125641349	1.93743645320197	6.66341116563535e-26	NS	UP	False	True	-1.7917556839712
CEP41	0.449099999999998	0.157603456608027	2.78787290640394	3.84254030451848e-186	NS	UP	False	True	-2.338772906403942
CEP43	0.80175	0.0188585966617543	1.08296699507389	3.87436411556719e-93	NS	UP	False	True	-0.2812169950738901
CEP55	0.237769230769232	0.582559247800437	2.54836600985221	1.27163636119548e-39	NS	UP	False	True	-2.310596779082978
CEP57L1	1.41033076923077	0.001582714008063	2.03984137931034	2.9012097251823402e-148	NS	UP	False	True	-0.62951061007957
CEP72	0.517111538461539	0.210988347381408	-1.2894078817734	1.44945829602311e-74	NS	DOWN	False	True	1.806519420234939
CEP78	1.10617692307692	0.0036946395741944	1.24778472906404	4.51716778379896e-79	NS	UP	False	True	-0.14160780598711997
CEP89	0.178515384615384	0.425380066325732	1.06499901477833	7.88422231612163e-136	NS	UP	False	True	-0.886483630162946
CERCAM	0.385865384615384	0.194407890471427	3.417160591133	2.78740553933839e-165	NS	UP	False	True	-3.031295206517616
CERS2	0.444076923076923	0.0804966927987262	1.97533054187192	5.13349867132906e-183	NS	UP	False	True	-1.531253618794997
CERS3	0.369823076923077	0.810245006244608	-11.2975842364532	8.16148410196016e-190	NS	DOWN	False	True	11.667407313376277
CERS4	0.937699999999999	0.0527779478205696	-4.57944679802956	6.49528668809814e-152	NS	DOWN	False	True	5.517146798029558
CES3	1.63731153846154	0.0084875788360989	-2.58421477832513	1.12984382703053e-77	NS	DOWN	False	True	4.22152631678667
CES4A	1.26201538461539	0.0523047651902957	-4.32097980295566	2.09397526387398e-193	NS	DOWN	False	True	5.58299518757105
CES5A	-0.244503846153845	0.849759102819382	-6.49651379310344	2.91772963689595e-85	NS	DOWN	False	True	6.252009946949595
CETN2	0.154984615384613	0.438797477450604	1.05074187192119	7.70001702666567e-124	NS	UP	False	True	-0.895757256536577
CETP	0.884776923076923	0.0491647825075468	-3.47773201970443	5.16507013874153e-40	NS	DOWN	False	True	4.3625089427813535
CFAP100	1.76243461538462	0.0182807294802203	-1.55534778325123	3.92663460173668e-06	NS	DOWN	False	True	3.31778239863585
CFAP107	0.13305384615385	0.829963611636188	-1.74384433497537	4.86979678408493e-07	NS	DOWN	False	True	1.87689818112922
CFAP141	-0.65845	0.621171697741686	-1.16867881773399	0.0003546341598433	NS	DOWN	False	True	0.51022881773399
CFAP144	1.42345769230769	0.28660261609164	-7.26660394088669	3.91053534586082e-83	NS	DOWN	False	True	8.69006163319438
CFAP161	2.08378076923077	0.015458110672803	-1.26969261083744	5.81582886616204e-05	NS	DOWN	False	True	3.35347338006821
CFAP20DC	0.74145	0.144768482596519	3.26028472906404	1.07749929993877e-135	NS	UP	False	True	-2.5188347290640403
CFAP221	1.65490384615385	0.0668852412369866	1.11670886699507	3.45972370866889e-05	NS	UP	False	True	0.5381949791587799
CFAP298-TCP10L	2.07626153846154	0.038742940098028	2.08505566502463	1.0417066013115001e-10	NS	UP	False	True	-0.008794126563090199
CFAP299	1.22355384615385	0.24283747710631	7.11009162561575	9.2498013673271e-102	NS	UP	False	True	-5.8865377794619
CFAP300	1.87239615384615	0.0191763552799692	2.37442857142857	1.28800519088613e-158	NS	UP	False	True	-0.5020324175824198
CFAP45	0.103638461538461	0.828309015514228	-2.00797389162562	2.8215536153581302e-65	NS	DOWN	False	True	2.1116123531640807
CFAP46	0.423469230769232	0.69959032690874	2.70432463054187	5.00736142424505e-54	NS	UP	False	True	-2.280855399772638
CFAP47	2.36237307692308	0.0047849489942317	-1.81902857142857	1.3209080877703399e-16	NS	DOWN	False	True	4.181401648351651
CFAP52	1.10644615384616	0.276133225226282	3.47211871921182	1.39807632297372e-31	NS	UP	False	True	-2.36567256536566
CFAP54	-0.196819230769229	0.741038375213523	3.14618571428571	5.14427266699568e-58	NS	UP	False	True	-3.3430049450549393
CFAP58	0.781519230769232	0.302970577414657	1.29055418719212	9.06816702202205e-50	NS	UP	False	True	-0.509034956422888
CFAP61	-2.04332307692308	0.0184575439212873	-3.71432807881773	1.85278183851017e-43	NS	DOWN	False	True	1.6710050018946503
CFAP73	0.31306153846154	0.739507421862976	-4.44779162561576	2.3455431228138802e-95	NS	DOWN	False	True	4.760853164077299
CFAP74	1.11198076923077	0.167265354419786	-4.341521182266	6.92357015593818e-59	NS	DOWN	False	True	5.4535019514967695
CFAP90	0.18607307692308	0.870045448758728	-2.52362709359605	1.0600056238487999e-41	NS	DOWN	False	True	2.7097001705191297
CFAP91	1.97197692307692	0.0450280874545713	-1.74520344827586	4.8323876666780906e-46	NS	DOWN	False	True	3.71718037135278
CFAP92	1.74454230769231	0.0215846439448137	-6.26577192118226	1.35875477439537e-103	NS	DOWN	False	True	8.01031422887457
CFAP96	0.913276923076923	0.0606610488668906	1.21745812807882	5.44373852427268e-20	NS	UP	False	True	-0.30418120500189694
CFD	-0.323276923076922	0.538597415082343	-1.61365172413793	5.48950756521655e-21	NS	DOWN	False	True	1.290374801061008
CFHR1	0.761892307692309	0.587861388530236	4.14114729064039	5.02857854542148e-33	NS	UP	False	True	-3.379254982948081
CFL1	-0.0941538461538443	0.699485853683854	1.10975763546799	2.80879134210291e-104	NS	UP	False	True	-1.2039114816218341
CFL2	0.710373076923077	0.0420614061433239	4.32592561576355	3.8107634009175e-218	NS	UP	False	True	-3.6155525388404732
CFP	-0.223761538461538	0.586981286759935	-1.66588916256158	2.5683169814914498e-36	NS	DOWN	False	True	1.442127624100042
CFTR	1.05232307692308	0.341301205898776	-5.9796133004926	3.59226500944223e-96	NS	DOWN	False	True	7.03193637741568
CGA	-1.04226538461539	0.195031758503227	-3.78629852216748	3.2320055038676902e-21	NS	DOWN	False	True	2.7440331375520897
CGAS	1.62197692307692	0.001461415038943	2.83858866995074	2.7866675895793197e-156	NS	UP	False	True	-1.2166117468738198
CGB2	-0.638115384615386	0.598403006838615	-1.73435862068965	7.78207157687006e-07	NS	DOWN	False	True	1.096243236074264
CGB5	-0.155846153846152	0.889299716867696	-2.27953497536946	1.49924134882186e-07	NS	DOWN	False	True	2.1236888215233076
CGB7	-0.157380769230768	0.874309782066038	-2.35441871921182	9.264932915184301e-69	NS	DOWN	False	True	2.1970379499810524
CGGBP1	0.611961538461538	0.0295585074025451	1.44329408866995	5.5404530739777696e-130	NS	UP	False	True	-0.8313325502084119
CGN	0.200165384615385	0.744948020951446	-8.8283354679803	1.34457189238216e-199	NS	DOWN	False	True	9.028500852595686
CGNL1	1.66847692307692	0.0148628699731803	-5.3773039408867	1.96358096010524e-166	NS	DOWN	False	True	7.0457808639636195
CGREF1	0.671607692307691	0.255150004025103	1.90494975369458	1.36355307675244e-56	NS	UP	False	True	-1.233342061386889
CHAC1	-1.53252692307692	0.0078123593781742	4.7623842364532	5.62177029978065e-93	NS	UP	False	True	-6.29491115953012
CHAC2	1.25276923076923	0.00307791180182	1.80243201970443	4.35382018201357e-54	NS	UP	False	True	-0.5496627889351999
CHAD	1.53450384615385	0.136673240473055	-3.9850157635468	1.9922480020121903e-152	NS	DOWN	False	True	5.51951960970065
CHADL	0.313473076923077	0.733605247455023	-4.10677586206897	9.475105487714669e-176	NS	DOWN	False	True	4.420248938992047
CHAMP1	0.586796153846155	0.0878935042923657	2.28931773399015	2.8971411353147497e-187	NS	UP	False	True	-1.702521580143995
CHCHD3	0.222146153846153	0.508631103567978	1.23574236453201	2.03361232653719e-127	NS	UP	False	True	-1.013596210685857
CHCHD7	0.904407692307691	0.0021402721081871	1.57169852216749	6.73398776537518e-147	NS	UP	False	True	-0.6672908298597989
CHD7	0.880303846153846	0.0216060901299836	-2.56122660098522	7.13420039718521e-137	NS	DOWN	False	True	3.441530447139066
CHD9NB	1.58545	0.0215504248110771	-1.21783497536946	1.2899647303003598e-29	NS	DOWN	False	True	2.80328497536946
CHDH	1.64893846153846	0.0207533325630687	-5.19205566502463	2.82942975184277e-123	NS	DOWN	False	True	6.84099412656309
CHEK1	0.671734615384615	0.0498936167208385	3.04977832512315	3.5418108369311798e-177	NS	UP	False	True	-2.378043709738535
CHEK2	0.567126923076924	0.0300942533783778	1.4973763546798	4.6204525347781103e-91	NS	UP	False	True	-0.930249431602876
CHGA	0.102146153846154	0.935563807356119	-1.8502802955665	6.318043855634629e-18	NS	DOWN	False	True	1.9524264494126542
CHGB	1.24938076923077	0.0922760024851458	2.04889162561576	5.503679661472079e-36	NS	UP	False	True	-0.79951085638499
CHI3L1	0.29358076923077	0.711457614883963	-3.55141871921182	2.71495481413076e-50	NS	DOWN	False	True	3.84499948844259
CHI3L2	0.766638461538462	0.19030512517335	-1.31252955665025	1.74961915437071e-14	NS	DOWN	False	True	2.079168018188712
CHID1	0.551107692307691	0.0215408241924286	1.31562857142858	3.35916458573407e-146	NS	UP	False	True	-0.7645208791208891
CHIT1	-0.985665384615385	0.346013622707746	-4.25581970443349	1.11508999459057e-46	NS	DOWN	False	True	3.270154319818105
CHKB-CPT1B	1.36716923076923	0.0023428645386924	-2.41787536945813	3.17276803809046e-75	NS	DOWN	False	True	3.78504460022736
CHL1	3.61541153846154	0.0014989480947225	-6.31219310344827	1.29214090969879e-115	NS	DOWN	False	True	9.92760464190981
CHMP4C	1.18917307692308	0.327279096483131	-9.15370640394088	9.83673255245292e-168	NS	DOWN	False	True	10.34287948086396
CHODL	0.561811538461538	0.387169189342892	-5.33509999999999	3.39825388288422e-100	NS	DOWN	False	True	5.896911538461528
CHP2	0.444596153846154	0.761031555708642	-13.1365197044335	2.66168079711168e-217	NS	DOWN	False	True	13.581115858279654
CHPF	0.0835884615384597	0.793790647737263	2.01084827586207	9.47976376652483e-146	NS	UP	False	True	-1.9272598143236102
CHPF2	0.3015	0.277110271591329	1.94195172413793	1.47145437830397e-206	NS	UP	False	True	-1.6404517241379302
CHRD	0.886684615384616	0.0394776066285809	-2.79526748768473	1.47949685525065e-78	NS	DOWN	False	True	3.681952103069346
CHRDL2	0.631584615384617	0.577252333358867	-2.60299753694581	5.599523904442301e-16	NS	DOWN	False	True	3.234582152330427
CHRM1	1.52413076923077	0.134135192382056	-8.51504778325123	4.6159769811873e-154	NS	DOWN	False	True	10.039178552482
CHRM2	0.66881153846154	0.242866353666717	3.12348768472906	1.34744560948911e-27	NS	UP	False	True	-2.45467614626752
CHRM4	1.55375	0.0399226670819672	-5.70743004926108	3.17227841078668e-84	NS	DOWN	False	True	7.26118004926108
CHRM5	1.95611538461539	0.0092850909783965	-1.90228275862068	3.33630814458004e-41	NS	DOWN	False	True	3.8583981432360703
CHRNA10	0.997396153846155	0.0297633732990757	1.06270541871921	3.4794376727859e-42	NS	UP	False	True	-0.065309264873055
CHRNA2	0.955034615384617	0.127376464453751	-5.2769763546798	2.76038910943203e-68	NS	DOWN	False	True	6.232010970064417
CHRNA3	-0.0293884615384612	0.969283328874214	-4.51078768472906	1.69816431892209e-68	NS	DOWN	False	True	4.481399223190598
CHRNA4	0.85010384615385	0.282227730147115	-3.15945320197044	8.09138801651928e-34	NS	DOWN	False	True	4.00955704812429
CHRNA5	0.788853846153846	0.0452201776002056	1.83153399014779	6.586757938293679e-40	NS	UP	False	True	-1.0426801439939442
CHRNA7	-0.209057692307693	0.813884376289745	-1.68330344827586	1.6767351837526998e-12	NS	DOWN	False	True	1.474245755968167
CHRNB2	0.976484615384616	0.306249332889348	-1.37894778325123	2.51999967980901e-25	NS	DOWN	False	True	2.355432398635846
CHRNB4	-0.0141307692307677	0.990329137038778	-4.01754778325123	5.49199101071456e-47	NS	DOWN	False	True	4.003417014020462
CHRND	-0.4013	0.637006014355397	-2.13525960591133	9.69230262348777e-16	NS	DOWN	False	True	1.73395960591133
CHRNE	0.227819230769231	0.72431554938871	-1.72397536945813	8.3996685360802e-52	NS	DOWN	False	True	1.951794600227361
CHRNG	1.56830384615385	0.0377838989138482	-2.57515073891625	1.56654105366684e-20	NS	DOWN	False	True	4.1434545850701
CHST10	0.126426923076923	0.633559068819927	2.6496118226601	3.50822725342016e-162	NS	UP	False	True	-2.5231848995831774
CHST11	0.467734615384616	0.29415934517727	1.9434802955665	5.7541921796216e-95	NS	UP	False	True	-1.475745680181884
CHST13	0.335792307692308	0.585988170143268	-2.62762660098522	7.142467236003151e-20	NS	DOWN	False	True	2.963418908677528
CHST14	0.320434615384615	0.302160520130882	2.03468866995074	2.47942107599278e-161	NS	UP	False	True	-1.714254054566125
CHST15	1.02699615384615	0.0022258063221687	-3.24471133004926	4.49998030111285e-86	NS	DOWN	False	True	4.27170748389541
CHST2	0.800819230769231	0.132302725463176	4.38965714285714	1.24852765868652e-136	NS	UP	False	True	-3.588837912087909
CHST3	0.932165384615384	0.0186013502413874	1.18471133004926	3.85471065770225e-53	NS	UP	False	True	-0.252545945433876
CHST4	2.12537307692308	0.002992735791453	1.0155118226601	2.03886597309727e-05	NS	UP	False	True	1.10986125426298
CHST5	1.05525769230769	0.236572599408453	-2.01826995073891	3.67248616979267e-11	NS	DOWN	False	True	3.0735276430466
CHST6	0.962292307692307	0.0485376850423268	2.35434334975369	7.563367445096441e-73	NS	UP	False	True	-1.3920510420613832
CHST8	0.098111538461537	0.925953385704465	-3.8036763546798	2.04594961125926e-50	NS	DOWN	False	True	3.901787893141337
CHST9	1.61868846153846	0.252427051613946	-4.37913546798029	1.0401122206048599e-70	NS	DOWN	False	True	5.99782392951875
CHSY3	0.994411538461539	0.127962976240903	2.0811354679803	1.08716892744321e-90	NS	UP	False	True	-1.0867239295187612
CHURC1-FNTB	1.57159230769231	0.172140403840539	2.37248866995073	9.45305883327119e-11	NS	UP	False	True	-0.8008963622584202
CIAO2A	0.822300000000001	0.0039406639962473	1.57027142857143	1.6641776109121099e-140	NS	UP	False	True	-0.7479714285714291
CIART	-0.243719230769231	0.571747534206745	-3.54023645320197	3.28208346841574e-138	NS	DOWN	False	True	3.296517222432739
CIB2	0.118657692307694	0.818797798697926	-1.44328965517242	1.90705941790996e-69	NS	DOWN	False	True	1.561947347480114
CIBAR1	1.41593076923077	0.004764506645597	3.42175960591133	2.53379807638566e-241	NS	UP	False	True	-2.00582883668056
CIBAR2	2.56472692307692	0.0145182128229912	2.7537408866995	1.39197946294654e-19	NS	UP	False	True	-0.18901396362258005
CIDEA	-0.298861538461537	0.861735860538834	-9.40291379310344	1.70948391448038e-128	NS	DOWN	False	True	9.104052254641903
CIDEB	0.124469230769231	0.821599259797742	-3.9288	1.48296085217536e-211	NS	DOWN	False	True	4.053269230769231
CIITA	0.871496153846154	0.157682821832637	-3.38339014778325	6.73293977818315e-160	NS	DOWN	False	True	4.254886301629404
CILP	1.05025384615385	0.173403332046436	-3.02258177339902	4.99260570691937e-58	NS	DOWN	False	True	4.07283561955287
CILP2	-0.007169230769231	0.993753442506247	1.34813152709359	5.592221786314191e-31	NS	UP	False	True	-1.3553007578628211
CIMAP1A	1.05237307692308	0.0364836448382611	-2.69578866995073	2.07706446435931e-30	NS	DOWN	False	True	3.7481617468738095
CIMAP1B	-0.235615384615385	0.557876384142809	-1.91430246305419	1.1660243741278e-71	NS	DOWN	False	True	1.678687078438805
CIMAP1C	0.299188461538461	0.622732867921493	-2.77473399014778	9.159756935208159e-33	NS	DOWN	False	True	3.073922451686241
CIMAP1D	0.518303846153847	0.6352801537413	-1.11729162561576	7.82806300398043e-05	NS	DOWN	False	True	1.6355954717696068
CIMAP2	-0.157480769230768	0.894501635888841	-8.0807935960591	1.6341261568767701e-171	NS	DOWN	False	True	7.923312826828333
CIMAP3	0.512288461538462	0.331172971353235	-1.74386256157636	6.48460170358566e-47	NS	DOWN	False	True	2.256151023114822
CIMIP2B	0.929296153846155	0.330255668619575	-2.87011231527094	1.25651779312218e-64	NS	DOWN	False	True	3.799408469117095
CIMIP2C	-1.09435384615385	0.35825109121598	-5.75035320197044	1.71513529000118e-95	NS	DOWN	False	True	4.65599935581659
CINP	-0.180842307692306	0.438378204808428	1.06253694581281	3.16166094163226e-145	NS	UP	False	True	-1.243379253505116
CIP2A	1.45668846153846	0.0071219338857122	2.74895862068966	1.35278102890916e-90	NS	UP	False	True	-1.2922701591512
CIRBP	0.349146153846154	0.12501604103667	-1.0858369458128	1.22416384427911e-61	NS	DOWN	False	True	1.434983099658954
CISD2	0.630696153846153	0.0146104637991542	1.2474039408867	2.10245903978842e-100	NS	UP	False	True	-0.616707787040547
CISH	-0.0699192307692309	0.827057397286899	-2.23064581280788	2.12990784925275e-88	NS	DOWN	False	True	2.160726582038649
CIT	-0.294292307692307	0.40049311023834	1.05896305418719	1.10064820041536e-29	NS	UP	False	True	-1.353255361879497
CITED1	-0.507142307692305	0.49394436661432	-1.4327842364532	2.27907752843983e-12	NS	DOWN	False	True	0.925641928760895
CITED2	1.43779230769231	0.0013676429595744	2.66580295566503	2.76490561808897e-113	NS	UP	False	True	-1.22801064797272
CITED4	-0.0423692307692309	0.951400831691516	-4.44848620689655	2.97460452933695e-200	NS	DOWN	False	True	4.4061169761273185
CKAP2L	0.919338461538462	0.0433071101329302	1.87495073891626	1.2210993910586e-29	NS	UP	False	True	-0.9556122773777981
CKAP4	0.857473076923076	0.0028551063721784	1.98861822660099	6.09830830072656e-166	NS	UP	False	True	-1.1311451496779141
CKAP5	0.704273076923077	0.0328644346535879	1.14342955665024	2.80888033282193e-104	NS	UP	False	True	-0.439156479727163
CKB	-1.36612307692308	0.0098360543297097	-3.99977487684729	5.2161176918836905e-148	NS	DOWN	False	True	2.63365179992421
CKLF	0.629899999999998	0.0100947232399116	1.91091231527093	2.54916807216659e-147	NS	UP	False	True	-1.281012315270932
CKLF-CMTM1	1.16768846153846	0.04205491185483	2.27121674876847	6.30949128963109e-41	NS	UP	False	True	-1.1035282872300098
CKM	0.612715384615385	0.445554435422745	-1.15444482758621	5.92971663097492e-10	NS	DOWN	False	True	1.767160212201595
CKMT1A	-0.739396153846154	0.584115939333249	-9.86289458128078	1.0782715032867e-145	NS	DOWN	False	True	9.123498427434626
CKMT1B	-0.123911538461539	0.916084713126641	-8.51652019704433	3.67343722688886e-178	NS	DOWN	False	True	8.392608658582791
CKMT2	3.01841153846154	0.0100680595008518	-2.06959359605911	3.156020978874e-57	NS	DOWN	False	True	5.08800513452065
CKS2	0.365807692307691	0.259925820304362	2.21597586206896	3.7366915426804e-65	NS	UP	False	True	-1.850168169761269
CLASRP	0.495146153846154	0.0136031694230314	-1.30653497536946	2.8654324600769696e-125	NS	DOWN	False	True	1.801681129215614
CLC	-0.0799461538461514	0.906164077077245	-1.53491871921182	4.26427794855841e-08	NS	DOWN	False	True	1.4549725653656687
CLCA2	1.26800769230769	0.358736738463669	-6.12999162561576	5.11407152036143e-164	NS	DOWN	False	True	7.39799931792345
CLCA4	1.81272692307693	0.120973062863319	-5.91373743842364	3.56032701087015e-100	NS	DOWN	False	True	7.72646436150057
CLCF1	1.263	0.0186446499861119	3.40526748768473	1.04990985622319e-177	NS	UP	False	True	-2.1422674876847303
CLCNKA	0.855515384615385	0.41500065611601	-4.11864285714285	4.768886047565049e-42	NS	DOWN	False	True	4.974158241758236
CLCNKB	0.845988461538463	0.427433125992146	-1.35069852216748	4.60278540726538e-08	NS	DOWN	False	True	2.196686983705943
CLDN1	2.1784	0.0324142619803606	-8.74154630541872	3.30845364538217e-241	NS	DOWN	False	True	10.91994630541872
CLDN10	0.687680769230768	0.536262504430648	-6.7052763546798	1.17949347834272e-82	NS	DOWN	False	True	7.392957123910568
CLDN11	2.20343461538462	0.001958247950493	5.24539261083744	8.599521221707809e-185	NS	UP	False	True	-3.04195799545282
CLDN12	1.05066538461539	0.0028677695406333	2.07352216748769	2.8637345623448502e-173	NS	UP	False	True	-1.0228567828723
CLDN14	-2.89056153846154	0.003087239781644	-3.31791330049261	2.1646689625969998e-24	NS	DOWN	False	True	0.4273517620310696
CLDN16	2.33425384615385	0.0065584056847979	-5.75175467980295	6.78321710771034e-98	NS	DOWN	False	True	8.0860085259568
CLDN17	0.84681153846154	0.513484890537434	-3.93823940886699	2.6947774582136498e-42	NS	DOWN	False	True	4.78505094732853
CLDN19	2.06858846153847	0.0380386789661425	-5.21589556650245	9.21205392404365e-75	NS	DOWN	False	True	7.28448402804092
CLDN2	2.50838846153846	0.0029052661978861	-2.90118669950738	2.5602598038198003e-47	NS	DOWN	False	True	5.40957516104584
CLDN20	0.608173076923077	0.541662056969081	-1.21347832512315	2.5654563304067798e-12	NS	DOWN	False	True	1.821651402046227
CLDN22	-1.93948076923077	0.118900243618109	-4.04078768472905	1.72188902580356e-36	NS	DOWN	False	True	2.10130691549828
CLDN23	1.07722307692308	0.0054448973687563	-2.49154975369458	1.12785091708885e-79	NS	DOWN	False	True	3.56877283061766
CLDN24	2.27337307692308	0.0389040097546713	3.0244763546798	6.827535719935871e-17	NS	UP	False	True	-0.7511032777567199
CLDN25	0.206061538461542	0.512959133339442	-3.66916650246304	1.89522270138488e-40	NS	DOWN	False	True	3.8752280409245823
CLDN3	0.893723076923078	0.459106460056755	-7.48358571428571	1.8980117480007002e-118	NS	DOWN	False	True	8.377308791208788
CLDN34	1.07183076923077	0.278984178179899	-6.08210985221674	1.77025962877155e-108	NS	DOWN	False	True	7.15394062144751
CLDN4	0.696361538461539	0.512959133339442	-7.46992709359606	1.09749035459525e-263	NS	DOWN	False	True	8.166288632057599
CLDN5	-0.437153846153846	0.371251781116272	-8.07951083743843	4.962353117158201e-224	NS	DOWN	False	True	7.642356991284585
CLDN6	0.668657692307694	0.505494951778122	2.96839556650245	1.1099692401577801e-23	NS	UP	False	True	-2.299737874194756
CLDN8	0.572365384615389	0.582177259012808	-10.4281492610837	1.7457096867974202e-186	NS	DOWN	False	True	11.00051464569909
CLDN9	0.382915384615386	0.631233177606541	-4.63669901477832	2.28318184444371e-70	NS	DOWN	False	True	5.019614399393706
CLEC10A	0.321780769230769	0.571747534206745	-8.67748128078817	1.02194712175063e-142	NS	DOWN	False	True	8.999262050018938
CLEC11A	0.291103846153846	0.599470117879225	2.77287733990148	1.4136794105538101e-215	NS	UP	False	True	-2.4817734937476343
CLEC12A	1.14769615384615	0.089105900676418	-2.19006157635468	2.0894989908304e-13	NS	DOWN	False	True	3.3377577302008303
CLEC12B	0.66126923076923	0.519847068576905	-7.80084532019704	1.05238963659188e-125	NS	DOWN	False	True	8.46211455096627
CLEC14A	0.635734615384616	0.0478546374763947	-1.91803300492611	3.79372571047734e-37	NS	DOWN	False	True	2.553767620310726
CLEC17A	0.997592307692307	0.223673522713739	1.9056566502463	1.38530774651012e-12	NS	UP	False	True	-0.9080643425539929
CLEC18A	2.88607692307692	0.0010117541662619	-2.72649852216748	1.41161674009551e-31	NS	DOWN	False	True	5.612575445244399
CLEC18B	3.00216923076923	0.0050159800584511	-1.01361330049261	3.69067403313907e-05	NS	DOWN	False	True	4.01578253126184
CLEC1B	1.17332307692308	0.267728490208369	-1.22561921182265	1.37777855551344e-05	NS	DOWN	False	True	2.3989422887457303
CLEC2A	2.60597307692308	0.019416726739243	-11.8482064039409	7.15548999089875e-162	NS	DOWN	False	True	14.45417948086398
CLEC2L	0.816542307692309	0.530092038436089	-4.36004285714285	2.40117722232224e-45	NS	DOWN	False	True	5.176585164835159
CLEC4A	1.20937307692308	0.0022751814865185	-1.11548522167488	9.950631737956279e-33	NS	DOWN	False	True	2.32485829859796
CLEC4D	1.96938461538462	0.029341510561708	-2.18268522167487	4.42573990551028e-18	NS	DOWN	False	True	4.152069837059489
CLEC4E	0.122838461538461	0.847168991654997	-5.10727881773398	2.44941877707762e-45	NS	DOWN	False	True	5.230117279272441
CLEC4F	1.88791923076923	0.0243874736020158	-8.18301379310343	4.0188988145543396e-179	NS	DOWN	False	True	10.07093302387266
CLEC4G	1.03907692307692	0.189927651994004	-6.99400640394087	7.231936098104781e-112	NS	DOWN	False	True	8.03308332701779
CLEC4M	-0.0135346153846143	0.990210343405421	-1.81789556650246	2.53018240748373e-14	NS	DOWN	False	True	1.8043609511178458
CLEC5A	1.55559615384615	0.0300414798344908	-7.82688275862068	3.42394731205838e-141	NS	DOWN	False	True	9.38247891246683
CLEC9A	1.72249615384616	0.0424310245462544	-4.36259655172413	4.85765333442099e-58	NS	DOWN	False	True	6.085092705570291
CLECL1P	2.50860769230769	0.0015464028937151	-3.80629064039408	3.87607252185479e-29	NS	DOWN	False	True	6.31489833270177
CLGN	2.31366538461539	0.0119490777365628	3.40779704433497	2.04659329018713e-49	NS	UP	False	True	-1.0941316597195798
CLIC3	0.406538461538461	0.675938941077357	-5.29596305418719	2.26242585887829e-141	NS	DOWN	False	True	5.702501515725651
CLIC5	1.14138846153846	0.0059716098009178	-3.78705763546797	1.00921189894683e-79	NS	DOWN	False	True	4.9284460970064305
CLIC6	0.999126923076924	0.047614235059927	-2.21721133004926	1.37360928605753e-41	NS	DOWN	False	True	3.2163382531261844
CLIP2	-0.0025076923076925	0.995790847058308	1.44226256157635	5.0195946876007304e-104	NS	UP	False	True	-1.4447702538840426
CLIP3	0.731480769230769	0.0684832550278229	2.93350492610838	2.976774467239e-170	NS	UP	False	True	-2.202024156877611
CLNK	1.41561923076923	0.0695133065657329	-6.06986650246304	9.65583338806128e-159	NS	DOWN	False	True	7.48548573323227
CLNS1A	0.928046153846153	0.0147310532160573	1.06567339901478	4.82727631890768e-109	NS	UP	False	True	-0.137627245168627
CLP1	0.497742307692307	0.0793309277131391	1.01464039408867	1.33292867673466e-51	NS	UP	False	True	-0.5168980863963629
CLPB	-0.0822807692307692	0.78941991411672	1.51594926108375	6.385988797004959e-92	NS	UP	False	True	-1.5982300303145192
CLSPN	0.40711923076923	0.423381203291795	2.32633842364532	5.55991910906728e-39	NS	UP	False	True	-1.91921919287609
CLSTN2	1.46943461538462	0.101996546694561	-1.8421802955665	1.54993882397834e-38	NS	DOWN	False	True	3.3116149109511204
CLTB	-0.0628653846153808	0.81815067194915	-2.64093497536946	2.53553059373118e-211	NS	DOWN	False	True	2.578069590754079
CLTC	0.844726923076919	0.0047922999775491	1.05647241379311	5.13489597193456e-150	NS	UP	False	True	-0.2117454907161911
CLTRN	1.70463076923077	0.0210403343164736	-1.00055862068966	4.97072324843352e-15	NS	DOWN	False	True	2.70518938992043
CLU	1.31126923076923	0.0513199353671828	-1.43301970443349	1.82450586771397e-27	NS	DOWN	False	True	2.7442889352027198
CLUAP1	0.988050000000001	0.0010399915657161	1.47736206896551	3.57132041192653e-131	NS	UP	False	True	-0.48931206896550905
CLUH	-0.0371346153846162	0.876152135717475	-1.03317881773399	4.84274441979582e-61	NS	DOWN	False	True	0.9960442023493739
CLUL1	1.55408461538461	0.0917224326369767	-1.31477881773398	5.09967714722896e-07	NS	DOWN	False	True	2.86886343311859
CLVS1	1.94603846153847	0.0080968190749346	-2.45457832512315	1.6380501646983302e-65	NS	DOWN	False	True	4.40061678666162
CLVS2	0.931869230769235	0.34837332537017	-1.86875221674877	2.6978096587715502e-14	NS	DOWN	False	True	2.800621447518005
CLXN	1.17418076923077	0.246792509775105	-2.48291921182266	2.80869984152706e-65	NS	DOWN	False	True	3.65709998105343
CLYBL	0.966123076923077	0.0046025950905201	-1.49490935960591	1.92908483955793e-85	NS	DOWN	False	True	2.461032436528987
CMA1	2.12359615384616	0.0650438189445421	-9.75024482758619	6.90325878015227e-150	NS	DOWN	False	True	11.87384098143235
CMBL	2.24473846153846	0.0119310862534515	3.62136945812808	2.6563209092780602e-182	NS	UP	False	True	-1.3766309965896202
CMIP	0.439334615384617	0.140174523318742	-1.51959753694581	9.21543328382185e-133	NS	DOWN	False	True	1.9589321523304268
CMKLR1	1.04136153846154	0.0075806723746336	-1.93387832512315	7.735619662210489e-40	NS	DOWN	False	True	2.97523986358469
CMKLR2	0.1233	0.908261476890937	2.00382463054187	5.76392868012644e-67	NS	UP	False	True	-1.8805246305418701
CMTM2	1.54152692307692	0.0868876685058039	-1.0491645320197	0.0001538569243713	NS	DOWN	False	True	2.59069145509662
CMTM3	0.855065384615387	0.0028159192109411	2.04991527093596	1.43416659180788e-136	NS	UP	False	True	-1.194849886320573
CMTM7	0.0855653846153857	0.787235947848613	1.23349458128079	7.81350384665017e-73	NS	UP	False	True	-1.1479291966654044
CNBD2	0.599711538461539	0.047582864343805	-1.30710591133005	1.29430397275268e-47	NS	DOWN	False	True	1.906817449791589
CNDP1	2.87248461538462	0.0203745608517216	-4.11852068965517	2.32550629314968e-53	NS	DOWN	False	True	6.99100530503979
CNFN	-0.797246153846155	0.423447133830042	-8.74836108374384	5.7650421221283e-264	NS	DOWN	False	True	7.951114929897685
CNGA1	2.45243846153846	0.0072338600320957	-8.90280640394088	4.9439413393095e-164	NS	DOWN	False	True	11.35524486547934
CNGA3	0.998996153846157	0.161259893035066	1.91590591133005	1.09106036729444e-10	NS	UP	False	True	-0.916909757483893
CNIH2	0.157626923076923	0.731472490808401	-1.68911822660099	1.6474460437687e-60	NS	DOWN	False	True	1.846745149677913
CNIH4	0.361930769230771	0.112042591312221	1.0399157635468	6.97953077023307e-124	NS	UP	False	True	-0.677984994316029
CNKSR1	0.838715384615385	0.257722517500986	-6.49893152709359	2.5462813873820496e-221	NS	DOWN	False	True	7.337646911708974
CNN1	0.961157692307693	0.0411431150121476	-3.2742157635468	3.19739759842402e-79	NS	DOWN	False	True	4.235373455854493
CNN2	0.351369230769234	0.348061353035373	2.21995221674877	2.8370203060792296e-185	NS	UP	False	True	-1.8685829859795362
CNN3	1.37177692307693	0.0038785844783542	2.06238226600985	1.9874330311074099e-147	NS	UP	False	True	-0.69060534293292
CNNM1	-0.523830769230769	0.47955671317766	-1.1352354679803	3.29777125207892e-24	NS	DOWN	False	True	0.6114046987495311
CNOT7	1.03345	0.0024179340777821	1.55920837438424	1.27926935120808e-125	NS	UP	False	True	-0.52575837438424
CNPY1	-0.0804730769230755	0.95195024242025	-1.3175157635468	5.57827856273742e-11	NS	DOWN	False	True	1.2370426866237245
CNPY2	0.655088461538464	0.0012238628209823	1.22998571428572	1.66780831698473e-163	NS	UP	False	True	-0.574897252747256
CNPY4	0.720492307692308	0.006676995589053	1.70270492610837	1.07346853644344e-119	NS	UP	False	True	-0.982212618416062
CNRIP1	1.32305384615385	0.0040272057843015	2.51026305418719	2.72144167457618e-178	NS	UP	False	True	-1.18720920803334
CNTFR	0.297707692307692	0.788472787566425	-7.1710881773399	1.86437699404896e-139	NS	DOWN	False	True	7.468795869647592
CNTN1	1.95586153846154	0.0635424886516296	-3.02764876847291	2.68690430924899e-71	NS	DOWN	False	True	4.98351030693445
CNTN2	2.58013846153847	0.0015248914251728	-5.51996945812807	4.12500910810541e-110	NS	DOWN	False	True	8.10010791966654
CNTN3	1.04923846153846	0.31166171966387	4.71804187192118	5.32285319871521e-154	NS	UP	False	True	-3.6688034103827203
CNTN4	2.70758076923077	0.0074365992150055	-4.67155517241379	7.0772222879152e-66	NS	DOWN	False	True	7.379135941644559
CNTNAP1	0.108596153846154	0.843840343347027	3.0157236453202	4.96744152397495e-172	NS	UP	False	True	-2.907127491474046
CNTNAP3B	2.58147692307692	0.0015744229146816	-5.78250246305419	4.7993440191118e-130	NS	DOWN	False	True	8.36397938613111
COA4	0.26790769230769	0.219731422362836	1.2830645320197	2.9570181709676397e-107	NS	UP	False	True	-1.01515683971201
COA6	0.549361538461537	0.0358636258779375	1.66137684729064	8.46590961079578e-104	NS	UP	False	True	-1.1120153088291032
COA7	0.383107692307692	0.153515815243802	2.11643201970443	2.51336494084006e-96	NS	UP	False	True	-1.7333243273967383
COBL	0.630726923076924	0.533879362496333	-8.71197093596059	9.41414346876733e-256	NS	DOWN	False	True	9.342697859037514
COCH	2.55125	0.0030114996064471	-4.26134876847291	5.1161899669334395e-77	NS	DOWN	False	True	6.81259876847291
COL10A1	1.55533461538462	0.0386292264909539	5.4369275862069	2.6899201884926896e-92	NS	UP	False	True	-3.88159297082228
COL11A1	1.20090384615385	0.192450080547427	6.09893399014778	1.10684428001652e-104	NS	UP	False	True	-4.89803014399393
COL17A1	0.417073076923076	0.778311110016055	-10.3453724137931	9.021633407343289e-250	NS	DOWN	False	True	10.762445490716177
COL18A1	0.996642307692303	0.0004329347734215	-1.82341576354679	3.0616208535765698e-86	NS	DOWN	False	True	2.8200580712390932
COL1A1	0.251123076923077	0.583480211121715	4.89162167487684	1.0627865537913201e-151	NS	UP	False	True	-4.640498597953764
COL1A2	0.924015384615383	0.0301668503026633	4.67807536945813	1.4059032566318299e-146	NS	UP	False	True	-3.7540599848427467
COL20A1	1.80332692307693	0.136424862476744	-2.90761527093596	1.1533366382177e-25	NS	DOWN	False	True	4.71094219401289
COL21A1	1.11416538461538	0.0414407980130318	-1.48030738916256	4.8029228014418604e-23	NS	DOWN	False	True	2.59447277377794
COL23A1	0.847776923076923	0.144768482596519	-8.51758128078817	1.3071504948030602e-151	NS	DOWN	False	True	9.365358203865092
COL26A1	-0.0909923076923076	0.913288810773768	-5.30406108374384	2.86118318100589e-71	NS	DOWN	False	True	5.213068776051532
COL2A1	0.221338461538462	0.865885584787166	-3.73856502463054	3.77782106383027e-46	NS	DOWN	False	True	3.959903486169002
COL3A1	0.787976923076922	0.0701151006646853	4.61428719211823	9.91453529673074e-152	NS	UP	False	True	-3.8263102690413078
COL4A2	0.801473076923074	0.0333415897215672	2.14118620689655	1.06191333021473e-97	NS	UP	False	True	-1.339713129973476
COL4A3	1.60909615384616	0.041326790986101	1.83115270935961	4.2212364754755595e-33	NS	UP	False	True	-0.22205655551345016
COL4A4	1.43598846153846	0.0158981408068488	4.85886256157636	1.05318178037887e-156	NS	UP	False	True	-3.4228741000379
COL4A5	1.98812692307692	0.0475450419815858	-1.64161330049261	4.29451338086121e-66	NS	DOWN	False	True	3.62974022356953
COL4A6	1.38288461538462	0.145812710900907	-4.39682906403941	3.9890742273657806e-148	NS	DOWN	False	True	5.779713679424029
COL5A1	0.419373076923076	0.340272217681939	3.99836995073891	1.82450208398392e-142	NS	UP	False	True	-3.578996873815834
COL5A2	1.10933076923077	0.0097600516424332	4.81409655172414	1.72755640253636e-255	NS	UP	False	True	-3.7047657824933706
COL6A1	0.580996153846156	0.0367873978005486	3.23111428571429	9.91373800746881e-194	NS	UP	False	True	-2.6501181318681337
COL6A2	0.683273076923078	0.0416613097860836	2.9512802955665	4.2253323226044795e-179	NS	UP	False	True	-2.268007218643422
COL6A3	0.596607692307694	0.092491501645367	4.60007536945812	6.2450708915863e-234	NS	UP	False	True	-4.003467677150425
COL6A5	1.80229230769231	0.0448684651871363	-7.48608177339901	7.12017540029589e-111	NS	DOWN	False	True	9.28837408109132
COL6A6	0.64595	0.421413888309177	-3.73568128078818	1.69151489240767e-59	NS	DOWN	False	True	4.38163128078818
COL7A1	0.703561538461538	0.180681848072657	-3.31729458128079	1.7111449180529202e-144	NS	DOWN	False	True	4.020856119742328
COL9A1	3.99363846153846	0.0025466754665613	-4.54274679802955	9.84008747175632e-65	NS	DOWN	False	True	8.53638525956801
COLEC10	2.16268076923077	0.0106680521676616	6.12851921182264	1.70072361566536e-84	NS	UP	False	True	-3.96583844259187
COLGALT1	-0.0072384615384599	0.97680493723648	1.28053743842365	3.92774082635108e-111	NS	UP	False	True	-1.28777589996211
COLGALT2	1.01540384615385	0.111656711419189	1.94572216748769	5.89537536849046e-72	NS	UP	False	True	-0.93031832133384
COMMD3-BMI1	1.05633076923077	0.0123402778013621	1.1241566502463	5.52662286013773e-84	NS	UP	False	True	-0.06782588101553011
COMMD6	0.852161538461536	7.14801506793878e-05	1.0304566502463	2.0030334917611601e-87	NS	UP	False	True	-0.17829511178476398
COMP	-0.404115384615385	0.664671674394664	-2.89249162561576	2.2930319421726597e-28	NS	DOWN	False	True	2.488376241000375
COMTD1	-0.959496153846154	0.0027883388631082	-2.10269704433498	1.33790117165974e-164	NS	DOWN	False	True	1.143200890488826
COPA	0.346046153846151	0.14222981836646	1.69345024630542	1.47265998537908e-166	NS	UP	False	True	-1.347404092459269
COPB2	0.929000000000001	0.0012742879934994	2.12892561576355	3.2976876980799104e-203	NS	UP	False	True	-1.199925615763549
COPG1	-0.096138461538466	0.635265971833991	1.12217339901478	7.88820474421742e-131	NS	UP	False	True	-1.218311860553246
COPRS	0.066399999999998	0.778501519471553	1.02304039408867	2.86442483605365e-100	NS	UP	False	True	-0.9566403940886721
COPS7A	0.42068846153846	0.0862795700596936	1.24353694581281	1.4045768414523e-170	NS	UP	False	True	-0.82284848427435
COPS8	0.498338461538461	0.116890053845888	2.26041379310345	5.28248009890396e-218	NS	UP	False	True	-1.7620753315649889
COPZ2	0.115399999999999	0.773118519125649	1.3258408866995	1.21711844562117e-63	NS	UP	False	True	-1.210440886699501
COQ4	0.0036961538461515	0.987275127149143	-1.09744926108374	3.80736958715938e-156	NS	DOWN	False	True	1.1011454149298916
COQ5	0.603096153846154	0.0072090104614728	1.0296039408867	1.09900750669095e-109	NS	UP	False	True	-0.4265077870405459
COQ8A	0.396865384615382	0.157457700524656	-1.97128374384236	7.9857909169389e-117	NS	DOWN	False	True	2.368149128457742
CORIN	2.26385	0.0061151626045356	1.65008522167488	6.61338240526732e-22	NS	UP	False	True	0.6137647783251201
CORO1A	0.502819230769231	0.271539377959889	-3.58340295566503	5.51817774981775e-161	NS	DOWN	False	True	4.086222186434261
CORO1C	0.450003846153845	0.131821320254442	1.63367684729065	4.86590600847375e-163	NS	UP	False	True	-1.183673001136805
CORO2A	1.11936153846154	0.0280475379187072	-4.61142019704434	9.15410498084633e-222	NS	DOWN	False	True	5.73078173550588
CORO2B	1.58140769230769	0.0328094611084493	1.39439704433497	9.748313240387929e-40	NS	UP	False	True	0.18701064797272005
COTL1	0.353323076923078	0.28692111564663	3.90613448275862	1.01711645546785e-205	NS	UP	False	True	-3.552811405835542
COX20	0.436623076923075	0.0791701210625734	1.10920985221675	6.59229216145888e-83	NS	UP	False	True	-0.6725867752936749
COX4I2	0.100219230769231	0.826845386932291	-8.49795812807881	5.83218224925773e-109	NS	DOWN	False	True	8.59817735884804
COX6A2	-3.42537692307692	0.0262507485507557	-2.54715812807881	2.25975125720036e-15	NS	DOWN	False	True	-0.8782187949981104
COX6B2	0.616665384615385	0.46110527218796	-4.92708522167487	2.86213656023547e-89	NS	DOWN	False	True	5.5437506062902555
COX7A2L	0.411146153846153	0.0354724680756803	1.15074187192119	2.7162890598385702e-132	NS	UP	False	True	-0.739595718075037
COX8C	0.141096153846155	0.895414023495436	1.29332561576354	6.6559642248633e-05	NS	UP	False	True	-1.152229461917385
CPA3	2.98894615384615	0.0056620942511735	-4.47573103448276	1.84757216314029e-88	NS	DOWN	False	True	7.46467718832891
CPA4	1.75928846153846	0.0605774187088997	-3.99849704433498	2.11539605131387e-144	NS	DOWN	False	True	5.75778550587344
CPA5	-0.110623076923075	0.936742823537425	-1.08507142857143	0.0002371105416992	NS	DOWN	False	True	0.974448351648355
CPA6	2.7870076923077	0.0017622855808253	4.07746551724138	8.88541738641432e-45	NS	UP	False	True	-1.2904578249336796
CPAMD8	0.3812	0.490173268931936	-2.26449852216749	1.9260857257414e-70	NS	DOWN	False	True	2.64569852216749
CPB1	-1.06269615384615	0.353542345449988	-1.09246108374384	0.0001410722086132	NS	DOWN	False	True	0.029764929897690084
CPEB1	0.866888461538462	0.2592073737348	1.02999507389163	1.51775029694385e-28	NS	UP	False	True	-0.16310661235316792
CPED1	2.46353076923077	0.001646431089639	4.28290492610837	9.65734836938456e-177	NS	UP	False	True	-1.8193741568775996
CPLX1	-0.0407807692307691	0.948563920178254	-3.22605320197044	1.31742285117216e-119	NS	DOWN	False	True	3.185272432739671
CPLX2	0.248423076923077	0.709749397586949	-2.11103497536946	8.39997720579525e-15	NS	DOWN	False	True	2.359458052292537
CPLX3	-0.599942307692308	0.529836003576231	-3.50829507389162	3.52930989050619e-39	NS	DOWN	False	True	2.908352766199312
CPM	0.619076923076923	0.226198601158628	2.52490591133005	1.40830882052526e-119	NS	UP	False	True	-1.905828988253127
CPNE4	1.05887307692308	0.240394051198795	1.10491280788177	3.48744368724413e-06	NS	UP	False	True	-0.04603973095868996
CPNE6	0.337003846153844	0.758969672725814	-4.32611921182266	3.88230075157387e-43	NS	DOWN	False	True	4.663123057976504
CPNE7	-0.678553846153846	0.326896991818264	3.68700049261084	1.9217521459832e-131	NS	UP	False	True	-4.365554338764686
CPNE9	0.898207692307692	0.292865328585153	-5.35344236453201	5.05850893114494e-72	NS	DOWN	False	True	6.251650056839702
CPO	1.56078846153847	0.0709923908699062	-1.63868669950738	5.73545557718447e-12	NS	DOWN	False	True	3.19947516104585
CPPED1	0.240519230769231	0.50253442545918	2.27244729064039	1.2555954759143502e-173	NS	UP	False	True	-2.031928059871159
CPQ	1.17725384615384	0.114773439856161	1.61613448275862	3.76500251319384e-101	NS	UP	False	True	-0.43888063660477994
CPS1	1.82941923076923	0.0017575072844582	2.89764236453202	7.93006071849239e-157	NS	UP	False	True	-1.0682231337627899
CPSF1	0.400184615384616	0.0719641598571754	-1.01798571428571	1.50851501576896e-70	NS	DOWN	False	True	1.418170329670326
CPSF2	1.15586923076923	0.0080832769171488	1.81456600985222	8.01796192628775e-137	NS	UP	False	True	-0.6586967790829901
CPSF4L	2.44245	0.0139201436360071	-1.50008768472906	7.60095287726125e-07	NS	DOWN	False	True	3.94253768472906
CPSF6	0.807353846153846	0.0025701902872795	1.15732512315271	1.01101271208463e-116	NS	UP	False	True	-0.349971276998864
CPT1B	1.11133076923077	0.0048012648753635	-2.54938916256158	7.88339369800322e-116	NS	DOWN	False	True	3.66071993179235
CPT1C	-0.22905	0.74052019745549	1.28658275862069	6.96207554665996e-59	NS	UP	False	True	-1.51563275862069
CPTP	-0.439719230769232	0.0299353040531582	-1.1590118226601	7.79711753983348e-117	NS	DOWN	False	True	0.7192925918908681
CPVL	0.451761538461538	0.483800277501409	-3.19145418719212	1.28545425704536e-88	NS	DOWN	False	True	3.6432157256536577
CPXM1	0.744146153846155	0.108772660117189	-3.17296551724138	2.77126371370379e-57	NS	DOWN	False	True	3.917111671087535
CRABP1	0.55525	0.618782382067926	-8.98081871921181	2.2284321471401302e-117	NS	DOWN	False	True	9.536068719211809
CRABP2	0.479992307692308	0.511872544167249	-1.96645911330049	1.08750029915565e-52	NS	DOWN	False	True	2.446451420992798
CRACD	0.703946153846154	0.139455793146939	-1.17542167487684	3.49433540934528e-10	NS	DOWN	False	True	1.879367828722994
CRACDL	0.70435	0.120798684407139	-6.60314926108374	8.62528443075436e-174	NS	DOWN	False	True	7.3074992610837395
CRACR2A	1.97786153846154	0.0013676429595744	2.04313694581281	1.90402929845098e-52	NS	UP	False	True	-0.06527540735127002
CRACR2B	0.605815384615385	0.225696611000854	-5.31649753694581	1.3622808429623602e-145	NS	DOWN	False	True	5.922312921561194
CRAT	0.0269153846153856	0.937493266413775	1.23668719211823	3.02044396599702e-43	NS	UP	False	True	-1.2097718075028445
CRB1	1.76426538461538	0.0734866428580379	2.2124330049261	8.903884090282781e-23	NS	UP	False	True	-0.4481676203107199
CRB2	1.38206923076924	0.0451520485443258	-3.28255418719212	9.31406990482983e-51	NS	DOWN	False	True	4.66462341796136
CRB3	0.638411538461539	0.458668744621324	-10.3065290640394	4.4990011606101e-153	NS	DOWN	False	True	10.944940602500939
CRCT1	0.077438461538462	0.974543570217485	-8.97490591133005	5.798807106758721e-132	NS	DOWN	False	True	9.052344372868511
CREB3	0.597488461538464	0.0208887034259188	1.3165512315271	6.945963932634169e-156	NS	UP	False	True	-0.7190627699886359
CREB3L1	-0.186907692307692	0.706164246132155	4.72094581280788	5.17868258757482e-189	NS	UP	False	True	-4.907853505115572
CREB3L2	0.81	0.0205079253034014	2.52625960591133	8.808740657773271e-169	NS	UP	False	True	-1.71625960591133
CRH	0.374996153846157	0.29583522833516	1.80745517241379	3.17610834531889e-14	NS	UP	False	True	-1.432459018567633
CRHBP	2.20756923076923	0.007719449515936	-6.09120640394087	7.009074175339599e-84	NS	DOWN	False	True	8.2987756347101
CRHR1	1.54842307692308	0.186098472836156	-7.97784285714284	1.14174821052478e-157	NS	DOWN	False	True	9.52626593406592
CRHR2	0.649884615384615	0.400406617079904	-4.04388078817733	3.59457176518728e-50	NS	DOWN	False	True	4.693765403561946
CRIP1	-0.0834576923076922	0.861900074427145	-3.39399113300493	2.95872531255979e-104	NS	DOWN	False	True	3.3105334406972378
CRIP2	0.790542307692311	0.010415467519998	-1.38865073891626	1.1251094402854e-72	NS	DOWN	False	True	2.179193046608571
CRISP2	0.460823076923079	0.542301846323022	-3.57786256157635	2.32589221332179e-28	NS	DOWN	False	True	4.0386856384994285
CRISP3	0.475057692307695	0.638960064175726	-4.87760197044335	4.6975456856409805e-52	NS	DOWN	False	True	5.352659662751045
CRISPLD2	0.874799999999999	0.0258707111216246	2.22759507389163	1.74614517810476e-76	NS	UP	False	True	-1.352795073891631
CRK	0.986950000000001	0.0001657237092992	1.51558916256158	2.04687038983738e-119	NS	UP	False	True	-0.5286391625615791
CRLF2	1.14928846153846	0.155081816838496	-5.45880197044334	3.83141861689996e-95	NS	DOWN	False	True	6.6080904319818
CRLS1	0.952892307692309	2.32241358721453e-05	1.06552068965518	1.02927460512933e-102	NS	UP	False	True	-0.11262838196287106
CRMP1	0.582638461538462	0.20661078871268	1.09003103448276	3.20287299000856e-54	NS	UP	False	True	-0.507392572944298
CRNN	0.596000000000001	0.686809589012945	-4.32695172413793	3.1821404115419796e-78	NS	DOWN	False	True	4.922951724137931
CROCC2	1.87114230769231	0.007719449515936	1.31549655172414	2.0258885304958e-06	NS	UP	False	True	0.55564575596817
CRP	-0.234507692307691	0.86353229432908	3.09159507389162	5.6899024626051795e-22	NS	UP	False	True	-3.326102766199311
CRPPA	0.714715384615385	0.124567268318037	1.15167733990148	8.10988865954942e-41	NS	UP	False	True	-0.43696195528609494
CRTAC1	1.50396923076923	0.124941096142851	-6.97957192118226	1.15683762657187e-123	NS	DOWN	False	True	8.48354115195149
CRTAP	0.334026923076925	0.23170291054548	1.91004827586207	4.7784934136036e-140	NS	UP	False	True	-1.576021352785145
CRY2	0.743084615384616	0.0090726697795727	-2.5494157635468	7.625531561372511e-145	NS	DOWN	False	True	3.2925003789314164
CRYBA1	0.639953846153846	0.439815210413121	1.30086798029556	1.85175767313308e-05	NS	UP	False	True	-0.6609141341417141
CRYBA4	0.618796153846155	0.570425662686974	-1.10749458128079	0.0001265115241447	NS	DOWN	False	True	1.726290735126945
CRYBB1	1.27841153846154	0.0233367765623083	-4.2975133004926	4.55434873168373e-51	NS	DOWN	False	True	5.5759248389541405
CRYBB2	-0.0125384615384609	0.992818153342809	-4.46614581280787	3.2787523885193303e-38	NS	DOWN	False	True	4.453607351269409
CRYBB3	0.308523076923079	0.777623345871482	-6.60098817733989	5.7136560311156205e-111	NS	DOWN	False	True	6.909511254262969
CRYBG2	0.067623076923077	0.94959378948628	-9.63690935960591	2.4977257556241598e-162	NS	DOWN	False	True	9.704532436528988
CRYM	-0.93831923076923	0.150974410204566	-3.78747733990148	5.95082001096597e-65	NS	DOWN	False	True	2.84915810913225
CRYZ	1.03700769230769	0.016396282784554	1.15130098522167	1.6618629316939698e-56	NS	UP	False	True	-0.11429329291397994
CSAG2	4.72498461538462	0.0063132870432295	-1.24215862068965	6.822188104405231e-09	NS	DOWN	False	True	5.9671432360742696
CSF1	1.02785769230769	0.02316795342212	3.61964975369458	3.99406718903069e-161	NS	UP	False	True	-2.59179206138689
CSF1R	1.44394615384616	0.0014566759890051	-4.53242167487685	2.9757854080455896e-195	NS	DOWN	False	True	5.97636782872301
CSF2	-1.01276538461539	0.325702044668564	4.50821182266009	7.32096314308332e-34	NS	UP	False	True	-5.52097720727548
CSF2RA	1.33906923076923	0.025050658563747	-7.85032955665024	2.2320367635065703e-117	NS	DOWN	False	True	9.18939878741947
CSF2RB	1.25231538461539	0.0024316105736145	-7.17480295566502	2.63532852556437e-144	NS	DOWN	False	True	8.42711834028041
CSF3	-0.961650000000001	0.511670933765294	4.15697881773399	3.18996517128482e-37	NS	UP	False	True	-5.118628817733992
CSF3R	0.403996153846154	0.313070482989856	-1.86248275862069	1.4423972810154001e-24	NS	DOWN	False	True	2.266478912466844
CSMD1	0.127811538461538	0.939777902050806	-3.65573793103449	7.42820501863834e-41	NS	DOWN	False	True	3.783549469496028
CSMD2	0.96812307692308	0.0978265645254187	3.37269901477832	6.94728839872847e-93	NS	UP	False	True	-2.40457593785524
CSMD3	1.99873461538462	0.0082835788324729	2.60581428571428	5.03411222439796e-23	NS	UP	False	True	-0.6070796703296599
CSNK1A1L	0.643003846153849	0.242062105104115	1.67386650246305	2.19758050943452e-13	NS	UP	False	True	-1.030862656309201
CSNK2A2	0.566969230769232	0.0041058052405191	-1.32171330049261	6.09078900665537e-107	NS	DOWN	False	True	1.888682531261842
CSNK2A3	1.80626538461539	0.0096552404522415	1.11359950738916	2.66996758982371e-24	NS	UP	False	True	0.69266587722623
CSRNP1	0.645846153846155	0.0338322900945318	-2.93889556650246	3.57193533844813e-137	NS	DOWN	False	True	3.584741720348615
CSRNP3	1.16685	0.209158927353738	-1.44318226600985	6.5769630369866404e-24	NS	DOWN	False	True	2.61003226600985
CSRP3	1.65131153846154	0.0539868190997724	-2.44959901477832	1.6301329846916299e-16	NS	DOWN	False	True	4.10091055323986
CST1	-1.60163461538462	0.205431820160009	-1.73926157635468	1.29727267086681e-06	NS	DOWN	False	True	0.13762696097006
CST2	-0.549615384615385	0.564762848912685	-3.14776354679802	2.75338811866788e-22	NS	DOWN	False	True	2.598148162182635
CST6	0.743892307692308	0.568178041917498	-7.98316995073892	2.0592455221683102e-210	NS	DOWN	False	True	8.727062258431229
CST7	-0.183530769230771	0.783453658845756	-7.08261477832512	3.31947126724502e-90	NS	DOWN	False	True	6.8990840090943495
CSTA	0.752942307692306	0.490071508238561	-4.39007487684729	3.4515352995961303e-194	NS	DOWN	False	True	5.143017184539596
CSTF2T	0.821676923076924	0.0079636927940491	1.52691921182266	2.38575434263015e-127	NS	UP	False	True	-0.705242288745736
CSTL1	0.442457692307695	0.451788592740143	-4.03240049261083	6.11006770657137e-37	NS	DOWN	False	True	4.474858184918525
CSTPP1	0.498030769230769	0.030123228738796	-1.16757339901478	1.17790233749709e-119	NS	DOWN	False	True	1.6656041682455491
CTAG1A	0.34319230769231	0.854095524863255	-1.6955078817734	4.1548718350296596e-11	NS	DOWN	False	True	2.03870018946571
CTAG1B	0.827630769230771	0.648850776854814	-2.42400886699507	1.9280660027559497e-18	NS	DOWN	False	True	3.251639636225841
CTAGE1	0.675738461538465	0.216046290628976	1.75660147783251	2.3928162644727202e-15	NS	UP	False	True	-1.0808630162940451
CTAGE15	2.16286538461539	0.0529687515720484	-3.42174729064039	1.36653099476916e-27	NS	DOWN	False	True	5.58461267525578
CTAGE9	-0.170834615384614	0.785968997833558	-2.36482364532019	8.8523183894913e-16	NS	DOWN	False	True	2.193989029935576
CTBP2	0.816219230769231	0.0069853277152758	1.76571921182266	6.38690316125188e-151	NS	UP	False	True	-0.9494999810534289
CTC1	0.549165384615384	0.046429086135014	-1.33075467980295	1.63265978785472e-89	NS	DOWN	False	True	1.879920064418334
CTDP1	-0.0136423076923071	0.95090340682079	-1.1352960591133	7.32942984865513e-120	NS	DOWN	False	True	1.1216537514209928
CTF1	0.379026923076923	0.571747534206745	1.46777487684729	2.61165612390304e-58	NS	UP	False	True	-1.088747953770367
CTH	0.259484615384616	0.570532865621976	2.56358965517241	5.39453496115457e-107	NS	UP	False	True	-2.3041050397877942
CTHRC1	1.15767307692308	0.013274778944968	5.2215078817734	2.47375887062428e-161	NS	UP	False	True	-4.06383480485032
CTIF	0.190853846153846	0.493499802273194	1.23367783251231	6.47385815931739e-74	NS	UP	False	True	-1.0428239863584639
CTLA4	0.237907692307692	0.734328771556277	-3.58867044334975	1.44592552455179e-35	NS	DOWN	False	True	3.8265781356574418
CTNNA2	0.973500000000001	0.235776322300134	-2.27031083743842	2.4706186274923402e-17	NS	DOWN	False	True	3.243810837438421
CTNNA3	1.13288076923077	0.181649614387552	-4.39209408866995	2.28576930297794e-61	NS	DOWN	False	True	5.52497485790072
CTNNAL1	1.40037692307692	0.0019433794618812	1.47147733990148	4.43705417791541e-86	NS	UP	False	True	-0.07110041682455992
CTNNBIP1	0.463407692307691	0.151307056561504	-4.91452216748769	1.6294595296977402e-245	NS	DOWN	False	True	5.3779298597953815
CTNND2	0.590642307692309	0.567858471446354	-4.00275320197044	3.38067032201018e-48	NS	DOWN	False	True	4.593395509662749
CTPS1	0.202715384615386	0.484241823115428	1.1853039408867	2.3265580500582702e-51	NS	UP	False	True	-0.9825885562713141
CTRL	0.399846153846154	0.299152928189412	-1.25140935960591	1.0102484719577999e-19	NS	DOWN	False	True	1.651255513452064
CTSA	-0.168923076923074	0.546588014326857	1.06524088669951	2.9017664334088e-96	NS	UP	False	True	-1.234163963622584
CTSB	0.132826923076923	0.711379320415648	3.21386995073892	2.48566486651553e-209	NS	UP	False	True	-3.081043027661997
CTSC	0.901423076923074	0.0034462355962952	3.69567931034482	1.31179483392073e-181	NS	UP	False	True	-2.794256233421746
CTSE	1.79150384615385	0.0604933335495407	-2.12782709359605	3.80722945756344e-12	NS	DOWN	False	True	3.9193309397498997
CTSG	1.35191923076923	0.207351970420108	-10.8758068965517	8.36214027755281e-162	NS	DOWN	False	True	12.22772612732093
CTSH	-0.227138461538461	0.481596526712056	-3.57832709359606	1.11992189760759e-146	NS	DOWN	False	True	3.351188632057599
CTSK	0.552226923076924	0.407508010689168	1.96341822660098	2.1383024162137602e-47	NS	UP	False	True	-1.4111913035240562
CTSL	0.0110038461538426	0.978614993069614	3.77456896551724	1.52010913964373e-203	NS	UP	False	True	-3.763565119363397
CTSV	0.0632615384615387	0.917271722473137	-5.56991231527094	6.47784220123435e-151	NS	DOWN	False	True	5.63317385373248
CTSW	0.660426923076923	0.324347276105794	-2.76653694581281	4.50104630920583e-47	NS	DOWN	False	True	3.4269638688897333
CTSZ	-0.90154230769231	0.0069423647908289	2.20737339901478	4.21931593014943e-135	NS	UP	False	True	-3.10891570670709
CTTNBP2	0.0507230769230771	0.964200464233996	-3.08318866995074	8.54411912767601e-62	NS	DOWN	False	True	3.1339117468738173
CTXN1	-0.553619230769232	0.287243338450628	-1.26350985221675	1.74813271233114e-43	NS	DOWN	False	True	0.709890621447518
CTXND1	1.82665769230769	0.0543725982794453	-3.2205290640394	6.30177053565535e-98	NS	DOWN	False	True	5.04718675634709
CUEDC1	0.36053076923077	0.17936198278901	1.3610275862069	7.71681514869238e-98	NS	UP	False	True	-1.00049681697613
CUL7	0.390457692307694	0.164879637310163	1.6959433497537	4.05379662628928e-163	NS	UP	False	True	-1.305485657446006
CUL9	0.0961653846153858	0.683628911227085	-1.48208275862069	8.215793044208741e-120	NS	DOWN	False	True	1.5782481432360758
CUX2	1.79572307692308	0.0253401141691438	-3.99093251231528	6.0000573966907504e-58	NS	DOWN	False	True	5.78665558923836
CWH43	0.58978076923077	0.741593018590066	-10.4804315270936	2.6032464834861e-165	NS	DOWN	False	True	11.070212296324371
CX3CL1	1.07510769230769	0.0056736080680651	-6.2067039408867	3.29492230417431e-189	NS	DOWN	False	True	7.2818116331943905
CX3CR1	1.75013076923077	0.0068327203347783	-3.89810295566502	9.23427634009981e-62	NS	DOWN	False	True	5.64823372489579
CXADR	0.669861538461539	0.359384913966627	-8.70117881773398	4.23399253412078e-195	NS	DOWN	False	True	9.37104035619552
CXCL1	-0.455642307692307	0.622472436809278	7.42566108374384	5.25573029244005e-126	NS	UP	False	True	-7.881303391436147
CXCL10	2.33529615384615	0.008108961504051	-3.61564236453202	1.13177711223554e-22	NS	DOWN	False	True	5.95093851837817
CXCL11	2.50218461538462	0.0087559671066429	-1.24699359605911	0.000194455882555	NS	DOWN	False	True	3.7491782114437298
CXCL12	0.867249999999999	0.0217959903179913	2.26316896551724	7.67977546265025e-57	NS	UP	False	True	-1.3959189655172408
CXCL13	0.843703846153846	0.382499659817009	-4.0163251231527	3.83311690077384e-34	NS	DOWN	False	True	4.860028969306546
CXCL14	0.711192307692308	0.497855413600626	-9.8301354679803	8.38329787947012e-274	NS	DOWN	False	True	10.541327775672608
CXCL16	1.34559615384616	0.0011070536961002	-2.7494881773399	4.54947594308976e-159	NS	DOWN	False	True	4.09508433118606
CXCL17	-0.658369230769231	0.652125076120548	-4.13495615763546	5.07366864625704e-38	NS	DOWN	False	True	3.4765869268662293
CXCL2	0.845253846153846	0.2614155454857	3.12928719211823	2.67303570565852e-51	NS	UP	False	True	-2.284033345964384
CXCL3	0.0009923076923076	0.99992305191339	4.77649408866995	3.39621465230235e-86	NS	UP	False	True	-4.775501780977643
CXCL5	1.08259615384615	0.315468471485029	13.0575866995074	5.5515800043945e-188	NS	UP	False	True	-11.97499054566125
CXCL6	2.10222692307693	0.0949263035588841	10.8160128078818	5.4615334091149105e-149	NS	UP	False	True	-8.713785884804869
CXCL8	0.394238461538461	0.678079213736203	5.9820512315271	3.0488647660813e-104	NS	UP	False	True	-5.587812769988639
CXCL9	1.53218461538462	0.0580678584952758	-4.53893990147783	1.11462853747935e-54	NS	DOWN	False	True	6.07112451686245
CXCR1	-0.457415384615385	0.648687817506096	-3.32800837438423	5.78316474061504e-29	NS	DOWN	False	True	2.870592989768845
CXCR2	0.887476923076925	0.358674972628332	-7.87857783251231	6.805233354301159e-125	NS	DOWN	False	True	8.766054755589234
CXCR3	0.0599846153846157	0.937628896068376	-4.48151871921181	1.70651653144343e-62	NS	DOWN	False	True	4.541503334596426
CXCR4	1.32943461538462	0.0025901442925922	-6.02451625615763	3.3363279939074202e-133	NS	DOWN	False	True	7.35395087154225
CXCR5	-1.06007307692308	0.24909763986919	-5.80992807881773	5.82069728412192e-37	NS	DOWN	False	True	4.74985500189465
CXCR6	0.906519230769231	0.112174196222118	-2.02101280788177	3.91948455635623e-40	NS	DOWN	False	True	2.9275320386510013
CXXC1	0.379650000000001	0.0246949106907064	-1.17073743842365	3.54785588399279e-98	NS	DOWN	False	True	1.550387438423651
CXXC4	2.26624230769231	0.0074174988100444	-2.99716650246306	1.12295152342364e-38	NS	DOWN	False	True	5.26340881015537
CXorf65	0.983188461538462	0.140976259145911	-7.54367635467979	6.3656030542348206e-111	NS	DOWN	False	True	8.526864816218252
CYB561D2	-0.0362807692307685	0.894221026846321	1.38504827586207	2.37599858441152e-128	NS	UP	False	True	-1.4213290450928384
CYB5B	0.442957692307693	0.124487552724504	1.03640443349754	8.32614123335047e-108	NS	UP	False	True	-0.593446741189847
CYB5R1	-0.17315769230769	0.551499574569693	-2.1539527093596	1.2263018494800701e-186	NS	DOWN	False	True	1.9807950170519097
CYB5R2	1.89738076923077	0.0086719866574712	-1.5190921182266	6.10694155529388e-115	NS	DOWN	False	True	3.41647288745737
CYB5R4	1.24543461538462	0.0077255247158878	1.43649014778325	4.00360725790839e-88	NS	UP	False	True	-0.19105553239862982
CYB5RL	0.297226923076923	0.286911151365858	1.55547142857143	1.24995423953501e-90	NS	UP	False	True	-1.258244505494507
CYBA	-0.409296153846155	0.1792616563555	2.09726502463054	7.58310496808394e-132	NS	UP	False	True	-2.506561178476695
CYP11A1	0.0931500000000001	0.946614956621061	1.55421083743843	4.20733303042474e-32	NS	UP	False	True	-1.46106083743843
CYP17A1	1.60160384615385	0.104024065545846	-1.63814137931034	6.939555664131701e-10	NS	DOWN	False	True	3.23974522546419
CYP19A1	1.33634615384615	0.1506800031395	5.53378719211823	2.19206061894804e-133	NS	UP	False	True	-4.19744103827208
CYP1A1	0.0239000000000003	0.981591772667476	-4.45413349753694	1.6072021160225e-45	NS	DOWN	False	True	4.4780334975369405
CYP1A2	0.852911538461543	0.252054076915911	-5.33544679802955	4.71676158428737e-54	NS	DOWN	False	True	6.188358336491093
CYP1B1	1.12692692307692	0.0228089632607563	3.02330591133005	2.36388669034104e-78	NS	UP	False	True	-1.8963789882531301
CYP20A1	0.919053846153846	0.000935680711911	1.07245221674877	1.2025198634141e-120	NS	UP	False	True	-0.153398370594924
CYP21A2	1.55541153846154	0.0421783096120861	-1.38562463054187	1.90525417336345e-13	NS	DOWN	False	True	2.94103616900341
CYP24A1	2.46615	0.008943763042595	-4.27014679802955	1.18629052970547e-39	NS	DOWN	False	True	6.73629679802955
CYP26A1	2.49822307692308	0.0318885934861719	-1.94311330049261	2.4064367415445503e-09	NS	DOWN	False	True	4.44133637741569
CYP26B1	0.521115384615385	0.209722917747502	-5.9912433497537	9.84245405507655e-192	NS	DOWN	False	True	6.5123587343690845
CYP26C1	0.44536153846154	0.689409138060212	1.45127980295566	4.29718847536864e-10	NS	UP	False	True	-1.00591826449412
CYP27C1	2.83776153846154	0.0021105849525634	-4.44575369458128	3.2677900785913702e-149	NS	DOWN	False	True	7.28351523304282
CYP2B6	0.549834615384617	0.511060807342046	-1.07821428571428	3.13828401749734e-05	NS	DOWN	False	True	1.628048901098897
CYP2C18	1.1865076923077	0.386816576219804	-10.1118689655172	7.46904563224863e-189	NS	DOWN	False	True	11.2983766578249
CYP2C19	0.433065384615389	0.384937204251594	-4.24846108374383	6.64206179480686e-46	NS	DOWN	False	True	4.68152646835922
CYP2C8	1.41002307692308	0.223201223554276	-2.14135123152709	2.29319093543885e-21	NS	DOWN	False	True	3.5513743084501703
CYP2C9	1.03985769230769	0.291149251752587	-7.1971133004926	6.612663778185239e-116	NS	DOWN	False	True	8.23697099280029
CYP2D6	1.23938076923077	0.0165954375198354	-2.6794197044335	1.12757459448404e-108	NS	DOWN	False	True	3.91880047366427
CYP2E1	1.22008076923077	0.0945803200326598	-3.76527783251232	9.143612117641991e-161	NS	DOWN	False	True	4.985358601743091
CYP2J2	2.20150769230769	0.0173271254967213	-6.27883842364532	2.6424834778833303e-151	NS	DOWN	False	True	8.48034611595301
CYP2R1	0.666853846153845	0.0079754555423226	-1.37477142857142	3.09918316417383e-83	NS	DOWN	False	True	2.041625274725265
CYP2S1	0.709326923076923	0.144768482596519	-3.02587389162562	5.9273560165403096e-71	NS	DOWN	False	True	3.7352008147025426
CYP2U1	0.504096153846154	0.311887745183402	2.74036009852217	3.11552927648222e-174	NS	UP	False	True	-2.2362639446760157
CYP2W1	1.82426538461539	0.0547048104375054	-9.83237044334975	3.04200725458797e-160	NS	DOWN	False	True	11.656635827965141
CYP39A1	1.2917	0.0325512224434875	-3.47472955665025	1.47560420325522e-99	NS	DOWN	False	True	4.76642955665025
CYP3A4	1.62911538461539	0.129476319554121	-6.60337733990147	3.95243597918092e-113	NS	DOWN	False	True	8.23249272451686
CYP3A43	0.948342307692311	0.211155921995813	-2.06351133004925	5.5349163625638006e-15	NS	DOWN	False	True	3.011853637741561
CYP3A5	1.65936923076923	0.0176891150348616	-5.65455024630542	6.13090328038135e-205	NS	DOWN	False	True	7.31391947707465
CYP3A7-CYP3A51P	1.84657307692308	0.0122399981425879	1.1353684729064	4.80203052169777e-05	NS	UP	False	True	0.71120460401668
CYP46A1	1.04725	0.127759061689695	-1.19091280788177	1.73136282951375e-33	NS	DOWN	False	True	2.23816280788177
CYP4A11	-0.929934615384615	0.352940030815271	-4.9772738916256	1.6159285597927898e-78	NS	DOWN	False	True	4.047339276240986
CYP4A22	1.04449230769231	0.120959119700101	-5.09270738916255	8.00112760885496e-89	NS	DOWN	False	True	6.13719969685486
CYP4B1	0.892069230769233	0.53496514437943	-6.93379310344828	8.279312401706901e-134	NS	DOWN	False	True	7.825862334217513
CYP4F11	2.19975384615385	0.0433657346700489	-5.22868669950739	1.32012067763971e-54	NS	DOWN	False	True	7.428440545661241
CYP4F12	1.67888076923077	0.106786207777089	-10.9800807881773	3.03461680525729e-191	NS	DOWN	False	True	12.65896155740807
CYP4F2	1.69546153846154	0.143304161982332	-6.6089738916256	9.238419713005441e-91	NS	DOWN	False	True	8.304435430087139
CYP4F22	0.736730769230769	0.589925545235117	-13.2554566502463	6.579928274363661e-233	NS	DOWN	False	True	13.99218741947707
CYP4F3	2.01908461538462	0.0290684312227102	-7.4091566502463	1.01259477278417e-152	NS	DOWN	False	True	9.42824126563092
CYP4F8	-0.166126923076922	0.874717700948816	-9.98719261083743	8.09663911851238e-109	NS	DOWN	False	True	9.821065687760509
CYP4V2	1.46065	0.0029636640709274	2.13300295566502	7.653108189599719e-103	NS	UP	False	True	-0.6723529556650198
CYP4X1	2.12891538461539	0.003293350885292	-7.10875615763546	2.16335623690747e-136	NS	DOWN	False	True	9.23767154225085
CYP4Z1	0.844919230769232	0.220951892775318	-8.09209950738915	3.36844124913717e-163	NS	DOWN	False	True	8.937018738158383
CYP7A1	1.52877307692308	0.101996546694561	-1.93627487684729	3.4857655550699204e-19	NS	DOWN	False	True	3.46504795377037
CYP7B1	2.27143076923077	0.0032933936346868	2.67925418719212	6.66749401254062e-87	NS	UP	False	True	-0.40782341796135
CYP8B1	0.849861538461539	0.327352455906254	-2.60608916256157	1.368026600932e-33	NS	DOWN	False	True	3.455950701023109
CYS1	1.34571153846154	0.0147941283294567	-1.62223399014778	1.45630294243013e-16	NS	DOWN	False	True	2.96794552860932
CYSLTR2	2.97142692307692	0.0080762530095106	-7.44406699507388	1.29934919585189e-160	NS	DOWN	False	True	10.4154939181508
CYSRT1	0.129196153846154	0.857425921271425	-4.78514088669951	1.2234784101061e-170	NS	DOWN	False	True	4.914337040545664
CYTH1	0.460911538461537	0.0450763059481589	-2.05574679802956	6.18682590216918e-221	NS	DOWN	False	True	2.516658336491097
CYTH3	0.0981115384615387	0.796255507662245	1.37822019704434	1.2962282496671599e-108	NS	UP	False	True	-1.2801086585828012
CYTH4	0.91355	0.0207050664952689	-4.95340689655172	1.47128765123321e-99	NS	DOWN	False	True	5.86695689655172
CYTIP	1.11913461538462	0.0154519068441686	-6.31015024630541	3.88954894025364e-96	NS	DOWN	False	True	7.42928486169003
CZIB	0.184784615384615	0.302073577018921	1.04028078817734	3.8301753105413796e-116	NS	UP	False	True	-0.8554961727927249
D2HGDH	0.807476923076923	0.0040887764801141	-1.07967536945813	4.3229873914175704e-67	NS	DOWN	False	True	1.887152292535053
DAAM1	1.18705769230769	0.003771056218731	-1.89558128078818	6.37243598307021e-118	NS	DOWN	False	True	3.08263897309587
DAAM2	0.689473076923075	0.171069587078286	1.0532	1.69589247555055e-21	NS	UP	False	True	-0.3637269230769249
DAB2	-0.301138461538463	0.482618307771487	4.15282118226601	1.67442798198302e-199	NS	UP	False	True	-4.453959643804473
DAB2IP	0.907734615384617	0.0024004035363505	-1.28550886699507	2.8686236265677e-75	NS	DOWN	False	True	2.193243482379687
DACH1	0.479553846153848	0.496701441283195	-7.45419507389162	5.50318536040124e-147	NS	DOWN	False	True	7.933748920045469
DACH2	0.26026153846154	0.739249956641358	-3.13412709359606	3.2398443606840995e-37	NS	DOWN	False	True	3.3943886320576
DACT2	1.43041538461538	0.0917022521621425	-11.0884763546798	1.50861137060676e-224	NS	DOWN	False	True	12.51889173929518
DACT3	1.07093076923077	0.0410843012120451	1.01964384236453	5.28736505913519e-31	NS	UP	False	True	0.051286926866239924
DAD1	0.0673076923076916	0.759019529755337	1.42623891625615	1.5083585575843899e-174	NS	UP	False	True	-1.3589312239484583
DAND5	0.481811538461539	0.542509752393535	-1.40698719211822	3.77346807804173e-07	NS	DOWN	False	True	1.8887987305797589
DAP	0.600988461538463	0.0296074962708474	1.27720098522168	1.96482963649923e-131	NS	UP	False	True	-0.6762125236832169
DAPK2	0.802015384615385	0.035279032800433	-1.21404926108374	2.1844811544414e-25	NS	DOWN	False	True	2.016064645699125
DAPL1	0.601776923076924	0.511741764638981	-12.459457635468	3.72787322912948e-171	NS	DOWN	False	True	13.061234558544925
DAPP1	1.82951923076923	0.0014583128545227	-8.24514187192118	1.63974355727113e-163	NS	DOWN	False	True	10.074661102690412
DARS2	0.445542307692308	0.173170727740571	1.95282512315271	1.64221094005457e-140	NS	UP	False	True	-1.507282815460402
DAW1	2.38652692307693	0.0133212355024954	3.88310689655172	1.67497135991617e-46	NS	UP	False	True	-1.4965799734747902
DAZ1	-1.06408846153846	0.505863817312033	-5.83889655172413	7.541231683071451e-47	NS	DOWN	False	True	4.77480809018567
DAZ2	-0.929730769230767	0.216736456934755	-2.1726039408867	1.5907953342441798e-18	NS	DOWN	False	True	1.2428731716559331
DAZ3	-0.158096153846154	0.903096027933202	-3.38896354679802	3.04815757517647e-29	NS	DOWN	False	True	3.230867392951866
DAZ4	-0.0981846153846142	0.921873314778617	-2.04385812807882	1.40955726203425e-18	NS	DOWN	False	True	1.945673512694206
DAZL	0.0875692307692315	0.926284520690575	2.28766305418719	1.06948017280165e-17	NS	UP	False	True	-2.2000938234179586
DBF4	1.22964615384615	0.0046771344470391	1.22907783251232	1.76527477108326e-60	NS	UP	False	True	0.000568321333830113
DBN1	0.521769230769229	0.0838002377017178	2.52780246305419	2.95002638917487e-132	NS	UP	False	True	-2.006033232284961
DBNDD1	-0.450346153846155	0.297915009953867	-4.61072857142858	4.2783307254057804e-198	NS	DOWN	False	True	4.160382417582425
DBNDD2	0.163376923076921	0.61190543705182	-2.1339881773399	2.32921764064963e-129	NS	DOWN	False	True	2.297365100416821
DBP	0.321034615384615	0.217273637317986	-3.25073497536946	2.10415594850189e-120	NS	DOWN	False	True	3.5717695907540747
DBX2	0.728711538461543	0.282227730147115	-7.1119172413793	2.59729762990238e-133	NS	DOWN	False	True	7.840628779840843
DCAF15	-0.000342307692307	0.999703692062462	-1.41346798029557	4.30962860470602e-124	NS	DOWN	False	True	1.413125672603263
DCAF6	0.885350000000001	0.0017233032500636	1.00964433497537	1.65446616903272e-90	NS	UP	False	True	-0.12429433497536913
DCANP1	-0.323403846153847	0.760332109939409	-4.39314532019704	3.46805309918155e-63	NS	DOWN	False	True	4.069741474043193
DCBLD2	1.40075384615385	0.0013676429595744	3.23157536945813	5.6405719587567404e-189	NS	UP	False	True	-1.8308215233042802
DCD	-2.53527692307692	0.0246214558096139	-11.0525901477833	1.32283464377946e-99	NS	DOWN	False	True	8.517313224706381
DCDC2	-0.131411538461538	0.895783201367506	-1.87432561576355	7.421745542996639e-16	NS	DOWN	False	True	1.742914077302012
DCDC2B	1.87043076923077	0.0292666204289417	1.84363251231526	2.38156034611527e-21	NS	UP	False	True	0.026798256915510077
DCDC2C	0.376896153846157	0.309898924251162	-2.14905369458127	1.4840866744182502e-19	NS	DOWN	False	True	2.525949848427427
DCHS2	0.916957692307694	0.279558180874136	1.05454975369458	8.384047556214569e-16	NS	UP	False	True	-0.13759206138688607
DCLK1	0.326342307692308	0.640787410631515	-1.52031527093596	5.0711317416299504e-24	NS	DOWN	False	True	1.846657578628268
DCLK3	1.21024230769231	0.0472358523645291	-3.37017290640394	4.22476052062993e-45	NS	DOWN	False	True	4.58041521409625
DCLRE1B	0.452184615384615	0.131413142270007	1.39728620689655	2.58450974813239e-91	NS	UP	False	True	-0.945101591511935
DCN	1.55455769230769	0.0023703062039511	2.98663399014779	4.53130214448919e-134	NS	UP	False	True	-1.4320762978400998
DCP1B	0.47103076923077	0.0471192826584619	1.00316009852217	2.17667461899472e-86	NS	UP	False	True	-0.5321293292914
DCST1	-0.270815384615385	0.782542953861658	-7.89582463054186	6.344166520187639e-138	NS	DOWN	False	True	7.625009245926475
DCST2	0.312315384615385	0.513711284039239	-5.78335467980296	1.6448624836139001e-143	NS	DOWN	False	True	6.095670064418345
DCSTAMP	2.79011153846154	0.0010797637482298	6.05127586206896	2.13143482691979e-64	NS	UP	False	True	-3.26116432360742
DCT	0.47083846153846	0.715416449542953	-7.64265714285714	2.8505209567763597e-179	NS	DOWN	False	True	8.1134956043956
DCTD	0.899969230769228	0.0001116414287072	1.82197881773399	1.32724251683387e-218	NS	UP	False	True	-0.922009586964762
DCUN1D3	0.801546153846153	0.0026218210207719	1.06996354679803	1.3539995899817e-62	NS	UP	False	True	-0.26841739295187694
DCUN1D5	0.947642307692309	0.0018477587535759	1.57194384236453	9.820947311821271e-131	NS	UP	False	True	-0.624301534672221
DCX	1.00116923076923	0.406131121454566	-1.9415369458128	2.56208618288969e-22	NS	DOWN	False	True	2.94270617658203
DDAH1	1.57420384615385	0.0011054454813164	4.04362413793104	1.41755745613629e-240	NS	UP	False	True	-2.4694202917771904
DDAH2	0.0940884615384601	0.763782202961839	-1.31313004926108	3.8795180500570194e-92	NS	DOWN	False	True	1.40721851079954
DDB2	0.317749999999998	0.21628296951485	-1.10529704433498	2.75812386251539e-85	NS	DOWN	False	True	1.423047044334978
DDC	1.65941153846154	0.122226765601086	-1.68703054187192	5.36492587543666e-06	NS	DOWN	False	True	3.34644208033346
DDI1	0.492534615384617	0.292696743065232	3.3722290640394	2.72402854599393e-37	NS	UP	False	True	-2.879694448654783
DDIAS	1.00205384615385	0.0267809047546872	1.32528571428571	6.42650619249717e-39	NS	UP	False	True	-0.32323186813186
DDIT4L	2.30133461538462	0.0068957202593696	1.43961527093596	3.9691482724804e-26	NS	UP	False	True	0.8617193444486599
DDO	2.71881153846154	0.0028230718574583	1.06638669950739	8.885779246906291e-14	NS	UP	False	True	1.6524248389541498
DDOST	0.371096153846156	0.120647443786832	1.68807635467981	9.534939098387539e-204	NS	UP	False	True	-1.3169802008336542
DDR1	0.717823076923077	0.0272992957153119	-3.74870738916256	5.636524998630501e-237	NS	DOWN	False	True	4.466530466085637
DDR2	1.54418461538462	0.0084009542752008	4.1098881773399	2.02343032994021e-203	NS	UP	False	True	-2.5657035619552797
DDX11	0.0203499999999996	0.954890415385017	-1.03959261083743	1.83456620033171e-46	NS	DOWN	False	True	1.0599426108374297
DDX20	0.828069230769232	0.0055506764180506	1.14239014778325	6.37364484154211e-78	NS	UP	False	True	-0.3143209170140181
DDX25	0.538176923076924	0.541747589649508	-4.43421871921182	4.25364869840234e-60	NS	DOWN	False	True	4.9723956422887445
DDX4	0.217969230769231	0.809411187487764	1.76928325123153	1.2267713796676302e-09	NS	UP	False	True	-1.551314020462299
DEDD2	0.0755269230769251	0.709258987422725	-1.39580049261084	3.1123649511787003e-111	NS	DOWN	False	True	1.4713274156877651
DEF6	0.395592307692309	0.313863410287276	-5.24050147783251	1.39199754821745e-265	NS	DOWN	False	True	5.636093785524818
DEFA1	-1.77646923076923	0.141633025068117	-1.95441034482758	7.6023448476684e-06	NS	DOWN	False	True	0.17794111405835
DEFA1B	-1.12618076923077	0.351404684908406	-1.77202068965517	0.0002153044494826	NS	DOWN	False	True	0.6458399204244001
DEFA6	-0.0649230769230726	0.907429243748285	-2.68891970443349	3.8878210819943803e-10	NS	DOWN	False	True	2.6239966275104174
DEFB1	0.698834615384615	0.670879006413595	-12.0217625615764	5.42122911729944e-159	NS	DOWN	False	True	12.720597176961014
DEFB103A	0.885773076923078	0.664671674394664	-5.47573349753693	2.25443226314184e-50	NS	DOWN	False	True	6.361506574460008
DEFB103B	-1.11692307692308	0.48024049878496	-4.09827487684728	3.390588976147e-28	NS	DOWN	False	True	2.9813517999242
DEFB124	2.23119230769231	0.075612554995153	-3.36565714285714	1.13138107070498e-16	NS	DOWN	False	True	5.59684945054945
DEFB4A	0.655965384615384	0.797422754845592	-3.06502610837438	4.31383441851147e-16	NS	DOWN	False	True	3.7209914929897643
DEGS1	0.503780769230767	0.0365793005938575	-2.17375763546798	1.02849791405778e-167	NS	DOWN	False	True	2.677538404698747
DEGS2	0.241676923076924	0.827799486859293	-9.21092660098522	2.58152601150449e-219	NS	DOWN	False	True	9.452603524062143
DELEC1	-0.169111538461539	0.897110491524576	2.43370492610837	2.79830686472502e-20	NS	UP	False	True	-2.602816464569909
DENND10	0.387603846153846	0.190429640362333	1.39892216748769	5.0543028497315e-134	NS	UP	False	True	-1.011318321333844
DENND1A	-0.0056538461538457	0.988524963147684	1.51514433497537	3.5835527779233303e-85	NS	UP	False	True	-1.5207981811292157
DENND1C	0.15895	0.714225119259877	-8.65587684729064	4.498456282164399e-180	NS	DOWN	False	True	8.814826847290641
DENND2A	1.07421923076923	0.0288216826351474	-1.12655172413793	2.32243709771068e-16	NS	DOWN	False	True	2.20077095490716
DENND2C	1.40113461538462	0.041014248807381	-4.28361330049261	1.54300080532791e-249	NS	DOWN	False	True	5.68474791587723
DENND2D	-0.625007692307693	0.250210661911722	-2.55728669950739	4.23224366959592e-156	NS	DOWN	False	True	1.9322790071996971
DENND5A	0.86509230769231	0.0037106041443933	1.79579211822661	2.69993664078861e-158	NS	UP	False	True	-0.9306998105342998
DENND5B	0.45738076923077	0.253661998329344	2.34188374384237	4.38124260306757e-150	NS	UP	False	True	-1.8845029746116002
DEPDC1	1.23020769230769	0.0182909685183973	2.30926157635468	1.09390749822322e-29	NS	UP	False	True	-1.0790538840469903
DEPDC4	1.07241923076923	0.0932745369450661	1.23819458128079	4.801991744509961e-19	NS	UP	False	True	-0.16577535051156
DERL1	0.406950000000003	0.0726346354166528	1.30774827586207	2.8360038368588304e-151	NS	UP	False	True	-0.900798275862067
DERL2	0.567400000000001	0.0112418016105011	1.25068472906404	4.93024241260185e-136	NS	UP	False	True	-0.6832847290640389
DERL3	0.0275923076923079	0.962786172181259	-1.05585073891626	2.1139939033099502e-19	NS	DOWN	False	True	1.0834430466085678
DES	-0.496407692307692	0.622514737859297	-3.48088374384237	9.4391297706258e-87	NS	DOWN	False	True	2.9844760515346778
DESI2	0.884084615384616	0.0034641386631989	1.2627645320197	1.52935526235979e-143	NS	UP	False	True	-0.37867991663508405
DET1	0.453073076923077	0.154027388484852	1.13692955665025	2.28976280198748e-79	NS	UP	False	True	-0.6838564797271729
DEUP1	1.53728076923077	0.0321097656376338	-1.24500935960591	1.74084496899348e-05	NS	DOWN	False	True	2.7822901288366797
DFFA	0.137407692307692	0.572044343002234	1.43535270935961	5.00829821245073e-133	NS	UP	False	True	-1.297945017051918
DFFB	0.767892307692308	0.0006041826587481	1.30796108374384	8.90966936146046e-102	NS	UP	False	True	-0.540068776051532
DGAT2	0.571000000000001	0.250678771943382	-4.83087093596059	6.11663325238959e-218	NS	DOWN	False	True	5.4018709359605905
DGAT2L6	-0.40857692307692	0.672559342764332	-5.14716798029556	1.63195126515088e-38	NS	DOWN	False	True	4.73859105721864
DGCR2	0.432915384615384	0.0257271106426913	-1.02806798029557	5.31061701405897e-78	NS	DOWN	False	True	1.4609833649109538
DGCR6	-0.948688461538463	0.0483547628394237	-2.42128965517241	3.8093475853923e-116	NS	DOWN	False	True	1.472601193633947
DGKG	0.839753846153846	0.166120104836102	-4.00219950738916	1.61327854792031e-61	NS	DOWN	False	True	4.841953353543006
DGKI	0.510011538461539	0.428897811992762	3.75905369458128	2.42723199621004e-107	NS	UP	False	True	-3.249042156119741
DHCR24	1.26502307692308	0.107886840702856	-2.17520492610837	2.0084997233766998e-115	NS	DOWN	False	True	3.44022800303145
DHCR7	1.08108076923077	0.0459345841779281	-1.32895763546798	3.31562155453632e-50	NS	DOWN	False	True	2.41003840469875
DHDH	-0.484611538461539	0.248742321148351	-2.64391428571428	1.40558999011738e-20	NS	DOWN	False	True	2.159302747252741
DHFR	0.720634615384615	0.0568565992170097	2.29691871921182	2.90299950561762e-93	NS	UP	False	True	-1.576284103827205
DHH	1.89385769230769	0.0038838748064344	-4.23902610837437	1.01706442716496e-64	NS	DOWN	False	True	6.13288380068206
DHRS1	0.0723230769230767	0.821090121184023	-2.08210098522167	2.8933556925729e-165	NS	DOWN	False	True	2.154424062144747
DHRS11	-0.067742307692308	0.844096426955778	-2.06011921182266	2.2068307418836898e-135	NS	DOWN	False	True	1.992376904130352
DHRS12	-0.139473076923077	0.586981286759935	-1.4303763546798	7.79999802059493e-96	NS	DOWN	False	True	1.290903277756723
DHRS13	0.173057692307691	0.73255884812342	-1.39636650246305	6.26491469650019e-87	NS	DOWN	False	True	1.569424194770741
DHRS7C	0.41865384615385	0.281568344920412	-1.02181477832512	0.0007150214953591	NS	DOWN	False	True	1.44046862447897
DHRS9	0.477173076923078	0.507411009816591	-6.42615812807881	7.21219215548357e-86	NS	DOWN	False	True	6.903331205001888
DHRSX	0.316830769230769	0.246844896713739	1.45554926108375	3.0528510422355697e-140	NS	UP	False	True	-1.138718491852981
DHX33	0.542438461538461	0.0642840659344951	1.32538719211823	5.5607277659792605e-87	NS	UP	False	True	-0.7829487305797691
DIAPH1	0.272665384615385	0.225191276002047	-1.05354729064039	4.3374708502319196e-96	NS	DOWN	False	True	1.326212675255775
DIAPH2	1.08023461538462	0.0105531238304588	1.20764384236453	1.23521324960095e-102	NS	UP	False	True	-0.12740922697990986
DIAPH3	1.04199615384615	0.0374950292861686	2.91273793103448	1.21092358847889e-77	NS	UP	False	True	-1.8707417771883301
DIMT1	0.91875	0.0018120935014304	1.67860935960591	4.67806342165364e-162	NS	UP	False	True	-0.75985935960591
DIO1	2.81268461538462	0.0019409610001303	1.47343004926108	3.89124616288392e-10	NS	UP	False	True	1.3392545661235402
DIO3	0.725334615384618	0.4038340878054	-7.29942167487684	7.2535019090204005e-96	NS	DOWN	False	True	8.024756290261458
DIP2B	0.94933076923077	0.0027835748460535	-1.19153743842364	1.38101107012372e-102	NS	DOWN	False	True	2.14086820765441
DIP2C	0.755742307692306	0.024009527187004	1.64029162561577	4.1255156318848796e-103	NS	UP	False	True	-0.884549317923464
DIP2C-AS1	0.159776923076923	0.82302218362798	-3.04011822660098	1.33975394887706e-66	NS	DOWN	False	True	3.1998951496779027
DIPK1A	0.552042307692308	0.105057808545341	2.0723275862069	1.92557274248304e-155	NS	UP	False	True	-1.520285278514592
DIPK1B	-1.29813076923077	0.0038784985320417	-3.94019753694581	1.8389317227193598e-185	NS	DOWN	False	True	2.64206676771504
DIPK1C	-2.08935384615385	0.0055368671778165	-9.56156551724137	3.66884875654005e-208	NS	DOWN	False	True	7.4722116710875195
DIPK2B	0.515353846153846	0.11047090035954	-7.6959290640394	1.11066131160437e-175	NS	DOWN	False	True	8.211282910193246
DIRAS1	0.819746153846154	0.0458686350614855	2.12375073891626	8.2011827782446e-83	NS	UP	False	True	-1.304004585070106
DIRAS2	1.31827692307693	0.142022964643387	-4.19154729064038	2.70071171120863e-69	NS	DOWN	False	True	5.509824213717311
DIRC1	0.989388461538466	0.310187156562292	8.81523349753694	6.23973536374213e-130	NS	UP	False	True	-7.825845035998475
DISP2	0.549307692307692	0.370371693776799	1.62209901477832	3.92790450696476e-16	NS	UP	False	True	-1.072791322470628
DKK1	1.20495	0.265733504894318	7.15676600985222	2.71558113428334e-156	NS	UP	False	True	-5.9518160098522195
DKK4	0.141650000000004	0.886665698376253	-3.81737980295565	1.69773480850995e-37	NS	DOWN	False	True	3.9590298029556537
DKKL1	0.729507692307692	0.246633738585088	1.41256157635468	1.49296416697482e-05	NS	UP	False	True	-0.683053884046988
DLEC1	1.23165384615385	0.0261238447324521	-2.31584137931034	2.62785890635088e-62	NS	DOWN	False	True	3.54749522546419
DLG2	2.16865384615385	0.0012319667588661	-4.2278236453202	1.6308819926882e-184	NS	DOWN	False	True	6.39647749147405
DLG3	1.21869615384615	0.0033579369928742	-1.67094581280788	2.68581015394745e-118	NS	DOWN	False	True	2.88964196665403
DLGAP2	-0.703765384615384	0.524435633761166	-4.64954876847291	7.77698169913049e-99	NS	DOWN	False	True	3.9457833838575267
DLGAP3	-1.01406153846154	0.0864761178404262	-2.08391822660098	2.45035330605102e-39	NS	DOWN	False	True	1.06985668813944
DLGAP5	0.927957692307693	0.0452985360454348	1.88091379310345	1.28674254610218e-17	NS	UP	False	True	-0.9529561007957571
DLK1	-0.414465384615385	0.783999296584338	-1.57262660098522	1.1979467873316898e-11	NS	DOWN	False	True	1.158161216369835
DLK2	0.919784615384615	0.0388617867753684	-4.62128571428572	2.09176406746686e-219	NS	DOWN	False	True	5.541070329670335
DLL1	0.60585	0.149685507687447	-4.48741724137931	9.37979019348969e-199	NS	DOWN	False	True	5.09326724137931
DLL4	0.772915384615384	0.0187425010605539	-6.91015714285714	1.4768641260323798e-158	NS	DOWN	False	True	7.6830725274725244
DLX2	2.08088461538462	0.0063359453714883	1.37965960591133	1.19697513868914e-15	NS	UP	False	True	0.7012250094732899
DLX3	0.623992307692309	0.527301892612736	-10.0161921182266	2.98448629923236e-168	NS	DOWN	False	True	10.640184425918909
DLX4	1.17053846153846	0.0392564729004258	-5.33782610837438	1.5349951165026402e-113	NS	DOWN	False	True	6.508364569912841
DLX5	1.3301	0.0736305463746737	-11.8131980295566	8.624007967987911e-188	NS	DOWN	False	True	13.1432980295566
DLX6	2.56757307692308	0.0141847947485218	-9.42018866995073	2.2587349165079702e-200	NS	DOWN	False	True	11.987761746873808
DMBX1	-0.181565384615383	0.867542245766022	-2.47999162561576	3.5525896925345504e-21	NS	DOWN	False	True	2.298426241000377
DMKN	-0.228300000000003	0.789803301871725	-7.45669753694582	1.6412336908595398e-237	NS	DOWN	False	True	7.228397536945818
DMRT3	1.22234230769231	0.0096766382090757	-6.77398078817732	6.68626098792519e-130	NS	DOWN	False	True	7.99632309586963
DMRTC1	0.53698076923077	0.516603468771032	-3.06865763546798	1.4259421292360099e-30	NS	DOWN	False	True	3.60563840469875
DMRTC1B	0.473280769230771	0.676933353402562	-6.57431871921181	1.20037992823067e-98	NS	DOWN	False	True	7.0475994884425806
DMTN	0.596119230769232	0.204522833608064	-5.32822068965517	5.97755220571121e-236	NS	DOWN	False	True	5.924339920424402
DMWD	0.33903076923077	0.122471695244697	1.13435862068966	1.5153249792611001e-74	NS	UP	False	True	-0.7953278514588901
DNAAF10	0.663949999999999	0.0109078243724695	1.08533103448276	5.26046109852641e-88	NS	UP	False	True	-0.421381034482761
DNAAF11	1.08263461538462	0.0208916320004361	1.48633793103448	1.2578018077246901e-73	NS	UP	False	True	-0.40370331564985995
DNAAF3	-0.486753846153846	0.188182425119588	-2.87669901477833	3.70992379463586e-64	NS	DOWN	False	True	2.389945168624484
DNAAF4	0.99765	0.0108407999788334	1.60539310344828	4.9903405629967394e-40	NS	UP	False	True	-0.60774310344828
DNAAF8	0.623573076923077	0.0790465435129201	1.2527236453202	4.84976550431795e-37	NS	UP	False	True	-0.629150568397123
DNAH10	1.66564230769231	0.0253430326359921	3.4172078817734	5.85665966871405e-72	NS	UP	False	True	-1.75156557408109
DNAH12	1.76377307692308	0.059523017564401	1.15230443349753	2.74278140162555e-08	NS	UP	False	True	0.6114686434255499
DNAH14	0.949188461538461	0.0053637495999576	3.21404384236453	1.30881629809559e-121	NS	UP	False	True	-2.2648553808260687
DNAH17	0.787107692307693	0.0640295458568366	-1.65931280788177	4.07091111962452e-74	NS	DOWN	False	True	2.446420500189463
DNAH3	2.46488846153846	0.0131472422201852	-5.95155862068965	3.35343368836947e-88	NS	DOWN	False	True	8.41644708222811
DNAH5	0.975476923076924	0.358736738463669	3.098821182266	5.96495175332267e-53	NS	UP	False	True	-2.123344259189076
DNAH8	0.0152153846153844	0.98664784927641	-6.08281871921182	1.3639514469946499e-62	NS	DOWN	False	True	6.098034103827205
DNAI2	0.367123076923077	0.62615809426868	-3.54476551724137	6.36704006612697e-37	NS	DOWN	False	True	3.9118885941644472
DNAI3	0.912796153846154	0.244301319682714	1.80322807881774	1.3900183244501701e-46	NS	UP	False	True	-0.890431924971586
DNAI4	0.877030769230769	0.0732529923476921	1.78320541871921	3.1192935488027002e-68	NS	UP	False	True	-0.906174649488441
DNAI7	1.37277307692308	0.0506685269740575	-1.41874384236453	1.05053454124268e-19	NS	DOWN	False	True	2.79151691928761
DNAJA1	1.15553076923077	0.0010483865613115	1.24423990147784	5.53176057786922e-76	NS	UP	False	True	-0.08870913224707011
DNAJA4	-1.32373461538462	0.0394908420727399	-3.68788226600985	5.47144602758494e-214	NS	DOWN	False	True	2.36414765062523
DNAJB13	2.44082307692308	0.0085112382067487	1.41664876847291	1.41752861954199e-06	NS	UP	False	True	1.0241743084501698
DNAJB2	0.620373076923077	0.0035687478586976	-1.51979556650246	5.15768627604803e-134	NS	DOWN	False	True	2.140168643425537
DNAJB5	0.83495	0.0044510237210318	1.86515566502463	3.1856846351067198e-96	NS	UP	False	True	-1.03020566502463
DNAJC1	0.925111538461538	0.0018945165323421	1.08407536945813	3.12807263116426e-104	NS	UP	False	True	-0.15896383099659195
DNAJC12	1.94690769230769	0.0244512237416747	3.04985911330049	1.11859805348885e-60	NS	UP	False	True	-1.1029514209928
DNAJC13	1.02756923076923	0.0016026033829962	1.42264778325123	7.60003924001795e-149	NS	UP	False	True	-0.3950785524820002
DNAJC14	0.997284615384615	0.0014405338099976	1.37078719211823	1.21664884185519e-94	NS	UP	False	True	-0.373502576733615
DNAJC15	-0.285557692307693	0.428507313579196	2.67437192118226	1.89276739056061e-177	NS	UP	False	True	-2.959929613489953
DNAJC18	0.786111538461539	0.0185463683180861	1.90909310344828	2.6379234913391e-113	NS	UP	False	True	-1.1229815649867412
DNAJC22	0.867503846153846	0.0667316105540471	2.69000344827586	4.94169986898687e-62	NS	UP	False	True	-1.822499602122014
DNAJC25	1.07145384615385	0.0039764514180658	1.38799556650247	9.31657552808454e-113	NS	UP	False	True	-0.3165417203486198
DNAJC25-GNG10	0.948407692307692	0.0047387125112644	2.92135615763547	3.02330368111485e-156	NS	UP	False	True	-1.9729484653277778
DNAJC30	-0.272346153846154	0.212873300818402	1.26765566502463	2.87576391511532e-119	NS	UP	False	True	-1.540001818870784
DNAJC4	0.0190346153846148	0.941949670689843	-1.07818078817734	6.93381643601683e-77	NS	DOWN	False	True	1.0972154035619548
DNAJC5G	0.662765384615389	0.181182168374561	-1.97708472906404	5.657068839331001e-17	NS	DOWN	False	True	2.639850113679429
DNAJC6	0.533711538461539	0.470844693767727	1.92733497536946	1.17400155524228e-75	NS	UP	False	True	-1.393623436907921
DNAL1	0.866542307692308	0.0298920827687052	2.88905172413793	2.33430468302321e-172	NS	UP	False	True	-2.022509416445622
DNALI1	0.228092307692307	0.809411187487764	2.01860049261084	2.5376399071304e-91	NS	UP	False	True	-1.790508184918533
DNASE1L2	0.184123076923077	0.768764723933548	-5.85797684729064	2.9670248871978996e-228	NS	DOWN	False	True	6.042099924213717
DNASE1L3	-0.181569230769231	0.799599773527984	-4.94694630541871	5.1493919471882805e-67	NS	DOWN	False	True	4.7653770746494795
DNASE2B	-1.40040384615385	0.148148109966869	-1.32111133004926	6.18511845344195e-07	NS	DOWN	False	True	-0.07929251610458987
DND1	1.67645769230769	0.0243878694470291	-1.89620738916256	2.5406897062241002e-15	NS	DOWN	False	True	3.57266508147025
DNER	-0.374434615384614	0.766570223338099	-1.8269921182266	1.25405111577078e-20	NS	DOWN	False	True	1.452557502841986
DNM2	0.186057692307692	0.303304340472705	-1.13211133004926	2.40782108816871e-124	NS	DOWN	False	True	1.318169022356952
DNMBP	0.481392307692307	0.0601902231008161	-1.04764236453202	3.40951311269101e-79	NS	DOWN	False	True	1.529034672224327
DOC2B	0.372469230769231	0.46026983715354	-8.07581330049261	1.2644435983059499e-176	NS	DOWN	False	True	8.448282531261842
DOCK10	1.32528461538462	0.013497257637915	2.49264334975369	1.8440359955222298e-138	NS	UP	False	True	-1.1673587343690701
DOCK3	2.11909615384615	0.0010219038328838	-2.07473743842365	1.2460976468752e-61	NS	DOWN	False	True	4.1938335922698
DOCK5	0.830738461538461	0.030551808648695	1.31745369458128	2.7144857416593502e-95	NS	UP	False	True	-0.48671523304281905
DOCK6	0.293973076923076	0.251446894702833	-2.10971625615764	5.15313317757246e-202	NS	DOWN	False	True	2.4036893330807163
DOCK7	1.14355384615385	0.0046081262835777	1.49487339901478	1.73758650773679e-150	NS	UP	False	True	-0.3513195528609301
DOCK8-AS1	1.22175384615385	0.0375323505650362	-4.16610197044335	1.27886733520192e-62	NS	DOWN	False	True	5.3878558165972
DOCK9	0.885596153846154	0.0100779344477471	-2.24742955665025	1.65344444348085e-157	NS	DOWN	False	True	3.133025710496404
DOK2	0.550480769230769	0.161000491243793	-6.18870689655172	3.8497205006700596e-99	NS	DOWN	False	True	6.739187665782489
DOK5	0.869111538461538	0.215961916373712	2.13748128078818	4.56031645837583e-39	NS	UP	False	True	-1.268369742326642
DOK6	2.11606923076923	0.0184213374587454	2.23913201970443	9.621415174709279e-42	NS	UP	False	True	-0.12306278893520028
DOK7	1.82445	0.012549933609932	-5.4563487684729	2.42247468666376e-75	NS	DOWN	False	True	7.280798768472899
DOLK	0.16143076923077	0.517660149207959	1.74135073891626	9.84552437786882e-131	NS	UP	False	True	-1.57991996968549
DOP1B	0.652573076923076	0.0385151042548792	-1.19320197044335	9.785280485305869e-77	NS	DOWN	False	True	1.845775047366426
DPAGT1	0.285696153846153	0.30241569633593	1.13930591133005	5.40132367021361e-107	NS	UP	False	True	-0.8536097574838971
DPCD	0.154607692307694	0.551693426388487	1.24333448275862	6.1437089572188394e-114	NS	UP	False	True	-1.088726790450926
DPEP1	-0.423984615384616	0.606090476961526	1.1080118226601	9.76099682115525e-07	NS	UP	False	True	-1.531996438044716
DPEP2	0.381796153846154	0.313673130205878	-5.17155517241379	1.01175004473822e-72	NS	DOWN	False	True	5.553351326259944
DPEP2NB	-0.075830769230766	0.939170781416349	1.00910492610837	0.0001818903934234	NS	UP	False	True	-1.084935695339136
DPF1	-0.0170269230769231	0.972400107430172	2.29025270935961	4.59851395734769e-63	NS	UP	False	True	-2.307279632436533
DPF3	1.71130769230769	0.0062302014740332	1.65796551724138	1.07734129845442e-49	NS	UP	False	True	0.053342175066309894
DPH3	0.155457692307693	0.578485650341844	2.24269852216749	4.95735163124861e-153	NS	UP	False	True	-2.087240829859797
DPH5	0.18853076923077	0.400018471546217	1.32246206896552	1.0358024649954301e-117	NS	UP	False	True	-1.13393129973475
DPP10	-0.342934615384617	0.828660541983554	-4.58124088669951	3.35462388732199e-69	NS	DOWN	False	True	4.238306271314893
DPP4	0.169761538461538	0.813178043369173	3.80077931034483	1.07833251347991e-114	NS	UP	False	True	-3.6310177718832923
DPP6	0.633034615384615	0.633174583049516	-6.60477980295566	7.0420313909285e-131	NS	DOWN	False	True	7.237814418340275
DPPA5	0.218169230769234	0.503417163060382	-1.8235236453202	3.87193061434198e-14	NS	DOWN	False	True	2.041692876089434
DPRX	0.173930769230772	0.788472787566425	-3.32427536945812	4.83927899072727e-29	NS	DOWN	False	True	3.498206138688892
DPYSL2	1.19558461538462	0.009078790723638	1.0488551724138	6.76061392977313e-59	NS	UP	False	True	0.1467294429708199
DPYSL4	-0.151346153846154	0.818495669577886	2.99657536945813	2.3934222497595503e-87	NS	UP	False	True	-3.1479215233042837
DPYSL5	-0.812250000000001	0.422580677488488	-1.66130985221675	6.325358529694509e-13	NS	DOWN	False	True	0.849059852216749
DQX1	1.11957692307692	0.116034620819553	-5.78271625615763	4.54403103295602e-137	NS	DOWN	False	True	6.90229317923455
DRAM1	1.07563846153846	0.0015588335443574	3.08732807881773	3.3678418458044004e-198	NS	UP	False	True	-2.01168961727927
DRAM2	0.668257692307693	0.013237941602027	1.03606059113301	5.24180693447236e-90	NS	UP	False	True	-0.367802898825317
DRD1	1.34738076923077	0.102828392698536	-3.51068325123153	2.8102312013771e-51	NS	DOWN	False	True	4.8580640204623
DRD2	2.57613076923077	0.002240968061147	-6.08334778325122	1.09381342532336e-96	NS	DOWN	False	True	8.659478552481989
DRD4	0.683215384615384	0.427443023828893	-2.72278177339902	3.24356817734991e-48	NS	DOWN	False	True	3.405997158014404
DRD5	1.47741153846154	0.0192106984411257	-1.23830591133004	2.0324920725561498e-11	NS	DOWN	False	True	2.71571744979158
DRGX	0.804076923076927	0.206927686964516	-6.79802758620689	1.90183693279123e-130	NS	DOWN	False	True	7.6021045092838175
DSC1	0.718857692307695	0.689409138060212	-13.4795113300493	5.25838637000593e-235	NS	DOWN	False	True	14.198369022356996
DSC2	1.39316538461538	0.178149255754722	-6.47408325123152	6.02640643636877e-155	NS	DOWN	False	True	7.8672486358469005
DSC3	1.66635384615385	0.362605654345085	-10.425460591133	2.94415776956713e-251	NS	DOWN	False	True	12.09181443728685
DSCAM	0.726346153846158	0.328952128777685	-1.45310246305419	2.47735080564804e-13	NS	DOWN	False	True	2.179448616900348
DSCAML1	1.61899230769231	0.0362351750243613	-4.94384137931034	9.31381031114845e-96	NS	DOWN	False	True	6.562833687002651
DSCC1	1.08303076923077	0.0038119489237689	1.4420039408867	6.49068832064494e-67	NS	UP	False	True	-0.3589731716559301
DSEL	1.25074615384616	0.0378216645596712	4.93756009852217	1.29948448788653e-274	NS	UP	False	True	-3.68681394467601
DSG1	0.909907692307693	0.653862972760996	-12.7915536945813	9.189247900113829e-256	NS	DOWN	False	True	13.701461386888992
DSG2	2.71733076923077	0.0125304364039651	-3.61554630541872	8.339039659797031e-91	NS	DOWN	False	True	6.33287707464949
DSG3	0.39645	0.84388962232028	-7.69093201970443	6.77953101792699e-174	NS	DOWN	False	True	8.08738201970443
DSG4	0.435042307692308	0.460781990902875	-6.27321477832512	1.68702177174842e-116	NS	DOWN	False	True	6.708257086017428
DSP	1.63363846153846	0.193226160503004	-6.86005566502463	6.48964109215339e-241	NS	DOWN	False	True	8.49369412656309
DTHD1	1.95748846153846	0.01616317132453	-3.90950394088669	6.18152759029745e-66	NS	DOWN	False	True	5.86699240242515
DTL	0.104111538461538	0.819631068606152	1.92121822660098	1.0761308806540699e-26	NS	UP	False	True	-1.817106688139442
DTNA	0.521569230769231	0.435295215713292	1.40884384236453	4.289714759536579e-42	NS	UP	False	True	-0.887274611595299
DTNB	-0.288265384615384	0.25843769293532	-1.16840492610837	7.89296482674216e-90	NS	DOWN	False	True	0.880139541492986
DTWD1	1.04962307692308	0.0101105059919664	2.3381945812808	8.10487985504022e-189	NS	UP	False	True	-1.28857150435772
DTX1	0.867053846153846	0.123769715637102	-6.97851527093596	1.42836623104493e-131	NS	DOWN	False	True	7.845569117089806
DTX2	-0.124653846153846	0.47435031549201	-2.05225960591133	1.6861226630827001e-158	NS	DOWN	False	True	1.9276057597574838
DTYMK	0.200461538461536	0.481212106290726	1.24958669950739	1.95791457826946e-82	NS	UP	False	True	-1.049125161045854
DUOX1	0.382476923076923	0.69129208646099	-7.12856403940887	1.62710662273562e-277	NS	DOWN	False	True	7.511040962485793
DUOX2	1.50699615384616	0.19869734247488	-7.61108620689655	1.4930634614734998e-194	NS	DOWN	False	True	9.11808236074271
DUOXA1	0.6934	0.593204529094655	-9.79327980295567	6.35655958189312e-193	NS	DOWN	False	True	10.48667980295567
DUOXA2	0.925746153846156	0.39994986378187	-8.13111970443349	3.5694873402261e-144	NS	DOWN	False	True	9.056865858279645
DUS3L	-0.0232923076923104	0.914414103375772	-1.12659753694582	1.36546237639718e-75	NS	DOWN	False	True	1.1033052292535097
DUSP1	1.41326153846154	0.0025802941112621	-1.92354827586206	1.02321144586365e-61	NS	DOWN	False	True	3.3368098143236
DUSP10	-0.481603846153845	0.309503610102697	2.74525073891626	1.75465928671526e-164	NS	UP	False	True	-3.226854585070105
DUSP12	0.823219230769233	0.0041534340642741	1.21241280788178	2.16324208863009e-90	NS	UP	False	True	-0.389193577112547
DUSP13B	1.07695769230769	0.331811516297927	-5.86173399014777	6.30824863871437e-75	NS	DOWN	False	True	6.93869168245546
DUSP15	0.782342307692308	0.233350249384109	-4.33405221674876	3.80869006152273e-65	NS	DOWN	False	True	5.116394524441068
DUSP16	0.143796153846152	0.669594579034377	-1.53884433497537	5.62323639485217e-84	NS	DOWN	False	True	1.682640488821522
DUSP2	0.380711538461538	0.385889499034487	-4.55690985221675	3.54529665711118e-131	NS	DOWN	False	True	4.937621390678288
DUSP22	0.696199999999997	0.0156982610887329	-1.39484384236453	8.337642891420999e-125	NS	DOWN	False	True	2.091043842364527
DUSP26	1.50950769230769	0.0734877681481663	-2.41852709359605	1.26637360911097e-23	NS	DOWN	False	True	3.92803478590374
DUSP4	0.268338461538461	0.54790898827721	-1.57222807881774	1.29838832177887e-32	NS	DOWN	False	True	1.840566540356201
DUSP7	0.646723076923076	0.0293899973908353	-1.59920886699507	6.120048761912e-101	NS	DOWN	False	True	2.245931943918146
DUSP8	-0.0527076923076921	0.923094937715855	-4.4564591133005	3.6169440265405e-138	NS	DOWN	False	True	4.403751420992808
DUSP9	-0.230615384615385	0.764668820318423	-3.45197142857143	2.18699243966737e-38	NS	DOWN	False	True	3.2213560439560447
DYDC2	0.0471346153846159	0.976579150562252	-2.88568866995073	4.67355552516025e-21	NS	DOWN	False	True	2.932823285335346
DYNAP	0.885200000000006	0.371829708527004	-1.58250738916256	3.19900315518919e-08	NS	DOWN	False	True	2.467707389162566
DYNC1I1	0.743692307692308	0.431690690677309	-2.30592463054187	3.6140812230669296e-79	NS	DOWN	False	True	3.049616938234178
DYNC2H1	0.991749999999999	0.001677564890131	1.51480492610838	7.4929441641237805e-112	NS	UP	False	True	-0.523054926108381
DYNLRB2	2.04121923076923	0.0526182268283942	-2.28030738916256	2.5861898186049004e-26	NS	DOWN	False	True	4.32152661993179
DYNLT1	0.797199999999998	0.0026640262812678	1.34479162561576	5.11407152036143e-164	NS	UP	False	True	-0.5475916256157619
DYNLT3	1.79235	0.0048450391805442	1.45140738916257	1.91932342425804e-98	NS	UP	False	True	0.34094261083743005
DYRK3	-0.124680769230769	0.712823345184548	3.25572561576355	1.80260488624435e-174	NS	UP	False	True	-3.380406384994319
DYRK4	0.362534615384617	0.052977323171842	1.01124433497537	3.7002428404984603e-95	NS	UP	False	True	-0.648709719590753
DYSF	0.3117	0.382989663247463	-4.2776921182266	1.43254461788673e-144	NS	DOWN	False	True	4.5893921182266
DZIP3	1.23538461538462	0.0020051957578354	1.73729064039409	1.36544510742854e-114	NS	UP	False	True	-0.50190602500947
E2F2	-0.366457692307692	0.2994211346357	-3.84619408866995	7.22330972608347e-63	NS	DOWN	False	True	3.479736396362258
E2F3	0.266299999999999	0.392411958656898	2.19107881773399	4.28640802043565e-173	NS	UP	False	True	-1.924778817733991
E2F7	-0.0140692307692307	0.976684902596744	2.25968916256158	8.133998743635599e-71	NS	UP	False	True	-2.2737583933308105
E2F8	1.45650384615385	0.0018110911979864	-2.23303054187192	5.01063997806406e-22	NS	DOWN	False	True	3.68953438802577
EBF2	1.32654615384615	0.0399442548201274	1.88842709359606	2.15883861344484e-32	NS	UP	False	True	-0.56188093974991
EBF4	1.04001923076923	0.0437481633643156	-3.41760886699508	2.7344292935964303e-98	NS	DOWN	False	True	4.45762809776431
EBLN1	-0.359480769230766	0.491846649667134	1.56705763546798	2.2130591087991697e-11	NS	UP	False	True	-1.926538404698746
ECE1	0.711238461538461	0.0750533382848642	1.66680689655172	2.8582729050417702e-111	NS	UP	False	True	-0.9555684350132589
ECEL1	0.13055	0.852737829245821	-6.06822955665024	4.4832060502717504e-95	NS	DOWN	False	True	6.198779556650241
ECHDC1	0.806165384615385	0.0277164829861733	1.54743645320197	2.5040111054470203e-154	NS	UP	False	True	-0.741271068586585
ECHDC3	-0.0392999999999999	0.919321325988983	-2.25322118226601	4.890042375732489e-103	NS	DOWN	False	True	2.2139211822660103
ECI2	0.869911538461538	0.0174888237429507	1.44752216748769	2.82682397651072e-128	NS	UP	False	True	-0.5776106290261519
ECRG4	2.87113461538462	0.030065817200336	-5.90442660098522	5.62681434929309e-106	NS	DOWN	False	True	8.775561216369839
ECSCR	0.483438461538461	0.138746649538417	-7.54344630541871	6.28457831093045e-90	NS	DOWN	False	True	8.02688476695717
ECT2	1.33645384615385	0.0054111283799604	1.761739408867	1.60933799187632e-85	NS	UP	False	True	-0.42528556271315
ECT2L	0.959357692307694	0.166276825028104	-1.98441133004925	1.32835854284739e-44	NS	DOWN	False	True	2.943769022356944
EDA	1.4154	0.0089178289338802	-2.14857093596059	7.85288267060371e-106	NS	DOWN	False	True	3.56397093596059
EDA2R	1.78734615384615	0.0053023765963062	4.51682167487685	2.9497173273193e-209	NS	UP	False	True	-2.7294755210307
EDAR	1.40853461538462	0.111350451374818	-8.22500886699507	2.1946911627912403e-180	NS	DOWN	False	True	9.63354348237969
EDARADD	0.846523076923077	0.195340211813599	-3.50761280788177	2.56932106272935e-75	NS	DOWN	False	True	4.354135884804847
EDDM13	2.71046923076923	0.0232731286280088	-9.60274137931034	1.9679608509855e-126	NS	DOWN	False	True	12.313210610079569
EDN2	1.76955769230769	0.181408010749379	-9.93097980295566	3.6309038849824e-137	NS	DOWN	False	True	11.700537495263351
EDN3	3.11567692307693	0.0197208483667064	-6.8320896551724	3.8826168170744904e-112	NS	DOWN	False	True	9.947766578249329
EEA1	1.47437692307692	0.0014159019807106	1.26278374384237	5.93492391803698e-97	NS	UP	False	True	0.21159317923455
EEF1A2	-0.371100000000001	0.682437417325997	-4.87629408866995	7.90712561688408e-146	NS	DOWN	False	True	4.505194088669949
EEF1AKMT1	0.472073076923077	0.052876529208463	1.66790837438423	2.2464876933372403e-155	NS	UP	False	True	-1.195835297461153
EEF1E1	0.837569230769232	0.0013312206464805	2.11077536945813	7.12741047576287e-125	NS	UP	False	True	-1.2732061386888982
EEF1E1-BLOC1S5	0.648784615384621	0.244790560794898	2.26372266009852	4.69185061475852e-12	NS	UP	False	True	-1.6149380447138988
EEF2K	0.665100000000001	0.0131072076013509	-2.4555197044335	2.27244378596442e-152	NS	DOWN	False	True	3.1206197044335013
EEF2KMT	0.0983692307692294	0.67974825599411	1.28644532019705	9.61410364506402e-66	NS	UP	False	True	-1.1880760894278206
EEIG1	0.131392307692306	0.702566480176006	-1.88967192118227	2.1439788833072001e-144	NS	DOWN	False	True	2.0210642288745757
EEIG2	1.03383076923077	0.0123236154140027	1.43643842364532	2.47456907914448e-89	NS	UP	False	True	-0.40260765441455004
EEPD1	-0.0678461538461543	0.885273769473899	-1.98105172413793	1.77608212455751e-82	NS	DOWN	False	True	1.9132055702917756
EFCAB11	0.160292307692308	0.592916290356791	1.20267931034483	4.37051873549749e-66	NS	UP	False	True	-1.0423870026525222
EFCAB12	0.721692307692307	0.286708967700191	-1.3804448275862	1.27576192980632e-19	NS	DOWN	False	True	2.102137135278507
EFCAB2	1.14606153846154	0.0015220496089134	1.49591527093596	7.87620749960094e-101	NS	UP	False	True	-0.34985373247442
EFCAB5	0.583853846153846	0.344320637529454	1.62418965517241	4.1838260565301704e-17	NS	UP	False	True	-1.040335809018564
EFCAB8	0.722496153846153	0.454889330010557	-2.74099852216749	6.96974704777148e-29	NS	DOWN	False	True	3.463494676013643
EFCC1	0.471961538461539	0.438423576125407	-9.4461369458128	2.1538654892120902e-194	NS	DOWN	False	True	9.918098484274338
EFEMP1	1.51476538461539	0.0019728696832424	3.65411625615764	1.03099527853106e-134	NS	UP	False	True	-2.1393508715422502
EFHC2	2.55042692307692	0.0125522028846244	-4.45045862068965	3.19224476864335e-100	NS	DOWN	False	True	7.00088554376657
EFHD1	-0.621253846153845	0.3887975133373	-4.59617536945813	1.96151955863014e-114	NS	DOWN	False	True	3.9749215233042854
EFNA1	0.468503846153847	0.208037691772132	-7.97936403940887	2.0485376125624202e-257	NS	DOWN	False	True	8.447867885562717
EFNA2	0.743257692307692	0.538205148906251	-1.58807339901477	5.1619788160758e-08	NS	DOWN	False	True	2.331331091322462
EFNA3	0.0718653846153852	0.892849660048746	-6.58030837438424	1.2946135631564999e-281	NS	DOWN	False	True	6.652173758999625
EFNA4	0.106996153846155	0.702582847367311	-2.69946699507389	2.79596720295864e-170	NS	DOWN	False	True	2.806463148920045
EFNB1	0.934030769230768	0.0047905877138653	-1.55662216748769	7.343197963999229e-114	NS	DOWN	False	True	2.4906529367184578
EFR3B	0.51696923076923	0.185658708529764	-2.40071822660098	5.3044800180618e-88	NS	DOWN	False	True	2.91768745737021
EFS	2.50661153846154	0.002539346402286	-2.63806256157636	1.96922505910176e-131	NS	DOWN	False	True	5.1446741000379
EGF	1.50175	0.0622254031423964	-3.11318866995074	3.43164845941348e-62	NS	DOWN	False	True	4.61493866995074
EGFL7	0.122423076923075	0.791696835283163	-2.58553694581281	4.59304266499514e-106	NS	DOWN	False	True	2.707960022735885
EGFL8	0.31471923076923	0.50654179866056	-1.97645911330049	9.82725208871634e-121	NS	DOWN	False	True	2.29117834406972
EGLN2	0.0072230769230783	0.972156046073436	1.0350448275862	9.630114857747651e-58	NS	UP	False	True	-1.0278217506631218
EGLN3	-0.747096153846154	0.083994043861163	-8.87238226600985	2.4204096119095104e-239	NS	DOWN	False	True	8.125286112163696
EGR3	1.47258461538462	0.0104264265320992	-5.40366748768472	3.34942829805901e-179	NS	DOWN	False	True	6.87625210306934
EGR4	0.0025461538461524	0.99908929425941	-1.84245763546797	2.11506366183125e-12	NS	DOWN	False	True	1.8450037893141225
EHD2	1.14600769230769	0.0042500305926866	2.47496748768473	2.71678155830715e-190	NS	UP	False	True	-1.3289597953770398
EHD3	1.20628076923077	0.0575330803449381	2.52913990147783	2.1846290657212e-139	NS	UP	False	True	-1.32285913224706
EHF	1.98720769230769	0.0835935492666472	-7.0224236453202	3.8177462688364006e-152	NS	DOWN	False	True	9.00963133762789
EHHADH	0.791423076923077	0.0510679919738138	1.05771231527094	1.94579918006797e-54	NS	UP	False	True	-0.266289238347863
EID1	1.33891538461538	0.00196139526453	2.68248719211823	1.90084937281524e-201	NS	UP	False	True	-1.3435718075028498
EID2B	0.430238461538462	0.24304789117398	2.01165763546798	4.69840013047167e-109	NS	UP	False	True	-1.581419173929518
EID3	1.10629230769231	0.0518284395987624	1.12964285714286	1.63513425059169e-25	NS	UP	False	True	-0.02335054945055015
EIF2AK2	1.29201538461539	0.001226709670898	2.59109852216749	2.6586029598060303e-196	NS	UP	False	True	-1.2990831375521
EIF2AK4	0.909576923076922	0.0004802531242893	1.82596699507389	2.81827846817482e-187	NS	UP	False	True	-0.916390071996968
EIF2S1	0.774861538461538	0.0305495056326945	1.35931527093596	3.5924854549301198e-96	NS	UP	False	True	-0.5844537324744219
EIF2S2	0.689950000000001	0.0170449133583483	1.88745812807882	8.80137171689806e-180	NS	UP	False	True	-1.1975081280788191
EIF2S3B	1.74562307692308	0.0083724859775964	1.29197339901478	1.98285022214161e-14	NS	UP	False	True	0.45364967790830013
EIF3A	0.912676923076922	0.0130144283590529	1.14553448275862	2.21075277737468e-95	NS	UP	False	True	-0.23285755968169797
EIF4EBP1	-0.4889	0.0881708489427268	2.12147536945813	5.27123856707328e-103	NS	UP	False	True	-2.61037536945813
EIF4EBP3	0.0579230769230747	0.842292929134154	-1.74875320197044	5.61931721622095e-106	NS	DOWN	False	True	1.8066762788935147
EIF5A2	0.188734615384616	0.656431289073572	3.05189408866995	4.52928593138525e-177	NS	UP	False	True	-2.863159473285334
ELANE	-0.633680769230769	0.572631183685658	-1.01807881773399	1.44462324999758e-05	NS	DOWN	False	True	0.3843980485032209
ELAPOR1	0.757930769230769	0.0871428858532887	-2.94502610837439	5.69299743550046e-66	NS	DOWN	False	True	3.7029568776051587
ELAPOR2	1.75407692307692	0.027589899157162	-1.02184778325123	3.2471530605905302e-24	NS	DOWN	False	True	2.77592470632815
ELAVL3	0.979142307692313	0.313247775521566	-1.61321428571428	3.79839883487136e-10	NS	DOWN	False	True	2.592356593406593
ELF3	0.375815384615385	0.685284921603214	-5.4101684729064	2.93293860967177e-124	NS	DOWN	False	True	5.785983857521785
ELF5	-0.383046153846154	0.763970528902908	-10.2493389162561	7.756438017565279e-185	NS	DOWN	False	True	9.866292762409946
ELFN1	1.07722692307692	0.0717631555952813	-1.64151083743843	3.78593145662814e-35	NS	DOWN	False	True	2.71873776051535
ELFN2	-0.851138461538461	0.468759686612446	1.26258177339902	1.81450987544487e-19	NS	UP	False	True	-2.113720234937481
ELK1	0.236661538461541	0.290866871914272	1.23807339901478	1.76789991433216e-135	NS	UP	False	True	-1.0014118605532392
ELL3	0.30805	0.540231562447299	-4.22711477832512	2.68931319900351e-189	NS	DOWN	False	True	4.53516477832512
ELMO3	0.607326923076923	0.269042867794699	-5.38191625615763	9.77434643495e-312	NS	DOWN	False	True	5.989243179234553
ELMOD1	2.46257692307693	0.037360339519767	-6.01313842364532	7.669401776453049e-140	NS	DOWN	False	True	8.47571534672225
ELMOD2	1.02857692307692	0.0026977811717282	1.43083596059114	8.12028763327963e-132	NS	UP	False	True	-0.4022590375142201
ELN	0.778496153846154	0.320081049080284	-1.46116108374384	7.753531188937621e-14	NS	DOWN	False	True	2.239657237589994
ELOA2	0.956623076923076	0.200360643473112	1.14553103448276	4.06931044921054e-05	NS	UP	False	True	-0.18890795755968404
ELOC	0.557542307692309	0.0061848248303566	1.1888118226601	2.2996908666386598e-123	NS	UP	False	True	-0.6312695149677912
ELOVL1	-0.0659846153846138	0.811749791058396	-1.55909162561576	1.57241929887452e-125	NS	DOWN	False	True	1.4931070102311463
ELOVL4	1.63796538461539	0.0615648673536967	-3.08873990147783	1.72593746142856e-163	NS	DOWN	False	True	4.72670528609322
ELOVL5	0.794396153846154	0.0107430617207076	1.82757733990148	6.72378759214113e-99	NS	UP	False	True	-1.0331811860553262
ELOVL7	0.21268076923077	0.749220787575638	-7.51479310344828	5.89566500134814e-202	NS	DOWN	False	True	7.727473872679051
EMC1	0.583973076923078	0.0829923493743915	1.4547842364532	2.6195607060291798e-124	NS	UP	False	True	-0.870811159530122
EMCN	0.875015384615385	0.0487597273037436	-3.40576699507389	8.20747612107094e-83	NS	DOWN	False	True	4.280782379689275
EME1	-0.0118192307692311	0.973070393361461	1.21140738916256	2.84181323857336e-27	NS	UP	False	True	-1.2232266199317912
EMID1	1.87110769230769	0.0011145367556847	-5.89929802955665	1.30455216448418e-109	NS	DOWN	False	True	7.77040572186434
EMILIN1	1.62258076923077	0.0020423644685528	3.56840738916256	2.29696157481459e-186	NS	UP	False	True	-1.94582661993179
EMILIN2	-0.0625730769230763	0.896184127562175	2.02113201970443	5.0644186892983e-98	NS	UP	False	True	-2.083705096627506
EMILIN3	2.35665769230769	0.0019510360830337	-4.02224729064039	9.20279976100175e-73	NS	DOWN	False	True	6.378904982948081
EML2	-0.270657692307692	0.194055514541812	-1.14633399014779	8.05556293546813e-121	NS	DOWN	False	True	0.875676297840098
EML6	1.53862307692308	0.0060428145092161	-2.20280640394089	4.9227908176407194e-70	NS	DOWN	False	True	3.74142948086397
EMP1	0.244873076923075	0.645001725248767	1.59756206896552	5.36442120902109e-99	NS	UP	False	True	-1.3526889920424452
EMP2	0.577846153846154	0.152711004518712	-1.64159901477832	1.39842020098209e-125	NS	DOWN	False	True	2.219445168624474
EMP3	-0.539107692307695	0.0639770815147877	2.71358472906404	1.12987096772408e-185	NS	UP	False	True	-3.2526924213717345
EMX1	-0.179923076923076	0.891599807298878	-4.93616650246304	9.459037331467e-74	NS	DOWN	False	True	4.756243425539964
EN2	-0.317857692307693	0.509495666978217	-2.92851034482758	2.7496837977232e-42	NS	DOWN	False	True	2.610652652519887
ENAM	0.927211538461542	0.169652124126052	3.48168128078817	6.92950771534243e-43	NS	UP	False	True	-2.554469742326628
ENC1	1.50876538461538	0.0012168922773533	1.48443497536946	3.0633616446701197e-43	NS	UP	False	True	0.024330409245920004
ENDOU	2.05276538461539	0.0726504339338587	-6.05770738916256	2.4764740248835898e-123	NS	DOWN	False	True	8.11047277377795
ENG	0.427423076923079	0.0744032457013741	1.38066009852217	5.34201334047857e-71	NS	UP	False	True	-0.953237021599091
ENHO	2.17005384615385	0.0039500191831348	-5.08132955665024	6.263923279249939e-82	NS	DOWN	False	True	7.251383402804089
ENKUR	0.59525	0.504467779183864	3.50440591133004	8.99099873226507e-45	NS	UP	False	True	-2.90915591133004
ENO1	-0.325046153846156	0.307790844487481	1.33659310344827	3.3533873681266597e-78	NS	UP	False	True	-1.661639257294426
ENO2	-0.951484615384617	0.040405986412523	1.13557044334976	3.7670484469922e-48	NS	UP	False	True	-2.087055058734377
ENO4	1.02218846153846	0.2490516525107	2.37718078817734	7.461023498472991e-31	NS	UP	False	True	-1.35499232663888
ENOX1	1.32533846153846	0.0194593436795175	2.74634088669951	5.77927611659378e-108	NS	UP	False	True	-1.4210024251610498
ENPP1	-0.005776923076923	0.994277414170587	2.09234679802956	1.7871780781235097e-77	NS	UP	False	True	-2.0981237211064827
ENPP2	2.26757307692308	0.0055049593101571	4.1331921182266	7.94027927189468e-209	NS	UP	False	True	-1.8656190413035203
ENPP3	1.37772692307692	0.052147917260199	-2.79909408866994	1.20807133886737e-46	NS	DOWN	False	True	4.17682101174686
ENPP6	1.9474576923077	0.0285872948603627	-1.72713152709359	2.96619874381421e-13	NS	DOWN	False	True	3.67458921940129
ENSA	0.318115384615383	0.159274795240643	-1.54386157635467	2.04794313956817e-183	NS	DOWN	False	True	1.861976960970053
ENTHD1	-1.81050384615385	0.0725819283168815	-4.21870246305418	1.06964981517759e-67	NS	DOWN	False	True	2.4081986169003304
ENTPD2	2.03885384615385	0.0309551917504448	-9.84434039408866	5.2765741031953496e-164	NS	DOWN	False	True	11.88319424024251
ENTPD3	1.62542307692308	0.143459993522517	-4.34289261083744	3.4864618689519396e-128	NS	DOWN	False	True	5.96831568776052
ENTPD4	0.803292307692307	0.0093808841949904	1.42411280788177	2.1160583209758197e-114	NS	UP	False	True	-0.620820500189463
ENTPD7	0.953803846153846	0.0191009548471065	1.69803004926108	4.86414099316212e-88	NS	UP	False	True	-0.7442262031072341
ENTPD8	1.16059230769231	0.251787589355982	-4.05822807881772	4.8360557434394e-55	NS	DOWN	False	True	5.21882038651003
ENTREP1	0.188538461538462	0.716053565390832	-8.57706354679802	9.37030053678444e-179	NS	DOWN	False	True	8.765602008336481
ENY2	0.754480769230766	0.0031501161828572	1.59644482758621	7.610148992127539e-147	NS	UP	False	True	-0.841964058355444
EOMES	1.01481538461538	0.0674378550461191	-3.6360172413793	3.04271314276339e-49	NS	DOWN	False	True	4.6508326259946795
EPAS1	0.661373076923079	0.0327445252545052	1.09608817733991	3.6077526441677297e-56	NS	UP	False	True	-0.43471510041683104
EPB41	0.409626923076923	0.302986866249218	-2.99672118226601	5.3553353147920606e-154	NS	DOWN	False	True	3.406348105342933
EPB41L3	0.730830769230768	0.13929500692988	2.35885418719212	5.76890969942238e-156	NS	UP	False	True	-1.628023417961352
EPB41L4A	0.843303846153847	0.144622322768636	-4.4669157635468	1.2219305842644299e-160	NS	DOWN	False	True	5.310219609700647
EPB41L4B	2.20184615384615	0.0114921968127911	-5.50714679802956	6.536152153116929e-224	NS	DOWN	False	True	7.70899295187571
EPB42	0.584746153846157	0.469365601675274	-2.08924039408867	7.76279545368336e-12	NS	DOWN	False	True	2.673986547934827
EPCAM	1.35108461538462	0.253511570844547	-5.40933448275862	1.82769068830869e-133	NS	DOWN	False	True	6.76041909814324
EPDR1	0.476057692307691	0.532641207113272	2.88867684729064	6.85202394020982e-123	NS	UP	False	True	-2.412619154982949
EPGN	1.42049230769231	0.398631059485307	-1.28018571428571	4.77458869448338e-06	NS	DOWN	False	True	2.70067802197802
EPHA1	0.876557692307692	0.115940798977902	-4.17715763546798	1.4659582485378898e-218	NS	DOWN	False	True	5.053715327775672
EPHA10	-0.215053846153844	0.831279450809613	-4.97481280788177	2.39348923065395e-88	NS	DOWN	False	True	4.759758961727926
EPHA2	0.822696153846153	0.164141026202974	-2.45742463054187	5.5944903446774e-105	NS	DOWN	False	True	3.280120784388023
EPHA4	0.0936884615384618	0.906461271255324	-1.11107192118227	7.777855252431411e-44	NS	DOWN	False	True	1.2047603827207318
EPHA5	-0.610473076923077	0.548443909560741	-1.56359310344828	3.0271536688855498e-12	NS	DOWN	False	True	0.953120026525203
EPHA6	2.6526	0.0056016134561416	-3.45270492610837	5.46998106296461e-35	NS	DOWN	False	True	6.105304926108371
EPHA7	1.77185384615385	0.0219361073806524	-3.6637724137931	1.2062646945376e-64	NS	DOWN	False	True	5.43562625994695
EPHA8	-0.393461538461538	0.731701542335186	-4.96461477832512	2.34186739731222e-69	NS	DOWN	False	True	4.571153239863582
EPHB1	1.22760769230769	0.0611608910674108	-3.81908226600985	1.39747498903816e-142	NS	DOWN	False	True	5.04668995831754
EPHB2	1.58760384615385	0.0016197576375018	2.98560443349754	1.63708412676593e-92	NS	UP	False	True	-1.39800058734369
EPHB4	1.02385384615385	0.0068663000918081	-1.16150738916256	1.36341147991605e-115	NS	DOWN	False	True	2.1853612353164102
EPHB6	0.338876923076923	0.579726893107441	-3.65292118226601	9.140128730100501e-122	NS	DOWN	False	True	3.991798105342933
EPHX2	0.647384615384616	0.318617778897544	-3.24911379310345	1.39701292212111e-159	NS	DOWN	False	True	3.896498408488066
EPHX3	0.610576923076923	0.59414910459582	-11.0676768472906	6.36307714002069e-214	NS	DOWN	False	True	11.678253770367524
EPN3	1.00885769230769	0.463547733708137	-7.89316896551724	2.14036675777638e-199	NS	DOWN	False	True	8.90202665782493
EPO	2.26348461538462	0.0064735778154031	-4.63754433497536	7.88300009528195e-68	NS	DOWN	False	True	6.901028950359979
EPOR	0.0232384615384618	0.943719084601946	1.07771921182266	1.79896999923789e-68	NS	UP	False	True	-1.0544807502841982
EPPIN	0.582957692307694	0.217347613545633	-2.00179359605911	1.40087479947625e-13	NS	DOWN	False	True	2.584751288366804
EPPIN-WFDC6	0.571638461538466	0.161847151581822	-1.36573004926108	5.48313008880267e-10	NS	DOWN	False	True	1.937368510799546
EPPK1	0.681069230769229	0.592297344168623	-9.20085024630542	1.69026034939407e-212	NS	DOWN	False	True	9.881919477074648
EPRS1	0.353446153846155	0.115721463389347	1.54022955665025	7.14235724453214e-124	NS	UP	False	True	-1.186783402804095
EPS8	1.35984230769231	0.0049085334757967	3.36951280788177	5.475024669175901e-199	NS	UP	False	True	-2.0096705001894604
EPS8L1	-0.403461538461539	0.250619027432433	-6.88674729064039	1.1581387177214e-264	NS	DOWN	False	True	6.483285752178851
EPS8L2	0.376980769230769	0.542360953159908	-2.71392315270937	1.5698070183589603e-188	NS	DOWN	False	True	3.090903921940139
EPSTI1	1.83420384615385	0.0030523887503012	3.82406896551724	2.5260809230950303e-143	NS	UP	False	True	-1.98986511936339
EPX	1.66668846153847	0.0206412439731255	-1.69563300492611	3.02076186817763e-13	NS	DOWN	False	True	3.36232146646458
EPYC	1.33276923076923	0.213132499151143	2.85104581280788	2.6559662364468103e-19	NS	UP	False	True	-1.5182765820386501
EQTN	1.10044615384616	0.303192942221128	-4.96040147783251	9.7762017481669e-56	NS	DOWN	False	True	6.060847631678669
ERAP2	0.428757692307692	0.57153118335531	1.41087635467981	6.61166581881257e-21	NS	UP	False	True	-0.982118662372118
ERAS	1.49063461538462	0.0762115941093659	-3.04321921182265	2.95526295299562e-26	NS	DOWN	False	True	4.53385382720727
ERBB2	1.05018846153846	0.0016574514912349	-1.62821527093597	8.35786547811434e-132	NS	DOWN	False	True	2.67840373247443
ERBB3	0.972253846153845	0.0083556769750183	-7.73366256157636	1.8881116772178698e-275	NS	DOWN	False	True	8.705916407730205
ERBB4	1.46964615384616	0.134162391754488	-3.09750492610837	1.33290734230847e-41	NS	DOWN	False	True	4.56715107995453
ERC2	2.50667692307693	0.0043328098873862	-1.34278472906404	5.75985445619226e-07	NS	DOWN	False	True	3.8494616521409704
ERCC2	-0.121030769230768	0.657765737717206	1.94903645320197	1.40406808003619e-171	NS	UP	False	True	-2.070067222432738
ERCC6L	0.756696153846154	0.0606114005884179	2.21029802955665	7.37180334900548e-44	NS	UP	False	True	-1.453601875710496
ERCC8	1.05345384615385	0.0017553352481323	1.49705369458128	7.35000171704993e-115	NS	UP	False	True	-0.44359984842742994
EREG	1.55318846153846	0.217239407190597	-5.05102955665025	2.79915262196012e-84	NS	DOWN	False	True	6.6042180181887105
ERFE	-1.18883076923077	0.0215393658143938	5.28117142857142	7.13042684562951e-97	NS	UP	False	True	-6.47000219780219
ERG	0.872684615384616	0.0160578999045104	-5.02430689655172	5.39741135899743e-132	NS	DOWN	False	True	5.896991511936336
ERGIC1	0.567107692307693	0.0229514955061225	1.9313472906404	1.4363735920445001e-204	NS	UP	False	True	-1.364239598332707
ERH	0.453180769230769	0.0141098876083627	1.04552019704434	8.419467596744139e-116	NS	UP	False	True	-0.592339427813571
ERI1	0.89038076923077	0.0072536110567209	1.96407142857143	9.17805920018354e-151	NS	UP	False	True	-1.0736906593406599
ERICH2	1.63882692307692	0.167332497660053	2.11997733990148	4.4267884509166703e-23	NS	UP	False	True	-0.48115041682455995
ERICH4	2.14197307692308	0.0118372267882036	-3.97973891625615	3.53638951132844e-40	NS	DOWN	False	True	6.12171199317923
ERICH5	1.51900384615385	0.143101138612905	-2.19103793103448	4.15988144575597e-27	NS	DOWN	False	True	3.71004177718833
ERICH6	0.666111538461538	0.417068858751738	1.13682364532019	6.58557739499518e-05	NS	UP	False	True	-0.47071210685865206
ERLIN1	1.07903461538461	0.0061746134165167	1.91447438423646	9.894101169385491e-148	NS	UP	False	True	-0.83543976885185
ERMN	2.69626923076923	0.0017117561251965	-3.45278669950738	3.1992872589490603e-44	NS	DOWN	False	True	6.14905593027661
ERN2	0.0017653846153864	0.99980560774869	-2.29459064039408	6.72914775536735e-16	NS	DOWN	False	True	2.2963560250094663
ERO1A	0.674965384615383	0.0354250079183939	1.43018275862069	8.816828129535909e-77	NS	UP	False	True	-0.7552173740053071
ERP27	2.34641923076923	0.0018994450854413	-4.15928719211822	5.44485034238455e-63	NS	DOWN	False	True	6.5057064228874495
ERP44	0.915930769230769	0.0005168950718168	1.07929802955665	1.19828258647114e-137	NS	UP	False	True	-0.16336726032588111
ERVFRD-1	1.71831923076923	0.0716489612541874	-4.85161428571428	9.80238328046141e-85	NS	DOWN	False	True	6.569933516483511
ERVV-1	0.569242307692313	0.440613504784771	1.18264876847291	1.459994105148e-09	NS	UP	False	True	-0.6134064607805969
ESAM	0.58433076923077	0.0449041764854177	-5.28123990147783	6.61146727056304e-190	NS	DOWN	False	True	5.865570670708601
ESCO2	1.39312692307692	0.0181955436926761	2.88394236453202	4.49335767562083e-41	NS	UP	False	True	-1.4908154414550998
ESPN	0.477119230769231	0.603882155023701	-10.1714	1.4571419172209501e-171	NS	DOWN	False	True	10.648519230769232
ESPNL	1.57995	0.107989233291506	4.03773645320197	4.73462379509697e-75	NS	UP	False	True	-2.4577864532019698
ESR2	1.37252692307692	0.106929044704963	-3.62141674876846	6.17558231287254e-85	NS	DOWN	False	True	4.99394367184538
ESRP1	0.230434615384616	0.675938941077357	-9.41614187192118	1.02941738677487e-243	NS	DOWN	False	True	9.646576487305797
ESRP2	0.997180769230769	0.387932425496386	-8.24673349753695	1.0149920079024199e-255	NS	DOWN	False	True	9.243914266767717
ESRRB	2.73961153846154	0.0022054711859458	-3.59907931034482	2.08570730398109e-39	NS	DOWN	False	True	6.33869084880636
ESRRG	0.943034615384618	0.399606045851167	-4.71134334975369	1.92975904679078e-84	NS	DOWN	False	True	5.654377965138308
ESX1	0.509300000000003	0.384452809267006	1.60544827586207	1.1867608107702601e-14	NS	UP	False	True	-1.096148275862067
ESYT2	0.858707692307693	0.0221383044184846	1.10680197044335	9.51854550611434e-113	NS	UP	False	True	-0.2480942781356571
ESYT3	1.26683846153846	0.116105526517859	-4.33903793103448	3.80118014662977e-181	NS	DOWN	False	True	5.60587639257294
ETNK2	0.607515384615385	0.132815415860016	-1.873	2.6488480538033602e-52	NS	DOWN	False	True	2.480515384615385
ETNPPL	0.914269230769231	0.491846649667134	-1.32817684729064	3.57553955549546e-05	NS	DOWN	False	True	2.2424460780598707
ETS1	0.764734615384615	0.0426936177330745	2.4000472906404	4.8404378356199e-145	NS	UP	False	True	-1.635312675255785
ETV2	-0.343611538461539	0.247433057415244	-1.10438275862069	7.428159429152009e-36	NS	DOWN	False	True	0.760771220159151
ETV3	0.591265384615385	0.0570333082814312	-1.49974975369458	2.04081206641011e-99	NS	DOWN	False	True	2.091015138309965
ETV3L	0.313153846153848	0.711468398061668	-1.46836600985222	1.05236389612515e-10	NS	DOWN	False	True	1.781519856006068
ETV5	0.638573076923079	0.0560781976680755	1.41306798029557	2.3304846872357802e-76	NS	UP	False	True	-0.7744949033724909
ETV6	0.760123076923076	0.0017117561251965	-1.44108374384236	6.71825265815447e-95	NS	DOWN	False	True	2.201206820765436
ETV7	1.61662692307692	0.0152983334569019	-4.41711231527094	6.495035918906489e-162	NS	DOWN	False	True	6.03373923834786
EVA1A	0.243861538461539	0.559978464469244	3.29847389162562	2.62268605042281e-112	NS	UP	False	True	-3.054612353164081
EVA1B	0.0439961538461562	0.879341677198233	2.53965320197044	5.29725329022309e-174	NS	UP	False	True	-2.4956570481242837
EVA1C	-0.0786692307692323	0.892677105926518	-3.73482857142857	1.1056410839938499e-192	NS	DOWN	False	True	3.656159340659338
EVC	0.566765384615385	0.189111111749893	2.2158684729064	3.80790490847431e-124	NS	UP	False	True	-1.6491030882910152
EVC2	0.321861538461539	0.616817374438008	1.14202561576355	1.86630835322142e-80	NS	UP	False	True	-0.820164077302011
EVI2B	1.34791923076923	0.0039918818275296	3.17964137931035	3.6996228911821796e-134	NS	UP	False	True	-1.83172214854112
EVPL	1.06364230769231	0.431417238306113	-10.5366236453202	1.34808853806137e-272	NS	DOWN	False	True	11.60026595301251
EVPLL	0.350088461538465	0.786992859277559	-11.2336236453202	3.46384836422273e-233	NS	DOWN	False	True	11.583712106858666
EVX1	1.25897692307693	0.0356963011281926	-1.59634679802956	3.64312356973472e-12	NS	DOWN	False	True	2.8553237211064904
EVX2	2.09074230769231	0.0051196359054283	1.71713054187191	1.45895817723341e-22	NS	UP	False	True	0.3736117658203999
EXD1	-0.168311538461538	0.874638253931495	1.80174975369458	1.8437214763424601e-09	NS	UP	False	True	-1.9700612921561178
EXO1	0.113538461538462	0.78899982664153	2.37573891625616	2.52730174354924e-62	NS	UP	False	True	-2.262200454717698
EXO5	0.637973076923077	0.0709402325064079	1.10042906403941	1.04641469466708e-72	NS	UP	False	True	-0.46245598711633307
EXOC3	0.491234615384617	0.0144141210982792	-1.03993497536946	8.513137663918831e-106	NS	DOWN	False	True	1.531169590754077
EXOC3L1	0.553811538461539	0.0454965444383956	-4.00922906403941	1.10478003601271e-129	NS	DOWN	False	True	4.563040602500949
EXOC3L4	0.684784615384616	0.419195160386838	-3.73993546798029	5.07514620105912e-41	NS	DOWN	False	True	4.424720083364906
EXOC6	1.41350384615385	0.0022938573137916	-1.0087763546798	3.8264385232887796e-28	NS	DOWN	False	True	2.42228020083365
EXOC6B	0.664461538461539	0.0213930581318235	-1.18605418719212	2.5170792037235203e-91	NS	DOWN	False	True	1.850515725653659
EXOG	0.728784615384615	0.0187902455351577	2.44453103448276	1.56340544468826e-159	NS	UP	False	True	-1.7157464190981453
EXOSC3	0.89055	0.0005532947339632	1.52289704433497	5.35255921280187e-107	NS	UP	False	True	-0.6323470443349701
EXOSC9	0.641407692307693	0.0154219340572773	1.27714729064039	6.9501517267475e-111	NS	UP	False	True	-0.635739598332697
EXPH5	0.748426923076924	0.302866248945955	-7.63189753694581	2.55060720156572e-195	NS	DOWN	False	True	8.380324460022734
EXTL1	1.51104615384616	0.0409013047897657	-2.2201802955665	3.2116160551974496e-36	NS	DOWN	False	True	3.7312264494126604
EYA2	0.986230769230769	0.0661412226583689	-2.27793990147783	2.55533587378215e-49	NS	DOWN	False	True	3.264170670708599
EYA4	1.24337307692308	0.364539266565764	5.5998369458128	2.7543993924632697e-119	NS	UP	False	True	-4.356463868889721
EZR	0.363823076923075	0.426718517420341	-3.13162807881773	1.0629257030448701e-188	NS	DOWN	False	True	3.4954511557408052
F11R	0.262165384615384	0.551390413783706	-5.82475862068966	2.5349995058368497e-227	NS	DOWN	False	True	6.086924005305044
F12	0.0708846153846152	0.924333083447705	-4.52526108374384	1.08347078183148e-146	NS	DOWN	False	True	4.596145699128455
F2RL1	2.30662692307692	0.0038619332646647	-7.39234778325123	1.54071889957706e-169	NS	DOWN	False	True	9.69897470632815
F2RL3	0.29495	0.542509752393535	-5.76951921182266	3.55665827403568e-88	NS	DOWN	False	True	6.06446921182266
F3	2.06470384615385	0.0021443141229436	1.23621133004927	1.4953095385622e-38	NS	UP	False	True	0.8284925161045797
F7	1.5368576923077	0.131746426592749	-3.06514334975369	1.45159973905962e-34	NS	DOWN	False	True	4.60200104206139
F8	1.30293846153846	0.0018637940669376	1.06262413793103	1.06353216112714e-55	NS	UP	False	True	0.2403143236074301
F8A3	-0.831588461538461	0.575104691136691	1.6431039408867	0.0004697815590177	NS	UP	False	True	-2.474692402425161
FA2H	0.223088461538462	0.854876096695258	-9.33524137931034	4.3903205384205e-154	NS	DOWN	False	True	9.5583298408488
FAAH	0.611169230769231	0.135264866586543	-3.17373645320197	5.84881926068733e-141	NS	DOWN	False	True	3.784905683971201
FAAH2	2.25688846153846	0.0200965928676905	-7.79478078817734	7.58222478808695e-140	NS	DOWN	False	True	10.0516692497158
FAAP24	0.449396153846154	0.214523968839915	1.33012807881773	7.51422040815146e-72	NS	UP	False	True	-0.8807319249715762
FABP2	0.547469230769234	0.331007680837138	1.97543645320197	4.8425109435333e-15	NS	UP	False	True	-1.427967222432736
FABP4	-0.137876923076922	0.911292745773071	-5.19390049261084	2.9317644553408904e-113	NS	DOWN	False	True	5.056023569533918
FABP5	0.265126923076922	0.60257270270776	-4.24856896551724	1.99196623610745e-164	NS	DOWN	False	True	4.513695888594162
FABP6	2.5375	0.0386390627715899	-5.09369556650246	4.87106179747543e-45	NS	DOWN	False	True	7.631195566502461
FABP7	2.93019615384615	0.0918773960984381	-10.035002955665	8.36969905649027e-129	NS	DOWN	False	True	12.96519910951115
FABP9	-0.796834615384613	0.25211845684994	-3.5896369458128	8.86404346552222e-16	NS	DOWN	False	True	2.792802330428187
FADD	0.191115384615386	0.594186853956317	1.15032561576355	7.79568319592626e-98	NS	UP	False	True	-0.959210231148164
FADS1	1.09466153846154	0.0060073095028216	3.6544802955665	4.8007430539582505e-98	NS	UP	False	True	-2.55981875710496
FADS2	1.46255384615385	0.0051738211058716	2.1926566502463	3.00881770455196e-25	NS	UP	False	True	-0.7301028040924498
FADS3	-0.0373384615384627	0.923105611348759	3.09247980295566	2.52206219782508e-173	NS	UP	False	True	-3.129818264494123
FADS6	0.450061538461538	0.757177692826315	-11.7777083743842	7.5573029085488e-234	NS	DOWN	False	True	12.227769912845739
FAH	-0.622984615384617	0.0327688044790637	1.42515418719212	8.01124373766914e-121	NS	UP	False	True	-2.0481388025767373
FAHD2B	0.223426923076922	0.698375832687976	-1.23153251231527	1.29230743392888e-94	NS	DOWN	False	True	1.454959435392192
FAIM	0.0097615384615386	0.986068400678696	1.18800541871921	1.50819821270821e-76	NS	UP	False	True	-1.1782438802576713
FAIM2	0.826526923076923	0.304341514716474	1.43213251231527	2.09805397261311e-29	NS	UP	False	True	-0.605605589238347
FAM107A	0.57055	0.101173869893468	-3.08295862068966	1.5139311936637898e-82	NS	DOWN	False	True	3.65350862068966
FAM107B	0.963442307692308	0.0281010021745193	-1.30761034482759	9.10399387420346e-64	NS	DOWN	False	True	2.2710526525198977
FAM110A	0.0164038461538465	0.962105043854665	-4.11004088669951	1.40243946074811e-220	NS	DOWN	False	True	4.126444732853357
FAM110B	0.835961538461538	0.114298409912546	2.87053448275862	2.08736231687467e-142	NS	UP	False	True	-2.034572944297082
FAM110C	1.32808076923077	0.220473840229397	-9.6139448275862	2.5566965767681502e-186	NS	DOWN	False	True	10.94202559681697
FAM110D	-0.0847115384615385	0.849998751280129	-7.9953054187192	3.5149027584103596e-128	NS	DOWN	False	True	7.910593880257661
FAM111B	1.20344615384615	0.0235044562758171	1.75897931034483	3.6570676068681e-21	NS	UP	False	True	-0.5555331564986798
FAM114A1	1.82729615384615	0.0013988550727666	2.40974532019705	1.9676078732323802e-144	NS	UP	False	True	-0.5824491663508997
FAM117A	0.415823076923078	0.208095742306064	-2.35495665024631	1.0045943645368401e-145	NS	DOWN	False	True	2.7707797271693884
FAM120A	0.940438461538462	0.0009803102303629	1.48235172413793	6.581562699756799e-186	NS	UP	False	True	-0.541913262599468
FAM124A	-0.784823076923077	0.0519613551251401	-1.3451315270936	7.16715037620797e-34	NS	DOWN	False	True	0.560308450170523
FAM124B	0.684026923076923	0.144768482596519	-7.07610492610836	4.164688015902e-130	NS	DOWN	False	True	7.760131849185282
FAM131A	0.131838461538462	0.599254763788079	-1.39899753694581	7.51163592431096e-139	NS	DOWN	False	True	1.530835998484272
FAM131B	2.34802307692308	0.0012055890527669	2.16770738916256	1.20652761774765e-58	NS	UP	False	True	0.18031568776051987
FAM131C	-0.0351000000000004	0.974926453967646	-4.37428325123152	3.06613653227384e-90	NS	DOWN	False	True	4.339183251231519
FAM13A	1.75685384615385	0.0028342662240395	-1.17415812807881	2.1814896364502502e-44	NS	DOWN	False	True	2.93101197423266
FAM13C	1.67825384615385	0.0069346349512724	-3.23360049261084	1.5809751562792902e-98	NS	DOWN	False	True	4.91185433876469
FAM149B1	0.372303846153847	0.139815226156211	1.08914137931035	1.05867287983869e-94	NS	UP	False	True	-0.7168375331565029
FAM151B	0.879969230769231	0.0196259487656866	1.63555960591133	3.63368642618798e-75	NS	UP	False	True	-0.755590375142099
FAM153A	0.901046153846156	0.374802496198665	-6.26429064039408	2.0172311870479802e-93	NS	DOWN	False	True	7.165336794240236
FAM153CP	0.573065384615384	0.615211016382556	-6.50136551724138	1.58683241303328e-72	NS	DOWN	False	True	7.074430901856764
FAM161A	0.694980769230769	0.0710115768056011	1.24343349753695	5.5221281195948505e-67	NS	UP	False	True	-0.5484527283061811
FAM162B	1.263	0.0472312640435078	-3.95787980295566	9.070773799586749e-50	NS	DOWN	False	True	5.220879802955659
FAM163A	-0.353188461538461	0.810245006244608	-1.03528768472906	1.77181568197312e-08	NS	DOWN	False	True	0.6820992231905989
FAM163B	2.04609230769231	0.0599255513755929	-2.40066502463054	8.45569291036554e-18	NS	DOWN	False	True	4.44675733232285
FAM167A	0.415157692307693	0.601424432342095	1.28787684729065	8.77242122684466e-39	NS	UP	False	True	-0.8727191549829572
FAM167B	-0.289200000000001	0.532712843236429	1.02091477832512	6.848765964314591e-17	NS	UP	False	True	-1.310114778325121
FAM170A	2.03546153846154	0.0035002252152831	-2.15576157635467	4.0417654948272704e-14	NS	DOWN	False	True	4.19122311481621
FAM171A1	1.49448461538462	0.005386449056169	2.31306600985222	2.62548103355581e-146	NS	UP	False	True	-0.8185813944675999
FAM171B	1.51688461538462	0.0029992805917798	2.45816502463054	7.79898465653721e-134	NS	UP	False	True	-0.9412804092459199
FAM174A	0.670042307692309	0.0102202243262778	-1.23401674876847	7.84213667509532e-100	NS	DOWN	False	True	1.9040590564607789
FAM174B	-0.52428846153846	0.303464876762586	-1.48115221674877	4.4092948935778703e-63	NS	DOWN	False	True	0.9568637552103101
FAM177B	1.26632692307693	0.177472945855235	-1.21822413793103	7.87022672274223e-06	NS	DOWN	False	True	2.48455106100796
FAM178B	-1.32843846153846	0.235073844118106	-4.86048177339901	9.791268986195199e-70	NS	DOWN	False	True	3.5320433118605497
FAM180B	-0.536142307692308	0.404707418815538	-4.11763201970443	1.8028150729833802e-46	NS	DOWN	False	True	3.5814897120121216
FAM181B	2.60861153846154	0.0041747300652015	-3.4533487684729	2.0579277602438302e-61	NS	DOWN	False	True	6.06196030693444
FAM184A	2.01385	0.0032590825732092	-2.02358078817734	5.3683454831784504e-74	NS	DOWN	False	True	4.037430788177341
FAM186A	0.794838461538462	0.232246850313809	2.36234532019704	2.3103709551126797e-40	NS	UP	False	True	-1.5675068586585779
FAM187A	0.357530769230769	0.375627111766288	2.84987438423645	1.1207822449922e-82	NS	UP	False	True	-2.492343615005681
FAM187B	-0.34337692307692	0.731943672795001	-2.92161625615763	5.49648745485433e-26	NS	DOWN	False	True	2.57823933308071
FAM193B	0.607799999999999	0.0142153961437807	-1.34550197044334	2.0297037582458202e-95	NS	DOWN	False	True	1.953301970443339
FAM200B	0.350103846153845	0.174210662668784	1.21511921182266	6.81623445282683e-90	NS	UP	False	True	-0.8650153656688149
FAM209A	1.27700384615385	0.166079209081718	-3.52873300492611	4.11859667901646e-46	NS	DOWN	False	True	4.80573685107996
FAM209B	1.35613076923077	0.0410761030978994	-4.15997142857143	3.1946524890995e-46	NS	DOWN	False	True	5.5161021978022005
FAM20A	1.30506923076923	0.0111735709751023	1.94499753694581	4.96182428718766e-34	NS	UP	False	True	-0.6399283061765799
FAM20B	0.967103846153846	0.0015248914251728	1.37742561576355	1.37162820955174e-141	NS	UP	False	True	-0.410321769609704
FAM20C	1.35395384615385	0.0014550703026671	1.33368719211823	3.82116239313417e-70	NS	UP	False	True	0.020266654035620002
FAM210A	1.35466538461539	0.0031456400250876	1.93355960591133	5.09870658235103e-123	NS	UP	False	True	-0.57889422129594
FAM216B	1.38663846153847	0.0758750348572113	2.15037290640394	1.9695880490587003e-16	NS	UP	False	True	-0.7637344448654699
FAM217B	1.12012692307692	0.0020509633790048	1.40328620689655	6.30702866503487e-70	NS	UP	False	True	-0.28315928381962996
FAM221A	1.43799230769231	0.01757227798834	-2.7644472906404	5.70220986040583e-136	NS	DOWN	False	True	4.20243959833271
FAM221B	2.05913076923077	0.0028568854166758	-1.98453645320197	8.52223285278266e-16	NS	DOWN	False	True	4.04366722243274
FAM222A	0.335915384615384	0.289641016863973	-4.58324630541872	1.27932147326729e-181	NS	DOWN	False	True	4.9191616900341035
FAM229A	0.647719230769231	0.123357512891571	-1.74641133004926	2.15205344896459e-79	NS	DOWN	False	True	2.394130560818491
FAM229B	0.385461538461538	0.286120610192464	1.93134926108374	3.0618723010239202e-121	NS	UP	False	True	-1.5458877226222019
FAM237A	0.973492307692309	0.314898000310622	-1.68372463054187	1.56036713621638e-11	NS	DOWN	False	True	2.6572169382341793
FAM240C	0.851853846153846	0.323460964816693	-8.3234251231527	7.87942485468587e-119	NS	DOWN	False	True	9.175278969306547
FAM241B	0.387526923076923	0.526062691647954	-2.81754926108374	2.2042575915660402e-59	NS	DOWN	False	True	3.205076184160663
FAM24B	0.231938461538462	0.801305860870489	1.26684137931035	1.49750722601722e-42	NS	UP	False	True	-1.0349029177718878
FAM25A	-0.266219230769232	0.918220249756862	-13.2324118226601	2.8211353387068303e-152	NS	DOWN	False	True	12.966192591890868
FAM25C	-0.734188461538459	0.727654497084167	-13.3781433497537	9.83375405827824e-189	NS	DOWN	False	True	12.64395488821524
FAM25G	1.23049230769231	0.553054260519333	-14.4118177339901	4.34629231895596e-233	NS	DOWN	False	True	15.64231004168241
FAM3D	1.55706923076923	0.114158265989635	-6.66908177339901	1.88010136972271e-90	NS	DOWN	False	True	8.22615100416824
FAM43A	0.135834615384615	0.68754963131012	-1.80452512315271	5.80083988527182e-73	NS	DOWN	False	True	1.940359738537325
FAM43B	1.23530769230769	0.0630034262031727	-1.15953694581281	7.41320569529899e-08	NS	DOWN	False	True	2.3948446381205
FAM47E	1.05354615384615	0.143720574505672	-1.30968226600985	2.06723894456447e-26	NS	DOWN	False	True	2.363228419856
FAM47E-STBD1	1.14752307692308	0.0561370469708272	3.14556748768473	7.57801432527058e-65	NS	UP	False	True	-1.9980444107616502
FAM50A	-0.541738461538457	0.0089289666100472	1.14600147783252	3.55265846783265e-75	NS	UP	False	True	-1.687739939370977
FAM50B	1.19844615384615	0.0574517163875335	1.06390197044335	3.3678212511289497e-34	NS	UP	False	True	0.13454418340279983
FAM53B	-0.396565384615385	0.238004053156282	-1.10494433497537	1.9163484273195498e-56	NS	DOWN	False	True	0.7083789503599851
FAM53C	0.955588461538462	0.0003847041328873	1.00580295566503	8.860662710600181e-91	NS	UP	False	True	-0.05021449412656809
FAM81A	-0.452365384615385	0.492946214703561	-1.73223300492611	3.63798884154799e-37	NS	DOWN	False	True	1.279867620310725
FAM81B	2.80238846153847	0.003730641376031	-2.02640098522167	2.2867234620396304e-09	NS	DOWN	False	True	4.82878944676014
FAM83A	0.90733076923077	0.59414910459582	-7.01456256157635	9.300279493286079e-114	NS	DOWN	False	True	7.921893330807119
FAM83B	1.66796538461539	0.237292284707487	-10.918960591133	9.35595198580949e-193	NS	DOWN	False	True	12.58692597574839
FAM83C	0.535865384615386	0.772191604132774	-11.6810522167488	5.9491624198225695e-220	NS	DOWN	False	True	12.216917601364186
FAM83E	1.46083461538462	0.174024131564303	-7.33523251231526	7.02829347784062e-112	NS	DOWN	False	True	8.79606712769988
FAM83F	-0.524776923076922	0.706164246132155	-8.96014187192118	2.41656696410545e-184	NS	DOWN	False	True	8.435364948844258
FAM83G	0.65568076923077	0.29583522833516	-3.66783251231527	5.30841402564973e-174	NS	DOWN	False	True	4.32351328154604
FAM83H	0.0846807692307707	0.786480340003219	-2.94814137931035	1.50714658424481e-194	NS	DOWN	False	True	3.0328221485411206
FAM86B2	-1.49048076923077	0.160546584224576	2.62862561576354	1.8024620477113e-14	NS	UP	False	True	-4.119106384994311
FAM89A	0.0082730769230794	0.982836080595512	-2.03401527093596	1.16046520102126e-124	NS	DOWN	False	True	2.0422883478590395
FAM98A	0.872011538461537	0.0017629337302322	1.89846305418719	1.89574825769275e-167	NS	UP	False	True	-1.026451515725653
FAM98C	0.314342307692309	0.0898523436381191	-1.21249458128079	1.31182935797286e-97	NS	DOWN	False	True	1.526836888973099
FAM9C	1.1563576923077	0.183246692560751	1.50682857142857	1.60951040885347e-08	NS	UP	False	True	-0.35047087912087016
FANCB	1.19163461538462	0.0049656374343567	2.01683793103448	9.78629998660738e-51	NS	UP	False	True	-0.8252033156498599
FANCE	0.088703846153847	0.761430997772751	-1.16667044334976	8.765270087935409e-71	NS	DOWN	False	True	1.2553742895036069
FANCF	0.651034615384616	0.0154197722896785	1.00219950738916	1.62630677726861e-41	NS	UP	False	True	-0.35116489200454404
FAP	1.27334615384615	0.005268424403222	5.61978768472906	3.78233908954337e-217	NS	UP	False	True	-4.34644153088291
FAR2	0.834811538461538	0.123760973783113	1.26265320197044	3.83484130413471e-34	NS	UP	False	True	-0.42784166350890196
FARP1	0.691492307692309	0.0494525171039401	1.50770640394089	3.74787291436936e-99	NS	UP	False	True	-0.8162140962485811
FASLG	1.30971153846154	0.139595340913789	-2.65557536945812	4.9578051361283704e-23	NS	DOWN	False	True	3.96528690791966
FASN	-0.690057692307693	0.0622439337441705	-1.6571236453202	2.00815687426075e-79	NS	DOWN	False	True	0.9670659530125071
FASTKD1	0.373465384615385	0.205053800941879	1.32862857142858	1.53705598795274e-71	NS	UP	False	True	-0.9551631868131949
FASTKD3	0.669111538461539	0.015069194912012	1.13357783251231	6.5807585634308e-74	NS	UP	False	True	-0.464466294050771
FAT2	-0.353619230769231	0.739602362699274	-8.17223251231528	4.12611294312149e-269	NS	DOWN	False	True	7.818613281546048
FAT3	1.1141076923077	0.152264785134937	2.17585172413793	5.5480462056769e-32	NS	UP	False	True	-1.0617440318302298
FAT4	1.36635384615385	0.0024632645048907	4.27157290640394	2.01119044942937e-201	NS	UP	False	True	-2.90521906025009
FATE1	1.30131923076923	0.0149248306706117	-1.51206108374383	1.99995157501597e-06	NS	DOWN	False	True	2.81338031451306
FBF1	0.0224730769230779	0.931992916510996	-1.56905270935961	5.2656768940697896e-92	NS	DOWN	False	True	1.591525786282688
FBLIM1	1.27416923076923	0.0087719429884557	1.16726995073892	2.69635204566633e-53	NS	UP	False	True	0.10689928003031013
FBLN1	0.132192307692309	0.809194120251172	3.12450935960591	2.6829851704291397e-114	NS	UP	False	True	-2.9923170519136013
FBLN2	0.80845	0.0578115034387844	2.65575763546798	1.207572614889e-104	NS	UP	False	True	-1.8473076354679798
FBLN5	0.405953846153846	0.456566999327831	3.34816453201971	5.03957860545013e-163	NS	UP	False	True	-2.9422106858658643
FBP1	0.372938461538462	0.489052697225568	-6.86667684729064	7.221461525703869e-108	NS	DOWN	False	True	7.239615308829102
FBP2	1.56222692307693	0.0802946600339681	-2.38347536945813	1.62956895887179e-13	NS	DOWN	False	True	3.94570229253506
FBRS	0.42592307692308	0.0117260204014249	-1.08759901477833	1.54829439294087e-107	NS	DOWN	False	True	1.51352209170141
FBRSL1	-0.166176923076923	0.483663611977433	-1.21611527093596	3.5065816199781903e-106	NS	DOWN	False	True	1.049938347859037
FBXL16	0.389253846153846	0.564758494179414	-6.34125172413793	5.57531649568836e-209	NS	DOWN	False	True	6.7305055702917755
FBXL18	0.290357692307692	0.377068870781132	1.17600197044335	4.38126054748037e-66	NS	UP	False	True	-0.8856442781356579
FBXL2	1.00083846153846	0.0031974161087427	1.81440246305419	5.11603874868312e-97	NS	UP	False	True	-0.8135640015157299
FBXL4	0.994765384615385	0.0031961665867839	1.27224334975369	4.22073947400204e-109	NS	UP	False	True	-0.277477965138305
FBXL7	-0.149784615384616	0.800210403170938	2.30921379310345	1.7817705855926199e-137	NS	UP	False	True	-2.4589984084880663
FBXL8	0.466530769230769	0.0859132576066258	-1.11080049261084	1.1201993545020199e-82	NS	DOWN	False	True	1.5773312618416089
FBXO10	0.847923076923076	0.001721350832904	1.62006748768473	4.888828071826351e-112	NS	UP	False	True	-0.7721444107616541
FBXO16	0.650015384615384	0.0698843808156605	2.08173349753695	1.1345756162629201e-19	NS	UP	False	True	-1.4317181129215661
FBXO2	-0.370176923076923	0.496817768285615	-4.78112216748768	5.30744600927634e-211	NS	DOWN	False	True	4.410945244410756
FBXO22	0.502380769230769	0.0461376833068114	1.89523694581281	2.8606345032641803e-113	NS	UP	False	True	-1.392856176582041
FBXO27	-0.728403846153846	0.386837859054599	-3.99099408866995	7.69305853830061e-159	NS	DOWN	False	True	3.2625902425161044
FBXO40	-0.278361538461535	0.744689240660522	-2.61426995073892	5.83944639801994e-32	NS	DOWN	False	True	2.3359084122773854
FBXO42	0.295307692307693	0.213306246878199	-1.20876305418719	1.09362423052534e-100	NS	DOWN	False	True	1.504070746494883
FBXO43	0.994765384615385	0.0805484191770631	1.16093300492611	2.8377975097730498e-11	NS	UP	False	True	-0.16616762031072496
FBXO47	0.947876923076925	0.215351683998353	3.03571921182266	3.9217889583280504e-44	NS	UP	False	True	-2.087842288745735
FBXO5	1.28786538461538	0.0031358560822049	1.82530935960591	4.35222551584626e-81	NS	UP	False	True	-0.53744397499053
FBXW10	1.68180384615385	0.0227884638721806	1.10406502463054	1.35649182961372e-05	NS	UP	False	True	0.5777388215233101
FBXW10B	1.85803846153846	0.0052733773594328	-1.72063399014778	1.14433353185419e-38	NS	DOWN	False	True	3.57867245168624
FBXW4	0.0988692307692318	0.659219449724192	-1.28987487684729	7.12500915103173e-134	NS	DOWN	False	True	1.388744107616522
FBXW8	0.559846153846154	0.0547036569164818	1.33655320197045	4.5991304850089095e-127	NS	UP	False	True	-0.776707048124296
FCAMR	1.74850000000001	0.0522074949450741	-2.01956600985221	1.4837887347790699e-18	NS	DOWN	False	True	3.7680660098522196
FCAR	1.7961076923077	0.105300100338587	-2.64004679802955	2.00937707896707e-16	NS	DOWN	False	True	4.43615449033725
FCER1A	0.739711538461539	0.229093939636733	-11.0266556650246	1.15962900786083e-181	NS	DOWN	False	True	11.766367203486139
FCER1G	0.723788461538461	0.150591180884098	-3.5364960591133	7.07626377235056e-120	NS	DOWN	False	True	4.260284520651761
FCER2	0.412746153846155	0.678066661408811	-3.80429852216748	1.52959615699819e-34	NS	DOWN	False	True	4.217044676013635
FCF1	1.36280769230769	0.0017269846583651	1.72521428571428	2.23973915910425e-146	NS	UP	False	True	-0.3624065934065901
FCGBP	1.75671153846154	0.0250675887182115	-5.03465024630542	2.75213763390614e-161	NS	DOWN	False	True	6.791361784766959
FCGR1A	0.884453846153846	0.0911506943547427	-3.00376354679802	3.10333032511349e-19	NS	DOWN	False	True	3.8882173929518657
FCGR1BP	1.39670769230769	0.0103086104629507	-1.3668960591133	7.26610884285696e-05	NS	DOWN	False	True	2.76360375142099
FCGR2A	0.871507692307692	0.0611204176862863	-1.72255369458128	3.8662062895473295e-36	NS	DOWN	False	True	2.594061386888972
FCGR2B	1.08976153846154	0.0180921366523306	-8.33591182266009	2.61790419766594e-147	NS	DOWN	False	True	9.42567336112163
FCGR3A	2.14963461538461	0.001767322563891	-5.08209261083743	2.14254959828215e-79	NS	DOWN	False	True	7.23172722622204
FCGR3B	2.29777692307692	0.0059924240434586	-6.12440344827586	1.93099875649624e-64	NS	DOWN	False	True	8.42218037135278
FCHO1	0.147780769230769	0.775111992216859	-5.06444236453202	3.65193618602577e-194	NS	DOWN	False	True	5.212223133762789
FCN1	0.485657692307693	0.408859450856645	-5.03921182266009	3.64693207595705e-59	NS	DOWN	False	True	5.524869514967783
FCN2	1.16313076923077	0.121910246580012	-4.33657192118226	1.6261819388798402e-44	NS	DOWN	False	True	5.499702690413031
FCN3	0.575326923076923	0.175531934709989	-5.43098177339901	1.72329998673542e-76	NS	DOWN	False	True	6.006308696475933
FCRL1	1.06213846153846	0.363356519356125	-2.52864187192117	9.24569275491536e-21	NS	DOWN	False	True	3.5907803334596298
FCRL3	1.42118461538462	0.0532804709359916	-1.80144137931034	1.3451704381352e-13	NS	DOWN	False	True	3.22262599469496
FCRL5	0.608984615384616	0.588127087630931	-1.05299753694582	2.91596064181263e-05	NS	DOWN	False	True	1.661982152330436
FCRLB	0.369069230769231	0.388460250213148	1.58265960591133	2.97447168025993e-48	NS	UP	False	True	-1.213590375142099
FCSK	0.493796153846155	0.0570286905616433	-1.38074384236453	3.7914137077040704e-112	NS	DOWN	False	True	1.874539996210685
FDX2	-0.340607692307692	0.0719931965041204	1.17682758620689	1.0510744777554e-78	NS	UP	False	True	-1.517435278514582
FECH	0.583765384615386	0.104502024572039	1.29489458128079	1.34241962056538e-95	NS	UP	False	True	-0.711129196665404
FEN1	0.0691653846153821	0.84217005190197	1.51888669950739	6.1399585169959e-76	NS	UP	False	True	-1.4497213148920078
FER1L5	0.289400000000001	0.652062901323122	3.36324039408868	6.893529332706e-60	NS	UP	False	True	-3.073840394088679
FER1L6	0.946057692307696	0.276232816194213	4.40016108374384	4.708543210748069e-56	NS	UP	False	True	-3.454103391436144
FERD3L	0.792784615384619	0.221905083072963	1.98957438423645	1.91260094081403e-08	NS	UP	False	True	-1.196789768851831
FERMT1	1.87636923076923	0.136588783365528	-2.92358916256158	1.12483221173383e-136	NS	DOWN	False	True	4.79995839333081
FETUB	1.681	0.176369229306452	-9.86220295566501	3.7075680482003505e-161	NS	DOWN	False	True	11.54320295566501
FEZF2	0.172734615384618	0.774934799769943	-1.57577931034483	9.734969196747591e-14	NS	DOWN	False	True	1.7485139257294482
FFAR2	-0.214388461538462	0.716253637321341	-7.15362709359604	8.9729672738163e-120	NS	DOWN	False	True	6.939238632057578
FFAR4	1.59228846153846	0.0261889915543906	-7.24919802955664	3.591258179723441e-198	NS	DOWN	False	True	8.8414864910951
FGD2	1.20426153846154	0.0049670093220457	-7.41265911330049	8.247998391581e-145	NS	DOWN	False	True	8.61692065176203
FGD3	0.654792307692308	0.121497204618094	-7.71762068965517	3.93125335222084e-163	NS	DOWN	False	True	8.372412997347478
FGD5	0.753380769230769	0.0365129736337492	-4.66612857142857	8.80221522058565e-121	NS	DOWN	False	True	5.419509340659339
FGF1	1.68695769230769	0.0085339178946456	4.09785714285715	3.04498374404792e-121	NS	UP	False	True	-2.4108994505494605
FGF11	1.57213461538462	0.004965791563112	-3.92314581280788	1.91599574946357e-119	NS	DOWN	False	True	5.4952804281925
FGF12	0.761269230769231	0.357543749882055	-1.12055566502463	1.08041437307423e-09	NS	DOWN	False	True	1.881824895793861
FGF16	0.254050000000003	0.538597415082343	-1.58084334975369	3.26249431440319e-08	NS	DOWN	False	True	1.834893349753693
FGF18	0.93583076923077	0.143009485777036	-2.10595763546798	6.63558667385994e-22	NS	DOWN	False	True	3.04178840469875
FGF19	1.32633846153846	0.0736149200497117	-1.68782709359606	5.321245583957811e-19	NS	DOWN	False	True	3.01416555513452
FGF20	2.2612576923077	0.0034750456597725	3.00761970443349	7.04552802919558e-23	NS	UP	False	True	-0.7463620121257897
FGF21	0.55211153846154	0.498310307213748	1.14336748768473	2.24576822964336e-06	NS	UP	False	True	-0.5912559492231899
FGF22	0.0104846153846156	0.98720671139541	-6.22882413793104	5.436326652825989e-156	NS	DOWN	False	True	6.2393087533156555
FGF5	2.05819615384615	0.03722368729549	11.0931669950739	1.51067301512524e-184	NS	UP	False	True	-9.03497084122775
FGF9	1.89177307692308	0.0590962340732761	-2.38124729064039	4.61276494089353e-16	NS	DOWN	False	True	4.27302036756347
FGFBP1	0.470226923076923	0.833680675998245	-11.4421295566502	8.01696203661334e-172	NS	DOWN	False	True	11.912356479727123
FGFR1	0.882623076923077	0.0607397795514756	2.19664827586206	9.13739570090568e-122	NS	UP	False	True	-1.314025198938983
FGFR2	1.09859615384615	0.223244683000793	-8.409860591133	1.4641100011721999e-223	NS	DOWN	False	True	9.508456744979151
FGFR3	1.23914230769231	0.149991316220435	-9.47023300492611	7.16459730371193e-289	NS	DOWN	False	True	10.70937531261842
FGFR4	-0.0267423076923077	0.966302189709749	-1.91956354679803	1.6859013486717002e-66	NS	DOWN	False	True	1.8928212391057224
FGFRL1	1.77943461538462	0.0012708799900052	1.12019261083744	2.42320740342442e-72	NS	UP	False	True	0.6592420045471801
FGL1	2.83436153846154	0.0117183392027282	1.5825842364532	8.6283793277888e-06	NS	UP	False	True	1.2517773020083403
FGR	0.262984615384615	0.514745967517487	-5.41694827586207	8.05336880379828e-114	NS	DOWN	False	True	5.679932891246684
FHAD1	0.602265384615385	0.280022833498057	2.74773103448276	6.747730994728811e-45	NS	UP	False	True	-2.145465649867375
FHIP1A	1.52060769230769	0.127198276885807	-5.62157832512315	6.96855626783634e-194	NS	DOWN	False	True	7.1421860174308405
FHIP2A	1.02568076923077	0.0014318784808885	1.18867635467981	3.5724277341997695e-116	NS	UP	False	True	-0.16299558544904014
FHIT	0.164626923076924	0.738577948361408	-1.6459802955665	3.46045776293922e-61	NS	DOWN	False	True	1.8106072186434239
FHL2	0.476726923076923	0.327797423442058	1.66544187192117	3.01415200407999e-107	NS	UP	False	True	-1.1887149488442472
FHL3	-0.159000000000001	0.573538117501322	1.19702512315271	2.9882671405172896e-103	NS	UP	False	True	-1.356025123152711
FHL5	2.30472307692308	0.0017993607476315	-5.71102857142856	4.79291281499337e-90	NS	DOWN	False	True	8.01575164835164
FIBCD1	1.02699230769231	0.348446302792479	1.51564975369457	2.59262581278825e-08	NS	UP	False	True	-0.4886574460022599
FIBIN	1.44203461538462	0.0063500405368052	3.14769064039409	4.88830223080258e-127	NS	UP	False	True	-1.7056560250094701
FICD	0.685607692307693	0.034436564186928	1.98330738916256	1.77126118897681e-101	NS	UP	False	True	-1.297699696854867
FIGLA	-0.430761538461537	0.410756445723971	-3.45932610837437	7.03105755947542e-37	NS	DOWN	False	True	3.0285645699128327
FIGN	1.00208076923077	0.0282489170153977	1.10444137931035	6.01845426242945e-47	NS	UP	False	True	-0.10236061007957997
FIGNL1	0.626903846153847	0.0636943217629458	1.25853004926108	1.7160898534776e-52	NS	UP	False	True	-0.631626203107233
FITM1	0.605230769230769	0.274669913904215	-2.48334679802956	2.19928771563494e-69	NS	DOWN	False	True	3.088577567260329
FJX1	0.55768076923077	0.167141028546129	1.25817980295566	1.5559949843115102e-44	NS	UP	False	True	-0.7004990337248899
FKBP10	0.615861538461536	0.135774378445262	4.40522118226601	9.45427678449278e-250	NS	UP	False	True	-3.7893596438044743
FKBP11	0.99583076923077	0.0232867943604967	2.77931625615763	3.6455499696717206e-173	NS	UP	False	True	-1.78348548692686
FKBP1A	0.183765384615382	0.423916257855966	1.58278620689655	4.8113108026961e-155	NS	UP	False	True	-1.399020822281168
FKBP1C	0.108084615384616	0.771049637674628	1.54719064039409	4.8738213805579795e-34	NS	UP	False	True	-1.439106025009474
FKBP7	1.22943076923077	0.0012765960147972	3.65389458128079	6.1438952940009395e-207	NS	UP	False	True	-2.42446381205002
FKBP9	0.611134615384619	0.0802117201380294	1.65787093596059	1.6997236986917098e-158	NS	UP	False	True	-1.0467363205759712
FKRP	0.532711538461539	0.0371560173203236	1.65874679802956	1.0091317055075401e-154	NS	UP	False	True	-1.1260352595680212
FLACC1	1.06175769230769	0.0632577384007349	2.87906305418719	9.980785452779071e-47	NS	UP	False	True	-1.8173053618795003
FLG	-0.224630769230769	0.847340027712925	-8.56386551724138	4.6455823521186495e-216	NS	DOWN	False	True	8.339234748010611
FLG2	0.120392307692309	0.950746036951278	-11.9134201970443	1.26086004561358e-236	NS	DOWN	False	True	12.03381250473661
FLNA	-0.271334615384616	0.358184149897837	1.08154975369459	7.70186884076042e-64	NS	UP	False	True	-1.3528843690792058
FLNC	1.02345769230769	0.0670525765196146	3.26809753694581	3.47304441155128e-134	NS	UP	False	True	-2.24463984463812
FLOT1	-0.208800000000002	0.383231698243862	1.68510935960591	5.897081158666901e-150	NS	UP	False	True	-1.893909359605912
FLRT2	1.66161538461538	0.0087359021450832	1.63407142857143	8.64640890386228e-96	NS	UP	False	True	0.027543956043950102
FLT3	0.667169230769233	0.323758272755108	-6.32277142857141	5.70982989512585e-128	NS	DOWN	False	True	6.989940659340643
FLT4	0.705853846153846	0.0213066002117963	-5.24079458128078	6.86141419689322e-137	NS	DOWN	False	True	5.946648427434626
FLVCR2	1.10582692307692	0.028338300705839	-1.9991472906404	8.02809766078859e-75	NS	DOWN	False	True	3.1049742137173197
FMC1-LUC7L2	2.41357692307692	0.116973279892894	1.6127960591133	1.66912374835568e-14	NS	UP	False	True	0.8007808639636202
FMN2	3.23714230769231	0.0156905519990791	6.58758226600986	1.05989026620936e-189	NS	UP	False	True	-3.35043995831755
FMNL3	0.332057692307693	0.26667382231479	1.79653399014779	9.52771956113434e-129	NS	UP	False	True	-1.464476297840097
FMO2	1.67959615384615	0.0704681682147301	1.77639064039409	3.4172591619889604e-21	NS	UP	False	True	-0.09679448654793998
FMO5	1.48694615384615	0.001930880352945	-2.20405073891626	2.00856057635719e-86	NS	DOWN	False	True	3.69099689276241
FMOD	1.74998461538462	0.0012831495114485	1.88769852216749	1.9740796242300299e-50	NS	UP	False	True	-0.1377139067828701
FN1	0.806088461538463	0.131413142270007	8.25409507389163	7.9121179365219e-293	NS	UP	False	True	-7.448006612353167
FNDC4	1.22305769230769	0.0052549710636661	1.50348768472906	4.3799919642781e-64	NS	UP	False	True	-0.28042999242137
FNDC5	1.5789	0.0026455197335795	-1.13849408866995	5.6823208983985195e-18	NS	DOWN	False	True	2.71739408866995
FNDC8	2.15676923076923	0.0162331135380452	1.63031871921182	1.52307492705632e-07	NS	UP	False	True	0.5264505115574101
FNTB	0.314665384615386	0.281574870228949	-1.06759014778325	3.2678988251286397e-100	NS	DOWN	False	True	1.3822555323986359
FOLR1	1.81923076923077	0.11673768845812	-5.10644581280788	1.28266926470915e-66	NS	DOWN	False	True	6.925676582038649
FOLR2	0.91315	0.018227334442278	-7.99537192118226	2.15810331949774e-115	NS	DOWN	False	True	8.90852192118226
FOS	0.846723076923078	0.0318212090702029	-1.67021133004927	1.19383142722491e-19	NS	DOWN	False	True	2.5169344069723483
FOSB	0.727065384615385	0.214805906759958	-1.80354039408867	5.729528625577599e-12	NS	DOWN	False	True	2.530605778704055
FOSL1	0.197319230769231	0.754683167647756	3.44690985221675	1.85406486563091e-81	NS	UP	False	True	-3.2495906214475188
FOXA1	0.866134615384616	0.26645420033983	-4.29709113300492	2.52408012824598e-52	NS	DOWN	False	True	5.163225748389536
FOXA3	1.47071538461539	0.207558231654767	-1.64969753694581	3.5839776595378e-09	NS	DOWN	False	True	3.1204129215611998
FOXC2	2.24613846153846	0.0042461853259861	3.79769852216749	2.01948583342875e-137	NS	UP	False	True	-1.55156006062903
FOXD1	2.13197692307692	0.002474597586628	4.35438374384237	1.92432040580878e-154	NS	UP	False	True	-2.22240682076545
FOXD3	1.47692307692308	0.0021955691258979	-7.23606256157634	3.56322735462117e-154	NS	DOWN	False	True	8.71298563849942
FOXD4	0.928065384615386	0.105316988239894	1.88919113300492	2.62953830679558e-19	NS	UP	False	True	-0.961125748389534
FOXD4L1	1.57431153846154	0.0231686144852967	1.46052807881773	3.1434692189220703e-09	NS	UP	False	True	0.11378345964381009
FOXD4L3	0.342388461538464	0.765627938128811	1.68732118226601	3.3122841552315304e-09	NS	UP	False	True	-1.3449327207275459
FOXD4L6	1.47976538461539	0.125266172282655	1.89722807881773	2.0819978614929498e-11	NS	UP	False	True	-0.41746269420234006
FOXE1	2.22913846153846	0.0431737087316712	-5.59358325123152	1.30211016906736e-88	NS	DOWN	False	True	7.8227217127699795
FOXE3	0.682769230769232	0.435410609395718	-1.02552118226601	0.0001344118569696	NS	DOWN	False	True	1.7082904130352419
FOXF1	1.51910384615385	0.0210998806534757	4.21562857142857	2.1146225322333e-116	NS	UP	False	True	-2.69652472527472
FOXF2	0.896961538461538	0.150132780727315	1.97065369458128	3.17146326103831e-84	NS	UP	False	True	-1.073692156119742
FOXG1	1.25301538461539	0.267786186336401	1.5889802955665	1.1245392921131e-11	NS	UP	False	True	-0.33596491095111003
FOXI1	0.682184615384617	0.412929141437285	-8.45781379310343	5.31947099483833e-101	NS	DOWN	False	True	9.139998408488047
FOXI2	1.3438076923077	0.0578790774170597	-6.7208896551724	2.40926308475867e-200	NS	DOWN	False	True	8.064697347480099
FOXI3	0.416342307692309	0.665065608201988	-3.34060098522167	3.97771364795795e-37	NS	DOWN	False	True	3.756943292913979
FOXJ1	1.68631538461539	0.0270379261223339	-5.95116305418719	1.29965135853608e-119	NS	DOWN	False	True	7.63747843880258
FOXL1	1.30823076923077	0.0193416639531591	5.94504384236453	1.5209352376585901e-167	NS	UP	False	True	-4.6368130731337605
FOXL2	-0.478903846153846	0.65351115196512	3.33447389162561	1.12870977639774e-59	NS	UP	False	True	-3.8133777377794558
FOXL2NB	1.33343846153846	0.225191276002047	3.86148768472906	1.48278371540626e-55	NS	UP	False	True	-2.5280492231906
FOXM1	-0.53050769230769	0.113856690420564	1.14899852216749	3.7435591601003e-20	NS	UP	False	True	-1.6795062144751802
FOXN1	0.780319230769233	0.643940489832138	-12.6597044334975	3.32914150134035e-223	NS	DOWN	False	True	13.440023664266734
FOXN4	-0.344269230769234	0.738186968814062	-5.28343201970442	5.56543288362309e-79	NS	DOWN	False	True	4.939162788935186
FOXO4	0.996965384615385	0.0014962934219286	-1.36198472906404	2.34425552945065e-84	NS	DOWN	False	True	2.358950113679425
FOXO6	-0.200646153846154	0.800459182534199	-3.89718226600985	1.96890399221891e-88	NS	DOWN	False	True	3.696536112163696
FOXP2	0.707446153846152	0.284580322167473	-1.11771527093596	6.036696166194401e-26	NS	DOWN	False	True	1.8251614247821117
FOXP3	0.230865384615385	0.557479505104244	-2.5088921182266	2.40345826635332e-95	NS	DOWN	False	True	2.739757502841985
FOXQ1	1.78666923076923	0.0496637471934017	-6.89415714285714	1.39490819828424e-126	NS	DOWN	False	True	8.68082637362637
FOXS1	0.357634615384615	0.394553563309597	-3.88393349753694	1.50915274991914e-35	NS	DOWN	False	True	4.241568112921555
FPGS	0.0695269230769231	0.768539673738836	1.34275221674877	3.0506109467847196e-125	NS	UP	False	True	-1.273225293671847
FPR1	1.62798846153846	0.02764914213264	2.88122857142857	4.85008290450113e-52	NS	UP	False	True	-1.2532401098901098
FPR2	1.81775	0.0280605463054055	3.82153399014777	2.090795172545e-39	NS	UP	False	True	-2.0037839901477703
FPR3	1.43158461538461	0.0046229206050275	-6.66876305418718	4.37111684201997e-122	NS	DOWN	False	True	8.10034766957179
FRAT1	0.370738461538462	0.227886615936504	-1.26165615763547	5.11018862830944e-72	NS	DOWN	False	True	1.6323946191739318
FRAT2	0.139038461538462	0.596177770149269	-2.41176600985222	5.264672789920021e-167	NS	DOWN	False	True	2.550804471390682
FREM3	0.676292307692313	0.235962653734003	1.46637192118226	1.3908153934211e-09	NS	UP	False	True	-0.7900796134899469
FREY1	0.552234615384616	0.494199561800762	-1.70855911330049	1.1314881181580401e-10	NS	DOWN	False	True	2.260793728685106
FRG2C	-0.384799999999995	0.607657199047244	1.74824433497537	1.1264900699384398e-11	NS	UP	False	True	-2.133044334975365
FRK	1.03014230769231	0.0412343124669209	-1.0471842364532	1.16089769644737e-24	NS	DOWN	False	True	2.07732654414551
FRMD1	-0.351338461538459	0.706402621570147	-5.62484729064039	1.4464351241363999e-83	NS	DOWN	False	True	5.273508829101931
FRMD4B	1.05141538461538	0.0144033718866707	-5.6331669950739	3.26923678233608e-236	NS	DOWN	False	True	6.68458237968928
FRMD7	1.82124615384616	0.0235882724696814	-1.65142758620689	8.670744960798361e-10	NS	DOWN	False	True	3.47267374005305
FRMPD1	0.914738461538463	0.353307965705706	-9.35758177339901	9.65408141211758e-187	NS	DOWN	False	True	10.272320234937473
FRMPD2	-0.362234615384615	0.6633807777429	-1.10020295566502	0.0003417459343944	NS	DOWN	False	True	0.7379683402804049
FRMPD4	1.83386153846154	0.0291352993692515	7.42337487684729	1.58359368542523e-169	NS	UP	False	True	-5.58951333838575
FRRS1	1.64310769230769	0.0030783141224978	-1.38269113300493	2.83977034479368e-56	NS	DOWN	False	True	3.02579882531262
FRS3	0.352296153846154	0.155255550528081	1.25156748768473	2.40273588926931e-76	NS	UP	False	True	-0.899271333838576
FRY	1.40655	0.0058877902460984	-2.64670591133005	2.99991865404779e-126	NS	DOWN	False	True	4.05325591133005
FRZB	0.754784615384616	0.387412090606516	-2.22843842364532	1.82405492188138e-38	NS	DOWN	False	True	2.983223039029936
FSCN1	1.14291153846154	0.0358457436064857	1.53854827586207	2.71083511103473e-71	NS	UP	False	True	-0.39563673740053007
FSCN3	0.577365384615389	0.600331543574339	-1.78597389162561	1.28480897906629e-24	NS	DOWN	False	True	2.363339276240999
FSD1	0.692084615384615	0.327637698071603	6.19674532019704	3.4618667190194e-92	NS	UP	False	True	-5.504660704812426
FSD1L	1.20442692307692	0.0118332028052904	2.24445812807882	3.5714348960258104e-113	NS	UP	False	True	-1.0400312050018998
FSIP1	1.76530769230769	0.0047836867492521	3.99403645320196	1.44817489764717e-90	NS	UP	False	True	-2.2287287608942696
FSTL3	-0.174392307692308	0.729881946472247	1.90911083743843	1.84757216314029e-88	NS	UP	False	True	-2.083503145130738
FSTL4	-0.345192307692308	0.694449219408558	-9.58308719211822	6.10981383788154e-181	NS	DOWN	False	True	9.237894884425913
FSTL5	0.177038461538462	0.886081254371003	-1.29352758620689	7.62489826061035e-08	NS	DOWN	False	True	1.470566047745352
FTH1	-0.141830769230772	0.673532160713312	2.97046059113301	5.425511312291729e-187	NS	UP	False	True	-3.1122913603637823
FTHL17	0.270515384615388	0.473742492841252	-2.84346256157635	1.4701243208259301e-25	NS	DOWN	False	True	3.113977946191738
FTL	-0.345019230769232	0.118293852503573	3.21603940886699	3.53758209858117e-184	NS	UP	False	True	-3.561058639636222
FTMT	0.206061538461542	0.512959133339442	-1.24167192118226	6.00417388103343e-07	NS	DOWN	False	True	1.447733459643802
FTO	0.902634615384615	0.0011509624264252	1.26354975369458	3.9902704846659e-103	NS	UP	False	True	-0.3609151383099649
FUCA1	0.508196153846156	0.0738134392997821	-1.61133497536946	4.16660363362285e-93	NS	DOWN	False	True	2.119531129215616
FUCA2	0.636361538461539	0.0362925776897547	2.82747980295567	9.87668179988413e-215	NS	UP	False	True	-2.191118264494131
FUOM	-0.976149999999999	0.0035319883076133	1.50098866995074	5.60750740387657e-65	NS	UP	False	True	-2.477138669950739
FUT1	0.40871923076923	0.492473315214498	-4.65255812807881	8.2036795672618e-118	NS	DOWN	False	True	5.06127735884804
FUT11	0.753303846153846	0.0043013961734624	1.49848374384237	3.97430190652552e-131	NS	UP	False	True	-0.7451798976885239
FUT2	1.11355	0.109960911901788	-3.47540935960591	8.02833836828485e-159	NS	DOWN	False	True	4.58895935960591
FUT3	0.646161538461538	0.61014406501662	-5.80205763546797	8.974041595315991e-97	NS	DOWN	False	True	6.448219173929508
FUT4	1.12469230769231	0.0062280145968729	3.24947586206897	8.26158852272813e-187	NS	UP	False	True	-2.12478355437666
FUT5	1.03771153846154	0.106383480682231	-1.85314532019704	6.926800366593981e-15	NS	DOWN	False	True	2.89085685865858
FUT6	0.56261153846154	0.59820621830056	-2.45714433497537	9.79754604044967e-18	NS	DOWN	False	True	3.0197558734369103
FUT7	0.204703846153846	0.744948020951446	-4.94581527093595	3.44319247398024e-80	NS	DOWN	False	True	5.150519117089796
FUT9	-0.168934615384615	0.641591164626661	-4.452160591133	1.91056875374921e-89	NS	DOWN	False	True	4.283225975748384
FXN	-0.0320038461538457	0.897389657109071	1.79981724137931	2.3033474404962e-121	NS	UP	False	True	-1.8318210875331558
FXR1	0.901911538461538	0.0035871149751226	1.32451231527094	3.28638900734571e-123	NS	UP	False	True	-0.4226007768094019
FXYD1	1.95873846153846	0.0040658230653201	-2.69722610837438	2.63812485740651e-57	NS	DOWN	False	True	4.65596456991284
FXYD2	0.390253846153846	0.688990298264174	-5.83709310344827	4.0295209726997105e-67	NS	DOWN	False	True	6.227346949602116
FXYD3	0.676357692307693	0.521548471614002	-8.89804334975369	3.0082339970258203e-233	NS	DOWN	False	True	9.574401042061384
FXYD4	1.02948076923077	0.17559662507228	-2.28254532019704	7.77797275454584e-16	NS	DOWN	False	True	3.3120260894278095
FXYD5	0.289711538461535	0.558065309707696	2.05246600985221	1.98128505427757e-167	NS	UP	False	True	-1.762754471390675
FXYD6	-0.534369230769232	0.268087260239988	-6.68374679802956	2.18731867749396e-177	NS	DOWN	False	True	6.149377567260328
FXYD6-FXYD2	-1.55509230769231	0.107091671454027	-1.20665172413793	7.9249259927761e-09	NS	DOWN	False	True	-0.34844058355438
FXYD7	1.40842307692308	0.0334151497558209	-3.39025320197044	8.79986170273056e-39	NS	DOWN	False	True	4.79867627889352
FYB1	1.13020769230769	0.0335683181986682	-2.33345763546798	9.7125534557869e-42	NS	DOWN	False	True	3.4636653277756704
FYN	0.172107692307692	0.54653326632745	1.52320049261084	6.91845222721385e-107	NS	UP	False	True	-1.351092800303148
FZD10	0.877684615384617	0.251773156534244	-10.2819645320197	3.1711846986656998e-192	NS	DOWN	False	True	11.159649147404316
FZD2	1.12714615384615	0.0023424400234808	5.98113300492611	1.50983790125594e-216	NS	UP	False	True	-4.85398685107996
FZD9	-1.58564615384616	0.0058381415911755	-1.90318669950739	3.81586218327682e-63	NS	DOWN	False	True	0.31754054566123013
G3BP1	0.662523076923076	0.0350086253919369	1.58090738916256	1.64492284627032e-126	NS	UP	False	True	-0.918384312239484
G3BP2	0.929530769230769	0.0129080725216405	1.84970591133005	1.2393979009627399e-170	NS	UP	False	True	-0.920175142099281
G6PC2	1.26387692307693	0.246026136154031	-3.48391231527093	5.26274514535864e-38	NS	DOWN	False	True	4.74778923834786
G6PC3	-0.442153846153849	0.0372665469278104	1.78298669950739	3.83749401632547e-127	NS	UP	False	True	-2.225140545661239
G6PD	-0.220838461538461	0.464402023315699	1.57291871921182	1.89785462379292e-133	NS	UP	False	True	-1.793757180750281
GAB2	0.151688461538463	0.71241288591445	-1.37957290640394	4.6734443581644e-75	NS	DOWN	False	True	1.531261367942403
GAB4	0.90154230769231	0.261503942149375	-1.48211773399014	1.6949888419053501e-15	NS	DOWN	False	True	2.38366004168245
GABBR2	0.261126923076923	0.800332397752387	4.47816600985221	3.9209276141843204e-67	NS	UP	False	True	-4.217039086775286
GABRA2	1.99958846153846	0.0846991588583242	-3.4318527093596	5.82664057230495e-41	NS	DOWN	False	True	5.43144117089806
GABRA3	3.51388461538462	0.0094420030347663	-5.71349064039408	4.4524095084538697e-116	NS	DOWN	False	True	9.2273752557787
GABRA4	0.739911538461539	0.50590772898215	-6.68379310344826	3.24290933877181e-105	NS	DOWN	False	True	7.423704641909799
GABRA5	-0.760365384615385	0.60884814990538	2.93573054187192	5.687390749578669e-22	NS	UP	False	True	-3.6960959264873052
GABRB1	2.38554230769231	0.0271917226742335	-1.76870985221674	2.86281316390305e-12	NS	DOWN	False	True	4.15425215990905
GABRD	1.02850769230769	0.0169701257192694	-6.12498866995073	2.31468711972404e-102	NS	DOWN	False	True	7.153496362258419
GABRG3	1.95826923076923	0.175514560530057	-5.63087438423644	4.90714974347303e-89	NS	DOWN	False	True	7.58914361500567
GABRP	1.77008846153846	0.0433951630095634	-8.70827733990147	2.86969840799074e-130	NS	DOWN	False	True	10.47836580143993
GABRQ	2.70449615384616	0.0049480816140275	-4.46927586206897	7.0016344087606e-86	NS	DOWN	False	True	7.17377201591513
GADD45A	0.762292307692307	0.0165194176815534	1.102	6.41862073122191e-28	NS	UP	False	True	-0.33970769230769304
GADD45B	0.715373076923076	0.0142751229279516	1.29362364532019	2.0039588631961503e-31	NS	UP	False	True	-0.578250568397114
GADD45G	0.0151807692307693	0.982140743191701	-5.26281724137931	6.72335514526424e-191	NS	DOWN	False	True	5.27799801061008
GADL1	-0.791223076923072	0.504493832758647	1.00194433497536	2.77674454941525e-06	NS	UP	False	True	-1.7931674118984322
GAL	0.797588461538461	0.531210128010304	-2.27219852216749	3.781299480140899e-12	NS	DOWN	False	True	3.069786983705951
GAL3ST1	3.0021576923077	0.0020773893092615	-5.87329655172413	3.76410338797483e-83	NS	DOWN	False	True	8.87545424403183
GAL3ST2	2.23897692307693	0.0074276909530325	-1.20287684729064	0.0001133342678522	NS	DOWN	False	True	3.44185377036757
GAL3ST3	1.54561538461539	0.0848490744017148	-1.09609655172414	2.59460101633266e-05	NS	DOWN	False	True	2.64171193633953
GAL3ST4	0.742815384615385	0.0609669730629138	-2.18453694581281	9.29546081017687e-95	NS	DOWN	False	True	2.927352330428195
GALM	0.291492307692307	0.599254763788079	1.33376009852217	4.5756880635003e-80	NS	UP	False	True	-1.042267790829863
GALNT10	0.584815384615385	0.0359887188288357	2.95538078817734	8.71199634917797e-213	NS	UP	False	True	-2.3705654035619554
GALNT11	0.88891153846154	0.0036150247190629	1.06751083743843	5.8441435921547e-91	NS	UP	False	True	-0.17859929897688986
GALNT13	0.0140230769230776	0.990276893376888	1.28403990147783	1.5481142148529802e-14	NS	UP	False	True	-1.2700168245547525
GALNT14	0.907946153846154	0.282030817558425	-1.29364187192118	3.32553223114769e-23	NS	DOWN	False	True	2.201588025767334
GALNT15	1.01412307692308	0.0477339573612174	1.8104960591133	3.04697078943141e-24	NS	UP	False	True	-0.7963729821902199
GALNT16	1.08450769230769	0.0546313849335479	-2.42215566502463	8.60550789439305e-55	NS	DOWN	False	True	3.50666335733232
GALNT17	1.87614230769231	0.0056730805569281	-4.63056157635468	2.59285950735881e-98	NS	DOWN	False	True	6.50670388404699
GALNT18	0.345023076923077	0.562241921464033	-4.47199507389163	2.66743933090583e-181	NS	DOWN	False	True	4.817018150814707
GALNT2	0.0945269230769243	0.794153056908659	2.45381773399014	4.8896297803749295e-216	NS	UP	False	True	-2.359290810913216
GALNT3	0.543646153846155	0.283123824088195	-3.18790344827586	1.47253615080521e-146	NS	DOWN	False	True	3.7315496021220147
GALNT8	3.20805769230769	0.0044510237210318	-4.75043103448275	9.42349886305714e-72	NS	DOWN	False	True	7.95848872679044
GALNTL6	-1.67514230769231	0.0732133170041299	-2.30461330049261	4.1232709185449196e-26	NS	DOWN	False	True	0.6294709928003002
GALR1	1.64902307692308	0.0302589692444374	-3.75557931034483	3.26879292040744e-84	NS	DOWN	False	True	5.40460238726791
GALR2	-0.299346153846152	0.713741537657486	-3.08156502463054	3.1499808214486e-35	NS	DOWN	False	True	2.782218870784388
GAN	0.886642307692308	0.0087039174892555	-3.8683921182266	1.1833229610892401e-212	NS	DOWN	False	True	4.755034425918908
GANAB	0.571692307692309	0.0348529608741385	1.59930985221675	1.84304034963486e-197	NS	UP	False	True	-1.0276175445244409
GAPDH	-0.364984615384611	0.192301989719023	1.37222266009852	2.73356886016049e-84	NS	UP	False	True	-1.737207275483131
GAPDHS	-0.860900000000001	0.395893240836896	-7.3492921182266	2.46805256769555e-107	NS	DOWN	False	True	6.488392118226599
GAPT	1.4465	0.0048112342495224	-7.05268275862067	2.8562061102117303e-148	NS	DOWN	False	True	8.49918275862067
GAREM2	-0.251126923076923	0.589803937748104	1.76853842364532	1.48296316575857e-88	NS	UP	False	True	-2.019665346722243
GARIN4	0.168934615384618	0.641591164626661	-3.31343448275861	8.14630174811947e-24	NS	DOWN	False	True	3.482369098143228
GARIN5A	0.861515384615385	0.0163113780756258	-2.13594137931035	1.4159447512576602e-85	NS	DOWN	False	True	2.9974567639257352
GARS1	-0.24806923076923	0.0954906985067403	1.65460344827586	3.67851880866294e-128	NS	UP	False	True	-1.90267267904509
GART	0.798484615384614	0.0070856277871216	1.51959802955665	2.47552597735502e-121	NS	UP	False	True	-0.721113414172036
GAS1	1.28408846153846	0.001409784424117	1.76930344827586	6.79485253008823e-92	NS	UP	False	True	-0.48521498673740004
GAS2	2.25272307692308	0.0020779733890908	-1.5300448275862	5.53800419348074e-19	NS	DOWN	False	True	3.7827679045092797
GAS2L1	-0.100576923076924	0.75805266148372	-1.58590738916257	3.5297223400002404e-110	NS	DOWN	False	True	1.485330466085646
GAS2L2	0.285550000000002	0.714225119259877	-5.05621576354679	2.5429946987038e-90	NS	DOWN	False	True	5.3417657635467926
GAS6	0.463015384615385	0.209485088865396	2.26923004926108	2.53260959930226e-99	NS	UP	False	True	-1.806214664645695
GASK1A	1.95456153846154	0.0044186763912972	-1.76641133004926	1.0143873630295799e-56	NS	DOWN	False	True	3.7209728685108
GAST	-0.461396153846152	0.711457614883963	-3.01563399014778	3.11638124031809e-23	NS	DOWN	False	True	2.554237836301628
GATA1	1.5677	0.0537418319932435	-5.29765862068964	5.89647734823692e-87	NS	DOWN	False	True	6.865358620689641
GATA3	0.932576923076923	0.164974372892849	-8.89602463054187	4.89174889933149e-149	NS	DOWN	False	True	9.828601553618793
GATA5	-0.941296153846156	0.346529641953701	-5.07793990147782	3.5510004711164497e-62	NS	DOWN	False	True	4.136643747631664
GATAD2B	0.466438461538462	0.0802404071879566	-1.12947487684729	2.68225143969525e-123	NS	DOWN	False	True	1.595913338385752
GATC	0.627180769230769	0.0072913005650445	1.21758669950739	2.39022238318313e-108	NS	UP	False	True	-0.590405930276621
GATD1	0.835657692307693	0.0016311254137126	1.15216699507389	6.94771708715487e-89	NS	UP	False	True	-0.31650930276619693
GBE1	0.972757692307691	0.0140419316605479	3.03824285714285	9.35269243999299e-239	NS	UP	False	True	-2.0654851648351586
GBGT1	0.695938461538462	0.0846019356950035	1.07507684729064	1.51636508411413e-20	NS	UP	False	True	-0.37913838575217806
GBP2	1.47944230769231	0.0064102196354045	-2.4243802955665	6.0159003638787505e-106	NS	DOWN	False	True	3.90382260325881
GBP4	1.95521153846154	0.0020225564780623	-2.5182881773399	4.5633449320578204e-76	NS	DOWN	False	True	4.47349971580144
GBP5	1.58136923076923	0.0198579944369053	-1.51681527093596	3.9931617910598503e-23	NS	DOWN	False	True	3.09818450170519
GBP6	1.71141153846154	0.198775592182076	-3.9818448275862	7.352976411554241e-58	NS	DOWN	False	True	5.69325636604774
GCA	1.15582692307692	0.0030776088475768	-1.36525812807882	6.596199508712999e-72	NS	DOWN	False	True	2.5210850511557403
GCAT	-0.497069230769232	0.0388563552547581	1.34093201970443	3.02908227363648e-106	NS	UP	False	True	-1.838001250473662
GCG	-0.142880769230768	0.80644759275678	1.70405812807882	5.46102713325633e-07	NS	UP	False	True	-1.8469388973095882
GCH1	1.06520384615385	0.0119986424780325	-1.32997586206896	2.81996788537994e-65	NS	DOWN	False	True	2.39517970822281
GCHFR	-0.314557692307693	0.395272586849438	-2.32631871921182	1.69500244198215e-92	NS	DOWN	False	True	2.011761026904127
GCK	0.66713076923077	0.44700340600009	1.32604778325123	2.35464202883548e-25	NS	UP	False	True	-0.6589170140204601
GCKR	2.02249615384616	0.0224859143270089	1.03086600985221	3.69411471927302e-07	NS	UP	False	True	0.9916301439939501
GCLM	0.977696153846154	0.0177448539051306	3.1464724137931	4.94033721031204e-156	NS	UP	False	True	-2.168776259946946
GCM1	1.31503076923077	0.0928899346111695	-1.14003448275862	1.38606088316674e-08	NS	DOWN	False	True	2.4550652519893896
GCNT2	0.341349999999999	0.503004053625108	-6.53477044334975	6.40794501135049e-134	NS	DOWN	False	True	6.876120443349749
GCOM1	1.22160384615385	0.31208048632932	-5.70005024630542	4.0305993357419e-83	NS	DOWN	False	True	6.92165409245927
GCSAM	1.07134230769231	0.0074175338291382	-6.86181674876847	8.93347677517621e-178	NS	DOWN	False	True	7.93315905646078
GCSAML	2.49382307692308	0.0041324044755657	-6.87479408866994	8.2434919446137e-167	NS	DOWN	False	True	9.36861716559302
GCSH	0.879646153846155	0.0040661296546237	1.75547389162562	2.99248853553514e-108	NS	UP	False	True	-0.8758277377794651
GDA	0.459088461538462	0.716253637321341	-3.22298916256157	5.50904825780451e-38	NS	DOWN	False	True	3.682077624100032
GDAP1L1	0.131953846153845	0.896077724150651	-1.40371625615764	6.14610586251023e-08	NS	DOWN	False	True	1.535670102311485
GDF10	1.23843461538462	0.121670586955387	-7.33376403940886	8.018776602348649e-122	NS	DOWN	False	True	8.57219865479348
GDF15	0.350534615384614	0.72095613496671	5.43625517241379	3.17500780809444e-98	NS	UP	False	True	-5.085720557029176
GDF3	-0.627323076923077	0.557479505104244	-2.83181231527093	6.379736251974729e-28	NS	DOWN	False	True	2.204489238347853
GDF5	2.76423076923077	0.0013411989429933	7.34411625615763	2.34951426530564e-121	NS	UP	False	True	-4.57988548692686
GDF5-AS1	-0.463311538461538	0.450171141967118	4.3218330049261	8.110832655118221e-46	NS	UP	False	True	-4.785144543387638
GDF7	1.30818076923077	0.0889102938942716	-2.68136009852217	2.34750917427413e-40	NS	DOWN	False	True	3.9895408677529405
GDPD2	2.27462307692308	0.0301668503026633	-9.8249778325123	2.5512029060078197e-177	NS	DOWN	False	True	12.09960090943538
GDPD3	0.379176923076923	0.493914845465327	-1.9658	4.888828071826351e-112	NS	DOWN	False	True	2.344976923076923
GDPGP1	0.383453846153846	0.230402542810632	1.88718275862069	5.3785398133657904e-76	NS	UP	False	True	-1.503728912466844
GEMIN6	0.430826923076923	0.0578771130749981	2.28765467980296	3.6455269080791004e-146	NS	UP	False	True	-1.856827756726037
GET1	0.614438461538462	0.033321368302255	1.73207536945813	5.653742805247211e-183	NS	UP	False	True	-1.117636907919668
GFI1	1.31005384615385	0.0119850771953203	-2.05336403940886	1.84643965680396e-43	NS	DOWN	False	True	3.36341788556271
GFI1B	2.65265769230769	0.004945988803544	-4.10612068965516	5.80212724702215e-53	NS	DOWN	False	True	6.75877838196285
GFOD1	-0.172492307692308	0.773168370031008	-2.52848128078818	1.9299979612567e-110	NS	DOWN	False	True	2.355988973095872
GFPT1	1.07605	0.0027663654389561	2.5917039408867	3.07363579964325e-185	NS	UP	False	True	-1.5156539408867
GFPT2	0.0182576923076923	0.967959167634125	3.29328571428571	3.43070533995706e-146	NS	UP	False	True	-3.275028021978018
GFRA2	2.3571	0.0011145367556847	-5.13529507389162	1.41570726613394e-82	NS	DOWN	False	True	7.49239507389162
GFRA3	3.36421538461539	0.0151985131307985	-7.72232315270935	3.4625920145129196e-129	NS	DOWN	False	True	11.08653853732474
GFUS	-0.063303846153846	0.777234300476953	-1.48713497536946	1.46031610342919e-138	NS	DOWN	False	True	1.423831129215614
GGACT	0.732373076923077	0.0546059741689757	1.6768763546798	1.00017800967858e-79	NS	UP	False	True	-0.944503277756723
GGCX	0.487334615384616	0.0550911892463633	1.78294679802956	2.18495072591823e-172	NS	UP	False	True	-1.2956121826449438
GGT2P	0.946796153846158	0.239451991350912	-6.55147142857141	3.98541786490584e-85	NS	DOWN	False	True	7.498267582417568
GGT5	0.18436923076923	0.623667698085383	2.49188522167488	5.35261045630646e-81	NS	UP	False	True	-2.30751599090565
GGT6	1.01186923076923	0.516297365138391	-11.8120034482759	1.6555985422097602e-198	NS	DOWN	False	True	12.823872679045131
GGTLC2	-0.497846153846153	0.462951596545724	2.62992266009852	2.21009627326207e-18	NS	UP	False	True	-3.127768813944673
GGTLC3	-0.192411538461538	0.840671493108463	-5.41296256157635	1.06117406778124e-48	NS	DOWN	False	True	5.220551023114812
GH1	2.37366153846154	0.020660666788195	-2.85043891625615	7.191261183690361e-10	NS	DOWN	False	True	5.22410045471769
GHRL	1.43326538461539	0.07199585306215	-2.70735763546798	3.79247806171585e-27	NS	DOWN	False	True	4.14062302008337
GIMAP1	0.7451	0.0408395885670089	-6.73687980295566	1.29574437712354e-144	NS	DOWN	False	True	7.48197980295566
GIMAP1-GIMAP5	0.890626923076923	0.0559934293395153	-8.38591576354679	1.38209815194867e-125	NS	DOWN	False	True	9.276542686623712
GIMAP4	1.30058076923077	0.0013572437487159	-7.44578866995073	6.90076920593422e-130	NS	DOWN	False	True	8.7463694391815
GIMAP5	0.994323076923077	0.0105486179131008	-5.74359408866995	9.23338963425981e-125	NS	DOWN	False	True	6.737917165593028
GINS4	0.690973076923076	0.105490595208763	2.45894975369458	3.94973464182959e-70	NS	UP	False	True	-1.7679766767715042
GIP	0.250300000000005	0.483800277501409	3.83920886699506	2.16007162291482e-44	NS	UP	False	True	-3.588908866995055
GIPC1	-0.0391115384615359	0.855416472876468	-1.19438620689655	3.25648497848782e-126	NS	DOWN	False	True	1.1552746684350141
GIPC3	0.293446153846154	0.612835778517653	-3.22964630541871	3.35415166926989e-58	NS	DOWN	False	True	3.523092459264864
GIPR	0.770038461538462	0.145010535197676	-3.12506256157636	1.04633531184508e-75	NS	DOWN	False	True	3.895101023114822
GIT1	0.0567230769230793	0.824256651295528	-1.18409901477833	8.08890062290774e-120	NS	DOWN	False	True	1.2408220917014092
GJA3	1.88599615384615	0.0061418287085307	1.16868226600985	1.76601413386018e-11	NS	UP	False	True	0.7173138878363001
GJA4	0.147373076923077	0.659261569519984	-6.23416403940886	5.1343637185167095e-127	NS	DOWN	False	True	6.381537116331937
GJA5	0.390488461538461	0.322433354782595	-4.24264532019704	4.59245262266677e-72	NS	DOWN	False	True	4.633133781735501
GJA9	1.31961538461539	0.169899640279611	-2.53828226600985	4.81576614038772e-27	NS	DOWN	False	True	3.85789765062524
GJB1	-0.796692307692308	0.259749447766743	-6.63681034482758	1.2596174951340501e-106	NS	DOWN	False	True	5.840118037135272
GJB2	2.42802307692308	0.0511119371727356	-7.52898768472907	1.3172728909688e-185	NS	DOWN	False	True	9.95701076165215
GJB3	0.9426	0.50796921121728	-10.0024536945813	1.26123562978866e-215	NS	DOWN	False	True	10.9450536945813
GJB4	1.29629230769231	0.359490608890586	-10.559421182266	1.2286924107358699e-178	NS	DOWN	False	True	11.85571348995831
GJB5	1.20842692307692	0.406507059663972	-8.86612660098523	4.31101400682145e-202	NS	DOWN	False	True	10.07455352406215
GJB6	2.73347307692308	0.146867822012	-10.3464330049261	6.1177188642686e-182	NS	DOWN	False	True	13.07990608184918
GJB7	1.41068846153847	0.03900377073767	-1.99540591133004	7.959938010684509e-11	NS	DOWN	False	True	3.40609437286851
GJC3	1.38710384615385	0.041936607315379	-4.57254433497537	6.76578548868227e-79	NS	DOWN	False	True	5.95964818112922
GJD3	-0.457823076923078	0.67814801790207	1.46232216748768	8.95338174873242e-05	NS	UP	False	True	-1.920145244410758
GJD4	0.905192307692311	0.222813089381912	-2.16820640394089	8.92265026086873e-16	NS	DOWN	False	True	3.0733987116332013
GK	0.0205038461538463	0.956814905306856	1.33057832512315	4.59986419962903e-53	NS	UP	False	True	-1.3100744789693037
GK3	0.244600000000001	0.79782786119711	-1.27387832512315	7.01366699098694e-06	NS	DOWN	False	True	1.518478325123151
GLB1	0.425742307692308	0.14630015008358	1.74148275862069	2.2471358644871902e-200	NS	UP	False	True	-1.315740450928382
GLB1L	0.828096153846154	0.084947737814378	1.77852660098522	1.15518944853317e-108	NS	UP	False	True	-0.9504304471390661
GLB1L2	0.304980769230769	0.760409140916986	-4.77739162561577	2.33995832950568e-187	NS	DOWN	False	True	5.082372394846539
GLB1L3	1.11599230769231	0.274026925205855	-10.0384	4.36445960688537e-190	NS	DOWN	False	True	11.154392307692309
GLI2	1.79996153846154	0.0081229371853791	1.33767832512315	1.47506049688567e-47	NS	UP	False	True	0.46228321333838984
GLIPR2	0.81016923076923	0.0106510381948474	1.77658719211822	6.125843198844831e-110	NS	UP	False	True	-0.9664179613489899
GLIS2	0.40275	0.232373706592537	2.4584960591133	4.81735571663246e-105	NS	UP	False	True	-2.0557460591132997
GLMP	-0.825550000000002	0.0055495884059058	1.19780541871921	2.0116790521339e-120	NS	UP	False	True	-2.0233554187192118
GLP1R	2.69679615384616	0.0014006991799127	-4.38881625615763	1.00591318518711e-66	NS	DOWN	False	True	7.085612410003789
GLRA1	0.590953846153848	0.305813554565146	1.25336009852217	2.11994893821343e-08	NS	UP	False	True	-0.662406252368322
GLRA3	-0.307826923076922	0.679184957023733	-1.95510295566502	2.9105295983963397e-18	NS	DOWN	False	True	1.647276032588098
GLRA4	1.11494230769231	0.233457682984219	-3.59184334975369	1.8602515187223e-33	NS	DOWN	False	True	4.706785657446
GLRB	2.03193461538462	0.0396013144581895	2.86745073891626	2.17213511803616e-118	NS	UP	False	True	-0.8355161235316402
GLRX	1.14507692307692	0.0106944394179521	1.96283546798029	5.40950562663497e-79	NS	UP	False	True	-0.81775854490337
GLRX2	0.197103846153846	0.504290379109722	1.05754532019705	4.23190210825638e-72	NS	UP	False	True	-0.8604414740432039
GLS2	2.78654615384615	0.0024753509674264	-4.92196600985221	9.42081305334338e-110	NS	DOWN	False	True	7.7085121636983605
GLT1D1	0.528980769230769	0.406481360778487	-6.55853645320196	1.28409678679643e-121	NS	DOWN	False	True	7.087517222432728
GLT6D1	-0.713892307692308	0.217239407190597	-2.30269901477832	3.7675211068757703e-25	NS	DOWN	False	True	1.588806707086012
GLT8D2	1.18931923076923	0.0033190093119777	4.30762857142857	5.23828146132777e-210	NS	UP	False	True	-3.11830934065934
GLTP	0.626923076923077	0.0935848470776143	-2.92555467980296	8.30430236354445e-204	NS	DOWN	False	True	3.552477756726037
GLTPD2	0.799600000000002	0.3889436841371	-1.28726748768473	6.68123768025772e-17	NS	DOWN	False	True	2.086867487684732
GLUD2	1.56846538461538	0.0017180464732951	1.81815911330049	4.7760665757986004e-77	NS	UP	False	True	-0.24969372868510997
GLYAT	1.24858461538462	0.202675463962847	-3.52074433497536	1.06393720688128e-29	NS	DOWN	False	True	4.76932895035998
GLYATL2	1.20633461538462	0.252193708061956	1.2842197044335	6.748599363161239e-12	NS	UP	False	True	-0.07788508904888003
GM2A	-0.158976923076922	0.579389023512432	-1.04291133004926	9.99746107838626e-72	NS	DOWN	False	True	0.883934406972338
GMFG	0.624792307692307	0.0795980348828399	-2.65539507389162	1.61995753640121e-65	NS	DOWN	False	True	3.280187381583927
GMNC	-0.0358807692307668	0.933310259318265	3.61805517241379	9.14622560339252e-39	NS	UP	False	True	-3.6539359416445567
GMPPA	-0.0853846153846165	0.70553320421221	1.10103251231527	8.43706408269551e-134	NS	UP	False	True	-1.1864171276998865
GMPR	-1.42213461538462	0.0027328245161792	-1.46919014778325	5.57377828090119e-68	NS	DOWN	False	True	0.04705553239863014
GMPR2	0.556523076923076	0.0062469530748428	1.02150541871921	1.86515084599193e-142	NS	UP	False	True	-0.46498234179613407
GNA12	0.468061538461537	0.0930201844212419	2.35551921182266	3.68148781072442e-212	NS	UP	False	True	-1.887457673361123
GNA15	0.556965384615385	0.332676540664717	-8.96072807881774	2.15681313275951e-222	NS	DOWN	False	True	9.517693463433124
GNAI2	0.145857692307691	0.561840099579224	1.42044039408867	6.80496795270954e-141	NS	UP	False	True	-1.274582701780979
GNAL	-0.74955	0.176229531212487	-3.34062857142857	4.98059215201747e-192	NS	DOWN	False	True	2.59107857142857
GNAO1	0.156765384615384	0.849478861586327	-4.42242413793103	3.20083270608694e-102	NS	DOWN	False	True	4.579189522546414
GNAS	0.265788461538461	0.23226745234228	1.11624433497537	1.0130882127329499e-141	NS	UP	False	True	-0.850455873436909
GNAT1	1.03201153846154	0.0866350452006996	-3.03345763546797	6.88653143635381e-29	NS	DOWN	False	True	4.06546917392951
GNAT2	1.11832692307693	0.235449483364168	3.2611763546798	4.12357970452028e-24	NS	UP	False	True	-2.14284943160287
GNAZ	0.642823076923077	0.388828460744339	-1.2055724137931	2.38055133362259e-32	NS	DOWN	False	True	1.848395490716177
GNB3	1.23136923076923	0.0403097724100592	1.59870738916256	6.56146646638833e-72	NS	UP	False	True	-0.36733815839332995
GNB5	0.186757692307693	0.581211753087018	1.41159014778325	1.4625915362334399e-126	NS	UP	False	True	-1.224832455475557
GNG10	1.01933076923077	0.0018661579020436	2.87668522167487	9.00179058730177e-203	NS	UP	False	True	-1.8573544524441001
GNG11	0.83525	0.129080865032702	2.46055812807882	3.6372266192480104e-142	NS	UP	False	True	-1.6253081280788197
GNG13	1.11799615384616	0.1205838579411	-1.22923842364532	1.6522293356903e-05	NS	DOWN	False	True	2.34723457749148
GNG4	0.212211538461538	0.73857679102799	-2.31887339901477	1.25822835843802e-22	NS	DOWN	False	True	2.531084937476308
GNGT2	0.636	0.130583335483214	-3.39450640394088	2.37119371653461e-28	NS	DOWN	False	True	4.03050640394088
GNL3L	0.748776923076923	0.048521589888492	1.19408916256158	1.16077097313992e-65	NS	UP	False	True	-0.4453122394846569
GNLY	0.0252230769230772	0.969080706311105	-5.05653990147783	7.93940426422837e-63	NS	DOWN	False	True	5.081762978400907
GNMT	0.450507692307692	0.358659505953433	-1.04627536945813	8.26788375672272e-14	NS	DOWN	False	True	1.496783061765822
GNPDA1	0.0606923076923067	0.808913741987837	1.71145615763547	2.95470840616966e-145	NS	UP	False	True	-1.6507638499431634
GNPNAT1	0.985988461538462	0.0018637940669376	3.11587389162562	2.79270548536844e-202	NS	UP	False	True	-2.129885430087158
GNRHR	1.55292307692308	0.0588206328778407	2.70595320197044	9.96685349928141e-28	NS	UP	False	True	-1.15303012504736
GNS	0.718603846153846	0.0329332535302799	1.90809113300492	4.16400052071329e-179	NS	UP	False	True	-1.189487286851074
GOLGA5	0.819834615384614	0.0006885593070845	1.22527487684729	2.5269300058964903e-152	NS	UP	False	True	-0.4054402614626761
GOLGA6A	1.65343846153846	0.0709402325064079	-2.68488226600985	3.78787937213685e-23	NS	DOWN	False	True	4.33832072754831
GOLGA6B	2.13042692307693	0.0121942476248562	-2.22654926108374	5.52940780457967e-13	NS	DOWN	False	True	4.35697618416067
GOLGA7B	-1.11376153846154	0.0013615249535348	-8.67177536945812	1.07871282744841e-189	NS	DOWN	False	True	7.558013830996579
GOLGA8J	1.27618076923077	0.156811485852661	-1.49917093596059	4.39010775181528e-07	NS	DOWN	False	True	2.77535170519136
GOLGA8M	2.45154615384616	0.0112512991995998	1.80355418719212	6.1635330442661705e-21	NS	UP	False	True	0.6479919666540399
GOLGA8O	1.45021153846154	0.170072200849614	1.25071871921182	0.0001204114750379	NS	UP	False	True	0.19949281924971984
GOLM1	1.3419	0.0011302176500782	2.60247586206897	2.31955529495226e-205	NS	UP	False	True	-1.26057586206897
GOLT1A	0.612919230769231	0.641690668732223	-6.44757487684728	8.73907573341194e-94	NS	DOWN	False	True	7.060494107616511
GON7	0.966192307692308	0.0024013472680824	1.51624827586207	4.52428103874411e-103	NS	UP	False	True	-0.5500559681697619
GOSR2	0.696399999999999	0.0047254549895465	1.23452068965517	8.1030350182759405e-143	NS	UP	False	True	-0.5381206896551709
GP1BA	1.02769615384615	0.0601227683529057	-2.13266650246306	1.24010912360238e-66	NS	DOWN	False	True	3.1603626563092098
GP1BB	-1.48992692307692	0.304994600736235	-7.50023004926108	8.20882080859968e-53	NS	DOWN	False	True	6.0103031261841595
GP5	0.707330769230769	0.380544631811102	1.01509704433497	1.30727844343234e-05	NS	UP	False	True	-0.30776627510420107
GP6	1.06129230769231	0.21596200324871	-6.66396748768472	1.0431222838132e-112	NS	DOWN	False	True	7.7252597953770294
GP9	0.470357692307696	0.531754164302201	-1.95045024630542	8.45797264913756e-16	NS	DOWN	False	True	2.420807938613116
GPA33	-0.438369230769231	0.61447913137068	-1.69207881773399	1.19501767574985e-10	NS	DOWN	False	True	1.253709586964759
GPAM	1.16807307692308	0.0021514348228176	2.74628965517241	2.70689400601958e-118	NS	UP	False	True	-1.57821657824933
GPAT2	-1.00586153846154	0.108772660117189	1.51125073891626	3.3784977548148e-27	NS	UP	False	True	-2.5171122773778
GPAT3	0.227338461538462	0.746717828258969	-1.06991822660099	3.4127861895790503e-25	NS	DOWN	False	True	1.2972566881394518
GPATCH4	0.702546153846154	0.0259064836688527	1.13394137931035	2.00573582376584e-40	NS	UP	False	True	-0.43139522546419606
GPBAR1	0.455957692307693	0.277615767532545	-2.72274187192118	2.68359013640235e-52	NS	DOWN	False	True	3.178699564228873
GPC2	0.349361538461539	0.489277522043327	-3.24147536945813	3.03797558699067e-150	NS	DOWN	False	True	3.590836907919669
GPC3	1.45008076923077	0.0377196020051509	-1.14861083743843	3.582400418875e-10	NS	DOWN	False	True	2.5986916066692
GPC5	-0.188915384615382	0.87166293152917	-1.34593103448276	7.64324780040575e-06	NS	DOWN	False	True	1.157015649867378
GPD1	1.32098461538461	0.0566209443980937	-3.75337684729064	4.4178039745951395e-83	NS	DOWN	False	True	5.074361462675251
GPHA2	1.90922692307693	0.0736917503971519	-4.94251674876846	1.73590955854528e-51	NS	DOWN	False	True	6.85174367184539
GPIHBP1	0.150361538461539	0.83766490000393	-8.8189448275862	2.0601788838212902e-157	NS	DOWN	False	True	8.96930636604774
GPLD1	2.18860384615385	0.0054149295063877	-7.03771379310345	5.7106169319406e-163	NS	DOWN	False	True	9.2263176392573
GPM6A	0.731188461538462	0.574864513327129	-3.64166650246305	9.320808230419231e-44	NS	DOWN	False	True	4.372854964001512
GPN3	1.02102307692308	0.0025975434649542	1.34084827586207	1.42007898434198e-108	NS	UP	False	True	-0.31982519893899
GPR12	1.44366538461539	0.145841909281379	-9.63075172413792	1.57835253253327e-177	NS	DOWN	False	True	11.074417108753309
GPR132	0.800407692307692	0.0774212307874336	-3.8199842364532	7.51131714187769e-95	NS	DOWN	False	True	4.620391928760892
GPR135	0.822800000000001	0.0349997391568388	2.25010541871921	8.50109874628215e-151	NS	UP	False	True	-1.4273054187192091
GPR137C	1.62487307692308	0.0013417021859454	1.93151330049261	1.20668645669236e-61	NS	UP	False	True	-0.30664022356953
GPR141	2.11899230769231	0.008108961504051	-5.13368128078817	1.2147376449891e-58	NS	DOWN	False	True	7.25267358848048
GPR142	1.02430384615385	0.140615238085908	-2.33178866995073	2.65023755534531e-23	NS	DOWN	False	True	3.35609251610458
GPR143	-1.11985384615385	0.167479085851574	-8.71477241379309	1.377024104821e-132	NS	DOWN	False	True	7.59491856763924
GPR146	0.722961538461539	0.0505677116260583	-2.58203546798029	1.16099119220495e-115	NS	DOWN	False	True	3.304997006441829
GPR149	-0.133053846153844	0.69959032690874	-3.3914960591133	1.1806808670148499e-36	NS	DOWN	False	True	3.258442212959456
GPR15	2.26232307692308	0.0307514385816547	-4.09565566502462	1.99286636203676e-40	NS	DOWN	False	True	6.357978741947701
GPR152	1.22065384615385	0.0657771156381926	-1.91530689655172	2.23690641877403e-16	NS	DOWN	False	True	3.13596074270557
GPR156	1.23665	0.071837641816554	1.13429655172414	8.8327749616294e-17	NS	UP	False	True	0.10235344827586013
GPR157	-0.329357692307692	0.451759246866794	-3.41404778325123	1.77630494549734e-181	NS	DOWN	False	True	3.084690090943538
GPR158	1.25808846153846	0.25843769293532	2.962460591133	1.1280109491395e-39	NS	UP	False	True	-1.70437212959454
GPR15LG	0.504026923076924	0.826333914952699	-11.002718226601	4.16450788403214e-146	NS	DOWN	False	True	11.506745149677926
GPR160	0.702426923076923	0.115140829892864	-1.47745172413793	3.4957806717319996e-30	NS	DOWN	False	True	2.179878647214853
GPR161	-0.208234615384616	0.661677027903248	2.45194679802956	1.7232158194363802e-152	NS	UP	False	True	-2.6601814134141764
GPR17	0.363734615384617	0.734194552370839	-3.51871034482758	3.99973435470368e-66	NS	DOWN	False	True	3.882444960212197
GPR171	1.47800769230769	0.0378596723373409	-6.77432709359605	1.2330242749859001e-113	NS	DOWN	False	True	8.25233478590374
GPR173	1.71251538461538	0.0523951066538231	2.87968226600985	3.52144322684557e-161	NS	UP	False	True	-1.16716688139447
GPR174	2.84790384615385	0.0042085837528975	-3.71145418719211	9.15077294432943e-39	NS	DOWN	False	True	6.55935803334596
GPR176	1.38674615384615	0.0032323199518737	5.59484384236453	1.67873429220389e-269	NS	UP	False	True	-4.2080976885183805
GPR18	0.0750884615384608	0.920411677578947	-4.28218275862068	1.44344005305954e-54	NS	DOWN	False	True	4.357271220159141
GPR182	1.92210384615385	0.0089107789583143	-4.66542807881773	2.29369950281985e-71	NS	DOWN	False	True	6.58753192497158
GPR20	1.66492692307692	0.0438629079633574	-5.80786847290639	1.12947899447799e-89	NS	DOWN	False	True	7.47279539598331
GPR21	1.21050384615385	0.209722917747502	-4.41654532019704	6.4085244260730095e-43	NS	DOWN	False	True	5.62704916635089
GPR22	0.77863076923077	0.308336511024191	-2.50107389162561	2.0160473571681698e-22	NS	DOWN	False	True	3.27970466085638
GPR26	0.83208461538462	0.0576180944208815	-2.90648768472906	1.23673855065564e-57	NS	DOWN	False	True	3.73857230011368
GPR27	1.12489230769231	0.257574314015474	-6.38590295566502	2.22414904291406e-120	NS	DOWN	False	True	7.51079526335733
GPR3	-0.773803846153846	0.0709759240157161	1.66377733990148	2.6700822821858198e-36	NS	UP	False	True	-2.437581186055326
GPR35	0.274288461538462	0.438300232992821	-2.92984532019705	3.47271959767703e-105	NS	DOWN	False	True	3.204133781735512
GPR37	2.45791538461539	0.0014365924123858	-5.80873399014778	2.1559939847313502e-113	NS	DOWN	False	True	8.266649374763169
GPR37L1	1.75086153846154	0.0637134745136589	-2.65537389162562	2.15495077641199e-49	NS	DOWN	False	True	4.40623543008716
GPR4	0.431223076923077	0.159070771922436	1.02437290640394	2.1846910135224302e-20	NS	UP	False	True	-0.593149829480863
GPR45	1.33010384615385	0.163685102079206	1.40248522167487	4.27769712609779e-07	NS	UP	False	True	-0.07238137552102009
GPR52	1.94998461538462	0.0126902024462483	-3.50414581280788	4.7707343496394e-30	NS	DOWN	False	True	5.4541304281925
GPR55	0.816823076923078	0.222733041947048	-4.60800738916256	1.2922014176079502e-67	NS	DOWN	False	True	5.424830466085638
GPR61	1.27162307692308	0.0465215623365552	-1.61836896551724	9.16153386567591e-17	NS	DOWN	False	True	2.88999204244032
GPR62	0.152196153846153	0.861633928601912	-2.11592512315271	1.9608055841484498e-27	NS	DOWN	False	True	2.2681212769988632
GPR63	2.06585	0.0092335589177973	2.37343300492611	5.50210279959707e-69	NS	UP	False	True	-0.3075830049261099
GPR68	-0.121723076923077	0.843282001721271	-1.22780197044335	2.25796404053044e-34	NS	DOWN	False	True	1.106078893520273
GPR84	0.919296153846154	0.131720667910721	-5.30148719211822	5.408932744162899e-79	NS	DOWN	False	True	6.2207833459643735
GPR85	-1.92634615384615	0.0024449502312949	3.89999802955665	1.06014431035376e-112	NS	UP	False	True	-5.8263441834028
GPR87	1.6891076923077	0.3441846802451	-8.94319408866995	1.83998492547174e-156	NS	DOWN	False	True	10.632301780977649
GPR88	1.91116538461539	0.0089452443750828	-1.45222512315271	1.3802368867217902e-09	NS	DOWN	False	True	3.3633905077681
GPR89A	0.391161538461538	0.116126307019134	1.14456256157635	1.0908168630666e-102	NS	UP	False	True	-0.7534010231148119
GPRC5A	-0.377311538461539	0.634704138375624	1.83374876847291	1.88218405414094e-43	NS	UP	False	True	-2.2110603069344488
GPRC5C	1.34767692307692	0.0285323213961225	-6.67536798029557	1.84211047589001e-231	NS	DOWN	False	True	8.02304490337249
GPRC5D	0.248546153846156	0.817617234373765	-3.47518078817733	1.52868666777616e-25	NS	DOWN	False	True	3.723726942023486
GPRIN1	-0.274323076923077	0.45781170097579	1.26138620689655	9.20262327320827e-36	NS	UP	False	True	-1.5357092838196271
GPRIN2	0.707607692307698	0.603219220472007	-12.2107418719212	3.5368208782917505e-223	NS	DOWN	False	True	12.9183495642289
GPSM1	0.517376923076921	0.0774212307874336	1.27890935960591	9.52103374047431e-108	NS	UP	False	True	-0.761532436528989
GPT	0.929315384615384	0.0561976126807221	-5.70196502463055	3.27857448015117e-210	NS	DOWN	False	True	6.631280409245934
GPT2	0.680742307692307	0.0660857253704239	-1.6725315270936	3.89067038069535e-76	NS	DOWN	False	True	2.3532738347859072
GPX2	0.361253846153846	0.783999296584338	-7.3191802955665	1.5046374360523e-137	NS	DOWN	False	True	7.6804341417203466
GPX7	1.07336923076923	0.0372781253058707	2.67717931034483	1.7932361642697702e-148	NS	UP	False	True	-1.6038100795756
GPX8	1.10292307692308	0.0030883308357801	5.3915512315271	1.40138982555847e-276	NS	UP	False	True	-4.28862815460402
GRAMD1A	0.0224384615384601	0.923105611348759	1.01884187192119	6.197659626837641e-76	NS	UP	False	True	-0.99640341038273
GRAMD1B	1.58795769230769	0.0121558133199772	2.5021709359606	2.69426495552252e-97	NS	UP	False	True	-0.9142132436529102
GRAMD1C	1.24765769230769	0.0251514434386504	-2.31700147783251	8.29545046181254e-120	NS	DOWN	False	True	3.5646591701402
GRAMD2A	2.22844615384615	0.0088979721673422	-4.30344433497537	2.7992142006838802e-121	NS	DOWN	False	True	6.53189048882152
GRAMD4	0.0464692307692314	0.887506037787754	-2.2340921182266	3.40641873423636e-167	NS	DOWN	False	True	2.2805613489958314
GRAP	1.06969230769231	0.0151176820011444	-3.95418177339901	2.89208337715872e-82	NS	DOWN	False	True	5.02387408109132
GRAP2	0.691192307692308	0.0826980463791842	-3.9745645320197	7.96796518430027e-57	NS	DOWN	False	True	4.6657568397120075
GRAPL	1.93786153846154	0.0054903188400459	-4.40685467980295	9.026680028236349e-41	NS	DOWN	False	True	6.34471621826449
GRB10	0.857457692307694	0.0357714234410347	1.68786009852217	2.25160500763398e-101	NS	UP	False	True	-0.8304024062144759
GRB14	1.90894230769231	0.0640232229697283	-3.66319113300493	2.66855581487646e-66	NS	DOWN	False	True	5.57213344069724
GRB7	1.27775	0.234314697081763	-7.92463054187193	9.29936929777029e-218	NS	DOWN	False	True	9.20238054187193
GREB1	-0.177188461538461	0.680393668207738	-2.33595073891626	1.10140837384887e-66	NS	DOWN	False	True	2.1587622773777992
GREB1L	2.95846923076923	0.0018649877319989	1.93675172413793	2.27467039469934e-41	NS	UP	False	True	1.0217175066313
GREM1	1.31487307692308	0.0350161666161911	8.20004679802956	4.4833626649915105e-199	NS	UP	False	True	-6.885173721106479
GREM2	2.41547307692308	0.0011649845169501	2.4189960591133	1.2710080875710898e-70	NS	UP	False	True	-0.0035229821902200698
GREP1	0.123765384615385	0.862361131091053	-2.50999113300492	3.4034372969424e-26	NS	DOWN	False	True	2.633756517620305
GRHL1	1.43034615384615	0.0977700110621682	-7.13416502463055	2.20893326489147e-240	NS	DOWN	False	True	8.5645111784767
GRHL2	1.46727307692308	0.297606787978344	-10.11400591133	4.62709962947041e-199	NS	DOWN	False	True	11.58127898825308
GRHL3	1.04097307692308	0.416192859396076	-9.2181118226601	2.5479787145215496e-177	NS	DOWN	False	True	10.259084899583181
GRIA3	0.463346153846154	0.589366345644438	4.31200591133005	4.64061023280898e-142	NS	UP	False	True	-3.8486597574838957
GRID1	0.144592307692307	0.833680675998245	-3.74023645320197	7.405972273807549e-78	NS	DOWN	False	True	3.884828760894277
GRID2IP	0.171207692307691	0.826176508821003	-6.65974285714285	9.395357332534e-152	NS	DOWN	False	True	6.830950549450541
GRIFIN	0.630292307692313	0.153820270771073	-5.26722857142856	2.38564570381016e-60	NS	DOWN	False	True	5.897520879120873
GRIK5	1.42060769230769	0.0318885934861719	-2.27612019704434	2.0241843697580202e-65	NS	DOWN	False	True	3.6967278893520303
GRIN1	-0.431769230769232	0.626124134819975	-5.02851871921182	1.54350524069906e-81	NS	DOWN	False	True	4.596749488442588
GRIN2A	1.37650384615385	0.173403332046436	-4.52073399014778	4.30790698371715e-70	NS	DOWN	False	True	5.897237836301629
GRIN2B	2.18458076923077	0.0114677222625721	-1.27875862068965	1.86293476910998e-08	NS	DOWN	False	True	3.46333938992042
GRIN2C	1.07522692307692	0.059715256292799	-2.21144039408866	2.66223860086493e-66	NS	DOWN	False	True	3.28666731716558
GRIN2D	-0.746188461538462	0.250097483472704	3.06095320197045	1.0726503273444e-152	NS	UP	False	True	-3.8071416635089124
GRIN3A	1.19656153846154	0.0024742636781274	-1.07868275862069	1.3956367581858498e-28	NS	DOWN	False	True	2.2752442970822297
GRIN3B	0.203257692307694	0.811279900180677	1.38038078817734	1.79547909157775e-19	NS	UP	False	True	-1.177123095869646
GRIP1	1.68099230769231	0.0121537682579372	-7.57643497536945	4.09246766208565e-126	NS	DOWN	False	True	9.25742728306176
GRIP2	2.08235769230769	0.0012409086427994	-7.17259458128079	2.18676111288187e-149	NS	DOWN	False	True	9.25495227358848
GRK2	0.263284615384618	0.195591981564566	-1.79584532019704	1.08886288849199e-191	NS	DOWN	False	True	2.059129935581658
GRK3	1.39717692307692	0.0013988550727666	-1.09024581280788	3.05093967967341e-41	NS	DOWN	False	True	2.4874227358848
GRK5	0.837700000000001	0.0049560453880824	1.00509162561576	8.945464172995e-51	NS	UP	False	True	-0.16739162561575904
GRK7	2.19109230769231	0.0024946866026462	-1.65416256157636	5.38545447155421e-13	NS	DOWN	False	True	3.84525486926867
GRM1	0.851165384615385	0.250175502106677	1.21643251231527	8.50394014302456e-09	NS	UP	False	True	-0.3652671276998849
GRM2	0.140250000000001	0.768805624653722	-5.45540788177339	1.1202891219891301e-97	NS	DOWN	False	True	5.595657881773391
GRM3	1.98362307692308	0.0111578320304632	-2.48659359605912	1.9880350565095702e-23	NS	DOWN	False	True	4.4702166729822
GRM6	0.121038461538464	0.900209055457275	1.24029014778325	6.88195696855764e-13	NS	UP	False	True	-1.1192516862447859
GRM7	0.579303846153851	0.547582796957136	-3.34710197044334	3.17589105404488e-38	NS	DOWN	False	True	3.9264058165971907
GRP	0.167780769230773	0.902095405673329	-2.87958571428571	5.68577578774464e-17	NS	DOWN	False	True	3.047366483516483
GRPR	1.16029230769231	0.187747017089792	3.40238669950738	1.13450357407416e-31	NS	UP	False	True	-2.24209439181507
GRTP1	0.800203846153846	0.191295026606331	-2.90000640394089	4.0361390025026897e-153	NS	DOWN	False	True	3.700210250094736
GRXCR2			-2.93811576354679	9.80374591671707e-28	NS	DOWN	False	True	
GSC2	-1.26362307692308	0.132813099890227	-2.77517832512315	5.495759949638871e-25	NS	DOWN	False	True	1.51155524820007
GSDMA	0.128142307692307	0.919142050615924	-11.0512517241379	5.38120990085799e-180	NS	DOWN	False	True	11.179394031830208
GSDMC	0.544326923076923	0.607477124376495	-7.32450541871921	1.22742325341864e-175	NS	DOWN	False	True	7.868832341796133
GSDME	-0.621846153846154	0.250020860351326	4.08774778325123	4.3017892094351405e-211	NS	UP	False	True	-4.7095939370973845
GSG1	-0.174284615384614	0.861083729484756	3.94900246305418	4.4079901546396203e-73	NS	UP	False	True	-4.123287078438794
GSG1L	-0.551126923076924	0.724942720318401	-5.77151379310344	8.18567559407389e-98	NS	DOWN	False	True	5.220386870026516
GSN	0.337542307692305	0.287780956844954	-1.39055221674877	1.28860843586813e-71	NS	DOWN	False	True	1.728094524441075
GSPT2	1.45278846153846	0.0057653594160677	3.00500837438424	4.847269650921e-180	NS	UP	False	True	-1.55221991284578
GSR	0.746888461538461	0.0281010562581106	1.71536059113301	5.90096401328898e-161	NS	UP	False	True	-0.9684721295945491
GSTA1	0.304907692307692	0.844790716493398	-2.10042807881773	1.85176927157468e-10	NS	DOWN	False	True	2.405335771125422
GSTA3	-0.507165384615383	0.723396764476116	-12.2833714285714	2.2231948441789e-213	NS	DOWN	False	True	11.776206043956016
GSTA4	0.786400000000001	0.0154945304777878	-1.60786108374384	5.50049564800251e-113	NS	DOWN	False	True	2.394261083743841
GSTCD	1.36729230769231	0.002026109598609	1.24349950738916	3.75462141101156e-73	NS	UP	False	True	0.1237928003031501
GSTM2	0.518115384615385	0.357543749882055	-1.19796896551724	6.48761525078933e-44	NS	DOWN	False	True	1.716084350132625
GSTO1	-0.949538461538464	0.002503171001116	1.78042660098523	3.18789820649361e-140	NS	UP	False	True	-2.729965062523694
GSTO2	0.164626923076923	0.788001757924405	-3.49524187192118	2.42144396676923e-179	NS	DOWN	False	True	3.6598687949981032
GSX2	0.780400000000004	0.198923525193612	-6.59461527093595	2.84165212828687e-84	NS	DOWN	False	True	7.375015270935954
GTF2A1L	2.47580384615385	0.0043468886848228	-1.24395123152709	0.000219886828059	NS	DOWN	False	True	3.71975507768094
GTF2H5	0.470957692307691	0.0504640739218556	2.09895615763547	6.46367538062567e-196	NS	UP	False	True	-1.6279984653277788
GTF2IRD1	0.330023076923077	0.201810906393549	-1.73689064039409	4.9771633469345997e-157	NS	DOWN	False	True	2.066913717317167
GTF3C1	-0.146657692307693	0.401906082814138	-1.65518768472906	3.46197183811685e-182	NS	DOWN	False	True	1.508529992421367
GTF3C6	0.527334615384615	0.0118043946094748	1.53288078817734	7.88718150131263e-117	NS	UP	False	True	-1.005546172792725
GTPBP1	0.3087	0.209649242604857	-1.14866748768473	3.3584556160120094e-92	NS	DOWN	False	True	1.45736748768473
GTPBP4	0.500973076923075	0.105238647350367	1.31343596059113	1.7178415549997799e-96	NS	UP	False	True	-0.8124628836680551
GTPBP8	1.21043846153846	0.0011364780595531	1.14295221674876	5.42007648259218e-112	NS	UP	False	True	0.0674862447897
GTSF1	1.85040384615385	0.0220576542637575	-2.05364532019705	2.3139232399105e-07	NS	DOWN	False	True	3.9040491663509
GUCA1B	1.94841153846154	0.0033135781601648	-1.83843891625616	5.2603739979012596e-49	NS	DOWN	False	True	3.7868504547177
GUCA2B	0.240215384615388	0.626507259757385	-4.18033201970442	9.358178094865381e-37	NS	DOWN	False	True	4.420547404319808
GUCY1A2	0.438376923076924	0.431789837530094	1.05793054187192	2.43022018493235e-08	NS	UP	False	True	-0.619553618794996
GUCY2C	0.336861538461543	0.714147312583964	-7.12610098522167	4.64334171775405e-130	NS	DOWN	False	True	7.4629625236832124
GUCY2D	0.585092307692311	0.569706060748603	-1.77100591133004	2.3746951349126e-16	NS	DOWN	False	True	2.356098219022351
GXYLT1	1.18952692307692	0.0017788339566236	2.12335369458128	6.48043078001978e-177	NS	UP	False	True	-0.9338267715043598
GXYLT2	1.71303461538462	0.0150082157088658	2.5993275862069	5.85450251182428e-89	NS	UP	False	True	-0.88629297082228
GYG1	0.654388461538462	0.0119754462437551	1.0267039408867	5.218468134365329e-94	NS	UP	False	True	-0.37231547934823805
GYG2	0.223357692307692	0.702063731818046	1.23424975369458	1.9897345376714702e-17	NS	UP	False	True	-1.010892061386888
GYPB	0.545834615384619	0.256219686591414	1.80033004926108	2.9189315451786604e-09	NS	UP	False	True	-1.2544954338764611
GYPC	-0.922157692307695	0.0068242673592191	2.34994187192119	3.0241627741357e-125	NS	UP	False	True	-3.2720995642288853
GYPE	1.31595384615385	0.0722549416567666	3.65597733990148	2.74491378695657e-180	NS	UP	False	True	-2.34002349374763
GZMA	0.834711538461538	0.178706058340372	-6.71336650246304	1.71534798306872e-108	NS	DOWN	False	True	7.548078040924578
GZMB	0.372430769230768	0.581390422803246	-5.98124581280788	1.0889602312794e-71	NS	DOWN	False	True	6.3536765820386485
GZMH	0.559146153846154	0.434920791095239	-5.40903201970443	3.39669514610731e-62	NS	DOWN	False	True	5.968178173550584
GZMK	1.24013461538462	0.1066050205321	-5.78190985221674	1.25908330174538e-81	NS	DOWN	False	True	7.02204446760136
GZMM	0.805988461538462	0.119721473926059	-3.24350295566502	7.75377272766133e-38	NS	DOWN	False	True	4.049491417203482
H1-0	0.38015	0.362085731306328	-1.43384827586206	8.74817678880458e-39	NS	DOWN	False	True	1.81399827586206
H1-10	-0.0964307692307704	0.721992423632426	-1.59204334975369	9.771635360557269e-69	NS	DOWN	False	True	1.4956125805229197
H1-3	1.54996538461539	0.162185674856321	-5.17343349753694	3.2946451500619996e-38	NS	DOWN	False	True	6.723398882152329
H1-4	-0.678361538461539	0.400005518120485	-3.33925566502463	2.4590289367087302e-23	NS	DOWN	False	True	2.660894126563091
H1-7	1.98718846153847	0.0173964729199814	-2.50939359605911	2.69336688289528e-17	NS	DOWN	False	True	4.49658205759758
H2AC11	1.24518846153846	0.0299894538024307	2.64671773399015	2.96919543250576e-56	NS	UP	False	True	-1.4015292724516901
H2AC13	0.505253846153846	0.621751720454903	3.88607931034482	2.50872243229532e-21	NS	UP	False	True	-3.3808254641909743
H2AC14	-1.91922307692308	0.188644543330751	1.67925123152708	4.99081789481831e-05	NS	UP	False	True	-3.59847430845016
H2AC15	2.90747307692308	0.0191191198089841	2.49146108374384	9.68874426365512e-10	NS	UP	False	True	0.41601199317923987
H2AC16	-3.07613846153846	0.0039079416423349	2.36225172413793	4.3785939487997406e-09	NS	UP	False	True	-5.43839018567639
H2AC21	0.26311153846154	0.842292929134154	-5.15857783251231	9.14635921157527e-41	NS	DOWN	False	True	5.42168937097385
H2AC8	0.91998076923077	0.471816772376658	-4.10098472906404	6.54746818201099e-51	NS	DOWN	False	True	5.02096549829481
H2AZ2	0.441115384615386	0.0539635714483257	1.2023	4.90206784377328e-106	NS	UP	False	True	-0.7611846153846139
H2BC12	0.0473192307692329	0.930306405434438	1.04032857142857	4.23804555146911e-27	NS	UP	False	True	-0.993009340659337
H2BC12L	0.0188961538461521	0.974277636089718	1.07095418719212	1.92751712791975e-15	NS	UP	False	True	-1.052058033345968
H2BC13	-0.873442307692308	0.210633833527174	3.12606748768472	8.04019680908545e-16	NS	UP	False	True	-3.999509795377028
H2BC15	0.479411538461538	0.404717207347845	1.43893694581281	2.30403628329475e-34	NS	UP	False	True	-0.959525407351272
H2BC21	0.765369230769231	0.125584848535522	-3.10862463054187	4.35365452963837e-101	NS	DOWN	False	True	3.873993861311101
H2BC26	0.842980769230769	0.152765567659577	-2.91107093596059	1.17154841142406e-60	NS	DOWN	False	True	3.754051705191359
H2BC5	0.412311538461539	0.450703703459436	-1.24023842364532	1.2817731626818401e-21	NS	DOWN	False	True	1.6525499621068591
H2BC8	0.550907692307693	0.584066709067516	-3.91989753694581	5.295554382230681e-47	NS	DOWN	False	True	4.470805229253503
H2BC9	0.735865384615385	0.463786931498384	-2.89414039408867	2.31568033675278e-12	NS	DOWN	False	True	3.6300057787040547
H3-3B	0.773234615384618	0.0099057448032781	-1.06316354679803	4.53452321291199e-75	NS	DOWN	False	True	1.8363981621826482
H3-4	1.62145384615385	0.0459345841779281	1.47605024630542	8.41857901737183e-05	NS	UP	False	True	0.14540359984843
H3-5	0.488738461538463	0.437570174287945	-2.06736157635467	2.61985676273288e-22	NS	DOWN	False	True	2.5561000378931333
H3-7	2.92240384615385	0.0328233213070912	6.73728719211822	6.413942508296101e-75	NS	UP	False	True	-3.81488334596437
H3C12	1.18512692307693	0.370387323355826	1.27840443349754	0.0006857573340062	NS	UP	False	True	-0.09327751042061005
H4C11	-0.450873076923077	0.223201223554276	2.67726945812808	1.45437197539858e-29	NS	UP	False	True	-3.1281425350511567
H4C12	-1.39836923076923	0.211719520629191	-1.74878325123153	7.40654020629765e-05	NS	DOWN	False	True	0.3504140204623001
H4C15	1.05722692307692	0.0797288956926244	-1.26371231527094	3.84976231353142e-13	NS	DOWN	False	True	2.3209392383478598
H4C16	1.00489615384615	0.0234990252567109	-1.15478275862069	3.2435630740845496e-33	NS	DOWN	False	True	2.1596789124668403
H4C5	1.09346923076923	0.379819216119136	-1.74540837438423	0.0002820121211907	NS	DOWN	False	True	2.83887760515346
H4C8	0.429846153846153	0.489277522043327	2.16891428571429	1.40855760786644e-15	NS	UP	False	True	-1.739068131868137
HAAO	0.0338538461538456	0.95710254499972	-4.4276921182266	3.1264652767055697e-122	NS	DOWN	False	True	4.461545964380445
HABP4	-0.165734615384615	0.604136842102326	1.35808571428571	1.4029325276426202e-110	NS	UP	False	True	-1.523820329670325
HACD1	0.0305961538461546	0.95195024242025	3.72248522167488	1.25689300391997e-196	NS	UP	False	True	-3.6918890678287255
HACD3	0.807753846153847	0.0279505636825145	1.48094581280788	2.6638881227518e-143	NS	UP	False	True	-0.673191966654033
HAL	0.446323076923078	0.72040580264904	-8.40026206896551	1.0782156063449501e-181	NS	DOWN	False	True	8.846585145888588
HAMP	1.05139230769231	0.212808605528337	-5.2817738916256	3.51424006979096e-49	NS	DOWN	False	True	6.33316619931791
HAND1	0.892650000000002	0.299259347243691	-1.65148128078818	2.38958657435545e-10	NS	DOWN	False	True	2.544131280788182
HAND2	1.8229576923077	0.110739145422999	3.62359802955665	1.50529037637306e-127	NS	UP	False	True	-1.80064033724895
HAO2	-0.756323076923077	0.433331788155779	-5.3512896551724	3.59383404835487e-41	NS	DOWN	False	True	4.594966578249323
HAP1	0.851896153846154	0.321951718267102	-6.12546502463054	3.89344233417283e-121	NS	DOWN	False	True	6.977361178476695
HAPLN2	1.57963846153846	0.0984938706045022	-3.75465911330049	1.04642805518133e-55	NS	DOWN	False	True	5.33429757483895
HAS2	0.0051000000000003	0.994803959566853	4.09704876847291	2.03697504774673e-125	NS	UP	False	True	-4.09194876847291
HAS3	2.01374615384615	0.0072739243773406	-3.33436995073892	4.2214105783628704e-117	NS	DOWN	False	True	5.3481161045850705
HASPIN	0.0784538461538461	0.868873201768115	1.89500197044335	9.30892067364903e-61	NS	UP	False	True	-1.816548124289504
HAUS2	0.908607692307692	0.0156517699174794	1.22676009852217	2.1140494976854302e-110	NS	UP	False	True	-0.31815240621447805
HAVCR2	1.23069615384615	0.0098394459490172	-1.5418	1.7275634755851101e-15	NS	DOWN	False	True	2.7724961538461503
HBA1	-0.295365384615385	0.741221187650962	-4.66269605911331	6.65541708603912e-45	NS	DOWN	False	True	4.367330674497925
HBA2	-0.16751153846154	0.83711415264694	-3.70178522167488	3.53995757630331e-31	NS	DOWN	False	True	3.53427368321334
HBB	0.340723076923077	0.727654497084167	-1.72312660098523	1.6804156412391702e-09	NS	DOWN	False	True	2.063849677908307
HBQ1	-2.13645	0.0791701210625734	-3.1089527093596	2.55516709822296e-16	NS	DOWN	False	True	0.9725027093595999
HBS1L	0.967126923076924	0.0208916320004361	1.29703201970443	3.56580725803362e-122	NS	UP	False	True	-0.329905096627506
HBZ	-1.77261923076923	0.0900092784955452	-4.6076763546798	1.8190324438200397e-42	NS	DOWN	False	True	2.8350571239105697
HCAR2	0.820257692307692	0.373318108032166	-7.74452216748769	4.54366876825728e-192	NS	DOWN	False	True	8.564779859795383
HCAR3	1.29548076923077	0.34887446594214	-10.6557438423645	1.9404996856089798e-160	NS	DOWN	False	True	11.951224611595268
HCK	0.702453846153846	0.078477110860511	-5.74788128078817	1.22530372114805e-109	NS	DOWN	False	True	6.450335126942016
HCN3	0.058426923076923	0.877284976519269	-2.1063960591133	2.32707985903564e-122	NS	DOWN	False	True	2.1648229821902234
HCN4	0.76760384615385	0.28626726914274	-1.20693891625616	7.45591099235383e-11	NS	DOWN	False	True	1.9745427624100098
HCRTR1	2.31489615384616	0.0041534340642741	-2.56259901477832	1.76634594024349e-21	NS	DOWN	False	True	4.877495168624479
HCST	0.252973076923076	0.598601017173946	-1.57269901477832	1.36151712470759e-59	NS	DOWN	False	True	1.825672091701396
HDAC5	0.443746153846153	0.0282064994423079	-1.25791822660099	3.45647811127492e-92	NS	DOWN	False	True	1.7016643804471432
HDAC9	1.11600384615385	0.131645340501676	2.6739842364532	5.731510165605261e-110	NS	UP	False	True	-1.55798039029935
HDC	2.74799615384616	0.0034579489980575	-8.4456645320197	9.40703093380894e-137	NS	DOWN	False	True	11.19366068586586
HDHD3	-0.436723076923077	0.368833061270983	-1.98098866995073	2.6915877363455396e-134	NS	DOWN	False	True	1.544265593027653
HDLBP	0.0624961538461513	0.792158858811971	1.04086354679803	9.78116755322739e-124	NS	UP	False	True	-0.9783673929518788
HDX	1.58541153846154	0.0143066481903992	2.5418591133005	4.65132824742785e-127	NS	UP	False	True	-0.9564475748389603
HEATR1	0.927607692307692	0.0030349637892581	1.4156236453202	1.31976256572513e-110	NS	UP	False	True	-0.488015953012508
HEATR4	2.59019615384616	0.0037540649196143	-2.48605911330049	2.95760117248957e-35	NS	DOWN	False	True	5.076255267146649
HEATR5A	0.0077769230769235	0.983911786343221	1.81974433497537	1.97724883095574e-146	NS	UP	False	True	-1.8119674118984463
HECTD4	0.609726923076923	0.0026627255191611	-1.36789852216748	2.7580587860364503e-143	NS	DOWN	False	True	1.9776254452444029
HECW1	1.10165	0.355737238097797	3.35424975369458	3.9359780477198805e-93	NS	UP	False	True	-2.2525997536945797
HEG1	0.809596153846155	0.0189316426321656	4.48692906403941	1.58600924647458e-203	NS	UP	False	True	-3.6773329101932553
HELLS	0.720876923076923	0.037794010155271	1.12014630541872	7.83325641814396e-29	NS	UP	False	True	-0.399269382341797
HELT	-0.359046153846155	0.535726412513277	-9.48376551724136	1.39085040353574e-230	NS	DOWN	False	True	9.124719363395206
HELZ	0.883750000000001	0.0044347552124814	1.40434827586207	4.51925952241593e-88	NS	UP	False	True	-0.520598275862069
HEMK1	0.0070884615384589	0.974291857101176	1.01572807881774	9.1404810270246e-87	NS	UP	False	True	-1.008639617279281
HENMT1	0.874657692307692	0.0937127104713981	1.12226108374384	3.74570359329364e-36	NS	UP	False	True	-0.24760339143614807
HEPHL1	1.05968076923077	0.470802539240453	-2.14355320197044	7.1268556374701e-18	NS	DOWN	False	True	3.20323397120121
HEPN1	3.38165384615385	0.0023111371893463	-1.75308965517241	3.39511874937174e-10	NS	DOWN	False	True	5.13474350132626
HERC5	1.07225	0.0406870976258532	-1.92004039408867	3.31478110272471e-60	NS	DOWN	False	True	2.99229039408867
HES1	0.727726923076922	0.0103660497614294	-5.94025123152709	2.5928050858965498e-179	NS	DOWN	False	True	6.667978154604012
HES2	-1.89086538461539	0.0228906210547767	-7.58146650246305	1.7306674135503502e-154	NS	DOWN	False	True	5.69060111784766
HES4	-0.327553846153847	0.558704242453224	-3.35726009852216	4.37511888739953e-118	NS	DOWN	False	True	3.029706252368313
HES5	-1.08216153846154	0.351332661823055	-10.1029123152709	4.1245677244531096e-178	NS	DOWN	False	True	9.020750776809361
HES6	-1.0498576923077	0.0188769588019197	-1.01133399014778	2.0119067847166502e-35	NS	DOWN	False	True	-0.03852370215992007
HEXA	0.0722999999999958	0.790071501668739	1.70180689655173	3.46231300560246e-159	NS	UP	False	True	-1.629506896551734
HEXB	0.597923076923077	0.013134200447026	1.25804532019704	1.18686103879094e-128	NS	UP	False	True	-0.6601222432739631
HEXD	0.53696923076923	0.0165269763291892	-1.04530049261084	9.88551695838362e-57	NS	DOWN	False	True	1.58226972338007
HEY2	0.480542307692308	0.310147499539739	-4.35828472906404	7.02622112059079e-106	NS	DOWN	False	True	4.8388270367563475
HEYL	1.24816923076923	0.0134921255007369	-1.59009901477833	1.16715618153792e-37	NS	DOWN	False	True	2.8382682455475603
HFE	1.78610384615385	0.0183001499359649	3.06583596059113	8.58895498093499e-164	NS	UP	False	True	-1.27973211443728
HGD	1.65736153846154	0.115912971297447	-1.44990049261084	2.17055028756599e-09	NS	DOWN	False	True	3.10726203107238
HGFAC	1.94189230769231	0.0475252705849272	-2.52189162561576	5.92780431717451e-24	NS	DOWN	False	True	4.46378393330807
HHIP	1.68765	0.117583127476022	4.12641674876847	2.81529218406222e-61	NS	UP	False	True	-2.43876674876847
HHIPL1	0.559076923076924	0.2587462461694	2.47532512315271	2.19387086855682e-124	NS	UP	False	True	-1.9162482000757861
HHIPL2	2.71	0.0010597542767059	1.3427369458128	6.06654512374076e-11	NS	UP	False	True	1.3672630541872
HIBADH	0.878753846153845	0.0025891125387973	1.49760689655173	7.37523826607052e-105	NS	UP	False	True	-0.618853050397885
HIC1	0.464069230769231	0.164506978171077	2.43083743842365	1.9719645087364402e-111	NS	UP	False	True	-1.966768207654419
HID1	0.828676923076923	0.0258004161532589	-5.49851724137931	8.46261125729373e-172	NS	DOWN	False	True	6.327194164456233
HIF1A	1.33284615384615	0.0018051813628288	3.19574926108375	1.22124672129439e-190	NS	UP	False	True	-1.8629031072375999
HIGD1B	1.57109230769231	0.0154679445327044	-6.37822807881773	6.765332670397221e-67	NS	DOWN	False	True	7.94932038651004
HIP1R	-0.408250000000001	0.169894600624133	-3.30813152709359	1.10338480704053e-199	NS	DOWN	False	True	2.899881527093589
HIPK2	0.0579153846153844	0.898485813682086	2.68290837438424	6.61693746066049e-169	NS	UP	False	True	-2.6249929897688555
HJURP	0.18959230769231	0.56378563010838	1.11051231527094	7.06669843720358e-10	NS	UP	False	True	-0.9209200075786299
HJV	0.649415384615388	0.436620911649595	-1.57238719211822	1.04257791785787e-08	NS	DOWN	False	True	2.221802576733608
HK3	0.798242307692307	0.0639413829716166	-3.9018487684729	2.4284949857434903e-46	NS	DOWN	False	True	4.700091076165207
HLA-B	1.16493846153847	0.029281795932777	-2.38176699507388	1.3556614192200699e-124	NS	DOWN	False	True	3.54670545661235
HLA-DMA	0.810803846153847	0.0982130029209498	-2.23413793103449	2.1554586743749e-111	NS	DOWN	False	True	3.044941777188337
HLA-DMB	1.23146923076923	0.015391096063687	-6.74702857142857	4.63425889232291e-158	NS	DOWN	False	True	7.9784978021978
HLA-DOA	1.7673	0.0110505402980608	-6.57257881773399	1.1003486547679399e-114	NS	DOWN	False	True	8.33987881773399
HLA-DOB	0.43693076923077	0.396444362107289	-1.51135270935961	1.44720224478833e-18	NS	DOWN	False	True	1.94828347859038
HLA-DPA1	1.07777692307693	0.0649662381010575	-3.71197684729065	9.62640728262123e-123	NS	DOWN	False	True	4.7897537703675805
HLA-DPB1	0.878130769230769	0.101595913771579	-2.62495566502463	1.2020069174168e-111	NS	DOWN	False	True	3.503086434255399
HLA-DQA1	0.722923076923077	0.331151599468185	-8.54751674876847	3.48218846548173e-133	NS	DOWN	False	True	9.270439825691547
HLA-DQA2	0.996561538461539	0.203960500682899	-10.6371054187192	1.01058583605401e-189	NS	DOWN	False	True	11.633666957180738
HLA-DQB1	0.358473076923078	0.566225422965121	-8.05519507389162	5.15692045538513e-139	NS	DOWN	False	True	8.413668150814697
HLA-DQB2	0.37645	0.566969189596719	-13.2839571428571	2.1158202127563897e-208	NS	DOWN	False	True	13.6604071428571
HLA-DRA	1.06389230769231	0.0629319343424653	-7.3148	1.14877007925588e-253	NS	DOWN	False	True	8.37869230769231
HLA-DRB1	0.721753846153847	0.23980168862829	-7.52238275862069	2.53233158106477e-209	NS	DOWN	False	True	8.244136604774537
HLA-DRB5	0.397300000000001	0.627975468753866	-7.54554187192118	1.78161104413563e-118	NS	DOWN	False	True	7.942841871921181
HLA-E	0.526273076923076	0.122627780176954	-1.24190443349753	1.24967152533494e-99	NS	DOWN	False	True	1.768177510420606
HLA-F	0.513576923076923	0.225287314660648	-3.35410689655172	2.25505192284272e-150	NS	DOWN	False	True	3.8676838196286427
HLCS	0.645223076923077	0.055567275890746	2.41170098522168	2.2077865948709202e-144	NS	UP	False	True	-1.766477908298603
HLF	1.01096538461538	0.0645295520603068	-7.10472463054187	7.455766416430581e-196	NS	DOWN	False	True	8.11569001515725
HLTF	1.47293846153846	0.0037062268701167	2.57534137931035	4.81552888375193e-166	NS	UP	False	True	-1.1024029177718901
HLX	-0.257434615384615	0.519047137668088	2.40309950738916	6.64542485311414e-121	NS	UP	False	True	-2.6605341227737753
HM13	0.109649999999998	0.551263367556721	1.49744581280788	2.111545476571e-185	NS	UP	False	True	-1.387795812807882
HMCN2	0.234492307692307	0.788671903237434	-6.55822561576354	3.03386333572616e-135	NS	DOWN	False	True	6.792717923455847
HMG20A	1.01321538461539	0.0026181348514467	1.12967487684729	3.99924515494966e-101	NS	UP	False	True	-0.1164594922319
HMGA1	0.342511538461538	0.307640020108931	1.00558719211823	4.0200102072924605e-35	NS	UP	False	True	-0.663075653656692
HMGCLL1	0.537946153846155	0.487516092447834	-4.20339310344827	2.27834660384109e-48	NS	DOWN	False	True	4.741339257294425
HMGCR	1.17496153846154	0.0019875005996112	-1.64009655172414	3.40950190909012e-106	NS	DOWN	False	True	2.81505809018568
HMGCS1	1.34779615384615	0.0018266099821416	-1.640239408867	3.64677182656575e-70	NS	DOWN	False	True	2.98803556271315
HMGCS2	0.286992307692308	0.821407318581394	-7.77086600985221	8.16157242863614e-125	NS	DOWN	False	True	8.057858317544518
HMMR	1.30811153846154	0.0135144803361116	2.68717044334975	3.65895652813884e-59	NS	UP	False	True	-1.3790589048882098
HMOX1	0.1673	0.74105886603964	1.15459704433497	1.0407595098993099e-27	NS	UP	False	True	-0.98729704433497
HMSD	1.34220384615385	0.187297551966522	1.19486403940887	1.12142540477312e-09	NS	UP	False	True	0.14733980674497982
HMX1	-0.776046153846153	0.495676907448292	-3.19840689655172	2.4901075422034996e-43	NS	DOWN	False	True	2.4223607427055667
HNF1A	0.883226923076925	0.292728445307391	-2.03027832512315	2.50655587400097e-12	NS	DOWN	False	True	2.9135052482000754
HNF4A	0.550892307692306	0.57893154605846	-1.3782290640394	3.18595253814163e-08	NS	DOWN	False	True	1.929121371731706
HNF4G	2.12895384615385	0.0280194328559209	3.57187586206896	6.6863540080531e-45	NS	UP	False	True	-1.44292201591511
HNMT	0.318973076923077	0.529453543786314	2.43913399014778	2.8881240926304997e-117	NS	UP	False	True	-2.1201609132247032
HOATZ	1.9907	0.0148139294514429	4.34017192118226	1.31668138877139e-60	NS	UP	False	True	-2.34947192118226
HOMER2	-0.0842423076923065	0.860295283378997	-4.39329802955665	6.89960027120627e-233	NS	DOWN	False	True	4.309055721864343
HOOK1	1.58314615384615	0.0773212552446062	-8.26895369458128	8.14068439221287e-184	NS	DOWN	False	True	9.852099848427429
HOOK2	0.828653846153848	0.0013532057318969	-1.92825172413793	1.45641647156279e-142	NS	DOWN	False	True	2.756905570291778
HOPX	0.902903846153847	0.277763880125304	-10.7633886699507	4.72735420244919e-280	NS	DOWN	False	True	11.666292516104548
HORMAD1	1.91102692307693	0.219962031096346	-2.12927290640394	6.67136012512783e-06	NS	DOWN	False	True	4.04029982948087
HOXA10	1.60771153846154	0.0177180397430715	1.77115320197044	1.3145234678468801e-149	NS	UP	False	True	-0.1634416635089
HOXA11	0.19875	0.768558642236569	3.89109261083744	8.047774942100859e-179	NS	UP	False	True	-3.69234261083744
HOXA13	1.33303461538462	0.0647653800913949	-1.77699901477832	2.97877322793952e-25	NS	DOWN	False	True	3.11003363016294
HOXA2	1.83613461538462	0.0193223606421771	-1.50198866995074	8.33062293327411e-60	NS	DOWN	False	True	3.33812328533536
HOXA3	2.33472692307692	0.0035153169199334	-1.19054679802956	7.14670746186045e-39	NS	DOWN	False	True	3.52527372110648
HOXA7	1.38063076923077	0.151034945358626	-1.41226502463054	7.24302189608607e-57	NS	DOWN	False	True	2.7928957938613097
HOXB1	0.31361153846154	0.728093278168196	-6.52817733990146	1.4829144081815802e-145	NS	DOWN	False	True	6.841788878363
HOXB13	1.11532307692308	0.403288635944819	5.61484039408867	7.096971875731531e-74	NS	UP	False	True	-4.499517317165591
HOXB2	1.46541923076923	0.0259361627382333	1.64118226600986	8.86526605472534e-99	NS	UP	False	True	-0.17576303524063008
HOXB4	1.38796153846154	0.012079542115015	1.81629261083744	4.57957471087828e-89	NS	UP	False	True	-0.42833107237589996
HOXB5	1.44530769230769	0.0089442760325363	1.34887931034483	2.13744011421118e-30	NS	UP	False	True	0.09642838196285997
HOXB6	1.30125	0.0014896419076875	2.6206	1.69974180120717e-82	NS	UP	False	True	-1.31935
HOXB7	0.925157692307692	0.0842955743907956	1.54487586206896	1.01807284301008e-51	NS	UP	False	True	-0.619718169761268
HOXB8	1.49443076923077	0.0366850786863932	-3.35505123152709	3.24201114017475e-34	NS	DOWN	False	True	4.84948200075786
HOXC10	1.44491923076923	0.0154205301322983	1.96870935960591	2.09974841773735e-141	NS	UP	False	True	-0.52379012883668
HOXC12	3.01056153846154	0.0178589682894249	-2.81686354679803	5.24644045546675e-35	NS	DOWN	False	True	5.82742508525957
HOXC13	2.54468846153846	0.0035293231990957	-2.40413694581281	8.17125450604375e-63	NS	DOWN	False	True	4.94882540735127
HOXC4	0.486057692307692	0.2490516525107	1.16945714285714	4.37251033077866e-24	NS	UP	False	True	-0.6833994505494481
HOXC5	0.0985807692307695	0.847168991654997	1.21010886699507	1.24113247788122e-29	NS	UP	False	True	-1.1115280977643005
HOXC6	0.62736923076923	0.0559033797559221	2.26803349753695	1.19451563851627e-162	NS	UP	False	True	-1.6406642667677198
HOXC8	1.3173	0.0031158837091629	4.11335911330049	1.0780380102472099e-246	NS	UP	False	True	-2.79605911330049
HOXC9	0.829284615384615	0.0527888358855564	1.61090935960591	7.09674732310996e-118	NS	UP	False	True	-0.7816247442212951
HOXD1	0.202615384615385	0.774660153806789	-3.59750985221674	1.53262406361852e-53	NS	DOWN	False	True	3.800125236832125
HOXD10	1.89546153846154	0.0014060146496692	-2.49750591133005	1.5652219634612199e-22	NS	DOWN	False	True	4.39296744979159
HOXD13	3.49101538461539	0.0062207961911613	1.41081576354679	1.82146052534571e-06	NS	UP	False	True	2.0801996210686005
HOXD3	1.21945384615385	0.003963220804346	1.24534137931035	1.50810151287927e-22	NS	UP	False	True	-0.025887533156500053
HOXD4	0.927688461538462	0.111667612300766	2.11898275862069	7.729578723673851e-91	NS	UP	False	True	-1.1912942970822282
HP1BP3	0.960880769230767	0.0039277389839975	1.05286798029556	1.0586459379189899e-77	NS	UP	False	True	-0.09198721106479302
HPCA	0.765934615384616	0.345626976305729	-1.57907389162561	6.5443970796648594e-12	NS	DOWN	False	True	2.345008507010226
HPCAL4	0.584826923076923	0.510248618394631	-2.05024384236453	5.0299244742260505e-17	NS	DOWN	False	True	2.635070765441453
HPD	2.3479076923077	0.0114512401663799	4.43073349753694	3.1927819135456e-76	NS	UP	False	True	-2.08282580522924
HPDL	-1.24784230769231	0.0046694363046805	1.51962266009852	2.26142702229868e-55	NS	UP	False	True	-2.76746496779083
HPGD	0.549992307692308	0.606982253308548	-7.12743300492611	8.99937637627329e-151	NS	DOWN	False	True	7.677425312618418
HPN	2.41103076923077	0.0020125554693524	-1.98003201970443	3.0139364831419403e-25	NS	DOWN	False	True	4.3910627889352
HPR	1.80016923076924	0.11076263385451	-1.76596896551724	1.03084143996274e-07	NS	DOWN	False	True	3.56613819628648
HPRT1	0.782269230769232	0.0079297014239564	1.57038078817734	2.52408280965376e-95	NS	UP	False	True	-0.7881115574081079
HPS3	0.576423076923078	0.0911983495961395	1.56419556650246	7.70449036673814e-153	NS	UP	False	True	-0.987772489579382
HPS5	0.928842307692306	0.0215112279528142	1.92406798029557	1.60000656649528e-132	NS	UP	False	True	-0.995225672603264
HPS6	-0.403411538461537	0.0652450514687715	1.02774482758621	8.83280970368133e-71	NS	UP	False	True	-1.4311563660477469
HPSE2	1.76836153846154	0.0820558572943974	-6.36598275862069	1.54412634998733e-119	NS	DOWN	False	True	8.13434429708223
HR	0.303438461538461	0.611919805129616	-5.21541822660099	2.68016366954373e-177	NS	DOWN	False	True	5.518856688139451
HRAS	0.0895269230769236	0.652793263740236	-1.52914433497537	5.2117971398672195e-123	NS	DOWN	False	True	1.6186712580522935
HRC	1.27302307692308	0.053782730722435	-4.34109852216748	4.18025418121796e-93	NS	DOWN	False	True	5.614121599090559
HRG	0.308857692307694	0.787057137860723	-4.2326724137931	4.6584407241053295e-49	NS	DOWN	False	True	4.541530106100794
HRH1	1.83975	0.001559705638879	1.27136059113301	1.41576943512915e-48	NS	UP	False	True	0.5683894088669901
HRH2	0.438669230769231	0.615048464610109	-6.5626251231527	1.6078609090521599e-99	NS	DOWN	False	True	7.0012943539219314
HRH3	-0.553223076923074	0.538700741278127	-4.93924975369457	3.67788066452914e-82	NS	DOWN	False	True	4.386026676771496
HS3ST2	-1.33306923076923	0.0670326450057345	-5.45971822660098	1.20103694808067e-82	NS	DOWN	False	True	4.126648995831751
HS3ST3A1	1.08131153846154	0.123736670629653	4.79102068965517	6.3273408570007e-179	NS	UP	False	True	-3.70970915119363
HS3ST3B1	1.37388846153846	0.0020185341974868	3.55763645320197	6.43380293012974e-164	NS	UP	False	True	-2.1837479916635103
HS3ST4	0.763653846153847	0.360448218624279	-6.80757487684728	6.10398455065919e-118	NS	DOWN	False	True	7.571228723001127
HS3ST6	0.106219230769232	0.945175227742835	-14.1049098522167	2.18310260184782e-216	NS	DOWN	False	True	14.211129082985932
HS6ST1	0.461284615384615	0.114027796647205	1.15694384236453	1.06856674618384e-64	NS	UP	False	True	-0.6956592269799149
HS6ST3	1.05185384615385	0.0555679909953211	1.28437290640394	5.03701632693652e-13	NS	UP	False	True	-0.23251906025008995
HSBP1	0.886849999999998	0.0004042575489861	1.82235812807881	3.7426544669098e-165	NS	UP	False	True	-0.9355081280788119
HSCB	0.68518846153846	0.0092474045964788	1.04892413793103	2.2202478822970798e-94	NS	UP	False	True	-0.3637356763925699
HSD11B2	-0.176946153846154	0.729938620275069	-8.35514729064039	2.7539522043293803e-203	NS	DOWN	False	True	8.178201136794236
HSD17B1	-0.0016499999999997	0.999046854921824	-1.56749014778325	1.1768034128845701e-93	NS	DOWN	False	True	1.5658401477832502
HSD17B11	0.902684615384614	0.0040448923476239	1.60435714285714	1.34493905736858e-76	NS	UP	False	True	-0.701672527472526
HSD17B12	1.10349615384615	0.0024497212950584	1.01225615763547	9.26230133595607e-84	NS	UP	False	True	0.09123999621068002
HSD17B13	1.35573461538461	0.0217725151175703	-3.51141527093596	9.61587356569766e-69	NS	DOWN	False	True	4.86714988632057
HSD17B2	1.99448461538462	0.0416794667190707	-2.61387290640394	1.58492507107688e-35	NS	DOWN	False	True	4.608357521788561
HSD17B3	1.93306538461539	0.0545229909760671	-2.98540689655172	1.14748208238352e-32	NS	DOWN	False	True	4.91847228116711
HSD17B8	-0.244030769230769	0.467751996269309	-3.30130098522167	1.57835253253327e-177	NS	DOWN	False	True	3.057270215990901
HSD3B1	-0.500884615384615	0.620617184688072	-6.00592610837437	2.43183255602031e-59	NS	DOWN	False	True	5.505041492989754
HSF2BP	0.894726923076923	0.0389820403404492	2.30304039408867	1.48218030031458e-58	NS	UP	False	True	-1.4083134710117469
HSF4	0.489861538461537	0.241171299142078	-2.51038522167488	1.04705431238596e-119	NS	DOWN	False	True	3.000246760136417
HSF5	1.74184230769231	0.0052652995365645	-1.05032463054187	2.31802043209698e-06	NS	DOWN	False	True	2.79216693823418
HSFX1	1.69073846153846	0.0038707287685122	-2.44183300492611	6.9456101766115e-27	NS	DOWN	False	True	4.1325714664645705
HSFX2	-1.24421923076923	0.234314697081763	-2.79864778325123	4.4761707299121905e-14	NS	DOWN	False	True	1.554428552482
HSFY1	0.39704230769231	0.359287212811183	-1.66731133004926	1.03002954484629e-12	NS	DOWN	False	True	2.06435363774157
HSFY2	0.875515384615387	0.137150624932736	-1.69313990147783	1.21333460573207e-08	NS	DOWN	False	True	2.568655286093217
HSH2D	1.39665	0.0420380578401596	-4.66459113300492	1.35322680485163e-63	NS	DOWN	False	True	6.06124113300492
HSPA12B	0.128565384615385	0.708452744183236	-3.5545354679803	3.0052074333937102e-118	NS	DOWN	False	True	3.6831008525956848
HSPA1A	-0.102342307692308	0.716377187678767	-1.4597078817734	3.98729859831308e-45	NS	DOWN	False	True	1.357365574081092
HSPA1B	0.0420999999999987	0.897389657109071	-1.94539162561577	2.91435580935355e-65	NS	DOWN	False	True	1.9874916256157686
HSPA4L	1.98368846153846	0.0021291081483011	-1.66046995073892	5.8238876184567003e-64	NS	DOWN	False	True	3.6441584122773802
HSPA5	0.949353846153845	0.0020324154616364	2.13451576354681	1.4407013016134801e-87	NS	UP	False	True	-1.185161917392965
HSPA6	0.273865384615386	0.508114126120526	-4.20378226600985	2.44955706440888e-115	NS	DOWN	False	True	4.4776476506252365
HSPA8	0.836823076923078	0.0340807009911698	2.34755172413793	3.5922666463511e-142	NS	UP	False	True	-1.5107286472148518
HSPB1	-0.720926923076927	0.000277163681081	-1.65634039408866	7.49634692383406e-126	NS	DOWN	False	True	0.9354134710117331
HSPB3	0.198619230769231	0.900913917128057	2.42883743842365	1.2185024532132499e-30	NS	UP	False	True	-2.230218207654419
HSPB6	0.0414730769230773	0.962964488769461	2.59411625615763	3.00221042883513e-81	NS	UP	False	True	-2.5526431792345528
HSPB8	-1.19656153846154	0.117092501609803	-3.32480049261083	1.33260360297738e-166	NS	DOWN	False	True	2.12823895414929
HSPB9	0.174992307692308	0.667582513172457	-1.16496157635468	5.68151254449055e-14	NS	DOWN	False	True	1.339953884046988
HSPBAP1	0.565919230769231	0.0360090539498798	-1.03605566502463	6.13710998817193e-69	NS	DOWN	False	True	1.601974895793861
HSPD1	0.541007692307693	0.0532709955171611	1.04074285714285	1.65020731436016e-72	NS	UP	False	True	-0.4997351648351571
HSPE1-MOB4	1.49083846153846	0.167937685564318	4.44688325123153	1.66397516946066e-41	NS	UP	False	True	-2.9560447896930704
HSPG2	0.443973076923078	0.115814356564235	1.00020197044335	2.88063162838655e-63	NS	UP	False	True	-0.5562288935202719
HTR1B	2.58991153846154	0.003679719915818	7.21561773399014	2.01325212104561e-117	NS	UP	False	True	-4.6257061955286
HTR1E	0.396607692307697	0.286592280981208	-2.36820049261083	5.1058449714871104e-24	NS	DOWN	False	True	2.764808184918527
HTR1F	-0.747653846153846	0.244865329039636	1.10034384236453	1.22530323795476e-06	NS	UP	False	True	-1.847997688518376
HTR2A	2.61277307692308	0.0011494375052169	2.18872364532019	1.0752003909683101e-25	NS	UP	False	True	0.42404943160289
HTR2B	3.30601923076923	0.00112870722805	3.90070098522167	4.33556449611359e-65	NS	UP	False	True	-0.5946817544524401
HTR2C	0.820365384615387	0.510765062400305	1.15427635467979	4.06646677736422e-07	NS	UP	False	True	-0.33391097006440307
HTR3A	0.377023076923077	0.750376806182747	-6.40594137931033	4.87609874653965e-96	NS	DOWN	False	True	6.782964456233407
HTR3B	0.541338461538468	0.600618041068544	-1.60559704433497	1.0169755762370201e-14	NS	DOWN	False	True	2.1469355058734383
HTR3C	1.35099230769231	0.0969649191124669	-1.38285960591133	5.22377583662153e-13	NS	DOWN	False	True	2.7338519136036403
HTR4	1.67731153846154	0.0090261314094313	-5.42131231527093	2.82651342123405e-86	NS	DOWN	False	True	7.0986238537324695
HTR6	1.26368461538462	0.170549190629376	-1.50248177339901	5.877869055226321e-09	NS	DOWN	False	True	2.76616638878363
HTR7	2.36838846153847	0.0028687538752596	2.90900591133005	1.7007993962008602e-88	NS	UP	False	True	-0.5406174497915801
HTRA1	1.58646153846154	0.0019449352326213	2.25090049261083	4.2809764874985003e-150	NS	UP	False	True	-0.6644389541492901
HTRA3	0.0007769230769238	0.999945747837428	-1.09696354679803	1.44885178151342e-13	NS	DOWN	False	True	1.097740469874954
HTRA4	-0.063223076923077	0.929617465370805	1.35533793103448	3.216218252259e-07	NS	UP	False	True	-1.418561007957557
HUNK	0.77386923076923	0.279363376728616	-4.64754137931034	1.0424580925727799e-78	NS	DOWN	False	True	5.42141061007957
HUS1	0.338492307692307	0.25457027702301	1.25885960591133	4.04341980218516e-109	NS	UP	False	True	-0.920367298219023
HUS1B	-0.730723076923077	0.336769922902666	-2.65079211822659	1.0048526841267101e-25	NS	DOWN	False	True	1.9200690413035129
HYAL1	0.458165384615385	0.469712905842412	-3.94737536945813	7.53179234669977e-148	NS	DOWN	False	True	4.405540754073515
HYAL4	0.390488461538465	0.739364043838851	-6.81631527093595	1.48046815846555e-113	NS	DOWN	False	True	7.206803732474414
HYCC1	1.19681923076923	0.005007849549407	3.68505270935961	3.92265654662908e-220	NS	UP	False	True	-2.48823347859038
HYLS1	0.585238461538462	0.0252724030227101	1.78438866995074	1.8806257869077402e-120	NS	UP	False	True	-1.199150208412278
HYOU1	0.44188846153846	0.127912696223136	1.18377438423646	1.87863077084979e-63	NS	UP	False	True	-0.7418859226980001
IAH1	0.400676923076921	0.0623390863149578	1.5795724137931	2.0871224869534302e-145	NS	UP	False	True	-1.178895490716179
IARS1	0.901419230769232	0.0091731293401229	1.67777192118227	2.4493488450162498e-116	NS	UP	False	True	-0.7763526904130379
ICA1	1.05324615384615	0.0440641363535482	-5.16729162561576	4.4825498921916e-165	NS	DOWN	False	True	6.2205377794619094
ICAM1	0.560134615384619	0.164770872512478	1.19508472906404	9.89906420598431e-24	NS	UP	False	True	-0.6349501136794211
ICAM2	0.227615384615385	0.459342001947614	-2.41929359605911	1.75864466918621e-91	NS	DOWN	False	True	2.646908980674495
ICAM3	-0.171261538461539	0.465201542987884	1.52083054187192	1.3779011710284499e-126	NS	UP	False	True	-1.692092080333459
ICAM4	-0.63215	0.647930785595566	3.27212364532019	4.12883724394827e-29	NS	UP	False	True	-3.90427364532019
ICAM5	0.479457692307692	0.464162823766594	2.22995320197045	1.7016188770530602e-46	NS	UP	False	True	-1.7504955096627581
ICMT	0.315711538461539	0.275802210243211	1.28104630541872	2.8059242819647297e-116	NS	UP	False	True	-0.965334766957181
ICOS	1.13661923076923	0.114326665532601	-4.51188128078817	3.84178780373903e-73	NS	DOWN	False	True	5.6485005115574
ICOSLG	0.0744807692307692	0.876152135717475	-4.35331527093596	7.787798694443e-159	NS	DOWN	False	True	4.427796040166729
IDE	0.922953846153847	0.0085554261542271	-1.63003152709359	2.55159967080142e-114	NS	DOWN	False	True	2.552985373247437
IDH1	0.349303846153846	0.242528382537298	1.77810541871921	1.18331806789223e-111	NS	UP	False	True	-1.428801572565364
IDH2	-0.0962500000000004	0.723961753258885	-1.4876236453202	1.26817589785388e-30	NS	DOWN	False	True	1.3913736453201997
IDI2	1.17646153846154	0.182508641008141	-1.04535024630542	0.0002163423360076	NS	DOWN	False	True	2.22181178476696
IDO1	2.18297307692308	0.0135256217276403	-4.51347586206896	6.49023914756482e-48	NS	DOWN	False	True	6.69644893899204
IDO2	1.65984615384615	0.0519613551251401	-7.14280837438422	4.3350442438740405e-151	NS	DOWN	False	True	8.80265452823037
IER2	0.24175769230769	0.315594969923836	-1.29392019704432	1.1672436851593e-34	NS	DOWN	False	True	1.53567788935201
IER3IP1	0.587326923076922	0.0139230946978988	1.1041763546798	2.84630163818519e-88	NS	UP	False	True	-0.516849431602878
IER5L	0.452223076923077	0.15848292830877	1.87686995073891	1.20154626561955e-75	NS	UP	False	True	-1.4246468738158329
IFFO1	0.279611538461539	0.33029999652687	2.37644039408867	2.3343475770994598e-141	NS	UP	False	True	-2.096828855627131
IFFO2	0.510473076923077	0.264510300701965	-4.78853793103449	2.94964038658848e-225	NS	DOWN	False	True	5.299011007957567
IFI16	1.02752692307692	0.0041973829226108	1.32992019704433	3.11154065704314e-106	NS	UP	False	True	-0.30239327396741
IFI27	0.219503846153845	0.788032715710162	-2.52106945812808	2.82054868556747e-83	NS	DOWN	False	True	2.7405733042819254
IFI27L2	-0.321676923076923	0.323106939327933	1.47606748768473	2.16619844160778e-96	NS	UP	False	True	-1.797744410761653
IFI30	-0.0012846153846144	0.998900118192342	-1.26676059113301	5.4468481292146394e-40	NS	DOWN	False	True	1.2654759757483955
IFI35	0.563219230769231	0.149239177721185	1.17658177339902	1.33002198083525e-86	NS	UP	False	True	-0.6133625426297891
IFI44L	2.72118076923077	0.0011076802673607	3.60198325123153	1.1094992162340201e-120	NS	UP	False	True	-0.8808024820007598
IFI6	1.05032692307692	0.0826611094496173	1.61054630541872	1.2257092952988001e-60	NS	UP	False	True	-0.5602193823417998
IFIT1B	1.5227576923077	0.0497235591620338	1.90582315270936	1.30004312349145e-14	NS	UP	False	True	-0.3830654604016601
IFIT3	1.76609615384616	0.0010777513223901	2.0561802955665	7.0765809601642e-95	NS	UP	False	True	-0.29008414172034014
IFIT5	1.26092307692308	0.0042187944511299	2.64785369458128	1.16428054149648e-155	NS	UP	False	True	-1.3869306176582001
IFITM10	0.365546153846153	0.346697944650745	-2.29540344827586	6.518693378378231e-113	NS	DOWN	False	True	2.6609496021220127
IFNA1	-0.0523576923076909	0.938782769512471	4.18309852216748	9.87737626121986e-44	NS	UP	False	True	-4.235456214475171
IFNA13	0.63740384615385	0.157603456608027	1.982160591133	2.7891725718369e-12	NS	UP	False	True	-1.34475674497915
IFNAR1	1.04160384615385	0.0014224039814321	1.20008275862069	1.9544288406141301e-106	NS	UP	False	True	-0.15847891246683998
IFNE	2.58714230769231	0.0082183355197545	8.74830098522166	1.79858088725416e-146	NS	UP	False	True	-6.161158677529349
IFNG	2.28020384615385	0.0245201104215024	-1.69179408866995	8.35590081080032e-14	NS	DOWN	False	True	3.9719979348237997
IFNK	0.190546153846153	0.7683701048559	-1.86593004926108	4.31272530821644e-15	NS	DOWN	False	True	2.056476203107233
IFNL2	0.178438461538464	0.709233504203453	-3.15575812807881	3.36423949348365e-28	NS	DOWN	False	True	3.3341965896172736
IFNL3	-0.35973076923077	0.657765737717206	-1.01358669950739	5.75101124901796e-08	NS	DOWN	False	True	0.65385593027662
IFNLR1	0.463292307692308	0.558635343807743	-9.05444433497536	1.6638969855405401e-171	NS	DOWN	False	True	9.517736642667668
IFT22	0.28828076923077	0.177156455990604	1.36550837438424	4.8255007302657e-136	NS	UP	False	True	-1.07722760515347
IFT43	0.406961538461539	0.0244804440944443	1.11155862068966	4.29214678297703e-141	NS	UP	False	True	-0.7045970822281209
IFT52	0.752634615384615	0.004742687640001	1.28758177339901	3.35571342454036e-124	NS	UP	False	True	-0.5349471580143951
IFT56	0.703134615384616	0.0679098800439209	2.16781773399015	7.95651688047985e-179	NS	UP	False	True	-1.4646831186055338
IFT81	0.872134615384616	0.0360279082506003	1.76766403940887	1.48383261274237e-131	NS	UP	False	True	-0.8955294240242541
IFTAP	0.667238461538461	0.0159443482022413	2.23261674876847	2.4004296096345902e-157	NS	UP	False	True	-1.565378287230009
IGDCC3	-0.576134615384616	0.532873149769157	-1.83564433497537	4.9152997208217005e-15	NS	DOWN	False	True	1.259509719590754
IGDCC4	-0.858015384615385	0.109784176389021	1.03679950738916	1.56409996967838e-17	NS	UP	False	True	-1.8948148920045451
IGF1	-0.690026923076923	0.22109891516736	-4.4542408866995	1.7046034628523999e-56	NS	DOWN	False	True	3.764213963622577
IGF2	-0.2571	0.581222965217879	2.34763842364532	2.54119916461877e-27	NS	UP	False	True	-2.60473842364532
IGF2BP1	2.12088461538462	0.0318392565636567	10.0166408866995	1.69596467373012e-202	NS	UP	False	True	-7.89575627131488
IGF2BP2	1.38027692307692	0.0048167040935163	4.34806945812808	5.69438479363769e-225	NS	UP	False	True	-2.96779253505116
IGF2BP3	0.567276923076923	0.54790898827721	10.0335467980296	1.99389472505329e-158	NS	UP	False	True	-9.466269874952676
IGF2R	0.0675192307692312	0.889803629423582	1.7080684729064	9.98384800504705e-101	NS	UP	False	True	-1.6405492421371688
IGFALS	1.52176923076923	0.0314462353270921	-4.55107339901477	2.5308189599693198e-77	NS	DOWN	False	True	6.072842629784001
IGFBP4	0.625392307692307	0.034564742144325	2.6005724137931	9.209524687273262e-112	NS	UP	False	True	-1.975180106100793
IGFBP6	1.1577	0.0102788401381535	2.14546305418719	3.5302332047373205e-58	NS	UP	False	True	-0.9877630541871902
IGFBP7	0.855123076923076	0.0779737633828936	1.34158866995074	1.5457930429767599e-43	NS	UP	False	True	-0.486465593027664
IGFL1	0.77603076923077	0.729696030732045	-5.53683990147783	3.29618518049793e-53	NS	DOWN	False	True	6.3128706707086
IGFL2	2.30506923076923	0.12648727072905	-11.0542266009852	6.94715958403154e-159	NS	DOWN	False	True	13.35929583175443
IGFL3	1.13672307692308	0.476862708068067	-10.7128517241379	2.41068996351687e-136	NS	DOWN	False	True	11.84957480106098
IGFL4	3.11895	0.0021809386062032	-8.09200985221674	4.36755764176635e-107	NS	DOWN	False	True	11.21095985221674
IGHMBP2	-0.178046153846153	0.546588014326857	-1.02618177339902	2.83120128996306e-64	NS	DOWN	False	True	0.848135619552867
IGLL1	0.109442307692307	0.887688396513851	-1.3122684729064	1.47065057920517e-07	NS	DOWN	False	True	1.421710780598707
IGLL5	-0.26475	0.862583831678309	-3.20612906403941	6.17304380686448e-18	NS	DOWN	False	True	2.94137906403941
IGLON5	-0.210426923076923	0.792545531577648	-3.2296684729064	5.41211276205755e-59	NS	DOWN	False	True	3.019241549829477
IGSF1	1.21808846153846	0.217830244172371	-5.18534630541872	1.8046456673225797e-92	NS	DOWN	False	True	6.403434766957179
IGSF11	1.55433076923077	0.0017472664318979	-4.7582684729064	2.14278156658574e-84	NS	DOWN	False	True	6.31259924213717
IGSF21	2.10104615384615	0.0070420738170406	-7.35858620689654	1.97597713636028e-120	NS	DOWN	False	True	9.45963236074269
IGSF22	0.469073076923078	0.358184149897837	-4.03352512315271	1.7786634402933902e-60	NS	DOWN	False	True	4.502598200075788
IGSF23	0.788703846153849	0.320254245266677	1.48267044334975	4.99561063653846e-07	NS	UP	False	True	-0.6939665971959009
IGSF3	0.197492307692308	0.714773156229359	-4.66983251231527	2.58353772186584e-170	NS	DOWN	False	True	4.867324820007577
IGSF5	1.98281153846154	0.0417676606558865	-5.68809852216748	1.83260301662913e-84	NS	DOWN	False	True	7.67091006062902
IGSF6	1.06999230769231	0.0040611598086019	-1.30361330049261	1.65856078870247e-38	NS	DOWN	False	True	2.3736056081849197
IGSF8	-0.787288461538461	0.0082432714600238	-1.88393103448276	8.58215419503759e-170	NS	DOWN	False	True	1.096642572944299
IGSF9	1.44416923076923	0.135201940876463	-8.99922955665024	1.2001983776204802e-211	NS	DOWN	False	True	10.44339878741947
IGSF9B	2.13618076923077	0.0167056170031704	-4.49200246305419	1.50662623754393e-79	NS	DOWN	False	True	6.62818323228496
IHO1	0.342219230769231	0.755175107186584	2.2730802955665	1.2720946711862701e-93	NS	UP	False	True	-1.930861064797269
IKZF1	1.03102307692308	0.0321166048772643	-6.4372802955665	1.31150716384238e-136	NS	DOWN	False	True	7.468303372489579
IKZF3	0.6196	0.359287212811183	-5.27609014778325	6.14101166256957e-102	NS	DOWN	False	True	5.89569014778325
IL10	1.85477692307692	0.006602534582961	-4.6342802955665	1.72164692777609e-51	NS	DOWN	False	True	6.48905721864342
IL10RA	1.15762307692308	0.0104281186037602	-5.75781330049261	8.006852196189001e-112	NS	DOWN	False	True	6.9154363774156895
IL10RB	0.682265384615385	0.0024119451384211	1.23875566502464	2.19321422002297e-124	NS	UP	False	True	-0.5564902804092551
IL11	1.86109615384615	0.0162857753976093	1.70051773399015	5.56168380050605e-43	NS	UP	False	True	0.16057841985599985
IL12B	1.28467307692308	0.0923502076841305	1.22205467980295	1.58612336044324e-07	NS	UP	False	True	0.06261839712013018
IL12RB1	0.936380769230769	0.153773143520261	-2.06782709359606	3.9397457318695e-24	NS	DOWN	False	True	3.004207862826829
IL12RB2	-1.43088461538462	0.0459898578184628	-3.52913201970443	6.12689271716635e-54	NS	DOWN	False	True	2.09824740431981
IL13	1.86016153846154	0.0548743987375432	-1.33405369458128	1.9290172305824e-05	NS	DOWN	False	True	3.19421523304282
IL13RA1	1.06395769230769	0.0035741099774308	1.71029014778325	4.69450326650804e-132	NS	UP	False	True	-0.6463324554755598
IL13RA2	3.22101923076923	0.0054219238850383	6.61726798029557	1.79358498890985e-90	NS	UP	False	True	-3.39624874952634
IL16	-0.146949999999999	0.689174303970371	-1.57689014778325	3.7617734225865495e-40	NS	DOWN	False	True	1.429940147783251
IL17B	0.535592307692309	0.665478522960107	-2.58078177339901	6.94152015776033e-17	NS	DOWN	False	True	3.116374081091319
IL17C	1.03844615384616	0.284252277964367	-3.18725467980295	2.0073841855349502e-20	NS	DOWN	False	True	4.22570083364911
IL17RC	0.314523076923076	0.236152529824147	-1.42732118226601	2.32235161478056e-133	NS	DOWN	False	True	1.741844259189086
IL17RE	0.0957807692307691	0.846440275330767	-4.43566699507389	1.36443450928634e-220	NS	DOWN	False	True	4.53144776430466
IL17REL	2.12423846153847	0.0016256324252721	-2.48210246305418	3.75681901541943e-27	NS	DOWN	False	True	4.606340924592651
IL18	1.29395384615385	0.0208916320004361	-5.73739556650247	8.67254539327329e-184	NS	DOWN	False	True	7.03134941265632
IL18RAP	1.25764230769231	0.0279993333128515	-2.2861802955665	9.591036065984731e-23	NS	DOWN	False	True	3.54382260325881
IL19	0.718969230769232	0.530118335780256	4.60367931034482	4.4525078924037004e-45	NS	UP	False	True	-3.8847100795755876
IL1A	1.40366923076923	0.246281350422731	-3.59678472906403	1.94993932886269e-40	NS	DOWN	False	True	5.00045395983326
IL1F10	0.154446153846156	0.912097221031198	-11.8808906403941	7.537730093918281e-200	NS	DOWN	False	True	12.035336794240255
IL1R1	1.08491923076923	0.0043078612110431	2.34830147783251	1.9287931771615002e-121	NS	UP	False	True	-1.2633822470632803
IL1R2	0.290488461538462	0.626653364988679	-2.7768960591133	5.4819471598649105e-98	NS	DOWN	False	True	3.067384520651762
IL1RAPL1	1.96295384615385	0.08797035575217	1.04543546798029	5.52116567457952e-05	NS	UP	False	True	0.9175183781735601
IL1RAPL2	1.37536538461539	0.160735994063309	5.80477142857142	4.26483782165404e-63	NS	UP	False	True	-4.42940604395603
IL1RL1	1.56984615384616	0.0966361958280152	1.18069014778325	9.84717059771578e-13	NS	UP	False	True	0.38915600606291
IL1RL2	0.659973076923078	0.41144236992773	-1.82517783251232	1.33573776668309e-84	NS	DOWN	False	True	2.485150909435398
IL1RN	0.897207692307692	0.288647334677964	-8.30913349753695	3.66177309702123e-241	NS	DOWN	False	True	9.206341189844641
IL2	1.83835000000001	0.0060183174105919	-2.01109064039409	2.7892841251114e-18	NS	DOWN	False	True	3.8494406403941
IL20	1.6828	0.120774974954947	-3.64614630541871	9.17426273857635e-26	NS	DOWN	False	True	5.32894630541871
IL20RA	1.34591923076923	0.257298604227865	-8.27585812807881	6.57683456018053e-197	NS	DOWN	False	True	9.621777358848039
IL20RB	1.0301	0.175671799996216	-2.80872906403941	2.9352804644602196e-116	NS	DOWN	False	True	3.83882906403941
IL21R	1.33715769230769	0.0378596723373409	1.27124236453202	9.321626351878991e-14	NS	UP	False	True	0.06591532777566989
IL22RA1	1.47982307692308	0.250131089030292	-7.98754926108375	7.68064278891785e-217	NS	DOWN	False	True	9.467372338006829
IL22RA2	0.877861538461545	0.350673405722033	-5.84869113300491	2.28550780283193e-120	NS	DOWN	False	True	6.726552671466455
IL23A	0.640307692307692	0.0558874255730939	1.61688719211823	8.04110889643965e-44	NS	UP	False	True	-0.9765794998105379
IL24	-0.91975	0.051552479385308	3.49873743842364	5.28519831256047e-55	NS	UP	False	True	-4.4184874384236394
IL25	0.749992307692311	0.217263853243494	-4.4516093596059	6.29481673242805e-45	NS	DOWN	False	True	5.2016016672982115
IL26	1.69689615384616	0.0527888358855564	1.04470344827586	0.0001023907596545	NS	UP	False	True	0.6521927055703001
IL27	1.80041153846154	0.0125565507103951	-1.57749310344827	4.84464657026036e-07	NS	DOWN	False	True	3.3779046419098098
IL2RB	0.861023076923077	0.130428347101458	-4.26080147783251	1.88441398799467e-99	NS	DOWN	False	True	5.121824554755587
IL2RG	0.503826923076925	0.362430139728456	-5.83115320197044	1.5605181500535899e-96	NS	DOWN	False	True	6.334980125047365
IL33	2.33054615384615	0.003607433950342	-2.68763793103449	6.8418598760453695e-56	NS	DOWN	False	True	5.01818408488064
IL34	1.03528846153846	0.0300600506199045	-6.37825911330049	9.768900152577611e-183	NS	DOWN	False	True	7.41354757483895
IL36B	1.2805576923077	0.387852905604699	-11.5910955665024	3.3663191044880595e-213	NS	DOWN	False	True	12.871653258810099
IL36G	1.82073076923077	0.243659584727948	-12.1384857142857	1.4721129735426098e-177	NS	DOWN	False	True	13.959216483516471
IL36RN	0.557446153846154	0.767857997878112	-12.2742049261084	9.86484581756829e-193	NS	DOWN	False	True	12.831651079954554
IL37	0.71922307692308	0.641092634312239	-12.0652862068965	3.49593989076514e-146	NS	DOWN	False	True	12.784509283819581
IL3RA	0.139988461538461	0.648134886073804	-5.0439157635468	8.34391978362194e-114	NS	DOWN	False	True	5.183904225085261
IL5RA	1.82468461538462	0.051773135252415	-5.09549556650246	2.4939489016641e-92	NS	DOWN	False	True	6.92018018188708
IL6	0.646034615384615	0.388276000477531	3.59290147783251	5.80731511825224e-68	NS	UP	False	True	-2.946866862447895
IL6R	0.0638153846153844	0.899075742622456	-1.06912463054187	5.6218250192922004e-36	NS	DOWN	False	True	1.1329400151572544
IL7R	1.74879615384615	0.0026173026879266	4.17703891625616	2.82287251538143e-105	NS	UP	False	True	-2.4282427624100102
IL9R	-0.539653846153846	0.383635221393585	-4.17829113300492	6.63365329818891e-51	NS	DOWN	False	True	3.6386372868510737
ILDR1	1.53803846153847	0.0646149617916321	-7.78981527093595	2.39868756053467e-146	NS	DOWN	False	True	9.32785373247442
ILDR2	3.21498461538462	0.0010889922892144	-1.74879458128078	1.98336993201443e-12	NS	DOWN	False	True	4.9637791966654
ILK	0.467350000000002	0.0436518136885325	1.15339113300492	1.9564819524400202e-142	NS	UP	False	True	-0.6860411330049181
IMPA2	0.0188153846153831	0.969080706311105	-3.98551379310345	6.66313558824448e-222	NS	DOWN	False	True	4.004329177718833
INA	1.20795769230769	0.309008376922929	-1.34725024630542	1.33135094472345e-23	NS	DOWN	False	True	2.55520793861311
INAVA	1.66543846153846	0.107054245569978	-9.44075369458128	1.2054889172882999e-222	NS	DOWN	False	True	11.106192156119741
INHBB	1.00608076923077	0.0562488490422237	-2.19465517241379	2.50906153630751e-27	NS	DOWN	False	True	3.20073594164456
INHBE	1.53550769230769	0.0184994075142192	4.98429753694581	1.7485516504930398e-80	NS	UP	False	True	-3.44878984463812
INKA1	0.262965384615385	0.567298902911297	-1.92080049261084	3.89732742420697e-73	NS	DOWN	False	True	2.183765877226225
INMT-MINDY4	0.067811538461541	0.929511920719892	2.6648881773399	2.79136198673231e-11	NS	UP	False	True	-2.597076638878359
INO80C	0.262715384615387	0.203895759316437	-1.41895369458128	6.43484720129516e-108	NS	DOWN	False	True	1.6816690791966669
INPP4B	0.251869230769232	0.613909258222141	1.92713497536946	1.04321240099243e-115	NS	UP	False	True	-1.675265744600228
INPP5D	1.17364615384615	0.0025282967235443	-3.99827290640395	2.7855991065381198e-170	NS	DOWN	False	True	5.1719190602501
INPP5J	1.33983076923077	0.0300151506208382	-4.4663921182266	1.59890145046829e-154	NS	DOWN	False	True	5.80622288745737
INSL5	1.83024615384616	0.0270614708726231	1.67617487684729	2.56929585272637e-10	NS	UP	False	True	0.15407127699887013
INSL6	-0.0633038461538433	0.940969629844285	-1.06990443349754	2.64953671452307e-06	NS	DOWN	False	True	1.0066005873436967
INSM1	0.392176923076923	0.636959542094654	-4.50552660098522	8.673579087258131e-73	NS	DOWN	False	True	4.897703524062143
INSM2	0.24158846153846	0.79399898281325	-2.05125270935961	7.67585415260115e-22	NS	DOWN	False	True	2.29284117089807
INSRR	0.896169230769229	0.127217360001756	2.72219950738916	1.3529428935317998e-29	NS	UP	False	True	-1.8260302766199308
INSYN1	-0.339626923076923	0.656190899204073	-3.8312921182266	1.88056428611909e-127	NS	DOWN	False	True	3.491665195149677
INTS13	0.943473076923076	0.0013169134268134	1.01476256157635	9.00119572090533e-70	NS	UP	False	True	-0.071289484653274
INVS	0.708511538461538	0.0210750291260912	1.66978128078818	7.130420697101241e-132	NS	UP	False	True	-0.961269742326642
IP6K2	0.750023076923077	0.0003373201445917	-1.03598571428571	2.2537106825859802e-91	NS	DOWN	False	True	1.7860087912087872
IP6K3	-1.37868461538462	0.256946973051952	2.14589261083744	2.52777964640887e-38	NS	UP	False	True	-3.52457722622206
IPCEF1	1.5428	0.0020374442346622	-4.26501231527093	7.43324837455388e-78	NS	DOWN	False	True	5.80781231527093
IPP	0.9984	0.0008374458461545	1.03028620689655	6.13300463177482e-84	NS	UP	False	True	-0.03188620689654997
IPPK	0.626961538461539	0.0311146228504845	-2.33877290640394	1.2904042896200601e-200	NS	DOWN	False	True	2.965734444865479
IQANK1	1.23234615384615	0.0023765508584019	-6.34185172413793	1.45413482430059e-227	NS	DOWN	False	True	7.57419787798408
IQCA1	1.29416153846154	0.0592207780829545	-1.63179507389162	3.10025189972005e-17	NS	DOWN	False	True	2.92595661235316
IQCA1L	1.10356153846154	0.0483547628394237	-2.08535517241379	3.2315035084451797e-16	NS	DOWN	False	True	3.18891671087533
IQCF3	0.274600000000003	0.471805143658397	-1.06041083743842	0.0002760247359422	NS	DOWN	False	True	1.335010837438423
IQCH	1.13793846153846	0.0599923208996088	1.11588374384237	7.97995931529966e-43	NS	UP	False	True	0.02205471769608991
IQCN	1.04713461538462	0.084680697125025	-3.28923399014778	7.97782570639808e-85	NS	DOWN	False	True	4.3363686055324
IQGAP2	0.823819230769231	0.140205108230198	-3.66620985221675	1.30696088568598e-58	NS	DOWN	False	True	4.490029082985981
IQSEC3	-0.0818769230769205	0.932215703737904	-2.76771182266009	1.44345501779051e-34	NS	DOWN	False	True	2.6858348995831696
IQUB	1.43287692307692	0.0192074474928947	1.12596403940886	8.626289761986121e-20	NS	UP	False	True	0.30691288366806013
IRAK1	0.188523076923077	0.452986565529038	1.27555665024631	4.83361378890969e-104	NS	UP	False	True	-1.087033573323233
IRF4	-0.462711538461539	0.369295460311381	-5.05523152709359	2.93321717892922e-89	NS	DOWN	False	True	4.592519988632051
IRF5	0.31653076923077	0.387210477793192	-6.52853793103448	1.2769435979056e-172	NS	DOWN	False	True	6.84506870026525
IRF6	0.925484615384615	0.35265055239381	-8.75127832512315	9.143147252416431e-257	NS	DOWN	False	True	9.676762940507766
IRF7	0.804769230769229	0.0280514556530569	-1.2146802955665	8.60463272149349e-44	NS	DOWN	False	True	2.019449526335729
IRF8	1.33599615384615	0.0032493230409328	-6.29535911330048	2.76860469387087e-95	NS	DOWN	False	True	7.631355267146629
IRGC	-1.25263076923077	0.065066128220206	-1.54350591133004	1.36937486414153e-07	NS	DOWN	False	True	0.2908751420992699
IRS1	0.431361538461538	0.361801808981093	2.57503448275862	1.5752863651525702e-151	NS	UP	False	True	-2.143672944297082
IRS4	-0.361615384615383	0.765627938128811	-3.91522610837438	2.82079690765025e-64	NS	DOWN	False	True	3.5536107237589967
IRX2	0.0951384615384615	0.920684069979092	-1.1234684729064	2.99648127621382e-71	NS	DOWN	False	True	1.2186069344448613
IRX3	-0.428611538461539	0.285108940715156	-2.40881428571428	2.74604801479622e-136	NS	DOWN	False	True	1.9802027472527408
IRX4	0.60083076923077	0.67814801790207	-9.63816650246304	3.6345258802665404e-154	NS	DOWN	False	True	10.23899727169381
IRX5	0.0990384615384623	0.799536781835105	-1.38544778325123	9.78291830713177e-52	NS	DOWN	False	True	1.4844862447896923
IRX6	-0.444865384615385	0.537584842566644	-9.53972857142857	2.5770192320677803e-169	NS	DOWN	False	True	9.094863186813186
ISCA2	0.341703846153846	0.128429577724081	1.13771674876847	3.89063060917449e-145	NS	UP	False	True	-0.7960129026146241
ISG15	1.09290769230769	0.0321572888091563	2.26429802955665	3.15936472383433e-95	NS	UP	False	True	-1.1713903372489602
ISG20	-0.690634615384614	0.220792308412279	-1.9006118226601	2.76603018660325e-97	NS	DOWN	False	True	1.209977207275486
ISL1	0.36795	0.784408850924611	-5.23755467980295	1.23682395882891e-67	NS	DOWN	False	True	5.60550467980295
ISL2	1.13585769230769	0.382635220770765	4.85699162561576	2.6441741026506e-48	NS	UP	False	True	-3.72113393330807
ISLR	1.01551538461539	0.0347185122265731	2.18439901477834	5.54875039897668e-84	NS	UP	False	True	-1.16888363016295
ISLR2	1.60775384615385	0.0050642984113707	-3.11565812807881	4.9230682765717005e-47	NS	DOWN	False	True	4.72341197423266
ISM1	-0.127203846153846	0.859768915955468	-4.28060689655172	1.51098814737754e-102	NS	DOWN	False	True	4.153403050397873
ISOC1	0.744238461538461	0.0077490139480279	-1.18053990147783	7.91041388169437e-83	NS	DOWN	False	True	1.924778363016291
ISX	0.400407692307693	0.514234010067796	-2.06637733990148	2.69855099858783e-19	NS	DOWN	False	True	2.466785032209173
ISY1-RAB43	1.74315384615385	0.0313385598989791	1.29090738916256	9.24392516869573e-93	NS	UP	False	True	0.45224645699129007
ISYNA1	-0.381453846153847	0.208894490756667	-1.28825960591133	1.3775341407528201e-59	NS	DOWN	False	True	0.906805759757483
ITGA11	1.37519230769231	0.0039728070016407	3.08266699507389	1.67819183839564e-61	NS	UP	False	True	-1.70747468738158
ITGA2B	1.36176153846154	0.0242692541126774	-1.15333054187192	4.0931355627995395e-12	NS	DOWN	False	True	2.51509208033346
ITGA5	1.02299230769231	0.0135102143290847	2.66988916256158	4.05959142437508e-123	NS	UP	False	True	-1.6468968548692702
ITGA7	0.0915269230769242	0.904232934523212	-2.06453054187192	2.36825466631529e-62	NS	DOWN	False	True	2.1560574649488444
ITGA9	0.882276923076924	0.0718153035869199	-3.34459261083744	1.49471614567062e-140	NS	DOWN	False	True	4.226869533914364
ITGAD	1.13281153846154	0.174310557352827	-2.28443940886699	1.21251574915599e-24	NS	DOWN	False	True	3.41725094732853
ITGAE	0.683126923076923	0.009763237976633	1.07849704433498	2.01712851336988e-95	NS	UP	False	True	-0.39537012125805693
ITGAL	0.858276923076923	0.119093335585917	-3.34347339901477	6.15909811006701e-52	NS	DOWN	False	True	4.201750322091693
ITGAM	1.31033076923077	0.0054042112357884	-4.71684433497536	2.98276986158151e-65	NS	DOWN	False	True	6.027175104206131
ITGAX	0.440334615384615	0.240584577102541	-2.6376039408867	4.08505968561798e-53	NS	DOWN	False	True	3.077938556271315
ITGB1BP1	-0.249184615384614	0.301021946520253	1.05930738916256	1.1959010700481099e-92	NS	UP	False	True	-1.308492004547174
ITGB1BP2	1.01026923076923	0.0446838251891878	-1.15020246305419	4.0680369611854204e-19	NS	DOWN	False	True	2.1604716938234203
ITGB2	0.875130769230768	0.0630289947265689	-1.1065802955665	7.72913380701347e-15	NS	DOWN	False	True	1.9817110647972682
ITGB3BP	1.05574615384615	0.00447579802624	1.02024827586207	2.56006124465674e-46	NS	UP	False	True	0.035497877984079995
ITGB4	0.743961538461536	0.152037535694447	-6.89028768472906	1.0643630330060699e-262	NS	DOWN	False	True	7.634249223190596
ITGB6	3.13406538461539	0.0024946866026462	-3.6279763546798	3.98345998999392e-66	NS	DOWN	False	True	6.76204173929519
ITGB7	0.525888461538461	0.269480073576121	-3.1198724137931	2.1260512294224598e-128	NS	DOWN	False	True	3.645760875331561
ITGB8	2.56132307692308	0.0014444188496244	-2.56534482758621	1.60801038351884e-90	NS	DOWN	False	True	5.12666790450929
ITGBL1	1.65451538461538	0.0028456043137413	5.02239359605911	2.23437291954489e-181	NS	UP	False	True	-3.36787821144373
ITIH1	-0.310323076923078	0.813906513282181	-2.28201773399014	2.59341058927206e-13	NS	DOWN	False	True	1.971694657067062
ITIH4	1.17158076923077	0.0343105203665958	-2.09561527093596	3.86239477023159e-83	NS	DOWN	False	True	3.2671960401667297
ITIH5	3.08426923076923	0.0010442185331368	-4.08492660098522	2.75369285041994e-86	NS	DOWN	False	True	7.16919583175445
ITK	0.278673076923077	0.70651058122655	-6.95445467980295	4.70130115616223e-123	NS	DOWN	False	True	7.233127756726027
ITLN1	0.112257692307693	0.940969629844285	-1.94322266009852	1.4175540985883e-09	NS	DOWN	False	True	2.055480352406213
ITLN2	-0.436973076923076	0.681951219968229	-6.11897093596058	6.22694893757296e-87	NS	DOWN	False	True	5.681997859037504
ITM2A	1.71789615384615	0.0156312550447137	-4.25866206896552	2.11676780663628e-117	NS	DOWN	False	True	5.976558222811669
ITM2C	1.22198846153846	0.0027920693476651	2.57317389162561	9.02709418377528e-140	NS	UP	False	True	-1.35118543008715
ITPKA	0.611307692307692	0.238011307051309	1.94559458128079	7.443853917563819e-48	NS	UP	False	True	-1.3342868889730979
ITPKB	-1.09105769230769	0.0051231618952742	-2.65356748768473	7.656028915557641e-151	NS	DOWN	False	True	1.5625097953770402
ITPKC	0.3746	0.0845364769537903	-1.41710985221675	3.01176365841114e-78	NS	DOWN	False	True	1.79170985221675
ITPR2	1.19163076923077	0.013548893226748	-1.1578433497537	9.26585656181443e-64	NS	DOWN	False	True	2.34947411898447
ITPR3	0.440853846153846	0.276934271380886	-1.28053842364532	3.93803365676255e-74	NS	DOWN	False	True	1.721392269799166
ITPRID1	0.654915384615388	0.522364751339476	-9.15679655172412	2.27057139869781e-184	NS	DOWN	False	True	9.811711936339508
ITPRIP	-0.255934615384614	0.523383264656375	-1.34540295566503	9.46952611816671e-70	NS	DOWN	False	True	1.089468340280416
ITPRIPL1	1.41766538461538	0.0136712500406197	1.02125517241379	5.7675024841121105e-25	NS	UP	False	True	0.39641021220159
ITSN1	0.922984615384615	0.0013312206464805	1.72262857142857	1.64509138576741e-144	NS	UP	False	True	-0.7996439560439551
IVD	0.748361538461539	0.10232159445558	2.62113990147783	2.3102156449744902e-169	NS	UP	False	True	-1.872778363016291
IVL	0.216611538461538	0.926683237883892	-10.0726354679803	1.37461949612272e-202	NS	DOWN	False	True	10.289247006441839
IVNS1ABP	0.0027115384615354	0.994781642626839	-1.84989556650246	2.14864072674359e-132	NS	DOWN	False	True	1.8526071049639954
IYD	0.0073153846153868	0.992940357963063	-1.78662857142857	5.01878974008274e-14	NS	DOWN	False	True	1.7939439560439567
IZUMO1	2.49524615384616	0.0031796215742773	-5.85380295566501	1.0366886038583401e-91	NS	DOWN	False	True	8.34904910951117
IZUMO1R	1.20626923076924	0.129323905595431	1.45440689655172	1.49008726888618e-10	NS	UP	False	True	-0.2481376657824801
IZUMO2	0.854019230769234	0.355824803075803	-1.82696896551724	4.2853906182027096e-11	NS	DOWN	False	True	2.6809881962864743
IZUMO4	1.12176153846154	0.0015848683074941	-1.42064039408867	6.24136984568067e-61	NS	DOWN	False	True	2.5424019325502103
JAG1	1.28496538461539	0.0091498389040726	-2.95605862068966	2.32354390355724e-123	NS	DOWN	False	True	4.24102400530505
JAG2	-0.0164807692307702	0.972400107430172	-7.10584926108375	1.30362318119524e-254	NS	DOWN	False	True	7.08936849185298
JAKMIP1	1.42366538461538	0.0702496294300133	-3.6486645320197	3.17587967421528e-41	NS	DOWN	False	True	5.07232991663508
JAKMIP2	1.46371538461538	0.0754445893053314	-2.11020738916256	6.1881233149938704e-21	NS	DOWN	False	True	3.57392277377794
JAKMIP3	0.90590384615385	0.252193708061956	-1.2896078817734	1.9632681500663297e-36	NS	DOWN	False	True	2.19551172792725
JAM2	0.610303846153846	0.0763111008767361	-1.7210724137931	1.38951286038559e-38	NS	DOWN	False	True	2.331376259946946
JAM3	1.04498846153846	0.0346764824430341	2.00443891625616	3.43591144707979e-175	NS	UP	False	True	-0.9594504547177003
JAML	0.869796153846154	0.0371076230031817	-7.23820541871921	2.25232662040283e-114	NS	DOWN	False	True	8.108001572565364
JAZF1	0.581876923076923	0.170087948048986	1.7085960591133	1.6459068549110403e-145	NS	UP	False	True	-1.126719136036377
JCAD	1.03077692307692	0.0013129515852909	3.13405024630542	2.9572038733057e-130	NS	UP	False	True	-2.1032733232284997
JKAMP	0.97431153846154	0.0037953277350685	1.35730147783251	6.28375399615309e-160	NS	UP	False	True	-0.38298993937097014
JMJD7	0.356176923076923	0.259255295352324	-3.12450591133005	1.0620187401427e-195	NS	DOWN	False	True	3.480682834406973
JMJD7-PLA2G4B	0.723061538461539	0.044250257194918	-3.30950246305419	3.1620388947675195e-160	NS	DOWN	False	True	4.032564001515729
JPH3	-0.747096153846154	0.464101857263111	-2.25716896551724	1.42136530371998e-30	NS	DOWN	False	True	1.510072811671086
JPH4	1.35638076923077	0.012396108284099	-3.77588916256157	2.05339425196823e-85	NS	DOWN	False	True	5.13226993179234
JPT1	-0.425865384615385	0.0724090178110654	1.45791133004926	5.86261389366378e-78	NS	UP	False	True	-1.8837767146646451
JUNB	0.527673076923076	0.122283332920493	-1.47880049261083	1.03058845755881e-41	NS	DOWN	False	True	2.006473569533906
JUND	-0.335746153846157	0.155816574838606	-1.35999211822661	3.16136028805884e-65	NS	DOWN	False	True	1.024245964380453
JUP	0.147730769230767	0.837222651623976	-8.44319802955665	2.472939633301e-285	NS	DOWN	False	True	8.590928798787417
KAAG1	-1.09436153846154	0.313516449547113	-1.09153842364532	2.95122992254704e-09	NS	DOWN	False	True	-0.002823114816219885
KANK1	0.567215384615386	0.0570200508275675	-1.86190246305419	3.94636988633091e-128	NS	DOWN	False	True	2.429117847669576
KANK2	0.881553846153847	0.012362790735263	2.25000246305419	2.38772266870124e-142	NS	UP	False	True	-1.368448616900343
KANK3	0.656076923076923	0.0620008301201384	-5.00758325123153	6.05484775253641e-154	NS	DOWN	False	True	5.663660174308453
KANK4	2.78138461538462	0.0033798814589836	-3.73673251231526	1.32690385878554e-45	NS	DOWN	False	True	6.518117127699879
KANTR	0.965826923076923	0.192181202643887	-1.90816403940887	1.30215742247098e-23	NS	DOWN	False	True	2.873990962485793
KASH5	0.796069230769233	0.505908674261451	-2.40024532019704	8.860139921655091e-15	NS	DOWN	False	True	3.1963145509662727
KATNAL1	1.03128461538462	0.0037587443418363	2.33652857142857	1.39522807055e-159	NS	UP	False	True	-1.3052439560439502
KATNB1	0.298173076923075	0.160711865777624	-1.2481197044335	5.349330277659531e-117	NS	DOWN	False	True	1.546292781356575
KAZN	-0.0715384615384616	0.843502371434924	-1.33284827586207	1.16431975760232e-103	NS	DOWN	False	True	1.2613098143236086
KBTBD12	1.40073461538462	0.0595506058239403	-4.29967093596059	1.60062090530249e-74	NS	DOWN	False	True	5.700405551345209
KBTBD13	-0.168934615384613	0.548031067305774	-2.35568177339901	8.995163258673e-23	NS	DOWN	False	True	2.1867471580143967
KBTBD8	1.45170384615385	0.0034603474858966	1.85240098522168	1.0678839645681498e-42	NS	UP	False	True	-0.40069713906783
KCNA1	0.58144615384616	0.322536133985051	-3.20516650246305	2.05274243007461e-31	NS	DOWN	False	True	3.78661265630921
KCNA2	2.78377692307692	0.0016436103433185	-4.61723842364532	9.71869112893885e-90	NS	DOWN	False	True	7.4010153467222395
KCNA4	1.68741153846154	0.0262507485507557	-2.85253004926108	1.2385277304229698e-30	NS	DOWN	False	True	4.53994158772262
KCNA5	1.41395	0.102677319007281	-4.31689064039409	3.1861361652606004e-64	NS	DOWN	False	True	5.7308406403940895
KCNA6	-0.0358807692307703	0.95515060900518	1.26519458128078	2.3504877136419602e-15	NS	UP	False	True	-1.3010753505115504
KCNA7	-0.346561538461535	0.658113070239161	-1.42850837438423	5.71428031858934e-19	NS	DOWN	False	True	1.081946835922695
KCNAB1	1.41114615384615	0.0021334941794304	-1.06561034482759	1.23491058395209e-25	NS	DOWN	False	True	2.47675649867374
KCNB1	1.13344230769231	0.218101940662636	-2.5270014778325	1.6352289895314801e-46	NS	DOWN	False	True	3.66044378552481
KCNB2	0.683080769230774	0.235522561458512	-1.20287586206897	1.34209885177425e-09	NS	DOWN	False	True	1.8859566312997438
KCNC1	1.46746923076923	0.0473163687924714	-2.34540492610838	8.667115874974539e-29	NS	DOWN	False	True	3.8128741568776103
KCNC2	2.34083076923077	0.0055341187975934	-2.14528522167487	4.92273251454379e-19	NS	DOWN	False	True	4.48611599090564
KCNC3	0.998373076923077	0.0420233277843978	-3.84553201970443	2.3381783483185698e-130	NS	DOWN	False	True	4.843905096627507
KCNC4	-0.0720384615384613	0.821599259797742	-1.42019704433498	2.52743759860277e-87	NS	DOWN	False	True	1.3481585827965188
KCND2	0.831219230769231	0.371813524427595	4.39213645320196	3.47096346695987e-101	NS	UP	False	True	-3.560917222432729
KCND3	1.45479230769231	0.0415347705622182	-2.63670049261084	3.76147753213945e-54	NS	DOWN	False	True	4.09149280030315
KCNE1	2.18181923076923	0.0014382126157561	-1.00415123152709	3.01830005442648e-06	NS	DOWN	False	True	3.1859704622963196
KCNE4	1.49825384615385	0.0095922814152442	2.89322019704434	4.89682796473727e-101	NS	UP	False	True	-1.39496635089049
KCNE5	0.187919230769229	0.798320527793983	1.26422955665024	3.1500082834507e-09	NS	UP	False	True	-1.076310325881011
KCNF1	1.98768461538462	0.0246949106907064	-1.8005724137931	4.6919793270628996e-12	NS	DOWN	False	True	3.78825702917772
KCNG1	1.41142692307692	0.123760973783113	5.18766650246306	2.95722870139292e-168	NS	UP	False	True	-3.7762395793861394
KCNG2	1.59995384615385	0.0267543870241982	2.71342610837438	5.1174388480600495e-33	NS	UP	False	True	-1.1134722622205298
KCNG3	1.05715769230769	0.198017695747881	-5.57671477832512	3.85251623361955e-144	NS	DOWN	False	True	6.633872470632809
KCNH1	-0.73475	0.362307199326278	3.12324384236453	2.0798440362616797e-34	NS	UP	False	True	-3.85799384236453
KCNH2	1.63582307692308	0.020218433657793	-2.01342413793103	4.43605161911255e-37	NS	DOWN	False	True	3.6492472148541095
KCNH3	-0.701938461538462	0.29105546356416	-2.63860295566502	4.86607345525147e-53	NS	DOWN	False	True	1.9366644941265583
KCNH4	-0.491153846153847	0.57911773161414	-1.6728921182266	5.810923188298931e-15	NS	DOWN	False	True	1.181738272072753
KCNH5	0.222192307692309	0.814888059083172	-1.39879408866995	1.1912033338965099e-11	NS	DOWN	False	True	1.6209863963622588
KCNH6	0.878576923076928	0.166545446181436	-1.6909842364532	2.83772100271361e-12	NS	DOWN	False	True	2.569561159530128
KCNH8	1.15565384615385	0.0732529923476921	-5.07788522167488	5.3120060341669005e-86	NS	DOWN	False	True	6.233539067828731
KCNJ11	1.85123461538462	0.0450442306553075	-6.89695320197043	7.47367137295464e-116	NS	DOWN	False	True	8.74818781735505
KCNJ12	0.728576923076923	0.366610098817381	-3.98097192118227	3.0180560137300798e-83	NS	DOWN	False	True	4.709548844259193
KCNJ13	1.90328076923077	0.0137696850158995	-4.80867044334975	1.9637811719806803e-67	NS	DOWN	False	True	6.71195121258052
KCNJ14	0.548146153846154	0.158443076455221	-1.11538768472906	4.25612520442957e-33	NS	DOWN	False	True	1.6635338385752139
KCNJ15	0.689034615384615	0.245639286006276	2.76923251231527	5.36187067503156e-88	NS	UP	False	True	-2.080197896930655
KCNJ16	1.74734230769231	0.0388406563256385	1.0568236453202	4.32104542974407e-06	NS	UP	False	True	0.69051866237211
KCNJ18	-1.24433076923077	0.305325900707056	-11.8728118226601	4.44739960358778e-263	NS	DOWN	False	True	10.628481053429331
KCNJ3	-0.556411538461536	0.492759070136191	-3.10810197044335	7.27354044648226e-38	NS	DOWN	False	True	2.551690431981814
KCNJ4	-0.495150000000002	0.669594579034377	-5.75463645320196	2.2338038415339602e-95	NS	DOWN	False	True	5.2594864532019585
KCNJ5	0.70418076923077	0.147529327766113	-2.67508275862069	6.93676957757292e-38	NS	DOWN	False	True	3.3792635278514602
KCNJ6	0.596326923076928	0.370544583971971	4.42456699507388	1.33543904664982e-85	NS	UP	False	True	-3.8282400719969516
KCNJ8	1.18266153846154	0.0011116730746803	2.37821428571428	8.17094013226093e-95	NS	UP	False	True	-1.19555274725274
KCNJ9	2.22399615384616	0.0011070922928218	-1.52804975369458	5.0714351333015804e-15	NS	DOWN	False	True	3.75204590754074
KCNK1	2.55905	0.0107787857368339	-1.64409852216749	1.60895962557084e-84	NS	DOWN	False	True	4.20314852216749
KCNK10	2.42964615384616	0.0157723280011157	-4.23240344827586	1.0886461170097501e-65	NS	DOWN	False	True	6.6620496021220195
KCNK12	0.933388461538462	0.273169821550787	-2.46875320197044	8.90710967153677e-46	NS	DOWN	False	True	3.402141663508902
KCNK13	1.83880769230769	0.0083612284323312	-4.36331576354679	1.04242686945493e-70	NS	DOWN	False	True	6.20212345585448
KCNK17	1.60813846153846	0.0337223434563931	-1.53085960591133	1.8567552803790201e-09	NS	DOWN	False	True	3.1389980674497897
KCNK2	1.37516538461538	0.104031267184547	6.08235123152709	1.43578055190212e-237	NS	UP	False	True	-4.70718584691171
KCNK3	0.85331923076923	0.189469225321289	-2.69025763546797	7.35184083278262e-45	NS	DOWN	False	True	3.5435768662372
KCNK5	1.4377	0.0044817599085535	-8.74336748768472	2.47392589488617e-180	NS	DOWN	False	True	10.18106748768472
KCNK6	0.697638461538462	0.181101684660698	-1.9245	1.85375442178159e-80	NS	DOWN	False	True	2.622138461538462
KCNK7	-0.0232346153846155	0.975397595720213	-10.1661344827586	2.663745707195e-193	NS	DOWN	False	True	10.142899867373986
KCNK9	1.9129	0.0815020744248366	-2.25773497536945	4.39107703726667e-14	NS	DOWN	False	True	4.17063497536945
KCNMB1	1.10557692307692	0.0033129819893346	-5.47948916256157	5.41041841272436e-134	NS	DOWN	False	True	6.5850660856384895
KCNMB3	1.08927307692308	0.0203228271393582	1.60318226600985	9.47797603387403e-59	NS	UP	False	True	-0.51390918908677
KCNN2	0.019334615384615	0.978614993069614	-6.53255665024629	2.74118277777548e-116	NS	DOWN	False	True	6.551891265630905
KCNN3	0.310665384615385	0.575401871806858	-3.69399310344827	3.74079555153368e-68	NS	DOWN	False	True	4.004658488063654
KCNN4	1.66173846153846	0.0121077853505154	-5.04803497536946	5.33496098403673e-157	NS	DOWN	False	True	6.70977343690792
KCNQ1	0.710715384615385	0.0278976349492664	-4.80867586206896	1.7135115312773797e-92	NS	DOWN	False	True	5.5193912466843456
KCNQ2	-0.570000000000001	0.681951219968229	-1.71573842364532	1.03898070312066e-10	NS	DOWN	False	True	1.145738423645319
KCNQ4	-0.410507692307692	0.580814986796404	-4.45360886699507	6.23957192562555e-125	NS	DOWN	False	True	4.043101174687378
KCNQ5	-0.111092307692308	0.928616158924724	1.60744778325123	6.19883234453406e-19	NS	UP	False	True	-1.718540090943538
KCNT1	0.435526923076924	0.541503624543802	-3.68864137931034	8.6900909412307e-79	NS	DOWN	False	True	4.124168302387264
KCNV1	0.664615384615388	0.304844682115298	-2.4892975369458	2.33179696094818e-33	NS	DOWN	False	True	3.153912921561188
KCNV2	2.01172692307692	0.0041641828661408	1.41393743842364	2.30297497862301e-17	NS	UP	False	True	0.5977894846532801
KCP	-1.83855384615385	0.0019898956602231	-1.95751527093596	1.91651293573445e-37	NS	DOWN	False	True	0.11896142478211003
KCTD10	0.622373076923076	0.0203680829410796	1.49203251231527	1.90255305636511e-136	NS	UP	False	True	-0.869659435392194
KCTD11	0.85771923076923	0.0227158607106196	-1.20472167487685	1.08067054773113e-69	NS	DOWN	False	True	2.06244090564608
KCTD14	1.81784615384615	0.05695973243709	1.28114778325123	1.43769248003125e-24	NS	UP	False	True	0.53669837059492
KCTD21	0.0991807692307689	0.787097216988061	2.16629753694581	5.370613612691e-163	NS	UP	False	True	-2.0671167677150413
KCTD7	0.475169230769232	0.163550894142315	1.62424088669951	3.92913738401382e-93	NS	UP	False	True	-1.1490716559302778
KCTD8	1.20175384615385	0.0847043802777519	-4.83189655172413	2.83530962207658e-73	NS	DOWN	False	True	6.03365039787798
KCTD9	1.37568076923077	0.0012574318501476	1.59170738916256	1.10867939859652e-134	NS	UP	False	True	-0.21602661993178995
KDELR1	0.0779115384615343	0.667459872786834	1.09937536945812	5.68058878972044e-91	NS	UP	False	True	-1.0214638309965858
KDELR2	0.703253846153848	0.0042855553235094	2.30944827586207	2.85696469249295e-241	NS	UP	False	True	-1.6061944297082218
KDELR3	0.420669230769231	0.235782935145085	5.21663990147783	4.5904502124769796e-192	NS	UP	False	True	-4.7959706707085985
KDF1	1.07513076923077	0.395157017315821	-6.30023497536946	3.46575117549094e-136	NS	DOWN	False	True	7.375365744600231
KDM2B	0.660042307692307	0.002763300934055	-1.24553645320197	4.65074436317563e-136	NS	DOWN	False	True	1.905578760894277
KDM4E	1.14832307692308	0.110040849423706	-2.41768866995073	5.9653183673183305e-21	NS	DOWN	False	True	3.5660117468738104
KDM6B	0.673211538461539	0.0045698344636177	-1.48954334975369	2.80755005605106e-89	NS	DOWN	False	True	2.162754888215229
KEL	0.788353846153847	0.144551736224753	-2.16125221674876	2.53214865546616e-22	NS	DOWN	False	True	2.949606062902607
KHDC1	-0.0280115384615385	0.964567400161815	3.04970935960591	2.65293902969033e-135	NS	UP	False	True	-3.0777208980674486
KHDC1L	0.669565384615387	0.621040557664533	3.58353645320196	5.09093113196688e-24	NS	UP	False	True	-2.913971068586573
KHDC3L	0.642596153846156	0.34595245275792	-2.75411921182266	2.36580302840796e-20	NS	DOWN	False	True	3.396715365668816
KHK	-0.180607692307692	0.593217589036961	-3.0832433497537	9.77733350710456e-167	NS	DOWN	False	True	2.9026356574460084
KIAA0319	0.686215384615386	0.348185593233675	-5.51024482758621	2.5034921369640497e-126	NS	DOWN	False	True	6.196460212201597
KIAA0408	1.89904230769231	0.0246009089748873	1.79333300492611	1.00757893547039e-67	NS	UP	False	True	0.10570930276619994
KIAA0513	0.437007692307691	0.219545139070552	-1.41204088669951	9.82669028811651e-84	NS	DOWN	False	True	1.849048579007201
KIAA1217	0.923334615384615	0.0447440658468881	-2.39265418719212	1.04275275413949e-102	NS	DOWN	False	True	3.315988802576735
KIAA1328	0.98418076923077	0.0009718125770907	-1.14946650246305	4.57257355637127e-92	NS	DOWN	False	True	2.13364727169382
KIAA1522	-0.0323576923076923	0.95081782713111	-5.00521330049262	6.96073120014884e-252	NS	DOWN	False	True	4.972855608184927
KIAA1549	1.19860769230769	0.102078745381743	1.74817290640394	7.01154342523641e-71	NS	UP	False	True	-0.5495652140962499
KIAA1549L	0.0112307692307687	0.985141802057667	2.57121822660099	3.0357277532052103e-112	NS	UP	False	True	-2.5599874573702213
KIAA1614	0.538634615384615	0.373015970389496	1.87785073891626	3.2629504558035804e-98	NS	UP	False	True	-1.3392161235316449
KIAA1671	0.535865384615385	0.148323101847155	-4.63138965517242	2.62821037870867e-203	NS	DOWN	False	True	5.167255039787805
KIAA1755	1.08175769230769	0.113328673892487	-1.65112512315271	2.18577761454043e-31	NS	DOWN	False	True	2.7328828154603997
KIAA1958	0.738807692307692	0.103264444726215	-1.30026206896552	3.91961550301734e-68	NS	DOWN	False	True	2.039069761273212
KIAA2012	2.29053846153847	0.0013605201628618	2.28497044334975	3.24613876640731e-20	NS	UP	False	True	0.005568018188719659
KIF11	0.708399999999999	0.0767062564502247	1.19589704433498	4.32415044948385e-27	NS	UP	False	True	-0.48749704433498087
KIF12	-0.254188461538461	0.793212511278837	-5.53105911330048	6.64557713119212e-84	NS	DOWN	False	True	5.276870651762019
KIF13B	1.10852692307692	0.0057136253659159	-2.50244334975369	4.17754560111664e-149	NS	DOWN	False	True	3.6109702728306097
KIF14	0.723353846153846	0.126564265939459	2.21138571428572	5.60852902490257e-45	NS	UP	False	True	-1.4880318681318738
KIF15	1.16799230769231	0.0197290607232254	1.00171034482759	6.14388022834725e-13	NS	UP	False	True	0.16628196286472008
KIF17	0.97685	0.164777024644265	-1.31625024630542	2.51289008243285e-47	NS	DOWN	False	True	2.29310024630542
KIF18A	1.56939230769231	0.002122551666843	2.26759064039409	2.27065832227024e-66	NS	UP	False	True	-0.69819833270178
KIF19	0.154411538461539	0.748352345931262	-6.216121182266	4.06004261803562e-119	NS	DOWN	False	True	6.370532720727539
KIF1A	-1.24043846153846	0.239669788290588	-3.86938719211822	6.60152129485158e-75	NS	DOWN	False	True	2.62894873057976
KIF20A	0.477219230769231	0.154495225050159	1.4675	9.784964124494489e-12	NS	UP	False	True	-0.990280769230769
KIF20B	1.12785769230769	0.0078925279919805	1.20451428571429	1.2638829217303899e-43	NS	UP	False	True	-0.07665659340660014
KIF21A	1.32419615384615	0.0051989019748829	-1.79082561576355	8.540247930269531e-120	NS	DOWN	False	True	3.1150217696097
KIF21B	0.705834615384616	0.0766806863945003	-2.37402364532019	1.73813450872239e-68	NS	DOWN	False	True	3.079858260704806
KIF22	-0.0666923076923087	0.729696030732045	-1.11527733990148	4.35138418895331e-60	NS	DOWN	False	True	1.0485850322091712
KIF23	0.500676923076922	0.217263853243494	2.31062906403941	4.81654044424188e-80	NS	UP	False	True	-1.809952140962488
KIF25	0.0371461538461535	0.971817053162996	-2.84373842364531	7.97380095173713e-24	NS	DOWN	False	True	2.8808845774914635
KIF26A	0.0911653846153853	0.878931608798513	-6.53682019704433	5.81298648865367e-152	NS	DOWN	False	True	6.627985581659715
KIF26B	1.34350384615385	0.0138340677071983	1.41976896551724	9.62976205697158e-26	NS	UP	False	True	-0.07626511936339009
KIF2A	1.38638461538462	0.0023785618649401	2.25285862068966	1.14636696018605e-175	NS	UP	False	True	-0.8664740053050399
KIF3B	0.805103846153848	0.0044170919662031	1.58590886699508	1.05545301242767e-146	NS	UP	False	True	-0.780805020841232
KIF3C	-0.449980769230771	0.216367677133087	2.00961231527093	1.35126908039232e-127	NS	UP	False	True	-2.459593084501701
KIF4A	0.349992307692308	0.361801808981093	1.78149802955665	5.16953330345429e-32	NS	UP	False	True	-1.431505721864342
KIF4B	0.484276923076924	0.490563242886426	1.38003399014778	7.23510074552876e-11	NS	UP	False	True	-0.8957570670708561
KIF5C	1.77527307692308	0.0140043306388902	-1.95811133004926	4.31418469333159e-68	NS	DOWN	False	True	3.7333844069723403
KIF6	0.0795346153846153	0.920884227257007	3.42093793103448	4.69298792622719e-84	NS	UP	False	True	-3.3414033156498646
KIF7	0.845946153846154	0.162714341116242	2.70222118226601	3.55433640162566e-162	NS	UP	False	True	-1.856275028419856
KIFBP	0.846765384615385	0.007878723455221	1.32840689655172	4.71256920705204e-147	NS	UP	False	True	-0.481641511936335
KIFC2	0.628703846153847	0.0158900261157458	-3.16966256157635	9.46957339428494e-190	NS	DOWN	False	True	3.798366407730197
KIN	0.473326923076923	0.0680376285550473	1.04316945812808	8.29449706127515e-77	NS	UP	False	True	-0.5698425350511569
KIR2DL3	0.0228346153846157	0.984422422820284	-1.21749064039409	1.81167702935922e-09	NS	DOWN	False	True	1.2403252557787057
KIR2DL4	0.629303846153846	0.542162682742306	-1.58125862068965	3.2911809081588397e-12	NS	DOWN	False	True	2.2105624668434958
KIR3DL1	-1.43918461538462	0.13110485787861	-1.41621330049261	8.39847498731817e-12	NS	DOWN	False	True	-0.022971314892009875
KIR3DL2	0.214700000000001	0.862086779751659	-1.17855862068966	5.879928058007e-10	NS	DOWN	False	True	1.393258620689661
KIRREL1	0.862842307692309	0.0100662199651245	4.13556896551724	1.5725324988824e-201	NS	UP	False	True	-3.2727266578249306
KIRREL2	1.49033846153846	0.102176752593648	2.74304137931034	2.07564422169734e-28	NS	UP	False	True	-1.2527029177718798
KISS1	0.0427500000000007	0.973070393361461	1.98592807881773	1.00869675048715e-06	NS	UP	False	True	-1.9431780788177293
KISS1R	1.70453846153846	0.0996987207231794	-2.87206354679803	7.70678793746643e-25	NS	DOWN	False	True	4.57660200833649
KIT	-1.63921923076923	0.0254885900588228	-5.84712807881773	8.391814773151e-123	NS	DOWN	False	True	4.2079088480485
KLB	0.697903846153847	0.375700639074512	-3.65898472906403	2.05437217597609e-95	NS	DOWN	False	True	4.3568885752178765
KLC3	-0.467588461538461	0.633815279588569	-10.675181773399	1.2740239596006899e-221	NS	DOWN	False	True	10.207593311860538
KLF11	0.82985	0.0136573890429843	-2.31714975369457	2.18291534825706e-93	NS	DOWN	False	True	3.14699975369457
KLF12	1.26557692307692	0.0012230492235382	2.77462709359606	7.00339989543904e-172	NS	UP	False	True	-1.50905017051914
KLF14	-0.407857692307693	0.720609142621997	-1.52090049261084	3.21679357718512e-13	NS	DOWN	False	True	1.113042800303147
KLF2	-0.0613807692307682	0.866631291283945	-2.5396645320197	1.0208595007028599e-81	NS	DOWN	False	True	2.478283762788932
KLF3	0.738388461538462	0.0103696185641445	-1.92911871921183	1.22634835583225e-161	NS	DOWN	False	True	2.667507180750292
KLF4	1.61116153846154	0.0023681138641443	-4.3220630541872	2.7045603172136803e-155	NS	DOWN	False	True	5.93322459264874
KLF5	1.96022692307692	0.0046617519346392	-4.70007586206897	1.20779821425421e-196	NS	DOWN	False	True	6.66030278514589
KLF8	1.41920384615385	0.0154747624910986	-3.99107339901478	1.6391400482150298e-187	NS	DOWN	False	True	5.41027724516863
KLHDC7A	0.547180769230771	0.454664280088593	-3.10337783251232	6.655817089341959e-42	NS	DOWN	False	True	3.650558601743091
KLHDC7B	0.563761538461539	0.377820183208199	-1.38702512315271	9.042698515517492e-09	NS	DOWN	False	True	1.950786661614249
KLHDC8B	-0.257538461538464	0.35934500633063	-1.69446157635468	1.4610902258919301e-133	NS	DOWN	False	True	1.436923114816216
KLHDC9	2.01898461538462	0.0635879660752695	-1.15396108374384	6.13381793127744e-23	NS	DOWN	False	True	3.17294569912846
KLHL10	0.994723076923081	0.242083102043446	1.35941083743842	8.50051778476506e-10	NS	UP	False	True	-0.3646877605153389
KLHL15	1.22365	0.00120873332768	1.17924384236453	8.2323092858234e-91	NS	UP	False	True	0.044406157635469956
KLHL22	-0.118853846153847	0.569062258461785	1.12383201970443	1.67358701612358e-112	NS	UP	False	True	-1.2426858658582771
KLHL23	1.67786153846154	0.001644708824147	1.068739408867	5.43367773893468e-33	NS	UP	False	True	0.6091221295945402
KLHL25	0.313530769230769	0.214818713325317	-1.32764926108374	8.93993718874658e-75	NS	DOWN	False	True	1.641180030314509
KLHL30	-0.464626923076922	0.652454667326633	-2.15516896551724	1.19097320305463e-37	NS	DOWN	False	True	1.6905420424403181
KLHL31	2.35277692307692	0.0042479886169677	-4.12286600985221	5.26632173825976e-136	NS	DOWN	False	True	6.47564293292913
KLHL32	1.00401923076923	0.165078298654015	-1.01217586206896	0.0002042106590746	NS	DOWN	False	True	2.01619509283819
KLHL33	1.10753846153847	0.123666776509533	1.14095812807881	2.75862014353728e-05	NS	UP	False	True	-0.0334196665403399
KLHL34	0.257261538461541	0.826661287326898	-1.64400640394088	3.64992384196024e-13	NS	DOWN	False	True	1.9012679424024208
KLHL38	-0.565338461538462	0.458871286177082	2.68225812807881	1.27512226304843e-39	NS	UP	False	True	-3.247596589617272
KLHL4	2.20823846153846	0.0220227215448422	2.16242709359605	3.47190454240661e-29	NS	UP	False	True	0.04581136794240992
KLHL40	-0.621630769230769	0.450052133171921	-2.32959901477833	4.81635267845589e-19	NS	DOWN	False	True	1.707968245547561
KLHL42	0.789234615384617	0.0051456373427665	1.17077733990148	9.37868236876136e-90	NS	UP	False	True	-0.381542724516863
KLHL6	0.527457692307693	0.318164441549317	-5.62902019704433	2.4820111698753997e-123	NS	DOWN	False	True	6.156477889352023
KLK1	-0.165719230769231	0.881742840587044	-8.87529113300493	2.84396701059959e-175	NS	DOWN	False	True	8.7095719022357
KLK10	-0.16618076923077	0.921558022091098	-7.50930295566503	2.08947568139205e-126	NS	DOWN	False	True	7.343122186434259
KLK11	0.73643076923077	0.722991819074207	-11.0459625615764	1.51239744222584e-210	NS	DOWN	False	True	11.78239333080717
KLK12	0.36858461538462	0.84960798989973	-5.07158817733989	8.146457482934221e-52	NS	DOWN	False	True	5.44017279272451
KLK13	-0.338823076923077	0.843651674334663	-6.93614039408867	8.03948289236075e-137	NS	DOWN	False	True	6.597317317165593
KLK14	1.03401153846154	0.372229763063443	-5.75970147783251	6.5683156298126306e-111	NS	DOWN	False	True	6.79371301629405
KLK15	-0.695665384615387	0.468656807743856	-5.53267536945812	4.46303879378632e-89	NS	DOWN	False	True	4.837009984842734
KLK2	0.215007692307695	0.882544815117798	-1.54501773399015	6.39876389959496e-06	NS	DOWN	False	True	1.7600254262978452
KLK3	-0.270469230769228	0.800625039928296	-1.64710197044335	1.20181230668559e-05	NS	DOWN	False	True	1.376632739674122
KLK4	-2.03443461538462	0.0527888358855564	-5.92379261083743	1.42603018645584e-74	NS	DOWN	False	True	3.8893579954528104
KLK5	0.818192307692308	0.695321755204212	-8.16163793103448	1.87082628360562e-144	NS	DOWN	False	True	8.97983023872679
KLK6	-0.184007692307692	0.92191831504635	-3.44018522167488	1.1263013102417401e-31	NS	DOWN	False	True	3.256177529367188
KLK7	0.289073076923077	0.900318953039939	-8.64750591133005	2.67757734438793e-152	NS	DOWN	False	True	8.936578988253128
KLK8	-0.164984615384615	0.944680821153021	-10.1876812807882	1.3574319361912e-128	NS	DOWN	False	True	10.022696665403585
KLK9	0.0529192307692297	0.974543570217485	-4.9615093596059	1.02095761599475e-37	NS	DOWN	False	True	5.01442859037513
KLLN	1.22302692307692	0.0787823712680629	1.30685270935961	4.30470690033247e-60	NS	UP	False	True	-0.0838257862826901
KLRB1	1.31323846153846	0.0262997483413867	-5.36292807881772	4.10443398375216e-82	NS	DOWN	False	True	6.67616654035618
KLRC1	1.70973846153846	0.0693944319713314	-1.03117980295567	0.0009808525170291	NS	DOWN	False	True	2.7409182644941303
KLRC2	1.13148846153846	0.268505262927533	3.8555802955665	5.844933745398e-28	NS	UP	False	True	-2.72409183402804
KLRC3	1.91847692307693	0.112886598067857	1.8428039408867	1.590386987712e-09	NS	UP	False	True	0.07567298219023
KLRC4	2.82680000000001	0.0129783085815901	-1.93367389162561	1.60362808822636e-08	NS	DOWN	False	True	4.760473891625621
KLRC4-KLRK1	2.96956153846154	0.0117193229986929	-1.45768078817734	5.82212953798754e-05	NS	DOWN	False	True	4.42724232663888
KLRF1	-0.0064653846153843	0.994865980408346	-1.62962068965517	6.00765158566425e-11	NS	DOWN	False	True	1.6231553050397856
KLRF2	1.02690000000001	0.0448939896660715	-5.33019261083743	5.87944331940289e-69	NS	DOWN	False	True	6.35709261083744
KLRG1	0.812996153846154	0.0574937297376905	2.93295467980296	2.60098865094779e-46	NS	UP	False	True	-2.119958525956806
KLRG2	0.183234615384615	0.846131687252938	-7.69813054187191	1.57815956112184e-130	NS	DOWN	False	True	7.881365157256525
KMO	1.36244615384615	0.0132989621013457	1.71273990147783	1.34635156637634e-19	NS	UP	False	True	-0.35029374763167986
KMT2B	0.179015384615385	0.27021299426056	-1.29243201970443	1.1836670662891e-104	NS	DOWN	False	True	1.471447404319815
KMT5C	0.504638461538462	0.0126187337125367	-1.65667093596059	3.97989769541838e-111	NS	DOWN	False	True	2.161309397499052
KNL1	1.03777692307692	0.0127440974875019	1.50246108374384	3.7374849996039e-21	NS	UP	False	True	-0.46468416066691987
KNSTRN	0.573653846153847	0.0683900780227005	1.21128719211823	3.49030332222049e-47	NS	UP	False	True	-0.637633345964383
KPLCE	0.604765384615388	0.751448563089577	-13.9416270935961	6.031208109818709e-178	NS	DOWN	False	True	14.546392478211487
KPNA1	0.533676923076924	0.103430926544768	1.17688374384236	1.5049092335867e-65	NS	UP	False	True	-0.643206820765436
KPNA2	-0.223534615384615	0.488376494713919	2.26479901477832	8.87800020390561e-111	NS	UP	False	True	-2.488333630162935
KPNA7	0.0467000000000013	0.965284977486469	-1.55517733990148	3.5073419249424603e-10	NS	DOWN	False	True	1.6018773399014814
KPNB1	0.679903846153845	0.0213011854619633	1.50698522167488	1.2297679498364502e-145	NS	UP	False	True	-0.827081375521035
KPRP	0.160534615384617	0.937917349704051	-11.986057635468	9.92707882969019e-197	NS	DOWN	False	True	12.146592250852617
KREMEN1	0.762773076923077	0.0150958175116667	-1.44956059113301	4.72487234867791e-82	NS	DOWN	False	True	2.212333668056087
KRT1	0.563576923076923	0.829963611636188	-13.0168842364532	1.4338134795304299e-276	NS	DOWN	False	True	13.580461159530122
KRT10	0.515892307692308	0.581513473098776	-9.41619113300493	2.40539e-316	NS	DOWN	False	True	9.932083440697237
KRT12	2.22463076923078	0.0811741152111273	-4.40789211822659	8.78004522917855e-61	NS	DOWN	False	True	6.63252288745737
KRT14	1.16756538461539	0.589925545235117	-10.5387172413793	8.288499149133479e-250	NS	DOWN	False	True	11.70628262599469
KRT15	1.66389615384615	0.302770879536265	-8.92754482758621	2.99537902307802e-215	NS	DOWN	False	True	10.59144098143236
KRT16	0.861096153846154	0.736709651390413	-6.46148078817734	2.6812322400998e-120	NS	DOWN	False	True	7.3225769420234945
KRT17	0.877926923076923	0.656431289073572	-6.21685369458129	8.20716104935062e-151	NS	DOWN	False	True	7.094780617658213
KRT18	1.42604230769231	0.0319166122287781	-1.96784482758621	2.0784509854634e-32	NS	DOWN	False	True	3.3938871352785203
KRT19	1.45107307692308	0.214338265414631	-4.4856157635468	1.25008306285675e-86	NS	DOWN	False	True	5.9366888404698805
KRT2	1.31460769230769	0.433135066082233	-13.0573911330049	4.19087472464435e-192	NS	DOWN	False	True	14.371998825312591
KRT20	0.311219230769233	0.673628201398543	-3.28813497536945	6.1859635036631896e-30	NS	DOWN	False	True	3.599354206138683
KRT222	-0.257503846153845	0.799168582410068	-1.1044842364532	0.0002943472573749	NS	DOWN	False	True	0.8469803902993549
KRT23	0.709626923076924	0.526011215664821	-8.46155615763547	1.58908591243765e-187	NS	DOWN	False	True	9.171183080712394
KRT25	-0.795665384615384	0.35573603083836	-5.0754527093596	6.782917508604669e-26	NS	DOWN	False	True	4.279787324744216
KRT26	-0.117246153846153	0.815540432336114	-2.72497192118226	1.3818560932620801e-14	NS	DOWN	False	True	2.607725767336107
KRT27	0.672961538461537	0.59519366873355	-8.03662315270935	1.18505120302527e-80	NS	DOWN	False	True	8.709584691170887
KRT28	-0.540349999999998	0.448381152498591	-3.4563275862069	1.74364249630755e-17	NS	DOWN	False	True	2.915977586206902
KRT3	-0.653457692307693	0.549636526444252	-6.74505369458127	7.21999848756057e-159	NS	DOWN	False	True	6.091596002273577
KRT31	1.49607307692308	0.261985135688479	-11.806057635468	2.83181273903227e-160	NS	DOWN	False	True	13.30213071239108
KRT32	1.02230384615385	0.316186498854842	-7.36665467980295	1.38903774954242e-89	NS	DOWN	False	True	8.3889585259568
KRT33A	0.0284538461538482	0.969797120568746	-4.38197389162561	7.5285845056120595e-28	NS	DOWN	False	True	4.410427737779458
KRT33B	0.217346153846155	0.778308427558083	-1.54478177339901	0.0008845777347758	NS	DOWN	False	True	1.7621279272451649
KRT35	-0.406265384615384	0.577562527331285	-5.43083546798029	1.9546235882331501e-35	NS	DOWN	False	True	5.024570083364906
KRT36	-0.0756192307692274	0.935272472883317	-2.94678374384236	8.487658788439781e-19	NS	DOWN	False	True	2.8711645130731327
KRT37	0.296392307692312	0.758073964407063	-3.32542068965517	4.18243238017894e-28	NS	DOWN	False	True	3.621812997347482
KRT38	-0.245165384615385	0.693983925316406	-2.71289014778324	4.38884657989885e-13	NS	DOWN	False	True	2.467724763167855
KRT39	1.5539076923077	0.071213529499149	-6.12089261083743	5.71909946782203e-71	NS	DOWN	False	True	7.67480030314513
KRT40	-0.55674615384615	0.364754437490971	-6.01339064039407	5.51858853140484e-88	NS	DOWN	False	True	5.456644486547919
KRT5	0.826203846153846	0.720027247459104	-10.029015270936	1.6233890703733599e-255	NS	DOWN	False	True	10.855219117089845
KRT6A	0.866311538461537	0.733547630419657	-5.71673743842364	2.3932403711237302e-113	NS	DOWN	False	True	6.583048976885177
KRT6B	0.999134615384616	0.630186769272254	-6.6790354679803	6.10468949209192e-115	NS	DOWN	False	True	7.678170083364916
KRT6C	0.250773076923076	0.932499970086707	-5.01555073891625	1.5055497743105602e-58	NS	DOWN	False	True	5.266323815839326
KRT71	-0.833126923076922	0.358985155415368	-7.30004236453201	1.14190331324354e-64	NS	DOWN	False	True	6.466915441455088
KRT72	0.301384615384617	0.760510823416961	-11.3159674876847	2.52054682069391e-204	NS	DOWN	False	True	11.617352103069317
KRT73	-0.184165384615381	0.841264218383448	-12.421102955665	8.233184721079619e-230	NS	DOWN	False	True	12.23693757104962
KRT74	-0.7131	0.449880401211138	-8.99282610837437	4.83537001455199e-161	NS	DOWN	False	True	8.27972610837437
KRT75	1.76183461538462	0.360390924863666	-5.41352068965517	2.50721243996061e-41	NS	DOWN	False	True	7.1753553050397905
KRT76	0.824376923076926	0.219707353100734	-1.08735566502463	1.81297159799224e-10	NS	DOWN	False	True	1.911732588101556
KRT77	0.490684615384619	0.747885233604207	-13.5661704433497	8.210637718543061e-214	NS	DOWN	False	True	14.05685505873432
KRT78	0.347665384615385	0.86180289548045	-10.2633137931034	2.3976508799744e-199	NS	DOWN	False	True	10.610979177718786
KRT79	-0.0184346153846149	0.991385859604128	-11.4322571428571	1.16409466900419e-152	NS	DOWN	False	True	11.413822527472485
KRT8	1.58824615384615	0.0107631012562873	-1.35897536945813	1.08952799563734e-21	NS	DOWN	False	True	2.9472215233042798
KRT80	1.03467307692308	0.326065739969532	-7.64407192118227	3.31992924585519e-236	NS	DOWN	False	True	8.678744998105351
KRT81	1.04791538461539	0.242272954540432	-1.1575118226601	0.00095126315566	NS	DOWN	False	True	2.20542720727549
KRT82	-0.755265384615383	0.339075067773243	-4.00109408866995	2.07498036736948e-26	NS	DOWN	False	True	3.245828704054567
KRT83	0.507353846153849	0.527301892612736	-4.36134926108374	1.61966794788782e-25	NS	DOWN	False	True	4.8687031072375895
KRT84	-0.0014461538461487	0.999850600248417	-4.08209901477832	4.2834129072357303e-39	NS	DOWN	False	True	4.0806528609321715
KRT85	0.642988461538465	0.557479505104244	-5.19141428571428	5.92812210089946e-28	NS	DOWN	False	True	5.834402747252745
KRT9	0.232984615384618	0.87166293152917	-9.331121182266	9.24886685088805e-184	NS	DOWN	False	True	9.564105797650617
KRTAP1-1	1.49948461538462	0.0288798364157563	1.72929999999999	9.81452125787147e-05	NS	UP	False	True	-0.2298153846153701
KRTAP1-3	0.408715384615389	0.2835636975363	-5.13183645320197	2.26257286408174e-29	NS	DOWN	False	True	5.540551837817359
KRTAP1-4			-1.20294926108374	1.04454261614168e-05	NS	DOWN	False	True	
KRTAP1-5	0.635338461538464	0.484658196653125	5.29191428571429	4.5491943045279404e-45	NS	UP	False	True	-4.6565758241758255
KRTAP10-1	0.337869230769234	0.309973165604425	-2.6699842364532	6.16980326136348e-13	NS	DOWN	False	True	3.007853467222434
KRTAP10-10	-0.190546153846153	0.526062691647954	-2.87451477832512	1.03002954484629e-12	NS	DOWN	False	True	2.683968624478967
KRTAP10-11	0.190546153846158	0.526062691647954	-2.38492068965517	5.51287135472084e-11	NS	DOWN	False	True	2.575466843501328
KRTAP10-12			-2.35421724137931	2.39771645179958e-10	NS	DOWN	False	True	
KRTAP10-2	0.100892307692307	0.8355774700035	-4.06856305418718	1.06594147861595e-24	NS	DOWN	False	True	4.169455361879487
KRTAP10-3	0.41865384615385	0.281568344920412	-3.40922709359605	4.84787118529733e-17	NS	DOWN	False	True	3.8278809397499
KRTAP10-4			-2.30780246305418	1.3785158031627e-10	NS	DOWN	False	True	
KRTAP10-5	-0.190546153846153	0.526062691647954	-2.78848275862069	1.28084766981248e-12	NS	DOWN	False	True	2.597936604774537
KRTAP10-6			-2.11505960591132	4.8585546490642495e-11	NS	DOWN	False	True	
KRTAP10-7	0.16893461538462	0.548031067305774	-2.78199556650246	6.75638000814879e-13	NS	DOWN	False	True	2.9509301818870797
KRTAP10-8			-2.02238620689655	3.6089929447578604e-09	NS	DOWN	False	True	
KRTAP10-9	1.77635683940025e-15	1.0	-2.35980098522167	2.56422087848425e-10	NS	DOWN	False	True	2.3598009852216717
KRTAP11-1	-0.101569230769229	0.911876067717561	-6.59128965517241	7.74648588657025e-46	NS	DOWN	False	True	6.489720424403181
KRTAP12-1			-3.40534778325122	9.369389801070279e-16	NS	DOWN	False	True	
KRTAP12-2	0.451869230769235	0.276232816194213	-3.26958768472906	8.86109174457282e-16	NS	DOWN	False	True	3.7214569154982953
KRTAP12-3	0.250300000000005	0.483800277501409	-2.04918275862069	2.22483842692947e-09	NS	DOWN	False	True	2.299482758620695
KRTAP13-1	-0.660761538461539	0.240584759380983	-2.15774581280788	6.0697269797301e-11	NS	DOWN	False	True	1.496984274346341
KRTAP13-2	-1.35548846153846	0.262754802055055	-2.11389753694581	9.02938251134735e-09	NS	DOWN	False	True	0.7584090754073503
KRTAP16-1	-0.154665384615384	0.754683167647756	-2.62226945812808	2.1515442781569598e-11	NS	DOWN	False	True	2.467604073512696
KRTAP17-1	1.37555	0.0611933323158601	-4.12291231527093	1.62290600536649e-22	NS	DOWN	False	True	5.498462315270929
KRTAP19-3	-0.914938461538462	0.136064680395746	-2.44007536945813	7.283160900561869e-11	NS	DOWN	False	True	1.5251369079196682
KRTAP19-5	-0.236992307692304	0.762170553943638	-2.9796842364532	7.71236120296492e-14	NS	DOWN	False	True	2.742691928760896
KRTAP2-1	0.698542307692312	0.146854121462412	-2.70040689655172	6.2065931058496e-08	NS	DOWN	False	True	3.398949204244032
KRTAP2-3	-0.345311538461537	0.808925098556138	6.56657487684728	3.59087762519706e-50	NS	UP	False	True	-6.9118864153088175
KRTAP2-4			-3.3328960591133	8.73215680812856e-14	NS	DOWN	False	True	
KRTAP20-2	-0.248630769230768	0.665241194550198	-2.02857438423645	1.83364125692657e-12	NS	DOWN	False	True	1.7799436150056822
KRTAP21-1	0.218169230769234	0.503417163060382	-1.47463793103448	4.0686404666205794e-11	NS	DOWN	False	True	1.692807161803714
KRTAP21-2	-0.56402692307692	0.500569530166092	-2.72193103448275	2.3913659513123302e-17	NS	DOWN	False	True	2.15790411140583
KRTAP24-1	0.133053846153851	0.599254763788079	-2.04032266009852	3.62740884706376e-10	NS	DOWN	False	True	2.173376506252371
KRTAP26-1	-0.190546153846153	0.526062691647954	-2.78971280788177	3.09088752527493e-12	NS	DOWN	False	True	2.599166654035617
KRTAP29-1	0.233996153846158	0.706402621570147	-2.37099999999999	1.15122915785433e-15	NS	DOWN	False	True	2.6049961538461477
KRTAP3-1	-0.278399999999998	0.470136917724831	-5.14108325123152	1.0921340114457601e-23	NS	DOWN	False	True	4.862683251231522
KRTAP3-2	-0.234315384615384	0.774934799769943	-6.63825763546797	1.50882258931764e-51	NS	DOWN	False	True	6.4039422508525865
KRTAP3-3	-0.652692307692307	0.154362412040806	-6.39525172413791	1.20236987714095e-43	NS	DOWN	False	True	5.742559416445602
KRTAP4-1	-0.3299	0.719538784286881	-3.04264384236453	2.87902017270379e-13	NS	DOWN	False	True	2.7127438423645303
KRTAP4-11	-0.359480769230768	0.300923136005066	-2.4013921182266	2.3531542110068297e-11	NS	DOWN	False	True	2.041911348995832
KRTAP4-12	-0.120376923076922	0.866969825916873	-3.01728719211822	2.5895828938483e-12	NS	DOWN	False	True	2.8969102690412982
KRTAP4-2	-0.278399999999998	0.470136917724831	-2.63799162561576	3.28181657211627e-10	NS	DOWN	False	True	2.359591625615762
KRTAP4-3	-0.243842307692306	0.487547084769552	-3.26709852216748	8.25288208730241e-17	NS	DOWN	False	True	3.023256214475174
KRTAP4-4	0.16893461538462	0.548031067305774	-3.30661773399014	5.63026088064646e-17	NS	DOWN	False	True	3.4755523493747598
KRTAP4-5			-2.75264926108374	2.62624823367185e-13	NS	DOWN	False	True	
KRTAP4-6			-3.78837290640393	1.96519846989195e-19	NS	DOWN	False	True	
KRTAP4-7	-0.28845769230769	0.466262774202143	-3.93497142857142	7.19888745521665e-18	NS	DOWN	False	True	3.64651373626373
KRTAP4-8	-0.323599999999999	0.323012152336069	-2.34530492610837	2.305089732711e-08	NS	DOWN	False	True	2.021704926108371
KRTAP4-9			-2.14446009852217	2.66103386599444e-06	NS	DOWN	False	True	
KRTAP5-1	1.0523	0.360998411956303	-5.11460147783251	3.0669795364701097e-49	NS	DOWN	False	True	6.16690147783251
KRTAP5-10	0.68955	0.498791495467496	-4.13083596059112	1.53679768538175e-34	NS	DOWN	False	True	4.8203859605911195
KRTAP5-11	-0.198969230769229	0.692880567432141	-2.41407438423645	1.24400143316435e-12	NS	DOWN	False	True	2.215105153467221
KRTAP5-2	-1.493	0.253013431691878	-4.11285221674876	6.0505942013776895e-28	NS	DOWN	False	True	2.6198522167487592
KRTAP5-3	0.521319230769235	0.322533458992175	-4.11525862068965	2.9757787655033497e-28	NS	DOWN	False	True	4.636577851458885
KRTAP5-4	0.63944230769231	0.456218996633332	-5.06729408866994	9.16372543115039e-50	NS	DOWN	False	True	5.70673639636225
KRTAP5-5	0.0205307692307706	0.974181200228881	-3.84827093596058	7.95781335324606e-29	NS	DOWN	False	True	3.8688017051913506
KRTAP5-6	0.681696153846156	0.258248702174475	-1.40749064039408	1.4801530759938e-07	NS	DOWN	False	True	2.089186794240236
KRTAP5-7	0.635300000000003	0.411582956417711	-1.74055615763547	3.3455413731796e-07	NS	DOWN	False	True	2.375856157635473
KRTAP5-8	0.950176923076929	0.289692236052382	-1.83827044334975	1.14175242186536e-09	NS	DOWN	False	True	2.788447366426679
KRTAP5-9	1.04475384615385	0.297198623984207	-2.23533793103448	9.15014601046669e-25	NS	DOWN	False	True	3.2800917771883302
KRTAP6-1	-0.274599999999998	0.471805143658397	-1.10673004926108	8.28232047836169e-06	NS	DOWN	False	True	0.8321300492610821
KRTAP7-1	-0.13113076923077	0.883717057409519	-3.33655566502462	7.84629102257705e-17	NS	DOWN	False	True	3.20542489579385
KRTAP8-1	0.464638461538465	0.268027840309327	-3.62723152709359	3.2207224808115597e-18	NS	DOWN	False	True	4.091869988632055
KRTAP9-2	-3.2215	0.0051667270102256	-3.44154433497537	9.58823835636636e-16	NS	DOWN	False	True	0.22004433497537024
KRTAP9-3			-4.00799704433497	6.58216565549029e-20	NS	DOWN	False	True	
KRTAP9-4	-0.0118884615384616	0.987898354588724	-3.78687536945812	2.22960473663259e-18	NS	DOWN	False	True	3.7749869079196583
KRTAP9-6	-0.190546153846153	0.526062691647954	-1.02273990147783	1.77852750531175e-05	NS	DOWN	False	True	0.832193747631677
KRTAP9-7	0.190546153846158	0.526062691647954	-1.89695911330049	5.00262014611762e-09	NS	DOWN	False	True	2.087505267146648
KRTAP9-8	0.535807692307696	0.468945482319618	-3.55479211822659	2.61401993737128e-16	NS	DOWN	False	True	4.090599810534286
KRTAP9-9	0.218169230769234	0.503417163060382	-2.80831822660098	1.0156170607805199e-12	NS	DOWN	False	True	3.026487457370214
KRTCAP3	1.10099615384615	0.202722861180366	-4.16739162561576	8.75238250350841e-225	NS	DOWN	False	True	5.268387779461911
KRTDAP	1.0663	0.64068879621776	-12.1855068965517	1.3187048842497699e-255	NS	DOWN	False	True	13.2518068965517
KSR2	1.9243076923077	0.0072536110567209	-2.41594285714286	4.49875716265606e-31	NS	DOWN	False	True	4.34025054945056
KTI12	0.310769230769232	0.222472773820933	1.75498128078818	2.92558752582085e-126	NS	UP	False	True	-1.444212050018948
KY	-0.764142307692307	0.475420293747366	-5.96402068965517	2.3181441114020798e-122	NS	DOWN	False	True	5.199878381962863
KYNU	0.328692307692308	0.604508023651484	1.98121871921182	8.232377941993229e-43	NS	UP	False	True	-1.652526411519512
L1CAM	-1.97857692307692	0.0115695247957515	-3.97906157635468	2.35202545150129e-119	NS	DOWN	False	True	2.00048465327776
L1TD1	2.12465384615385	0.0068748862576612	1.40834285714286	2.47833015135264e-06	NS	UP	False	True	0.71631098901099
L3MBTL1	1.21915384615385	0.0062917798077825	-1.37195123152709	3.1335385778875197e-78	NS	DOWN	False	True	2.59110507768094
L3MBTL4	2.06088461538462	0.0066187651637387	-4.80432660098522	2.87453968501982e-118	NS	DOWN	False	True	6.86521121636984
LACRT			-4.80340049261083	1.38694660649141e-43	NS	DOWN	False	True	
LACTB	0.497176923076924	0.16984289816714	1.63574679802955	2.4185886084343696e-128	NS	UP	False	True	-1.1385698749526258
LACTB2	1.01590769230769	0.0061390133099782	1.8247748768473	3.5149027584103596e-128	NS	UP	False	True	-0.80886718453961
LAD1	0.369319230769231	0.729893022020466	-10.0410142857143	4.63242448648979e-258	NS	DOWN	False	True	10.410333516483531
LAG3	0.724357692307692	0.290809491004047	-1.06328768472907	5.9382153638496396e-18	NS	DOWN	False	True	1.787645377036762
LAIR1	1.02496153846154	0.0226104891049993	-5.47531773399014	1.3680712831053199e-83	NS	DOWN	False	True	6.50027927245168
LAMA1	-1.05787692307692	0.082442144958853	4.22863645320197	4.4658057275626e-157	NS	UP	False	True	-5.28651337627889
LAMA3	1.11416538461538	0.0722915597937564	-3.91252906403941	1.81676011456499e-128	NS	DOWN	False	True	5.02669444865479
LAMA5	0.430776923076923	0.309837049334782	-5.37232857142857	1.5708397071234802e-211	NS	DOWN	False	True	5.803105494505493
LAMB3	0.788403846153846	0.185495791100952	-3.14337093596059	3.64584762206432e-143	NS	DOWN	False	True	3.9317747821144358
LAMB4	1.23046538461539	0.112042591312221	-6.95785960591133	4.86596837883955e-206	NS	DOWN	False	True	8.18832499052672
LAMC3	0.0193538461538463	0.97977133892322	-6.00926896551724	8.3656725276138e-173	NS	DOWN	False	True	6.028622811671086
LAMP2	0.969053846153849	0.0044868641217318	1.26130344827587	5.79442917922021e-133	NS	UP	False	True	-0.292249602122021
LAMP5	1.84202307692308	0.0058791143445385	-4.24596453201969	1.0283025675095801e-52	NS	DOWN	False	True	6.08798760894277
LAMTOR4	-0.0860538461538445	0.620904421660388	-1.8606724137931	1.80625934685583e-160	NS	DOWN	False	True	1.7746185676392556
LANCL3	1.91022307692308	0.0074544920094857	-4.0257881773399	4.1036257392162995e-87	NS	DOWN	False	True	5.936011254262979
LAPTM4A	0.834830769230767	0.0013676429595744	1.13197881773399	3.43164746618636e-130	NS	UP	False	True	-0.29714804850322296
LAPTM5	0.899765384615384	0.0370300037486176	-4.02396157635468	5.469727944499789e-156	NS	DOWN	False	True	4.923726960970065
LARGE2	1.27381153846154	0.181182168374561	-10.7616655172414	1.17066548089448e-161	NS	DOWN	False	True	12.035477055702941
LARP6	1.5975	0.0010194145620563	2.93160935960591	4.1829460657823e-148	NS	UP	False	True	-1.33410935960591
LARS1	0.952496153846153	0.0002580041609735	1.23759753694581	2.57930887205054e-115	NS	UP	False	True	-0.28510138309965705
LARS2	0.246773076923076	0.440997596033908	1.08478522167487	2.88853899010362e-83	NS	UP	False	True	-0.8380121447517939
LASP1	0.290423076923075	0.213902834738071	2.41945123152708	9.19527769408024e-206	NS	UP	False	True	-2.129028154604005
LAT2	1.24767692307692	0.002198562486904	-1.3021881773399	3.94115703527755e-61	NS	DOWN	False	True	2.5498651004168202
LATS2	0.372657692307691	0.283140864488533	2.24661231527094	4.5590775455094e-151	NS	UP	False	True	-1.8739546229632489
LAX1	1.91723076923077	0.0154281461904596	-4.14511280788177	5.2595182025761704e-61	NS	DOWN	False	True	6.062343577112539
LBHD1	0.934476923076924	0.0001315181018988	1.22790985221675	3.61382026868938e-66	NS	UP	False	True	-0.293432929139826
LBP	-0.797573076923078	0.497461203208683	1.55924975369458	1.88171414726986e-07	NS	UP	False	True	-2.356822830617658
LBX2	0.223269230769231	0.716053565390832	3.32522660098522	2.4706182377836e-50	NS	UP	False	True	-3.101957370215989
LCE1A	-0.383765384615383	0.861367224838206	-13.9083384236453	1.2367996053709799e-147	NS	DOWN	False	True	13.524573039029917
LCE1B	0.265434615384619	0.891881266201872	-13.0894876847291	3.0903228845374198e-158	NS	DOWN	False	True	13.354922300113719
LCE1C	0.617092307692309	0.778308427558083	-13.9485344827586	4.3182578946089896e-160	NS	DOWN	False	True	14.565626790450908
LCE1D	1.98457692307693	0.251944029561549	-12.4299315270936	1.40169802788051e-107	NS	DOWN	False	True	14.41450845017053
LCE1E	1.28926153846154	0.420577922673617	-11.3829206896552	3.99138224883726e-137	NS	DOWN	False	True	12.67218222811674
LCE1F	-0.208815384615383	0.923393828485608	-12.3719285714286	5.39677087586961e-118	NS	DOWN	False	True	12.163113186813217
LCE2A	-1.12477692307692	0.318164441549317	-9.23874285714286	5.90102291993858e-94	NS	DOWN	False	True	8.11396593406594
LCE2B	-0.0368384615384585	0.988051599048592	-13.304181773399	2.18209369445122e-140	NS	DOWN	False	True	13.267343311860541
LCE2C	0.0977230769230797	0.968145511089328	-12.9069586206897	1.50704237257056e-133	NS	DOWN	False	True	13.00468169761278
LCE2D	0.165700000000004	0.937499576556607	-13.2254896551724	6.69045595030083e-147	NS	DOWN	False	True	13.391189655172404
LCE3A	0.322765384615391	0.876769014754395	-2.95084285714286	2.15990260418525e-16	NS	DOWN	False	True	3.273608241758251
LCE3C	0.546246153846157	0.665943746569744	-3.65172709359605	6.29131226026857e-26	NS	DOWN	False	True	4.197973247442207
LCE3D	-0.0351692307692306	0.989646494961943	-9.52487684729064	1.61711021042043e-98	NS	DOWN	False	True	9.48970761652141
LCE3E	-0.872103846153844	0.698831753351566	-10.1381014778325	1.5446327783905402e-117	NS	DOWN	False	True	9.265997631678655
LCE4A	-0.134819230769229	0.921386228110486	-8.95862019704432	1.68006720280555e-116	NS	DOWN	False	True	8.82380096627509
LCE5A	-0.571980769230768	0.688076154081543	-13.0271906403941	2.34680924144148e-154	NS	DOWN	False	True	12.455209871163332
LCE6A	-0.941230769230765	0.616861089228986	-13.858139408867	5.73854036494021e-180	NS	DOWN	False	True	12.916908639636235
LCK	0.706311538461539	0.253100934861813	-6.86028669950738	1.96735164677262e-107	NS	DOWN	False	True	7.566598237968919
LCMT2	0.898261538461538	0.0200024204262458	1.38013891625616	7.13220887910662e-74	NS	UP	False	True	-0.4818773777946219
LCN1	-0.702646153846155	0.501295884261916	1.17551182266009	3.45027964453666e-08	NS	UP	False	True	-1.878157976506245
LCN10	0.642880769230769	0.470844693767727	-6.6201172413793	3.2597095776013104e-104	NS	DOWN	False	True	7.262998010610069
LCN12	1.67202692307692	0.0494513416219595	-3.7395527093596	4.7053084696798495e-40	NS	DOWN	False	True	5.411579632436521
LCN15	0.362361538461538	0.668604512286677	-2.34998472906404	1.11960159679774e-19	NS	DOWN	False	True	2.712346267525578
LCN2	2.22048076923077	0.179217029456929	-2.57911625615764	1.7904231370853702e-25	NS	DOWN	False	True	4.79959702538841
LCN6	-0.934553846153844	0.437799455330969	-9.08959655172413	9.045724552142769e-129	NS	DOWN	False	True	8.155042705570287
LCN8	1.2351	0.0504306415157889	-1.69596502463054	5.30512831869508e-15	NS	DOWN	False	True	2.93106502463054
LCNL1	0.987188461538462	0.298088250359845	-1.01406847290641	1.30283297062109e-06	NS	DOWN	False	True	2.001256934444872
LCP1	0.989884615384613	0.0244731312103258	-4.07452610837439	2.8816684843054004e-118	NS	DOWN	False	True	5.0644107237590035
LCP2	1.15212692307692	0.023850207027675	-7.13071428571428	1.47476522431592e-116	NS	DOWN	False	True	8.2828412087912
LDAF1	0.42095	0.184504022503142	-1.95374088669951	3.9033471119063e-139	NS	DOWN	False	True	2.37469088669951
LDB1	0.401380769230768	0.100010124170967	-1.14123054187192	1.12850206122899e-74	NS	DOWN	False	True	1.542611311102688
LDB3	-0.251534615384616	0.692350923487868	-3.06793497536946	1.32896809746761e-101	NS	DOWN	False	True	2.816400359984844
LDHA	0.437057692307697	0.210290454566588	1.12671182266011	7.866120749440589e-50	NS	UP	False	True	-0.6896541303524131
LDHAL6A	2.09466538461539	0.0420380578401596	2.42925911330049	6.33961167109395e-22	NS	UP	False	True	-0.33459372868509973
LDHAL6B	1.29464615384616	0.107288229135829	-1.23706748768473	6.1969402739058895e-12	NS	DOWN	False	True	2.53171364153089
LDHB	0.548830769230772	0.156571627699271	3.01051625615763	3.73565155735278e-213	NS	UP	False	True	-2.461685486926858
LDHD	0.158503846153846	0.801139309084233	-1.58034236453202	1.5013217680914399e-30	NS	DOWN	False	True	1.738846210685866
LDLRAD1	-0.155134615384611	0.856041063346112	-2.98475960591133	5.020225961312e-34	NS	DOWN	False	True	2.829624990526719
LDLRAD4	1.58928076923077	0.0014542593150739	-4.76864482758621	1.1061382634814799e-124	NS	DOWN	False	True	6.3579255968169806
LEAP2	1.97451153846154	0.0010620314480464	-1.06053054187192	1.6727791348729398e-30	NS	DOWN	False	True	3.0350420803334597
LECT2	0.36978076923077	0.670267789361038	3.76717438423644	1.30300432997006e-34	NS	UP	False	True	-3.3973936150056696
LEF1	1.13602307692308	0.0184634344044744	-2.70524039408867	4.11496439264457e-95	NS	DOWN	False	True	3.84126347101175
LEFTY1	1.88877307692308	0.0318890576379811	-1.70437783251231	2.53344124583596e-10	NS	DOWN	False	True	3.5931509094353897
LEKR1	0.773003846153847	0.312721263927823	1.52335714285714	3.83216813724422e-33	NS	UP	False	True	-0.750353296703293
LEMD1	1.63486923076923	0.143460982071663	-5.58776256157634	6.18942971383595e-59	NS	DOWN	False	True	7.22263179234557
LENEP	0.971700000000002	0.386138002183644	-1.57098719211822	5.62770300105477e-06	NS	DOWN	False	True	2.5426871921182217
LEP	0.0034307692307713	0.997929518162587	4.59457881773399	3.37551982429904e-35	NS	UP	False	True	-4.591148048503219
LETM2	0.469469230769231	0.154910440423164	2.48809014778325	1.37838896202246e-118	NS	UP	False	True	-2.0186209170140192
LFNG	0.277403846153846	0.534680069874617	-3.22917093596059	1.3480784640136102e-113	NS	DOWN	False	True	3.506574782114436
LGALS1	-0.806761538461542	0.0369324966231212	3.60040837438423	3.87245619865159e-131	NS	UP	False	True	-4.407169912845772
LGALS2	-0.351753846153846	0.602653764816824	-4.81720098522167	3.66302867251094e-39	NS	DOWN	False	True	4.465447139067824
LGALS3BP	0.177138461538464	0.612258845450108	1.48317980295567	2.2549564907274398e-55	NS	UP	False	True	-1.306041341417206
LGALS4	-0.283284615384617	0.72431554938871	-2.24609852216749	1.2445262928213802e-47	NS	DOWN	False	True	1.962813906782873
LGALS7	0.7774	0.730831304897278	-13.5526645320197	6.6644569327323e-135	NS	DOWN	False	True	14.3300645320197
LGALS7B	0.609580769230769	0.789829157865612	-12.8032517241379	2.36213124256031e-214	NS	DOWN	False	True	13.412832493368668
LGALS9	0.852665384615387	0.0580630860532898	-2.64985172413793	1.2952468925028e-106	NS	DOWN	False	True	3.502517108753317
LGALS9B	0.970673076923078	0.447031861603769	-6.99647044334974	2.53294449342661e-86	NS	DOWN	False	True	7.967143520272819
LGALS9C	0.813765384615386	0.350692100471249	-5.53988522167487	4.20437884466261e-63	NS	DOWN	False	True	6.353650606290256
LGALSL	0.99388076923077	0.021586794490666	-6.07972512315271	7.67122290400698e-237	NS	DOWN	False	True	7.07360589238348
LGI1	1.84983076923077	0.0216172249326306	-4.03264975369457	8.001610003988399e-44	NS	DOWN	False	True	5.88248052292534
LGI2	1.40188846153846	0.0030012902944412	-2.55049852216749	2.50968815574887e-41	NS	DOWN	False	True	3.9523869837059498
LGI3	-0.115246153846154	0.90625963488726	-8.16871674876847	1.8188999357127102e-157	NS	DOWN	False	True	8.053470594922315
LGR5	2.12333461538462	0.0346032028834966	-3.27858620689655	2.76539563058142e-49	NS	DOWN	False	True	5.40192082228117
LGR6	1.14784230769231	0.0766079116992369	-7.82028275862068	1.6818511411936601e-136	NS	DOWN	False	True	8.96812506631299
LHB	-1.77301923076923	0.0022647891522828	-2.25592463054187	9.562998331266619e-18	NS	DOWN	False	True	0.48290539977264
LHCGR	0.603980769230771	0.246008648721402	-2.8280802955665	1.7186277679223502e-25	NS	DOWN	False	True	3.432061064797271
LHFPL1	0.100646153846154	0.917309541147735	-1.24357339901477	3.5731700270023e-05	NS	DOWN	False	True	1.344219552860924
LHFPL3	1.17611153846154	0.267844737746044	-2.16044482758621	4.160134665388011e-15	NS	DOWN	False	True	3.3365563660477497
LHFPL4	1.95558461538462	0.0900414164730579	-1.8196369458128	9.649763347207051e-24	NS	DOWN	False	True	3.7752215611974203
LHFPL7	0.584230769230771	0.335541220652771	-8.25587438423644	1.76797298913249e-138	NS	DOWN	False	True	8.840105153467212
LHX2	1.28598076923077	0.087643898266078	-1.59177142857143	1.76177210143135e-10	NS	DOWN	False	True	2.8777521978022
LHX3	-0.70155	0.386796218998807	-3.39886847290639	3.25567274796897e-45	NS	DOWN	False	True	2.6973184729063897
LHX5	0.799300000000004	0.255686403002953	-1.28376600985221	4.71850174479977e-11	NS	DOWN	False	True	2.083066009852214
LHX6	-0.341115384615385	0.42805143038224	-6.75005960591132	3.14699118046436e-122	NS	DOWN	False	True	6.408944221295934
LHX9	1.44686538461539	0.0601864400207109	1.29010788177339	1.50330067552199e-09	NS	UP	False	True	0.15675750284200007
LIF	2.32378461538462	0.0016541247532089	-1.52728866995074	6.17725420344534e-29	NS	DOWN	False	True	3.85107328533536
LIG1	-0.378338461538464	0.0564850084788026	-1.21882216748769	1.5780800012125701e-58	NS	DOWN	False	True	0.8404837059492261
LILRA1	1.46243461538462	0.003691606894537	-3.67287832512315	7.298822013678341e-45	NS	DOWN	False	True	5.13531294050777
LILRA2	0.690884615384616	0.189309090877099	-5.83605960591132	1.14878061439361e-76	NS	DOWN	False	True	6.526944221295936
LILRA4	0.924850000000001	0.142718751751526	-5.35364975369457	5.84759207951187e-72	NS	DOWN	False	True	6.278499753694571
LILRA5	0.8913	0.179945922980411	-3.50681970443349	2.8670025377862e-24	NS	DOWN	False	True	4.39811970443349
LILRA6	0.50135	0.352940030815271	-3.3184487684729	8.533680177291739e-55	NS	DOWN	False	True	3.8197987684729
LILRB1	1.80176538461538	0.0014705830480651	-4.30748866995073	1.68436060661456e-50	NS	DOWN	False	True	6.10925405456611
LILRB2	1.02719615384615	0.0246197214563838	-5.54165467980295	4.367001183184399e-84	NS	DOWN	False	True	6.5688508336491
LILRB3	0.592642307692308	0.135782395465645	-1.62387536945813	1.2501712826036502e-25	NS	DOWN	False	True	2.216517677150438
LILRB4	1.05793846153846	0.0597234567800717	-5.88113891625614	1.42242902035213e-86	NS	DOWN	False	True	6.9390773777946
LILRB5	0.440523076923077	0.397192723316152	-6.16786600985221	1.09730506660541e-126	NS	DOWN	False	True	6.608389086775286
LIMA1	0.95613076923077	0.0098218970278079	2.37755812807882	1.13450373489803e-177	NS	UP	False	True	-1.42142735884805
LIMD2	0.167234615384614	0.631053773657371	1.05825566502463	4.1033192988043e-47	NS	UP	False	True	-0.8910210496400159
LIMK1	-0.122253846153847	0.655898821372945	1.60039261083744	1.38952496378086e-134	NS	UP	False	True	-1.722646456991287
LIMK2	0.305803846153846	0.490093243016602	-2.88259901477833	4.40564773035809e-224	NS	DOWN	False	True	3.188402860932176
LIMS2	-1.4663	0.0028040506020062	-2.08746502463055	2.75736694615387e-58	NS	DOWN	False	True	0.62116502463055
LIMS3	0.901750000000001	0.421343268212071	1.86230492610837	1.04160709875188e-09	NS	UP	False	True	-0.9605549261083689
LIMS4	1.56520769230769	0.0752651678945108	2.38528374384236	4.7877560210935304e-35	NS	UP	False	True	-0.8200760515346699
LIN7B	-0.179426923076924	0.496838786499857	-2.67150591133005	3.12228453562497e-189	NS	DOWN	False	True	2.492078988253126
LINC02693	0.392861538461539	0.27718296613299	3.07002512315271	1.07969716412412e-170	NS	UP	False	True	-2.677163584691171
LINC02881	0.879392307692308	0.360661667963415	-1.86529162561576	2.75517234038072e-08	NS	DOWN	False	True	2.744683933308068
LINC03040	1.05066153846154	0.281633485630371	-3.15719064039409	1.0850415998968e-33	NS	DOWN	False	True	4.20785217885563
LINC03041	0.0613846153846183	0.952585822561791	2.54962216748768	2.3332694733443102e-17	NS	UP	False	True	-2.4882375521030617
LINC03042	0.415661538461544	0.558704242453224	1.19911724137931	5.63751068404792e-08	NS	UP	False	True	-0.783455702917766
LINGO1	0.673288461538461	0.318780436263777	-4.26776305418719	8.24234640097425e-91	NS	DOWN	False	True	4.941051515725651
LINGO3	2.07661153846154	0.007137601590051	-4.93732413793102	2.9861000990291e-82	NS	DOWN	False	True	7.01393567639256
LINGO4	0.934430769230772	0.227577804479641	-7.48955812807881	4.2966532305907796e-179	NS	DOWN	False	True	8.423988897309583
LIPA	0.50371923076923	0.0996052261502134	2.72730246305419	5.726802282029229e-187	NS	UP	False	True	-2.22358323228496
LIPC	1.80694230769231	0.0062403887815988	2.47693990147783	4.17725836808992e-64	NS	UP	False	True	-0.66999759378552
LIPE	-0.469976923076923	0.248742321148351	-1.33437586206897	4.624608039230781e-31	NS	DOWN	False	True	0.864398938992047
LIPG	1.58683076923077	0.0561363823293595	-2.6151157635468	3.2374416509193e-48	NS	DOWN	False	True	4.20194653277757
LIPH	0.892276923076922	0.32604511836393	-4.80804285714286	6.36907117528367e-171	NS	DOWN	False	True	5.7003197802197825
LIPI	-0.0807846153846139	0.87799511963214	1.48601379310345	5.2956625984876e-09	NS	UP	False	True	-1.566798408488064
LIPK	0.53567307692308	0.675488648930336	-11.8242940886699	2.76003701272137e-234	NS	DOWN	False	True	12.35996716559298
LIPM	1.33962307692308	0.312582893080975	-11.475297044335	8.57439105056978e-180	NS	DOWN	False	True	12.81492012125808
LIPN	-0.487230769230767	0.718589660272282	-11.9762266009852	5.34808574859757e-259	NS	DOWN	False	True	11.488995831754433
LIX1	0.479323076923079	0.624437751406772	-2.07946256157635	1.0871394599149899e-18	NS	DOWN	False	True	2.5587856384994287
LIX1L	0.534811538461537	0.0453588903544281	2.07330591133005	1.33705467830283e-142	NS	UP	False	True	-1.538494372868513
LLCFC1	1.87773076923077	0.04850280779169	-1.19238275862068	1.14592976377741e-05	NS	DOWN	False	True	3.07011352785145
LLGL2	0.0180307692307697	0.967789448941556	-7.9580433497537	1.50716552537221e-241	NS	DOWN	False	True	7.976074118984469
LLPH	0.757492307692306	0.0119083528789341	1.76583300492611	1.0306424668322902e-151	NS	UP	False	True	-1.008340697233804
LMAN1L	1.87106153846154	0.0185767013904948	-3.01397142857143	1.1451642788891301e-24	NS	DOWN	False	True	4.88503296703297
LMAN2	0.410607692307693	0.0709666363496632	1.29607980295567	1.41317259966127e-149	NS	UP	False	True	-0.8854721106479769
LMCD1	0.873603846153847	0.0354473658355239	3.44403645320197	1.65521906160964e-133	NS	UP	False	True	-2.5704326070481227
LMNB2	0.238165384615384	0.326565783066517	2.08463054187192	2.10817209082715e-130	NS	UP	False	True	-1.846465157256536
LMNTD1	2.01413461538462	0.0203307702192116	2.50901674876846	7.582589785265621e-15	NS	UP	False	True	-0.49488213338384
LMNTD2	0.600111538461539	0.0393421507364642	-3.96678325123153	6.51209070453968e-172	NS	DOWN	False	True	4.56689478969307
LMO1	1.74837307692308	0.0459353086373598	-11.317678817734	1.11385196228135e-211	NS	DOWN	False	True	13.06605189465708
LMO3	1.24933461538462	0.297840521381016	2.15391724137931	1.66636167307139e-40	NS	UP	False	True	-0.9045826259946901
LMO4	1.41185	0.0010487467124145	1.05636206896552	1.41226791837245e-78	NS	UP	False	True	0.35548793103448006
LMOD1	0.871676923076923	0.0082423344075943	-1.16748472906404	6.977604886069721e-17	NS	DOWN	False	True	2.039161652140963
LMOD2	1.13071153846154	0.0903528900169743	-2.14270689655172	3.3146899107752503e-19	NS	DOWN	False	True	3.27341843501326
LMTK2	0.862642307692308	0.0047905877138653	-1.10355073891626	7.026868567725779e-77	NS	DOWN	False	True	1.966193046608568
LMTK3	0.1334	0.863699119414017	-4.27847290640394	9.5063466673473e-176	NS	DOWN	False	True	4.41187290640394
LMX1A	0.256107692307696	0.747227527543992	-4.5882133004926	2.01784522889699e-75	NS	DOWN	False	True	4.844320992800296
LMX1B	0.401511538461538	0.706559758610744	-7.03356551724138	6.2128237420306e-136	NS	DOWN	False	True	7.4350770557029175
LONRF1	1.24073076923077	0.0046892868047507	-2.81829458128079	7.26968682572927e-184	NS	DOWN	False	True	4.05902535051156
LONRF2	3.09806153846154	0.0012414927993787	-4.88529852216748	3.6730681619930797e-140	NS	DOWN	False	True	7.983360060629019
LONRF3	-0.704934615384616	0.268076494691566	-2.86027931034482	9.08174884990822e-46	NS	DOWN	False	True	2.155344694960204
LORICRIN	-1.19282692307692	0.584006668412699	-13.4853532019704	1.56627223642151e-187	NS	DOWN	False	True	12.29252627889348
LOXHD1	1.90455769230769	0.0061870063674798	-5.72068768472905	5.95836192564579e-109	NS	DOWN	False	True	7.62524537703674
LOXL1	-0.0374115384615386	0.936991103932084	3.25595812807881	5.54625639459358e-107	NS	UP	False	True	-3.2933696665403485
LOXL2	1.45605769230769	0.0016848442854829	4.93645123152709	5.93426502148357e-203	NS	UP	False	True	-3.4803935392194
LPAR2	0.318807692307692	0.449778496324196	-2.20305172413793	9.77483438210574e-136	NS	DOWN	False	True	2.521859416445622
LPAR3	0.591588461538461	0.582849693609436	-3.56053694581281	5.72555916670906e-84	NS	DOWN	False	True	4.152125407351271
LPAR4	2.57952692307693	0.0093237229232223	2.54234581280787	4.332709560778e-29	NS	UP	False	True	0.037181110269060014
LPAR5	1.11125	0.0322383695072904	-7.361460591133	1.0024049420473401e-173	NS	DOWN	False	True	8.472710591133001
LPCAT1	0.245161538461536	0.319975970182309	1.24977733990148	1.3124895476493199e-82	NS	UP	False	True	-1.004615801439944
LPIN2	0.884784615384615	0.0126998956548423	2.8953275862069	8.322525857923581e-212	NS	UP	False	True	-2.010542970822285
LPL	1.87450769230769	0.0053233290340267	-4.02898275862069	7.83132469853413e-80	NS	DOWN	False	True	5.90349045092838
LPXN	0.797776923076922	0.0648269732304485	2.51054384236453	1.37096081543341e-116	NS	UP	False	True	-1.7127669192876078
LRAT	1.33316923076923	0.0644421988261841	-4.09077093596059	1.44916772255731e-55	NS	DOWN	False	True	5.42394016672982
LRATD1	1.00545769230769	0.209649242604857	-3.08436896551724	1.0530048618276099e-126	NS	DOWN	False	True	4.08982665782493
LRBA	0.963796153846154	0.0009978023055784	-1.16911674876847	9.25295629244989e-105	NS	DOWN	False	True	2.132912902614624
LRCH1	0.932057692307693	0.0073218291167743	-1.38575517241379	4.2312084524713e-131	NS	DOWN	False	True	2.317812864721483
LRCH4	-0.121546153846154	0.531880865191048	-1.08636009852217	1.42705943735622e-64	NS	DOWN	False	True	0.964813944676016
LRCOL1	0.447669230769231	0.642342546370033	-2.60188669950739	8.851067441520019e-16	NS	DOWN	False	True	3.0495559302766213
LRFN1	-0.229880769230769	0.642971493068194	-1.66223645320197	6.66054349200559e-61	NS	DOWN	False	True	1.432355683971201
LRFN2	0.30472307692308	0.759189630638237	-3.77610197044334	3.48490054055458e-60	NS	DOWN	False	True	4.08082504736642
LRFN3	-0.0336576923076928	0.92141015085896	1.07632807881773	2.8075491972395097e-62	NS	UP	False	True	-1.1099857711254228
LRFN4	-0.167884615384616	0.628743650185645	1.11908374384237	1.03368955024999e-81	NS	UP	False	True	-1.286968359226986
LRG1	1.37369615384615	0.0592898600682485	-4.63426600985221	2.34001473111532e-94	NS	DOWN	False	True	6.00796216369836
LRIF1	1.12040384615385	0.001949701668928	1.35247586206897	8.33443823028475e-57	NS	UP	False	True	-0.23207201591512017
LRIG1	1.15700769230769	0.0029678918711006	-2.24788275862069	1.42117141099744e-93	NS	DOWN	False	True	3.40489045092838
LRIG2	0.967126923076923	0.0015641085043114	-1.10177241379311	2.57273932878137e-85	NS	DOWN	False	True	2.0688993368700332
LRIT2	0.632538461538465	0.385204414825659	-10.4819507389162	8.77506943992307e-245	NS	DOWN	False	True	11.114489200454665
LRIT3	1.63641538461539	0.0103140041909257	-1.24047487684729	5.10748617431362e-13	NS	DOWN	False	True	2.87689026146268
LRP1B	2.6592076923077	0.0016570948457799	1.27533349753695	4.64965568620229e-11	NS	UP	False	True	1.38387419477075
LRP2	4.22449615384615	0.0020753136636194	-2.63123694581281	1.43820001989716e-23	NS	DOWN	False	True	6.855733099658961
LRP4	1.42439615384615	0.0113336270214923	-3.90862167487685	1.65641434785622e-204	NS	DOWN	False	True	5.333017828723
LRP8	0.480523076923077	0.271539377959889	2.21090147783251	3.08593537004051e-84	NS	UP	False	True	-1.7303784009094327
LRR1	0.44286153846154	0.137570634773638	1.02132610837438	5.4059055852787e-60	NS	UP	False	True	-0.5784645699128401
LRRC10B	1.45716538461539	0.0713197681085175	-6.556781773399	1.2280350981508901e-111	NS	DOWN	False	True	8.013947158014389
LRRC14B	-0.356665384615384	0.70938323203931	-1.16120147783251	1.1865752979058e-05	NS	DOWN	False	True	0.8045360932171259
LRRC15	0.2409	0.760510823416961	1.02380147783251	1.88585510360948e-06	NS	UP	False	True	-0.78290147783251
LRRC18	2.17736153846154	0.0088119517759861	-2.43293251231527	2.3170833807160202e-15	NS	DOWN	False	True	4.61029405077681
LRRC24	0.474346153846154	0.265407308439018	-1.06295172413793	1.78013461741565e-28	NS	DOWN	False	True	1.537297877984084
LRRC25	0.610096153846154	0.198923525193612	-4.65639802955664	4.92282898740242e-72	NS	DOWN	False	True	5.266494183402794
LRRC26	-1.82582692307693	0.074393087978035	-8.99843645320196	1.42709059409393e-125	NS	DOWN	False	True	7.17260953012503
LRRC31	0.170180769230772	0.716377187678767	-1.61085566502463	8.643567351996689e-11	NS	DOWN	False	True	1.781036434255402
LRRC34	0.400315384615384	0.525674722573427	1.90397931034483	4.70083554485042e-105	NS	UP	False	True	-1.503663925729446
LRRC36	0.103623076923077	0.851829963133121	-4.41582857142857	2.0262395397882797e-55	NS	DOWN	False	True	4.519451648351646
LRRC37B	0.991015384615384	0.0001341486940989	-1.61300049261084	2.5507532159699997e-141	NS	DOWN	False	True	2.604015877226224
LRRC38	0.719619230769235	0.331965362000667	-7.87902266009851	1.17595771689179e-142	NS	DOWN	False	True	8.598641890867745
LRRC3B	0.182061538461539	0.868159814183755	-3.37936995073891	1.2226444752693799e-30	NS	DOWN	False	True	3.561431489200449
LRRC3C	0.637123076923078	0.533164818094917	-2.95902709359605	4.03008467741914e-23	NS	DOWN	False	True	3.596150170519128
LRRC40	1.57609615384615	0.0010393473011319	1.5421039408867	1.0799988498763e-134	NS	UP	False	True	0.033992212959449875
LRRC43	-0.190003846153846	0.772191604132774	1.67145517241379	1.79281531709125e-37	NS	UP	False	True	-1.861459018567636
LRRC46	-0.117465384615385	0.754738685326043	1.09162413793104	1.3307064380372798e-22	NS	UP	False	True	-1.209089522546425
LRRC49	1.26483461538462	0.0060979269780571	1.05732610837438	1.1540535813082101e-60	NS	UP	False	True	0.20750850701024004
LRRC4B	-0.351876923076923	0.683455091763592	-2.41999458128079	5.31002128822327e-79	NS	DOWN	False	True	2.0681176582038674
LRRC4C	2.00838076923077	0.0045655501284971	-3.79254137931034	3.70956212722992e-53	NS	DOWN	False	True	5.80092214854111
LRRC52	3.05942692307693	0.00838554596346	-1.0557354679803	5.38675402099095e-07	NS	DOWN	False	True	4.11516239105723
LRRC55	1.59368846153846	0.0318970463451095	-4.57255024630541	3.94566219981443e-97	NS	DOWN	False	True	6.1662387078438705
LRRC56	0.644065384615385	0.0639770815147877	-1.74637389162562	8.920753471359429e-86	NS	DOWN	False	True	2.390439276241005
LRRC59	-0.031950000000001	0.911717758538166	2.34544039408867	1.4535360871498598e-164	NS	UP	False	True	-2.377390394088671
LRRC61	0.0466115384615386	0.960436042154786	-2.58635665024631	3.97974706505946e-75	NS	DOWN	False	True	2.6329681887078484
LRRC63	0.747996153846157	0.370789477749798	2.36844827586206	9.67988559054467e-18	NS	UP	False	True	-1.6204521220159032
LRRC66	2.02308076923077	0.0024399984779542	3.06357783251231	1.50291949261028e-90	NS	UP	False	True	-1.0404970632815402
LRRC70	1.71206923076923	0.0016311254137126	-3.98549950738916	5.25113097966758e-120	NS	DOWN	False	True	5.69756873815839
LRRC71	2.14791538461539	0.0251191386142366	2.85571576354679	1.66805259706753e-21	NS	UP	False	True	-0.7078003789313998
LRRC74A	1.89066923076923	0.0336314249090476	-1.22355665024631	4.36139061306281e-07	NS	DOWN	False	True	3.11422588101554
LRRC8D	0.895761538461539	0.0061554117842476	2.35096699507389	3.0241627741357e-125	NS	UP	False	True	-1.455205456612351
LRRC8E	-0.251215384615385	0.737279625608495	-1.19364876847291	1.2232018507768e-58	NS	DOWN	False	True	0.942433383857525
LRRD1	2.3602576923077	0.0015024583544192	1.65984581280788	3.32970640838362e-13	NS	UP	False	True	0.70041187949982
LRRIQ1	3.05963076923077	0.0112129945449602	3.98703940886699	1.74037668883275e-55	NS	UP	False	True	-0.9274086396362198
LRRIQ3	1.37138076923077	0.0199430784937576	4.03617684729064	1.14465663374647e-59	NS	UP	False	True	-2.6647960780598696
LRRIQ4	-0.591073076923078	0.536845611917273	3.2345842364532	1.5252704990416498e-36	NS	UP	False	True	-3.825657313376278
LRRN2	1.55645769230769	0.0525471639402262	-1.74567192118226	7.05721567931389e-28	NS	DOWN	False	True	3.3021296134899503
LRRN3	2.22563076923077	0.001043396690625	1.18030443349753	9.57656031806566e-17	NS	UP	False	True	1.04532633573324
LRRN4	0.534061538461541	0.486838995885294	-2.22413596059113	6.998248355855349e-22	NS	DOWN	False	True	2.758197499052671
LRRN4CL	0.0125923076923078	0.989227133149015	1.06374581280788	9.00810962194913e-17	NS	UP	False	True	-1.0511535051155723
LRRTM1	3.66370384615385	0.0110505402980608	-5.18405960591132	3.4039688947379996e-79	NS	DOWN	False	True	8.84776345206517
LRSAM1	-0.243315384615386	0.345425062968174	-2.31690492610838	2.93830284910097e-199	NS	DOWN	False	True	2.0735895414929937
LRTM2	0.782353846153845	0.464463353136775	-1.31542167487684	2.15944813469004e-08	NS	DOWN	False	True	2.0977755210306848
LSM1	0.953803846153847	0.0004022432221185	1.16261625615764	1.40292946008445e-103	NS	UP	False	True	-0.20881241000379314
LSM12	0.538723076923077	0.006822761733167	1.33796305418719	6.8762977498327e-175	NS	UP	False	True	-0.7992399772641131
LSM5	0.26183846153846	0.276545595493882	1.02513793103448	6.07570172943759e-71	NS	UP	False	True	-0.7632994694960199
LSMEM2	0.563915384615385	0.42718494170499	-2.88993497536945	3.5165796499164704e-25	NS	DOWN	False	True	3.453850359984835
LSP1	0.208192307692308	0.629612832925559	-4.66537142857143	1.79867165352375e-151	NS	DOWN	False	True	4.873563736263739
LSR	0.341523076923078	0.531439161081212	-5.09821034482759	2.95912222701549e-285	NS	DOWN	False	True	5.4397334217506685
LST1	0.577061538461538	0.131472350519953	-5.15215862068966	7.65053807329347e-95	NS	DOWN	False	True	5.729220159151198
LTA	0.665623076923078	0.26656021542337	-2.65408916256157	1.04794999147928e-25	NS	DOWN	False	True	3.319712239484648
LTB	0.155657692307693	0.790689747504811	-3.3338645320197	7.186416280796199e-83	NS	DOWN	False	True	3.489522224327393
LTB4R	0.494476923076923	0.264279244869913	-4.04835024630542	9.111683815169799e-209	NS	DOWN	False	True	4.542827169382343
LTB4R2	0.839588461538462	0.140067554517867	-3.7939236453202	5.962078292803321e-157	NS	DOWN	False	True	4.633512106858662
LTBP4	0.322088461538461	0.291985856258399	-1.21907586206897	1.6698391768760502e-67	NS	DOWN	False	True	1.5411643236074308
LTC4S	1.07527307692308	0.0198605492748552	-1.63912512315271	5.88166990727918e-50	NS	DOWN	False	True	2.71439820007579
LTF	-1.25738076923077	0.110177376296803	-5.06821231527093	6.265970378604001e-69	NS	DOWN	False	True	3.81083154604016
LTK	1.78516153846154	0.0791292189238715	-3.06823645320197	2.41250573348607e-56	NS	DOWN	False	True	4.85339799166351
LUM	1.25468846153846	0.0154219340572773	2.80020985221675	1.00377216254373e-91	NS	UP	False	True	-1.5455213906782899
LURAP1L	0.914492307692308	0.0114689899686658	1.06924975369458	2.73807928847049e-30	NS	UP	False	True	-0.15475744600227193
LUZP1	0.502546153846154	0.160221804541308	1.45976847290641	1.34797859634608e-89	NS	UP	False	True	-0.957222319060256
LUZP2	2.43183846153847	0.0056016134561416	-1.81163645320197	2.1655341530856798e-11	NS	DOWN	False	True	4.24347491474044
LY6D	0.149453846153846	0.95412486801427	-11.5760812807882	7.839291067707669e-246	NS	DOWN	False	True	11.725535126942047
LY6E	0.311303846153846	0.491539285654965	1.61391527093596	8.6686587667962e-122	NS	UP	False	True	-1.3026114247821141
LY6G5B	1.28405769230769	0.0035556600553149	-1.5710433497537	2.38908340685675e-85	NS	DOWN	False	True	2.8551010420613903
LY6G6C	0.333376923076923	0.872637550002828	-13.1802064039409	1.4375438340918402e-198	NS	DOWN	False	True	13.513583327017823
LY6G6D	0.756276923076925	0.526062691647954	-9.34407586206895	4.59460588421182e-139	NS	DOWN	False	True	10.100352785145875
LY6G6E	0.524988461538467	0.259003298325034	-5.44708522167487	4.79896608492922e-60	NS	DOWN	False	True	5.9720736832133365
LY6G6F-LY6G6D	1.23095000000001	0.106383480682231	-7.52754827586205	1.23711470914124e-119	NS	DOWN	False	True	8.75849827586206
LY6H	-0.495857692307693	0.573538117501322	-4.11389162561576	2.32744926057516e-35	NS	DOWN	False	True	3.618033933308067
LY75	1.51643461538462	0.0095625490400064	-1.78244876847291	4.2389084254203397e-57	NS	DOWN	False	True	3.2988833838575298
LY75-CD302	-0.118034615384616	0.890105494596352	4.36447192118226	2.04976597070989e-39	NS	UP	False	True	-4.482506536566876
LY86	0.523661538461538	0.211719520629191	-7.78939507389161	7.80010418354995e-131	NS	DOWN	False	True	8.313056612353147
LY9	0.0587538461538463	0.929408321864776	-6.61401182266008	5.69609581030034e-119	NS	DOWN	False	True	6.672765668813926
LYAR	0.694196153846153	0.0115832316149871	1.12375418719212	4.0832765834369895e-70	NS	UP	False	True	-0.429558033345967
LYL1	0.143261538461538	0.722457802536104	-1.10336256157635	5.46304066376077e-42	NS	DOWN	False	True	1.246624100037888
LYNX1	1.20449615384615	0.225213152143346	-6.06350886699508	7.17161813408885e-203	NS	DOWN	False	True	7.26800502084123
LYPD1	0.845138461538462	0.293316405762513	-3.9208330049261	1.2919190868237498e-34	NS	DOWN	False	True	4.765971466464562
LYPD2	0.64035384615385	0.718907933239985	-12.5082802955665	1.48175325343758e-178	NS	DOWN	False	True	13.14863414172035
LYPD3	0.0678423076923091	0.956897531694538	-10.4311748768473	2.70341e-318	NS	DOWN	False	True	10.499017184539609
LYPD5	0.429115384615385	0.655320503922993	-6.27700738916256	7.524309560261879e-231	NS	DOWN	False	True	6.706122773777945
LYPD6	1.48540769230769	0.0220321768516728	2.64107487684729	3.0380534505234103e-58	NS	UP	False	True	-1.1556671845396
LYPD6B	1.55997692307692	0.18773106374058	-2.93483448275862	5.22611153220258e-68	NS	DOWN	False	True	4.49481140583554
LYPD8	1.25261153846154	0.165046217500628	-1.31852019704433	1.75481279093252e-05	NS	DOWN	False	True	2.57113173550587
LYRM2	1.25895769230769	0.0023048271631751	1.98653300492611	3.0139406715471e-124	NS	UP	False	True	-0.7275753126184201
LYSMD4	0.492088461538461	0.0557163517545058	-1.97348768472907	1.41150016352952e-167	NS	DOWN	False	True	2.465576146267531
LYVE1	1.81998076923077	0.0012765960147972	-5.83526748768473	7.53433616245647e-136	NS	DOWN	False	True	7.6552482569155
LYZ	1.28976153846154	0.0335887426120032	-4.10930985221675	2.29316741284955e-70	NS	DOWN	False	True	5.39907139067829
LZTFL1	1.35465	0.0018637940669376	1.27485615763547	1.20353486133211e-105	NS	UP	False	True	0.07979384236452991
LZTS1	0.0405384615384605	0.935011433111307	-2.16071231527094	3.35294167987085e-74	NS	DOWN	False	True	2.2012507768094007
M1AP	0.681569230769232	0.208854503585812	2.55653842364532	3.932946911635e-57	NS	UP	False	True	-1.8749691928760879
MAB21L2	0.860519230769232	0.215302306262439	-2.89210738916256	3.8588451602593695e-36	NS	DOWN	False	True	3.7526266199317924
MAB21L3	0.551719230769235	0.645412869243555	-2.64322463054187	3.44674772343822e-46	NS	DOWN	False	True	3.194943861311105
MAB21L4	-0.357523076923076	0.838759975776992	-10.6820492610837	6.27489137962748e-170	NS	DOWN	False	True	10.324526184160623
MACC1	2.19129615384616	0.002498806453833	-4.75263793103448	5.4366498849695e-99	NS	DOWN	False	True	6.94393408488064
MACIR	0.851684615384615	0.0266620827891378	1.62215665024631	9.29736505732738e-106	NS	UP	False	True	-0.770472034861695
MACROD1	-0.834742307692308	0.015178795108813	-1.20697339901478	1.60888437697913e-82	NS	DOWN	False	True	0.372231091322472
MAD2L1	1.00948461538462	0.0269280391682596	2.06942167487685	5.78610738417476e-53	NS	UP	False	True	-1.0599370594922302
MAD2L1BP	-0.135926923076921	0.603219220472007	1.3466645320197	1.04403023448272e-71	NS	UP	False	True	-1.482591455096621
MADD	0.682403846153845	0.0082629870089495	-1.19311083743843	4.43641185035046e-104	NS	DOWN	False	True	1.8755146835922751
MAEL	2.10135	0.0582237398584236	-2.36572807881773	3.9499577043845406e-15	NS	DOWN	False	True	4.46707807881773
MAF	1.11758461538462	0.0012832004820662	-7.29176847290641	3.24049804384089e-199	NS	DOWN	False	True	8.40935308829103
MAFA	0.777834615384617	0.336980007862241	-4.50116945812807	3.5735148780983406e-61	NS	DOWN	False	True	5.279004073512686
MAFB	1.22141538461538	0.0088040385912528	-4.12220049261084	3.54316413786714e-140	NS	DOWN	False	True	5.34361587722622
MAFK	0.111753846153847	0.70198782089856	-1.23266059113301	6.25285879744206e-76	NS	DOWN	False	True	1.344414437286857
MAG	2.34209615384616	0.0802589793732101	-3.40056650246305	7.481518909471569e-30	NS	DOWN	False	True	5.74266265630921
MAGEA10	4.00651153846154	0.0067080441224452	-2.64721921182266	4.513365954318319e-30	NS	DOWN	False	True	6.6537307502842005
MAGEA11	3.6153	0.0295346758327275	-2.14556354679802	1.49135994306245e-14	NS	DOWN	False	True	5.76086354679802
MAGEA8	1.47608076923077	0.107584897706099	-2.61592413793103	2.7490188153764e-20	NS	DOWN	False	True	4.0920049071618
MAGEB2	3.64308846153847	0.0159045980143831	-1.07549359605911	3.34842484824286e-07	NS	DOWN	False	True	4.7185820575975805
MAGEC3	3.16978461538462	0.0018754258909453	1.84951428571428	1.95099916656326e-09	NS	UP	False	True	1.3202703296703402
MAGED1	0.449569230769232	0.0884290774684041	2.30719014778324	5.3952423399758805e-112	NS	UP	False	True	-1.857620917014008
MAGED2	0.669192307692313	0.0052215216087622	1.18377684729065	3.0440987468572402e-61	NS	UP	False	True	-0.514584539598337
MAGED4	1.59395	0.0906302838543651	4.09059852216749	1.35765034557217e-41	NS	UP	False	True	-2.4966485221674897
MAGED4B	0.875973076923076	0.217347613545633	3.75178128078817	1.72322867551466e-145	NS	UP	False	True	-2.875808203865094
MAGEE2	0.567392307692311	0.405489484886905	-4.786621182266	9.93770557078642e-90	NS	DOWN	False	True	5.3540134899583105
MAGEL2	1.08206538461538	0.227106133738278	2.54068128078817	1.25391152298464e-32	NS	UP	False	True	-1.4586158961727897
MAGI2	1.08450769230769	0.0145868449575178	1.61070246305419	5.78255514299753e-92	NS	UP	False	True	-0.5261947707465
MAGIX	-0.276603846153846	0.425709025170713	-2.34360837438424	9.76347490340557e-146	NS	DOWN	False	True	2.0670045282303944
MAGOHB	0.582319230769229	0.00653176735076	1.14305073891626	1.0657755363345899e-71	NS	UP	False	True	-0.5607315081470311
MAJIN	-0.169826923076921	0.898806952576771	-4.56573251231527	3.92381124699687e-45	NS	DOWN	False	True	4.395905589238349
MAL	-1.79321153846154	0.042838340149683	-5.0721472906404	6.24192196394437e-126	NS	DOWN	False	True	3.2789357521788602
MAL2	1.40578846153846	0.293050395548452	-8.81244827586207	1.34519794240962e-226	NS	DOWN	False	True	10.218236737400531
MALL	0.176223076923077	0.780949342929136	-5.41199458128079	1.71577651220683e-171	NS	DOWN	False	True	5.588217658203867
MALRD1	2.31883461538462	0.0112314851125204	1.00180246305418	0.000195781583199	NS	UP	False	True	1.31703215233044
MAMLD1	0.546173076923078	0.0544886785397012	1.73310738916256	1.13600913586558e-78	NS	UP	False	True	-1.1869343122394818
MAN2A1	1.1282	0.0040961534666206	1.27209310344828	3.85346612814292e-96	NS	UP	False	True	-0.14389310344828
MAN2B2	0.758765384615384	0.0211191353288185	1.40250738916256	7.98557257560442e-117	NS	UP	False	True	-0.6437420045471759
MANBA	1.13391153846154	0.0099198002199477	1.58861428571429	3.868955288393e-125	NS	UP	False	True	-0.45470274725275006
MANEAL	-0.531523076923079	0.381798302846341	-2.68467192118227	4.1990528711564597e-123	NS	DOWN	False	True	2.153148844259191
MANSC1	1.62261153846154	0.0015877985722493	-1.80561674876847	2.9656022479095102e-117	NS	DOWN	False	True	3.4282282872300103
MAOB	1.94434230769231	0.0427123184832941	-2.48689064039409	1.72760833576134e-52	NS	DOWN	False	True	4.4312329480864
MAP1A	0.983807692307692	0.0087209114260711	3.6095157635468	5.352287710840509e-158	NS	UP	False	True	-2.625708071239108
MAP1B	1.82274615384615	0.0018667320825093	2.17227684729064	4.31938317098665e-114	NS	UP	False	True	-0.34953069344448995
MAP1LC3A	0.143449999999999	0.729318707956254	-1.1382881773399	1.6628349735769901e-59	NS	DOWN	False	True	1.281738177339899
MAP1LC3C	2.06952307692308	0.0275219565563836	-1.85385123152709	3.1463189705717e-14	NS	DOWN	False	True	3.92337430845017
MAP1S	-0.463003846153846	0.0287243392795596	1.22825960591133	6.1283088143923206e-74	NS	UP	False	True	-1.691263452065176
MAP3K12	0.548773076923075	0.0301838094258081	2.38183251231527	3.98051382981432e-134	NS	UP	False	True	-1.833059435392195
MAP3K14	0.741038461538463	0.0020261199831991	-1.05579753694581	1.32753741337818e-78	NS	DOWN	False	True	1.7968359984842728
MAP3K20	1.06861153846154	0.0121303089873718	1.29507586206897	9.39949045407116e-119	NS	UP	False	True	-0.22646432360742996
MAP3K21	2.33281538461539	0.0021672970844118	-3.32525221674877	3.3149944731934196e-153	NS	DOWN	False	True	5.658067601364159
MAP3K6	-0.483192307692309	0.0937127104713981	-2.84089704433498	3.8119095897667706e-188	NS	DOWN	False	True	2.3577047366426713
MAP3K9	-0.188138461538462	0.707736849183206	-6.39176798029556	6.27753936925749e-193	NS	DOWN	False	True	6.203629518757098
MAP4K1	0.991180769230769	0.0172422605747525	-1.6915960591133	4.55677443021118e-34	NS	DOWN	False	True	2.682776828344069
MAP6	1.13810384615385	0.0813633494074545	-1.19635911330049	1.32083917759425e-27	NS	DOWN	False	True	2.3344629594543402
MAP6D1	-0.551203846153847	0.118996029976124	-1.57206600985222	2.22894321873989e-106	NS	DOWN	False	True	1.0208621636983728
MAP7	1.11790769230769	0.138739418163439	-4.83443793103449	3.47971479995476e-209	NS	DOWN	False	True	5.95234562334218
MAP7D3	1.31445769230769	0.0048145718013794	2.26350886699507	7.27291531288872e-183	NS	UP	False	True	-0.9490511746873798
MAPK1	0.739588461538459	0.0387049491862164	1.29406157635468	3.17212856087915e-93	NS	UP	False	True	-0.5544731148162211
MAPK12	0.644273076923076	0.168021400425994	3.44959408866995	2.32201632973542e-214	NS	UP	False	True	-2.805321011746874
MAPK13	0.851584615384616	0.137791569884881	-2.710239408867	1.89070845474543e-162	NS	DOWN	False	True	3.561824024251616
MAPK15	1.64192692307692	0.0817425235140196	-5.06013842364532	1.03069823083065e-116	NS	DOWN	False	True	6.7020653467222395
MAPK4	0.356515384615384	0.819326046213751	-5.73706256157635	5.18859796609576e-104	NS	DOWN	False	True	6.093577946191734
MAPK8	1.0998	0.0044510237210318	1.27482955665025	1.48854661127671e-97	NS	UP	False	True	-0.17502955665025
MAPK8IP2	-0.569226923076924	0.416572283287786	-2.89365024630542	1.91948078089526e-136	NS	DOWN	False	True	2.324423323228496
MAPK9	1.11529230769231	0.0012224886789908	1.39745418719212	1.07689873188944e-143	NS	UP	False	True	-0.28216187949981
MAPKAP1	0.247980769230769	0.191124126160913	1.11937487684729	6.00014770394565e-134	NS	UP	False	True	-0.871394107616521
MAPKBP1	0.795280769230768	0.0094169624067722	-1.50833793103448	5.65766012398244e-90	NS	DOWN	False	True	2.3036187002652477
MAPRE1	0.378903846153849	0.129232912504607	1.04076157635468	1.1700376052552501e-97	NS	UP	False	True	-0.661857730200831
MAPRE3	0.685742307692307	0.0080213712820519	-2.44984532019704	1.14408539584101e-212	NS	DOWN	False	True	3.135587627889347
MAPT	0.446942307692307	0.60076406247434	-3.36530935960591	4.63833704672311e-158	NS	DOWN	False	True	3.812251667298217
MARCHF10	2.2842576923077	0.0084160440874918	6.41617192118226	5.02145471331202e-94	NS	UP	False	True	-4.13191422887456
MARCHF11	1.03037307692308	0.105993659463368	-1.54264433497537	3.72222921089498e-07	NS	DOWN	False	True	2.5730174118984497
MARCHF3	1.56388846153846	0.0044817599085535	-2.2096921182266	4.37816629819903e-85	NS	DOWN	False	True	3.77358057976506
MARCHF4	1.86806153846154	0.0069171099948248	6.65927536945812	2.61093508161353e-134	NS	UP	False	True	-4.79121383099658
MARCHF9	0.203349999999999	0.543581164174078	-2.51365615763547	7.56026278211854e-165	NS	DOWN	False	True	2.717006157635469
MARCKS	0.818784615384616	0.018038197922961	1.84646157635468	2.5093070377490597e-122	NS	UP	False	True	-1.027676960970064
MARCO	0.706626923076923	0.316455692304493	-5.38246354679802	1.79893455878409e-80	NS	DOWN	False	True	6.089090469874943
MARK1	1.15059230769231	0.196907731600536	-1.52446699507389	1.7347050283473498e-57	NS	DOWN	False	True	2.6750593027661997
MARK2	0.612257692307691	0.0174833560840214	-2.20659704433497	8.50982665513645e-160	NS	DOWN	False	True	2.8188547366426606
MARS1	0.213149999999998	0.157541532173433	1.25292512315271	1.59513240619804e-55	NS	UP	False	True	-1.0397751231527121
MARVELD1	0.43021923076923	0.235522561458512	1.27890591133005	1.07882097500459e-99	NS	UP	False	True	-0.84868668056082
MARVELD2	1.83131538461539	0.0290886361846088	-2.0264157635468	2.26226214933001e-94	NS	DOWN	False	True	3.8577311481621903
MARVELD3	1.96308846153846	0.0150740475994264	-4.30726157635468	1.44945642982172e-172	NS	DOWN	False	True	6.27035003789314
MAS1L	0.394965384615388	0.622457921038803	-5.18817241379309	9.353689664710399e-70	NS	DOWN	False	True	5.583137798408478
MASP1	1.19950769230769	0.132046641419048	2.78650147783251	1.5763888477358702e-73	NS	UP	False	True	-1.58699378552482
MAST1	-1.94986923076923	0.001929090512756	-4.84850837438424	4.48669287027254e-166	NS	DOWN	False	True	2.89863914361501
MAST4	0.754623076923077	0.157524964163119	-1.39748177339902	5.8656235175871e-77	NS	DOWN	False	True	2.1521048503220968
MAT1A	0.109923076923078	0.934890819260329	-8.57134778325123	9.07309047427464e-143	NS	DOWN	False	True	8.681270860174308
MAT2A	0.944373076923077	0.000401946410598	1.36334039408867	4.51001853488291e-46	NS	UP	False	True	-0.4189673171655929
MATCAP2	1.28223461538462	0.0135258642584426	-2.10519655172414	3.4763465052905e-94	NS	DOWN	False	True	3.38743116710876
MATK	-0.058284615384616	0.929511920719892	-4.14204581280788	9.31289784488278e-55	NS	DOWN	False	True	4.083761197423264
MATN3	1.52847307692308	0.0033256225947553	2.34819655172414	2.54004224044502e-78	NS	UP	False	True	-0.8197234748010598
MATN4	0.329415384615385	0.705199114448376	-4.80690541871921	2.21948785430319e-86	NS	DOWN	False	True	5.136320803334595
MB	1.04178076923077	0.391209115936549	-2.54338916256158	1.80011125936213e-29	NS	DOWN	False	True	3.58516993179235
MBD5	0.930234615384615	0.0003378198111072	1.4325433497537	4.29454666163035e-126	NS	UP	False	True	-0.5023087343690849
MBP	-0.439961538461539	0.319520534091563	-1.52858472906404	1.81437568654184e-53	NS	DOWN	False	True	1.088623190602501
MBTPS2	1.30060384615385	0.0015220496089134	2.22648620689655	1.4433080641206898e-193	NS	UP	False	True	-0.9258823607427
MC4R	1.80170384615385	0.0496156924734033	1.85294926108374	5.55414347128215e-12	NS	UP	False	True	-0.05124541492988999
MC5R	1.30095	0.276738666062308	-1.92378226600985	4.48519799981823e-08	NS	DOWN	False	True	3.22473226600985
MCAM	0.637219230769231	0.31659036595529	-2.41387487684729	5.7044394773564205e-67	NS	DOWN	False	True	3.051094107616521
MCC	1.69047307692308	0.0012384762452951	-1.28688472906404	2.66610481828855e-68	NS	DOWN	False	True	2.97735780598712
MCEMP1	0.443726923076923	0.685275399992338	-2.00006748768473	1.11711879299537e-09	NS	DOWN	False	True	2.443794410761653
MCF2L	-0.767484615384616	0.264454295294791	-6.01451477832512	8.02905558151403e-183	NS	DOWN	False	True	5.247030162940504
MCHR1	1.08726153846154	0.27376273784735	-3.43100443349753	2.2348975231141997e-43	NS	DOWN	False	True	4.51826597195907
MCHR2	0.283626923076923	0.615883133063452	2.36602463054186	6.63138272143432e-27	NS	UP	False	True	-2.082397707464937
MCIDAS	0.461888461538461	0.624193153365641	-1.03197438423645	0.0001121821175181	NS	DOWN	False	True	1.493862845774911
MCM10	0.479311538461538	0.246008648721402	1.71546650246306	3.32402400667891e-22	NS	UP	False	True	-1.236154964001522
MCM6	0.427461538461538	0.165568986408054	1.25538768472906	4.4389901772283795e-70	NS	UP	False	True	-0.8279261462675219
MCMDC2	1.05314230769231	0.0201181198846914	1.7938472906404	5.06961345334868e-66	NS	UP	False	True	-0.7407049829480898
MCOLN2	1.05771538461538	0.0042126146395933	-1.24673793103448	2.1794133515460602e-14	NS	DOWN	False	True	2.3044533156498597
MCOLN3	1.24495769230769	0.134732316328249	-3.07787783251232	4.63542014234199e-82	NS	DOWN	False	True	4.32283552482001
MCRIP1	-0.232192307692305	0.305325900707056	1.37095517241379	5.55656802220484e-116	NS	UP	False	True	-1.603147480106095
MCTP2	1.54262307692308	0.0558731692322582	-1.44451083743842	9.98676922271743e-53	NS	DOWN	False	True	2.9871339143615
MCTS1	0.744784615384616	0.0029869414245856	1.0312881773399	9.43447984884394e-105	NS	UP	False	True	-0.28650356195528404
MDFIC	0.801223076923076	0.0354724680756803	2.2287551724138	1.85902615795494e-161	NS	UP	False	True	-1.427532095490724
MDGA1	0.665780769230769	0.302866248945955	-1.42080098522167	3.81008519544767e-17	NS	DOWN	False	True	2.086581754452439
MDGA2	0.604457692307692	0.47098763020429	-4.51361921182265	2.34201078292007e-75	NS	DOWN	False	True	5.118076904130342
MDK	1.59654230769231	0.0015036056797214	1.35120246305419	5.9758141887134e-39	NS	UP	False	True	0.24533984463812009
MDM2	0.719730769230771	0.008108961504051	1.65938226600986	3.70462282835427e-75	NS	UP	False	True	-0.9396514967790891
ME3	1.07010384615385	0.0468328192074149	1.49053645320197	4.5383574737494e-76	NS	UP	False	True	-0.42043260704812013
MEAK7	0.524480769230769	0.0729597891384287	1.71054827586207	7.5909724516007e-144	NS	UP	False	True	-1.186067506631301
MECOM	1.05982307692308	0.0050803245348903	-1.14406699507389	5.60011259491396e-22	NS	DOWN	False	True	2.20389007199697
MED1	0.947346153846154	0.0007927727344392	1.21616699507389	5.55293314797862e-90	NS	UP	False	True	-0.2688208412277361
MED18	0.344676923076924	0.185488684353453	1.29645812807882	1.5797239516965598e-78	NS	UP	False	True	-0.9517812050018961
MED20	0.875096153846153	0.0012010251172564	1.06421330049261	9.04265463699338e-128	NS	UP	False	True	-0.18911714664645696
MED28	0.887630769230769	0.0013508424752218	1.1359842364532	4.8350337946043e-142	NS	UP	False	True	-0.248353467222431
MEDAG	1.65497307692308	0.0028194912279342	1.46118620689655	1.2854626441623098e-28	NS	UP	False	True	0.19378687002652994
MEF2B	1.14573076923077	0.0348526158688011	-1.51884334975369	1.06231891828196e-72	NS	DOWN	False	True	2.66457411898446
MEFV	0.802865384615385	0.137835217218038	-1.19901674876847	5.18013895870177e-10	NS	DOWN	False	True	2.0018821333838552
MEGF10	2.75917692307692	0.0098683407548308	-1.56879162561576	6.39681556449041e-10	NS	DOWN	False	True	4.32796854869268
MEGF11	2.06438076923077	0.0096425009448758	-5.43608078817733	1.6147776408867202e-105	NS	DOWN	False	True	7.5004615574081
MEGF6	-0.0599846153846153	0.914119955711197	-4.5630275862069	2.34422094648043e-109	NS	DOWN	False	True	4.5030429708222846
MEGF8	0.665861538461539	0.0203695958008668	1.5862433497537	5.87233698474361e-122	NS	UP	False	True	-0.9203818112921611
MEI4	1.99573076923077	0.0080314892972609	1.79633743842365	1.26220372264956e-16	NS	UP	False	True	0.19939333080712007
MEIG1	-0.578219230769231	0.554739806788398	3.05095024630542	1.18017246170743e-16	NS	UP	False	True	-3.629169477074651
MEIOB	0.15439230769231	0.920411677578947	-1.08884532019704	1.59070413413818e-06	NS	DOWN	False	True	1.24323762788935
MEIOSIN	1.61828076923077	0.021501542984876	1.94376009852216	1.23147580945726e-19	NS	UP	False	True	-0.32547932929139
MEIS2	1.13688846153846	0.0151747399536315	1.91297389162562	3.74473992643338e-129	NS	UP	False	True	-0.77608543008716
MEIS3	0.57145	0.263691646357334	3.69260985221675	7.58894174539176e-215	NS	UP	False	True	-3.12115985221675
MELK	0.344511538461538	0.423261645965704	2.55442807881773	1.0765843313496899e-71	NS	UP	False	True	-2.209916540356192
MEOX1	0.293938461538462	0.59481539665535	-7.48283990147783	5.66689727703226e-136	NS	DOWN	False	True	7.776778363016293
MEP1A	-0.319353846153846	0.703027829723767	-1.11784039408867	4.19662658462043e-06	NS	DOWN	False	True	0.7984865479348241
MESD	0.730584615384616	0.0070356370800151	1.58601231527093	8.33063357212371e-161	NS	UP	False	True	-0.855427699886314
MESP1	-0.308057692307691	0.467584564908273	-1.23774778325123	4.13968459490444e-14	NS	DOWN	False	True	0.929690090943539
METRN	-0.03695	0.923418126378974	2.16835714285714	5.71423557422141e-138	NS	UP	False	True	-2.2053071428571402
METTL21A	0.57303076923077	0.0256207555241404	1.36222561576355	9.421623567400971e-91	NS	UP	False	True	-0.7891948465327799
METTL24	2.79265	0.0024066994350296	-1.95639950738916	4.96960737698532e-13	NS	DOWN	False	True	4.74904950738916
METTL25B	-0.0386461538461527	0.861367224838206	-1.0424354679803	1.61058125027494e-101	NS	DOWN	False	True	1.0037893141341474
METTL27	-0.033176923076923	0.957231059630888	1.39171083743842	6.87119817726823e-21	NS	UP	False	True	-1.424887760515343
METTL2B	0.752923076923077	0.0117575503577642	1.10987684729064	1.50832320729716e-91	NS	UP	False	True	-0.35695377036756293
METTL6	0.73126923076923	0.0110650057178401	1.62640098522168	1.6692382910501902e-152	NS	UP	False	True	-0.8951317544524501
METTL9	0.724911538461538	0.0247641082195523	1.26671674876848	1.80720954699521e-117	NS	UP	False	True	-0.5418052103069421
MEX3A	1.31626153846154	0.014225648044792	1.68189704433498	1.96787896767263e-75	NS	UP	False	True	-0.3656355058734402
MFAP2	0.303326923076923	0.591131596194	2.35281231527094	7.94824482864583e-99	NS	UP	False	True	-2.049485392194017
MFAP4	0.920657692307692	0.103437462230759	1.39720541871921	1.44539063394047e-21	NS	UP	False	True	-0.476547726411518
MFGE8	0.715665384615386	0.0671756764242652	1.61653399014779	1.28165648504504e-68	NS	UP	False	True	-0.900868605532404
MFNG	0.345057692307693	0.400460678344188	-6.54786699507389	5.59567076346945e-104	NS	DOWN	False	True	6.892924687381583
MFSD13A	0.145907692307692	0.668604512286677	-1.83915566502463	2.71240178885987e-126	NS	DOWN	False	True	1.985063357332322
MFSD2A	0.28166923076923	0.57234277233466	-4.51196108374384	3.67754650983542e-182	NS	DOWN	False	True	4.79363031451307
MFSD2B	0.443815384615385	0.252808507882006	2.44893004926108	1.18743723859702e-41	NS	UP	False	True	-2.0051146646456948
MFSD4A	1.27778461538462	0.0057693547441796	-4.0462315270936	1.1997915252936101e-145	NS	DOWN	False	True	5.32401614247822
MFSD6	1.42938846153846	0.0016285047051404	-2.89751330049261	1.37821565685606e-164	NS	DOWN	False	True	4.32690176203107
MFSD6L	1.19623076923077	0.181204781587741	-6.62538669950737	1.7236051411283e-136	NS	DOWN	False	True	7.82161746873814
MGAM	1.71139230769231	0.0438694953240473	1.81701280788177	1.53854437493027e-18	NS	UP	False	True	-0.1056205001894599
MGAM2	1.6423	0.102102274073349	-1.87279605911329	7.22227891038781e-13	NS	DOWN	False	True	3.51509605911329
MGARP	1.92541538461539	0.0023473495913142	4.65798719211823	4.8319530686125904e-142	NS	UP	False	True	-2.73257180750284
MGAT1	0.268596153846151	0.301086287071421	1.21483497536946	4.99606294476691e-113	NS	UP	False	True	-0.9462388215233091
MGAT2	1.27748846153846	0.0053408125422627	2.6927118226601	7.55822453437614e-205	NS	UP	False	True	-1.41522336112164
MGAT3	1.21165769230769	0.0044372124740438	-5.10221921182265	2.9727628746633298e-99	NS	DOWN	False	True	6.31387690413034
MGAT5	0.700096153846153	0.0528617603917932	1.14410443349754	1.07369642736101e-78	NS	UP	False	True	-0.4440082796513871
MGST1	0.951742307692307	0.4077056999171	3.83110344827585	1.60509221496548e-143	NS	UP	False	True	-2.879361140583543
MGST2	0.754057692307691	0.134634105156779	-2.52745467980296	3.03092050104191e-166	NS	DOWN	False	True	3.281512372110651
MIA	1.94655384615385	0.0029541278504813	-6.60004039408866	4.9116065373317497e-82	NS	DOWN	False	True	8.546594240242511
MIA-RAB4B	2.16676923076923	0.0127273917946754	-1.88548472906404	3.05473866398129e-10	NS	DOWN	False	True	4.05225395983327
MIB2	0.119226923076922	0.590714346803878	-1.90777290640394	3.44831582614314e-159	NS	DOWN	False	True	2.0269998294808618
MICAL2	0.116207692307693	0.786480340003219	1.12476798029557	1.97859711717778e-45	NS	UP	False	True	-1.008560287987877
MICALL1	0.150834615384616	0.630111714662544	-1.46924630541872	3.15395751974237e-102	NS	DOWN	False	True	1.620080920803336
MICB	0.204515384615384	0.696537799152846	3.25350689655173	3.2797703496445102e-171	NS	UP	False	True	-3.0489915119363458
MID1	0.654646153846154	0.302970577414657	2.25087586206897	1.16840334694543e-122	NS	UP	False	True	-1.596229708222816
MIDEAS	0.79958846153846	0.0037827217922164	-1.88243004926108	3.44922679247413e-167	NS	DOWN	False	True	2.68201851079954
MIEF1	0.689888461538462	0.0160548744312131	1.20198768472906	1.73649852713884e-46	NS	UP	False	True	-0.5120992231905981
MIF4GD	0.249365384615386	0.427443023828893	-1.63193990147784	9.824768391545351e-151	NS	DOWN	False	True	1.881305286093226
MIGA1	1.14326153846154	0.0049734945025689	1.49921280788177	8.51726192362954e-123	NS	UP	False	True	-0.3559512694202298
MILR1	1.34494230769231	0.0033798814589836	4.34973694581281	9.72972438212594e-109	NS	UP	False	True	-3.0047946381205004
MINAR1	1.59081923076923	0.0045523664136192	2.5118236453202	5.448275749061259e-128	NS	UP	False	True	-0.9210044145509702
MINDY1	1.02788076923077	0.0012355040309861	-1.68393596059114	6.31234899720087e-127	NS	DOWN	False	True	2.7118167298219102
MINK1	0.548215384615386	0.014740102209003	-2.6217157635468	1.6946665247032099e-195	NS	DOWN	False	True	3.169931148162186
MINPP1	1.04685769230769	0.0050344238974523	1.80252019704434	2.749154648792e-130	NS	UP	False	True	-0.7556625047366501
MIOX	1.41602307692308	0.197094960060442	4.61559704433497	8.28487024035191e-52	NS	UP	False	True	-3.1995739674118897
MIP	0.901623076923078	0.134030135696714	1.59961428571428	4.85320813093044e-09	NS	UP	False	True	-0.6979912087912021
MIPEP	0.0578076923076916	0.794207473171151	-1.72923103448276	9.23226242857908e-137	NS	DOWN	False	True	1.7870387267904515
MIPOL1	1.43927692307692	0.0155307080716164	1.47275862068965	2.61664795266259e-89	NS	UP	False	True	-0.0334816976127299
MIR1915HG	0.773484615384616	0.0992553971373557	1.43759753694581	5.7798846675284607e-67	NS	UP	False	True	-0.6641129215611941
MIR9-1HG	1.60609615384616	0.141916868760038	-3.07196945812807	2.28137411064013e-23	NS	DOWN	False	True	4.67806561197423
MISP	1.49823076923077	0.170416650525603	-3.24094236453201	6.48928775961973e-54	NS	DOWN	False	True	4.73917313376278
MISP3	0.917223076923078	0.0560698682765766	-3.77730246305419	2.89157879735881e-198	NS	DOWN	False	True	4.694525539977268
MIXL1	2.40394615384616	0.0071782213350474	2.17429901477832	7.34917489534956e-13	NS	UP	False	True	0.2296471390678403
MKNK2	0.0559923076923061	0.802729203687655	-1.30138128078818	2.74948209162168e-71	NS	DOWN	False	True	1.357373588480486
MKRN2	0.838846153846153	0.002927078534648	1.45009753694581	4.1772293896171204e-154	NS	UP	False	True	-0.611251383099657
MKRN2OS	1.38641538461538	0.133861422066567	-3.49509556650246	6.601223405337221e-91	NS	DOWN	False	True	4.88151095111784
MKRN3	-0.612880769230769	0.676938656865467	1.90835172413793	7.61777978070965e-20	NS	UP	False	True	-2.521232493368699
MKX	2.43860384615385	0.0018034916730046	4.10149408866995	1.61091661840963e-74	NS	UP	False	True	-1.6628902425161
MLANA	-1.09068461538462	0.133559521340403	-6.54900837438424	4.5627937814094195e-174	NS	DOWN	False	True	5.45832375899962
MLC1	1.52438461538462	0.124092711807518	-5.57974679802955	2.84118312464327e-85	NS	DOWN	False	True	7.10413141341417
MLEC	0.558019230769232	0.0352522704495881	1.62172266009853	7.02442686989038e-146	NS	UP	False	True	-1.063703429329298
MLIP	-1.49157692307692	0.257620425045861	-7.18822167487684	1.02095188301886e-127	NS	DOWN	False	True	5.69664475179992
MLXIPL	1.34130769230769	0.161964450135472	-4.19684433497537	8.319770523421769e-102	NS	DOWN	False	True	5.5381520272830596
MMACHC	0.31178076923077	0.523369031666786	1.53378128078818	6.49271177518037e-88	NS	UP	False	True	-1.2220005115574102
MMD	0.887146153846153	0.0118243809674863	1.91160886699507	5.62790410598993e-89	NS	UP	False	True	-1.024462713148917
MME	-0.294192307692307	0.708050079114831	9.84512561576354	4.61618965053181e-282	NS	UP	False	True	-10.139317923455845
MMEL1	0.937892307692308	0.395893240836896	-4.53670295566502	1.50488876992996e-47	NS	DOWN	False	True	5.474595263357328
MMP1	0.692861538461539	0.460949466611574	9.39148620689654	8.860336881088319e-103	NS	UP	False	True	-8.698624668435
MMP10	2.34573846153846	0.065188462609509	2.70964630541872	1.5055525542995701e-15	NS	UP	False	True	-0.36390784388025965
MMP11	0.816553846153846	0.0433853862227435	1.17676206896552	4.0034437181321804e-17	NS	UP	False	True	-0.3602082228116741
MMP12	1.9252	0.0293201778552471	1.75059014778325	1.2903072305087e-07	NS	UP	False	True	0.17460985221675007
MMP13	0.90895	0.421430668378978	-1.32357832512316	3.11737110194108e-05	NS	DOWN	False	True	2.2325283251231602
MMP14	-0.0089461538461543	0.98360363912778	2.1442881773399	8.238438956955669e-130	NS	UP	False	True	-2.1532343311860545
MMP17	0.0942769230769258	0.80017905364655	1.19776896551724	4.1912932735644695e-70	NS	UP	False	True	-1.1034920424403143
MMP19	0.940238461538462	0.004727359049524	2.95013399014778	8.87211041537627e-146	NS	UP	False	True	-2.009895528609318
MMP2	0.385596153846151	0.514765820182087	2.5976157635468	2.32543871054678e-90	NS	UP	False	True	-2.212019609700649
MMP21	2.25213846153847	0.0019907545682001	-1.74475566502463	8.83055933562673e-12	NS	DOWN	False	True	3.9968941265631
MMP23B	-0.214057692307692	0.633462907198368	-1.19744384236453	3.15705020233732e-20	NS	DOWN	False	True	0.9833861500568379
MMP27	1.36772307692308	0.163238127659021	-3.04873054187192	6.82314310593294e-33	NS	DOWN	False	True	4.416453618795
MMP28	1.00318076923077	0.123001812055618	-6.95142955665025	4.45604808954425e-170	NS	DOWN	False	True	7.954610325881021
MMP3	1.13888461538462	0.2587462461694	3.12412660098523	6.23052240375824e-24	NS	UP	False	True	-1.98524198560061
MMP7	2.38485384615385	0.0198579944369053	-5.09468128078818	1.72859462494498e-84	NS	DOWN	False	True	7.4795351269420305
MMP8	-0.456184615384616	0.732935388674369	3.67807980295566	4.56686063865049e-38	NS	UP	False	True	-4.134264418340276
MMP9	0.220803846153846	0.706559758610744	-2.12881674876847	9.18810991366641e-27	NS	DOWN	False	True	2.349620594922316
MMRN1	0.836484615384617	0.231080175581677	-7.43972266009851	3.44882515527716e-153	NS	DOWN	False	True	8.276207275483127
MMRN2	0.286865384615384	0.390570328895369	-3.97192610837439	5.38896785224399e-187	NS	DOWN	False	True	4.258791492989774
MNAT1	0.9105	0.0070356863728181	1.65335369458128	1.61435619509787e-125	NS	UP	False	True	-0.7428536945812799
MND1	0.237530769230769	0.554448572302144	1.66290837438424	2.79815412794285e-17	NS	UP	False	True	-1.425377605153471
MNS1	1.34969230769231	0.0063453992129446	2.47602019704434	2.56344063985418e-117	NS	UP	False	True	-1.12632788935203
MNX1	-1.13896923076923	0.305325900707056	-4.8968448275862	8.88310321448806e-80	NS	DOWN	False	True	3.7578755968169704
MOB2	0.235934615384617	0.227503366990281	-1.79229753694581	1.1233848069540699e-166	NS	DOWN	False	True	2.028232152330427
MOB3B	0.781534615384616	0.0844812297348188	-3.18808029556651	5.22775736851427e-99	NS	DOWN	False	True	3.969614910951126
MOBP	1.3294576923077	0.0916707766219291	-2.22308719211823	7.571375771955491e-15	NS	DOWN	False	True	3.55254488442593
MOCOS	0.346507692307692	0.554946983910298	1.77366305418719	3.7211067318660796e-70	NS	UP	False	True	-1.427155361879498
MOCS3	0.495303846153847	0.0596313914794707	1.0906039408867	3.208510071875e-60	NS	UP	False	True	-0.5953000947328531
MOGAT1	-0.0991461538461511	0.912507758775042	-3.04020985221675	4.8186152431472805e-20	NS	DOWN	False	True	2.941063698370599
MOGAT2	0.888138461538464	0.378520996999174	-7.60117980295565	1.11152968050595e-107	NS	DOWN	False	True	8.489318264494113
MOK	0.724576923076924	0.0333134493067768	1.84620738916256	1.45135581321475e-97	NS	UP	False	True	-1.121630466085636
MON1B	0.708746153846153	0.010986683635398	1.05467733990148	3.52707003427864e-82	NS	UP	False	True	-0.3459311860553269
MORF4L1	1.09637307692308	0.0018641804578258	1.69978571428571	6.4415823556072695e-195	NS	UP	False	True	-0.6034126373626301
MORF4L2	0.995461538461538	0.0096812640024064	1.90506699507389	1.61942903413715e-157	NS	UP	False	True	-0.9096054566123521
MORN2	0.620861538461538	0.0103929428568041	1.55721231527093	3.99427855469791e-130	NS	UP	False	True	-0.936350776809392
MORN3	1.43539230769231	0.0384092163242242	-2.5891	1.8526223596030198e-107	NS	DOWN	False	True	4.02449230769231
MORN4	0.223384615384616	0.450657436005855	1.07718275862069	8.902418957042e-70	NS	UP	False	True	-0.853798143236074
MOSPD3	-0.211061538461538	0.304173018154217	-1.25252807881774	1.36982881074161e-115	NS	DOWN	False	True	1.041466540356202
MOV10	0.167676923076922	0.490173268931936	-1.38397586206896	2.7895170322486e-138	NS	DOWN	False	True	1.551652785145882
MOXD1	2.35405384615384	0.005645109370905	1.45980985221675	1.1405321408828e-54	NS	UP	False	True	0.8942439939370899
MPEG1	1.24076538461539	0.0051892672574287	-6.44185812807881	6.886501792669589e-137	NS	DOWN	False	True	7.6826235126941995
MPG	0.382619230769231	0.044928351294806	1.3476906403941	3.47143031913204e-156	NS	UP	False	True	-0.965071409624869
MPHOSPH9	0.978515384615385	0.0071344930927572	1.68598571428571	7.114893483178519e-107	NS	UP	False	True	-0.707470329670325
MPI	0.265249999999999	0.346256321161427	1.43253596059114	3.31142378501113e-140	NS	UP	False	True	-1.167285960591141
MPIG6B	1.60338461538462	0.0984233386247768	-9.9355290640394	1.14609480008317e-173	NS	DOWN	False	True	11.53891367942402
MPL	0.946434615384619	0.235143647781881	-3.38323349753694	1.45434840437441e-39	NS	DOWN	False	True	4.329668112921559
MPLKIP	0.315742307692308	0.197722616522979	1.00139655172414	7.28226934305645e-108	NS	UP	False	True	-0.6856542440318321
MPO	1.60307692307693	0.0195291583660529	-2.48994827586207	9.59623136755567e-21	NS	DOWN	False	True	4.093025198939
MPP3	0.725092307692308	0.0306393041834007	1.32089113300493	7.245707660044449e-92	NS	UP	False	True	-0.595798825312622
MPP4	0.387315384615385	0.67814801790207	4.55077290640394	7.923852485641019e-94	NS	UP	False	True	-4.163457521788555
MPP7	1.58290769230769	0.0912779351932509	-5.91567487684729	3.06907459632575e-222	NS	DOWN	False	True	7.49858256915498
MPPED1	1.47933461538462	0.0943975996484868	-7.11334137931033	6.21267629297608e-147	NS	DOWN	False	True	8.59267599469495
MPPED2	2.02757307692308	0.0132989621013457	-5.99056354679802	1.98842905651425e-86	NS	DOWN	False	True	8.0181366237211
MPST	0.225088461538464	0.605435128881906	-1.03084729064039	2.95905529798946e-79	NS	DOWN	False	True	1.2559357521788541
MPV17	0.0856846153846167	0.688771294334973	1.31225714285714	4.87578796979806e-178	NS	UP	False	True	-1.2265725274725232
MPV17L	0.454123076923077	0.627969220009958	-3.40172413793103	1.8584636239348798e-94	NS	DOWN	False	True	3.8558472148541068
MPZL1	1.30606153846154	0.00447579802624	2.44099507389163	1.16073462514171e-187	NS	UP	False	True	-1.1349335354300902
MPZL2	1.93216153846154	0.0084486767629305	-8.51631379310345	2.73416762351392e-196	NS	DOWN	False	True	10.448475331564989
MPZL3	1.64810384615385	0.0098275072110429	-7.56515960591133	1.49582832979085e-234	NS	DOWN	False	True	9.213263452065181
MR1	1.26735769230769	0.001810054794128	1.70975073891626	7.32363253576026e-117	NS	UP	False	True	-0.44239304660857015
MRAP	0.951315384615388	0.305261422546532	-3.41201576354679	2.7826852358488497e-18	NS	DOWN	False	True	4.363331148162178
MRAS	0.675096153846153	0.0933211986438891	2.45333201970443	2.53156740980417e-102	NS	UP	False	True	-1.778235865858277
MRC2	1.38910384615385	0.0013312206464805	2.52943300492611	4.9902954490332e-126	NS	UP	False	True	-1.1403291587722597
MREG	0.768626923076922	0.0496471548453983	-2.82447142857143	2.43011771271657e-190	NS	DOWN	False	True	3.5930983516483517
MRGPRD	-0.236530769230768	0.491846649667134	-1.9259078817734	1.39986368965229e-12	NS	DOWN	False	True	1.689377112542632
MRGPRF	0.285207692307692	0.543461944338635	1.3872433497537	1.6052262134757203e-67	NS	UP	False	True	-1.102035657446008
MRGPRX1	0.256084615384617	0.579593742716972	-1.60787832512315	3.1364911305971697e-12	NS	DOWN	False	True	1.8639629405077671
MRGPRX2	1.71731153846154	0.0043899670315351	-7.8496266009852	3.64166491817163e-177	NS	DOWN	False	True	9.56693813944674
MRGPRX3	2.93446538461539	0.0116589034527325	-1.27997438423645	6.48262150001252e-05	NS	DOWN	False	True	4.21443976885184
MRLN	0.304257692307695	0.773341744098875	-2.88478817733989	4.2352963562067704e-17	NS	DOWN	False	True	3.1890458696475847
MROH1	0.0273807692307688	0.910561223726262	-1.13245615763547	1.47411566633509e-112	NS	DOWN	False	True	1.1598369268662387
MROH2A	0.782857692307696	0.435868120429236	-7.28799655172412	2.08914626429986e-131	NS	DOWN	False	True	8.070854244031816
MROH6	-0.054188461538462	0.859793797951433	-2.97783891625616	1.80142789017162e-171	NS	DOWN	False	True	2.923650454717698
MROH7	2.08138076923077	0.001681061251077	-3.67750640394089	1.4376927798419498e-83	NS	DOWN	False	True	5.75888717317166
MROH9	0.372642307692309	0.709518688967646	3.95561231527093	2.38989834366443e-49	NS	UP	False	True	-3.5829700075786213
MRPL16	0.555173076923077	0.0066382151974858	1.11196600985222	1.57458808261566e-127	NS	UP	False	True	-0.5567929329291429
MRPL17	0.162315384615384	0.437696432433726	1.29925320197044	4.50219204515561e-117	NS	UP	False	True	-1.136937817355056
MRPL19	1.00719615384616	0.0011997570171091	1.63324137931035	3.37022082435293e-134	NS	UP	False	True	-0.62604522546419
MRPL3	0.639973076923076	0.0067135466288685	1.50721970443349	8.31750155469913e-145	NS	UP	False	True	-0.867246627510414
MRPL32	0.84918076923077	0.0005690672562607	1.47432266009852	2.5111776869192198e-129	NS	UP	False	True	-0.62514189086775
MRPL33	0.86261153846154	0.0005839187883841	1.43136502463054	2.02604397881195e-139	NS	UP	False	True	-0.568753486169
MRPL35	0.494284615384617	0.0629667700625105	1.63154532019705	1.3964278376322201e-148	NS	UP	False	True	-1.137260704812433
MRPL36	0.0493499999999996	0.813517194068239	1.36696157635467	4.2276159702798005e-106	NS	UP	False	True	-1.3176115763546705
MRPL47	0.200246153846155	0.380639800118386	1.0096684729064	1.7372149980804702e-98	NS	UP	False	True	-0.8094223190602451
MRPS17	0.196115384615384	0.308664700135137	1.30470295566503	4.81206022260231e-90	NS	UP	False	True	-1.108587571049646
MRPS23	0.522503846153847	0.094329959754228	1.46730098522168	6.00277259999594e-130	NS	UP	False	True	-0.944797139067833
MRPS28	0.651415384615382	0.0057070955042923	1.12569802955665	1.34622378571449e-92	NS	UP	False	True	-0.47428264494126815
MRPS33	0.253257692307693	0.296322336277682	1.0919118226601	3.8395259218601e-116	NS	UP	False	True	-0.8386541303524069
MRPS35	0.967199999999999	0.002190111597122	1.00124285714286	7.98062647751223e-88	NS	UP	False	True	-0.03404285714286104
MS4A1	1.86528846153846	0.0640232229697283	-2.03307192118226	9.37378950516268e-11	NS	DOWN	False	True	3.89836038272072
MS4A14	1.26916923076923	0.0198410219766353	-5.75262413793103	7.921846427699871e-95	NS	DOWN	False	True	7.02179336870026
MS4A15	0.869957692307695	0.536964797911642	-1.22322118226601	3.83819149412979e-07	NS	DOWN	False	True	2.093178874573705
MS4A3	0.705369230769232	0.416873299111184	-1.22561822660098	1.09212137573188e-06	NS	DOWN	False	True	1.930987457370212
MS4A6E	0.31098076923077	0.688638453695465	-1.1411763546798	3.2790391546282e-06	NS	DOWN	False	True	1.45215712391057
MSANTD1	1.40397692307692	0.0089317809699695	-1.92525960591132	5.2490622793833e-47	NS	DOWN	False	True	3.3292365289882397
MSANTD3	0.327465384615384	0.288161403908876	2.18692167487685	1.9253054606270002e-169	NS	UP	False	True	-1.8594562902614657
MSANTD3-TMEFF1	1.53257692307692	0.0015530641789303	3.85368374384237	1.92922386000286e-119	NS	UP	False	True	-2.32110682076545
MSC	-0.715115384615384	0.305310079478912	3.23797733990148	1.78706605567646e-116	NS	UP	False	True	-3.953092724516864
MSH5-SAPCD1	0.683550000000001	0.0662202045254799	-2.57218965517241	5.124002824079801e-121	NS	DOWN	False	True	3.2557396551724107
MSH6	0.826234615384615	0.0094169624067722	1.50973004926109	5.1290002581231597e-141	NS	UP	False	True	-0.6834954338764749
MSI1	1.56257307692308	0.104880473861762	-4.39887290640393	1.48386242475625e-67	NS	DOWN	False	True	5.9614459833270095
MSLN	1.77611538461539	0.0352310166319888	-4.74054187192117	9.48010101116365e-62	NS	DOWN	False	True	6.51665725653656
MSLNL	0.0216115384615421	0.957706711511651	-3.43521379310344	3.24086649439483e-42	NS	DOWN	False	True	3.456825331564982
MSMB	0.423707692307696	0.807162910966595	-9.14571477832511	4.10930067791667e-97	NS	DOWN	False	True	9.569422470632805
MSMP	3.39644615384616	0.007028193088983	-3.71231280788177	1.0664981448278e-29	NS	DOWN	False	True	7.10875896172793
MSN	0.40708846153846	0.101270579406812	1.2808118226601	2.98220865591584e-101	NS	UP	False	True	-0.87372336112164
MSRB2	-0.775446153846154	0.0019524495537736	1.8511487684729	1.18225987500366e-161	NS	UP	False	True	-2.626594922319054
MSRB3	1.05575769230769	0.0313301992508606	3.28580246305419	1.6670828317725297e-179	NS	UP	False	True	-2.2300447707465
MST1R	0.447903846153846	0.535742632842496	-6.5539197044335	4.8227592298171995e-230	NS	DOWN	False	True	7.001823550587345
MSX1	0.17205	0.720297554864205	2.42700197044335	4.1262154304819403e-110	NS	UP	False	True	-2.25495197044335
MT-CO3	-0.812546153846153	0.0031045069522761	-1.60548029556651	5.162244771607909e-122	NS	DOWN	False	True	0.7929341417203569
MT-ND1	-0.798938461538459	0.0137471668772913	-1.19949310344828	2.01532130203184e-53	NS	DOWN	False	True	0.40055464190982104
MT-ND2	-0.801319230769227	0.0103621880007742	-1.13869458128079	7.53565034115805e-40	NS	DOWN	False	True	0.3373753505115631
MT-ND3	-0.740796153846158	0.0151249503665441	-1.50115960591133	2.70479719111708e-62	NS	DOWN	False	True	0.7603634520651719
MT1A	1.53792692307692	0.283607184663843	1.98653842364532	4.76063933351521e-19	NS	UP	False	True	-0.44861150056840016
MT1E	0.349107692307691	0.535337746252366	1.97372413793104	4.85502670917394e-68	NS	UP	False	True	-1.624616445623349
MT1F	-0.625319230769229	0.270472589013151	-1.41082463054187	1.2968017270767e-38	NS	DOWN	False	True	0.7855053997726409
MT1G	0.459376923076923	0.598096584097458	-3.22740246305418	3.3885665372698798e-96	NS	DOWN	False	True	3.686779386131103
MT1H	3.54003846153846	0.0102938628702459	-9.09649507389161	3.693496261641e-113	NS	DOWN	False	True	12.63653353543007
MT1X	0.515615384615385	0.135518069082987	-3.06709359605911	2.43410675800275e-109	NS	DOWN	False	True	3.5827089806744947
MT2A	0.45169615384615	0.24614535970888	2.8719330049261	8.64312488374966e-84	NS	UP	False	True	-2.4202368510799497
MT3	2.19101923076923	0.0894541306100802	-3.16390295566502	1.60866561955584e-27	NS	DOWN	False	True	5.3549221864342496
MT4	-0.360573076923073	0.597957963836364	-13.8005896551724	5.048100590262649e-147	NS	DOWN	False	True	13.440016578249327
MTAP	0.990076923076924	0.0332736741087489	1.54727684729064	1.9507147047682503e-132	NS	UP	False	True	-0.557199924213716
MTCL1	0.392596153846153	0.321855201671453	2.96346009852217	1.10430240506678e-142	NS	UP	False	True	-2.570863944676017
MTERF1	1.08119615384615	0.0018273325518058	1.58533497536946	5.18077111214559e-123	NS	UP	False	True	-0.50413882152331
MTHFD1L	-0.258473076923078	0.533903980984175	3.69325073891626	7.90548270224605e-202	NS	UP	False	True	-3.951723815839338
MTHFD2	0.696284615384614	0.0431932173546698	2.83874236453202	8.46348976853802e-146	NS	UP	False	True	-2.142457749147406
MTHFS	0.508342307692309	0.0523383600549007	1.68206551724138	2.48736718517952e-112	NS	UP	False	True	-1.173723209549071
MTIF2	0.738653846153846	0.0069106050663505	1.10677093596059	1.76096812984196e-104	NS	UP	False	True	-0.36811708980674396
MTMR3	0.807792307692308	0.0010532277790044	-1.23796995073892	6.11371646904977e-83	NS	DOWN	False	True	2.045762258431228
MTMR8	0.823538461538461	0.245228974416127	-4.7262448275862	9.308002149033e-68	NS	DOWN	False	True	5.549783289124661
MTNR1B	-0.101642307692307	0.89310246859346	-1.07658078817734	1.15436337966484e-08	NS	DOWN	False	True	0.974938480485033
MTPN	0.972719230769231	0.007660787184849	1.59690344827587	1.69491248830132e-177	NS	UP	False	True	-0.624184217506639
MTRES1	0.753153846153846	0.0014305499585794	1.25538226600985	8.9665069055574e-128	NS	UP	False	True	-0.502228419856004
MTSS1	1.33238076923077	0.0108417109732284	-2.82002118226601	3.12882035712128e-95	NS	DOWN	False	True	4.15240195149678
MTUS1	1.41261538461538	0.00112870722805	-4.4648	6.475062513545699e-186	NS	DOWN	False	True	5.8774153846153805
MTUS2	1.41140384615385	0.0330587988672606	1.76354729064039	2.73056439493787e-27	NS	UP	False	True	-0.3521434444865399
MTX2	0.8213	0.0021870481221439	1.01035320197045	2.25932881032262e-78	NS	UP	False	True	-0.18905320197044995
MUC13	1.30988846153847	0.146727003672358	2.08705172413793	5.92411654997536e-15	NS	UP	False	True	-0.7771632625994598
MUC15	2.57059615384616	0.0907883003706539	-9.34307487684729	2.2848203833834497e-179	NS	DOWN	False	True	11.91367103069345
MUC16	0.390234615384617	0.666368566368672	-4.03647142857143	6.09215933529851e-38	NS	DOWN	False	True	4.426706043956047
MUC19	1.96104230769231	0.0674595646134433	3.25181182266009	6.78882470374591e-17	NS	UP	False	True	-1.2907695149677798
MUC20	0.983973076923077	0.0573272897124548	-2.65153891625616	6.448091813765589e-78	NS	DOWN	False	True	3.635511993179237
MUC3A	0.386288461538461	0.587248005999539	-4.22423793103448	1.3031397447839e-61	NS	DOWN	False	True	4.610526392572941
MUC4	1.46621538461539	0.129952630898454	-3.15715517241379	4.06129636646286e-41	NS	DOWN	False	True	4.62337055702918
MUC5B	1.52363076923077	0.0583442976242378	-3.61411773399014	2.1900487983387098e-43	NS	DOWN	False	True	5.1377485032209105
MUC7	2.10039615384615	0.163203164077718	-5.55516502463054	6.09395810206234e-35	NS	DOWN	False	True	7.65556117847669
MUCL1	-0.297699999999998	0.891599807298878	-11.3305660098522	2.79094436856874e-123	NS	DOWN	False	True	11.032866009852203
MUSK	1.92699230769231	0.0056072250521561	4.60831921182266	7.69730949590681e-91	NS	UP	False	True	-2.6813269041303496
MUSTN1	-0.525326923076924	0.599254763788079	-6.05488620689655	2.49466902538117e-76	NS	DOWN	False	True	5.529559283819626
MVD	0.0414038461538455	0.887745373392893	-1.21577093596059	8.64982773558169e-65	NS	DOWN	False	True	1.2571747821144355
MVK	-0.198384615384616	0.329108939707811	-1.88851330049261	1.04898385143344e-111	NS	DOWN	False	True	1.690128685107994
MVP	0.135411538461538	0.70553320421221	1.35519113300492	1.85572549357706e-127	NS	UP	False	True	-1.219779594543382
MX1	1.46025384615384	0.0214406573263246	-1.39607931034483	1.31434953848321e-35	NS	DOWN	False	True	2.85633315649867
MXD1	1.09406923076923	0.0026181348514467	-2.53990246305419	2.43054932365822e-131	NS	DOWN	False	True	3.63397169382342
MXRA7	0.157576923076924	0.680620401793168	2.35379802955665	1.3608559383780099e-168	NS	UP	False	True	-2.196221106479726
MXRA8	0.17603846153846	0.713369084920306	2.7078802955665	4.5443770823890597e-141	NS	UP	False	True	-2.53184183402804
MYADM	0.389196153846155	0.364538010648777	2.33585714285715	7.76694580844562e-131	NS	UP	False	True	-1.946660989010995
MYADML2	1.86379615384616	0.0074036976060684	1.37889064039409	9.03450439908763e-08	NS	UP	False	True	0.4849055134520701
MYB	0.0584192307692308	0.931773674706672	-6.45451034482758	7.233163956609641e-121	NS	DOWN	False	True	6.512929575596811
MYBL1	1.35508846153846	0.0060927571401032	2.3466	8.55509607237253e-86	NS	UP	False	True	-0.99151153846154
MYBPC1	2.37306923076923	0.0347687696146951	-3.25499901477833	1.68715630727505e-40	NS	DOWN	False	True	5.62806824554756
MYBPC2	0.934519230769231	0.269539859341418	-2.40720788177339	7.449849678309901e-20	NS	DOWN	False	True	3.341727112542621
MYBPC3	1.67290384615385	0.0081611265413325	-2.66000344827586	5.2061391881872e-31	NS	DOWN	False	True	4.33290729442971
MYCL	0.853223076923077	0.111667612300766	-8.40048916256158	2.11269707344371e-226	NS	DOWN	False	True	9.253712239484658
MYCN	1.22365384615385	0.129586115429967	-6.89502315270935	3.3439262268891597e-134	NS	DOWN	False	True	8.1186769988632
MYCT1	1.12002692307692	0.0017016896209755	-6.80512266009852	1.2788722080150102e-132	NS	DOWN	False	True	7.92514958317544
MYDGF	0.485361538461537	0.0426080978878258	1.75414581280788	1.10465909435891e-201	NS	UP	False	True	-1.2687842743463429
MYEOV	-0.357384615384614	0.677462202564638	-2.40516551724138	2.66858260468445e-49	NS	DOWN	False	True	2.047780901856766
MYF6	1.14208461538462	0.0799071365413191	2.29786748768472	3.11703596639059e-13	NS	UP	False	True	-1.1557828723000998
MYH10	0.662576923076926	0.1885151068356	1.89147093596059	1.0760555899947802e-120	NS	UP	False	True	-1.2288940128836638
MYH11	0.701926923076924	0.0647346870407605	-4.4382236453202	5.51177505574473e-125	NS	DOWN	False	True	5.140150568397123
MYH13	1.1237	0.091273971698531	2.71666748768473	1.3635378515154602e-35	NS	UP	False	True	-1.5929674876847302
MYH14	0.172357692307693	0.819654665276908	-9.75809113300492	3.3520459080314703e-296	NS	DOWN	False	True	9.930448825312613
MYH3	1.36548461538462	0.0018042359869505	-1.40137733990148	9.73841533125684e-59	NS	DOWN	False	True	2.7668619552861
MYH6	1.15996923076923	0.0778547119451872	-2.34043152709359	1.91123130864578e-19	NS	DOWN	False	True	3.5004007578628196
MYH7	0.639549999999999	0.494983629290214	-1.96089261083744	1.94475584578874e-16	NS	DOWN	False	True	2.600442610837439
MYH7B	1.12530384615385	0.0418437873474269	-1.19754137931035	9.820360490158e-34	NS	DOWN	False	True	2.3228452254642002
MYL1	0.0203653846153884	0.97811507290952	-1.7339566502463	1.5309658243255e-07	NS	DOWN	False	True	1.7543220348616884
MYL11	-0.35945	0.4077056999171	-1.62930098522167	1.98947062145232e-14	NS	DOWN	False	True	1.26985098522167
MYL12A	0.184738461538466	0.424315563438946	1.38159950738916	6.728864619817531e-167	NS	UP	False	True	-1.196861045850694
MYL2	-0.451030769230766	0.700810469086798	-2.0755802955665	7.744667537842749e-12	NS	DOWN	False	True	1.6245495263357341
MYL4	1.28966538461539	0.0256009960987863	-1.75683645320197	2.2021320663940197e-11	NS	DOWN	False	True	3.04650183781736
MYL6B	0.337365384615388	0.107309171725691	1.26420689655172	8.50763373298608e-123	NS	UP	False	True	-0.9268415119363319
MYL7	0.736434615384617	0.452615117913091	-2.89033891625615	2.65062031128262e-14	NS	DOWN	False	True	3.626773531640767
MYL9	0.10731153846154	0.848735746382781	1.37599458128079	3.6550302404346e-39	NS	UP	False	True	-1.2686830428192502
MYLK4	2.02299230769231	0.0018553187768537	-1.77192610837439	8.38313087478256e-56	NS	DOWN	False	True	3.7949184160667
MYMX	0.670134615384618	0.570627190621313	-6.00250738916255	4.7496566282320605e-73	NS	DOWN	False	True	6.672642004547168
MYO16	-0.331673076923079	0.710479167318873	2.60105615763546	1.9825041429953098e-57	NS	UP	False	True	-2.932729234558539
MYO18A	0.0772153846153856	0.748924509442663	-2.10670985221675	2.61042821555162e-173	NS	DOWN	False	True	2.1839252368321356
MYO18B	1.61473461538462	0.133639853075218	-2.60538325123152	1.3412230187255601e-31	NS	DOWN	False	True	4.22011786661614
MYO19	0.266450000000001	0.226373333129707	-1.58925517241379	7.191059744279081e-132	NS	DOWN	False	True	1.855705172413791
MYO1A	0.281423076923077	0.744948020951446	-4.42534285714285	2.79930039179454e-58	NS	DOWN	False	True	4.706765934065927
MYO1B	0.8159	0.0296048963013514	2.94214137931035	6.84762579387723e-190	NS	UP	False	True	-2.12624137931035
MYO1G	0.512234615384615	0.261681088958761	-5.15770295566502	8.76887840047121e-130	NS	DOWN	False	True	5.669937571049634
MYO3A	1.64502307692308	0.100595921624506	-7.01861625615762	1.25280175293241e-151	NS	DOWN	False	True	8.6636393330807
MYO5B	2.5462	0.0045451022717778	-7.08321625615764	1.09465604136549e-222	NS	DOWN	False	True	9.62941625615764
MYO5C	1.85490769230769	0.0036170008112095	-5.68836157635468	1.1147521428996499e-178	NS	DOWN	False	True	7.54326926866237
MYO7A	1.42823461538462	0.0080888758370331	-3.97066108374384	4.57611241316125e-118	NS	DOWN	False	True	5.39889569912846
MYO7B	-1.00642692307692	0.0888307993741878	-5.48175073891625	3.74525303242152e-121	NS	DOWN	False	True	4.47532381583933
MYOC	2.88723461538462	0.01529252535496	-3.95366699507389	3.1118969869300797e-69	NS	DOWN	False	True	6.84090161045851
MYOCD	0.594803846153851	0.436850113956362	-3.24428226600985	5.951748812381571e-61	NS	DOWN	False	True	3.8390861121637005
MYOF	1.25628846153846	0.0141113049413114	1.5956078817734	2.33995382418237e-143	NS	UP	False	True	-0.3393194202349401
MYOM1	0.64938076923077	0.219951372438278	-1.31017192118227	2.5317025735048696e-30	NS	DOWN	False	True	1.95955269041304
MYOM3	0.512457692307693	0.566296428357724	-5.00497881773399	2.13217079507505e-141	NS	DOWN	False	True	5.517436510041684
MYORG	0.226988461538462	0.676047020042382	-1.95601625615764	1.0081315475791201e-117	NS	DOWN	False	True	2.183004717696102
MYOZ1	0.848603846153846	0.236015295694777	-1.91545665024631	5.03901130709448e-21	NS	DOWN	False	True	2.764060496400156
MYOZ2	-0.393046153846153	0.742102932891251	2.18319507389162	2.80141224601297e-48	NS	UP	False	True	-2.576241227737773
MYOZ3	1.34532692307692	0.0400019136248793	1.01081280788177	9.65692714081592e-13	NS	UP	False	True	0.33451411519515006
MYPN	0.0981653846153856	0.925953385704465	5.43887192118226	2.6920113065912e-107	NS	UP	False	True	-5.340706536566874
MYRFL	0.771730769230773	0.423817963784452	-7.36379359605911	6.074664954781401e-112	NS	DOWN	False	True	8.135524365289882
MYRIP	2.46201923076923	0.0015881170850633	-1.62847290640394	1.3022248969650598e-29	NS	DOWN	False	True	4.09049213717317
MYT1	0.323096153846154	0.634779787156731	-2.53261428571428	8.397172841210259e-33	NS	DOWN	False	True	2.855710439560434
MYZAP	0.905276923076923	0.132986574536858	-5.69596403940886	5.39168294690335e-121	NS	DOWN	False	True	6.601240962485783
MZB1	-0.301707692307693	0.762301078683271	-2.70023743842364	3.45548379475915e-19	NS	DOWN	False	True	2.398529746115947
MZT1	1.28298846153846	0.0016946012934918	1.43716896551724	5.61495427713582e-71	NS	UP	False	True	-0.15418050397878003
N4BP3	-0.922188461538462	0.0552420371139982	-6.66782660098522	3.1254467659661504e-245	NS	DOWN	False	True	5.745638139446758
NAA50	1.00487307692308	0.0035741099774308	1.28131871921183	5.0826424149465804e-111	NS	UP	False	True	-0.27644564228875
NAALAD2	1.61980769230769	0.0035153169199334	1.72034384236453	2.88696848956289e-48	NS	UP	False	True	-0.10053615005684002
NAALADL1	1.5728	0.0046388654546351	1.68480689655172	1.3947131543375698e-125	NS	UP	False	True	-0.11200689655172003
NABP1	0.657842307692308	0.036291956171101	4.4798748768473	8.53456519172423e-206	NS	UP	False	True	-3.822032569154992
NACA2	0.201503846153846	0.495676907448292	-1.19798226600985	3.779559745974e-06	NS	DOWN	False	True	1.3994861121636961
NACC1	0.0389769230769224	0.856627526503733	1.36921625615764	9.83958635120196e-97	NS	UP	False	True	-1.3302393330807176
NACC2	0.499399999999999	0.164277416938162	1.79551231527093	4.50346204553999e-140	NS	UP	False	True	-1.296112315270931
NAGA	-0.110173076923078	0.708422992835563	1.1168433497537	1.71857097701678e-97	NS	UP	False	True	-1.227016426676778
NAGS	0.657873076923077	0.0406870976258532	2.41275369458128	1.91393251056784e-88	NS	UP	False	True	-1.754880617658203
NALCN	-0.714392307692308	0.449853191933192	2.88030492610838	4.44539394671341e-81	NS	UP	False	True	-3.594697233800688
NALF2	-0.41518076923077	0.680620401793168	-2.86086206896552	7.949597941943379e-36	NS	DOWN	False	True	2.44568129973475
NANOGP8	2.7511076923077	0.002893575793086	-1.87992807881773	6.66871245571911e-09	NS	DOWN	False	True	4.63103577112543
NANOS1	0.259446153846154	0.683455091763592	1.47642216748768	7.41898896697513e-28	NS	UP	False	True	-1.216976013641526
NANS	-0.522380769230772	0.0576232453495702	1.07718866995074	6.88877762110981e-80	NS	UP	False	True	-1.599569439181512
NAP1L1	0.740507692307695	0.0066804864757404	1.71966502463054	1.76879606831189e-129	NS	UP	False	True	-0.9791573323228451
NAP1L2	2.27038461538462	0.0099560564072268	-2.88249162561577	4.57052237876227e-85	NS	DOWN	False	True	5.15287624100039
NAP1L3	2.11247692307692	0.007133843240475	2.0389275862069	1.58219168763143e-85	NS	UP	False	True	0.07354933687001974
NAP1L5	1.20842692307692	0.0438440249283467	1.72360197044335	3.9963878900267995e-115	NS	UP	False	True	-0.51517504736643
NAPRT	-0.137799999999999	0.635917043651759	-2.20431428571429	1.93416784165932e-128	NS	DOWN	False	True	2.066514285714291
NAPSA	0.751438461538461	0.0624213883043873	-1.5140960591133	6.940902921559779e-49	NS	DOWN	False	True	2.265534520651761
NARF	-0.426976923076927	0.0565766970760084	-1.04673399014778	1.28640134738129e-105	NS	DOWN	False	True	0.619757067070853
NARS1	0.819038461538462	0.0046052899617184	1.31610886699507	3.37345060887687e-125	NS	UP	False	True	-0.49707040545660797
NAT14	-0.0320115384615383	0.89777512219421	2.16812709359606	2.4354564046102997e-179	NS	UP	False	True	-2.200138632057598
NAT16	-1.83018846153846	0.114975237736753	-2.84525615763547	5.31882088217438e-24	NS	DOWN	False	True	1.01506769609701
NAT2	1.43478076923077	0.0588206328778407	3.37818128078817	8.94021027138692e-27	NS	UP	False	True	-1.9434005115574002
NAT8	-1.37552307692308	0.288917093486822	-1.7592566502463	2.54741008371322e-08	NS	DOWN	False	True	0.3837335733232201
NAT8L	0.0351730769230767	0.951142358964288	-3.18615123152709	3.785707544002e-101	NS	DOWN	False	True	3.221324308450167
NAV1	0.590638461538462	0.0858540794380289	2.87410541871922	1.85884202754545e-191	NS	UP	False	True	-2.283466957180758
NAV2	-0.0185230769230782	0.96840559310019	2.05989359605911	5.3207300944232504e-104	NS	UP	False	True	-2.078416672982188
NBEAL2	-0.0312615384615378	0.912875107773821	-5.26725320197045	3.38032932208182e-255	NS	DOWN	False	True	5.235991663508912
NBPF1	0.839838461538462	0.0086024062281994	1.39622167487685	1.39377412397177e-79	NS	UP	False	True	-0.5563832133383879
NBPF15	1.0355	0.001974136442796	1.86143793103448	1.26566282752985e-147	NS	UP	False	True	-0.8259379310344799
NBPF20	0.587515384615385	0.227734845407727	1.66177192118227	8.50206842248331e-106	NS	UP	False	True	-1.0742565365668848
NBPF4	1.11081153846154	0.396557498608811	2.47680295566502	1.7729435233707302e-15	NS	UP	False	True	-1.3659914172034802
NBPF6	1.37591538461539	0.268015011639026	2.68215812807881	1.24262963954816e-18	NS	UP	False	True	-1.30624274346342
NBPF9	0.871376923076925	0.0023677237642603	1.38985172413793	2.25833644588615e-115	NS	UP	False	True	-0.518474801061005
NCAPG	0.719042307692308	0.10225055055749	2.02942660098522	1.79385666225763e-42	NS	UP	False	True	-1.3103842932929122
NCAPG2	0.482888461538461	0.259598927947156	2.05779014778325	7.87383606049566e-106	NS	UP	False	True	-1.5749016862447889
NCAPH	0.0959846153846162	0.78521616605342	1.01683349753694	6.22871000739813e-11	NS	UP	False	True	-0.9208488821523237
NCBP2	0.859053846153845	0.0022036055389034	1.55796748768473	4.00401279376843e-172	NS	UP	False	True	-0.6989136415308851
NCCRP1	-1.15048076923077	0.338355317340001	-10.5624778325123	3.4545261300701203e-245	NS	DOWN	False	True	9.41199706328153
NCDN	0.327684615384616	0.240584759380983	1.26980197044335	2.4391536707344e-98	NS	UP	False	True	-0.9421173550587341
NCEH1	1.1834	0.0175694703637358	2.70978916256158	6.8025692746752894e-124	NS	UP	False	True	-1.52638916256158
NCF1	0.44251923076923	0.392402958523104	-4.07483990147783	4.46560291456272e-50	NS	DOWN	False	True	4.51735913224706
NCF2	0.811953846153846	0.0395602777877937	-6.4427197044335	2.39138684887197e-139	NS	DOWN	False	True	7.254673550587347
NCF4	0.689473076923077	0.0436517980799569	-6.6914960591133	9.33431297024468e-107	NS	DOWN	False	True	7.380969136036377
NCKAP1L	1.12191153846154	0.0103678698465019	-4.77221034482758	6.97773177912894e-137	NS	DOWN	False	True	5.89412188328912
NCKAP5	0.0590038461538461	0.93275575964002	-2.1487078817734	2.9323283407715995e-41	NS	DOWN	False	True	2.2077117279272462
NCKAP5L	-0.413480769230766	0.0768813181903943	1.65848866995074	4.6590333002416103e-110	NS	UP	False	True	-2.071969439181506
NCL	0.705649999999998	0.0069430449618388	1.05964827586207	1.0778255973347199e-83	NS	UP	False	True	-0.353998275862072
NCOA7	1.40123076923077	0.0018994450854413	1.04438669950739	5.332507386035739e-40	NS	UP	False	True	0.3568440697233799
NCR3	1.09902692307692	0.138584060812419	-3.63192709359606	2.67787599060595e-26	NS	DOWN	False	True	4.73095401667298
NCR3LG1	1.94284230769231	0.0023703062039511	1.92919064039409	1.09586207824297e-53	NS	UP	False	True	0.013651667298220094
NDC80	0.877599999999999	0.0352459469474565	2.39225172413793	2.39090397792216e-61	NS	UP	False	True	-1.514651724137931
NDN	0.74143076923077	0.258259007891977	2.9142591133005	3.3745661322857396e-187	NS	UP	False	True	-2.17282834406973
NDRG4	1.32130384615385	0.0241842659769361	-3.00748472906404	5.92481607344792e-98	NS	DOWN	False	True	4.3287885752178905
NDST1	0.261930769230768	0.378261016199185	1.34777684729064	1.28851296463851e-86	NS	UP	False	True	-1.085846078059872
NDST3	2.40132692307692	0.0197885961072128	-2.99531231527093	9.25606671503934e-37	NS	DOWN	False	True	5.39663923834785
NDUFA4L2	0.565184615384614	0.282081699596271	-2.76606256157635	1.59597598293207e-73	NS	DOWN	False	True	3.331247176960964
NDUFAF1	0.57035	0.0474695825499505	1.33156157635468	3.70003492683289e-115	NS	UP	False	True	-0.76121157635468
NDUFAF2	0.415807692307691	0.0462929980712407	1.87171182266009	1.9105415608521603e-148	NS	UP	False	True	-1.455904130352399
NDUFAF3	-0.484653846153848	0.0379598982310463	1.40894236453202	9.6054721221023e-118	NS	UP	False	True	-1.893596210685868
NDUFAF7	0.744315384615384	0.0051039152390157	1.05025615763547	2.74337814098047e-102	NS	UP	False	True	-0.30594077302008604
NDUFAF8	-0.177369230769227	0.340759100623087	1.79238669950739	5.15601373420369e-116	NS	UP	False	True	-1.969755930276617
NDUFB3	0.335103846153847	0.0869475306905881	1.17698275862069	1.75330958290087e-89	NS	UP	False	True	-0.8418789124668431
NDUFB6	0.715157692307691	0.0037688757477207	1.10572266009852	6.75162993164237e-87	NS	UP	False	True	-0.39056496779082894
NEB	0.86993076923077	0.0399361371280394	-2.15281773399015	1.79957185429524e-68	NS	DOWN	False	True	3.02274850322092
NEBL	1.55238461538462	0.0402685712081506	-3.73940443349754	3.64620194828487e-137	NS	DOWN	False	True	5.29178904888216
NECAB2	-1.54125769230769	0.068850065302256	2.03126157635467	2.4241559784411703e-19	NS	UP	False	True	-3.5725192686623597
NECTIN1	0.56036923076923	0.235073844118106	-4.84166354679802	9.09696792973586e-240	NS	DOWN	False	True	5.40203277756725
NECTIN4	1.0185	0.297745974883302	-8.40906453201971	5.3935915189495807e-247	NS	DOWN	False	True	9.42756453201971
NEFH	0.925284615384615	0.329082215740259	3.43178768472906	1.0605876446690601e-113	NS	UP	False	True	-2.5065030693444452
NEFL	2.57227307692308	0.0147459551791044	3.82172463054188	2.72545405820222e-57	NS	UP	False	True	-1.2494515536188002
NEFM	1.83714230769231	0.0996987207231794	2.30118965517242	4.6732477885242e-42	NS	UP	False	True	-0.4640473474801099
NEIL1	1.55291153846154	0.0013675913052569	-1.46909950738916	5.89859954561207e-76	NS	DOWN	False	True	3.0220110458507
NEIL3	0.911903846153846	0.055118178380661	1.9248	3.87512862068757e-38	NS	UP	False	True	-1.012896153846154
NEK4	1.11785769230769	0.0030266489830078	1.46819310344827	8.44997516019882e-104	NS	UP	False	True	-0.3503354111405801
NEK6	0.863942307692307	0.0181400076576971	4.26818226600985	6.27038935355601e-232	NS	UP	False	True	-3.404239958317543
NEK9	0.74731923076923	0.0313585777537516	1.2541157635468	5.3773471903985796e-107	NS	UP	False	True	-0.5067965327775701
NELL2	1.73461153846154	0.004045043539574	-6.10102758620689	6.68176401555502e-88	NS	DOWN	False	True	7.835639124668431
NEO1	0.256853846153847	0.583486765919344	-1.52805221674877	2.41188008158415e-86	NS	DOWN	False	True	1.784906062902617
NET1	0.891746153846153	0.0194745849817715	-2.09295615763547	6.000684268863311e-144	NS	DOWN	False	True	2.984702311481623
NETO1	1.13479615384616	0.209738162537124	3.38404581280788	7.74744140765218e-33	NS	UP	False	True	-2.24924965896172
NETO2	0.807180769230769	0.0621014224957811	3.72102118226601	1.32963519752e-142	NS	UP	False	True	-2.913840413035241
NEU2	-0.593388461538462	0.621352237312879	-8.99016699507388	1.0993775019979999e-179	NS	DOWN	False	True	8.396778533535418
NEU4	0.200423076923078	0.819880089458132	-3.13809408866995	1.46663319572594e-25	NS	DOWN	False	True	3.338517165593028
NEURL1B	0.407961538461538	0.284252277964367	-5.14020738916257	9.41765426691302e-140	NS	DOWN	False	True	5.548168927624108
NEURL3	1.76580384615385	0.0193310780263629	-5.90483743842363	6.36011045706978e-72	NS	DOWN	False	True	7.6706412845774805
NEUROD1	0.0334269230769237	0.953087853925553	-1.00635960591133	2.00148225046638e-06	NS	DOWN	False	True	1.0397865289882537
NEUROD2	1.45066153846154	0.0136854064537982	-5.03935862068965	1.098898612523e-84	NS	DOWN	False	True	6.4900201591511895
NEUROG2	0.573226923076922	0.588459356750583	-1.79528275862069	9.16775088640904e-18	NS	DOWN	False	True	2.368509681697612
NEXMIF	1.46912692307693	0.0241758482882651	-6.68601477832512	3.0990997807616004e-174	NS	DOWN	False	True	8.15514170140205
NF1	1.10120384615385	0.0026398317165443	1.29170295566503	7.60238252805422e-102	NS	UP	False	True	-0.19049910951117988
NF2	0.219996153846152	0.425994712539342	1.45750443349754	5.86616508241053e-142	NS	UP	False	True	-1.2375082796513879
NFAM1	0.650257692307692	0.171851786744587	-5.64560098522167	1.0582744007181e-109	NS	DOWN	False	True	6.295858677529362
NFATC4	-0.338830769230769	0.456668438368183	1.68820935960591	3.62874647252523e-78	NS	UP	False	True	-2.027040128836679
NFE2	1.09558461538462	0.0758976556084576	-3.27804532019705	1.52704084246352e-48	NS	DOWN	False	True	4.37362993558167
NFE4	0.94379230769231	0.245639286006276	-1.03368325123152	0.0003960933412389	NS	DOWN	False	True	1.97747555892383
NFKBIA	0.466942307692308	0.102105673880739	-1.78362413793103	4.78375923356426e-70	NS	DOWN	False	True	2.250566445623338
NFYC	0.272957692307695	0.178621065408928	-1.02871773399015	2.90694003974334e-111	NS	DOWN	False	True	1.3016754262978452
NGB	0.990173076923078	0.166273385069269	-1.0993881773399	1.19482104557498e-06	NS	DOWN	False	True	2.089561254262978
NGEF	1.46016923076923	0.0803852921591699	-7.95831428571428	2.1210379130321902e-151	NS	DOWN	False	True	9.41848351648351
NGF	1.37186923076923	0.0795050063135905	3.16182807881774	9.91500995746515e-99	NS	UP	False	True	-1.7899588480485102
NGFR	2.55013076923077	0.0010290247489707	-4.90298078817734	7.28826261836496e-105	NS	DOWN	False	True	7.45311155740811
NHERF1	-0.0723115384615385	0.821599259797742	-1.52390344827586	2.55078089755772e-135	NS	DOWN	False	True	1.4515919098143215
NHERF4	0.0522807692307747	0.955266947019095	-5.40246847290639	3.95533167736364e-84	NS	DOWN	False	True	5.454749242137165
NHLH1	1.30792692307692	0.0110225012050245	-1.24052758620689	1.21030398747097e-32	NS	DOWN	False	True	2.5484545092838102
NHLH2	2.05026538461539	0.0290984059306071	-5.29217783251231	1.861135306206e-76	NS	DOWN	False	True	7.3424432171277
NHLRC4	0.743019230769231	0.137636157125228	2.28813743842365	1.15732536824072e-62	NS	UP	False	True	-1.545118207654419
NHSL1	0.149026923076924	0.640787410631515	-1.38502857142857	5.4092583653439e-63	NS	DOWN	False	True	1.5340554945054938
NHSL2	0.658719230769231	0.0560042668281465	1.51117290640394	5.14789183583345e-51	NS	UP	False	True	-0.8524536756347091
NIBAN1	0.751261538461538	0.329130196193843	1.00265763546798	1.2455072094415e-18	NS	UP	False	True	-0.25139609700644194
NIFK	0.834665384615384	0.0013471218737199	1.43420689655173	1.68896603898112e-107	NS	UP	False	True	-0.5995415119363461
NINJ1	0.302615384615384	0.417937101337335	-1.24364827586207	3.51722641249075e-55	NS	DOWN	False	True	1.546263660477454
NINJ2	0.985257692307692	0.049172128547426	-1.74168325123153	4.4502062287992e-82	NS	DOWN	False	True	2.726940943539222
NIP7	0.920557692307692	0.0016538798356279	1.62556305418719	1.89115566534113e-98	NS	UP	False	True	-0.7050053618794979
NIPA2	0.501069230769231	0.152818762993652	1.64472068965517	6.95439067576983e-142	NS	UP	False	True	-1.143651458885939
NIPAL4	1.58205384615385	0.218176507432218	-9.08575665024631	1.57133007370563e-209	NS	DOWN	False	True	10.66781049640016
NKAIN1	0.119769230769231	0.861367224838206	-4.66553054187192	4.0961097886171204e-104	NS	DOWN	False	True	4.785299772641151
NKAIN4	-0.347930769230769	0.768577534276703	-5.45238226600984	5.5723282020230306e-67	NS	DOWN	False	True	5.104451496779071
NKAPL	2.34363461538462	0.006120095903265	2.71406256157636	3.19739759842402e-79	NS	UP	False	True	-0.3704279461917399
NKD1	1.11968076923077	0.0468338749002621	-2.65496847290641	2.38617324574506e-62	NS	DOWN	False	True	3.77464924213718
NKD2	0.866488461538462	0.0843348507830681	-6.54962413793104	1.87588532460698e-121	NS	DOWN	False	True	7.416112599469502
NKG7	0.337042307692309	0.643208606317164	-5.19500738916256	1.7457339214521599e-56	NS	DOWN	False	True	5.53204969685487
NKIRAS1	0.83263076923077	0.0098802362224455	1.29396305418719	1.0731479896926e-95	NS	UP	False	True	-0.4613322849564201
NKPD1	-0.165023076923076	0.873940434613914	-7.54068719211823	5.25493705997876e-217	NS	DOWN	False	True	7.375664115195154
NKX1-2	0.453396153846158	0.636969557215078	-7.29357192118225	1.16864454343496e-183	NS	DOWN	False	True	7.746968075028407
NKX2-1	0.720534615384619	0.355668466106601	-1.12573891625616	0.0001688476331927	NS	DOWN	False	True	1.846273531640779
NKX2-6	-0.635553846153845	0.629046079105358	1.91177931034482	5.16518061861987e-16	NS	UP	False	True	-2.5473331564986648
NKX2-8	-0.218723076923077	0.866172756869505	-4.40909162561576	2.3954681323765e-57	NS	DOWN	False	True	4.190368548692684
NKX3-1	1.45397692307692	0.129586115429967	2.58494236453202	3.18221740260602e-90	NS	UP	False	True	-1.1309654414551
NKX3-2	2.17636923076923	0.0012149923456544	2.58123842364532	8.923818242995989e-30	NS	UP	False	True	-0.4048691928760899
NKX6-1	0.0045192307692305	0.998029327707407	1.18336354679803	9.28587037357695e-07	NS	UP	False	True	-1.1788443160287994
NKX6-2	-0.379849999999998	0.785021863709751	-2.44686403940887	6.270138065594841e-25	NS	DOWN	False	True	2.067014039408872
NLE1	0.0377538461538474	0.887372482224013	1.30660541871921	1.48024449126962e-101	NS	UP	False	True	-1.2688515725653626
NLGN2	0.963692307692308	0.0008840327564671	1.11304926108374	2.5435611647221197e-62	NS	UP	False	True	-0.14935695339143196
NLGN4X	2.81410769230769	0.0028400161954682	-1.80356354679802	1.35594731465578e-20	NS	DOWN	False	True	4.61767123910571
NLN	0.430473076923076	0.287936159449772	1.92368866995074	2.26929264346852e-149	NS	UP	False	True	-1.493215593027664
NLRC4	0.964876923076924	0.0056706234232887	1.21349162561576	1.89023567576104e-24	NS	UP	False	True	-0.248614702538836
NLRP10	1.25876538461539	0.336769922902666	-1.04184876847291	4.81893062018435e-11	NS	DOWN	False	True	2.3006141530882998
NLRP12	0.602676923076923	0.255591543298812	-2.62073399014778	9.359568066258309e-30	NS	DOWN	False	True	3.2234109132247033
NLRP14	0.804669230769234	0.314623950796673	2.59510788177339	1.63789177504565e-31	NS	UP	False	True	-1.790438651004156
NLRP2	0.797353846153846	0.355218056791896	-7.79705960591132	3.14329551462125e-104	NS	DOWN	False	True	8.594413452065167
NLRP2B	0.810038461538465	0.105450238764906	-2.27594137931034	7.63411076183763e-23	NS	DOWN	False	True	3.085979840848805
NLRP3	0.790253846153846	0.0537418319932435	-2.878160591133	5.55014531112705e-43	NS	DOWN	False	True	3.668414437286846
NLRP6	0.888707692307692	0.204118767427335	-3.77825467980295	5.11388275246735e-47	NS	DOWN	False	True	4.666962372110642
NLRX1	0.230715384615384	0.555075126804517	-1.25930147783251	9.11869607727619e-100	NS	DOWN	False	True	1.490016862447894
NMBR	1.08107692307693	0.116337897409932	1.36839113300492	6.08511284440537e-06	NS	UP	False	True	-0.28731420992799017
NME1	-0.184096153846157	0.348662139888087	1.33499704433497	1.9989352537996203e-67	NS	UP	False	True	-1.5190931981811269
NME1-NME2	-0.128876923076923	0.739556465191796	1.81361773399015	1.8943999797908298e-86	NS	UP	False	True	-1.9424946570670731
NME4	-0.721042307692305	0.0009478716689724	2.34405566502463	9.70476563054451e-168	NS	UP	False	True	-3.065097972716935
NME5	0.622096153846154	0.292024388463989	2.54122512315271	4.97488802483178e-32	NS	UP	False	True	-1.919128969306556
NME7	0.873880769230769	0.0009881035663785	1.60264926108374	4.2626963999789096e-129	NS	UP	False	True	-0.728768491852971
NME8	3.07860769230769	0.0035002252152831	-6.62506847290639	2.49617576205372e-106	NS	DOWN	False	True	9.70367616521408
NMNAT1	0.693226923076923	0.0447440658468881	1.77878669950739	3.42151564290352e-159	NS	UP	False	True	-1.085559776430467
NMNAT2	1.65563846153846	0.0210798447203648	3.38865911330049	3.70796489148514e-108	NS	UP	False	True	-1.73302065176203
NMNAT3	1.67083461538462	0.041044494569165	-6.00326600985222	3.16576186819819e-215	NS	DOWN	False	True	7.67410062523684
NMT2	0.481338461538462	0.222184206551208	1.17957881773399	2.28694637115582e-85	NS	UP	False	True	-0.6982403561955282
NMU	1.57296538461538	0.1205838579411	-9.5018881773399	1.2665527845945902e-120	NS	DOWN	False	True	11.07485356195528
NNAT	1.74371923076923	0.0147941283294567	-1.16615467980296	2.52004885672712e-36	NS	DOWN	False	True	2.9098739105721902
NNMT	1.05865	0.0233190198865248	3.40795221674877	3.43889111095808e-125	NS	UP	False	True	-2.34930221674877
NNT	0.683023076923075	0.2110048645099	1.26362216748769	5.0723138242673904e-117	NS	UP	False	True	-0.580599090564615
NOCT	0.657715384615385	0.0658725692947026	1.2643275862069	7.17970852561985e-39	NS	UP	False	True	-0.6066122015915149
NOD2	1.53466538461539	0.0137525717026322	-8.5272133004926	2.14793795619383e-197	NS	DOWN	False	True	10.06187868510799
NODAL	1.26649230769231	0.168559058003845	-4.66918423645319	6.535150679503831e-63	NS	DOWN	False	True	5.9356765441455
NOG	3.16278846153846	0.0020804333515333	3.39665665024631	2.3333193584192802e-58	NS	UP	False	True	-0.23386818870784998
NOL3	0.431496153846153	0.194590740309265	-1.63043251231527	3.80532529791392e-163	NS	DOWN	False	True	2.061928666161423
NOL4	0.250130769230774	0.728328171332337	-3.56515418719212	2.45468698771556e-38	NS	DOWN	False	True	3.8152849564228943
NOLC1	0.27753076923077	0.365292034955312	1.11741280788177	2.31406579858771e-64	NS	UP	False	True	-0.839882038651
NOP10	0.137246153846154	0.538550488832395	1.28088866995073	4.21753856723784e-111	NS	UP	False	True	-1.143642516104576
NOP53	0.175300000000002	0.472680402432854	-1.6524172413793	2.43437542358748e-114	NS	DOWN	False	True	1.827717241379302
NOS1	0.914876923076926	0.298739540603303	-8.83540197044335	3.90124071884548e-182	NS	DOWN	False	True	9.750278893520276
NOS1AP	-0.0620230769230767	0.951055154721658	-4.6307330049261	1.72394631723669e-97	NS	DOWN	False	True	4.568709928003023
NOS2	-0.0326923076923071	0.964303335306532	-4.58349556650246	1.48323406685671e-75	NS	DOWN	False	True	4.550803258810153
NOS3	0.212830769230768	0.716809353099187	-1.36041674876847	2.64199298357347e-38	NS	DOWN	False	True	1.573247517999238
NOSTRIN	1.38650769230769	0.0036046279462073	-3.42932512315271	3.54873796397288e-111	NS	DOWN	False	True	4.8158328154604
NOTCH2NLA	0.428319230769231	0.236118493200217	-1.02850985221675	1.18130756117328e-63	NS	DOWN	False	True	1.456829082985981
NOTCH3	0.569549999999999	0.177138352835141	-2.97948226600985	9.85565550023171e-102	NS	DOWN	False	True	3.5490322660098492
NOTCH4	0.0939692307692317	0.714992963055681	-3.48038719211823	3.59025689035008e-152	NS	DOWN	False	True	3.574356422887462
NOTUM	0.850696153846153	0.224808911635965	-6.73749704433497	4.2084006381174204e-110	NS	DOWN	False	True	7.588193198181123
NOVA2	0.593192307692308	0.116640013966729	-4.50740541871921	3.43557457019571e-101	NS	DOWN	False	True	5.100597726411518
NOX1	0.812665384615386	0.336111383204861	-5.33684285714285	2.7305195064139003e-74	NS	DOWN	False	True	6.149508241758236
NOX4	1.30411923076923	0.0207469282039539	1.33504581280788	1.87860888723948e-20	NS	UP	False	True	-0.030926582038649952
NOXA1	-0.0050153846153843	0.992316738919159	-4.41364532019705	5.63943808950815e-102	NS	DOWN	False	True	4.408629935581666
NOXO1	0.864438461538461	0.247830035409342	-2.15532019704433	2.01666142618745e-20	NS	DOWN	False	True	3.019758658582791
NPAS1	-0.121403846153846	0.842316152052924	-1.07779458128079	1.05308239698394e-13	NS	DOWN	False	True	0.9563907351269441
NPAS4	1.05021153846154	0.129611682984964	-1.31509950738916	3.30468915443964e-08	NS	DOWN	False	True	2.3653110458507003
NPC1L1	1.37956538461539	0.063025984326125	-2.33341231527093	1.5370529209787299e-34	NS	DOWN	False	True	3.71297769988632
NPFFR1	1.18529230769231	0.210754217311431	-4.25560935960591	1.63084577177144e-87	NS	DOWN	False	True	5.4409016672982204
NPFFR2	1.75496153846154	0.142583334212734	-2.85057438423645	4.10481137997216e-24	NS	DOWN	False	True	4.605535922697991
NPHP1	0.876830769230769	0.0049079560367302	1.71568325123153	3.0128241684280304e-120	NS	UP	False	True	-0.8388524820007611
NPHP3-ACAD11	-0.256688461538462	0.581795823504078	1.60142561576355	4.2949109596122697e-29	NS	UP	False	True	-1.858114077302012
NPIPB12	0.369815384615384	0.264867038398527	-1.33344876847291	1.0445456544091499e-78	NS	DOWN	False	True	1.703264153088294
NPIPB13	0.9978	0.0825152382856341	-1.77423399014778	8.81683282937254e-83	NS	DOWN	False	True	2.77203399014778
NPIPB15	0.922807692307692	0.314284919960278	-1.58710886699508	1.89650166341743e-14	NS	DOWN	False	True	2.5099165593027717
NPIPB3	0.312811538461538	0.31634527252998	-1.01673793103449	2.03214805011378e-65	NS	DOWN	False	True	1.329549469496028
NPIPB5	0.74833076923077	0.023850207027675	-1.29475418719212	1.99799139430364e-83	NS	DOWN	False	True	2.04308495642289
NPIPB6	0.437173076923077	0.676236512770888	-2.54368669950739	2.56352679234933e-34	NS	DOWN	False	True	2.9808597764304667
NPIPB7	2.0209	0.0393812005579436	-4.20859999999999	1.44463194981222e-37	NS	DOWN	False	True	6.22949999999999
NPIPB8	3.28093461538462	0.0014159019807106	-2.23453793103448	2.44011420342766e-19	NS	DOWN	False	True	5.5154725464191
NPM1	0.705242307692309	0.01724891317233	1.80558669950739	1.5991387669103403e-117	NS	UP	False	True	-1.100344391815081
NPM2	0.412138461538463	0.672559342764332	-4.81272955665025	4.33607246299348e-66	NS	DOWN	False	True	5.2248680181887135
NPM3	-0.150053846153847	0.540278821428156	1.26418965517241	6.54241324559683e-87	NS	UP	False	True	-1.414243501326257
NPNT	1.38323461538462	0.004045043539574	-3.35165369458128	7.940792991346591e-104	NS	DOWN	False	True	4.7348883099659
NPPA	0.952926923076924	0.304508849102594	-2.24266354679803	2.73119350437506e-12	NS	DOWN	False	True	3.1955904698749538
NPPB	2.33428846153847	0.0053897465062614	-2.45746945812807	8.90687151150066e-10	NS	DOWN	False	True	4.79175791966654
NPPC	0.813726923076925	0.519356847022878	-5.63245911330049	1.35699040095259e-63	NS	DOWN	False	True	6.446186036377415
NPR1	-0.486476923076923	0.357104701216778	-3.87592463054187	3.20433704537973e-105	NS	DOWN	False	True	3.389447707464947
NPTX1	2.32741153846154	0.0052430040782422	-2.27521822660098	1.79914630914295e-27	NS	DOWN	False	True	4.60262976506252
NPTX2	1.91443846153846	0.0180057084971698	-3.02809556650246	3.41447533238722e-47	NS	DOWN	False	True	4.94253402804092
NPW	0.466669230769231	0.66170809115525	-1.1760118226601	5.39651868332952e-17	NS	DOWN	False	True	1.642681053429331
NPY	1.06247307692308	0.20338695467741	-1.43665467980295	5.40676381263964e-05	NS	DOWN	False	True	2.49912775672603
NPY1R	1.79511538461539	0.0774029903560007	-6.1749133004926	2.3557561302168697e-135	NS	DOWN	False	True	7.97002868510799
NPY2R	-0.0358807692307668	0.919142050615924	1.29771280788177	4.52159774943528e-06	NS	UP	False	True	-1.3335935771125367
NPY4R	1.61898846153847	0.0826611094496173	-6.47281871921182	2.6208008408079198e-83	NS	DOWN	False	True	8.09180718075029
NPY4R2	0.730342307692311	0.203568819214478	-6.35616059113299	6.6049400545224696e-80	NS	DOWN	False	True	7.086502898825301
NPY5R	1.50153846153847	0.0573502307311852	-7.98393891625615	1.3113658757009e-163	NS	DOWN	False	True	9.48547737779462
NQO1	-0.542803846153846	0.317054709112963	5.35479852216748	1.9332085072474397e-207	NS	UP	False	True	-5.8976023683213255
NR0B1	3.65902307692308	0.0022807207422496	2.42725024630541	3.7969037037808397e-16	NS	UP	False	True	1.2317728306176696
NR1D1	-0.0278615384615395	0.919567249549356	-5.4259197044335	4.145388517451159e-177	NS	DOWN	False	True	5.39805816597196
NR2E1	-0.25581923076923	0.834314372644955	-3.89247881773399	7.8958099150719e-57	NS	DOWN	False	True	3.6366595869647598
NR2E3	0.527900000000001	0.468945936917363	-2.1410842364532	1.02519288170752e-26	NS	DOWN	False	True	2.668984236453201
NR4A1	-0.0929576923076931	0.814888059083172	-3.81049162561576	2.2197629146323203e-105	NS	DOWN	False	True	3.717533933308067
NR5A1	0.563430769230769	0.596515147578846	-1.99191527093596	9.67740243147143e-14	NS	DOWN	False	True	2.5553460401667287
NR5A2	0.216776923076923	0.689409138060212	-4.72158719211822	8.33522432417263e-102	NS	DOWN	False	True	4.938364115195143
NR6A1	0.686276923076923	0.0855064941748287	-3.5714315270936	9.00337907818806e-177	NS	DOWN	False	True	4.257708450170523
NRAP	0.332119230769234	0.78247912063962	-1.92740492610836	6.45733600729772e-19	NS	DOWN	False	True	2.259524156877594
NRARP	0.598276923076923	0.242404897331274	-7.1406315270936	8.9908182043356e-167	NS	DOWN	False	True	7.7389084501705225
NRBF2	0.538446153846154	0.0840934662295389	1.1118275862069	2.62823879601517e-90	NS	UP	False	True	-0.573381432360746
NRCAM	2.41376153846154	0.0058513117251728	5.58324285714286	1.9053893706554999e-208	NS	UP	False	True	-3.16948131868132
NRG2	0.704746153846154	0.353542345449988	-4.0934197044335	3.24485482197404e-117	NS	DOWN	False	True	4.798165858279654
NRG3	2.27241923076923	0.0744088082464816	-5.92764137931033	7.932419913399719e-79	NS	DOWN	False	True	8.20006061007956
NRIP2	1.05616153846154	0.0032249352021442	-1.01873645320197	8.34630260259207e-52	NS	DOWN	False	True	2.07489799166351
NRIP3	0.0629076923076919	0.916922125171499	2.3407591133005	1.04601825309935e-112	NS	UP	False	True	-2.277851420992808
NRK	0.918446153846157	0.148491432787061	4.2293133004926	1.19945836298648e-78	NS	UP	False	True	-3.310867146646443
NRN1	1.75855769230769	0.01330219513443	2.54736896551724	9.37676641177169e-150	NS	UP	False	True	-0.78881127320955
NRN1L	0.597288461538461	0.503763199769932	-2.82004926108374	4.7869026469218594e-49	NS	DOWN	False	True	3.417337722622201
NRP2	0.915492307692307	0.0184575439212873	2.6422763546798	3.34645837996239e-101	NS	UP	False	True	-1.7267840469874929
NRSN1	1.8805	0.0161962665478428	-1.40157142857143	8.39368091361316e-07	NS	DOWN	False	True	3.28207142857143
NRSN2	0.119319230769229	0.611668959310486	2.22951330049261	2.65739427051581e-165	NS	UP	False	True	-2.110194069723381
NRTN	-0.0999807692307692	0.930055510009215	-8.47662068965517	6.18246884401267e-134	NS	DOWN	False	True	8.376639920424402
NRXN1	2.78551923076923	0.0027811021680748	-5.40636798029556	2.0026763257644601e-87	NS	DOWN	False	True	8.19188721106479
NRXN2	1.65187307692308	0.0248028588359721	1.13214926108374	5.398149820556889e-18	NS	UP	False	True	0.51972381583934
NSD2	0.590146153846154	0.0603344890486539	1.35073349753695	1.5727029006994002e-69	NS	UP	False	True	-0.7605873436907961
NSF	0.917473076923077	0.0069423647908289	1.06693349753695	3.39445678218854e-108	NS	UP	False	True	-0.149460420613873
NSG1	-0.559265384615388	0.376350079219577	-7.48288669950739	1.89799297014962e-237	NS	DOWN	False	True	6.923621314892002
NSMCE3	0.731742307692306	0.0040975280780231	1.78009655172414	9.487493874762749e-134	NS	UP	False	True	-1.048354244031834
NSMCE4A	0.921384615384615	0.0004982810045788	-1.10634679802956	1.11522525044092e-91	NS	DOWN	False	True	2.027731413414175
NSUN7	2.19963461538462	0.0162797311321013	-5.72838916256157	1.21044561847491e-123	NS	DOWN	False	True	7.928023777946191
NT5C2	0.897596153846154	0.0006535477897967	1.11444482758621	6.12772903373458e-95	NS	UP	False	True	-0.216848673740056
NT5E	1.83706153846154	0.0112836196944595	5.1348960591133	6.56673797462311e-222	NS	UP	False	True	-3.2978345206517603
NTF3	0.91956153846154	0.274123882666815	-6.70991477832512	1.8183225857246398e-89	NS	DOWN	False	True	7.62947631678666
NTF4	0.388653846153847	0.771755441894963	-7.7001645320197	2.5006351737781303e-132	NS	DOWN	False	True	8.088818378173547
NTN1	0.487	0.562599721237483	-3.26189704433498	2.54366320829229e-76	NS	DOWN	False	True	3.74889704433498
NTN3	2.48733076923077	0.0016355174409443	3.31893940886698	2.21212164541749e-38	NS	UP	False	True	-0.8316086396362103
NTN5	2.10101153846154	0.0079477155971431	-2.43354876847291	2.52550615865254e-66	NS	DOWN	False	True	4.53456030693445
NTNG1	3.18144615384616	0.0071851149963116	1.92474236453202	7.38138459431342e-33	NS	UP	False	True	1.25670378931414
NTRK2	2.19238076923077	0.0012349294834975	-6.34594630541872	6.4960074112307e-183	NS	DOWN	False	True	8.53832707464949
NTRK3	1.60646153846154	0.0406777554945039	-5.36270837438423	6.41346649004409e-91	NS	DOWN	False	True	6.96916991284577
NTS	2.94001538461539	0.0124492876355777	-2.59340246305418	4.09422078638114e-18	NS	DOWN	False	True	5.53341784766957
NTSR1	0.909580769230768	0.346125707221921	-2.91379458128079	2.0873511995466403e-31	NS	DOWN	False	True	3.823375350511558
NTSR2	0.300096153846154	0.78899982664153	-1.47088078817734	2.64748762065952e-08	NS	DOWN	False	True	1.770976942023494
NUAK2	0.179123076923077	0.722511948899032	-1.72327389162561	9.527095879079859e-62	NS	DOWN	False	True	1.902396968548687
NUBPL	1.03453076923077	0.0019620847691452	1.15026945812808	5.2112301183099e-100	NS	UP	False	True	-0.11573868889730998
NUCKS1	0.75111153846154	0.0035617960172524	1.69744581280788	1.9654292086789e-132	NS	UP	False	True	-0.94633427434634
NUDCD2	1.02906538461538	0.0029265552980323	1.08150689655172	6.9037836368173e-74	NS	UP	False	True	-0.052441511936339946
NUDT10	3.00259230769231	0.007548692232338	1.78448128078818	3.08976659145323e-53	NS	UP	False	True	1.2181110269041298
NUDT11	2.28508461538462	0.0051152665750796	3.03593891625616	7.76562858065967e-190	NS	UP	False	True	-0.75085430087154
NUDT14	-0.314469230769231	0.283497192129008	-1.37081083743843	6.1634636670132e-89	NS	DOWN	False	True	1.056341606669199
NUDT15	0.730107692307692	0.0061035728700841	1.23989802955665	5.46923290833835e-87	NS	UP	False	True	-0.509790337248958
NUDT16	0.364242307692308	0.249238646570346	1.66233004926108	1.0570114256157e-96	NS	UP	False	True	-1.298087741568772
NUDT21	0.845353846153847	0.0089263911725912	1.18366305418719	9.511503960034391e-98	NS	UP	False	True	-0.33830920803334297
NUDT5	0.0905423076923073	0.668327066332861	1.08857536945813	9.54652483828242e-125	NS	UP	False	True	-0.9980330617658226
NUDT6	0.553376923076923	0.0538438380256289	1.50814532019704	1.38287241503164e-101	NS	UP	False	True	-0.9547683971201171
NUGGC	1.08120769230769	0.214273972410959	-4.38949261083744	1.85899636455242e-85	NS	DOWN	False	True	5.47070030314513
NUMA1	0.374223076923078	0.0644242664886962	-1.17784778325123	7.21640988477668e-104	NS	DOWN	False	True	1.5520708601743078
NUMBL	0.346926923076923	0.246887651016323	1.13294729064039	5.10575437500754e-84	NS	UP	False	True	-0.7860203675634669
NUP210	0.0498884615384627	0.939885074031162	-6.91852758620689	4.78968249156929e-194	NS	DOWN	False	True	6.968416047745353
NUP37	0.679634615384614	0.0112516553865996	1.69914236453202	1.7297995816552702e-149	NS	UP	False	True	-1.019507749147406
NUP62CL	2.88739615384616	0.0073964553046141	-5.70508965517241	2.99926012438593e-84	NS	DOWN	False	True	8.59248580901857
NUPR2	0.572826923076926	0.584239195405173	-7.88691182266008	2.9777182252917504e-117	NS	DOWN	False	True	8.459738745737006
NUSAP1	0.658623076923077	0.0890745210099243	1.03804187192118	5.69967392660907e-15	NS	UP	False	True	-0.37941879499810294
NUTM1	1.03901923076923	0.055677346763842	-1.78071034482758	4.93420599039682e-17	NS	DOWN	False	True	2.81972957559681
NUTM2A	0.0558923076923084	0.948051456873071	-1.13225221674877	1.5281315795925302e-14	NS	DOWN	False	True	1.1881445244410784
NUTM2D	0.280084615384615	0.412304524438093	-1.03950492610838	1.05260395088232e-24	NS	DOWN	False	True	1.319589541492995
NUTM2E	-0.756561538461539	0.494282305454977	-1.03121625615763	0.0006011558733652	NS	DOWN	False	True	0.27465471769609096
NWD1	1.24402692307693	0.0789649207680545	-5.58498275862069	9.3894164442773e-117	NS	DOWN	False	True	6.82900968169762
NWD2	1.22495000000001	0.120350794349363	-4.96347733990147	2.33516269817719e-103	NS	DOWN	False	True	6.18842733990148
NXF1	0.421423076923077	0.0055638440396602	-1.314678817734	4.09195694660731e-141	NS	DOWN	False	True	1.736101894657077
NXF3	1.51409615384616	0.0349989743030231	2.35593842364532	1.36284183242983e-25	NS	UP	False	True	-0.8418422697991599
NXF5	-0.111442307692309	0.870812256442311	-1.4862354679803	1.70650039646627e-11	NS	DOWN	False	True	1.374793160287991
NXNL1	0.634261538461542	0.575745943974104	-1.58304778325123	1.31218109849688e-07	NS	DOWN	False	True	2.217309321712772
NXNL2	3.00643461538462	0.0017848389504335	2.3196960591133	4.68502338468179e-37	NS	UP	False	True	0.6867385562713202
NXPE3	1.07817692307692	0.0077119032450713	3.35638078817734	1.19824173459389e-210	NS	UP	False	True	-2.27820386510042
NXPH3	1.46484230769231	0.0101105059919664	-2.5205236453202	6.70164317647683e-47	NS	DOWN	False	True	3.9853659530125096
NXPH4	0.787019230769231	0.194226875955376	-1.92911625615763	1.2531259123247402e-60	NS	DOWN	False	True	2.716135486926861
NYAP2	0.226588461538464	0.746216203332133	-1.01680344827586	6.62572657656366e-08	NS	DOWN	False	True	1.2433919098143238
NYNRIN	1.40488846153846	0.0065356624602635	-1.07288522167488	1.29727101620319e-38	NS	DOWN	False	True	2.47777368321334
OAF	1.00173076923077	0.0141078121851504	3.2952551724138	1.7835257152370802e-161	NS	UP	False	True	-2.29352440318303
OAS1	1.47950384615385	0.0089178289338802	-2.5884487684729	2.08257581013756e-75	NS	DOWN	False	True	4.06795261462675
OBP2A	-1.10366923076923	0.371626630011341	-9.91228325123151	3.9315023009005405e-223	NS	DOWN	False	True	8.808614020462281
OBP2B	-0.0078038461538447	0.994830011267708	-9.60549655172412	1.23268130612832e-132	NS	DOWN	False	True	9.597692705570275
OBSCN	0.71975	0.205148390064521	-1.44472315270936	6.4195724575584e-59	NS	DOWN	False	True	2.16447315270936
OCIAD2	1.18810769230769	0.0548503891237239	-1.45046600985222	8.626084007917629e-83	NS	DOWN	False	True	2.63857370215991
OCM	1.52575	0.116746525397728	-6.27693103448275	1.95008644019875e-82	NS	DOWN	False	True	7.802681034482751
OCM2	0.555596153846158	0.252999736695896	-2.43066600985221	2.60128452655728e-19	NS	DOWN	False	True	2.986262163698368
OCSTAMP	1.60281923076924	0.0507430723557153	-1.74250738916256	8.13554548123033e-19	NS	DOWN	False	True	3.3453266199318
ODAD1	0.629692307692307	0.207181444445173	-3.14088768472906	1.60125091186318e-102	NS	DOWN	False	True	3.770579992421367
ODAD2	2.67408076923077	0.0014201587627579	3.64392413793103	2.55433782108559e-54	NS	UP	False	True	-0.9698433687002597
ODAD4	0.794623076923077	0.011239556821584	1.33810443349754	6.53742167834104e-55	NS	UP	False	True	-0.5434813565744631
ODAM	1.97876538461539	0.0845622032627554	-1.13484137931034	0.0001438593973683	NS	DOWN	False	True	3.11360676392573
ODC1	0.325461538461538	0.397010889921503	1.97645418719212	6.561280104399961e-87	NS	UP	False	True	-1.650992648730582
ODF2L	1.06189615384615	0.0064149523756362	1.39450689655172	2.42050984074326e-117	NS	UP	False	True	-0.33261074270557
ODF4	-0.120157692307691	0.901332940299405	-2.09041527093596	3.0172791400945e-18	NS	DOWN	False	True	1.970257578628269
OGFOD1	0.776915384615387	0.018419440871913	1.65218768472906	1.35480890518148e-122	NS	UP	False	True	-0.875272300113673
OGG1	0.483542307692306	0.0468884193639936	1.24834827586207	6.395596144448999e-104	NS	UP	False	True	-0.7648059681697641
OLAH	1.58908076923077	0.149195683247836	4.12771477832512	7.3953130150678e-41	NS	UP	False	True	-2.53863400909435
OLFM2	0.191142307692308	0.756286965616227	-3.27523694581281	7.663982031395349e-108	NS	DOWN	False	True	3.466379253505118
OLFM4	-0.22931923076923	0.846131687252938	-1.41854827586207	1.0249471615839301e-09	NS	DOWN	False	True	1.18922904509284
OLFML1	1.13056153846154	0.0038176721745534	1.27908325123153	1.59723786478386e-18	NS	UP	False	True	-0.14852171276999004
OLFML2B	0.418761538461538	0.236584954112472	1.34640443349754	5.3610354733975395e-34	NS	UP	False	True	-0.9276428950360021
OLIG1	0.089423076923077	0.951084979631653	-5.34348817733989	1.6865164872111498e-55	NS	DOWN	False	True	5.432911254262967
OLIG2	2.31319615384615	0.0816616359928554	-1.5134408866995	4.946025652525211e-10	NS	DOWN	False	True	3.8266370405456502
OLIG3	0.399161538461543	0.208095742306064	-1.03743694581281	9.80122714216167e-10	NS	DOWN	False	True	1.436598484274353
OLR1	1.96436538461539	0.0052021745038562	6.42233645320197	4.88007185465843e-86	NS	UP	False	True	-4.45797106858658
OMA1	0.893073076923078	0.0071905834892211	1.01947290640394	1.43241187276166e-57	NS	UP	False	True	-0.12639982948086204
OMG	1.96467307692308	0.0080392499504864	4.15343004926109	1.1741491368204898e-69	NS	UP	False	True	-2.18875697233801
ONECUT2	0.706319230769233	0.359044261273682	2.01456354679803	8.11981933225992e-22	NS	UP	False	True	-1.3082443160287969
OOEP	0.523669230769234	0.727801521622506	-4.24173152709359	9.125705078078261e-31	NS	DOWN	False	True	4.765400757862824
OPA1	1.11345	0.0028960622252089	1.59402660098522	6.2393762646284504e-121	NS	UP	False	True	-0.4805766009852199
OPLAH	0.776146153846154	0.338804474800412	-1.10709261083744	5.69761677590811e-63	NS	DOWN	False	True	1.883238764683594
OPN1LW	0.624715384615389	0.155325899945863	-2.11765024630541	1.1147376778432599e-18	NS	DOWN	False	True	2.742365630920799
OPN1MW	-0.0651846153846147	0.919142050615924	-2.29248620689655	2.2321188283832e-19	NS	DOWN	False	True	2.227301591511935
OPN1MW2			-1.01709556650246	2.89047596290402e-08	NS	DOWN	False	True	
OPN1MW3	-0.132399999999999	0.79344174583208	-1.58026009852217	4.12455187651587e-14	NS	DOWN	False	True	1.447860098522171
OPN1SW	1.38315384615385	0.0992700259933504	4.55720098522166	8.73427146368731e-58	NS	UP	False	True	-3.1740471390678096
OPN3	1.35515384615385	0.0053023765963062	2.11748620689655	1.51877611914829e-108	NS	UP	False	True	-0.7623323607427002
OPN4	-0.661503846153846	0.292793988987632	-7.73519310344826	2.5703267460329603e-180	NS	DOWN	False	True	7.073689257294414
OPN5	1.78177307692308	0.0270460486051373	-1.21053448275862	1.85488686790742e-07	NS	DOWN	False	True	2.9923075596817
OPRD1	0.583573076923077	0.540527333228378	-1.46906108374383	6.456548467306e-14	NS	DOWN	False	True	2.052634160666907
OPRK1	1.19261153846154	0.105748157821149	-1.55869605911329	4.07137070343332e-17	NS	DOWN	False	True	2.7513075975748302
OPRPN	-1.13288846153846	0.0713848057395091	-4.29822561576354	7.25255222275827e-41	NS	DOWN	False	True	3.16533715422508
OPTC	1.4838	0.0820699116230278	-1.43887044334975	6.34561034563183e-07	NS	DOWN	False	True	2.92267044334975
OR10A3	0.481984615384619	0.352331812450245	-2.04644778325123	2.4172459518513298e-11	NS	DOWN	False	True	2.528432398635849
OR10A6	0.54217307692308	0.338260296363009	-2.57501379310344	1.68950189834504e-19	NS	DOWN	False	True	3.11718687002652
OR10AD1	1.52926923076923	0.0719931965041204	1.56460197044334	1.81465852690226e-07	NS	UP	False	True	-0.0353327396741101
OR10H2			-2.19484433497536	4.05979234813161e-19	NS	DOWN	False	True	
OR13A1	1.03895	0.207272483411574	-2.50175566502462	1.61617331345535e-20	NS	DOWN	False	True	3.5407056650246203
OR13J1	1.43554230769231	0.050811325197205	-1.06327142857143	0.0004887592153087	NS	DOWN	False	True	2.49881373626374
OR1F1	-1.25767692307693	0.23226745234228	4.78502660098521	1.69556513829171e-70	NS	UP	False	True	-6.042703524062141
OR1J1	1.99285384615385	0.0066865042036538	1.92589458128079	5.70008156297159e-10	NS	UP	False	True	0.06695926487306014
OR1J2	1.2409076923077	0.0443032676956933	4.25321083743842	1.19786942201469e-39	NS	UP	False	True	-3.01230314513072
OR1J4	1.74408846153847	0.0248852568922481	5.38301921182265	4.0323656042394905e-61	NS	UP	False	True	-3.63893075028418
OR1K1	0.545965384615389	0.414917562978754	-1.09678226600985	1.13932716430841e-05	NS	DOWN	False	True	1.642747650625239
OR1Q1	1.78148461538462	0.0264412721500356	5.31155911330048	8.54191217161468e-52	NS	UP	False	True	-3.53007449791586
OR2A7	1.26870769230769	0.372229763063443	-3.48605812807882	1.1204962204113799e-64	NS	DOWN	False	True	4.75476582038651
OR2AG2	-0.291553846153846	0.750425587106006	4.52379556650246	2.72549415303921e-64	NS	UP	False	True	-4.815349412656306
OR2B6	1.49816538461539	0.134966548051921	1.68147980295566	1.18410418598837e-06	NS	UP	False	True	-0.18331441834026996
OR2I1P	1.00193076923077	0.300195908091711	-3.15307290640393	7.41533406052308e-29	NS	DOWN	False	True	4.1550036756347
OR2L13	3.37025	0.0022807207422496	-1.06856009852217	5.76361474714925e-07	NS	DOWN	False	True	4.43881009852217
OR2T10	0.387103846153851	0.292691899294432	-2.16660738916256	2.022255695028e-18	NS	DOWN	False	True	2.553711235316411
OR2T29	0.190546153846158	0.526062691647954	-1.09682561576355	4.65795407867359e-08	NS	DOWN	False	True	1.287371769609708
OR2T33	0.221653846153851	0.789238354207973	-1.04041871921182	8.66611969942819e-08	NS	DOWN	False	True	1.262072565365671
OR2T5	0.190546153846158	0.526062691647954	-1.29598669950739	1.53839670286003e-09	NS	DOWN	False	True	1.486532853353548
OR2T8	1.81951538461539	0.0390077812906278	-1.28408325123152	4.75517910450008e-09	NS	DOWN	False	True	3.10359863584691
OR2W3	1.61176923076923	0.229479754862955	-5.07206748768472	4.157981466175039e-56	NS	DOWN	False	True	6.68383671845395
OR3A3	0.839042307692312	0.236566702268644	1.05826995073891	7.3661187734332e-05	NS	UP	False	True	-0.21922764304659792
OR51B5	2.99157307692308	0.0042958251084042	-1.15235615763547	2.89204620587294e-05	NS	DOWN	False	True	4.14392923455855
OR51E1	0.829953846153847	0.0838762694480358	-4.39160443349753	3.09468420990602e-57	NS	DOWN	False	True	5.2215582796513775
OR51E2	0.966953846153846	0.152216726509338	-4.07290492610837	5.1769691679276704e-54	NS	DOWN	False	True	5.039858772262216
OR52L1	-0.0099384615384607	0.986498637578702	-1.73838866995074	6.80948178410459e-16	NS	DOWN	False	True	1.7284502084122793
OR52N4	1.91064230769231	0.0453086763277545	-1.16550443349754	0.0002331513986847	NS	DOWN	False	True	3.07614674118985
OR56A5	0.384500000000003	0.4558813367845	-1.99681625615763	5.83439760851046e-18	NS	DOWN	False	True	2.381316256157633
OR5B21	0.190546153846157	0.683628911227085	2.04531921182265	4.42043644476699e-16	NS	UP	False	True	-1.8547730579764932
OR5K2	1.97901538461539	0.0264185577590994	-2.26152709359606	7.85798807000689e-12	NS	DOWN	False	True	4.24054247821145
OR5M11	0.571638461538466	0.161847151581822	-1.47781133004926	3.67137173181837e-13	NS	DOWN	False	True	2.049449791587726
OR5P2	0.0375615384615386	0.93326412193677	-5.51180492610836	7.25297475877555e-74	NS	DOWN	False	True	5.549366464569899
OR5P3	0.236530769230773	0.491846649667134	-6.51127931034482	7.230349387136029e-103	NS	DOWN	False	True	6.7478100795755935
OR6A2	0.184450000000002	0.678327841120429	1.36691280788177	2.4541810163812704e-09	NS	UP	False	True	-1.182462807881768
OR6B2	0.506803846153849	0.336771321286673	-1.0528118226601	5.94259773219435e-06	NS	DOWN	False	True	1.559615668813949
OR7A5	-2.50427692307692	0.0373651101076071	-7.88311822660097	3.37015668773788e-102	NS	DOWN	False	True	5.37884130352405
OR7C1	-1.92623076923077	0.0864720611953402	-7.35977438423644	6.8162802735258e-108	NS	DOWN	False	True	5.43354361500567
OR7D2	1.58476153846154	0.110040849423706	-1.63475467980295	1.5211614330747301e-09	NS	DOWN	False	True	3.21951621826449
ORAI1	-0.0205076923076941	0.950994127755822	-2.3919315270936	9.494803871546831e-180	NS	DOWN	False	True	2.371423834785906
ORAI2	0.375888461538462	0.210958565399583	3.65452857142857	1.54907181048979e-209	NS	UP	False	True	-3.278640109890108
ORC6	0.493015384615384	0.172819685841846	1.80243004926109	3.75310129081457e-46	NS	UP	False	True	-1.309414664645706
OSBP2	1.57943846153846	0.0044817599085535	-1.88056995073892	2.95516523535196e-74	NS	DOWN	False	True	3.46000841227738
OSBPL2	0.512450000000001	0.03722368729549	-1.98303054187192	3.6374512470757104e-196	NS	DOWN	False	True	2.4954805418719213
OSBPL6	1.10126923076923	0.124487552724504	-1.52694532019704	2.27286791278168e-66	NS	DOWN	False	True	2.6282145509662698
OSBPL7	0.620942307692308	0.0935321575188549	1.57025024630542	7.5436246687488e-89	NS	UP	False	True	-0.949307938613112
OSGIN2	1.20398076923077	0.0012964701542628	1.12675369458128	3.1824349500749e-65	NS	UP	False	True	0.07722707464949008
OSM	1.10193076923077	0.073756269539089	-5.28998226600984	3.9250532702543496e-78	NS	DOWN	False	True	6.39191303524061
OSR1	1.63921153846154	0.0409612667896531	2.3177197044335	7.89807486953489e-75	NS	UP	False	True	-0.6785081659719598
OST4	0.0722538461538456	0.713868765774218	1.34162068965517	1.17941143933393e-192	NS	UP	False	True	-1.2693668435013243
OSTF1	0.651973076923078	0.0087402940508661	-1.09411083743843	3.33044463544072e-105	NS	DOWN	False	True	1.7460839143615081
OSTM1	0.721976923076923	0.0791701210625734	1.27353448275862	3.46374255429015e-78	NS	UP	False	True	-0.551557559681697
OSTN	1.25549230769231	0.0644421988261841	-3.51941477832512	7.92034990280386e-25	NS	DOWN	False	True	4.77490708601743
OTOF	0.293784615384619	0.711577507635233	-2.26387881773398	2.1790229581986503e-25	NS	DOWN	False	True	2.557663433118599
OTOP1	-0.119699999999998	0.844515733260101	-6.01188325123152	1.3461587386967098e-119	NS	DOWN	False	True	5.892183251231522
OTOP2	0.344419230769232	0.748565709754515	-5.66794827586206	1.5330906574157501e-85	NS	DOWN	False	True	6.012367506631293
OTOP3	0.536976923076926	0.713929387494056	-8.49590246305417	3.43295213276224e-143	NS	DOWN	False	True	9.032879386131096
OTOS	1.25010000000001	0.136910960741581	1.25871576354679	1.37114189861201e-06	NS	UP	False	True	-0.008615763546780064
OTUB2	0.311507692307692	0.430660785922487	-2.17221674876847	2.74380244176865e-80	NS	DOWN	False	True	2.483724441076162
OTUD1	0.678123076923076	0.0316412905310316	-2.09575221674877	5.03942500482883e-109	NS	DOWN	False	True	2.7738752936718463
OTUD7A	-0.520280769230768	0.437799455330969	-2.5893960591133	8.34347992193964e-79	NS	DOWN	False	True	2.069115289882532
OTX1	-0.146719230769231	0.802238298176963	-6.18921477832512	6.73672930533104e-196	NS	DOWN	False	True	6.042495547555888
OVCH1	2.36732307692308	0.0138043581440262	4.41650295566501	3.2940529275195404e-60	NS	UP	False	True	-2.0491798787419295
OVCH2	0.509730769230774	0.386216811339996	-7.0019802955665	4.57162943562584e-86	NS	DOWN	False	True	7.511711064797273
OVGP1	1.15875	0.0074365992150055	-2.1078118226601	6.016674901718541e-61	NS	DOWN	False	True	3.2665618226601
OVOL1	2.30769230769035e-05	1.0	-11.1267054187192	2.10930409989379e-190	NS	DOWN	False	True	11.126728495642276
OVOL2	0.56948076923077	0.698373598625387	-11.64010591133	6.25636006283964e-197	NS	DOWN	False	True	12.20958668056077
OVOL3	-1.66546923076923	0.110788545659536	-1.64850443349753	5.36825970131449e-08	NS	DOWN	False	True	-0.016964797271699972
OXER1	0.467546153846154	0.472306003050739	-6.75529753694581	5.8554495775241395e-140	NS	DOWN	False	True	7.222843690791964
OXGR1	1.87136538461539	0.0418606422610264	-3.68725172413793	9.15068822840595e-45	NS	DOWN	False	True	5.55861710875332
OXT	-1.50445	0.246491064512057	-2.32581625615763	6.5790877594358e-14	NS	DOWN	False	True	0.8213662561576298
P2RX1	0.916296153846154	0.0866350452006996	-5.32856009852216	9.27980260009738e-106	NS	DOWN	False	True	6.244856252368313
P2RX2	1.07169615384616	0.162339456476045	-3.68798128078817	2.77702876249461e-32	NS	DOWN	False	True	4.75967743463433
P2RX4	-0.0922384615384626	0.77247330477611	1.05412561576355	3.7820704831905697e-69	NS	UP	False	True	-1.1463640773020125
P2RX5	0.875042307692308	0.309045844633783	4.3413763546798	1.5572632787267399e-69	NS	UP	False	True	-3.466334046987492
P2RX5-TAX1BP3	1.15218846153846	0.0119566489150995	1.49023399014778	3.70346256593535e-41	NS	UP	False	True	-0.3380455286093198
P2RX6	0.504815384615384	0.314227209267612	1.94816009852217	2.78063238249596e-49	NS	UP	False	True	-1.443344713906786
P2RX7	1.29397692307692	0.002442022197106	-3.35016502463054	7.195228762150409e-114	NS	DOWN	False	True	4.64414194770746
P2RY10	1.7952	0.0338608117249104	-5.87893596059112	3.0091834818407496e-92	NS	DOWN	False	True	7.674135960591119
P2RY13	1.64947692307692	0.0062060963421578	-5.75481231527093	3.58406793062765e-101	NS	DOWN	False	True	7.404289238347849
P2RY14	1.72835769230769	0.0016668652434864	-7.39108325123152	2.13414334365713e-131	NS	DOWN	False	True	9.11944094353921
P2RY2	0.437184615384615	0.616152621972179	-7.74122561576354	8.126917878847921e-151	NS	DOWN	False	True	8.178410231148154
P2RY4	2.38883461538462	0.0049082911080898	-2.26324137931034	1.7948478619833397e-36	NS	DOWN	False	True	4.652075994694959
P2RY6	0.280546153846154	0.542289151319654	-2.42781527093596	9.72713208992394e-34	NS	DOWN	False	True	2.7083614247821144
P2RY8	0.758223076923077	0.0780553595206528	-5.03573990147783	2.3215828449868703e-93	NS	DOWN	False	True	5.793962978400907
P3H1	0.50663846153846	0.0205609590627501	2.46967290640394	1.67433079530978e-203	NS	UP	False	True	-1.96303444486548
P3H2	1.35886153846154	0.0349573920629786	-1.94679655172414	1.71431972590949e-71	NS	DOWN	False	True	3.3056580901856796
P3H3	0.0193653846153827	0.974277636089718	2.14808226600985	2.7129699729265e-157	NS	UP	False	True	-2.1287168813944675
P3H4	0.645296153846154	0.0167165972235346	2.11979261083743	4.18337749164528e-187	NS	UP	False	True	-1.4744964569912757
P4HA1	0.957461538461539	0.0154281461904596	2.70553940886699	1.8815316354593302e-113	NS	UP	False	True	-1.748077870405451
P4HA2	0.964307692307693	0.0131909102582471	2.00975320197044	1.29353393762204e-138	NS	UP	False	True	-1.0454455096627469
P4HA3	0.98623076923077	0.146671641461402	4.40832019704434	8.59204705140971e-146	NS	UP	False	True	-3.4220894278135696
PABPC1L	0.967023076923077	0.0323652130941807	1.18980344827586	6.583068926094981e-58	NS	UP	False	True	-0.22278037135278295
PABPC1L2A			-1.31064581280788	9.324467286119099e-12	NS	DOWN	False	True	
PABPC1L2B	0.315342307692312	0.46933170594939	-1.72166305418719	6.869335692880599e-12	NS	DOWN	False	True	2.037005361879502
PABPC4	-0.256773076923078	0.153551438559379	1.14251083743843	3.7969102249492103e-91	NS	UP	False	True	-1.3992839143615081
PABPC5	1.61466923076923	0.0066511623581598	3.64919113300493	6.54002443062705e-157	NS	UP	False	True	-2.0345219022356997
PABPN1L	0.84110384615385	0.245051789845408	-3.2791093596059	1.24339883252971e-37	NS	DOWN	False	True	4.12021320575975
PACC1	0.693573076923076	0.033158551526953	1.5657275862069	1.7964014188851202e-73	NS	UP	False	True	-0.872154509283824
PACRG	2.74522692307692	0.0053000888779452	-2.21150344827586	5.77492779856773e-40	NS	DOWN	False	True	4.95673037135278
PACSIN1	0.675073076923077	0.267279726256448	-1.6189724137931	2.1791776349522e-21	NS	DOWN	False	True	2.294045490716177
PACSIN3	0.276557692307693	0.338191786111234	-1.82419359605911	1.93939785320874e-108	NS	DOWN	False	True	2.100751288366803
PADI1	-0.566115384615386	0.599254763788079	-5.21965467980296	1.8233088843688202e-120	NS	DOWN	False	True	4.653539295187574
PADI2	0.496480769230769	0.284995298062024	-5.71442955665024	3.81296676906322e-121	NS	DOWN	False	True	6.2109103258810086
PADI3	1.67249615384616	0.0864720611953402	-3.8710290640394	8.139420544080459e-43	NS	DOWN	False	True	5.54352521788556
PADI4	0.265038461538462	0.791307909477879	-2.95637438423645	7.431812595363081e-21	NS	DOWN	False	True	3.2214128457749123
PAGE2	1.93807307692308	0.231327350812038	-2.59353891625616	9.750700518746231e-17	NS	DOWN	False	True	4.53161199317924
PAGE2B	3.71226923076923	0.0105644279127146	-4.77090295566502	1.6614211572384298e-40	NS	DOWN	False	True	8.48317218643425
PAGE4	0.660553846153849	0.243242158929498	-1.09990591133005	1.94698189334572e-06	NS	DOWN	False	True	1.7604597574838992
PAGE5	5.09365	0.0125247173690642	-1.16606403940886	0.0005590280782047	NS	DOWN	False	True	6.25971403940886
PAICS	0.579530769230769	0.0210541371464823	1.47323497536946	1.81648388218869e-101	NS	UP	False	True	-0.8937042061386911
PAIP2B	1.25256538461538	0.0028078892936683	-3.72020837438424	8.43345724915987e-222	NS	DOWN	False	True	4.97277375899962
PAK2	0.920546153846154	0.0012193773868098	1.48060738916256	5.71928869406216e-151	NS	UP	False	True	-0.560061235316406
PAK4	-0.536765384615383	0.0114756477097079	-1.37840591133005	2.5374090764785802e-118	NS	DOWN	False	True	0.8416405267146669
PAK5	0.537480769230772	0.416249830456916	-4.36511379310345	8.97870608669052e-84	NS	DOWN	False	True	4.9025945623342215
PAK6	0.294069230769231	0.808988270385232	-11.2387068965517	1.2282034953484701e-165	NS	DOWN	False	True	11.53277612732093
PALD1	1.06155384615385	0.0017649249113625	-7.57811428571428	2.48341985451921e-174	NS	DOWN	False	True	8.639668131868131
PALM	0.863515384615385	0.141912908153358	-3.27368128078818	3.06539434589702e-71	NS	DOWN	False	True	4.1371966654035655
PALM2AKAP2	2.23111153846154	0.009998805849732	4.60932315270936	7.17969724637904e-67	NS	UP	False	True	-2.3782116142478196
PALM3	1.57241923076923	0.0306589431325967	-2.52021083743842	5.9852542045958e-44	NS	DOWN	False	True	4.09263006820765
PALMD	1.26103076923077	0.0121588554715234	-6.53264532019705	2.7632836196116504e-198	NS	DOWN	False	True	7.793676089427819
PALS2	1.22481923076923	0.0800942118256942	2.14943349753695	3.19765612652036e-115	NS	UP	False	True	-0.92461426676772
PAM	1.07388461538462	0.0145182128229912	2.21558620689655	4.07847459273564e-165	NS	UP	False	True	-1.1417015915119302
PAMR1	1.50843461538462	0.0036005654861901	2.02416847290641	1.52046769615451e-78	NS	UP	False	True	-0.51573385752179
PANK1	0.7775	0.0533076320301223	-1.30365467980296	2.13643599070391e-71	NS	DOWN	False	True	2.08115467980296
PANX1	0.855415384615386	0.0187685786762472	2.00297438423645	8.49017466909825e-125	NS	UP	False	True	-1.1475589996210638
PANX3	2.19274230769231	0.0030349637892581	1.7246369458128	3.87763822259873e-12	NS	UP	False	True	0.4681053618795099
PAPLN	1.47362692307692	0.0012033209810919	-1.84270541871921	1.1013618580344702e-61	NS	DOWN	False	True	3.31633234179613
PAPOLB	-0.0198461538461494	0.980349750214758	2.99189359605912	1.2377811315252e-35	NS	UP	False	True	-3.0117397499052694
PAPPA2	1.6608576923077	0.0436086597124331	4.67247339901477	2.1690930570104802e-73	NS	UP	False	True	-3.0116157067070697
PAPSS2	0.945096153846154	0.111501375908032	4.37580689655172	3.42542341265367e-205	NS	UP	False	True	-3.430710742705566
PAQR4	-0.647380769230769	0.0194082922068263	-1.09601379310345	1.18377235517518e-45	NS	DOWN	False	True	0.4486330238726809
PAQR6	1.58921923076923	0.0048046686343321	-2.4301	2.36883877492584e-131	NS	DOWN	False	True	4.01931923076923
PAQR7	0.187842307692308	0.460230483827888	-1.04372709359606	5.69733433554216e-76	NS	DOWN	False	True	1.231569401288368
PAQR8	0.938453846153845	0.0064275105168367	1.706139408867	2.53846463221393e-115	NS	UP	False	True	-0.7676855627131551
PARD3	1.27167692307692	0.0024816239050374	-1.91910640394088	5.35344117773778e-170	NS	DOWN	False	True	3.1907833270178
PARD3B	1.34941153846154	0.0030257459162484	1.65964137931034	6.26985803313764e-62	NS	UP	False	True	-0.3102298408488
PARD6A	0.200096153846154	0.662694272219441	-1.48402167487685	7.564592844665439e-36	NS	DOWN	False	True	1.684117828723004
PARD6B	1.17454615384615	0.0080539679043075	-4.34396650246305	5.45925064517273e-140	NS	DOWN	False	True	5.5185126563092
PARD6G	-0.0857384615384613	0.799177626164692	-3.66367142857143	9.30338423501741e-175	NS	DOWN	False	True	3.5779329670329685
PARK7	0.161934615384615	0.432385320615349	1.69937142857143	2.56037690805215e-203	NS	UP	False	True	-1.537436813186815
PARM1	1.44192692307692	0.0014215784510453	-4.18898571428572	2.50448715302838e-112	NS	DOWN	False	True	5.63091263736264
PARP1	0.264538461538461	0.425993206292246	1.08988177339902	1.16222339502839e-100	NS	UP	False	True	-0.8253433118605591
PARP3	0.83018076923077	0.0080032937454497	1.57701133004926	1.41876735435225e-138	NS	UP	False	True	-0.7468305608184901
PARP4	1.12055384615385	0.0011588903322663	1.9221763546798	1.88326095558312e-172	NS	UP	False	True	-0.8016225085259501
PARPBP	1.21711923076923	0.0052463249001762	1.47020689655172	1.3249699393527302e-61	NS	UP	False	True	-0.2530876657824901
PARVA	0.0482346153846143	0.883748919036871	3.22141280788177	2.44567947105024e-240	NS	UP	False	True	-3.1731781924971556
PARVB	-0.573199999999998	0.0528775225852143	2.11307389162562	1.71130566800533e-113	NS	UP	False	True	-2.686273891625618
PARVG	0.746119230769231	0.0569718586778782	-6.31324433497536	7.903242797995089e-119	NS	DOWN	False	True	7.059363565744592
PASK	0.724111538461539	0.0055846667411198	-1.53431822660098	6.26856984887212e-91	NS	DOWN	False	True	2.258429765062519
PATE2	1.13169230769231	0.261650645237024	1.26838571428571	1.10622540074549e-07	NS	UP	False	True	-0.1366934065934
PATJ	1.09820769230769	0.0861593429462006	-2.93545763546798	1.838361586545e-189	NS	DOWN	False	True	4.03366532777567
PATL2	1.20371923076923	0.0602561613213728	-1.4956842364532	1.18100114562798e-30	NS	DOWN	False	True	2.69940346722243
PAX1	-0.0852115384615386	0.936153634894411	-5.73011231527093	3.51012944913384e-101	NS	DOWN	False	True	5.644900776809392
PAX7	0.499411538461539	0.572861429146864	-2.74495418719211	9.62369747493714e-39	NS	DOWN	False	True	3.2443657256536493
PAX9	0.899692307692307	0.220043548109092	3.39872019704433	5.62980355062583e-87	NS	UP	False	True	-2.499027889352023
PBK	0.825996153846155	0.0934773546877811	2.1607315270936	5.25255720497688e-31	NS	UP	False	True	-1.3347353732474452
PBLD	1.31163461538462	0.0022830658118267	1.37110738916256	2.17104665014296e-65	NS	UP	False	True	-0.059472773777940136
PBOV1	0.339115384615388	0.401906082814138	-1.31284827586207	1.6018325362346302e-14	NS	DOWN	False	True	1.6519636604774581
PBX1	0.951288461538462	0.08147470275236	1.94267536945813	2.84205520659228e-105	NS	UP	False	True	-0.991386907919668
PCARE	1.54436153846154	0.0751442783826137	-5.11252512315271	4.07471694816186e-118	NS	DOWN	False	True	6.65688666161425
PCBP3	0.479438461538461	0.483373678168948	2.69261871921182	3.27603955677002e-75	NS	UP	False	True	-2.213180257673359
PCDH1	0.927457692307692	0.023140166093386	-7.10037044334976	1.26343997194888e-224	NS	DOWN	False	True	8.027828135657453
PCDH11X	0.909111538461541	0.100010124170967	-4.57266256157635	2.88687969391859e-96	NS	DOWN	False	True	5.4817741000378915
PCDH11Y	-0.155403846153844	0.724828265485149	-1.93717389162561	1.67553305163451e-19	NS	DOWN	False	True	1.781770045471766
PCDH12	0.875015384615385	0.0049031033632135	-1.40292413793104	1.11884027375989e-60	NS	DOWN	False	True	2.2779395225464247
PCDH15	0.500076923076924	0.662235217985016	-2.69541477832512	1.0192046601799799e-22	NS	DOWN	False	True	3.1954917014020436
PCDH19	1.46619615384616	0.0406870976258532	-3.12174778325122	1.4577868559695e-69	NS	DOWN	False	True	4.58794393709738
PCDH20	2.3521576923077	0.045393006440003	-6.88603399014778	8.689737878622079e-147	NS	DOWN	False	True	9.23819168245548
PCDH8	0.856350000000004	0.282882944794168	-3.63502118226601	3.09644285939208e-34	NS	DOWN	False	True	4.491371182266014
PCDHA1	1.99051923076924	0.043854085455702	2.79463054187192	1.18913095873873e-26	NS	UP	False	True	-0.8041113111026799
PCDHA3	2.09046153846154	0.0379230354618042	1.09398128078817	8.670744960798361e-10	NS	UP	False	True	0.9964802576733702
PCDHA6	1.61210384615385	0.131352943132684	1.67711330049261	2.68506999916843e-17	NS	UP	False	True	-0.06500945433876004
PCDHA7	3.0323	0.0023882471151211	2.17045812807881	8.94177472689546e-27	NS	UP	False	True	0.8618418719211904
PCDHA8	2.09749615384616	0.0241093110952737	1.43451182266009	7.81699891205452e-09	NS	UP	False	True	0.6629843311860699
PCDHAC2	2.39338846153846	0.0031815390506456	1.64164729064039	7.47858290962237e-11	NS	UP	False	True	0.7517411708980701
PCDHB13	1.53648076923077	0.0034579489980575	-2.53404236453202	4.63814877224242e-85	NS	DOWN	False	True	4.07052313376279
PCDHB4	1.77316153846154	0.003628419078672	-2.3362236453202	9.64130645929638e-58	NS	DOWN	False	True	4.10938518378174
PCDHB6	2.17422692307692	0.0027100167038029	-2.01786600985221	4.3964981939384396e-40	NS	DOWN	False	True	4.19209293292913
PCDHB9	1.32740384615385	0.0075059773550318	-1.63612610837439	3.07450226185319e-31	NS	DOWN	False	True	2.96352995452824
PCDHGA1	1.63888846153846	0.0179043665342941	1.91539014778325	1.37711061367538e-83	NS	UP	False	True	-0.27650168624479
PCDHGA10	0.898346153846154	0.297357196944685	1.55263251231527	1.31620288799883e-60	NS	UP	False	True	-0.654286358469116
PCDHGA11	1.95007692307692	0.0278388568136526	3.02786551724138	2.03664369434714e-139	NS	UP	False	True	-1.0777885941644603
PCDHGA12	0.560784615384615	0.59916164574261	3.60598571428571	5.2811044955327697e-166	NS	UP	False	True	-3.045201098901095
PCDHGA2	1.57704615384615	0.0300751478029306	1.29850886699507	1.02311249677386e-54	NS	UP	False	True	0.27853728685108003
PCDHGA3	0.927488461538462	0.288479891354692	1.18241133004926	4.3715857803706e-36	NS	UP	False	True	-0.25492286851079804
PCDHGA4	1.52776923076923	0.021642649450185	2.85425467980296	1.6480540390354802e-105	NS	UP	False	True	-1.3264854490337301
PCDHGA7	2.06035	0.0037125362640003	1.87003990147783	1.56651081877234e-86	NS	UP	False	True	0.19031009852217018
PCDHGA8	2.15122307692308	0.0041728320115656	1.16815714285714	2.54554120264845e-27	NS	UP	False	True	0.9830659340659398
PCDHGB1	2.66735384615385	0.0026435426707115	1.55953990147783	4.45083468720323e-27	NS	UP	False	True	1.10781394467602
PCDHGB3	2.41971538461539	0.0039675904084904	1.61510443349754	1.1708163480239e-42	NS	UP	False	True	0.8046109511178499
PCDHGB4	1.97348846153846	0.0129260220883385	2.53255615763547	1.7405733118067598e-153	NS	UP	False	True	-0.55906769609701
PCDHGB5	1.0362	0.256219686591414	1.44504137931034	7.193884216217301e-68	NS	UP	False	True	-0.40884137931034004
PCDHGB7	2.00165	0.0034212665589204	1.52023201970443	5.85791633557575e-66	NS	UP	False	True	0.48141798029557026
PCGF6	1.02667307692308	0.001650631373038	1.37475763546798	2.8964036680650503e-117	NS	UP	False	True	-0.34808455854489995
PCIF1	0.0644653846153842	0.762170553943638	-1.04353201970443	1.98870380118994e-98	NS	DOWN	False	True	1.1079974043198142
PCK1	0.748076923076925	0.495042555109024	-3.18889359605911	3.3152377260613797e-41	NS	DOWN	False	True	3.9369705191360347
PCK2	-0.1479	0.621040557664533	1.52869507389163	9.7419069313508e-84	NS	UP	False	True	-1.67659507389163
PCLAF	0.127392307692308	0.736610121184498	2.71032118226601	7.25392096560358e-35	NS	UP	False	True	-2.582928874573702
PCLO	0.752373076923078	0.547138116855459	-5.92683940886699	1.25901606568127e-108	NS	DOWN	False	True	6.679212485790068
PCNA	0.505903846153848	0.0657771156381926	1.36994581280789	1.4981945360079199e-80	NS	UP	False	True	-0.8640419666540421
PCNX2	1.35211923076923	0.0100754529835457	1.13248866995074	2.60633830723101e-42	NS	UP	False	True	0.21963056081849008
PCNX4	0.90002307692308	0.0054696054981219	1.82146157635468	1.02214631130503e-145	NS	UP	False	True	-0.9214384994315999
PCOLCE	0.675323076923075	0.102318713552301	4.05498472906405	7.601283590168901e-215	NS	UP	False	True	-3.379661652140975
PCOLCE2	0.479573076923077	0.528438294393709	-1.3453960591133	1.5344683961203e-28	NS	DOWN	False	True	1.8249691360363771
PCP2	0.0598307692307691	0.962674127315991	-9.78049064039408	3.3996671856568804e-144	NS	DOWN	False	True	9.840321409624849
PCP4	0.514734615384616	0.684368193769846	-6.80418620689654	2.55049127438636e-81	NS	DOWN	False	True	7.318920822281156
PCP4L1	1.58548461538462	0.180922838045062	-4.47211822660099	1.46178496212356e-96	NS	DOWN	False	True	6.057602841985609
PCSK1	1.84752692307692	0.0193799429280957	2.62748325123153	6.89732751564463e-53	NS	UP	False	True	-0.77995632815461
PCSK1N	0.137946153846153	0.900742498325573	-4.1604236453202	7.80341726757113e-95	NS	DOWN	False	True	4.298369799166353
PCSK2	0.144988461538462	0.90328510693765	-6.46743990147783	2.12983984404001e-80	NS	DOWN	False	True	6.612428363016292
PCSK6	0.849030769230769	0.20237265033833	-4.59912216748769	8.90094836093166e-199	NS	DOWN	False	True	5.448152936718459
PCTP	0.369023076923077	0.207943421609858	1.50443054187192	2.88708111893215e-104	NS	UP	False	True	-1.1354074649488428
PCYOX1	1.00854230769231	0.0014319296961292	1.3315921182266	4.19092436454889e-96	NS	UP	False	True	-0.32304981053429005
PCYT1B	1.02489615384615	0.306791607217219	-2.39739950738916	9.81004599123022e-26	NS	DOWN	False	True	3.42229566123531
PDC	1.52048846153847	0.0671639211197122	2.27292857142857	1.37570683707594e-14	NS	UP	False	True	-0.7524401098901001
PDCD1	0.52103076923077	0.500996183460416	-6.23957684729063	1.1966058854716902e-117	NS	DOWN	False	True	6.7606076165214
PDCD1LG2	1.89764230769231	0.0012958499043544	3.06583103448276	1.5866008008967e-124	NS	UP	False	True	-1.16818872679045
PDCD4	1.23768846153846	0.0012154293720314	-2.08888522167488	1.5253819639698898e-126	NS	DOWN	False	True	3.32657368321334
PDCD5	0.555507692307692	0.0043428873211147	1.74374975369458	2.35764603961709e-162	NS	UP	False	True	-1.188242061386888
PDCL	0.946442307692309	0.0012847824580121	1.47145862068966	6.428648643020911e-157	NS	UP	False	True	-0.5250163129973511
PDCL2	-0.190546153846151	0.648850037423075	-3.62715221674875	6.56318338181735e-33	NS	DOWN	False	True	3.4366060629025994
PDE10A	0.753661538461539	0.101258064807335	-2.21661083743842	1.73167468817385e-33	NS	DOWN	False	True	2.970272375899959
PDE12	1.06937692307692	0.0031673908996968	1.27054384236453	3.2471462721814698e-77	NS	UP	False	True	-0.2011669192876102
PDE1B	0.874061538461538	0.0259629232118629	-4.63828472906404	2.73741356663923e-141	NS	DOWN	False	True	5.512346267525578
PDE2A	0.255996153846154	0.473216484163739	-4.84945763546798	8.96562434115537e-163	NS	DOWN	False	True	5.105453789314134
PDE3B	1.99965384615385	0.0062183460012461	-1.38158571428571	4.4358666555284394e-30	NS	DOWN	False	True	3.38123956043956
PDE4A	0.782046153846154	0.0242545488545849	1.7974802955665	3.2623443401223e-141	NS	UP	False	True	-1.015434141720346
PDE4B	1.61904615384615	0.002626731129611	1.03612857142857	2.75130207987989e-24	NS	UP	False	True	0.5829175824175801
PDE4D	0.561730769230769	0.275363349945762	1.42889014778325	2.3027153480872303e-52	NS	UP	False	True	-0.867159378552481
PDE4DIP	0.0657615384615386	0.894406965637129	2.3972591133005	6.213635985206799e-179	NS	UP	False	True	-2.3314975748389615
PDE6A	1.47527307692308	0.0417061478623364	-1.91668325123153	2.17961333378783e-16	NS	DOWN	False	True	3.3919563281546097
PDE6B	1.54333461538462	0.0088209317378209	-2.00528374384236	1.10236343862052e-28	NS	DOWN	False	True	3.54861835922698
PDE6G	-0.103684615384615	0.878825938529929	-1.17145320197044	2.96068849244736e-07	NS	DOWN	False	True	1.067768586585825
PDE7B	1.43059615384616	0.004727359049524	3.77338078817734	4.48835401973325e-159	NS	UP	False	True	-2.3427846343311796
PDE9A	-0.908876923076923	0.0968903340960118	-3.7351354679803	3.07422323228814e-57	NS	DOWN	False	True	2.826258544903377
PDGFB	1.16382692307692	0.0012353565532547	-5.94103694581281	6.06997848997837e-147	NS	DOWN	False	True	7.10486386888973
PDGFRA	1.55991538461539	0.0020643952842922	3.74206995073891	4.48488717948387e-199	NS	UP	False	True	-2.18215456612352
PDGFRB	0.739192307692308	0.0112109863025972	2.66979064039409	1.44880606510605e-131	NS	UP	False	True	-1.930598332701782
PDIA3	0.722846153846152	0.0088122763603858	1.85631822660098	1.8679359256786302e-149	NS	UP	False	True	-1.1334720727548278
PDIA4	0.795749999999997	0.0197796679541775	2.11336354679803	2.16331134159985e-144	NS	UP	False	True	-1.3176135467980332
PDIA5	0.606576923076923	0.0398484949290036	2.44246305418719	3.2123788175253998e-177	NS	UP	False	True	-1.835886131110267
PDK1	1.14337692307692	0.0199152941865961	-1.03967290640394	1.37852090931732e-35	NS	DOWN	False	True	2.18304982948086
PDK3	-0.120407692307691	0.740992661289115	-1.12626009852217	1.8976405335102102e-44	NS	DOWN	False	True	1.005852406214479
PDK4	1.96605769230769	0.0071680708146839	-4.15370591133005	2.21595879073111e-81	NS	DOWN	False	True	6.11976360363774
PDLIM3	0.989819230769229	0.178621065408928	-3.43854137931034	7.67579101195248e-108	NS	DOWN	False	True	4.428360610079569
PDLIM7	0.279246153846153	0.282175616643464	2.16467438423646	1.11301330578665e-128	NS	UP	False	True	-1.8854282303903072
PDP1	0.94735	0.0275730326109135	2.67866699507389	9.043735169784141e-161	NS	UP	False	True	-1.73131699507389
PDP2	1.12518461538462	0.0018637940669376	1.79539556650246	7.691068025063981e-132	NS	UP	False	True	-0.67021095111784
PDXK	-0.0829230769230769	0.729150776430215	1.02405517241379	3.3949543481024403e-74	NS	UP	False	True	-1.106978249336867
PDXP	-0.823203846153845	0.0299091381281579	2.53275911330049	3.04579793528242e-77	NS	UP	False	True	-3.355962959454335
PDYN	0.784092307692312	0.392968414158156	-2.98266305418719	4.9116193444127096e-33	NS	DOWN	False	True	3.7667553618795018
PDZD11	0.0151076923076916	0.938620395228128	1.15829852216749	1.8178835347912801e-152	NS	UP	False	True	-1.1431908298597984
PDZD4	0.387346153846154	0.479028788350602	-4.04375615763547	8.009221034375101e-146	NS	DOWN	False	True	4.431102311481624
PDZD7	-0.0447846153846154	0.919357132831193	-1.83718571428572	4.01906729134908e-60	NS	DOWN	False	True	1.7924010989011046
PDZD8	1.21184230769231	0.002668006352502	1.78400443349753	4.40734009476328e-118	NS	UP	False	True	-0.5721621258052201
PDZD9	2.30736923076923	0.0098394459490172	-1.12816502463054	5.72372931929112e-05	NS	DOWN	False	True	3.43553425539977
PDZK1IP1	0.9939	0.532028655731722	-8.66133399014779	6.93009155383588e-224	NS	DOWN	False	True	9.65523399014779
PDZRN4	2.25779615384616	0.0071711733311977	-5.1239236453202	8.66822163867141e-78	NS	DOWN	False	True	7.38171979916636
PEA15	0.423042307692307	0.137337910425893	1.6144354679803	2.9377309894900197e-141	NS	UP	False	True	-1.1913931602879928
PEAK3	1.02191153846154	0.0366850786863932	-3.16333004926108	4.0545688573372e-54	NS	DOWN	False	True	4.18524158772262
PEBP4	0.72463076923077	0.491319281998209	-1.63702167487685	3.31814165905039e-14	NS	DOWN	False	True	2.36165244410762
PECAM1	0.749500000000001	0.0147942427368152	-6.38908029556651	6.74174657100566e-227	NS	DOWN	False	True	7.138580295566511
PECR	0.516484615384616	0.425769586853101	1.21990837438424	7.08108365842182e-42	NS	UP	False	True	-0.7034237589996241
PEDS1-UBE2V1	-0.0302615384615386	0.98456554610073	1.32169359605911	2.46237078380307e-09	NS	UP	False	True	-1.3519551345206486
PEG10	1.79060769230769	0.0122616058763717	3.42663054187192	9.34500757493997e-101	NS	UP	False	True	-1.6360228495642302
PEG3	1.3322	0.21152490669131	-2.14159014778325	1.6899103264347998e-50	NS	DOWN	False	True	3.47379014778325
PELO	0.703242307692308	0.0119062220716449	1.05282068965517	1.44393512528144e-59	NS	UP	False	True	-0.34957838196286195
PENK	1.45631153846154	0.1885151068356	4.27758522167488	9.633584700008171e-98	NS	UP	False	True	-2.8212736832133407
PER1	0.57801923076923	0.0501012442127822	-2.93936995073892	8.32192977069437e-127	NS	DOWN	False	True	3.5173891815081504
PER2	0.870442307692308	0.0061905677459517	-3.0662118226601	3.4348073011752997e-125	NS	DOWN	False	True	3.936654130352408
PER3	0.145138461538461	0.706418702017408	-3.01359064039409	2.64564731411595e-114	NS	DOWN	False	True	3.158729101932551
PERM1	-0.3384	0.539027494030233	-6.00641428571429	1.35254998380399e-212	NS	DOWN	False	True	5.66801428571429
PERP	0.802753846153847	0.228299878210657	-5.15817093596058	1.10593606285172e-286	NS	DOWN	False	True	5.960924782114427
PF4	-1.71318461538461	0.206102707373085	9.59220837438423	6.184972690153489e-134	NS	UP	False	True	-11.30539298976884
PF4V1	0.770923076923082	0.548684988152978	9.59437635467979	1.84480825038961e-140	NS	UP	False	True	-8.823453277756707
PFDN2	-0.101450000000002	0.612987287323931	1.0489	2.88317059436644e-69	NS	UP	False	True	-1.150350000000002
PFKFB1	0.952807692307692	0.0905237679215914	-2.55957783251231	2.07390919007265e-42	NS	DOWN	False	True	3.512385524820002
PFKFB2	1.05739230769231	0.0112706744361052	-1.50426206896552	1.53394121490044e-73	NS	DOWN	False	True	2.56165437665783
PFKFB3	0.876876923076922	0.0089178289338802	-1.13383793103448	1.6847282433351602e-46	NS	DOWN	False	True	2.010714854111402
PFKM	0.568542307692309	0.133975925734647	1.38617536945813	4.46303326058321e-110	NS	UP	False	True	-0.8176330617658211
PFN1	-0.0608999999999966	0.779161514546784	1.09048571428572	2.22665379457885e-91	NS	UP	False	True	-1.1513857142857167
PFN2	0.752138461538461	0.108772660117189	3.53925221674877	1.52055156550871e-204	NS	UP	False	True	-2.787113755210309
PFN3	-0.248926923076922	0.711072608403813	-1.05758522167488	4.07252775015795e-05	NS	DOWN	False	True	0.808658298597958
PFN4	0.499619230769231	0.488958501263774	2.94635566502462	1.84495918121691e-39	NS	UP	False	True	-2.446736434255389
PGAM2	0.462765384615384	0.673257817466831	-3.60635960591132	1.4371224445647e-36	NS	DOWN	False	True	4.069124990526704
PGAM4	-0.8158	0.43818444326382	1.04247586206897	0.0004130083698759	NS	UP	False	True	-1.8582758620689699
PGAP2	0.507226923076923	0.0377808111069775	-1.86315172413793	2.89714111355437e-169	NS	DOWN	False	True	2.370378647214853
PGAP3	0.608726923076924	0.0100089529254142	-1.19082167487685	2.67010020091489e-101	NS	DOWN	False	True	1.7995485979537742
PGAP4	0.581407692307693	0.513711284039239	-1.37559655172414	2.8397891061962597e-57	NS	DOWN	False	True	1.957004244031833
PGAP6	-0.695146153846155	0.0212498914422401	1.99213990147783	9.84022334746867e-143	NS	UP	False	True	-2.687286055323985
PGBD1	0.850903846153846	0.0258054876799351	2.10893399014778	5.83621764157459e-136	NS	UP	False	True	-1.2580301439939343
PGBD5	0.0962615384615383	0.907854086282585	-2.27732709359605	1.51512468502361e-33	NS	DOWN	False	True	2.3735886320575883
PGD	0.0973307692307674	0.766394427751305	1.0460039408867	2.7468669081401497e-70	NS	UP	False	True	-0.9486731716559325
PGF	1.65510769230769	0.005312620527619	-1.59940640394089	1.16097978795779e-45	NS	DOWN	False	True	3.25451409624858
PGK1	0.522123076923075	0.151034945358626	1.09094975369458	1.89801239893078e-55	NS	UP	False	True	-0.568826676771505
PGLYRP2	0.309723076923079	0.773420002297521	-5.96289261083743	7.1893932524163e-98	NS	DOWN	False	True	6.272615687760508
PGLYRP3	0.0213384615384626	0.991885536470022	-13.2434980295566	9.54668531802899e-215	NS	DOWN	False	True	13.264836491095062
PGLYRP4	-0.0821615384615382	0.964915589959582	-12.5614935960591	5.998425223388109e-224	NS	DOWN	False	True	12.479332057597562
PGM2L1	1.53876538461539	0.0018730341871771	1.46586798029557	9.07397026338177e-66	NS	UP	False	True	0.07289740431981984
PGM5	-0.058	0.927042947175849	-4.41001921182266	1.47265768059352e-133	NS	DOWN	False	True	4.35201921182266
PGPEP1	0.110626923076923	0.710355477385814	1.91777192118227	3.9993189301788e-107	NS	UP	False	True	-1.807144998105347
PGPEP1L	0.0383730769230812	0.968357657044983	-2.0367684729064	7.449251580415189e-12	NS	DOWN	False	True	2.0751415498294814
PGR	1.88698076923077	0.0033156173655134	-1.76130985221674	1.41095030793145e-31	NS	DOWN	False	True	3.64829062144751
PHACTR3	1.10014615384615	0.116776855828548	-6.61069852216748	1.12168474520631e-107	NS	DOWN	False	True	7.710844676013631
PHAF1	0.575023076923076	0.0209555599150678	-1.41164679802956	1.19223471071462e-153	NS	DOWN	False	True	1.986669874952636
PHAX	1.24046538461539	0.0014130693331143	2.02051034482759	8.267822470553109e-114	NS	UP	False	True	-0.7800449602121999
PHB1	0.0560038461538435	0.841657658052333	1.24922167487685	2.71851946008722e-115	NS	UP	False	True	-1.1932178287230066
PHC1	0.627603846153846	0.0272011909594288	1.1205236453202	1.0962090604083e-60	NS	UP	False	True	-0.4929197991663541
PHC2	0.194157692307692	0.557264360009319	1.33699950738916	9.08488626480899e-108	NS	UP	False	True	-1.142841815081468
PHETA1	0.0377346153846152	0.896167429133375	-1.00336354679803	4.48733361338965e-51	NS	DOWN	False	True	1.0410981621826452
PHETA2	0.102453846153847	0.814888059083172	1.68115960591133	8.02695670751552e-136	NS	UP	False	True	-1.578705759757483
PHF19	0.0593423076923045	0.848892773014336	1.29768866995073	8.86276452011136e-101	NS	UP	False	True	-1.2383463622584254
PHF21B	0.519938461538464	0.679443811672922	-3.849860591133	1.04912605976117e-51	NS	DOWN	False	True	4.369799052671464
PHF23	0.0481192307692293	0.865885584787166	1.3043763546798	2.42763397525554e-124	NS	UP	False	True	-1.2562571239105706
PHF24	1.17123846153846	0.0718450023617466	-2.82614532019704	1.34473103705652e-68	NS	DOWN	False	True	3.9973837817354996
PHF7	0.304215384615384	0.398005292450759	-1.02858275862069	6.99131485194193e-57	NS	DOWN	False	True	1.332798143236074
PHGR1	-0.36440769230769	0.656492213298226	-3.39940985221674	3.6174871084993705e-15	NS	DOWN	False	True	3.03500215990905
PHLDA1	0.611349999999997	0.134601541922766	1.64190443349754	6.64453242055476e-37	NS	UP	False	True	-1.030554433497543
PHLDB3	-0.127050000000002	0.67814801790207	-3.11783300492611	6.28547419683608e-139	NS	DOWN	False	True	2.990783004926108
PHLPP1	1.12595384615385	0.0049236217615389	-1.82057438423645	8.69218079054448e-141	NS	DOWN	False	True	2.9465282303903
PHLPP2	0.732323076923077	0.0457887235665779	1.99988078817734	1.6210975362438501e-152	NS	UP	False	True	-1.267557711254263
PHOSPHO1	1.00701923076923	0.0897771761799102	-2.07181182266009	1.39403431534577e-19	NS	DOWN	False	True	3.07883105342932
PHTF1	1.01266153846154	0.0038110462864843	2.56454679802956	1.47910952132971e-166	NS	UP	False	True	-1.5518852595680201
PHYHD1	-0.92746153846154	0.117741890106228	-1.3669157635468	1.7195133641178101e-93	NS	DOWN	False	True	0.4394542250852599
PHYHIP	0.832811538461539	0.154495225050159	-5.46119261083744	2.1102677862401402e-203	NS	DOWN	False	True	6.294004149298979
PHYHIPL	0.138615384615385	0.910454602169206	-1.86077142857143	3.9625063582938505e-15	NS	DOWN	False	True	1.999386813186815
PI15	2.24907307692308	0.0143756313909219	-3.66514384236453	9.01936967864252e-51	NS	DOWN	False	True	5.91421691928761
PI16	0.394953846153846	0.721734186768586	-5.13259014778325	3.70536346623762e-88	NS	DOWN	False	True	5.527543993937096
PI3	0.589069230769229	0.763715121684941	-6.34711083743843	8.67040315757768e-75	NS	DOWN	False	True	6.936180068207659
PIANP	1.22085384615385	0.148716264027638	2.42883251231527	2.48729432022466e-68	NS	UP	False	True	-1.20797866616142
PICK1	0.438142307692307	0.114773439856161	-2.47897389162561	8.358427502783489e-193	NS	DOWN	False	True	2.917116199317917
PIERCE1	-0.443126923076923	0.286592280981208	1.66594039408867	2.1536715551426203e-105	NS	UP	False	True	-2.109067317165593
PIEZO2	2.28879230769231	0.0089576589207648	-1.03311280788177	1.97612524736206e-08	NS	DOWN	False	True	3.3219051155740797
PIF1	0.492592307692308	0.219951372438278	3.22773645320197	4.36400269112198e-119	NS	UP	False	True	-2.735144145509662
PIGBOS1	0.858865384615385	0.0011268329135445	1.11259655172414	2.5578620566052104e-112	NS	UP	False	True	-0.2537311671087551
PIGK	1.23847692307693	0.0027341210950741	2.80389261083744	1.02544146041464e-203	NS	UP	False	True	-1.56541568776051
PIGM	0.907196153846154	0.0018555550224015	1.43585812807882	5.41719139128453e-118	NS	UP	False	True	-0.528661974232666
PIGP	0.122588461538461	0.638908262185919	1.11412167487685	6.713752235878159e-83	NS	UP	False	True	-0.9915332133383891
PIGR	0.475096153846153	0.66721644475616	-1.80941527093596	1.29732413757232e-14	NS	DOWN	False	True	2.284511424782113
PIGT	0.351015384615384	0.217314729268041	1.02304778325123	1.79135851894078e-116	NS	UP	False	True	-0.6720323986358459
PIGY	2.51415	0.131413142270007	6.14512216748768	1.53805142723198e-25	NS	UP	False	True	-3.6309721674876805
PIK3AP1	1.18554615384615	0.0176296733319842	-3.77126502463053	3.3579492033300995e-83	NS	DOWN	False	True	4.956811178476681
PIK3C2B	0.396053846153847	0.201810906393549	-4.97745221674877	5.47551304028984e-202	NS	DOWN	False	True	5.373506062902616
PIK3C2G	0.868480769230767	0.440613504784771	-11.1591014778325	1.39946822621379e-243	NS	DOWN	False	True	12.027582247063268
PIK3CB	0.792884615384615	0.0152986830332377	-1.03963103448276	8.10243334212616e-91	NS	DOWN	False	True	1.832515649867375
PIK3CG	1.78313461538461	0.0012303895039055	-5.36346502463054	5.0324363142624505e-111	NS	DOWN	False	True	7.14659964001515
PIK3IP1	1.02455384615385	0.0083550236257158	-2.51682167487685	7.9376756085674105e-87	NS	DOWN	False	True	3.5413755210307
PIK3R3	1.03362692307692	0.0257562726333802	-2.74251280788178	4.36580952748231e-89	NS	DOWN	False	True	3.7761397309587004
PIK3R5	0.846080769230769	0.0389526780935692	-6.48007536945812	2.18193396334111e-112	NS	DOWN	False	True	7.326156138688889
PIK3R6	0.806576923076923	0.0415170446312028	-6.34422807881773	9.22654785138315e-113	NS	DOWN	False	True	7.150805001894653
PILRA	0.743326923076923	0.0634809887144257	-1.17632413793104	1.2032076951895799e-29	NS	DOWN	False	True	1.9196510610079631
PILRB	0.952326923076924	0.0137696850158995	-1.49864285714286	1.10294674848629e-72	NS	DOWN	False	True	2.450969780219784
PIM1	0.118765384615385	0.766303556896333	-1.93435467980295	1.69753492590384e-91	NS	DOWN	False	True	2.053120064418335
PIM3	-0.239334615384617	0.349896350218247	-2.42571921182266	1.27731466846228e-142	NS	DOWN	False	True	2.186384596438043
PIMREG	0.0838346153846148	0.859071998531265	1.77697586206897	1.1981984563793499e-18	NS	UP	False	True	-1.6931412466843552
PIP	-0.570565384615387	0.577038468381135	-9.13752463054186	2.04066707743297e-69	NS	DOWN	False	True	8.566959245926473
PIP4K2A	-0.0141461538461556	0.97285138219984	1.79867142857143	4.08285341162199e-132	NS	UP	False	True	-1.8128175824175856
PIP4K2C	0.0346038461538472	0.906038761782864	-1.11103349753694	4.16740873278786e-65	NS	DOWN	False	True	1.1456373436907872
PIP4P2	1.04135769230769	0.0089286046245742	1.59054630541872	4.87994309356991e-127	NS	UP	False	True	-0.5491886131110302
PIP5K1B	1.10154230769231	0.214852466618593	-5.56254778325122	1.8714485135972e-99	NS	DOWN	False	True	6.66409009094353
PIP5KL1	0.858000000000001	0.0543891674963832	-1.0174802955665	2.78243560485835e-41	NS	DOWN	False	True	1.875480295566501
PIPOX	1.26308461538461	0.0017036075049678	-2.69081477832512	2.14580856996453e-50	NS	DOWN	False	True	3.95389939370973
PIRT	0.634834615384618	0.286537996039246	-3.10613349753694	1.82236509129781e-31	NS	DOWN	False	True	3.740968112921558
PITPNC1	0.770734615384616	0.0039971195914433	1.17152266009852	1.1572148504502699e-41	NS	UP	False	True	-0.40078804471390406
PITPNM3	0.9227	0.151815416880038	-4.76114532019705	9.12963313308599e-195	NS	DOWN	False	True	5.68384532019705
PITX2	0.43025	0.661840805480323	2.98789162561576	2.2319117930455e-73	NS	UP	False	True	-2.55764162561576
PITX3	-0.838753846153844	0.363609005176554	4.69953497536945	4.9044529384870705e-58	NS	UP	False	True	-5.5382888215232935
PIWIL1	0.57394230769231	0.651641295890952	-3.32319655172413	7.65295971880642e-35	NS	DOWN	False	True	3.8971388594164402
PKD1L3	1.23081153846154	0.0650438189445421	-1.96646995073892	2.1972949322337e-22	NS	DOWN	False	True	3.19728148920046
PKD2L1	0.0516153846153844	0.963483299764455	-1.24492758620689	2.06155617181923e-05	NS	DOWN	False	True	1.2965429708222744
PKDCC	1.13291538461538	0.0417727429661794	1.62408571428571	2.8614961449652696e-56	NS	UP	False	True	-0.4911703296703298
PKHD1	2.40087307692308	0.0508260547420567	-5.27983596059113	2.30515904337224e-158	NS	DOWN	False	True	7.68070903751421
PKHD1L1	1.28158461538462	0.246777696958068	-7.31156945812808	1.50776668513045e-122	NS	DOWN	False	True	8.5931540735127
PKIB	1.49772307692308	0.0492926777410097	-3.6195472906404	3.80300315071982e-118	NS	DOWN	False	True	5.11727036756348
PKIG	0.984780769230767	0.000234168996572	1.38561280788177	2.8057177102602698e-96	NS	UP	False	True	-0.40083203865100303
PKLR	-0.646846153846154	0.495676907448292	-4.32649261083743	1.06353216112714e-55	NS	DOWN	False	True	3.6796464569912763
PKN1	0.349819230769232	0.192125732248652	2.11011477832512	6.11622249935014e-132	NS	UP	False	True	-1.7602955475558881
PKNOX1	0.480107692307693	0.0347397476274154	1.23673743842365	8.10563138054179e-123	NS	UP	False	True	-0.756629746115957
PKNOX2	0.94079230769231	0.0565631303664219	-3.67298719211823	4.34211373297885e-82	NS	DOWN	False	True	4.613779499810541
PKP1	-0.587376923076922	0.72436029143822	-11.3373995073892	5.2484825437946994e-306	NS	DOWN	False	True	10.750022584312278
PKP2	1.85504615384615	0.0393313292564452	-3.54780492610838	7.7568453917214805e-87	NS	DOWN	False	True	5.40285107995453
PKP3	1.43180769230769	0.246225976440184	-7.83193842364532	3.30662841768746e-272	NS	DOWN	False	True	9.26374611595301
PLA1A	0.742276923076924	0.405478730313388	-5.71818226600984	4.5193455380957e-80	NS	DOWN	False	True	6.460459189086763
PLA2G10	1.14684230769231	0.24735190494138	-1.993960591133	4.12997296995612e-11	NS	DOWN	False	True	3.14080289882531
PLA2G12A	0.922092307692309	0.0037846473558396	1.12930492610838	3.27094098352386e-63	NS	UP	False	True	-0.20721261841607108
PLA2G1B	1.07813846153846	0.402925751609858	1.54820738916256	0.0008741996806368	NS	UP	False	True	-0.47006892762410013
PLA2G2A	2.52233461538462	0.0080833309229017	-4.68323990147783	1.42429504777808e-79	NS	DOWN	False	True	7.20557451686245
PLA2G2C	0.656150000000006	0.501920459437852	-1.55497881773399	2.09350712942103e-14	NS	DOWN	False	True	2.211128817733996
PLA2G2D	0.0086346153846159	0.994475266124282	-1.70009901477832	4.21714817059529e-18	NS	DOWN	False	True	1.708733630162936
PLA2G2E			-1.08974926108374	4.24576549299938e-07	NS	DOWN	False	True	
PLA2G2F	0.642284615384614	0.661677027903248	-12.5224655172414	8.792937257925279e-246	NS	DOWN	False	True	13.164750132626015
PLA2G3	1.35939230769231	0.379865746883842	-11.1479458128079	2.41681097684976e-205	NS	DOWN	False	True	12.50733812050021
PLA2G4A	1.96571923076923	0.009192472618505	-1.76772216748768	8.80467139876849e-80	NS	DOWN	False	True	3.73344139825691
PLA2G4B	0.415642307692308	0.399856531882516	-4.96463103448276	5.51766311955082e-206	NS	DOWN	False	True	5.380273342175069
PLA2G4D	0.449423076923079	0.789803301871725	-12.2290108374384	1.57707124790396e-224	NS	DOWN	False	True	12.678433914361479
PLA2G4E	0.622215384615385	0.730429616991622	-13.2050399014778	2.84231358544268e-228	NS	DOWN	False	True	13.827255286093186
PLA2G4F	1.18697307692308	0.475347972879627	-12.3166261083744	1.37754978174751e-224	NS	DOWN	False	True	13.50359918529748
PLA2G5	2.15628076923077	0.0011960505949317	-1.38316699507389	3.0143529554555704e-15	NS	DOWN	False	True	3.53944776430466
PLA2G6	0.949046153846154	0.010644813376497	-1.19467980295566	1.3277602960300601e-44	NS	DOWN	False	True	2.143725956801814
PLA2G7	0.0912769230769235	0.846440275330767	-7.98327832512314	1.64751973139093e-142	NS	DOWN	False	True	8.074555248200063
PLAAT1	0.184211538461539	0.897653221836708	-5.69876699507389	3.52041929630922e-80	NS	DOWN	False	True	5.882978533535429
PLAAT2	1.1125	0.350986213971112	-4.23695073891625	2.1615670156365098e-33	NS	DOWN	False	True	5.34945073891625
PLAC8	2.18050384615385	0.0013132798879986	1.49459014778325	1.0180690962639799e-22	NS	UP	False	True	0.6859136983706
PLAC8L1	1.38768076923077	0.15400807998223	1.53342610837439	5.08059939592239e-10	NS	UP	False	True	-0.1457453391436201
PLAT	1.37901538461539	0.0058758425524216	3.08501871921183	1.73444734001672e-106	NS	UP	False	True	-1.7060033345964398
PLAUR	0.599319230769232	0.209722917747502	3.25889261083744	4.7748278664889996e-181	NS	UP	False	True	-2.659573380068208
PLB1	0.133180769230769	0.81841189019435	-3.25403201970444	1.16376513215034e-115	NS	DOWN	False	True	3.387212788935209
PLBD1	1.25592307692308	0.0289871381491801	-4.35955763546798	1.1322282302728001e-201	NS	DOWN	False	True	5.61548071239106
PLBD2	-0.193884615384615	0.536517348819957	2.16224778325123	6.87975678789523e-200	NS	UP	False	True	-2.356132398635845
PLCB2	0.784142307692308	0.0197885961072128	-1.6669315270936	1.26038245712137e-47	NS	DOWN	False	True	2.451073834785908
PLCB4	2.69343461538462	0.0059726173202844	1.88752955665025	1.91393576196391e-41	NS	UP	False	True	0.8059050587343701
PLCD1	0.346653846153847	0.281813276418115	-1.43963694581281	2.95741503536314e-66	NS	DOWN	False	True	1.7862907919666569
PLCG2	1.02635	0.0059726173202844	-4.04077192118227	3.5394941335265004e-158	NS	DOWN	False	True	5.06712192118227
PLCH2	0.837465384615385	0.200631055035869	-9.2317512315271	6.28870466476089e-259	NS	DOWN	False	True	10.069216616142485
PLCL2	1.57835769230769	0.0018255396637265	2.91037684729064	6.83062166933114e-142	NS	UP	False	True	-1.33201915498295
PLCZ1	0.650730769230773	0.170087948048986	-5.89056748768472	1.9767750288216802e-74	NS	DOWN	False	True	6.541298256915493
PLD1	-0.501207692307693	0.212620120300771	-2.66856206896552	8.37093142153887e-145	NS	DOWN	False	True	2.167354376657827
PLD2	0.564792307692307	0.0524312113493941	-1.69846699507389	4.11919729564947e-146	NS	DOWN	False	True	2.263259302766197
PLD4	0.804773076923077	0.139831031491743	-1.72061773399014	3.4092297024855104e-21	NS	DOWN	False	True	2.5253908109132173
PLD5	1.85626153846154	0.0340675000110576	-1.02282561576355	3.94739271019636e-05	NS	DOWN	False	True	2.8790871542250898
PLEK	1.25597307692308	0.0052654732161191	-4.30145172413793	9.97063163813304e-90	NS	DOWN	False	True	5.5574248010610106
PLEK2	0.708992307692307	0.0938209201871237	-2.18999507389163	1.62578117211438e-96	NS	DOWN	False	True	2.898987381583937
PLEKHA3	1.58958461538461	0.0024565214231848	2.1218157635468	6.04124131969712e-127	NS	UP	False	True	-0.5322311481621897
PLEKHA7	0.834857692307693	0.0841052314097903	-4.55270886699508	2.0935646666404203e-182	NS	DOWN	False	True	5.3875665593027735
PLEKHD1	1.62803846153846	0.017080152738645	-5.73567093596059	6.423761977972549e-134	NS	DOWN	False	True	7.36370939749905
PLEKHF1	-0.0634692307692304	0.843855014290337	1.15977290640394	1.5128376660397e-41	NS	UP	False	True	-1.2232421371731703
PLEKHG1	0.791461538461539	0.0919620269680524	-3.37933645320197	5.89852063108292e-132	NS	DOWN	False	True	4.170797991663509
PLEKHG2	0.480088461538463	0.0864400916280016	2.14132807881773	1.13896212502972e-106	NS	UP	False	True	-1.6612396172792667
PLEKHG3	-0.220738461538462	0.518021434982613	-3.0868433497537	1.33350133394683e-163	NS	DOWN	False	True	2.866104888215238
PLEKHG4	0.694407692307692	0.0765761277737539	1.19876798029556	7.05632972791892e-46	NS	UP	False	True	-0.504360287987868
PLEKHG4B	-0.420438461538461	0.702809045067044	-1.28300197044335	5.25236867264823e-10	NS	DOWN	False	True	0.862563508904889
PLEKHG5	0.459630769230769	0.371608210155456	-5.30712019704434	8.482556033951071e-219	NS	DOWN	False	True	5.766750966275109
PLEKHG6	0.717888461538462	0.4424328799969	-5.66079556650246	4.15314679591623e-199	NS	DOWN	False	True	6.378684028040922
PLEKHG7	0.679600000000003	0.382076202601596	-1.85121133004926	5.08331000990161e-15	NS	DOWN	False	True	2.530811330049263
PLEKHH1	0.799769230769231	0.0463914639771588	-5.4083512315271	5.07912880386525e-235	NS	DOWN	False	True	6.208120462296331
PLEKHN1	0.183653846153846	0.773420002297521	-5.86580837438424	5.57286579418555e-227	NS	DOWN	False	True	6.049462220538087
PLEKHO1	0.778153846153844	0.0037989178355783	1.4490763546798	2.66566021790636e-94	NS	UP	False	True	-0.670922508525956
PLEKHO2	0.02456923076923	0.939014796146208	2.11369753694582	1.13305808534509e-99	NS	UP	False	True	-2.08912830617659
PLEKHS1	2.63598846153846	0.0047849489942317	-5.63514827586206	7.24717663805898e-89	NS	DOWN	False	True	8.271136737400521
PLET1			-1.58199852216748	3.50361276690164e-09	NS	DOWN	False	True	
PLG	1.8540076923077	0.122452894955122	-1.78022364532019	1.7220141986127699e-12	NS	DOWN	False	True	3.63423133762789
PLIN1	0.978319230769232	0.208336459794345	-3.07794581280788	1.88684927100737e-64	NS	DOWN	False	True	4.0562650435771115
PLIN2	0.416553846153846	0.37754876396051	1.08149704433497	6.92321050128062e-29	NS	UP	False	True	-0.664943198181124
PLIN4	0.0743230769230783	0.924049590099281	-2.93487487684729	1.5843916612467002e-68	NS	DOWN	False	True	3.0091979537703684
PLIN5	1.36496153846154	0.133136632794127	-4.71191477832512	3.82566915963781e-86	NS	DOWN	False	True	6.0768763167866595
PLK1	-0.219907692307689	0.571747534206745	1.14255024630542	2.55704193081135e-17	NS	UP	False	True	-1.362457938613109
PLK5	1.62873076923077	0.0696222098938198	-3.13103940886699	2.0138696070947799e-28	NS	DOWN	False	True	4.75977017809776
PLLP	0.875569230769231	0.0097600516424332	-6.90339507389163	4.6051303275e-313	NS	DOWN	False	True	7.778964304660861
PLN	2.08137692307692	0.0011078098828073	-3.60724039408867	7.0197936318863e-90	NS	DOWN	False	True	5.6886173171655905
PLOD1	0.279426923076926	0.394711785066621	2.86463201970443	5.74403938370968e-191	NS	UP	False	True	-2.585205096627504
PLOD3	-0.351984615384614	0.208555498642492	2.40211674876848	1.6308366720458002e-198	NS	UP	False	True	-2.754101364153094
PLP2	-0.507180769230766	0.0626769616681048	-1.32973743842364	2.08075284146696e-98	NS	DOWN	False	True	0.822556669192874
PLPBP	0.929773076923076	0.001392051838857	1.37631477832512	2.47299516808848e-123	NS	UP	False	True	-0.44654170140204397
PLPP2	0.897765384615385	0.230365203535676	-5.33498522167488	1.96077612310675e-171	NS	DOWN	False	True	6.232750606290265
PLPP4	-0.0870923076923074	0.921386228110486	2.21511822660099	1.07539094869134e-25	NS	UP	False	True	-2.3022105342932973
PLPP5	1.06258461538462	0.0015975157358002	1.2575842364532	5.37620951449146e-140	NS	UP	False	True	-0.19499962106858004
PLPP7	0.0728384615384616	0.933849646609235	2.13698768472906	1.66175604755998e-103	NS	UP	False	True	-2.0641492231905985
PLPPR1	3.02638461538462	0.0022697351955095	-4.84331527093595	4.13043734118406e-71	NS	DOWN	False	True	7.86969988632057
PLPPR3	1.21781153846154	0.261809961525469	2.64905024630542	3.73773303320237e-22	NS	UP	False	True	-1.43123870784388
PLPPR4	0.639434615384616	0.364242275281207	-2.53077438423645	2.5071832163068002e-54	NS	DOWN	False	True	3.1702089996210656
PLPPR5	1.88398461538462	0.060069595350319	1.17131724137931	6.89832363754538e-07	NS	UP	False	True	0.71266737400531
PLS1	1.7192	0.0143222790245555	-2.78143251231527	5.88917559157226e-103	NS	DOWN	False	True	4.50063251231527
PLSCR1	0.467138461538464	0.283140864488533	2.25833990147783	2.02001777531891e-131	NS	UP	False	True	-1.791201439939366
PLSCR2	1.00617692307693	0.302781519679099	1.30951527093596	0.0002003289338509	NS	UP	False	True	-0.30333834785903013
PLSCR5	0.70469230769231	0.170998145060632	1.3988	4.36632127743941e-08	NS	UP	False	True	-0.6941076923076901
PLVAP	0.287000000000001	0.361125259182434	-7.3895433497537	6.494770648089751e-236	NS	DOWN	False	True	7.676543349753701
PLXDC2	1.44622307692308	0.0011998214224481	-2.86384137931035	9.36860222902967e-63	NS	DOWN	False	True	4.31006445623343
PLXNA1	0.18073076923077	0.585049835426999	1.0875527093596	2.39697486255982e-57	NS	UP	False	True	-0.90682194012883
PLXNA2	0.36755	0.433756718665934	-1.96135812807882	1.09767609243255e-83	NS	DOWN	False	True	2.3289081280788198
PLXNA3	0.722373076923077	0.0662276765179459	1.00553793103448	1.20180407035934e-34	NS	UP	False	True	-0.28316485411140313
PLXNB1	0.601092307692308	0.119761528686821	-2.22766502463054	2.02820592642743e-127	NS	DOWN	False	True	2.828757332322848
PLXND1	0.646238461538461	0.0709666363496632	1.84259261083744	3.8271667864738494e-114	NS	UP	False	True	-1.1963541492989789
PM20D1	-0.458953846153844	0.692406149502891	-4.25952463054187	2.3382832515049503e-31	NS	DOWN	False	True	3.800570784388026
PMEPA1	1.32258461538462	0.0059534873016812	-1.05006945812808	1.1697948607229299e-26	NS	DOWN	False	True	2.3726540735126997
PMF1	-0.350223076923079	0.0544202352642017	-1.09172019704433	6.919476674302119e-138	NS	DOWN	False	True	0.741497120121251
PMF1-BGLAP	0.231950000000002	0.403746638244954	1.02447093596059	1.36185675873269e-45	NS	UP	False	True	-0.7925209359605879
PMM2	0.0848423076923055	0.727937837333057	1.21875123152709	1.09837503681897e-116	NS	UP	False	True	-1.1339089238347846
PMP22	0.693830769230768	0.0769478288651535	1.37220295566502	1.2741203972748799e-57	NS	UP	False	True	-0.6783721864342519
PMVK	-0.070038461538461	0.758937643901252	-1.60728128078818	2.81358367410253e-169	NS	DOWN	False	True	1.537242819249719
PNCK	0.890273076923077	0.132322216529253	-3.42599064039409	9.508239213904351e-58	NS	DOWN	False	True	4.316263717317167
PNLDC1	1.28753076923077	0.333994683797658	-2.6940645320197	9.272300247934601e-16	NS	DOWN	False	True	3.98159530125047
PNLIPRP3	-0.919642307692309	0.448760403653507	-7.51707438423645	2.55928278561853e-115	NS	DOWN	False	True	6.597432076544141
PNMA1	0.78181153846154	0.0192367700917765	2.10073596059113	3.77828104918431e-185	NS	UP	False	True	-1.31892442212959
PNMA3	-0.258523076923076	0.771248005681372	-2.36055615763546	6.11837006868996e-44	NS	DOWN	False	True	2.102033080712384
PNMA5	1.38447307692308	0.0774724393046296	-5.56009310344827	1.0083884875552901e-104	NS	DOWN	False	True	6.94456618037135
PNMA6A	-1.12677692307692	0.0823198093259106	1.30026551724138	1.8303069590698101e-35	NS	UP	False	True	-2.4270424403183
PNMA6E	0.241942307692311	0.669729512821898	-3.20111083743842	1.75923139888897e-33	NS	DOWN	False	True	3.443053145130731
PNMA8A	-0.1829	0.826333914952699	1.50743793103448	1.2182717867796901e-25	NS	UP	False	True	-1.6903379310344802
PNMA8B	0.12651923076923	0.84102268449791	-1.16354285714286	2.6584504314240997e-41	NS	DOWN	False	True	1.29006208791209
PNMT	-0.168061538461538	0.894406965637129	-6.59094187192118	7.79482823616749e-85	NS	DOWN	False	True	6.422880333459641
PNO1	0.912776923076923	0.001305535204544	1.03841280788177	1.9893353100659e-44	NS	UP	False	True	-0.125635884804847
PNOC	1.03949615384615	0.306585071423131	-1.87782857142857	8.518455561522429e-12	NS	DOWN	False	True	2.91732472527472
PNPLA1	0.844984615384616	0.496069253417146	-10.2453128078818	2.47126671818721e-163	NS	DOWN	False	True	11.090297423266417
PNPLA3	-1.29921923076923	0.0231815077182388	-1.12027487684729	2.1029081721312899e-22	NS	DOWN	False	True	-0.17894435392193997
PNPLA5	-0.838849999999999	0.310653462375828	-7.66484334975368	3.06032747461552e-119	NS	DOWN	False	True	6.825993349753681
PNPLA7	0.956942307692308	0.0156660155676405	-3.2549881773399	1.62210278333181e-137	NS	DOWN	False	True	4.211930485032208
POC1A	-0.305930769230767	0.321353533740116	1.13308472906404	1.4386078283385702e-31	NS	UP	False	True	-1.4390154982948071
POC1B-GALNT4	1.88553846153846	0.0343079091996222	2.09119753694581	1.9641709438253e-15	NS	UP	False	True	-0.20565907540734973
PODNL1	1.13323846153846	0.0928899346111695	1.26886748768472	1.0066106071071e-39	NS	UP	False	True	-0.13562902614625982
PODXL2	-0.479169230769231	0.306216571671025	-1.69562906403941	1.67726444634745e-61	NS	DOWN	False	True	1.216459833270179
POF1B	1.64058076923077	0.264631986637905	-11.3777709359606	2.55515490265782e-229	NS	DOWN	False	True	13.01835170519137
POFUT1	0.733150000000001	0.0048112342495224	1.71545862068966	6.16607659104467e-171	NS	UP	False	True	-0.9823086206896591
POFUT2	0.996892307692308	0.0007851919807508	1.85069113300493	7.08298091696791e-181	NS	UP	False	True	-0.8537988253126221
POLD3	0.885273076923077	0.0076608006864729	1.07412413793103	2.65572459985203e-91	NS	UP	False	True	-0.188851061007953
POLE	-0.424350000000002	0.0824460721101276	-1.7360330049261	2.53277000296285e-108	NS	DOWN	False	True	1.311683004926098
POLH	0.332088461538462	0.331248086389697	1.55582463054187	1.55166903775716e-92	NS	UP	False	True	-1.2237361690034079
POLN	1.47928846153846	0.0121379764060961	1.085360591133	2.15492340217243e-42	NS	UP	False	True	0.39392787040546007
POLQ	0.982615384615385	0.0419132972472745	1.31359014778325	2.03720454009832e-24	NS	UP	False	True	-0.3309747631678649
POLR1A	0.252511538461537	0.320254245266677	1.38201428571428	3.6119619918541404e-85	NS	UP	False	True	-1.129502747252743
POLR1F	0.980507692307692	0.0041338165716178	1.2778	4.1667329439681896e-80	NS	UP	False	True	-0.2972923076923081
POLR1G	0.244588461538462	0.414400035985862	1.76933054187192	1.87998793140705e-73	NS	UP	False	True	-1.5247420803334581
POLR2L	-0.26610384615385	0.309782588581336	1.51571083743843	4.94292600838452e-146	NS	UP	False	True	-1.7818146835922801
POLR3D	0.774503846153846	0.0200842724740199	1.42233891625616	3.78849118583366e-93	NS	UP	False	True	-0.6478350701023139
POLR3G	0.669038461538461	0.0538526324199371	1.95658768472906	3.5167802865159e-104	NS	UP	False	True	-1.287549223190599
POLR3H	0.114265384615383	0.617635646451101	1.53525123152709	1.8708991178163098e-78	NS	UP	False	True	-1.4209858469117072
POLR3K	0.216519230769231	0.410922134671486	1.06303990147783	2.5227484620546502e-74	NS	UP	False	True	-0.846520670708599
POLRMT	-0.372723076923076	0.0726346354166528	-1.02419408866995	7.00860950288895e-78	NS	DOWN	False	True	0.651471011746874
POMC	0.49521923076923	0.651535785707026	-2.88597438423645	2.79373182736676e-68	NS	DOWN	False	True	3.38119361500568
POMK	1.32153846153846	0.0083390759349288	2.01300738916256	8.56355491993359e-54	NS	UP	False	True	-0.6914689276241
POMP	0.124419230769229	0.533164818094917	1.26471871921182	6.1521755623723804e-142	NS	UP	False	True	-1.140299488442591
PON1	1.89031923076923	0.0918335004441512	-5.62583251231526	2.52504982030015e-65	NS	DOWN	False	True	7.516151743084491
PON3	1.95491153846154	0.0506233939602023	-5.28814137931035	1.7604602986421898e-122	NS	DOWN	False	True	7.24305291777189
POP1	0.556661538461539	0.0812627284513871	2.29540344827586	7.76919082820878e-140	NS	UP	False	True	-1.7387419098143209
POPDC2	0.6976	0.0184575439212873	-2.15900837438424	9.22194698289512e-76	NS	DOWN	False	True	2.85660837438424
POPDC3	0.722630769230769	0.413862014515624	7.95649556650246	7.38642283987788e-146	NS	UP	False	True	-7.233864797271691
POT1	1.07285769230769	0.0015409657743066	1.3564763546798	1.32684640295168e-115	NS	UP	False	True	-0.28361866237211
POTEE	0.673150000000005	0.348061353035373	2.52788325123153	1.18207584792085e-26	NS	UP	False	True	-1.8547332512315249
POU2AF1	1.50701923076923	0.0761243220242435	-2.2695842364532	1.87986879821802e-21	NS	DOWN	False	True	3.7766034672224302
POU2AF2	0.079434615384617	0.923189101218862	-1.20336157635468	1.68435428155545e-05	NS	DOWN	False	True	1.2827961917392972
POU2AF3	1.16759230769231	0.157603456608027	-2.11925812807882	5.21832650764114e-23	NS	DOWN	False	True	3.2868504357711297
POU2F2	0.974657692307693	0.0129152566217323	1.45337339901478	2.53719172032626e-23	NS	UP	False	True	-0.47871570670708696
POU2F3	1.29527307692308	0.364228195273068	-10.6738527093596	4.6973606931024e-192	NS	DOWN	False	True	11.96912578628268
POU3F1	-1.05353461538462	0.0791701210625734	-11.1513024630542	1.29264673991317e-205	NS	DOWN	False	True	10.09776784766958
POU3F2	1.78283846153846	0.0198864749522912	-1.08474088669951	1.09838926437489e-07	NS	DOWN	False	True	2.86757934823797
POU3F3	2.51173846153846	0.0131240208744075	3.43661133004926	1.19630739534536e-93	NS	UP	False	True	-0.9248728685107999
POU4F1	-0.206069230769232	0.839822087946803	-5.15950295566502	9.745258676897441e-131	NS	DOWN	False	True	4.953433724895788
POU4F3	1.85439615384616	0.0437160738626704	-1.44226945812807	2.9149410637449e-06	NS	DOWN	False	True	3.29666561197423
POU5F1	1.00256538461539	0.0124303093405172	-2.5819842364532	4.5880650068891895e-70	NS	DOWN	False	True	3.58454962106859
POU5F1B	1.71245	0.0370767388600388	-2.80862660098522	3.7935421436164203e-47	NS	DOWN	False	True	4.52107660098522
POU5F2	1.27311153846154	0.0923803568932349	-2.55596157635468	2.7154948031895797e-28	NS	DOWN	False	True	3.82907311481622
POU6F2	2.15619615384616	0.0295799593084482	-3.42537487684728	2.4991680943075103e-44	NS	DOWN	False	True	5.581571030693439
PPARG	1.02543076923077	0.016550328026857	2.28263694581281	6.66426323888707e-73	NS	UP	False	True	-1.25720617658204
PPARGC1A	0.184803846153846	0.849218102514283	-1.3072275862069	2.17216566507225e-16	NS	DOWN	False	True	1.492031432360746
PPARGC1B	0.486965384615385	0.184073363499637	-2.68607290640394	8.367367752898161e-93	NS	DOWN	False	True	3.173038291019325
PPAT	1.18389615384615	0.00166858018562	1.76970295566502	1.82567156170267e-119	NS	UP	False	True	-0.5858068018188698
PPBP	0.610592307692309	0.688228385879082	1.69425566502463	6.98268030551244e-06	NS	UP	False	True	-1.083663357332321
PPDPF	-0.640503846153848	0.0066578213786203	-1.0327330049261	1.74812398930507e-110	NS	DOWN	False	True	0.39222915877225206
PPDPFL	1.71844615384616	0.0546265941724952	-5.94849852216748	3.39659036549611e-64	NS	DOWN	False	True	7.66694467601364
PPEF1	0.559776923076924	0.447072885737229	-2.86940295566501	7.26173418177009e-30	NS	DOWN	False	True	3.429179878741934
PPEF2	0.441019230769236	0.56265580319191	-2.14328078817734	3.09463512573135e-17	NS	DOWN	False	True	2.584300018946576
PPFIA2	0.925807692307693	0.285852035048022	1.75946157635468	2.51342169625017e-34	NS	UP	False	True	-0.8336538840469869
PPFIA3	-0.624842307692308	0.0114677222625721	-4.13823448275862	5.61685881313762e-240	NS	DOWN	False	True	3.513392175066312
PPFIBP2	0.776776923076922	0.0204290242807924	-1.43929556650246	7.15795615584743e-81	NS	DOWN	False	True	2.216072489579382
PPIB	0.213065384615385	0.259924101006932	2.14659310344828	4.89566292707416e-221	NS	UP	False	True	-1.933527718832895
PPIC	1.49663076923077	0.003367459991035	1.27981921182266	4.45522890278514e-89	NS	UP	False	True	0.2168115574081102
PPIL1	0.653019230769231	0.0435181986841426	1.52873349753694	4.14042389106154e-84	NS	UP	False	True	-0.875714266767709
PPL	1.16950384615385	0.227489277747463	-3.48686059113301	1.17347579732727e-122	NS	DOWN	False	True	4.65636443728686
PPM1J	0.59025	0.132087922516749	-3.81119852216749	6.94811393346081e-196	NS	DOWN	False	True	4.40144852216749
PPM1L	1.35314230769231	0.0011529660848861	-3.2461802955665	1.35343128676028e-123	NS	DOWN	False	True	4.59932260325881
PPP1R13B	0.681446153846154	0.0128051004142845	-2.99289655172414	4.68618758884122e-232	NS	DOWN	False	True	3.674342705570294
PPP1R13L	0.813465384615387	0.115266142751708	-4.48117586206897	2.3566727936113e-218	NS	DOWN	False	True	5.294641246684357
PPP1R14A	0.381419230769231	0.438378204808428	-1.3395315270936	7.20178428218429e-15	NS	DOWN	False	True	1.720950757862831
PPP1R14C	2.17811153846154	0.030239115316009	-8.37483349753695	1.8406958971443302e-182	NS	DOWN	False	True	10.552945035998489
PPP1R14D	-0.28298846153846	0.755901612821293	-6.36021231527092	2.98659694440008e-84	NS	DOWN	False	True	6.07722385373246
PPP1R16A	0.418911538461538	0.0617862550562276	-1.9896512315271	4.6881404761871e-179	NS	DOWN	False	True	2.408562769988638
PPP1R16B	0.227646153846154	0.700012896914826	-5.65870738916256	7.648811573681699e-129	NS	DOWN	False	True	5.886353543008713
PPP1R17	0.651734615384619	0.359384913966627	-1.43582857142857	4.86460986897909e-13	NS	DOWN	False	True	2.0875631868131888
PPP1R18	0.0302269230769223	0.900209055457275	1.59127093596059	2.70658249809953e-85	NS	UP	False	True	-1.5610440128836678
PPP1R1A	-0.111742307692308	0.915353254536659	-4.49435566502463	2.60707979497703e-75	NS	DOWN	False	True	4.382613357332322
PPP1R1B	2.29341153846154	0.0241842659769361	-7.70571724137931	1.9845948301487502e-151	NS	DOWN	False	True	9.99912877984085
PPP1R27	0.22433846153846	0.837138455237191	-3.5806	2.5490235466399497e-42	NS	DOWN	False	True	3.80493846153846
PPP1R3C	2.46408461538462	0.0151105066613492	1.73676305418719	4.5165554603035203e-39	NS	UP	False	True	0.72732156119743
PPP1R3E	0.639103846153847	0.0028551063721784	-1.73767733990148	7.88339369800322e-116	NS	DOWN	False	True	2.376781186055327
PPP1R42	1.21485384615385	0.315992931520705	3.36777783251231	7.96813221190952e-21	NS	UP	False	True	-2.15292398635846
PPP1R8	0.616596153846155	0.0458964716080881	1.15723399014778	1.49263036483619e-91	NS	UP	False	True	-0.540637836301625
PPP2R2C	1.39871538461539	0.276232816194213	-4.2649197044335	1.2973168209889e-104	NS	DOWN	False	True	5.66363508904889
PPP2R3B	0.121169230769232	0.661655934878545	-2.16673842364532	9.06237292989663e-129	NS	DOWN	False	True	2.287907654414552
PPP3CB	0.929649999999999	0.0031570181531607	1.00295615763547	2.36321667502716e-115	NS	UP	False	True	-0.07330615763547099
PPP4R4	1.57094615384616	0.0606260575431885	1.5721118226601	6.61241235170142e-28	NS	UP	False	True	-0.0011656688139400906
PPT1	0.84653846153846	0.0042025167868162	1.28380886699508	1.58114367859764e-115	NS	UP	False	True	-0.43727040545662
PPT2	-0.0674884615384608	0.85499137406453	-1.03220541871921	1.43083906698067e-71	NS	DOWN	False	True	0.9647169571807492
PPT2-EGFL8	0.979546153846155	0.0095662395968387	-1.74724630541872	3.32795274390587e-85	NS	DOWN	False	True	2.7267924592648747
PRAC1	-0.0159230769230749	0.98968644242721	2.03241231527093	1.6006939731439802e-09	NS	UP	False	True	-2.048335392194005
PRAC2	1.91025	0.236566702268644	6.61417093596058	5.6356434383955e-60	NS	UP	False	True	-4.70392093596058
PRAF2	-0.130073076923077	0.53297733673785	2.27084975369458	1.76200742849102e-209	NS	UP	False	True	-2.4009228306176573
PRAG1	0.637011538461538	0.102554148292922	-2.4015039408867	8.74016503552502e-83	NS	DOWN	False	True	3.038515479348238
PRAM1	0.417857692307692	0.360063844339048	-4.07593300492611	2.12971897225515e-88	NS	DOWN	False	True	4.493790697233802
PRAME	-0.43481153846154	0.526062691647954	-1.62468128078817	8.54710886321412e-12	NS	DOWN	False	True	1.18986974232663
PRAP1	1.02701153846154	0.45781170097579	-1.24362413793103	0.0001090193611206	NS	DOWN	False	True	2.27063567639257
PRB1	1.53878076923077	0.213751351144423	-5.87842167487684	3.0751319860402804e-54	NS	DOWN	False	True	7.41720244410761
PRB2	1.05100769230769	0.431243336683857	-5.32313399014778	6.56918632743748e-50	NS	DOWN	False	True	6.37414168245547
PRB3	1.10765384615385	0.362605654345085	-5.96902660098521	4.4243479904944204e-67	NS	DOWN	False	True	7.0766804471390605
PRB4	0.254157692307695	0.817274855681409	-5.09525467980295	1.65437403933133e-49	NS	DOWN	False	True	5.349412372110645
PRDM1	1.46325769230769	0.0014463954525169	-1.4405118226601	1.73638584611427e-44	NS	DOWN	False	True	2.90376951496779
PRDX3	0.946376923076924	0.006832470845183	2.15002610837439	1.6416661889768301e-199	NS	UP	False	True	-1.2036491852974658
PRDX4	0.862953846153846	0.001254073448894	2.24482266009852	2.17382616625627e-211	NS	UP	False	True	-1.381868813944674
PRELID2	1.10784230769231	0.0042641058440214	1.42350591133005	1.13041059070686e-69	NS	UP	False	True	-0.31566360363774004
PRELID3A	0.740484615384615	0.0147528338379019	1.9578	5.98179932111413e-136	NS	UP	False	True	-1.217315384615385
PRELID3B	1.06556538461538	0.0027035274665637	1.08179458128079	3.54028539028141e-45	NS	UP	False	True	-0.016229196665410006
PRELP	0.86685	0.155159980592771	-2.56136600985221	2.3111772273404898e-48	NS	DOWN	False	True	3.42821600985221
PRF1	0.430780769230769	0.534269135585505	-5.77138916256157	8.269449125201429e-103	NS	DOWN	False	True	6.202169931792339
PRG2	-0.701603846153846	0.585881566903639	-5.05846403940886	8.95141425008884e-53	NS	DOWN	False	True	4.356860193255014
PRG4	2.37249615384616	0.003607433950342	-1.02988374384237	5.93343447093167e-07	NS	DOWN	False	True	3.4023798976885304
PRICKLE4	0.954076923076923	0.178841338762399	-1.21584581280788	2.79942997179152e-13	NS	DOWN	False	True	2.169922735884803
PRIM2	0.468988461538461	0.0909393722475702	2.10603842364532	3.22725358645456e-109	NS	UP	False	True	-1.637049962106859
PRKAG2	0.542526923076923	0.130757068982601	1.26663201970444	1.77225379866286e-99	NS	UP	False	True	-0.7241050966275171
PRKAR1A	0.885815384615385	0.0164419006000062	1.29869359605912	1.08925268091896e-124	NS	UP	False	True	-0.41287821144373493
PRKCB	0.649892307692308	0.288428161033154	-6.30445221674876	2.65702012564759e-144	NS	DOWN	False	True	6.954344524441067
PRKCD	0.0553346153846137	0.829958941596393	-1.12979655172414	4.53334672192113e-116	NS	DOWN	False	True	1.1851311671087537
PRKCE	0.644346153846155	0.0625965271109441	1.21895812807882	8.36018643877841e-64	NS	UP	False	True	-0.574611974232665
PRKCG	0.966888461538466	0.228299878210657	2.10293596059113	1.53620550440874e-17	NS	UP	False	True	-1.1360474990526641
PRKCH	0.177611538461537	0.664671674394664	-2.21518472906404	4.61444838482952e-102	NS	DOWN	False	True	2.392796267525577
PRKCQ	1.21672692307692	0.0586201591386994	-1.61076502463054	5.063134682229091e-19	NS	DOWN	False	True	2.8274919477074603
PRKCZ	0.404876923076924	0.220146700475471	-4.43187438423646	1.4667774451357e-231	NS	DOWN	False	True	4.836751307313384
PRKD2	0.193653846153846	0.294486694460278	-2.33020049261084	2.78477943814257e-195	NS	DOWN	False	True	2.523854338764686
PRKD3	0.578061538461538	0.239373367648408	1.36124384236453	1.11425823187986e-128	NS	UP	False	True	-0.7831823039029921
PRKG1	1.59348461538462	0.00112870722805	3.29300886699507	2.72862754867893e-142	NS	UP	False	True	-1.6995242516104498
PRKG2	1.96074615384615	0.101061504889059	1.43404137931035	4.88836499084409e-25	NS	UP	False	True	0.5267047745358
PRKN	1.9035	0.0011272873376133	-1.04484630541872	4.2341280471537597e-29	NS	DOWN	False	True	2.94834630541872
PRL	0.784057692307694	0.453531301357896	3.64619704433497	4.7634242365244604e-20	NS	UP	False	True	-2.8621393520272758
PRLR	2.77777692307693	0.0015024583544192	-3.4737157635468	2.17769155092127e-100	NS	DOWN	False	True	6.251492686623729
PRMT8	1.40605384615385	0.0765824079740082	-1.22120591133004	2.80847918492945e-06	NS	DOWN	False	True	2.6272597574838903
PROB1	0.390146153846155	0.400005518120485	1.84462660098522	7.77723290734128e-90	NS	UP	False	True	-1.4544804471390649
PROC	1.91490384615385	0.0056593253315449	-1.09048226600985	2.79718587421051e-06	NS	DOWN	False	True	3.0053861121637
PROCR	1.22591923076923	0.0180354617300065	1.91991379310345	6.0114092283477e-111	NS	UP	False	True	-0.6939945623342201
PRODH	-1.33381923076923	0.045253728357214	-6.94334827586207	1.6061481487538703e-148	NS	DOWN	False	True	5.60952904509284
PROK1	0.499384615384614	0.593557915228745	-5.33417290640393	4.78405630131101e-55	NS	DOWN	False	True	5.833557521788544
PROK2	-1.01758846153846	0.346464440685138	-2.9104566502463	7.2953551580585795e-22	NS	DOWN	False	True	1.8928681887078398
PROKR1	0.176330769230773	0.846131687252938	-2.89205714285714	4.71365759510746e-36	NS	DOWN	False	True	3.068387912087913
PROM1	0.992673076923078	0.146721448737038	-4.68611773399014	2.0120148783458898e-57	NS	DOWN	False	True	5.678790810913219
PROM2	1.28815	0.220035293023495	-6.06650886699507	1.35988228585241e-243	NS	DOWN	False	True	7.35465886699507
PROS1	1.57818076923077	0.0036601149424722	1.7040315270936	4.1466828289756304e-98	NS	UP	False	True	-0.12585075786282984
PROX1	2.07068846153846	0.0018060182345265	-1.15186600985221	1.3705092068126001e-25	NS	DOWN	False	True	3.22255447139067
PROZ	2.26540769230769	0.0059033570505646	1.57209950738916	1.97119397413968e-10	NS	UP	False	True	0.6933081849185301
PRPH	0.237642307692307	0.846131687252938	-5.59750197044335	4.713067034300949e-83	NS	DOWN	False	True	5.835144278135657
PRPH2	0.339807692307692	0.641591164626661	2.07124630541872	1.6776830852900902e-52	NS	UP	False	True	-1.731438613111028
PRPS1	0.517938461538463	0.129336554788309	1.59302709359606	3.22725358645456e-109	NS	UP	False	True	-1.075088632057597
PRR11	0.547696153846154	0.231280443647029	3.01159261083744	1.09783281490317e-67	NS	UP	False	True	-2.463896456991286
PRR12	0.16871923076923	0.480179434078217	-1.10995172413793	4.93792510461911e-78	NS	DOWN	False	True	1.27867095490716
PRR14	0.158349999999998	0.314013448876769	-1.14559704433497	7.49860304903729e-129	NS	DOWN	False	True	1.3039470443349679
PRR15	1.44726538461539	0.0367175550051735	4.06655911330049	1.47085000457139e-78	NS	UP	False	True	-2.6192937286850997
PRR15L	0.84286153846154	0.329175661448821	-5.99538571428571	1.1639842751827199e-135	NS	DOWN	False	True	6.838247252747251
PRR16	1.62806153846154	0.0010201244905852	4.87177044334975	5.9747733033925705e-223	NS	UP	False	True	-3.2437089048882104
PRR22	-0.0443576923076923	0.919055499367717	-1.59561871921182	7.34532283765987e-73	NS	DOWN	False	True	1.5512610269041278
PRR23D1	2.13164230769231	0.0059577581968968	1.76732266009851	2.1593788193571897e-12	NS	UP	False	True	0.3643196475938002
PRR23D2	1.79131153846154	0.0315117746976037	1.81255615763546	7.94799912443488e-13	NS	UP	False	True	-0.021244619173920176
PRR35	0.32586153846154	0.587749883641955	-1.76337931034482	4.6018228700501394e-12	NS	DOWN	False	True	2.08924084880636
PRR36	-0.0729115384615384	0.90338932786037	-4.523860591133	2.69722871558981e-105	NS	DOWN	False	True	4.450949052671462
PRR9	-0.328911538461537	0.835650805821786	-8.22556453201969	2.20216459000457e-92	NS	DOWN	False	True	7.8966529935581535
PRRC1	0.882192307692309	0.0009205885253735	1.60658620689655	5.00930094404923e-184	NS	UP	False	True	-0.7243938992042409
PRRG2	0.657992307692308	0.220659258325612	-5.33939802955665	2.3318507021329e-235	NS	DOWN	False	True	5.997390337248958
PRRG3	0.68593076923077	0.474030607768773	-3.75915123152709	7.59891684963266e-58	NS	DOWN	False	True	4.44508200075786
PRRG4	2.35041923076923	0.0010579836364146	-7.59325517241379	2.11437785059337e-243	NS	DOWN	False	True	9.94367440318302
PRRT4	-1.75148846153846	0.0341893427780852	-3.22496502463054	5.83059553101805e-56	NS	DOWN	False	True	1.4734765630920799
PRSS12	1.04006923076923	0.153570598181691	2.14285024630542	8.39856595922842e-82	NS	UP	False	True	-1.1027810155361901
PRSS16	0.962584615384615	0.335275737956233	-6.03605862068965	1.10964639921958e-123	NS	DOWN	False	True	6.9986432360742645
PRSS21	1.34335384615385	0.379127667264352	-2.08338472906404	1.18923739420077e-13	NS	DOWN	False	True	3.4267385752178896
PRSS22	0.928742307692308	0.520557232552735	-6.02741625615763	2.10930329788391e-89	NS	DOWN	False	True	6.956158563849938
PRSS27	0.213107692307693	0.720352045953299	-1.43379113300493	5.55231366544149e-38	NS	DOWN	False	True	1.6468988253126229
PRSS3	2.75668076923077	0.092431232925861	-4.43714827586207	4.85814947715592e-155	NS	DOWN	False	True	7.19382904509284
PRSS36	0.138376923076923	0.715812399155559	-3.85171133004926	1.89390414849085e-132	NS	DOWN	False	True	3.9900882531261828
PRSS42P	-0.324115384615383	0.7367950082759	-1.27930935960591	5.108017251691e-05	NS	DOWN	False	True	0.9551939749905269
PRSS45P	0.61208076923077	0.56022049289163	-4.53331871921182	1.8184946785946603e-58	NS	DOWN	False	True	5.145399488442591
PRSS48	1.63669615384616	0.0205079253034014	-1.70710049261083	5.78871974354677e-12	NS	DOWN	False	True	3.34379664645699
PRSS51	2.67947692307693	0.0095636836817737	-3.94434827586206	2.40101686054626e-37	NS	DOWN	False	True	6.62382519893899
PRSS55	2.34388076923077	0.0012148860216294	-1.02436256157636	1.05737735667579e-05	NS	DOWN	False	True	3.3682433308071302
PRSS56	-0.162892307692306	0.909924175081788	-1.80802216748768	6.648626706033091e-19	NS	DOWN	False	True	1.6451298597953739
PRSS8	0.225007692307692	0.866125886312347	-8.88547832512316	4.66382911148422e-224	NS	DOWN	False	True	9.110486017430851
PRTFDC1	1.96100769230769	0.0030697084873364	3.47208325123153	2.51561857581982e-133	NS	UP	False	True	-1.5110755589238398
PRTG	-0.469511538461538	0.582177259012808	3.65020443349753	2.22486179903164e-89	NS	UP	False	True	-4.119715971959068
PRUNE2	-0.256619230769231	0.77354839008014	1.39694433497537	2.9607026867733896e-49	NS	UP	False	True	-1.653563565744601
PRXL2A	0.0829153846153856	0.886157035192567	-5.7790039408867	8.00446153943106e-204	NS	DOWN	False	True	5.861919325502086
PRXL2C	0.728996153846154	0.0198605492748552	2.01161330049261	6.01115384635887e-135	NS	UP	False	True	-1.282617146646456
PSAP	-0.191973076923077	0.624437751406772	1.16981477832512	1.43135799746748e-81	NS	UP	False	True	-1.361787855248197
PSAPL1	-0.0103153846153816	0.996395238362781	-13.5294852216749	2.7023967139973498e-216	NS	DOWN	False	True	13.519169837059518
PSAT1	1.84	0.0225578725212262	1.25700492610837	3.9266272020962594e-30	NS	UP	False	True	0.5829950738916301
PSCA	0.246430769230769	0.736125214071066	-2.7623157635468	4.46033373408462e-73	NS	DOWN	False	True	3.008746532777569
PSD4	0.933665384615385	0.0305007907590906	-4.62497290640394	4.06937244726706e-244	NS	DOWN	False	True	5.558638291019325
PSG1	0.161226923076924	0.864475222441964	7.63964926108373	2.01973611605572e-124	NS	UP	False	True	-7.478422338006806
PSG11	-0.421623076923078	0.636695097570552	1.50451773399014	1.08654145334655e-06	NS	UP	False	True	-1.926140810913218
PSG2	0.410607692307693	0.57187703296053	4.30791231527093	2.24621767546479e-35	NS	UP	False	True	-3.897304622963237
PSG5	0.399553846153851	0.762599988696935	7.19053546798029	1.47128765123321e-99	NS	UP	False	True	-6.790981621826439
PSG6	0.852969230769233	0.142763748975983	2.71760591133004	3.60263856972485e-20	NS	UP	False	True	-1.8646366805608072
PSG7	-0.0400076923076913	0.968996742596834	-2.39849359605911	2.92463768330296e-13	NS	DOWN	False	True	2.3584859037514185
PSG8	-0.455715384615385	0.584679859530622	1.56788078817734	1.50723110302413e-07	NS	UP	False	True	-2.023596172792725
PSG9	-0.156911538461538	0.90328510693765	3.79562857142856	3.22593844456336e-37	NS	UP	False	True	-3.952540109890098
PSMA5	0.48913076923077	0.056643018879409	1.08121182266009	3.5341548056588497e-122	NS	UP	False	True	-0.5920810534293199
PSMB5	0.0603807692307701	0.788181408448307	1.01811280788178	1.68904831603786e-146	NS	UP	False	True	-0.95773203865101
PSMC3IP	0.129603846153846	0.690253772809184	1.21874137931034	1.7767322287089699e-62	NS	UP	False	True	-1.089137533156494
PSMD12	0.613015384615383	0.0535358503563086	1.00174285714286	2.01863840525462e-86	NS	UP	False	True	-0.38872747252747697
PSMG1	0.02151923076923	0.925493106770953	1.12910197044335	3.42639876606053e-94	NS	UP	False	True	-1.10758273967412
PSORS1C1	1.47399615384615	0.0321572888091563	-1.64100492610838	1.67903669432559e-48	NS	DOWN	False	True	3.1150010799545296
PSORS1C2	-0.110223076923077	0.920884227257007	-8.84935073891626	3.235428736701e-165	NS	DOWN	False	True	8.739127661993182
PSPH	0.497646153846154	0.109411344992914	2.45218128078818	6.4883772964224595e-130	NS	UP	False	True	-1.9545351269420261
PSRC1	0.5295	0.093578751943359	1.51796502463054	1.03106007281409e-53	NS	UP	False	True	-0.9884650246305401
PSTPIP1	0.533476923076923	0.287067079928151	-2.45645270935961	8.12109458955902e-79	NS	DOWN	False	True	2.9899296324365325
PTAFR	0.820992307692307	0.0691283294578001	-5.42434581280787	6.1349518739539704e-145	NS	DOWN	False	True	6.245338120500176
PTCD2	1.05495384615385	0.0032933936346868	1.75384679802956	3.65982823023341e-120	NS	UP	False	True	-0.6988929518757101
PTCH2	1.25114230769231	0.019387434406087	-1.92786059113301	3.92200648394153e-76	NS	DOWN	False	True	3.17900289882532
PTCHD1	0.22648076923077	0.833238931232134	-4.83470197044334	3.53570056910345e-91	NS	DOWN	False	True	5.06118273967411
PTCHD4	2.57170384615385	0.0021558828544951	5.68043349753694	7.80093815829297e-108	NS	UP	False	True	-3.1087296513830904
PTER	1.10326153846154	0.0035617960172524	1.54736995073892	1.2585192119746e-87	NS	UP	False	True	-0.44410841227737996
PTGDR	1.77098461538462	0.0118675166464074	-1.80604433497536	4.82199577439254e-23	NS	DOWN	False	True	3.5770289503599804
PTGDS	-1.53289230769231	0.0488167123335073	-1.0018802955665	4.06659075147657e-10	NS	DOWN	False	True	-0.53101201212581
PTGER1	0.750665384615384	0.503417163060382	3.17919211822659	1.53680461937549e-37	NS	UP	False	True	-2.4285267336112057
PTGER2	1.33399615384615	0.0092317307860454	5.24962610837438	8.73963663577972e-219	NS	UP	False	True	-3.91562995452823
PTGER3	0.841607692307693	0.0630782382076385	-5.27602019704434	1.45740409806248e-143	NS	DOWN	False	True	6.117627889352033
PTGES3L	-0.333803846153846	0.464296213788294	-1.57597733990147	1.26543961545677e-10	NS	DOWN	False	True	1.242173493747624
PTGES3L-AARSD1	0.59061923076923	0.481262857002405	-1.13800147783251	0.0009618326089859	NS	DOWN	False	True	1.72862070860174
PTGFR	1.52294615384615	0.0311386380171045	3.14047438423645	5.32324416622722e-124	NS	UP	False	True	-1.6175282303903
PTGIR	0.711565384615384	0.0493345620745622	2.87732660098522	3.2526033155368204e-113	NS	UP	False	True	-2.1657612163698357
PTGR1	0.423976923076923	0.259255295352324	1.44865418719212	8.46034740308387e-120	NS	UP	False	True	-1.0246772641151969
PTH1R	-0.0209923076923076	0.965291747285247	-1.15219113300492	1.93848886744342e-13	NS	DOWN	False	True	1.1311988253126124
PTH2R	0.70186153846154	0.517116972660106	-1.44141871921182	1.57092072846644e-06	NS	DOWN	False	True	2.14328025767336
PTK2B	0.83736923076923	0.0075806723746336	-1.65268719211822	4.86768722250557e-62	NS	DOWN	False	True	2.49005642288745
PTK6	-0.555811538461538	0.475357348603392	-8.31189458128079	1.39192036063846e-309	NS	DOWN	False	True	7.7560830428192515
PTK7	0.459396153846151	0.230658299588318	1.03546009852217	2.4409372403971e-59	NS	UP	False	True	-0.576063944676019
PTP4A1	0.406938461538461	0.306184451381551	1.37354433497537	2.1511906702624998e-41	NS	UP	False	True	-0.966605873436909
PTP4A2	0.56223846153846	0.0762227254161027	2.20440197044335	7.243263819037651e-173	NS	UP	False	True	-1.6421635089048898
PTP4A3	-0.204107692307693	0.720753269504974	-3.44093251231527	9.1370739253378e-137	NS	DOWN	False	True	3.236824820007577
PTPDC1	0.621288461538462	0.114773439856161	1.28300098522167	7.477999209157e-99	NS	UP	False	True	-0.661712523683208
PTPN20	1.54734230769231	0.175935352100891	-1.9807275862069	7.296095023332541e-63	NS	DOWN	False	True	3.52806989389921
PTPN21	0.804423076923077	0.0154003703140037	-1.53678128078818	2.48015945847511e-103	NS	DOWN	False	True	2.341204357711257
PTPN22	1.47595	0.001353846882246	3.30572068965517	5.57379623750148e-146	NS	UP	False	True	-1.8297706896551698
PTPN3	1.78491153846154	0.0357719781106877	-5.44595665024631	8.80148480250267e-219	NS	DOWN	False	True	7.23086818870785
PTPN5	-0.328642307692306	0.600331543574339	-4.36597832512314	2.77259349905657e-67	NS	DOWN	False	True	4.037336017430834
PTPN6	0.437650000000001	0.281633485630371	-6.63063448275862	1.41707810383905e-200	NS	DOWN	False	True	7.068284482758621
PTPN7	0.572584615384615	0.276944377875337	-5.16530295566502	5.29770743763546e-85	NS	DOWN	False	True	5.737887571049635
PTPN9	0.652542307692308	0.0288093686751199	1.30262709359606	2.42129738205812e-140	NS	UP	False	True	-0.650084785903752
PTPRB	1.16681538461538	0.004764506645597	-2.5302275862069	6.9220157548051e-75	NS	DOWN	False	True	3.69704297082228
PTPRCAP	0.0596730769230773	0.929812723504368	-5.90573842364531	1.5725691134250998e-71	NS	DOWN	False	True	5.965411500568387
PTPRF	1.07008076923077	0.036081517539564	-2.79780344827586	2.17573027840933e-171	NS	DOWN	False	True	3.8678842175066297
PTPRH	0.0548384615384616	0.938601281801291	1.76909655172414	4.19440732713094e-37	NS	UP	False	True	-1.7142580901856783
PTPRJ	1.11230769230769	0.0080213712820519	1.37019802955665	1.62061004917407e-80	NS	UP	False	True	-0.25789033724896004
PTPRM	0.738657692307693	0.0291352993692515	2.19906059113301	6.959356054888841e-132	NS	UP	False	True	-1.460402898825317
PTPRN	1.27343846153846	0.0629778637376867	4.19690837438424	1.335659391868e-78	NS	UP	False	True	-2.9234699128457797
PTPRQ	1.96912692307693	0.0031521473213359	6.88834729064039	8.77137298530799e-112	NS	UP	False	True	-4.919220367563461
PTPRT	1.19239230769231	0.140827087125785	-6.76283201970443	4.66434550933485e-172	NS	DOWN	False	True	7.955224327396739
PTRH2	0.147342307692306	0.401886788801623	1.77020689655173	1.88595122439346e-104	NS	UP	False	True	-1.622864588859424
PTS	0.756600000000001	0.0016965303553811	1.17377142857143	8.6288283459643e-102	NS	UP	False	True	-0.41717142857142897
PTTG1IP	0.0194307692307714	0.949633348224154	1.37013546798029	3.84566424413565e-142	NS	UP	False	True	-1.3507046987495186
PTTG2	0.136507692307694	0.883681720339333	-3.2832369458128	2.77627173704814e-25	NS	DOWN	False	True	3.419744638120494
PTX4	1.81708461538462	0.0465160109447168	3.39225172413792	3.41006470808035e-32	NS	UP	False	True	-1.5751671087533001
PUDP	0.374919230769231	0.154910440423164	1.99701773399015	4.33002798052877e-147	NS	UP	False	True	-1.622098503220919
PURG	1.62144615384616	0.0531911931510294	2.49096502463054	4.64554848223272e-29	NS	UP	False	True	-0.86951887078438
PVALB	-0.972584615384615	0.495573061554423	-2.47284039408866	2.75393661701306e-12	NS	DOWN	False	True	1.500255778704045
PVR	0.350238461538463	0.230786684837079	1.90004433497537	2.53059276852704e-119	NS	UP	False	True	-1.549805873436907
PWWP2B	-0.503207692307692	0.155687080146891	-1.3791315270936	1.33621938663062e-69	NS	DOWN	False	True	0.875923834785908
PXDC1	0.12041923076923	0.629046079105358	1.60185517241379	1.99946370149219e-102	NS	UP	False	True	-1.48143594164456
PXDNL	1.26773076923077	0.0021836686480591	-3.23147093596059	1.08211156957638e-41	NS	DOWN	False	True	4.499201705191361
PXK	0.906496153846155	0.0035010284847137	1.91885418719212	1.2297389006132002e-156	NS	UP	False	True	-1.012358033345965
PXN	0.382915384615386	0.121263201151975	1.22124137931034	7.75171343717335e-100	NS	UP	False	True	-0.8383259946949541
PXT1	1.41881153846154	0.0660799988225399	-2.45386108374384	5.04576900446018e-18	NS	DOWN	False	True	3.87267262220538
PYCARD	-0.668211538461538	0.135000002672839	-1.75360443349754	3.52333630513757e-109	NS	DOWN	False	True	1.085392895036002
PYCR1	-0.305961538461538	0.38061122106647	4.00833990147784	1.0191409362798e-169	NS	UP	False	True	-4.314301439939379
PYCR3	-0.137046153846154	0.586981207297997	1.25115665024631	1.03125114448112e-72	NS	UP	False	True	-1.388202804092464
PYDC1	-0.151073076923075	0.933169287899568	-12.7883275862069	3.14023696694438e-246	NS	DOWN	False	True	12.637254509283826
PYGM	1.07410384615384	0.0025917037839625	-1.63781034482759	1.04337968278197e-36	NS	DOWN	False	True	2.71191419098143
PYGO1	1.64477692307692	0.0182817316563587	3.21139852216749	1.87457191564007e-199	NS	UP	False	True	-1.56662159909057
PYY	1.76798846153847	0.0655066173008124	4.13552758620689	9.74078680249537e-41	NS	UP	False	True	-2.36753912466842
PZP	1.69615769230769	0.0828369609265154	-4.88439113300492	3.62224924113628e-82	NS	DOWN	False	True	6.58054882531261
QNG1	1.43890384615385	0.0027172453103038	2.3066684729064	1.31945886460592e-133	NS	UP	False	True	-0.8677646267525501
QPRT	-0.780673076923076	0.114975237736753	1.10271773399015	9.9771071119101e-24	NS	UP	False	True	-1.8833908109132258
QRFP	0.211100000000001	0.744948020951446	-1.46141970443349	3.82731628434772e-12	NS	DOWN	False	True	1.672519704433491
QSOX1	0.40836153846154	0.105628982827535	2.11056157635468	2.6867989761431603e-143	NS	UP	False	True	-1.7022000378931401
RAB11FIP1	0.833584615384615	0.052876529208463	-2.05141773399015	8.3650194983579e-102	NS	DOWN	False	True	2.8850023493747647
RAB11FIP4	0.0649615384615394	0.889842335741938	-5.25946009852217	1.49144795708114e-178	NS	DOWN	False	True	5.324421636983709
RAB13	0.32263846153846	0.119377407763602	1.6237078817734	1.62768280617058e-138	NS	UP	False	True	-1.3010694202349402
RAB15	0.427273076923077	0.224095915735565	-1.34567586206896	5.49952464262371e-56	NS	DOWN	False	True	1.772948938992037
RAB17	-0.263815384615385	0.508631103567978	-2.07251280788178	4.59588743937913e-66	NS	DOWN	False	True	1.8086974232663948
RAB19	0.31138076923077	0.784064980264051	-3.13253891625615	3.49288122597221e-27	NS	DOWN	False	True	3.44391968548692
RAB1A	0.847623076923076	0.0025776958069489	1.20366600985222	3.2034880716839e-157	NS	UP	False	True	-0.356042932929144
RAB20	0.332757692307692	0.526062691647954	1.05811034482758	7.25768625697019e-41	NS	UP	False	True	-0.7253526525198879
RAB23	1.42838846153846	0.0038564588342609	2.92455517241379	6.27920239988167e-183	NS	UP	False	True	-1.49616671087533
RAB25	0.6178	0.694710494570343	-10.1782325123153	2.51048908719663e-215	NS	DOWN	False	True	10.796032512315302
RAB26	1.2053	0.0137896851158932	-2.6607	6.52670300787004e-73	NS	DOWN	False	True	3.8659999999999997
RAB27A	-0.171749999999999	0.723774847194859	1.03284039408867	1.63278824766136e-80	NS	UP	False	True	-1.2045903940886689
RAB27B	2.18792692307692	0.0236512794793992	-2.06604778325123	3.63310314860383e-49	NS	DOWN	False	True	4.253974706328149
RAB29	0.953092307692309	0.0132211930051004	2.56906945812808	8.84614990446639e-178	NS	UP	False	True	-1.6159771504357712
RAB2A	0.833488461538462	0.0016015577296808	1.32105911330049	1.4437241261313901e-151	NS	UP	False	True	-0.4875706517620281
RAB31	1.05812692307692	0.0035184846207577	2.3851842364532	2.16431854434153e-143	NS	UP	False	True	-1.32705731337628
RAB32	-0.792803846153845	0.0109585409690343	2.55365320197045	1.32315301775779e-166	NS	UP	False	True	-3.346457048124295
RAB33A	-0.278611538461539	0.684177699684142	1.17476059113301	1.2153894763053902e-15	NS	UP	False	True	-1.453372129594549
RAB34	0.390984615384617	0.346434133597728	1.65952167487685	4.9687396244915304e-182	NS	UP	False	True	-1.268537059492233
RAB37	0.478269230769231	0.344243426891934	-1.60798226600985	5.73999565554115e-39	NS	DOWN	False	True	2.086251496779081
RAB38	-0.144415384615386	0.714773156229359	-4.75461083743842	6.39264372906748e-170	NS	DOWN	False	True	4.610195452823034
RAB39B	1.86623461538462	0.0268961217299123	4.19810492610837	1.46395994450667e-85	NS	UP	False	True	-2.33187031072375
RAB3A	-0.821719230769232	0.0047531068719798	-1.36745566502463	4.05390579390801e-52	NS	DOWN	False	True	0.5457364342553979
RAB3B	3.06465769230769	0.0016810617984362	2.52249310344828	1.4542411420748098e-77	NS	UP	False	True	0.5421645888594098
RAB3C	-1.73657692307692	0.0967458765859955	-5.53461330049261	1.68850765512339e-86	NS	DOWN	False	True	3.7980363774156896
RAB3D	0.648057692307693	0.132480376716666	-2.07079310344827	5.38254859165734e-144	NS	DOWN	False	True	2.718850795755963
RAB40A	0.0717423076923085	0.889299716867696	2.9745724137931	1.42323414682186e-86	NS	UP	False	True	-2.9028301061007915
RAB40AL	1.17361538461539	0.173523370028171	1.49858768472906	1.71522603158423e-08	NS	UP	False	True	-0.32497230011366995
RAB40C	0.111592307692308	0.624028598484585	-2.90174039408868	1.31644974367345e-230	NS	DOWN	False	True	3.013332701780988
RAB42	-0.0278576923076924	0.956031384889062	3.73986847290641	3.67401948795139e-117	NS	UP	False	True	-3.7677261652141025
RAB43	0.240946153846154	0.459522861896413	1.67612512315271	3.35294167987085e-74	NS	UP	False	True	-1.435178969306556
RAB44	0.728857692307694	0.347035540573439	-3.51673990147783	1.7104781740652001e-74	NS	DOWN	False	True	4.245597593785524
RAB4B-EGLN2	1.84284230769231	0.0409785104015396	1.28520443349754	4.1235146591474e-07	NS	UP	False	True	0.5576378741947698
RAB6D	1.05777307692308	0.344346411263753	1.81816650246304	2.61586403416016e-08	NS	UP	False	True	-0.76039342553996
RAB7B	1.10963076923077	0.0246387546654873	-1.7783724137931	5.69977219747522e-75	NS	DOWN	False	True	2.88800318302387
RAB8B	1.27293846153846	0.0010887243493236	2.72640738916256	3.27608121073159e-206	NS	UP	False	True	-1.4534689276241
RABGGTA	-0.363573076923079	0.0311949475606279	-1.04839064039408	2.25935060524568e-121	NS	DOWN	False	True	0.684817563471001
RABL3	1.10315769230769	0.0015077245076171	1.52236896551724	6.69904836113268e-129	NS	UP	False	True	-0.4192112732095501
RAC2	0.856557692307693	0.0674284019349733	2.7125472906404	8.03200933413295e-123	NS	UP	False	True	-1.855989598332707
RACGAP1	0.556707692307692	0.123130219506822	1.04143399014779	1.95627437829218e-36	NS	UP	False	True	-0.484726297840098
RAD1	0.559946153846154	0.0355259035299	2.14973251231527	3.43607732088793e-169	NS	UP	False	True	-1.5897863584691159
RAD21L1	-1.92454230769231	0.0105716555814182	2.66072019704433	3.07086051941367e-23	NS	UP	False	True	-4.58526250473664
RAD51AP1	1.07115	0.0254015953594965	1.57470197044335	7.809899988492099e-31	NS	UP	False	True	-0.50355197044335
RAD51AP2	0.939869230769235	0.107141044728725	-3.41775221674877	5.6815762513242305e-47	NS	DOWN	False	True	4.357621447518005
RAD51C	0.458046153846152	0.127924378802771	1.1077881773399	9.33088549944555e-90	NS	UP	False	True	-0.6497420234937481
RAD51D	0.652642307692308	0.0130816509430814	1.41237044334975	2.0921356621292003e-121	NS	UP	False	True	-0.7597281356574419
RAD9A	0.290453846153846	0.243295489060594	-1.58383054187192	7.2193927935118e-136	NS	DOWN	False	True	1.874284388025766
RAET1E	1.7303	0.171318602679172	-3.67041379310345	4.61770167159373e-140	NS	DOWN	False	True	5.40071379310345
RAET1L	1.00212692307693	0.548710611143072	-8.34900197044334	5.21697142730845e-113	NS	DOWN	False	True	9.351128893520269
RAG1	0.592438461538462	0.123760973783113	1.07138275862068	1.55991429078308e-19	NS	UP	False	True	-0.4789442970822181
RAG2	0.0078884615384637	0.995419810982575	1.1403724137931	0.0007261574919192	NS	UP	False	True	-1.1324839522546362
RAI14	1.15669230769231	0.0025168956335709	2.57674827586207	7.74408489094441e-192	NS	UP	False	True	-1.42005596816976
RAI2	0.794015384615385	0.043773927156535	-5.37091428571429	4.62563374783347e-159	NS	DOWN	False	True	6.164929670329675
RALA	0.584269230769231	0.043463107595328	1.12726059113301	4.9553685148759594e-92	NS	UP	False	True	-0.542991360363779
RALB	0.841180769230768	0.0049560453880824	1.2480566502463	4.46110539409154e-126	NS	UP	False	True	-0.40687588101553196
RALGAPA2	1.00253076923077	0.0034985715125999	-2.52833349753695	4.26467548762102e-191	NS	DOWN	False	True	3.5308642667677197
RALGDS	0.107646153846155	0.623381831675109	-2.76866650246305	2.73249240178432e-211	NS	DOWN	False	True	2.8763126563092047
RALGPS1	-0.0293115384615381	0.938485373617353	-2.57799852216749	8.82959609949376e-133	NS	DOWN	False	True	2.5486869837059523
RALYL	0.478000000000001	0.67013065135961	-1.51497142857143	1.21723688557296e-08	NS	DOWN	False	True	1.992971428571431
RAMACL	0.0146307692307692	0.969283328874214	2.06982660098523	8.396462322378719e-11	NS	UP	False	True	-2.0551958317544607
RAMP1	-0.79901923076923	0.407494322510304	-1.69009261083744	5.364023642031e-45	NS	DOWN	False	True	0.8910733800682099
RAMP2	0.156673076923076	0.70095198705372	-4.48310935960591	2.55418788399054e-172	NS	DOWN	False	True	4.639782436528987
RAMP3	0.420653846153846	0.222733041947048	-7.97078571428571	1.4404064483298801e-148	NS	DOWN	False	True	8.391439560439556
RAN	0.410165384615382	0.0973397776600452	1.65905960591133	5.0009830502010296e-147	NS	UP	False	True	-1.2488942212959482
RANBP1	0.19567692307692	0.351641715262754	1.09794630541872	2.84256685431064e-88	NS	UP	False	True	-0.9022693823418
RANBP17	0.990765384615385	0.0320838086368599	2.23661674876847	2.17744281484942e-81	NS	UP	False	True	-1.245851364153085
RANGAP1	-0.30421923076923	0.238235724123587	-1.15463596059114	1.99574921092396e-78	NS	DOWN	False	True	0.8504167298219101
RAP1GAP	-0.325357692307692	0.474605948865706	-3.18851083743843	1.6202777589007e-135	NS	DOWN	False	True	2.863153145130738
RAP1GAP2	1.90224615384615	0.0010668054741528	-3.21846551724138	1.20014249158239e-139	NS	DOWN	False	True	5.1207116710875304
RAPGEFL1	0.52253076923077	0.266174727981199	-6.79312610837439	2.43210227e-315	NS	DOWN	False	True	7.315656877605161
RAPSN	1.22661923076923	0.19503875486215	-3.47300443349753	1.5100011429135702e-46	NS	DOWN	False	True	4.69962366426676
RARG	0.952638461538461	0.001468368000064	-1.4733448275862	6.36667103809042e-94	NS	DOWN	False	True	2.425983289124661
RASA4	0.150969230769231	0.619053095992362	-2.49950197044335	3.7376743063977e-135	NS	DOWN	False	True	2.6504712012125813
RASA4B	0.225034615384616	0.491866376694463	-3.32600935960591	1.29427312728452e-126	NS	DOWN	False	True	3.551043974990526
RASAL1	0.764776923076923	0.469758604620731	-10.8965857142857	2.24049137159633e-187	NS	DOWN	False	True	11.661362637362624
RASAL2	0.697065384615384	0.0601063650030935	1.25941034482759	2.63482186666255e-68	NS	UP	False	True	-0.5623449602122059
RASAL3	0.74396923076923	0.117074734508752	-4.67875320197044	4.16526031473989e-125	NS	DOWN	False	True	5.42272243273967
RASD1	0.0858384615384611	0.874723800265813	-3.18263300492611	2.0188297679862e-97	NS	DOWN	False	True	3.268471466464571
RASD2	0.140926923076923	0.837670968626325	-3.37263743842364	8.16156477302915e-74	NS	DOWN	False	True	3.5135643615005634
RASEF	0.976707692307692	0.285036197455932	-5.09358866995074	6.12776243269237e-131	NS	DOWN	False	True	6.070296362258432
RASGEF1A	0.516834615384615	0.525373016070891	-1.75348275862069	8.53141766297173e-39	NS	DOWN	False	True	2.270317374005305
RASGEF1B	1.22773461538462	0.0059935976778744	-9.18469950738915	1.3322907268793298e-177	NS	DOWN	False	True	10.41243412277377
RASGEF1C	2.37600384615385	0.0035153169199334	-6.8251133004926	8.967940885849241e-117	NS	DOWN	False	True	9.20111714664645
RASGRF2	0.854169230769231	0.0082432714600238	-1.53253448275862	5.94954302166428e-24	NS	DOWN	False	True	2.386703713527851
RASGRP1	2.03846538461539	0.0024530598566918	-3.75414581280789	1.07780547118116e-139	NS	DOWN	False	True	5.79261119742328
RASGRP4	0.921092307692308	0.0123402778013621	-5.74582364532019	3.4962327289498e-107	NS	DOWN	False	True	6.666915953012498
RASIP1	-0.549307692307694	0.452592071597888	-3.51842906403941	8.81893874166358e-119	NS	DOWN	False	True	2.969121371731716
RASL10A	0.728484615384617	0.158536176679916	-6.2862645320197	9.97857517853956e-87	NS	DOWN	False	True	7.014749147404317
RASL10B	0.187730769230769	0.815363871422966	2.32720886699508	2.64360978107917e-70	NS	UP	False	True	-2.139478097764311
RASL11A	0.885861538461538	0.0184566906376642	1.41565369458128	2.5657905169581597e-30	NS	UP	False	True	-0.5297921561197421
RASL12	1.12523076923077	0.0033868147262794	-3.30889704433498	3.5270609228757997e-73	NS	DOWN	False	True	4.43412781356575
RASSF10	1.71046538461538	0.0930965359438302	-10.6706733990148	7.61578758086789e-215	NS	DOWN	False	True	12.381138783630181
RASSF2	0.0371576923076926	0.944370057648824	-3.51071231527094	8.21231935757467e-99	NS	DOWN	False	True	3.5478700075786325
RASSF3	0.0980076923076929	0.808505770556116	1.24913399014778	9.793129404473711e-67	NS	UP	False	True	-1.1511262978400871
RASSF5	1.01651538461538	0.0192072046129354	-4.64729064039409	1.28888216552886e-190	NS	DOWN	False	True	5.663806025009469
RASSF6	2.40004615384616	0.0109801560697656	-6.88976157635468	8.24400620350954e-136	NS	DOWN	False	True	9.28980773020084
RASSF7	0.243161538461538	0.342231456049582	-4.09166502463054	5.4809174549746495e-221	NS	DOWN	False	True	4.334826563092078
RASSF8	1.15109230769231	0.0071881283856744	3.89643645320198	6.766631068806699e-227	NS	UP	False	True	-2.74534414550967
RAX	-0.498046153846152	0.610041414133423	-6.18697931034482	1.8862927183644099e-140	NS	DOWN	False	True	5.688933156498668
RBAK-RBAKDN	-1.1614	0.166721089606299	-1.24063004926108	0.0004736565899276	NS	DOWN	False	True	0.07923004926108002
RBBP8NL	-0.145107692307691	0.909108669255741	-11.0009522167488	2.5985660407273503e-239	NS	DOWN	False	True	10.855844524441109
RBFOX1	0.40678461538462	0.702022333665215	-3.17883694581281	3.2546150417349004e-36	NS	DOWN	False	True	3.58562156119743
RBFOX3	1.18433076923077	0.145979890259101	-1.88298275862069	2.7443247736399197e-42	NS	DOWN	False	True	3.06731352785146
RBL1	1.15650384615385	0.0033207061338584	1.26360541871921	4.11692583534986e-64	NS	UP	False	True	-0.10710157256536013
RBM11	1.87959615384616	0.178687690628287	-3.30278472906403	7.60755498155667e-34	NS	DOWN	False	True	5.18238088291019
RBM12	1.03517307692308	0.0027619914002867	1.44503497536945	6.89221515146097e-110	NS	UP	False	True	-0.40986189844637
RBM15	0.739646153846154	0.0074971155204291	1.02990295566503	6.17659251982518e-39	NS	UP	False	True	-0.29025680181887614
RBM18	0.862334615384615	0.0106202205623207	1.6729960591133	5.50730627879309e-128	NS	UP	False	True	-0.810661443728685
RBM20	1.77271923076923	0.0432232444556771	-5.35883004926108	3.0960312632834903e-111	NS	DOWN	False	True	7.13154928003031
RBM45	0.858688461538462	0.000142312707413	1.05156502463054	4.7234983756751606e-111	NS	UP	False	True	-0.1928765630920779
RBM46	2.22820384615385	0.0087039174892555	4.11711034482758	8.138673727757779e-55	NS	UP	False	True	-1.8889064986737303
RBM47	1.21347307692308	0.0193059644840865	-3.41606009852217	1.31138330630859e-165	NS	DOWN	False	True	4.62953317544525
RBMXL2	0.61930384615385	0.337254980197635	1.37825812807881	4.09122922520604e-08	NS	UP	False	True	-0.75895428192496
RBMY1A1	0.857607692307697	0.181330873409846	2.21700640394088	3.80610464410776e-16	NS	UP	False	True	-1.359398711633183
RBP1	1.60188461538462	0.0151176820011444	-4.83830492610837	1.20136754171023e-150	NS	DOWN	False	True	6.44018954149299
RBP2	1.28477307692308	0.0977778779111729	-2.22824137931034	1.1665580349606099e-11	NS	DOWN	False	True	3.51301445623342
RBP3	0.508050000000003	0.179548991431603	-3.76521527093595	2.05385763997177e-86	NS	DOWN	False	True	4.273265270935953
RBP4	-0.238807692307691	0.848097775489195	-1.17643793103448	4.1669064568581996e-13	NS	DOWN	False	True	0.937630238726789
RBP7	0.575265384615384	0.225696611000854	-8.1366157635468	1.76089175718037e-125	NS	DOWN	False	True	8.711881148162185
RBPJL	0.256392307692309	0.769258141473423	-1.48497044334975	6.6126303612927e-07	NS	DOWN	False	True	1.7413627510420588
RBPMS2	0.162646153846154	0.818074498609217	-3.99711822660099	2.86116800697199e-97	NS	DOWN	False	True	4.159764380447144
RCAN3	0.573715384615384	0.0746896203953838	-1.36367586206897	5.70034409562543e-88	NS	DOWN	False	True	1.937391246684354
RCC1	0.128426923076923	0.677123769898515	1.58092660098522	2.48452709853555e-97	NS	UP	False	True	-1.452499677908297
RCN3	-0.801623076923078	0.138493140641284	3.82668669950738	1.5091984947601102e-197	NS	UP	False	True	-4.628309776430458
RCOR2	0.949684615384615	0.152762407072457	4.06108472906404	1.06331840431356e-133	NS	UP	False	True	-3.1114001136794256
RD3	0.686880769230772	0.185948372010054	-3.47199901477832	8.85486064742011e-43	NS	DOWN	False	True	4.158879784009092
RDH12	0.687653846153847	0.366912151950473	-9.98659901477832	4.90994663722893e-186	NS	DOWN	False	True	10.674252860932167
RDH13	0.128123076923076	0.669019091746207	-3.08610147783252	2.3966839716244802e-180	NS	DOWN	False	True	3.214224554755596
RDH16	0.393538461538462	0.598280808533298	-4.35823103448276	8.76123126601107e-150	NS	DOWN	False	True	4.751769496021222
RDH8	-1.15381923076923	0.269142762002478	1.27711034482758	4.3154814415794e-06	NS	UP	False	True	-2.43092957559681
RECQL5	0.112188461538462	0.60185828178233	-1.10030443349754	1.20010337508737e-87	NS	DOWN	False	True	1.212492895036002
REELD1	0.335942307692308	0.790689747504811	-6.44502167487683	1.27251380846784e-59	NS	DOWN	False	True	6.780963982569138
REEP1	1.53016923076923	0.025951575448245	-4.2369763546798	1.07637182764057e-114	NS	DOWN	False	True	5.76714558544903
REEP2	0.0350653846153848	0.962964488769461	1.43616748768473	9.2177481489885e-53	NS	UP	False	True	-1.4011021030693451
REEP3	0.943338461538462	0.0217488072210105	1.49462807881774	1.6934071615863599e-137	NS	UP	False	True	-0.5512896172792779
REEP4	-0.284769230769233	0.287007175694974	-2.6322275862069	8.432445131942631e-183	NS	DOWN	False	True	2.347458355437667
REEP6	-0.923084615384616	0.0025695147846982	-1.39510344827586	2.88813293256304e-50	NS	DOWN	False	True	0.472018832891244
REG1A	1.29923846153846	0.208176074805756	1.67084729064039	0.0003475234885962	NS	UP	False	True	-0.37160882910192994
REL	1.28569230769231	0.0013665911886201	-1.4744881773399	5.77561130795328e-70	NS	DOWN	False	True	2.76018048503221
RELL2	0.214380769230768	0.567191296309851	-1.1272684729064	2.24956380208709e-59	NS	DOWN	False	True	1.341649242137168
REM1	1.35328076923077	0.0218073389285558	-5.01203990147783	1.92987135781903e-81	NS	DOWN	False	True	6.3653206707086
REM2	1.62845384615385	0.0017013642102833	-2.89307389162562	1.51482755690965e-101	NS	DOWN	False	True	4.52152773777947
REPS1	0.349753846153845	0.178923187167999	-1.02094236453202	4.36727240887924e-102	NS	DOWN	False	True	1.370696210685865
RERG	1.89261153846154	0.0232296837479265	-5.06081280788177	4.5060736841021506e-117	NS	DOWN	False	True	6.95342434634331
RERGL	3.11878461538462	0.0042416056827676	-6.57594384236453	8.7434387300696e-89	NS	DOWN	False	True	9.69472845774915
RET	0.34040769230769	0.577948083814665	-2.95248965517241	6.959992064995869e-70	NS	DOWN	False	True	3.2928973474801
RETN	0.244130769230769	0.829550056305898	-4.60146256157635	6.77307669914132e-33	NS	DOWN	False	True	4.845593330807119
REXO1	-0.0574615384615385	0.742901332899041	-1.35591280788177	1.1516589441222701e-110	NS	DOWN	False	True	1.2984512694202315
REXO2	0.995415384615388	0.0004640432081169	1.40387881773399	2.2497533138497e-151	NS	UP	False	True	-0.408463433118602
RFC4	0.675411538461536	0.028742989942402	1.12029359605911	1.3643192597834502e-61	NS	UP	False	True	-0.44488205759757404
RFK	1.24887307692308	0.0011114952508674	2.24509507389163	2.9761804946484203e-157	NS	UP	False	True	-0.9962219969685502
RFLNA	0.913511538461539	0.153166268847228	2.49944039408867	1.65365758628286e-50	NS	UP	False	True	-1.585928855627131
RFLNB	-0.5123	0.142375824711594	1.73985517241379	2.38735930355933e-75	NS	UP	False	True	-2.25215517241379
RFPL2	0.0315576923076919	0.979308135146181	-3.08808620689655	7.78112552382476e-31	NS	DOWN	False	True	3.1196438992042417
RFPL3	0.872296153846158	0.265234110957668	-2.93414532019704	7.696304203748221e-25	NS	DOWN	False	True	3.806441474043198
RFPL4B	0.943034615384619	0.256354508015058	2.56892561576354	1.16518854861989e-25	NS	UP	False	True	-1.6258910003789209
RFT1	0.260330769230769	0.247725873884395	1.73095517241379	5.12973942009311e-157	NS	UP	False	True	-1.470624403183021
RFTN1	0.371369230769231	0.346696682972691	2.33713399014779	9.03440443335176e-139	NS	UP	False	True	-1.9657647593785592
RFX2	0.426392307692308	0.182654401582454	-1.40887536945813	6.519702931673059e-81	NS	DOWN	False	True	1.835267677150438
RGCC	0.985623076923077	0.0001595506155764	1.55076551724138	1.72011760846647e-27	NS	UP	False	True	-0.5651424403183029
RGL2	0.620215384615383	0.0130212007838187	-1.42921182266009	4.9309748209857003e-107	NS	DOWN	False	True	2.049427207275473
RGMA	2.01675	0.0013572437487159	-1.2308842364532	1.00775907323954e-23	NS	DOWN	False	True	3.2476342364532
RGN	0.837180769230769	0.259790975361625	1.56790246305419	1.53593429571838e-50	NS	UP	False	True	-0.730721693823421
RGR	0.994819230769231	0.230593555193298	-5.53393546798029	1.9940585543548702e-76	NS	DOWN	False	True	6.528754698749521
RGS1	0.118719230769232	0.89829865968974	-6.98793891625615	2.62884800257457e-140	NS	DOWN	False	True	7.106658147025382
RGS10	-1.00554615384616	0.0048853174124113	1.98412610837438	1.04673929685994e-157	NS	UP	False	True	-2.98967226222054
RGS12	0.279523076923079	0.421901883616929	-2.42720049261084	2.8298486667944e-182	NS	DOWN	False	True	2.706723569533919
RGS13	2.93034615384616	0.0015576627581816	-7.8272738916256	4.37515170538835e-189	NS	DOWN	False	True	10.75762004547176
RGS14	-0.1125	0.741113173750355	-2.97710344827586	5.53371401812071e-150	NS	DOWN	False	True	2.86460344827586
RGS17	1.64808076923077	0.0186868400409383	5.22621083743843	1.84304034963486e-197	NS	UP	False	True	-3.5781300682076598
RGS2	1.35661538461538	0.0016762518975473	-1.50066009852217	1.2902799113148099e-48	NS	DOWN	False	True	2.85727548313755
RGS22	1.44260384615385	0.220581209850054	-3.09612561576355	3.18333005579323e-39	NS	DOWN	False	True	4.5387294619174
RGS3	0.155546153846154	0.692406149502891	1.16090443349754	4.66538410841544e-60	NS	UP	False	True	-1.005358279651386
RGS6	2.16566153846154	0.0260827630472202	-6.70983103448276	2.15723448705641e-124	NS	DOWN	False	True	8.8754925729443
RGS7	2.12725769230769	0.0100089529254142	5.64454334975369	8.31405741352646e-97	NS	UP	False	True	-3.5172856574459996
RGS7BP	1.07610384615385	0.0748725018555895	-4.13035615763547	6.6486479902045e-54	NS	DOWN	False	True	5.20646000378932
RGS9	0.843007692307693	0.111732034981274	-3.29803201970443	2.65460918144837e-65	NS	DOWN	False	True	4.141039712012123
RGS9BP	-0.559126923076924	0.196928336980005	-1.94336600985221	5.90372655564844e-27	NS	DOWN	False	True	1.384239086775286
RHAG	0.444980769230771	0.370528111864804	-3.18953004926108	2.8162630340423597e-30	NS	DOWN	False	True	3.634510818491851
RHBDD1	0.717900000000001	0.0050577854706433	1.73491674876848	7.34912455054998e-96	NS	UP	False	True	-1.0170167487684791
RHBDF2	-0.200592307692308	0.487433009785417	-2.4106881773399	1.96130921680769e-153	NS	DOWN	False	True	2.210095869647592
RHBDL2	1.37676153846154	0.048816028677229	-2.91559753694582	2.9075335196465195e-160	NS	DOWN	False	True	4.29235907540736
RHBDL3	1.41021153846154	0.0260223380698142	-1.43260837438423	3.37915354730944e-20	NS	DOWN	False	True	2.84281991284577
RHBG	1.51710769230769	0.195596184426344	-10.9275177339901	2.7983114300761297e-187	NS	DOWN	False	True	12.44462542629779
RHCG	-1.55623461538462	0.281412816645089	-4.67385073891626	6.57087343087354e-105	NS	DOWN	False	True	3.1176161235316395
RHEB	0.654615384615381	0.0322011013795663	1.11300788177339	1.30254490015417e-106	NS	UP	False	True	-0.4583924971580089
RHEBL1	-0.169153846153846	0.64200657538314	-1.07268866995074	1.9763132285695e-27	NS	DOWN	False	True	0.9035348237968941
RHEX	2.2246	0.0258119264246668	-10.1636467980295	1.4449197308959302e-198	NS	DOWN	False	True	12.3882467980295
RHO	0.70205384615385	0.238783608920092	-1.2160236453202	2.79799561326682e-08	NS	DOWN	False	True	1.9180774914740502
RHOB	0.896584615384615	0.0036088261408024	-2.41351477832513	1.0195638623521699e-114	NS	DOWN	False	True	3.310099393709745
RHOBTB1	0.252403846153846	0.574513573357704	2.12181379310345	2.62535555795555e-105	NS	UP	False	True	-1.869409946949604
RHOBTB2	0.295846153846153	0.344346411263753	1.61934926108375	4.00148143148454e-92	NS	UP	False	True	-1.3235031072375971
RHOBTB3	0.954123076923077	0.0908571941896879	3.55816748768473	1.3050896997697e-190	NS	UP	False	True	-2.604044410761653
RHOC	0.178161538461538	0.531439161081212	1.21427142857143	3.89567187606686e-132	NS	UP	False	True	-1.036109890109892
RHOD	0.458169230769231	0.587713065195849	-2.25356206896552	2.7156479851280598e-124	NS	DOWN	False	True	2.711731299734751
RHOH	1.09336153846154	0.108163982630775	-1.29899064039409	1.15093762153064e-18	NS	DOWN	False	True	2.39235217885563
RHOQ	0.565303846153847	0.0730613728006834	1.92353694581281	8.70458445203508e-144	NS	UP	False	True	-1.358233099658963
RHOV	0.399265384615385	0.723791513851546	-9.4141354679803	5.0256018604539095e-275	NS	DOWN	False	True	9.813400852595684
RHOXF1	2.25308076923077	0.0294612982067726	-4.99388078817733	8.60120793356607e-46	NS	DOWN	False	True	7.246961557408101
RHPN1	0.880915384615385	0.0106944394179521	-5.30154679802956	2.26705153737487e-181	NS	DOWN	False	True	6.182462182644945
RHPN2	0.761734615384615	0.107586069556553	-1.83577487684729	4.44506829763758e-34	NS	DOWN	False	True	2.5975094922319046
RIBC1	0.503415384615385	0.122090787830574	-1.57146009852217	1.43925328150423e-31	NS	DOWN	False	True	2.0748754831375553
RIC3	2.79818076923077	0.0016982916343111	-9.11577044334975	1.6205310942971199e-195	NS	DOWN	False	True	11.91395121258052
RIC8A	0.626461538461538	0.0040949847949503	1.12778325123153	2.99789865001627e-102	NS	UP	False	True	-0.501321712769992
RILPL2	0.636323076923077	0.0465986187036813	1.2505684729064	7.48223174913459e-106	NS	UP	False	True	-0.614245395983323
RIMBP2	0.913815384615384	0.320696919208239	-7.1410763546798	1.21728509107581e-146	NS	DOWN	False	True	8.054891739295185
RIMBP3	0.528065384615385	0.478670391247544	4.31952019704433	2.82975930280367e-66	NS	UP	False	True	-3.791454812428945
RIMBP3B	-0.961584615384615	0.355750794370635	4.06155665024629	3.63292702101223e-44	NS	UP	False	True	-5.023141265630905
RIMBP3C	1.37383846153846	0.096684051392581	4.00714334975369	5.4770072586976796e-42	NS	UP	False	True	-2.63330488821523
RIMKLA	0.700250000000001	0.359354470890536	-4.96811822660098	8.588286325824611e-98	NS	DOWN	False	True	5.668368226600982
RIMOC1	0.834665384615385	0.002538793660831	1.39131083743843	7.90861074903417e-110	NS	UP	False	True	-0.556645452823045
RIMS3	-0.0087461538461539	0.987504218615116	-2.73334187192118	3.82267933936826e-81	NS	DOWN	False	True	2.724595718075026
RIMS4	-1.62226538461539	0.0936113710686571	-1.68169458128079	5.89120488616691e-24	NS	DOWN	False	True	0.05942919666539992
RIN3	0.0085461538461535	0.981154323124338	1.0062566502463	5.99818508964168e-45	NS	UP	False	True	-0.9977104964001464
RIOK2	0.68446923076923	0.0047722620873692	1.70590295566502	2.58506956341171e-122	NS	UP	False	True	-1.02143372489579
RIOX1	0.277723076923079	0.248131957937536	1.24430197044335	8.321872628544301e-96	NS	UP	False	True	-0.966578893520271
RIPK4	-0.131407692307694	0.855581138105849	-7.85519458128079	5.36156301280483e-221	NS	DOWN	False	True	7.723786888973096
RIPOR2	1.11755384615385	0.0814296001664938	-2.07788374384236	4.08151177045239e-39	NS	DOWN	False	True	3.19543758999621
RIPPLY1	2.65068076923077	0.0011838619165588	2.56050689655172	7.6415822157165e-17	NS	UP	False	True	0.09017387267904997
RIPPLY2	0.124888461538464	0.935911151991428	3.17828768472906	9.552383171892531e-17	NS	UP	False	True	-3.0533992231905964
RIPPLY3	1.89469230769231	0.0584499684298252	-1.35376305418719	1.44884613748318e-06	NS	DOWN	False	True	3.2484553618794996
RLN1	1.49615	0.175400652066809	-3.07483694581281	7.7116557030400795e-22	NS	DOWN	False	True	4.570986945812811
RLN2	0.306700000000002	0.826661287326898	-5.00259014778324	2.69537350856372e-48	NS	DOWN	False	True	5.309290147783242
RMI1	1.32705	0.0018958136824894	1.59855320197044	8.63846308095789e-99	NS	UP	False	True	-0.27150320197044
RMND1	0.454403846153847	0.106335624863605	1.7128275862069	3.49726771670953e-159	NS	UP	False	True	-1.2584237400530531
RMND5B	0.44702692307692	0.0629778637376867	-1.54829901477832	3.46856479930019e-143	NS	DOWN	False	True	1.99532593785524
RNASE13	1.68387307692308	0.0151249503665441	-2.65313743842364	7.16848436453236e-21	NS	DOWN	False	True	4.33701051534672
RNASE2	0.747519230769231	0.189903202953404	-2.83305911330049	2.78543443004823e-17	NS	DOWN	False	True	3.5805783440697208
RNASE3	0.299565384615385	0.781274936505201	-4.58705369458127	1.23880870777263e-43	NS	DOWN	False	True	4.886619079196655
RNASE6	1.35944230769231	0.0015523064785866	-8.3866724137931	6.0746952802861496e-130	NS	DOWN	False	True	9.74611472148541
RNASE7	0.222230769230769	0.892391177755153	-6.15726699507389	9.128456352505409e-77	NS	DOWN	False	True	6.379497764304659
RNASEH1	0.498834615384616	0.0636706569389063	1.33490246305419	4.43664040851881e-134	NS	UP	False	True	-0.836067847669574
RND1	1.20024615384615	0.0026331862185607	-1.46285024630542	6.6440447465971e-22	NS	DOWN	False	True	2.66309640015157
RND2	1.92398846153846	0.0101342989811462	-3.54171231527094	2.57084957988651e-115	NS	DOWN	False	True	5.4657007768094
RNF103-CHMP3	0.206996153846156	0.883053906035215	3.56495862068965	1.9667027956370897e-18	NS	UP	False	True	-3.357962466843494
RNF115	0.732973076923077	0.0056959233960352	1.44121034482759	3.6297534213102e-135	NS	UP	False	True	-0.7082372679045129
RNF122	0.743838461538461	0.0335903858023299	-2.20899655172414	2.59125970336336e-95	NS	DOWN	False	True	2.952835013262601
RNF125	1.32573461538462	0.0022943624393384	-2.86538768472907	1.9369017472834e-134	NS	DOWN	False	True	4.19112230011369
RNF126	-0.153176923076922	0.354066912978959	-1.23783349753695	2.26532990532104e-119	NS	DOWN	False	True	1.084656574460028
RNF14	1.04425384615384	0.0010865312747484	1.19318965517242	3.72558337327692e-109	NS	UP	False	True	-0.14893580901857995
RNF144B	0.415261538461539	0.424806456330497	-2.29356305418719	1.14487259898923e-100	NS	DOWN	False	True	2.708824592648729
RNF148	0.988576923076923	0.317011449204639	1.85733251231527	4.5885860706014496e-11	NS	UP	False	True	-0.868755589238347
RNF167	0.197107692307694	0.319975970182309	-1.11860197044335	2.19107960065655e-149	NS	DOWN	False	True	1.315709662751044
RNF182	0.665861538461539	0.326174542962836	1.2776039408867	1.04571570280798e-18	NS	UP	False	True	-0.611742402425161
RNF183	2.55786153846154	0.0150212535956002	-3.15501576354679	3.74330963539119e-40	NS	DOWN	False	True	5.71287730200833
RNF186	-0.934657692307691	0.311758112196647	-2.61891231527093	2.9232685664323397e-22	NS	DOWN	False	True	1.6842546229632391
RNF19B	0.719146153846154	0.0590043218138696	-1.25876896551724	7.42501392549751e-81	NS	DOWN	False	True	1.9779151193633941
RNF2	1.08492692307692	0.0019368236724514	1.63351083743843	5.17748423822046e-133	NS	UP	False	True	-0.5485839143615099
RNF207	0.828823076923077	0.0265228936897356	1.13218522167488	2.2218962257346e-37	NS	UP	False	True	-0.303362144751803
RNF208	-0.439496153846154	0.283497192129008	-2.52818472906404	1.46691241839694e-184	NS	DOWN	False	True	2.0886885752178856
RNF212B	-1.48933846153846	0.181444640497414	-1.43231231527093	2.19555304679721e-09	NS	DOWN	False	True	-0.05702614626752989
RNF215	0.735388461538461	0.0090787918281992	1.35638128078818	2.69996234956055e-126	NS	UP	False	True	-0.620992819249719
RNF222	0.517380769230772	0.713683237914849	-10.068121182266	3.2598149395037097e-184	NS	DOWN	False	True	10.585501951496772
RNF223	0.198423076923079	0.895414023495436	-8.09884334975368	1.13618720041573e-129	NS	DOWN	False	True	8.29726642667676
RNF224	1.08223461538462	0.171318602679172	-1.98643497536946	1.52113869626799e-32	NS	DOWN	False	True	3.06866959075408
RNF225	-0.178680769230765	0.894221026846321	-9.57776108374383	7.16134092950412e-154	NS	DOWN	False	True	9.399080314513066
RNF227	0.614742307692308	0.033158551526953	-4.17107339901478	3.32021667402114e-220	NS	DOWN	False	True	4.785815706707088
RNF24	0.61773076923077	0.047568059135804	1.51775172413793	4.57912962897868e-123	NS	UP	False	True	-0.9000209549071599
RNF26	0.382542307692308	0.180495092510572	1.0203881773399	1.44680098685295e-103	NS	UP	False	True	-0.6378458696475919
RNF39	0.969419230769231	0.192764233266447	-6.37254778325123	2.12789800213975e-201	NS	DOWN	False	True	7.341967014020461
RNF41	0.855049999999999	0.0017016191880602	1.59073743842364	2.66465929758841e-150	NS	UP	False	True	-0.7356874384236409
RNF43	1.66437307692308	0.0025706161212618	-9.57860837438424	1.50319580922486e-182	NS	DOWN	False	True	11.24298145130732
RNF44	0.906323076923078	0.0008221702195529	-1.90985172413793	5.1877811353707705e-157	NS	DOWN	False	True	2.816174801061008
RNLS	-0.0977038461538462	0.835129565327495	1.27828719211822	8.75233220043929e-84	NS	UP	False	True	-1.3759910382720661
RNPEPL1	-0.391350000000001	0.105370012963925	-1.00665320197044	1.99185351886596e-99	NS	DOWN	False	True	0.615303201970439
ROBO2	0.441380769230769	0.71472187249797	-1.35284926108375	2.65977449007181e-17	NS	DOWN	False	True	1.7942300303145189
ROBO4	0.331	0.358912788105524	-1.28439261083744	2.59209306173368e-33	NS	DOWN	False	True	1.61539261083744
ROPN1	-1.01913846153846	0.148698725509488	-6.78920788177339	2.864275584213e-78	NS	DOWN	False	True	5.77006942023493
ROPN1B	-0.148046153846154	0.76858052494333	-8.03100443349753	1.96984288607075e-109	NS	DOWN	False	True	7.882958279651376
ROR1	2.12776153846154	0.0027895673892541	2.67580098522167	5.8309605854898e-132	NS	UP	False	True	-0.5480394467601304
ROR2	1.22889615384615	0.0101561731522298	1.50609802955665	1.0790713048645701e-58	NS	UP	False	True	-0.2772018757104999
RORA	0.803446153846154	0.134461860935371	-3.62643201970444	1.96717888878032e-198	NS	DOWN	False	True	4.429878173550594
RORB	0.735373076923079	0.468953820894824	1.62286009852216	1.44757096881438e-31	NS	UP	False	True	-0.887487021599081
RORC	1.00323076923077	0.230988332498835	-9.81781083743842	2.5928756266134497e-207	NS	DOWN	False	True	10.82104160666919
ROS1	1.9279576923077	0.0463914639771588	6.52098374384236	5.59130573453027e-76	NS	UP	False	True	-4.59302605153466
RP1L1	0.742184615384616	0.298074715799339	-5.47565615763546	6.427939294765969e-122	NS	DOWN	False	True	6.217840773020076
RPA3	-0.0317730769230771	0.922504692691582	1.00781477832512	4.0805254966676995e-50	NS	UP	False	True	-1.039587855248197
RPA4	1.09593076923077	0.158536176679916	1.79148226600985	1.4782876263134e-15	NS	UP	False	True	-0.6955514967790799
RPE65	2.6052	0.0037062268701167	-1.88931724137931	8.25313041914934e-19	NS	DOWN	False	True	4.4945172413793095
RPEL1	1.11646923076923	0.139205095949664	1.38199359605911	5.27502896266628e-09	NS	UP	False	True	-0.26552436528988
RPF2	0.712084615384615	0.0061653737064455	1.15190689655172	8.85616887536126e-72	NS	UP	False	True	-0.4398222811671051
RPH3A	-1.10599615384615	0.357216917807559	-1.41147093596059	2.90975084539774e-07	NS	DOWN	False	True	0.3054747821144399
RPH3AL	1.03500384615385	0.0089475172462639	-1.74301921182266	3.98078263240578e-58	NS	DOWN	False	True	2.77802305797651
RPL17-C18orf32	2.86706923076923	0.0040660637028087	2.14769064039409	1.8397199834812302e-46	NS	UP	False	True	0.7193785903751397
RPL22L1	0.499103846153845	0.210403092018327	1.19079753694582	1.59699967506848e-24	NS	UP	False	True	-0.6916936907919748
RPL26L1	0.566273076923077	0.0124336445216988	1.9980118226601	6.88945614349878e-171	NS	UP	False	True	-1.431738745737023
RPL36A-HNRNPH2	1.21363076923077	0.295576501853525	3.92781280788177	9.03825501287391e-20	NS	UP	False	True	-2.714182038651
RPL3L	-0.388234615384615	0.438552600303609	-1.18905172413793	8.2690613200334e-14	NS	DOWN	False	True	0.8008171087533149
RPL7L1	0.927999999999999	0.0016471370370146	1.22458226600985	5.04380895555809e-122	NS	UP	False	True	-0.29658226600985094
RPN1	0.396269230769233	0.0507185434533181	1.48046108374384	5.9104452906983206e-148	NS	UP	False	True	-1.0841918529746069
RPN2	0.903392307692305	0.0029655046587774	1.18852807881774	1.90774299741584e-135	NS	UP	False	True	-0.28513577112543487
RPP25L	0.288223076923076	0.364827899742743	1.18318620689655	3.65050191153975e-89	NS	UP	False	True	-0.8949631299734739
RPP40	0.42716923076923	0.160819393063967	1.15392463054187	6.95810233782724e-50	NS	UP	False	True	-0.7267553997726399
RPRM	0.268915384615387	0.828309015514228	-7.88048768472905	2.66245924881083e-147	NS	DOWN	False	True	8.149403069344437
RPRML	0.6424	0.344114432280243	-9.03417142857142	2.0458800635248902e-169	NS	DOWN	False	True	9.676571428571421
RPS10-NUDT3	0.495826923076923	0.139791544020965	2.34163448275862	2.95358193500307e-53	NS	UP	False	True	-1.8458075596816972
RPS27L	0.588088461538463	0.0201602877246717	2.95496453201971	4.13537140870589e-219	NS	UP	False	True	-2.366876070481247
RPS6KA1	-0.270965384615387	0.397886056576179	-3.65598866995074	3.63016748788294e-220	NS	DOWN	False	True	3.385023285335353
RPS6KA2	-0.796330769230769	0.143210921092348	2.71676256157635	8.25189528281446e-156	NS	UP	False	True	-3.513093330807119
RPS6KA5	1.32265769230769	0.0078671531694992	-2.42177684729064	8.939780978013711e-112	NS	DOWN	False	True	3.7444345395983296
RPS6KB2	0.0484076923076886	0.861920796693913	-2.13462857142857	2.57594269190063e-195	NS	DOWN	False	True	2.1830362637362586
RPS6KC1	0.905438461538462	0.0071986826744193	1.78775024630542	2.69109603038407e-93	NS	UP	False	True	-0.882311784766958
RPS6KL1	0.162865384615384	0.781828188114935	-2.6631078817734	1.04777563950314e-73	NS	DOWN	False	True	2.825973266388784
RPTN	-0.133480769230769	0.938271540829472	-6.53668866995073	1.05052462372519e-89	NS	DOWN	False	True	6.403207900719961
RRAD	0.438215384615385	0.366313420695424	-2.06197339901478	1.80601114691422e-50	NS	DOWN	False	True	2.500188783630165
RRAGD	-0.531988461538462	0.138577209065279	-4.97530492610838	4.98298034585101e-178	NS	DOWN	False	True	4.443316464569918
RRAS	0.447676923076923	0.154726864780374	1.56535073891626	1.70899457271876e-71	NS	UP	False	True	-1.117673815839337
RRAS2	1.14205384615385	0.0105828551792811	3.2006078817734	2.2284809700456002e-248	NS	UP	False	True	-2.05855403561955
RRBP1	0.0699692307692299	0.798456716271603	2.17509064039409	6.97087225819202e-210	NS	UP	False	True	-2.1051214096248603
RREB1	0.609003846153847	0.008108961504051	-1.31014236453202	2.87380325804174e-119	NS	DOWN	False	True	1.919146210685867
RRM2	0.358788461538462	0.407801543815647	2.92521034482759	2.12945378908513e-37	NS	UP	False	True	-2.566421883289128
RRP15	0.91348076923077	0.0231480389797255	1.65953004926108	4.85899181202225e-82	NS	UP	False	True	-0.74604928003031
RS1	0.379780769230773	0.60639302192947	-1.36757192118227	3.0772909459515496e-11	NS	DOWN	False	True	1.747352690413043
RSC1A1	-0.175207692307692	0.917914303804377	7.98414236453201	5.04920588307653e-73	NS	UP	False	True	-8.159350056839703
RSL1D1	0.754876923076923	0.00773575237809	1.21893940886699	1.3449585979524699e-92	NS	UP	False	True	-0.46406248579006704
RSPH1	0.503853846153846	0.48927943814186	-4.29756305418719	1.42723646986717e-118	NS	DOWN	False	True	4.801416900341036
RSPH14	0.18675	0.860805869348615	-3.87559704433497	6.89695806569566e-47	NS	DOWN	False	True	4.06234704433497
RSPO1	0.903923076923078	0.289692236052382	-3.36670246305419	9.004655940582929e-56	NS	DOWN	False	True	4.270625539977268
RSPO4	0.0635615384615387	0.946087784011545	-1.34014876847291	1.0939418782668801e-14	NS	DOWN	False	True	1.4037103069344488
RSU1	-0.109738461538461	0.69959032690874	1.53273546798029	9.45778725475459e-152	NS	UP	False	True	-1.642473929518751
RTBDN	-2.34519230769231	0.0311146228504845	-1.62858571428571	3.26035005988964e-07	NS	DOWN	False	True	-0.7166065934065997
RTCA	0.666211538461539	0.0386895548235163	1.4094039408867	6.65800747982505e-146	NS	UP	False	True	-0.743192402425161
RTKN	0.617899999999999	0.0100356247583195	-1.59024532019705	2.68998483984388e-153	NS	DOWN	False	True	2.208145320197049
RTL1	1.96783076923077	0.0369024470346407	3.36075960591134	1.61474347376102e-52	NS	UP	False	True	-1.39292883668057
RTL3	2.11107692307693	0.0080937790588045	2.94863152709359	1.14410386439957e-48	NS	UP	False	True	-0.8375546040166597
RTL6	0.901042307692309	0.0076108873426601	2.36659064039409	1.2584174933302101e-157	NS	UP	False	True	-1.4655483327017813
RTL8C	-0.415511538461538	0.0290684312227102	1.41317093596059	1.62279760160849e-183	NS	UP	False	True	-1.828682474422128
RTN1	1.91527307692308	0.0013514665777937	-1.10135665024631	1.00637883623105e-19	NS	DOWN	False	True	3.0166297271693896
RTN4	0.697792307692305	0.0156940490387383	1.01442266009852	4.1291752511670404e-112	NS	UP	False	True	-0.31663035240621495
RTN4RL1	0.846480769230769	0.433929467166402	-5.62865862068965	1.8100656834710398e-153	NS	DOWN	False	True	6.475139389920418
RTP3	-0.363657692307692	0.641092634312239	-2.53456699507389	6.7417815917563e-21	NS	DOWN	False	True	2.170909302766198
RTP4	1.23423846153846	0.0015875148701607	1.07324876847291	5.02550102505952e-22	NS	UP	False	True	0.1609896930655501
RTP5	0.296834615384615	0.768000477348524	-3.45049605911329	7.626106732724741e-44	NS	DOWN	False	True	3.747330674497905
RTTN	0.580038461538461	0.148716264027638	1.90166995073891	2.64701011241689e-122	NS	UP	False	True	-1.321631489200449
RUFY4	2.43063076923077	0.0013798546605866	-4.60581133004925	2.87897786917541e-63	NS	DOWN	False	True	7.03644209928002
RUNDC3A	0.941761538461539	0.11964902667399	-5.37816009852217	5.2952303264522e-183	NS	DOWN	False	True	6.319921636983709
RUNDC3B	1.35015769230769	0.0266872135641285	-2.2015078817734	3.68782117059174e-51	NS	DOWN	False	True	3.55166557408109
RUNX1	1.42173461538462	0.0010157798966059	2.31613399014778	9.10210002419339e-107	NS	UP	False	True	-0.89439937476316
RUNX1T1	1.13991153846154	0.0174378592110259	2.74609310344827	1.61280217414076e-131	NS	UP	False	True	-1.6061815649867301
RUNX2	1.28311538461538	0.0061872762966141	3.3267802955665	5.83663284852667e-201	NS	UP	False	True	-2.04366491095112
RUSC2	0.829753846153847	0.0015155181541646	1.51182709359606	6.08522886041477e-105	NS	UP	False	True	-0.6820732474422131
RUVBL1	0.226715384615382	0.328549960536835	1.50738374384237	1.22287807066266e-123	NS	UP	False	True	-1.280668359226988
RWDD1	0.839915384615386	0.0027391295554251	1.25435467980295	1.54678313573687e-102	NS	UP	False	True	-0.41443929518756395
RWDD2B	0.575288461538463	0.0197208483667064	1.13081083743842	4.03261657058157e-89	NS	UP	False	True	-0.555522375899957
RXFP2	0.349926923076927	0.443613460256863	2.24923054187192	7.276867094186989e-16	NS	UP	False	True	-1.899303618794993
RXFP4	1.6226076923077	0.0513199353671828	1.00532413793103	0.0001147484592832	NS	UP	False	True	0.6172835543766699
RXRA	0.541376923076922	0.0588755342596756	-1.61667733990148	1.2778930418225299e-126	NS	DOWN	False	True	2.158054262978402
RXRG	2.16403076923077	0.084680697125025	-6.72424187192117	2.42140847833969e-101	NS	DOWN	False	True	8.88827264115194
RXYLT1	0.917492307692307	0.0009271467300394	1.19606699507389	1.56270425691008e-108	NS	UP	False	True	-0.278574687381583
RYR1	0.410076923076923	0.653548954889246	-6.14066699507389	1.1884189195425901e-148	NS	DOWN	False	True	6.550743918150813
RYR2	1.43838461538462	0.0906705380252693	-4.20610886699507	2.0615966364230198e-77	NS	DOWN	False	True	5.64449348237969
RYR3	1.52003461538462	0.0182739348639041	-3.18120492610837	1.2966690355416499e-77	NS	DOWN	False	True	4.70123954149299
S100A1	0.0126730769230754	0.98664784927641	-3.52686256157636	5.18716721935366e-124	NS	DOWN	False	True	3.5395356384994354
S100A12	-0.26865	0.847855394860469	-2.4063684729064	1.2546187286598e-08	NS	DOWN	False	True	2.1377184729064
S100A13	0.0701461538461547	0.803550590088574	1.78243300492611	1.5760483044018098e-126	NS	UP	False	True	-1.7122868510799552
S100A14	1.07847307692308	0.542213621205993	-8.99770837438423	1.35742246136392e-274	NS	DOWN	False	True	10.07618145130731
S100A2	1.14334615384615	0.320244764388224	-4.91180640394088	2.2086464112697198e-153	NS	DOWN	False	True	6.05515255778703
S100A4	0.890519230769228	0.166638282890419	1.63158374384236	2.43528912871918e-64	NS	UP	False	True	-0.7410645130731319
S100A5	2.43210769230769	0.024238059035565	3.78459852216748	5.8277413670443e-41	NS	UP	False	True	-1.3524908298597897
S100A6	0.135769230769228	0.753848519963831	2.51851428571429	1.12453959021475e-177	NS	UP	False	True	-2.382745054945062
S100A7	0.803396153846152	0.77244675434881	-8.60051921182266	4.7097014667009895e-83	NS	DOWN	False	True	9.403915365668812
S100A7A	-0.32241923076923	0.879482019081309	-4.24124532019704	8.18391728000881e-38	NS	DOWN	False	True	3.9188260894278097
S100A8	0.422711538461541	0.766394427751305	-3.71003891625616	2.9214106501486397e-55	NS	DOWN	False	True	4.1327504547177005
S100A9	0.594226923076925	0.626646182550564	-3.56245320197044	2.37497744172466e-58	NS	DOWN	False	True	4.156680125047365
S100B	0.135907692307692	0.883380748244485	-6.30893251231527	1.54346174969112e-108	NS	DOWN	False	True	6.444840204622961
S100P	0.312288461538461	0.814942764060128	-5.54293004926109	2.69848030400608e-101	NS	DOWN	False	True	5.855218510799551
S100PBP	0.936165384615385	0.0005205580532894	1.05359556650247	2.91323883543655e-89	NS	UP	False	True	-0.1174301818870851
S100Z	2.54223076923077	0.0050706094868324	-2.97506945812807	3.4775570469748395e-30	NS	DOWN	False	True	5.51730022735884
S1PR1	1.09121538461538	0.0014444188496244	1.01016256157635	6.03688368860374e-23	NS	UP	False	True	0.08105282303902994
S1PR3	1.56495	0.0011616667161366	2.89088078817734	1.94121895321065e-113	NS	UP	False	True	-1.32593078817734
S1PR4	0.194253846153846	0.734859662894857	-5.62623842364531	3.00242812966399e-81	NS	DOWN	False	True	5.820492269799156
S1PR5	1.13428076923077	0.125433554738348	-6.38526206896552	5.19701793904629e-165	NS	DOWN	False	True	7.5195428381962905
SAA1	1.47836538461539	0.264661148217261	2.23793103448276	1.21799874285992e-24	NS	UP	False	True	-0.75956564986737
SAA2	2.05828846153846	0.045685887252699	1.45125024630542	4.5538065522524005e-10	NS	UP	False	True	0.60703821523304
SACS	0.900815384615384	0.0031039612270289	2.89606256157636	1.3208616300335199e-176	NS	UP	False	True	-1.995247176960976
SAE1	0.121223076923078	0.64436084538816	1.19487783251231	1.14175904198449e-132	NS	UP	False	True	-1.073654755589232
SAG	0.878926923076929	0.308200915358832	-1.6670527093596	1.5117673378803999e-12	NS	DOWN	False	True	2.545979632436529
SALL1	3.31217692307693	0.0017168885871979	5.18715714285714	1.75067596773227e-145	NS	UP	False	True	-1.8749802197802103
SALL3	0.575761538461544	0.695612149888448	-2.53396600985221	2.92651219550763e-25	NS	DOWN	False	True	3.109727548313754
SAMD10	-0.176296153846153	0.548031067305774	-2.99387142857143	7.88898307233996e-200	NS	DOWN	False	True	2.817575274725277
SAMD12	2.31280384615385	0.0038836344934105	-2.47341280788177	3.56092525774033e-58	NS	DOWN	False	True	4.78621665403562
SAMD15	0.985196153846154	0.0117953943480215	2.26680935960591	1.6273059472797e-69	NS	UP	False	True	-1.2816132057597558
SAMD3	0.956203846153846	0.093578751943359	1.20752364532019	3.3508679655919e-09	NS	UP	False	True	-0.25131979916634406
SAMD4A	0.796499999999999	0.0066033889005298	1.78249408866995	1.39178467471684e-93	NS	UP	False	True	-0.9859940886699511
SAMD5	0.882850000000001	0.111469110203607	-3.71953399014777	1.60448896675247e-80	NS	DOWN	False	True	4.602383990147771
SAP25	0.248796153846154	0.873098489539687	-3.82383251231527	2.00492832640592e-54	NS	DOWN	False	True	4.072628666161424
SAP30	1.53171923076923	0.0010623851625566	1.25470147783252	2.5927332098899703e-85	NS	UP	False	True	0.27701775293670994
SAPCD1	1.03412692307692	0.0468039647871997	-3.19555665024631	2.63336057508292e-125	NS	DOWN	False	True	4.22968357332323
SAPCD2	0.0206192307692299	0.960436042154786	-1.86564482758621	4.69945026929493e-33	NS	DOWN	False	True	1.88626405835544
SAR1A	0.664069230769233	0.0143628267671817	1.68417044334976	3.2768467950706303e-198	NS	UP	False	True	-1.0201012125805269
SAR1B	1.05181538461538	0.0030640071068986	1.48297931034483	7.77306081591754e-139	NS	UP	False	True	-0.43116392572945017
SARDH	0.697953846153847	0.259282942913845	2.47508177339902	5.743970118680979e-55	NS	UP	False	True	-1.7771279272451728
SASH3	0.774434615384616	0.100841530243969	-5.34171034482758	5.52615130940968e-90	NS	DOWN	False	True	6.116144960212196
SATB2	1.14252307692308	0.0016487406096611	2.35187142857143	5.29442171395744e-137	NS	UP	False	True	-1.2093483516483499
SAXO1	0.683084615384619	0.426795800941834	-2.87996748768473	5.408661402367541e-25	NS	DOWN	False	True	3.563052103069349
SAXO3	-1.1982	0.178817512685987	-2.25331921182266	3.57355633920858e-09	NS	DOWN	False	True	1.0551192118226602
SAXO5	0.251253846153848	0.81841189019435	-3.48557142857143	2.11795176798797e-27	NS	DOWN	False	True	3.736825274725278
SBK1	0.391476923076923	0.47334892616591	-6.57869162561576	4.49449588363777e-153	NS	DOWN	False	True	6.970168548692683
SBSN	0.203923076923076	0.912449817699545	-6.95967931034482	7.4088912410088e-215	NS	DOWN	False	True	7.163602387267896
SCAPER	0.898984615384616	0.0025590035141827	-1.90886748768473	1.56395844372725e-140	NS	DOWN	False	True	2.807852103069346
SCARA5	1.83125769230769	0.0103132394187676	-5.43046256157636	2.10993518057571e-110	NS	DOWN	False	True	7.26172025388405
SCARF2	0.318626923076922	0.489985752878195	2.19735615763547	3.0716337400805005e-118	NS	UP	False	True	-1.878729234558548
SCCPDH	1.35121923076923	0.0282741293994863	1.05956256157635	2.45860104965516e-72	NS	UP	False	True	0.2916566691928799
SCD	-0.470434615384614	0.284037390164189	2.25118768472906	1.1103494370421098e-56	NS	UP	False	True	-2.721622300113674
SCEL	1.48067692307693	0.312747618176405	-10.3257669950739	1.39103872197179e-241	NS	DOWN	False	True	11.80644391815083
SCG3	3.19364230769231	0.0017191266482682	-1.61541034482759	4.50261472414133e-15	NS	DOWN	False	True	4.8090526525199
SCG5	1.82184230769231	0.0012259814236203	6.19025665024631	7.11294342128341e-199	NS	UP	False	True	-4.368414342554
SCGB1A1	0.261323076923079	0.670879006413595	-2.36372955665025	8.2326866080111e-09	NS	DOWN	False	True	2.625052633573329
SCGB1D2	-2.05197692307693	0.192088750119824	-12.6788842364532	6.371237291275471e-132	NS	DOWN	False	True	10.62690731337627
SCGB2A1	0.591546153846155	0.523314349760602	-10.1150812807882	4.60547561916213e-137	NS	DOWN	False	True	10.706627434634354
SCGB2A2	-0.80825769230769	0.49083961896503	-11.1803935960591	6.15369110197862e-98	NS	DOWN	False	True	10.37213590375141
SCGB2B2	2.32040384615385	0.0061322046813145	-3.64203596059113	1.27566192825792e-48	NS	DOWN	False	True	5.96243980674498
SCGB3A1	0.163453846153846	0.900209055457275	-5.73910837438423	5.31682800584398e-48	NS	DOWN	False	True	5.902562220538076
SCGB3A2	0.604419230769231	0.402429749198437	-4.25562955665024	4.88769687725598e-35	NS	DOWN	False	True	4.860048787419471
SCGN	1.17838846153847	0.247115402550731	-2.63596798029556	1.93051843444253e-18	NS	DOWN	False	True	3.81435644183403
SCIN	-1.80766538461539	0.0667526620670008	-5.28436157635467	9.83839165345212e-104	NS	DOWN	False	True	3.47669619173928
SCLY	0.250553846153845	0.286450444529727	1.37734532019705	1.11356960403856e-87	NS	UP	False	True	-1.126791474043205
SCML4	-1.18222692307692	0.156299483555171	-6.7615054187192	1.3359505251169999e-136	NS	DOWN	False	True	5.5792784956422805
SCN11A	0.701626923076926	0.388719470917039	-1.57248669950738	6.412030669528561e-25	NS	DOWN	False	True	2.274113622584306
SCN2A	2.06229230769231	0.0436519102305761	1.80211428571428	2.55083989587083e-29	NS	UP	False	True	0.2601780219780301
SCN2B	2.10511153846154	0.0213563422463431	-3.8287591133005	1.96295433617043e-68	NS	DOWN	False	True	5.9338706517620405
SCN3A	1.28196538461539	0.15236584512151	-3.94882660098522	1.7717957417662e-61	NS	DOWN	False	True	5.23079198560061
SCN3B	1.03743461538462	0.227260798508988	-4.0840566502463	1.34359483677207e-125	NS	DOWN	False	True	5.12149126563092
SCN4A	0.670696153846153	0.437799455330969	-4.5182408866995	6.0141966792512005e-86	NS	DOWN	False	True	5.188937040545653
SCN4B	1.91917307692308	0.0023753305940602	-5.94097684729064	2.32804900216588e-134	NS	DOWN	False	True	7.8601499242137205
SCN8A	0.495642307692307	0.466715314210406	6.07289261083744	4.4754572343428603e-197	NS	UP	False	True	-5.577250303145132
SCNN1A	0.773023076923077	0.384461289803327	-4.58836600985222	3.97497165038004e-159	NS	DOWN	False	True	5.361389086775297
SCNN1B	0.805938461538461	0.47116942418688	-9.65701576354679	4.00656703773769e-192	NS	DOWN	False	True	10.462954225085252
SCNN1G	0.930973076923078	0.420056987079708	-10.491863546798	7.374383076564729e-195	NS	DOWN	False	True	11.422836623721077
SCO1	0.721338461538462	0.0163928368117626	1.34192561576354	5.90251612552633e-138	NS	UP	False	True	-0.6205871542250779
SCRIB	-0.0050153846153859	0.98360363912778	-1.60059950738916	6.06868758410654e-124	NS	DOWN	False	True	1.595584122773774
SCRN1	0.629842307692308	0.409522825455733	3.19910689655173	1.7140474064596602e-219	NS	UP	False	True	-2.569264588859422
SCRT1	0.356719230769233	0.655030690886315	-1.08353842364532	5.69904343772058e-07	NS	DOWN	False	True	1.4402576544145531
SCT	2.70339230769231	0.0310739878871236	-1.6055921182266	1.47679631342359e-07	NS	DOWN	False	True	4.30898442591891
SCTR	1.18713461538462	0.157201623842315	-2.94563399014778	4.24279531041747e-18	NS	DOWN	False	True	4.1327686055324
SCUBE1	-0.373953846153845	0.70218908772041	-4.9564118226601	1.35411773651513e-95	NS	DOWN	False	True	4.582457976506255
SCUBE2	-0.536638461538461	0.475490108413389	-3.16300246305419	7.581278874218729e-119	NS	DOWN	False	True	2.6263640015157295
SCUBE3	2.22625384615385	0.0025695147846982	3.14016403940887	2.63870682299903e-50	NS	UP	False	True	-0.91391019325502
SCX	0.432688461538463	0.401308996590849	-1.46261280788177	1.79548874043674e-59	NS	DOWN	False	True	1.895301269420233
SDC1	0.321750000000001	0.594968455424575	-6.75446650246306	1.24229130292789e-254	NS	DOWN	False	True	7.076216502463061
SDC3	0.674526923076923	0.0690493214093331	2.23434137931035	1.46960931870698e-121	NS	UP	False	True	-1.5598144562334268
SDCBP	0.548457692307698	0.221810930056448	1.65207783251232	2.9753767883742e-129	NS	UP	False	True	-1.103620140204622
SDCBP2	0.342307692307693	0.542213621205993	-4.29671970443349	7.71963013258536e-201	NS	DOWN	False	True	4.639027396741183
SDF2L1	-0.223961538461538	0.317011449204639	1.10845073891626	1.12913936575189e-48	NS	UP	False	True	-1.3324122773777978
SDF4	0.453738461538459	0.0543282724715151	1.21963201970443	1.83298745575088e-144	NS	UP	False	True	-0.7658935581659709
SDHAF3	0.768623076923077	0.018908549879654	1.10403497536946	5.0935541588771e-53	NS	UP	False	True	-0.3354118984463831
SDK2	2.29845769230769	0.003715923831117	-3.20264236453201	1.5807367750483002e-88	NS	DOWN	False	True	5.5011000568397
SDR16C5	1.89285769230769	0.203043058863251	-11.9272995073892	2.3557506293496703e-201	NS	DOWN	False	True	13.82015719969689
SDR42E1	1.75793461538462	0.0845693483269264	-7.41748325123152	7.18494009753051e-144	NS	DOWN	False	True	9.17541786661614
SDR42E2	1.28704615384616	0.0724707901568527	-2.54331527093596	9.91473180142317e-27	NS	DOWN	False	True	3.83036142478212
SDR9C7	0.65764230769231	0.707125671566684	-11.4484591133005	7.69018471616462e-190	NS	DOWN	False	True	12.10610142099281
SDS	0.0108346153846162	0.98484425465032	-2.31498177339901	9.37732210894459e-27	NS	DOWN	False	True	2.3258163887836263
SDSL	-0.298657692307693	0.320081049080284	2.61251428571429	7.84046082384495e-89	NS	UP	False	True	-2.911171978021983
SEC11A	0.530615384615388	0.0221443750059424	1.71289408866995	3.0531380228828098e-204	NS	UP	False	True	-1.182278704054562
SEC13	0.110865384615383	0.646470033459454	1.20488916256158	2.9426334753385e-137	NS	UP	False	True	-1.094023777946197
SEC14L3	0.508050000000006	0.320854315570008	-1.96307290640394	1.69094417913247e-16	NS	DOWN	False	True	2.471122906403946
SEC14L5	1.39662307692308	0.106852539784124	-2.17987832512315	2.71072931596247e-39	NS	DOWN	False	True	3.5765014020462305
SEC14L6	1.55413846153847	0.153412732201377	-6.50519113300492	1.9315181138003298e-94	NS	DOWN	False	True	8.05932959454339
SEC22B	0.781015384615384	0.0042238661568081	2.94005418719212	8.954577908418799e-268	NS	UP	False	True	-2.159038802576736
SEC22C	0.414092307692307	0.132578222953592	1.22725911330049	2.6053559553622998e-148	NS	UP	False	True	-0.813166805608183
SEC23IP	1.06468076923077	0.0042538811649655	1.4577354679803	1.12686595484436e-126	NS	UP	False	True	-0.39305469874953003
SEC31A	0.40358076923077	0.0267888094886357	1.17423497536946	1.5225556863455401e-149	NS	UP	False	True	-0.7706542061386901
SEC61A1	0.455573076923077	0.0338390391762327	1.67130985221675	9.26679455513364e-211	NS	UP	False	True	-1.215736775293673
SEC61B	0.0188730769230787	0.926683237883892	1.06103054187192	2.62572126358175e-123	NS	UP	False	True	-1.0421574649488412
SEC61G	0.120280769230769	0.582849693609436	1.62189507389162	8.51670238374717e-121	NS	UP	False	True	-1.501614304660851
SELE	0.427134615384616	0.545247300968697	-7.23908128078817	5.09639681450791e-108	NS	DOWN	False	True	7.666215896172786
SELENOM	0.025223076923079	0.970984892060004	1.43610541871922	1.8193449775228102e-98	NS	UP	False	True	-1.410882341796141
SELENON	0.484426923076922	0.0689091078874104	1.9389275862069	2.05310655409293e-192	NS	UP	False	True	-1.454500663129978
SELENOO	0.108084615384616	0.66271677777359	-1.03086502463054	1.37277207135885e-128	NS	DOWN	False	True	1.138949640015156
SELENOV	1.28491538461539	0.15251395365568	-1.73996256157635	2.0199321894335097e-11	NS	DOWN	False	True	3.02487794619174
SELENOW	0.0451423076923056	0.845038889846308	-1.03997931034483	2.49706189320107e-102	NS	DOWN	False	True	1.0851216180371357
SELP	-0.80705	0.248627871306207	-8.34182758620689	1.1157959941103e-138	NS	DOWN	False	True	7.534777586206889
SEMA3C	1.89999230769231	0.0014062146420459	2.75121477832513	9.7457901737477e-110	NS	UP	False	True	-0.8512224706328202
SEMA3F	0.6991	0.0729776188740257	-3.60591970443349	2.47831408924109e-179	NS	DOWN	False	True	4.30501970443349
SEMA3G	0.390115384615385	0.324102599458599	-5.99684532019704	1.68578082814139e-170	NS	DOWN	False	True	6.386960704812425
SEMA4A	0.233834615384615	0.586328618023387	-4.60559310344827	2.0485376125624202e-257	NS	DOWN	False	True	4.839427718832885
SEMA4B	1.17755	0.0023382295784905	-3.1015197044335	1.12603752159723e-211	NS	DOWN	False	True	4.2790697044335
SEMA4F	0.582557692307692	0.117136514890846	1.75570344827586	1.14569238096532e-108	NS	UP	False	True	-1.173145755968168
SEMA4G	0.176226923076923	0.648375988652095	-1.86112118226601	8.53967062581487e-89	NS	DOWN	False	True	2.037348105342933
SEMA5B	0.58593076923077	0.129060068543294	-7.23343596059113	1.40546653994552e-127	NS	DOWN	False	True	7.8193667298219
SEMA6A	-1.00126153846154	0.0164379882688639	-2.60660098522168	1.28196993093993e-115	NS	DOWN	False	True	1.60533944676014
SEMA6B	-0.0212615384615382	0.968210513845736	-3.38146847290641	1.17901664688159e-79	NS	DOWN	False	True	3.360206934444872
SEMA6C	0.231661538461539	0.536107798288477	-1.74536551724138	1.60153907661132e-87	NS	DOWN	False	True	1.977027055702919
SEMA6D	0.909603846153846	0.122062589971484	-2.24657536945813	2.71896283171276e-58	NS	DOWN	False	True	3.156179215611976
SEMG2	0.985503846153849	0.144768482596519	-1.80142315270936	6.441469397696511e-17	NS	DOWN	False	True	2.7869269988632093
SENP8	0.875523076923077	0.0179015215516769	1.97571477832512	4.61944291533467e-129	NS	UP	False	True	-1.1001917014020433
SEPHS2	0.384857692307694	0.201675595530232	1.30703793103448	4.0938062914276496e-94	NS	UP	False	True	-0.9221802387267859
SEPTIN1	-0.0215615384615371	0.965301736656481	-1.80313596059114	3.12367074551307e-93	NS	DOWN	False	True	1.7815744221296028
SEPTIN12	0.992819230769234	0.27797764898939	-2.30347931034482	2.6964828211570898e-11	NS	DOWN	False	True	3.2962985411140537
SEPTIN3	-1.13565769230769	0.0567922904441959	-2.5655236453202	1.25226752549009e-68	NS	DOWN	False	True	1.4298659530125102
SEPTIN4	-0.686746153846153	0.176646760637962	-1.34645221674877	4.1770333199571604e-54	NS	DOWN	False	True	0.659706062902617
SEPTIN5	0.427838461538461	0.285036197455932	-3.81969408866995	2.40711298091434e-173	NS	DOWN	False	True	4.247532550208411
SERF1A	0.991176923076923	0.0361843970629043	1.41616354679803	1.6855605366275899e-12	NS	UP	False	True	-0.42498662372110707
SERF1B	0.831834615384616	0.0014896445057438	1.09147881773399	6.29230584271184e-86	NS	UP	False	True	-0.259644202349374
SERHL2	0.394284615384615	0.428507313579196	-1.46879852216749	1.1648053571874102e-25	NS	DOWN	False	True	1.8630831375521049
SERP2	0.26465	0.766641748870669	1.61871822660099	2.20199665017127e-84	NS	UP	False	True	-1.35406822660099
SERPINA11	1.36242307692308	0.192818054529144	-5.65962709359605	5.220172663429949e-83	NS	DOWN	False	True	7.0220501705191305
SERPINA12	-1.78708846153846	0.161971901674424	-13.9041798029557	1.81243747699373e-200	NS	DOWN	False	True	12.11709134141724
SERPINA4	0.410580769230771	0.610980652553417	-2.15404482758621	3.52010436430622e-14	NS	DOWN	False	True	2.564625596816981
SERPINA9	0.283476923076925	0.84818473346273	-9.15802315270935	1.70627078447093e-162	NS	DOWN	False	True	9.441500075786275
SERPINB10	0.723996153846156	0.423289357518729	-4.70374827586206	8.94469247075178e-54	NS	DOWN	False	True	5.427744429708216
SERPINB12	-0.25924615384615	0.87784483678094	-10.5615221674877	1.4372457609971601e-154	NS	DOWN	False	True	10.302276013641551
SERPINB13	1.37945769230769	0.436850113956362	-8.52363004926108	3.450567943712e-153	NS	DOWN	False	True	9.90308774156877
SERPINB2	1.88486153846154	0.157603456608027	-3.39318719211822	3.11154139219021e-72	NS	DOWN	False	True	5.27804873057976
SERPINB3	1.04880384615385	0.633262907360035	-7.03238916256157	5.10895700886817e-107	NS	DOWN	False	True	8.08119300871542
SERPINB4	0.981200000000001	0.641459605188935	-3.21498571428571	6.60808616207691e-17	NS	DOWN	False	True	4.196185714285711
SERPINB5	0.77363076923077	0.719262831863042	-9.8751472906404	5.9491624198225695e-220	NS	DOWN	False	True	10.648778059871171
SERPINB7	1.77588846153846	0.230988332498835	-3.27088472906404	1.24964897527346e-101	NS	DOWN	False	True	5.0467731906025
SERPINB8	0.959784615384616	0.0144033718866707	-1.10150886699508	1.29062615946571e-57	NS	DOWN	False	True	2.0612934823796962
SERPINF1	0.161596153846156	0.825218436946088	1.66582512315272	2.34190517415006e-66	NS	UP	False	True	-1.5042289693065638
SERPINF2	0.610769230769231	0.171497947859527	-2.8355709359606	1.23360856507574e-81	NS	DOWN	False	True	3.446340166729831
SERPINH1	0.991346153846155	0.0002668270516903	4.24139556650247	4.88352758917644e-243	NS	UP	False	True	-3.2500494126563146
SERTAD4	1.9402	0.0053365222089644	-2.41623497536946	1.2724463180096499e-55	NS	DOWN	False	True	4.35643497536946
SERTM1	1.10403076923077	0.0450986136202073	-3.67641379310345	9.27328852383486e-46	NS	DOWN	False	True	4.78044456233422
SERTM2	0.0521807692307714	0.958635271205566	-1.09502955665024	2.59808454261949e-07	NS	DOWN	False	True	1.1472103258810114
SESN1	1.13774615384615	0.0013603516989857	-1.00557044334975	1.8362042196508399e-40	NS	DOWN	False	True	2.1433165971959003
SESN2	0.180180769230768	0.532873149769157	2.41142709359606	8.78306505448197e-95	NS	UP	False	True	-2.231246324365292
SESTD1	1.41496538461538	0.0038158653083518	2.53298965517241	1.3977460898759799e-158	NS	UP	False	True	-1.1180242705570298
SET	0.952284615384616	0.0031741959807886	1.18563940886699	2.0155117597638e-101	NS	UP	False	True	-0.23335479348237398
SETD6	0.715803846153845	0.0062207961911613	-1.00169261083744	1.42614303317314e-66	NS	DOWN	False	True	1.717496456991285
SETD9	0.534011538461538	0.0786254746376815	1.06868226600985	4.35568940066283e-33	NS	UP	False	True	-0.534670727548312
SETSIP	0.882753846153849	0.413777350835423	1.94887389162561	1.96121804053931e-09	NS	UP	False	True	-1.0661200454717612
SEZ6	0.799719230769234	0.435868120429236	-2.47724236453202	2.27320267202412e-16	NS	DOWN	False	True	3.276961595301254
SEZ6L	1.93244230769231	0.0337599587536558	-3.12885320197045	5.31670920177353e-35	NS	DOWN	False	True	5.06129550966276
SEZ6L2	1.2737	0.0453059270377384	3.32455566502463	2.02960546602867e-146	NS	UP	False	True	-2.0508556650246303
SF3A3	0.635896153846155	0.0297633732990757	1.26948374384237	1.08337195479131e-118	NS	UP	False	True	-0.633587589996215
SF3B6	0.548503846153847	0.0020509633790048	1.0534748768473	2.8859383613881104e-113	NS	UP	False	True	-0.504971030693453
SFI1	0.382296153846154	0.158296600156874	-1.42064778325123	5.04147579173048e-110	NS	DOWN	False	True	1.802943937097384
SFMBT2	1.45592307692308	0.0018045870919087	-1.81974137931035	1.10534373645729e-51	NS	DOWN	False	True	3.27566445623343
SFN	0.622842307692306	0.742664809567808	-9.49891280788177	1.7640864211721e-249	NS	DOWN	False	True	10.121755115574075
SFR1	0.646211538461538	0.0431435672661087	1.35794975369458	1.04055773808084e-87	NS	UP	False	True	-0.7117382152330419
SFRP2	-0.282992307692307	0.686763972776707	-2.99540935960591	4.9649238366509196e-40	NS	DOWN	False	True	2.712417051913603
SFRP5	1.88914615384616	0.160221804541308	-6.45852807881773	2.0549419307534402e-110	NS	DOWN	False	True	8.347674232663891
SFT2D1	0.90401923076923	0.0015931216166079	1.15537586206897	4.52614164855759e-136	NS	UP	False	True	-0.25135663129974006
SFTA2	-0.067276923076923	0.961144575889363	-1.74081576354679	1.06037165417167e-07	NS	DOWN	False	True	1.673538840469867
SFTPA1	0.274161538461541	0.751116635797813	-3.68605024630542	3.09975156189734e-26	NS	DOWN	False	True	3.960211784766961
SFTPA2	1.76611153846155	0.037313469848673	-3.03749064039408	3.17092011097607e-20	NS	DOWN	False	True	4.8036021788556305
SFTPB	0.551023076923078	0.520491055088957	-2.3869290640394	2.40806567071919e-19	NS	DOWN	False	True	2.937952140962478
SFTPC	-0.999438461538461	0.178191286187137	-6.20182463054187	5.7539337672333906e-58	NS	DOWN	False	True	5.202386169003408
SFTPD	0.577453846153846	0.574814314997851	-6.18584532019704	1.14335929227612e-105	NS	DOWN	False	True	6.763299166350886
SFXN1	1.11796153846154	0.0279597073879625	2.14589704433498	1.3285743868018901e-152	NS	UP	False	True	-1.0279355058734398
SFXN2	0.3239	0.405544580591082	1.55893645320197	9.788519483285329e-81	NS	UP	False	True	-1.23503645320197
SGCA	1.03364615384615	0.0149697992344798	-2.53704236453202	6.33346739112682e-68	NS	DOWN	False	True	3.5706885183781703
SGCD	1.27275769230769	0.0198892967075606	3.64291921182266	1.2048534185204899e-135	NS	UP	False	True	-2.37016151951497
SGCG	1.81322692307692	0.0424814363459378	-2.40667487684729	2.6754097180553496e-36	NS	DOWN	False	True	4.2199017999242106
SGCZ	0.76085384615385	0.11740002061277	-2.78383940886699	7.040879358222861e-21	NS	DOWN	False	True	3.54469325502084
SGF29	0.117419230769231	0.612262555952006	-1.00415517241379	1.76847422697022e-81	NS	DOWN	False	True	1.121574403183021
SGIP1	1.21957692307692	0.0029639737122412	3.8230157635468	2.69866090152661e-145	NS	UP	False	True	-2.60343884046988
SGK2	1.51723846153846	0.0320141689842953	-2.45358325123153	2.18126100489623e-71	NS	DOWN	False	True	3.9708217127699896
SGMS2	0.403838461538462	0.421410666320876	2.4127566502463	1.4783112092390702e-149	NS	UP	False	True	-2.008918188707838
SGO1	0.502738461538462	0.238076149009089	1.56547586206897	6.28565415978352e-22	NS	UP	False	True	-1.062737400530508
SGO2	1.66498076923077	0.0016081372746352	3.15978866995074	2.26953585278992e-128	NS	UP	False	True	-1.49480790071997
SGPL1	0.51216923076923	0.0844528633642764	-1.36197980295566	5.44754104121416e-110	NS	DOWN	False	True	1.87414903372489
SGPP2	0.827469230769231	0.227489277747463	-5.64240640394089	2.05396633080505e-218	NS	DOWN	False	True	6.469875634710121
SGSM1	1.68518846153846	0.0638930854624382	-7.57841527093596	8.06327561496685e-166	NS	DOWN	False	True	9.263603732474419
SGTB	1.1616	0.0093080249914777	2.66156945812808	4.69419059204408e-200	NS	UP	False	True	-1.49996945812808
SH2B2	-0.399730769230769	0.187607485349099	-1.40592955665025	5.18249846896435e-69	NS	DOWN	False	True	1.006198787419481
SH2B3	0.855565384615386	0.0468431316973376	2.88121674876847	1.55850521684007e-174	NS	UP	False	True	-2.025651364153084
SH2D1A	2.06516538461538	0.005714305538388	-4.97630394088669	4.13464842161577e-79	NS	DOWN	False	True	7.04146932550207
SH2D1B	1.91509615384615	0.015745008832977	-1.83311477832512	3.2194716463235598e-12	NS	DOWN	False	True	3.74821093217127
SH2D3A	0.333807692307692	0.58841906223731	-5.09431773399015	7.91936859921592e-243	NS	DOWN	False	True	5.428125426297842
SH2D3C	0.104196153846154	0.743868734495422	-5.69065812807882	3.2386433551664503e-149	NS	DOWN	False	True	5.794854281924975
SH2D4A	1.87141538461539	0.0209489585435202	1.48467438423645	7.42320186325345e-82	NS	UP	False	True	0.38674100037894
SH2D4B	0.328334615384616	0.661192015582386	-3.68539802955665	5.585682846908151e-61	NS	DOWN	False	True	4.013732644941266
SH2D5	0.380453846153846	0.557479505104244	4.02699113300493	4.59346297063348e-72	NS	UP	False	True	-3.6465372868510846
SH2D6	1.5164	0.0594219980267029	3.92247487684728	4.20905699017004e-38	NS	UP	False	True	-2.40607487684728
SH2D7	1.40064230769231	0.0279189359537877	-1.45604137931034	6.33439331804553e-09	NS	DOWN	False	True	2.8566836870026497
SH3BGRL3	-0.537711538461542	0.0372610718416322	1.16660295566503	8.42663384855278e-90	NS	UP	False	True	-1.7043144941265718
SH3BP1	-0.122834615384614	0.720777906384474	-2.05099852216749	4.30480802324633e-153	NS	DOWN	False	True	1.928163906782876
SH3BP2	0.343115384615384	0.106689860896107	-2.09335369458129	4.4519107095788e-128	NS	DOWN	False	True	2.436469079196674
SH3BP4	-0.201776923076923	0.652907913535224	2.09833793103448	5.66689727703226e-136	NS	UP	False	True	-2.300114854111403
SH3D21	-0.354453846153846	0.290701688623025	-2.19121379310345	5.653769062692241e-97	NS	DOWN	False	True	1.8367599469496039
SH3GL3	1.03273461538462	0.374367340830879	-1.89310098522167	5.389634041461089e-22	NS	DOWN	False	True	2.92583560060629
SH3GLB1	0.953019230769229	0.0028267217001307	1.23122019704433	1.4033255436028e-132	NS	UP	False	True	-0.27820096627510094
SH3GLB2	0.339326923076923	0.13174466682694	-2.38506108374384	8.0279563938243e-208	NS	DOWN	False	True	2.7243880068207633
SH3PXD2A	0.229461538461539	0.540494860616587	1.51264384236453	8.14692171162565e-110	NS	UP	False	True	-1.283182303902991
SH3RF2	0.659646153846154	0.549512967787659	-7.33647044334976	2.27428915410512e-234	NS	DOWN	False	True	7.996116597195914
SH3RF3	0.874942307692308	0.0789307368624259	2.19002019704434	2.88508592060084e-145	NS	UP	False	True	-1.315077889352032
SH3TC1	0.222711538461538	0.613927863750816	-2.5444315270936	1.07730595038139e-96	NS	DOWN	False	True	2.767143065555138
SHANK1	1.71276153846154	0.0628741013789537	1.64938719211823	3.3998073677833e-35	NS	UP	False	True	0.06337434634331007
SHANK3	0.836161538461538	0.0154519068441686	-2.33469655172414	2.83709295833819e-127	NS	DOWN	False	True	3.1708580901856775
SHB	-0.596511538461538	0.328744527105208	-1.51335566502463	1.51840932006126e-90	NS	DOWN	False	True	0.916844126563092
SHBG	0.770826923076923	0.0286971905639943	2.76787536945812	6.442197074876039e-34	NS	UP	False	True	-1.9970484463811973
SHC1	0.761173076923076	0.0114626556665322	2.54854039408867	1.3136333415154201e-214	NS	UP	False	True	-1.7873673171655942
SHC2	0.903642307692309	0.151212144533675	-5.13741379310345	3.09066345771953e-139	NS	DOWN	False	True	6.041056100795759
SHC3	0.80704230769231	0.131413142270007	2.11932216748769	5.40297422035483e-82	NS	UP	False	True	-1.31227985979538
SHCBP1	0.843073076923077	0.0522560504001093	1.19104482758621	9.46424251034392e-16	NS	UP	False	True	-0.347971750663133
SHCBP1L	-1.10547692307692	0.262891736571934	2.75248916256157	9.60614745537708e-22	NS	UP	False	True	-3.8579660856384903
SHD	1.38114230769231	0.224454750657885	-1.01613201970443	4.48395442857248e-05	NS	DOWN	False	True	2.39727432739674
SHE	0.433992307692308	0.41240747368531	-7.50341871921182	7.006389976420639e-174	NS	DOWN	False	True	7.937411026904128
SHF	0.6065	0.254829159170081	-2.55224285714286	5.44166745487432e-84	NS	DOWN	False	True	3.15874285714286
SHH	0.495642307692309	0.627941066794208	-2.72355418719212	3.79580595174032e-26	NS	DOWN	False	True	3.219196494884429
SHISA2	1.5394	0.125399230362429	-4.55786009852216	2.1700968563511802e-58	NS	DOWN	False	True	6.09726009852216
SHISA4	0.58575	0.0821307405079504	2.22216453201971	1.0679098073227701e-148	NS	UP	False	True	-1.6364145320197099
SHISA5	0.13963846153846	0.579922981630075	1.07436403940886	3.67105189729287e-138	NS	UP	False	True	-0.9347255778704
SHISA6	0.551253846153847	0.578525188630008	-6.29296896551724	2.6555698243936103e-117	NS	DOWN	False	True	6.844222811671086
SHISA8	-0.221311538461539	0.813656563091291	-6.67606551724137	5.22923781033451e-119	NS	DOWN	False	True	6.454753978779831
SHISA9	1.7182076923077	0.0672934080490799	4.82858078817734	1.80328247207144e-108	NS	UP	False	True	-3.11037309586964
SHISAL1	0.725957692307693	0.283491180082664	-1.37844334975369	5.6706877932737105e-14	NS	DOWN	False	True	2.104401042061383
SHMT1	1.01575769230769	0.0012577531980638	-1.34295024630542	9.705878424468e-89	NS	DOWN	False	True	2.35870793861311
SHMT2	0.234634615384615	0.320854315570008	1.86529950738916	1.07006461240603e-134	NS	UP	False	True	-1.630664892004545
SHOC1	0.109992307692308	0.913675436559496	-1.27509408866995	1.7605129696365e-11	NS	DOWN	False	True	1.385086396362258
SHOC2	0.995003846153846	0.0005881511990358	1.15829310344828	8.04772959579595e-88	NS	UP	False	True	-0.163289257294434
SHOX2	1.71736923076923	0.0044203570417729	3.51763201970443	1.1340022680848e-168	NS	UP	False	True	-1.8002627889351999
SHQ1	0.727761538461539	0.0071047034832091	1.23535615763547	2.05242862974214e-86	NS	UP	False	True	-0.5075946191739309
SHROOM1	0.650511538461539	0.0390531683487348	1.76764285714286	1.21718123745171e-97	NS	UP	False	True	-1.117131318681321
SHROOM2	1.50565384615385	0.0017994995753602	-3.57079704433498	1.06098646819679e-84	NS	DOWN	False	True	5.07645089048883
SHTN1	0.760711538461538	0.0941744894892236	-1.58830492610838	5.01707190432609e-111	NS	DOWN	False	True	2.349016464569918
SIAE	0.75968076923077	0.0139661460504137	2.4028802955665	2.34839414885221e-164	NS	UP	False	True	-1.6431995263357297
SIAH3	0.343830769230772	0.553652259990536	-3.3274448275862	5.10430262561289e-62	NS	DOWN	False	True	3.671275596816972
SIDT1	1.42122307692308	0.0040624093676812	-5.12791133004926	3.33747215806361e-87	NS	DOWN	False	True	6.54913440697234
SIGLEC1	1.05062692307692	0.0217214844298704	-5.74839556650246	7.45488905520275e-126	NS	DOWN	False	True	6.7990224895793805
SIGLEC10	1.21061153846154	0.0312536117860849	-3.73517832512315	1.36156062807439e-60	NS	DOWN	False	True	4.9457898635846895
SIGLEC11	2.61195769230769	0.0016242320899888	-3.12010197044334	1.0697784830249e-29	NS	DOWN	False	True	5.7320596627510305
SIGLEC12	1.42195384615385	0.105360017592509	-2.28676256157635	9.42515270534245e-20	NS	DOWN	False	True	3.7087164077301997
SIGLEC14	1.40784615384615	0.109835466048598	-4.44717044334975	8.34722048905427e-48	NS	DOWN	False	True	5.8550165971959
SIGLEC15	-0.341146153846153	0.624195628253845	-1.0687802955665	4.53972689341044e-07	NS	DOWN	False	True	0.727634141720347
SIGLEC5	1.43309615384615	0.083411314746089	-2.94171428571428	6.904531646741951e-25	NS	DOWN	False	True	4.37481043956043
SIGLEC6	1.57694230769231	0.105190892516564	-7.47231477832511	2.2302811954870799e-159	NS	DOWN	False	True	9.04925708601742
SIGLEC7	1.15713846153846	0.0104086031230837	-4.74982463054186	7.85140548461746e-53	NS	DOWN	False	True	5.9069630920803196
SIGLEC8	0.76333076923077	0.359287212811183	-6.09311034482758	2.9796426151921504e-111	NS	DOWN	False	True	6.8564411140583505
SIGLEC9	0.77345	0.107126184009927	-3.63369655172413	1.67108996695914e-42	NS	DOWN	False	True	4.40714655172413
SIK1	0.581030769230769	0.416584162697564	-6.78423546798029	7.17065969745406e-116	NS	DOWN	False	True	7.365266237211059
SIM1	1.20758461538462	0.0727684680101239	4.86971477832512	6.4017306032000995e-139	NS	UP	False	True	-3.6621301629405
SIPA1L3	0.511157692307693	0.0628122198384019	-1.13415270935961	2.1273178263794798e-57	NS	DOWN	False	True	1.645310401667303
SIRPB2	1.71424615384615	0.0017478310298621	-6.33955320197044	4.40296198073683e-106	NS	DOWN	False	True	8.05379935581659
SIRPG	0.367215384615385	0.62911825462616	-5.57283842364531	3.75114905858155e-86	NS	DOWN	False	True	5.940053808260695
SIRT7	0.0118923076923063	0.957590905472457	-1.31232561576355	1.4049959925888501e-111	NS	DOWN	False	True	1.3242179234558562
SIX1	1.56840769230769	0.003287432102184	6.95008522167487	3.12499491132972e-149	NS	UP	False	True	-5.38167752936718
SIX2	-0.44333076923077	0.382756516643857	1.2416566502463	1.0141556815791998e-12	NS	UP	False	True	-1.68498741947707
SIX4	2.16771153846154	0.0027811021680748	6.08833201970443	1.12372437214848e-149	NS	UP	False	True	-3.9206204812428904
SKA1	0.184315384615385	0.629612832925559	2.27035665024631	2.61734158758202e-32	NS	UP	False	True	-2.086041265630925
SKA2	0.591823076923078	0.0553571115647319	1.87728571428571	2.74344233894735e-131	NS	UP	False	True	-1.2854626373626319
SKA3	0.201350000000001	0.551244580262941	2.0099039408867	4.52030850641036e-32	NS	UP	False	True	-1.808553940886699
SKAP1	0.7426	0.231540226368507	-6.74805073891625	1.57152643207755e-96	NS	DOWN	False	True	7.49065073891625
SKAP2	1.53926923076923	0.0038598616016971	1.23386995073892	3.07266859357469e-68	NS	UP	False	True	0.30539928003031
SKIDA1	1.17255384615385	0.0258210870244082	1.18080689655173	6.37633216911521e-35	NS	UP	False	True	-0.008253050397879935
SKOR1	0.985361538461538	0.056647701943517	-2.13585665024631	1.30341039616845e-81	NS	DOWN	False	True	3.1212181887078483
SKP2	0.847365384615385	0.0109585409690343	2.04958522167488	2.1235156050320303e-117	NS	UP	False	True	-1.2022198370594952
SLA	1.27217692307692	0.0097142696455054	-2.69469852216749	3.4537721877512497e-77	NS	DOWN	False	True	3.96687544524441
SLA2	0.589334615384617	0.331248086389697	-1.65251773399014	1.3396011277614799e-34	NS	DOWN	False	True	2.241852349374757
SLAIN1	1.34751153846154	0.0534772760965869	-5.7545078817734	9.47069914237292e-97	NS	DOWN	False	True	7.1020194202349405
SLAMF1	1.57245	0.0163209684057943	-5.03670443349753	1.2572404325423699e-70	NS	DOWN	False	True	6.60915443349753
SLAMF6	0.868742307692308	0.247562566810937	-5.47303793103447	1.0073007464004898e-92	NS	DOWN	False	True	6.341780238726778
SLAMF7	-0.117169230769231	0.871762059163177	-6.13436354679802	1.47587245305285e-99	NS	DOWN	False	True	6.017194316028789
SLAMF8	0.48401923076923	0.312548442079141	-1.72040591133005	3.2259611750077397e-69	NS	DOWN	False	True	2.20442514209928
SLAMF9	-0.364992307692308	0.760510823416961	1.43074679802955	5.59360203009533e-05	NS	UP	False	True	-1.7957391057218581
SLC10A1	0.09451153846154	0.921881174220452	-1.16283940886699	1.34770761011395e-05	NS	DOWN	False	True	1.25735094732853
SLC10A2	-0.168934615384613	0.641591164626661	-2.88469408866994	1.13616801188902e-38	NS	DOWN	False	True	2.7157594732853267
SLC10A4	2.27473076923077	0.0141961482816161	-1.78841182266009	1.34712581171292e-14	NS	DOWN	False	True	4.06314259189086
SLC10A6	2.16363076923077	0.0258706937660157	-8.34166600985221	3.71713833974367e-141	NS	DOWN	False	True	10.505296779082979
SLC11A1	0.636242307692308	0.222000753106562	-2.68978078817734	6.16612690313063e-65	NS	DOWN	False	True	3.3260230958696484
SLC12A1	0.602530769230772	0.497880567400452	1.56180886699508	8.729999035089181e-09	NS	UP	False	True	-0.9592780977643081
SLC12A2	1.41547692307692	0.0016358891778419	-1.14321970443349	8.22478453589373e-31	NS	DOWN	False	True	2.55869662751041
SLC12A3	1.42354230769231	0.114773439856161	-1.921660591133	9.052353443609421e-15	NS	DOWN	False	True	3.3452028988253097
SLC12A5	-0.713396153846155	0.25324960660314	2.12961527093596	2.3792609279325e-28	NS	UP	False	True	-2.843011424782115
SLC12A7	1.43011153846154	0.0017994995753602	-1.80611674876847	7.562303025652561e-97	NS	DOWN	False	True	3.23622828723001
SLC12A8	0.833334615384616	0.100339681778623	2.68135221674877	3.36639699878048e-99	NS	UP	False	True	-1.848017601364154
SLC13A2	-0.181999999999997	0.829642145231441	-8.80752857142856	6.83099647291683e-110	NS	DOWN	False	True	8.625528571428562
SLC13A5	1.46652307692308	0.212232277138412	-2.98299802955665	3.89211139242948e-36	NS	DOWN	False	True	4.44952110647973
SLC14A2	1.66435384615385	0.0336415805829078	1.6759802955665	2.36479631477257e-08	NS	UP	False	True	-0.011626449412649897
SLC15A1	0.32176923076923	0.831064230176233	-12.195902955665	5.23939865449219e-223	NS	DOWN	False	True	12.517672186434229
SLC15A5	0.13305384615385	0.599254763788079	2.5146014778325	1.2539242829846702e-31	NS	UP	False	True	-2.38154763167865
SLC16A1	1.03618846153846	0.0039581087733058	2.22757487684729	3.96727722372368e-138	NS	UP	False	True	-1.19138641530883
SLC16A10	0.336830769230769	0.653862972760996	-9.84675763546798	2.86778574509416e-174	NS	DOWN	False	True	10.18358840469875
SLC16A11	0.585561538461538	0.48354906372803	-3.65366305418719	8.65635889670832e-89	NS	DOWN	False	True	4.239224592648728
SLC16A12	2.44847307692308	0.001189624696295	1.45609162561576	6.5286472901588505e-21	NS	UP	False	True	0.9923814513073197
SLC16A14	0.876942307692309	0.0302007153363182	-5.29408866995074	1.35574459963924e-209	NS	DOWN	False	True	6.171030977643048
SLC16A3	0.0767384615384623	0.907547148432675	4.90862906403941	2.67418626625711e-202	NS	UP	False	True	-4.831890602500947
SLC16A4	1.47481923076923	0.0017306316294142	3.23690689655172	1.2758057907228602e-149	NS	UP	False	True	-1.7620876657824898
SLC16A6	-2.29404615384615	0.0035330549058979	-4.4834408866995	7.726729197872889e-114	NS	DOWN	False	True	2.1893947328533505
SLC16A7	0.0263615384615394	0.972734657833354	1.72636453201971	7.14860937913227e-100	NS	UP	False	True	-1.7000029935581706
SLC16A8	0.832207692307693	0.413487776227665	-2.90351083743842	1.6053926660825201e-74	NS	DOWN	False	True	3.735718529746113
SLC17A2	0.266111538461542	0.583690965791859	1.94217832512315	1.95032805182955e-17	NS	UP	False	True	-1.676066786661608
SLC17A5	0.719780769230769	0.0754108315490608	1.94061625615764	4.2920775290401905e-143	NS	UP	False	True	-1.2208354869268712
SLC17A7	0.131038461538462	0.822254521480104	-2.76599753694581	2.44865272788023e-96	NS	DOWN	False	True	2.897035998484272
SLC17A9	0.445092307692309	0.446664023057879	3.33535024630542	1.28538565129548e-126	NS	UP	False	True	-2.890257938613111
SLC18A2	1.90532692307693	0.0331107922536847	-7.6240527093596	2.09074385922726e-147	NS	DOWN	False	True	9.52937963243653
SLC19A1	-0.214103846153847	0.498286885779717	1.50225467980296	5.40924383711352e-84	NS	UP	False	True	-1.7163585259568068
SLC1A1	2.13096923076923	0.0021096473839847	3.16281428571429	2.50543771979769e-106	NS	UP	False	True	-1.0318450549450602
SLC1A5	0.0811923076923069	0.765178054721535	2.29098620689656	1.5146389819883e-125	NS	UP	False	True	-2.209793899204253
SLC1A6	1.3881	0.231327350812038	-10.7356300492611	9.12792960530825e-186	NS	DOWN	False	True	12.1237300492611
SLC20A1	0.8877	0.0298980249902791	2.33995418719212	2.37142338128765e-97	NS	UP	False	True	-1.45225418719212
SLC22A1	-0.068007692307692	0.910542837232343	-1.44997931034483	1.2479469811821001e-18	NS	DOWN	False	True	1.381971618037138
SLC22A10	1.72453076923077	0.0269422943290181	-2.88565517241379	2.5112312503350297e-33	NS	DOWN	False	True	4.61018594164456
SLC22A11	3.63229615384616	0.0019944002714848	1.84903990147783	3.89231584252426e-12	NS	UP	False	True	1.78325625236833
SLC22A13	1.01450769230769	0.179893375882788	1.73773793103448	7.03503890736824e-15	NS	UP	False	True	-0.7232302387267902
SLC22A14	0.432730769230768	0.653922046668277	2.58781970443349	2.0274475580730197e-30	NS	UP	False	True	-2.155088935202722
SLC22A16	2.47747692307692	0.0063034907044708	-3.41422758620689	3.79302951751446e-24	NS	DOWN	False	True	5.8917045092838105
SLC22A18AS	-0.74678076923077	0.162501517328663	-2.02335123152709	4.2199950936945005e-32	NS	DOWN	False	True	1.2765704622963199
SLC22A23	0.459142307692308	0.288297525225406	-2.30252216748768	3.8570253074302596e-124	NS	DOWN	False	True	2.761664475179988
SLC22A3	2.05906538461539	0.0212249220620376	-3.66398325123153	6.6778842155585504e-105	NS	DOWN	False	True	5.72304863584692
SLC22A31	0.505134615384616	0.59519366873355	-1.54156206896552	3.0688833262385996e-12	NS	DOWN	False	True	2.046696684350136
SLC22A7	1.09740384615385	0.20943641701599	-3.64096945812807	7.77886534436589e-33	NS	DOWN	False	True	4.73837330428192
SLC23A1	2.40248846153846	0.0025168956335709	-3.0688	7.48381835214094e-110	NS	DOWN	False	True	5.47128846153846
SLC24A1	0.984800000000001	0.0043233616425358	1.68225320197044	6.36146825049749e-122	NS	UP	False	True	-0.6974532019704389
SLC24A3	0.764726923076924	0.276876060965674	-4.23877783251232	1.18094172817237e-146	NS	DOWN	False	True	5.003504755589244
SLC24A4	-1.31245384615385	0.0712024610191336	-3.30186650246305	4.31361609740791e-51	NS	DOWN	False	True	1.9894126563091998
SLC24A5	-1.14876153846154	0.176800757307447	-8.9788054187192	1.07303779112114e-163	NS	DOWN	False	True	7.8300438802576595
SLC25A10	-0.143807692307691	0.709518688967646	-1.65714532019704	1.2732011293351e-109	NS	DOWN	False	True	1.5133376278893491
SLC25A13	0.128030769230768	0.720753269504974	-1.26133152709359	7.11074405464185e-96	NS	DOWN	False	True	1.3893622963243581
SLC25A15	0.631365384615383	0.103496452209706	2.15284433497537	8.089331935686111e-131	NS	UP	False	True	-1.521478950359987
SLC25A16	0.109126923076924	0.799384350282972	1.30476256157635	2.24746771748685e-121	NS	UP	False	True	-1.195635638499426
SLC25A2	1.35757307692308	0.0216965523834457	-3.55832463054187	5.36562735970251e-38	NS	DOWN	False	True	4.91589770746495
SLC25A21	3.38654615384615	0.0045870174387499	1.24734778325123	7.42250438509664e-16	NS	UP	False	True	2.13919837059492
SLC25A23	-0.105611538461537	0.68076190697207	-1.17387192118226	2.8107720951371302e-58	NS	DOWN	False	True	1.0682603827207229
SLC25A24	1.36568461538462	0.0018657183463388	2.27480344827586	5.2937083460954896e-179	NS	UP	False	True	-0.9091188328912398
SLC25A29	0.174807692307692	0.498616969998769	-1.86338522167488	4.01665388849383e-106	NS	DOWN	False	True	2.038192913982572
SLC25A32	1.01220384615385	0.0023539807949306	1.71348078817734	1.50024985572559e-163	NS	UP	False	True	-0.7012769420234899
SLC25A33	0.389323076923078	0.148154721556169	1.25630049261084	3.7643709750136e-51	NS	UP	False	True	-0.8669774156877621
SLC25A37	0.859023076923078	0.0031413074954113	1.58227290640394	8.836903913788931e-97	NS	UP	False	True	-0.723249829480862
SLC25A41	2.20522692307693	0.0068382829486886	-2.70316009852216	2.6238078853953e-22	NS	DOWN	False	True	4.90838702159909
SLC25A48	-1.33910769230769	0.291616731005451	-9.68705221674876	4.43004335826769e-169	NS	DOWN	False	True	8.34794452444107
SLC25A51	0.649084615384616	0.0124088434743837	1.45681330049261	4.6070066632454995e-115	NS	UP	False	True	-0.807728685107994
SLC26A3	0.422061538461541	0.553259657305018	-1.36756108374384	1.6179075359393e-05	NS	DOWN	False	True	1.7896226222053808
SLC26A4	0.886776923076924	0.130225294079335	1.00399310344827	4.7074850118285396e-18	NS	UP	False	True	-0.11721618037134607
SLC26A5	1.16749615384616	0.143125593492988	-4.64534827586206	4.4452912308213506e-74	NS	DOWN	False	True	5.812844429708219
SLC26A6	0.0225730769230745	0.935357634895258	1.54271527093596	1.04948596601144e-95	NS	UP	False	True	-1.5201421940128854
SLC26A8	0.134749999999999	0.890252167649564	1.25533891625616	3.20128490895109e-08	NS	UP	False	True	-1.1205889162561609
SLC26A9	-0.187561538461538	0.874167060874317	-8.34131083743842	1.13294398327233e-159	NS	DOWN	False	True	8.153749298976884
SLC27A2	2.12373846153846	0.0062353536005385	-5.3098133004926	3.36288571828007e-81	NS	DOWN	False	True	7.43355176203106
SLC27A3	-1.38318846153846	0.0120795569693932	-2.07622068965518	9.8487362140515e-116	NS	DOWN	False	True	0.6930322281167198
SLC27A4	-0.533146153846153	0.0229777915757532	-1.77076403940887	6.6318585714834596e-108	NS	DOWN	False	True	1.237617885562717
SLC27A6	1.53803461538462	0.0885518671993086	-2.58692167487684	2.21408874905785e-34	NS	DOWN	False	True	4.12495629026146
SLC28A1	0.79974230769231	0.387164901055765	-1.11240295566502	3.1959160446118e-06	NS	DOWN	False	True	1.91214526335733
SLC28A2	1.57221538461539	0.0316770419889712	1.60241822660098	9.42240095914228e-12	NS	UP	False	True	-0.0302028419855902
SLC28A3	1.06750769230769	0.169732759131774	-5.7739842364532	1.78515096080688e-164	NS	DOWN	False	True	6.84149192876089
SLC29A1	-0.292288461538459	0.503307915338852	-1.55695960591133	1.07825554129177e-91	NS	DOWN	False	True	1.2646711443728709
SLC29A2	-0.262107692307692	0.698831753351566	-3.68058128078818	9.86441016300897e-135	NS	DOWN	False	True	3.418473588480488
SLC29A3	0.156223076923077	0.6665316866473	1.24136995073892	6.9183184149957e-70	NS	UP	False	True	-1.085146873815843
SLC29A4	-0.484661538461539	0.391712585236883	-1.61449802955665	2.2761611992947802e-61	NS	DOWN	False	True	1.129836491095111
SLC2A1	0.940511538461539	0.0813698521796008	-2.11542758620689	4.30827892367989e-89	NS	DOWN	False	True	3.055939124668429
SLC2A10	0.359834615384615	0.620146498518127	4.22717093596059	2.22194361898721e-204	NS	UP	False	True	-3.867336320575975
SLC2A14	0.536346153846154	0.593701860768679	-1.1912881773399	5.79585605043504e-05	NS	DOWN	False	True	1.727634331186054
SLC2A2	0.484526923076926	0.566807923709475	2.95088620689655	2.1865892300826098e-26	NS	UP	False	True	-2.4663592838196235
SLC2A3	0.211065384615386	0.698882642245125	2.01299507389162	3.20312040686508e-70	NS	UP	False	True	-1.801929689276234
SLC2A4	-0.351842307692308	0.548295452225232	-4.28183349753695	2.34633199564667e-138	NS	DOWN	False	True	3.929991189844642
SLC2A6	-1.13545	0.0079636927940491	2.78814729064039	1.8026723847114e-138	NS	UP	False	True	-3.92359729064039
SLC2A8	0.113542307692309	0.764107907674611	-1.21117044334975	2.08140696181104e-87	NS	DOWN	False	True	1.324712751042059
SLC30A10	0.25323076923077	0.816061086212301	-3.94300295566502	1.95128235078002e-46	NS	DOWN	False	True	4.19623372489579
SLC30A2	0.267380769230769	0.790542466047126	-7.60976847290639	3.90809447572377e-146	NS	DOWN	False	True	7.877149242137159
SLC30A3	0.535542307692308	0.48999637372419	-1.09044236453202	5.85140743338292e-06	NS	DOWN	False	True	1.625984672224328
SLC30A9	1.23045769230769	0.0018020499409451	1.2513724137931	2.1515784511740202e-113	NS	UP	False	True	-0.02091472148540996
SLC31A2	1.01330384615385	0.0213931393455284	-1.35898275862068	2.80889858987925e-74	NS	DOWN	False	True	2.37228660477453
SLC34A1	0.210523076923077	0.78179358303876	-6.44111133004925	7.59715256822806e-136	NS	DOWN	False	True	6.651634406972327
SLC34A2	0.185057692307695	0.888234243804276	-5.5925802955665	2.5747040899794397e-77	NS	DOWN	False	True	5.777637987874195
SLC34A3	0.794538461538463	0.398075529548742	-3.06260591133004	3.02557243665756e-38	NS	DOWN	False	True	3.857144372868503
SLC35B2	0.24067307692308	0.398646575541965	1.86044778325123	9.63300869792482e-211	NS	UP	False	True	-1.61977470632815
SLC35B3	1.12938846153846	0.0013409748199579	2.01672315270936	1.7048263712352902e-172	NS	UP	False	True	-0.8873346911709001
SLC35B4	0.111765384615383	0.686545727532172	2.93937931034483	4.71488028293509e-195	NS	UP	False	True	-2.827613925729447
SLC35C1	0.0578384615384624	0.839522234851504	2.37357290640394	4.93451884007451e-166	NS	UP	False	True	-2.3157344448654777
SLC35D1	1.05398461538462	0.0037822238257664	1.26247290640394	2.7980982651537404e-91	NS	UP	False	True	-0.20848829101931998
SLC35D3	0.161692307692308	0.834016426127689	-4.04100049261083	2.6752360357575203e-63	NS	DOWN	False	True	4.202692800303137
SLC35F3	2.12912307692308	0.0061732422425076	-6.62236995073891	2.57237183186463e-128	NS	DOWN	False	True	8.75149302766199
SLC35F4	1.0749	0.0425382958227564	-2.45993251231527	3.78768662991535e-17	NS	DOWN	False	True	3.53483251231527
SLC35F5	0.927349999999998	0.0088904985903512	1.35218423645321	9.824441765248711e-98	NS	UP	False	True	-0.42483423645321194
SLC35G1	1.03102692307692	0.0075971750444445	1.28739704433498	1.14879366223972e-74	NS	UP	False	True	-0.25637012125806
SLC35G2	1.96437307692308	0.0018945165323421	2.14304236453202	3.30576305929715e-154	NS	UP	False	True	-0.17866928760893996
SLC35G6	1.89082307692308	0.0190833024554195	2.8225014778325	2.9811673940955602e-24	NS	UP	False	True	-0.9316784009094201
SLC36A1	0.509769230769232	0.084455886419125	1.44199753694581	2.1211566058796099e-100	NS	UP	False	True	-0.932228306176578
SLC36A2	0.964938461538466	0.056095397846295	-2.86496256157635	5.25444713649037e-28	NS	DOWN	False	True	3.8299010231148163
SLC36A3	-0.194346153846153	0.734239511235895	-2.70005073891625	2.7850411198331e-33	NS	DOWN	False	True	2.505704585070097
SLC36A4	0.803996153846154	0.0648153999019165	1.28906256157635	1.1749721502192e-100	NS	UP	False	True	-0.48506640773019605
SLC37A1	0.667107692307692	0.201498088725052	-2.42227142857143	2.20550490081105e-153	NS	DOWN	False	True	3.089379120879122
SLC37A2	-0.0963000000000007	0.856627526503733	-5.76416453201971	1.95500940939117e-192	NS	DOWN	False	True	5.66786453201971
SLC37A3	1.09275384615385	0.0017994995753602	1.18054334975369	5.12423710949923e-124	NS	UP	False	True	-0.08778950359983995
SLC38A10	0.0292615384615376	0.88720808880289	1.02967536945813	3.64259655232771e-90	NS	UP	False	True	-1.0004138309965924
SLC38A3	1.17983076923077	0.142938903944725	-2.55319162561576	3.62100426906414e-28	NS	DOWN	False	True	3.7330223948465298
SLC38A4	2.32508076923077	0.005465569839021	4.98529704433498	1.0071800518170101e-165	NS	UP	False	True	-2.66021627510421
SLC38A6	0.145607692307691	0.600933257868608	2.57077586206897	3.671047373832e-186	NS	UP	False	True	-2.425168169761279
SLC38A7	0.379296153846154	0.0881806259883893	1.4524881773399	6.52879549715729e-132	NS	UP	False	True	-1.0731920234937462
SLC39A13	0.256153846153846	0.264373314215827	1.78764236453202	2.5757690230267803e-183	NS	UP	False	True	-1.5314885183781741
SLC39A14	0.940230769230766	0.0361339359767116	2.44088866995074	2.38723304338462e-102	NS	UP	False	True	-1.500657900719974
SLC39A2	0.704992307692308	0.581552932387936	-10.1702763546798	3.67200097756004e-156	NS	DOWN	False	True	10.875268662372108
SLC39A3	0.0941961538461547	0.688101400943005	1.15374384236453	1.64171277955681e-73	NS	UP	False	True	-1.0595476885183754
SLC39A4	-0.500311538461539	0.113625934313155	-1.17847093596059	3.40239843741994e-79	NS	DOWN	False	True	0.6781593974990511
SLC39A5	1.56805384615385	0.0110322658466399	-1.16270591133004	6.9774983630205e-07	NS	DOWN	False	True	2.7307597574838898
SLC39A7	0.474792307692309	0.0889401006477111	1.64498719211823	5.2283540545219904e-186	NS	UP	False	True	-1.170194884425921
SLC39A8	0.980357692307692	0.0571961255650425	1.90003004926108	1.34668012635166e-54	NS	UP	False	True	-0.919672356953388
SLC3A1	1.95541923076923	0.0041715330332139	-2.20410541871921	1.04788135401735e-48	NS	DOWN	False	True	4.15952464948844
SLC41A1	0.403607692307693	0.118293852503573	1.33912216748768	4.45306746686652e-105	NS	UP	False	True	-0.9355144751799871
SLC41A2	1.28426923076923	0.0019500971416628	2.67040344827586	5.27714203443745e-134	NS	UP	False	True	-1.3861342175066298
SLC43A3	0.157119230769231	0.681267313642642	1.85047536945813	7.187017493609049e-89	NS	UP	False	True	-1.693356138688899
SLC44A1	1.31441538461539	0.0019084316412734	1.55972216748769	6.54639637970706e-98	NS	UP	False	True	-0.2453067828722999
SLC44A3	0.130942307692306	0.766031468025745	-1.36677290640394	1.33910347629709e-48	NS	DOWN	False	True	1.497715214096246
SLC44A4	0.375796153846154	0.38463435520074	-4.24850443349753	8.95929629043737e-74	NS	DOWN	False	True	4.624300587343684
SLC45A1	1.31658846153846	0.0115992234620974	1.43780541871921	2.1550177981197e-73	NS	UP	False	True	-0.12121695718074998
SLC45A2	-2.3059	0.0010262960375517	-4.97845123152708	5.03769656112616e-62	NS	DOWN	False	True	2.67255123152708
SLC45A3	0.0501153846153845	0.912105760760073	-1.31209556650246	4.144344081802969e-56	NS	DOWN	False	True	1.3622109511178446
SLC45A4	0.414588461538461	0.201112299974232	-1.08570049261084	6.36691626333057e-53	NS	DOWN	False	True	1.500288954149301
SLC46A2	0.322326923076926	0.750376806182747	-10.7623275862069	5.82058899474107e-174	NS	DOWN	False	True	11.084654509283826
SLC47A1	0.521588461538462	0.326325489306144	-3.27602807881774	2.19667207168622e-104	NS	DOWN	False	True	3.797616540356202
SLC47A2	2.74333461538462	0.0050600850571471	-7.586660591133	5.51548764524071e-129	NS	DOWN	False	True	10.32999520651762
SLC4A1	1.92631153846154	0.0166852222552063	-2.22171231527093	1.43497772316279e-14	NS	DOWN	False	True	4.14802385373247
SLC4A11	0.520838461538462	0.315512449415102	-2.44916847290641	4.54014125234874e-119	NS	DOWN	False	True	2.970006934444872
SLC4A4	3.10058461538462	0.0024919589659469	3.47982610837438	1.6991506042899898e-103	NS	UP	False	True	-0.3792414929897596
SLC4A5	0.940657692307692	0.0463944249781683	-1.98063793103448	3.26464009635072e-81	NS	DOWN	False	True	2.921295623342172
SLC4A8	0.740380769230769	0.200139813303434	2.06390640394089	1.99813661855181e-52	NS	UP	False	True	-1.323525634710121
SLC4A9	1.4884576923077	0.102318713552301	-4.01800985221674	8.28933897196433e-53	NS	DOWN	False	True	5.50646754452444
SLC51A	0.519057692307692	0.0239655871347113	-1.29442216748769	1.2851943251987e-96	NS	DOWN	False	True	1.813479859795382
SLC51B	2.6545076923077	0.0081919820843925	-2.76601133004925	1.3075971083399e-17	NS	DOWN	False	True	5.42051902235695
SLC52A3	-0.705561538461539	0.272006018879533	-8.30972413793103	1.3187262825436899e-160	NS	DOWN	False	True	7.604162599469491
SLC5A1	0.73585769230769	0.523713346416741	-9.76960985221675	2.01224626378218e-187	NS	DOWN	False	True	10.50546754452444
SLC5A10	-1.18172692307692	0.112840062420462	-6.76442216748768	2.12996088648406e-122	NS	DOWN	False	True	5.58269524441076
SLC5A11	0.609049999999998	0.511570006443736	-1.63158719211823	2.1569536614015e-08	NS	DOWN	False	True	2.240637192118228
SLC5A12	2.71199615384616	0.0041585853015161	1.33146403940887	4.2213159107018903e-10	NS	UP	False	True	1.38053211443729
SLC5A2	0.362119230769231	0.641392194105604	-1.39226009852217	1.40912285774275e-12	NS	DOWN	False	True	1.754379329291401
SLC5A4	-0.412992307692308	0.744948020951446	-4.05576650246305	2.24952725015369e-51	NS	DOWN	False	True	3.642774194770742
SLC5A5	-0.455449999999998	0.614485184983163	-2.44835172413793	4.5151324769777104e-23	NS	DOWN	False	True	1.9929017241379317
SLC5A7	0.182288461538464	0.70125987660195	-2.35999901477832	2.81100316303589e-29	NS	DOWN	False	True	2.542287476316784
SLC5A8	1.31135	0.0398585443945995	-3.30439950738916	5.55991910906728e-39	NS	DOWN	False	True	4.61574950738916
SLC5A9	1.91710384615385	0.0048860090152243	-5.86283743842364	6.712580957493771e-112	NS	DOWN	False	True	7.7799412845774905
SLC66A1L	1.6028	0.192301989719023	3.0732275862069	3.82545262735374e-125	NS	UP	False	True	-1.4704275862069
SLC66A3	0.564423076923078	0.0439412336436948	1.22585714285714	9.930116648376209e-62	NS	UP	False	True	-0.6614340659340621
SLC6A11	1.61374615384616	0.220155639334703	-9.67478275862068	5.17058536698186e-187	NS	DOWN	False	True	11.28852891246684
SLC6A12	-0.978142307692308	0.0807987533491964	-4.60986157635467	6.54567714248385e-57	NS	DOWN	False	True	3.631719268662362
SLC6A14	0.221465384615388	0.899075742622456	-8.16983152709359	1.30378811768802e-141	NS	DOWN	False	True	8.391296911708979
SLC6A15	-0.690419230769232	0.236033538041354	4.01875369458128	7.41705720123755e-142	NS	UP	False	True	-4.7091729253505115
SLC6A16	0.37565	0.420389480095678	-1.87654236453202	4.33272627392958e-56	NS	DOWN	False	True	2.25219236453202
SLC6A2	1.28031923076923	0.229236428913297	-9.36373201970442	2.8490495516079203e-201	NS	DOWN	False	True	10.64405125047365
SLC6A20	1.8702076923077	0.0266730803651772	-4.77626009852216	1.63166579169913e-69	NS	DOWN	False	True	6.64646779082986
SLC6A3	0.784130769230772	0.441267821575427	-3.37300886699507	1.2780116495442102e-35	NS	DOWN	False	True	4.157139636225842
SLC6A4	2.08908076923077	0.0148101361898088	-3.44462610837438	7.01154342523641e-71	NS	DOWN	False	True	5.53370687760515
SLC6A6	1.03723461538462	0.0291836786015637	-2.15587044334975	3.8234875072497303e-88	NS	DOWN	False	True	3.19310505873437
SLC6A8	-0.317119230769233	0.24735190494138	-1.05255517241379	7.58244660828276e-52	NS	DOWN	False	True	0.7354359416445571
SLC6A9	1.19537692307692	0.0210108156083283	-2.83438275862069	3.22201335004025e-82	NS	DOWN	False	True	4.02975968169761
SLC7A1	0.150915384615386	0.633877180319613	1.08373596059114	1.15005980601092e-44	NS	UP	False	True	-0.9328205759757541
SLC7A10	1.52846538461539	0.160605755148613	-2.51923399014778	4.0703415777368996e-19	NS	DOWN	False	True	4.0476993747631695
SLC7A11	0.776438461538461	0.338728013925807	4.30541773399015	4.13963475195268e-120	NS	UP	False	True	-3.528979272451689
SLC7A13	3.5527136788005e-15	1.0	-2.2729802955665	8.42641227565561e-23	NS	DOWN	False	True	2.2729802955665037
SLC7A14	0.280730769230772	0.674625482917069	4.72426206896551	1.03491099269859e-87	NS	UP	False	True	-4.4435312997347385
SLC7A3	1.72489615384616	0.034892386868425	-1.91556502463053	2.38490393369522e-13	NS	DOWN	False	True	3.64046117847669
SLC7A6	0.395042307692309	0.214628207945697	1.04429310344827	5.44812202193893e-50	NS	UP	False	True	-0.649250795755961
SLC7A8	-0.786015384615383	0.0484684934814049	-1.62205024630542	1.74075522450651e-60	NS	DOWN	False	True	0.836034861690037
SLC7A9	1.95222692307692	0.025063617607036	-2.94681576354679	2.56539677219732e-38	NS	DOWN	False	True	4.8990426866237105
SLC8A2	-0.235361538461538	0.785021863709751	-1.7132724137931	6.22975536862127e-28	NS	DOWN	False	True	1.477910875331562
SLC8A3	1.13385384615385	0.129281798168836	-3.77368472906403	4.46778771207042e-70	NS	DOWN	False	True	4.90753857521788
SLC9A2	1.4797576923077	0.0606610488668906	-6.19998620689655	4.74023174485155e-124	NS	DOWN	False	True	7.67974389920425
SLC9A3	1.80063461538461	0.0735903505176106	-2.95959458128079	1.29811535496064e-68	NS	DOWN	False	True	4.760229196665399
SLC9A4	-0.751003846153848	0.495676907448292	-4.02696256157635	3.2015774239817797e-49	NS	DOWN	False	True	3.275958715422502
SLC9A5	0.818	0.0918221610508188	2.3487724137931	7.48506253333403e-143	NS	UP	False	True	-1.5307724137931
SLC9B2	0.994196153846154	0.118560043167148	2.54011871921182	7.01262663715601e-183	NS	UP	False	True	-1.5459225653656659
SLC9C1	1.05326153846154	0.195340211813599	-3.53425862068965	2.07479839781153e-47	NS	DOWN	False	True	4.58752015915119
SLCO1A2	2.26628076923077	0.0467377634550096	-1.92514433497537	3.1284667136645803e-15	NS	DOWN	False	True	4.1914251042061395
SLCO1B3	0.458380769230772	0.519209277411377	-1.27093103448276	1.1256670914718e-09	NS	DOWN	False	True	1.729311803713532
SLCO2A1	0.4518	0.332535759823393	-6.1089078817734	9.041360395725951e-181	NS	DOWN	False	True	6.5607078817734
SLCO3A1	1.22193461538462	0.0041470792496403	-1.91092216748768	1.13083286994546e-131	NS	DOWN	False	True	3.1328567828722997
SLCO4A1	-1.50873461538462	0.0024681712070948	-6.7878684729064	1.10013800681559e-199	NS	DOWN	False	True	5.27913385752178
SLCO4C1	0.328542307692308	0.729710424568291	-2.25011871921182	3.64565345794726e-17	NS	DOWN	False	True	2.578661026904128
SLFN5	0.847715384615385	0.018609900172518	3.54210049261084	6.82651650359587e-175	NS	UP	False	True	-2.6943851079954553
SLIT1	0.396576923076922	0.535189610849367	-1.30313694581281	8.64557659564045e-16	NS	DOWN	False	True	1.699713868889732
SLIT3	1.32441153846154	0.0054661985633594	1.99481280788177	1.2905203139522e-54	NS	UP	False	True	-0.6704012694202299
SLITRK1	1.57597307692308	0.0192252940577376	4.69403645320197	2.91038130564914e-58	NS	UP	False	True	-3.11806337627889
SLITRK2	2.11512692307692	0.0036823651197251	-2.02533399014778	4.368478987581019e-34	NS	DOWN	False	True	4.1404609132247
SLITRK3	1.45245384615385	0.0284806418171147	-2.08348522167488	3.1915084658821104e-17	NS	DOWN	False	True	3.53593906782873
SLN	1.63680384615385	0.153747155143736	-3.96261625615763	8.90716565230557e-44	NS	DOWN	False	True	5.5994201023114805
SLPI	1.37179230769231	0.397886279457626	-6.93934187192119	3.62852066661064e-225	NS	DOWN	False	True	8.3111341796135
SLURP1	-0.98996923076923	0.651136039961751	-13.4201216748768	2.10882902938224e-178	NS	DOWN	False	True	12.43015244410757
SLX1B	0.261123076923076	0.597612185062172	-1.13706059113301	6.58247815781255e-16	NS	DOWN	False	True	1.398183668056086
SMAD3	0.673530769230769	0.0335347485141824	1.38828472906404	1.89450793450563e-94	NS	UP	False	True	-0.7147539598332711
SMAD6	0.206303846153846	0.593217589036961	1.0685157635468	2.40772526315388e-26	NS	UP	False	True	-0.8622119173929539
SMAP2	0.613623076923079	0.0056131567420037	-1.01820985221675	2.83140855766649e-95	NS	DOWN	False	True	1.631832929139829
SMC1B	0.69564230769231	0.474387619524413	1.20231625615764	6.21316714813803e-10	NS	UP	False	True	-0.50667394846533
SMC2	1.58035769230769	0.0010538833234041	1.77271822660098	1.41469311721002e-100	NS	UP	False	True	-0.19236053429328992
SMCO2	3.10804230769231	0.0019557289987494	-3.00764532019704	1.82963875436592e-32	NS	DOWN	False	True	6.115687627889351
SMCO3	-0.0188538461538466	0.98360363912778	3.87540640394088	3.32079507902226e-73	NS	UP	False	True	-3.8942602500947268
SMDT1	0.076992307692306	0.687452709593572	-1.25911625615764	4.28657115301641e-136	NS	DOWN	False	True	1.336108563849946
SMG8	0.786038461538463	0.0221083907721932	1.47606896551724	5.22764648762526e-93	NS	UP	False	True	-0.6900305039787771
SMIM1	-0.765830769230768	0.118951593114024	-1.50987438423645	9.556229611328501e-11	NS	DOWN	False	True	0.744043615005682
SMIM10	1.07247692307692	0.0893168661270357	2.88985960591133	1.94616971980179e-174	NS	UP	False	True	-1.81738268283441
SMIM10L1	0.713903846153847	0.003995269810282	2.01120492610837	9.438226433676279e-179	NS	UP	False	True	-1.297301079954523
SMIM10L2B	0.342034615384616	0.491866376694463	-1.1662275862069	4.96823944475964e-27	NS	DOWN	False	True	1.5082622015915161
SMIM11	2.05620384615385	0.0103889997443424	1.84861428571428	1.1360804544107501e-35	NS	UP	False	True	0.2075895604395701
SMIM17	2.43523461538462	0.015069194912012	2.15053546798029	1.69738112687446e-20	NS	UP	False	True	0.2846991474043299
SMIM18	1.03902307692308	0.046357322660631	-1.63713004926108	1.98388528446992e-08	NS	DOWN	False	True	2.6761531261841602
SMIM21	0.111442307692311	0.811615595766711	2.27080837438423	3.3866566242239397e-26	NS	UP	False	True	-2.159366066691919
SMIM22	-0.163430769230769	0.909520886774571	-9.4224369458128	4.23852056774192e-115	NS	DOWN	False	True	9.25900617658203
SMIM24	1.5183	0.0863989791451289	-5.950960591133	2.32045963983295e-69	NS	DOWN	False	True	7.469260591133
SMIM3	0.951438461538462	0.08797035575217	2.5595487684729	3.9289751753056103e-132	NS	UP	False	True	-1.6081103069344378
SMIM30	0.447857692307693	0.0905149376806824	2.42819064039409	1.41566696331928e-174	NS	UP	False	True	-1.9803329480863971
SMIM34	1.54200384615385	0.0744192731092126	-3.61392758620689	1.09034777895855e-39	NS	DOWN	False	True	5.15593143236074
SMIM43	2.86703461538462	0.002725772328546	9.75431822660097	5.86576801958059e-158	NS	UP	False	True	-6.8872836112163505
SMIM5	1.93526923076923	0.0073416119172909	-6.68694285714286	1.14300919452315e-224	NS	DOWN	False	True	8.62221208791209
SMIM6	2.03348461538462	0.0394895883514586	-2.61670886699507	1.45186259018819e-16	NS	DOWN	False	True	4.65019348237969
SMLR1	0.459819230769234	0.477075922707582	1.32413645320197	9.59807874384134e-10	NS	UP	False	True	-0.864317222432736
SMN2	1.20618846153846	0.102252156426027	1.0834763546798	4.1243018636131004e-16	NS	UP	False	True	0.12271210685865985
SMNDC1	0.859488461538461	0.0115864017405288	1.00679310344828	1.27790062750144e-81	NS	UP	False	True	-0.14730464190981896
SMO	0.796615384615384	0.0988266605981791	-1.4569275862069	1.31960302201843e-43	NS	DOWN	False	True	2.253542970822284
SMOC2	0.908057692307692	0.0210750291260912	-4.16009014778326	6.60643171911774e-65	NS	DOWN	False	True	5.068147840090951
SMPD2	-0.835392307692309	0.0167551809001918	-1.33648374384237	7.63993682363023e-100	NS	DOWN	False	True	0.501091436150061
SMPD3	0.741823076923077	0.22616634972522	-4.88401330049261	1.01755600329556e-179	NS	DOWN	False	True	5.625836377415687
SMPDL3A	0.855688461538461	0.0429697033385372	-1.04914137931034	3.0201642868919497e-28	NS	DOWN	False	True	1.904829840848801
SMPDL3B	1.57704615384615	0.0224636721688577	-6.02502660098521	1.27153631863448e-94	NS	DOWN	False	True	7.60207275483136
SMPX	1.57934615384616	0.166079209081718	-2.11358620689655	3.65933011449717e-10	NS	DOWN	False	True	3.69293236074271
SMS	0.423807692307689	0.170013542757352	1.79427586206896	7.00567267664173e-98	NS	UP	False	True	-1.370468169761271
SMTNL1	2.75131538461539	0.005262495710388	-1.03181477832512	2.35719745724902e-07	NS	DOWN	False	True	3.78313016294051
SMTNL2	1.33031538461538	0.0491279972545578	-4.72325615763546	5.9048245535595407e-67	NS	DOWN	False	True	6.0535715422508405
SMYD1	1.32039615384616	0.0819194233233649	-1.43949852216748	1.1716282686600102e-09	NS	DOWN	False	True	2.75989467601364
SMYD2	0.740484615384615	0.0120131971211942	1.15471921182266	4.31554997997788e-90	NS	UP	False	True	-0.41423459643804494
SMYD3	0.432249999999999	0.106406518442604	1.80747733990148	1.22579586882547e-108	NS	UP	False	True	-1.375227339901481
SNAI1	0.938119230769231	0.0384284869037551	1.35777931034483	3.40598530646108e-42	NS	UP	False	True	-0.4196600795755989
SNAI2	0.194573076923075	0.66721644475616	2.2455527093596	1.9402180185499398e-107	NS	UP	False	True	-2.050979632436525
SNAP23	1.14868076923077	0.0023048031534339	1.16319556650247	3.35752817923852e-127	NS	UP	False	True	-0.01451479727170013
SNAP91	1.03144615384616	0.209552121534357	-1.34451083743842	3.19255527508369e-07	NS	DOWN	False	True	2.37595699128458
SNCA	-0.579757692307692	0.260710911855319	-5.06359901477833	7.02744754270529e-107	NS	DOWN	False	True	4.483841322470638
SNCAIP	1.21863846153846	0.066852169216239	-1.86768275862069	2.14383706871501e-52	NS	DOWN	False	True	3.0863212201591503
SNCB	-1.18596153846154	0.267034046093101	-2.02481527093596	1.4069342309473799e-12	NS	DOWN	False	True	0.8388537324744201
SNCG	0.461865384615384	0.421389823791508	-2.04227684729064	6.875933990388021e-68	NS	DOWN	False	True	2.504142231906024
SND1	-0.244630769230767	0.199136451053165	1.27804532019704	2.18691729169596e-124	NS	UP	False	True	-1.522676089427807
SNHG32	0.074219230769228	0.801347191581497	1.5107	6.96526938089698e-134	NS	UP	False	True	-1.436480769230772
SNN	0.394800000000001	0.158093739824983	-1.13519950738916	2.94512991757517e-72	NS	DOWN	False	True	1.529999507389161
SNPH	0.00965	0.990329137038778	2.05540197044335	1.8265677083536403e-111	NS	UP	False	True	-2.0457519704433498
SNRK	1.00169615384615	0.0026621549802971	-1.71086059113301	3.3349016715073695e-92	NS	DOWN	False	True	2.71255674497916
SNRNP25	-0.171638461538462	0.436971069369832	1.12596059113301	4.1648159948379797e-82	NS	UP	False	True	-1.297599052671472
SNRPB2	0.934515384615384	0.0006364899226371	1.77652463054187	6.70567336446072e-198	NS	UP	False	True	-0.8420092459264861
SNRPD1	0.462576923076923	0.0229110634539744	1.25053891625616	6.2636764758964e-82	NS	UP	False	True	-0.787961993179237
SNRPE	0.406861538461534	0.0662202045254799	1.35069113300492	1.98380323351724e-125	NS	UP	False	True	-0.9438295945433861
SNRPG	0.616284615384617	0.0007614965648742	1.65206699507389	7.07525054500435e-114	NS	UP	False	True	-1.0357823796892731
SNTG1	2.74567307692308	0.0182630698880913	-2.53324137931034	2.1585291942029902e-19	NS	DOWN	False	True	5.278914456233419
SNTG2	0.0980500000000006	0.937334670275926	-6.40929753694581	2.32283357099714e-88	NS	DOWN	False	True	6.507347536945811
SNURF	2.53221538461539	0.0021504429869108	2.56885763546798	1.6154574709873798e-42	NS	UP	False	True	-0.036642250852589875
SNX20	1.10059615384615	0.034772106826943	-6.66946551724137	1.1000554519902e-128	NS	DOWN	False	True	7.77006167108752
SNX21	0.317873076923077	0.157613636201945	-1.11216995073891	3.28227615998503e-76	NS	DOWN	False	True	1.4300430276619869
SNX31	1.89398461538462	0.0422241311486533	-5.24222709359605	5.30072476731564e-61	NS	DOWN	False	True	7.13621170898067
SNX32	0.684961538461538	0.135172105159432	1.32296157635468	3.40611599118189e-47	NS	UP	False	True	-0.6380000378931421
SNX7	1.78	0.0011599946537855	2.21032561576355	1.3595770931826198e-187	NS	UP	False	True	-0.43032561576355
SOAT1	0.0251807692307686	0.964749872095423	3.70079704433498	8.558337774801741e-165	NS	UP	False	True	-3.675616275104211
SOAT2	1.32928076923077	0.195992772904072	-3.28777536945812	1.5451923821102e-38	NS	DOWN	False	True	4.6170561386888895
SOBP	-0.110584615384615	0.861735860538834	1.15410738916256	1.1022177041259498e-30	NS	UP	False	True	-1.264692004547175
SOCS1	0.351196153846154	0.387558474402211	-1.38626945812808	2.2738240451567303e-31	NS	DOWN	False	True	1.7374656119742338
SOCS3	0.558130769230771	0.203960500682899	1.40923349753695	7.65676785272085e-24	NS	UP	False	True	-0.8511027283061791
SOCS6	0.687153846153846	0.0717812232882077	1.70808522167488	9.39148813958538e-150	NS	UP	False	True	-1.020931375521034
SOGA3	1.56656538461539	0.0575981358057642	4.14066551724137	5.256167033782899e-78	NS	UP	False	True	-2.57410013262598
SOHLH1	1.17891538461539	0.240394051198795	-5.99684827586206	5.75609618395856e-91	NS	DOWN	False	True	7.17576366047745
SOHLH2	0.235988461538462	0.81928466269809	5.23986502463053	1.49234181909856e-63	NS	UP	False	True	-5.003876563092067
SORBS1	1.04482307692308	0.0097706307309188	-3.20532315270936	1.16550998923638e-89	NS	DOWN	False	True	4.25014622963244
SORCS1	2.035	0.0169411148232701	-6.52726600985221	8.25811641125431e-128	NS	DOWN	False	True	8.562266009852209
SORCS3	0.343965384615387	0.73535200182026	-4.02943349753695	1.01228767520894e-68	NS	DOWN	False	True	4.373398882152338
SOSTDC1	3.37034615384616	0.0077232036914503	-9.0655369458128	1.14535223198518e-149	NS	DOWN	False	True	12.43588309965896
SOWAHB	0.447080769230773	0.709344441930194	-5.56645073891625	3.74807867869994e-122	NS	DOWN	False	True	6.013531508147023
SOWAHC	1.14547307692308	0.0037562401831332	-1.22753694581281	5.4927768808373396e-70	NS	DOWN	False	True	2.3730100227358903
SOX1	-1.2845	0.444854543644716	-5.05344926108374	4.91951879990977e-106	NS	DOWN	False	True	3.76894926108374
SOX10	0.02530769230769	0.939953104144033	-12.2151073891625	1.12982775705864e-222	NS	DOWN	False	True	12.24041508147019
SOX11	2.17001153846154	0.0015011285842225	4.11976206896551	2.67316500284992e-56	NS	UP	False	True	-1.9497505305039704
SOX12	0.0711423076923072	0.818636810723327	1.2227197044335	2.9486899013061996e-84	NS	UP	False	True	-1.1515773967411929
SOX15	1.15194230769231	0.119761528686821	-5.6141842364532	2.7250986651821297e-246	NS	DOWN	False	True	6.76612654414551
SOX17	0.315430769230769	0.406500521440521	-7.44760689655172	3.24386286749189e-140	NS	DOWN	False	True	7.763037665782489
SOX18	-0.426234615384615	0.205435419155084	-6.20525862068966	1.02238404643093e-159	NS	DOWN	False	True	5.779024005305045
SOX2	2.96445	0.0125930512330095	-3.91685073891625	7.35683760594031e-55	NS	DOWN	False	True	6.88130073891625
SOX21	1.27516153846154	0.315594127507442	-12.1133137931034	1.5962128873841402e-223	NS	DOWN	False	True	13.38847533156494
SOX30	1.55462692307693	0.0232296837479265	2.16194679802955	8.95546085200761e-22	NS	UP	False	True	-0.6073198749526199
SOX5	1.68191923076923	0.0010001656215276	-3.53319014778325	8.50481680859388e-106	NS	DOWN	False	True	5.21510937855248
SOX6	0.689334615384615	0.344338296861729	-5.28710443349754	1.49418098448218e-103	NS	DOWN	False	True	5.976439048882155
SOX7	0.705880769230769	0.156523137193398	-6.27486206896551	9.13155426109042e-225	NS	DOWN	False	True	6.98074283819628
SOX8	1.29080769230769	0.113298178319772	-4.61727290640394	1.62375111081512e-104	NS	DOWN	False	True	5.9080805987116305
SOX9	0.855496153846153	0.318680105519254	-5.00320591133005	3.32327388383676e-144	NS	DOWN	False	True	5.858702065176203
SP140L	1.75134615384615	0.0011244962367346	2.26505960591133	1.7491481553862399e-124	NS	UP	False	True	-0.5137134520651798
SP5	-0.0048153846153837	0.997280488274858	-6.9693660098522	2.18262993499543e-91	NS	DOWN	False	True	6.964550625236816
SP6	0.988780769230769	0.162501517328663	-6.00573990147783	2.28921386520097e-232	NS	DOWN	False	True	6.994520670708599
SP8	0.161200000000003	0.902367577270676	-7.8928463054187	5.0459099920058996e-135	NS	DOWN	False	True	8.054046305418703
SP9	2.29893076923077	0.0065550916138255	-3.92747290640394	1.57173163368923e-37	NS	DOWN	False	True	6.22640367563471
SPA17	0.680565384615385	0.0158981408068488	2.15196551724138	2.98173497753776e-107	NS	UP	False	True	-1.4714001326259951
SPAAR	1.53463461538461	0.0053367566394041	1.61712167487685	1.6791715697342101e-31	NS	UP	False	True	-0.08248705949224
SPACA4	1.08588846153847	0.267425590655028	-7.95818916256157	2.50981244067687e-142	NS	DOWN	False	True	9.04407762410004
SPACA9	-0.0047076923076927	0.989467490194612	-1.05054729064039	1.37768861647994e-48	NS	DOWN	False	True	1.0458395983326974
SPAG1	1.08636538461538	0.005381871155137	-2.11758866995074	3.0998481412252e-97	NS	DOWN	False	True	3.20395405456612
SPAG17	2.17742307692308	0.0395093454321513	-2.13622315270936	2.25053985552526e-27	NS	DOWN	False	True	4.31364622963244
SPAG4	0.923296153846154	0.0875569470229134	2.99369261083744	4.8189111439775096e-71	NS	UP	False	True	-2.070396456991286
SPAG6	1.46288846153846	0.178260520182601	-3.47179901477832	1.53710099926491e-32	NS	DOWN	False	True	4.93468747631678
SPANXA1	-0.0593192307692316	0.920411677578947	1.39020443349754	3.1040221319704e-07	NS	UP	False	True	-1.4495236642667717
SPART	1.23536153846154	0.0023424400234808	1.95575862068965	1.27449715250524e-178	NS	UP	False	True	-0.72039708222811
SPATA12	0.274403846153847	0.714773156229359	-3.30472413793103	2.3198050427697e-40	NS	DOWN	False	True	3.579127984084877
SPATA17	1.44364230769231	0.00685474683685	1.42676305418719	3.97254833536182e-26	NS	UP	False	True	0.016879253505119873
SPATA18	1.77912692307692	0.0171173383753344	1.03157733990148	7.37478570314646e-39	NS	UP	False	True	0.74754958317544
SPATA19	0.815146153846159	0.254682975187633	-2.58707142857142	7.40054382638224e-18	NS	DOWN	False	True	3.402217582417579
SPATA20	-0.0512500000000005	0.884090053650964	1.66785960591134	1.72454155601585e-113	NS	UP	False	True	-1.7191096059113404
SPATA21	0.710196153846159	0.371220381266252	-2.02413793103448	8.15943200679865e-13	NS	DOWN	False	True	2.734334084880639
SPATA22	1.17743846153846	0.329728307256465	1.34114926108374	4.34049838345868e-05	NS	UP	False	True	-0.16371079954528
SPATA31E1	0.133053846153848	0.78941991411672	1.57788719211823	4.33061790902466e-16	NS	UP	False	True	-1.444833345964382
SPATA31F1	1.61358461538462	0.0086873065491935	1.63065320197044	2.80034418761508e-16	NS	UP	False	True	-0.01706858658582
SPATA4	1.67531923076923	0.10338183281462	4.36620049261083	9.589552422576771e-52	NS	UP	False	True	-2.6908812618416005
SPATA45	-0.359480769230766	0.784064980264051	2.18543349753694	5.04689594248902e-10	NS	UP	False	True	-2.544914266767706
SPATA46	-0.1493	0.869219343898233	-5.00774827586206	3.4185864852024404e-60	NS	DOWN	False	True	4.8584482758620595
SPATA6L	1.30643076923077	0.0233336833657574	-1.79516403940887	3.2600464851262e-83	NS	DOWN	False	True	3.10159480863964
SPATA9	2.57141923076923	0.0051731292266	2.22541231527094	6.20720438227028e-59	NS	UP	False	True	0.3460069154982901
SPATC1	1.13696538461538	0.151424252197161	-1.84487832512315	4.2776582859484895e-11	NS	DOWN	False	True	2.9818437097385297
SPATS2L	0.869203846153848	0.0025917037839625	1.21049162561577	1.8713917113530902e-121	NS	UP	False	True	-0.341287779461922
SPC24	-0.724107692307692	0.004155438569975	1.47903842364532	2.20091911172547e-20	NS	UP	False	True	-2.203146115953012
SPDEF	0.194900000000001	0.791819348074071	-6.80879064039408	2.00657388703553e-96	NS	DOWN	False	True	7.0036906403940815
SPDYE4	0.122503846153847	0.79344174583208	-1.17792561576355	3.14455333546627e-09	NS	DOWN	False	True	1.300429461917397
SPDYE6	0.594365384615385	0.170258936038006	-1.11855763546798	9.82699477549973e-09	NS	DOWN	False	True	1.7129230200833652
SPDYE8	0.99204230769231	0.219726507420357	-1.34317931034482	7.1268556374701e-18	NS	DOWN	False	True	2.33522161803713
SPECC1L	0.938084615384617	0.0007795507423771	1.34964236453202	9.25749087303054e-117	NS	UP	False	True	-0.41155774914740295
SPECC1L-ADORA2A	1.82920384615385	0.0115169193116398	1.44094187192118	2.06086566433746e-06	NS	UP	False	True	0.38826197423267006
SPESP1	0.742688461538462	0.569062258461785	2.44429901477833	7.52405428719375e-54	NS	UP	False	True	-1.7016105532398682
SPHK1	-0.151926923076922	0.744815434079386	1.31357536945813	8.68075776199456e-54	NS	UP	False	True	-1.465502292535052
SPHK2	0.283219230769229	0.263392238469013	1.36016403940887	1.3449074909786398e-94	NS	UP	False	True	-1.0769448086396411
SPHKAP	0.786265384615389	0.107374611491317	-2.40301674876847	2.67265656355159e-27	NS	DOWN	False	True	3.189282133383859
SPI1	0.338803846153846	0.424315563438946	-5.8714039408867	3.26979115343055e-143	NS	DOWN	False	True	6.210207787040546
SPIB	0.445953846153846	0.552812056698998	-2.79676650246305	1.8220211422175302e-20	NS	DOWN	False	True	3.242720348616896
SPINDOC	0.112661538461539	0.610980652553417	1.48561330049261	1.08501257618234e-120	NS	UP	False	True	-1.372951762031071
SPINK1	-0.393438461538462	0.793688365013075	-3.50315763546798	4.923090028115281e-25	NS	DOWN	False	True	3.109719173929518
SPINK2	1.85859615384616	0.149731897729674	-5.10763448275861	1.72800127412765e-44	NS	DOWN	False	True	6.96623063660477
SPINK5	0.199511538461539	0.904463744087423	-10.0320246305419	3.90022202378279e-254	NS	DOWN	False	True	10.231536169003439
SPINK6	0.990523076923079	0.594157421148814	-2.12338620689655	2.53262676623158e-07	NS	DOWN	False	True	3.113909283819629
SPINK7	0.0895769230769279	0.967498705423809	-6.06356354679802	1.0655404590541999e-51	NS	DOWN	False	True	6.1531404698749474
SPINK9	0.245426923076925	0.829550056305898	-1.05119408866994	0.0002864489187876	NS	DOWN	False	True	1.296621011746865
SPINT1	0.584846153846154	0.378785785692335	-8.53252413793104	1.96196318413896e-266	NS	DOWN	False	True	9.117370291777194
SPINT2	0.999376923076924	0.142656175598403	-7.59588522167488	9.75652912473304e-261	NS	DOWN	False	True	8.595262144751803
SPINT3			-8.18509507389161	1.17955677399753e-113	NS	DOWN	False	True	
SPMAP2	0.711288461538463	0.520748728401358	-7.78518620689654	6.24065067635408e-151	NS	DOWN	False	True	8.496474668435003
SPMAP2L	-0.0997346153846155	0.923224432103374	-1.69307142857142	2.71678610322398e-10	NS	DOWN	False	True	1.5933368131868044
SPMIP1	0.0450961538461541	0.921370465555662	-1.0308118226601	1.14281895882426e-25	NS	DOWN	False	True	1.075907976506254
SPMIP10	0.891184615384619	0.20009739411734	1.16494630541871	2.40935999397683e-06	NS	UP	False	True	-0.2737616900340909
SPMIP2	0.0200769230769211	0.983920584520577	-1.63649655172414	4.55127087623306e-08	NS	DOWN	False	True	1.6565734748010612
SPMIP5	3.08497692307693	0.0014991266928951	-5.48249211822659	1.62244313825453e-80	NS	DOWN	False	True	8.56746904130352
SPMIP6	-0.0775884615384612	0.956831891584851	-1.34143694581281	2.56964391960695e-08	NS	DOWN	False	True	1.2638484842743487
SPMIP8	0.965703846153849	0.387377516038439	-3.93539211822659	5.57109256408226e-51	NS	DOWN	False	True	4.901095964380439
SPN	0.637380769230769	0.226630303628388	-6.71637487684728	2.26595377395735e-123	NS	DOWN	False	True	7.353755646078049
SPNS2	0.4263	0.287842022816298	-5.62183743842365	1.8677865380364497e-176	NS	DOWN	False	True	6.04813743842365
SPNS3	-0.0828807692307696	0.885423710540794	-6.5729305418719	1.00576696356132e-109	NS	DOWN	False	True	6.49004977264113
SPOCD1	1.05827307692308	0.0752892774448748	7.31668374384236	2.1056543175882602e-188	NS	UP	False	True	-6.25841066691928
SPOCK1	1.14835769230769	0.197132079039401	4.96072610837438	4.9877345990755806e-161	NS	UP	False	True	-3.8123684160666897
SPOCK2	0.692392307692307	0.106929044704963	-1.7909	1.8225385498629802e-47	NS	DOWN	False	True	2.483292307692307
SPOCK3	2.4626576923077	0.0124088434743837	-1.13718374384236	0.0001402629614574	NS	DOWN	False	True	3.59984143615006
SPON2	0.790673076923077	0.214059262481789	2.30421921182265	4.69625950110092e-75	NS	UP	False	True	-1.513546134899573
SPPL2A	1.13426538461538	0.0021860087307953	1.11028768472907	4.42763270673767e-109	NS	UP	False	True	0.023977699886310155
SPPL3	0.783942307692308	0.0018861375703157	-1.210478817734	6.586188428588731e-112	NS	DOWN	False	True	1.994421125426308
SPR	-0.164923076923076	0.535742632842496	1.41866650246305	1.44490701163296e-109	NS	UP	False	True	-1.583589579386126
SPRED2	0.931057692307691	0.0003120247629822	1.49049901477833	2.76185754878723e-102	NS	UP	False	True	-0.5594413224706389
SPRR1A	0.787403846153846	0.781784966944832	-9.11737044334975	5.21084799016109e-95	NS	DOWN	False	True	9.904774289503596
SPRR1B	0.427284615384615	0.88559615153105	-8.73699655172414	2.87294793883893e-152	NS	DOWN	False	True	9.164281167108754
SPRR2A	0.0997769230769234	0.971817053162996	-3.00839802955665	1.95953264150669e-20	NS	DOWN	False	True	3.1081749526335734
SPRR2B	0.2961	0.902589801027194	-10.8876206896552	8.4398165598248e-131	NS	DOWN	False	True	11.1837206896552
SPRR2D	-0.226365384615385	0.919378727485004	-8.67864039408867	3.61979780351785e-127	NS	DOWN	False	True	8.452275009473286
SPRR2E	-0.11893076923077	0.968462801378066	-11.2414192118227	1.46332463280997e-172	NS	DOWN	False	True	11.12248844259193
SPRR2F	0.858476923076924	0.647308715080038	-4.52693940886699	2.08417249994047e-30	NS	DOWN	False	True	5.3854163319439134
SPRR2G	-0.794276923076923	0.752844663511111	-13.782854679803	4.8874516742681005e-150	NS	DOWN	False	True	12.988577756726077
SPRR3	0.798026923076924	0.688324536901549	1.31180098522168	2.5298780158703e-05	NS	UP	False	True	-0.5137740621447561
SPRR4	-0.560903846153845	0.773420002297521	-11.6855522167488	9.74056488014756e-135	NS	DOWN	False	True	11.124648370594954
SPRY1	1.83491153846154	0.0010764975580314	-2.30280049261084	2.1719453782572e-83	NS	DOWN	False	True	4.13771203107238
SPSB3	0.197007692307693	0.323012152336069	-1.94671231527094	8.717907682400329e-164	NS	DOWN	False	True	2.143720007578633
SPSB4	1.83788461538462	0.0485960367693394	-4.1981369458128	9.11554369522402e-47	NS	DOWN	False	True	6.036021561197421
SPTA1	1.59811153846154	0.202939592003747	-1.46078275862069	2.95265398311941e-06	NS	DOWN	False	True	3.0588942970822304
SPTAN1	-0.252388461538458	0.19665685120115	-1.15627142857143	1.91059576919386e-138	NS	DOWN	False	True	0.903882967032972
SPTB	-0.016257692307692	0.977851581052829	-3.0826684729064	1.87974241321884e-80	NS	DOWN	False	True	3.0664107805987078
SPTBN2	-0.271292307692308	0.672142404984108	-8.18606502463054	5.41568813718759e-269	NS	DOWN	False	True	7.9147727169382325
SPTLC3	1.39765384615385	0.0878777773256862	-2.38981921182266	8.947172447743581e-113	NS	DOWN	False	True	3.78747305797651
SPTSSB	1.41664230769231	0.26024619614153	-12.4135832512315	4.41182316671211e-192	NS	DOWN	False	True	13.83022555892381
SPX	2.49785769230769	0.0045685271319954	5.25656995073891	8.8397751429023e-77	NS	UP	False	True	-2.7587122584312196
SQSTM1	-0.184776923076921	0.547707979279649	1.37203300492611	3.07458413168062e-87	NS	UP	False	True	-1.556809928003031
SRA1	0.0978692307692333	0.638189392432309	1.13912512315271	2.0611831228943502e-112	NS	UP	False	True	-1.0412558923834767
SRARP	0.0959269230769237	0.855635719527623	-2.40602709359605	6.18164543474048e-30	NS	DOWN	False	True	2.5019540166729737
SRCIN1	0.300011538461538	0.569289787846203	-6.10476502463054	2.2978852920333e-168	NS	DOWN	False	True	6.404776563092078
SRD5A1	0.100334615384616	0.732649528145197	-1.49572019704434	1.24492893179893e-75	NS	DOWN	False	True	1.596054812428956
SRD5A2	1.11393076923077	0.271079425281267	-2.38050788177339	9.9567202039487e-30	NS	DOWN	False	True	3.49443865100416
SRGAP1	0.753761538461538	0.0280512768205034	3.64203399014778	1.61775088801182e-202	NS	UP	False	True	-2.888272451686242
SRGAP2	0.400419230769231	0.19107893396794	-1.02221674876847	3.24178394468351e-65	NS	DOWN	False	True	1.4226359795377008
SRGAP3	1.40572692307692	0.0013839760202506	-1.86569507389163	3.16891041225731e-86	NS	DOWN	False	True	3.27142199696855
SRI	0.579553846153848	0.0328459641670759	1.75145024630542	1.26884245004042e-187	NS	UP	False	True	-1.1718964001515721
SRL	0.802357692307693	0.135774378445262	-2.94375862068965	1.7236098992015401e-65	NS	DOWN	False	True	3.7461163129973434
SRM	-0.521046153846153	0.0051048433604124	1.36645073891626	2.29291549096563e-104	NS	UP	False	True	-1.887496892762413
SRMS	1.40557692307693	0.117586159699068	-5.92584581280787	9.99670336745788e-110	NS	DOWN	False	True	7.3314227358848
SRP19	0.932580769230767	0.0003493458445476	1.22736157635468	3.7175967750719e-97	NS	UP	False	True	-0.29478080712391286
SRPRB	0.806276923076925	0.0017622855808253	1.63841871921183	1.8878520354579402e-149	NS	UP	False	True	-0.832141796134905
SRPX	0.665342307692307	0.0990503125711896	3.70505566502463	4.8445453659044e-164	NS	UP	False	True	-3.0397133573323227
SRPX2	1.78598461538462	0.0028350488419245	4.00907487684729	1.67017962391566e-152	NS	UP	False	True	-2.22309026146267
SRR	0.645726923076923	0.0408912360780636	1.25797339901478	4.31929297286924e-86	NS	UP	False	True	-0.6122464759378569
SRXN1	0.49001923076923	0.150210207776486	1.9665197044335	1.46785657338441e-120	NS	UP	False	True	-1.4765004736642702
SSBP4	0.108942307692306	0.575637809279026	1.31220492610838	2.53621609615031e-107	NS	UP	False	True	-1.203262618416074
SSC5D	1.09034230769231	0.0199085651179202	2.75457586206896	2.50543771979769e-106	NS	UP	False	True	-1.6642335543766502
SSH1	0.388176923076923	0.267370312919395	2.37617142857143	4.18965363398877e-170	NS	UP	False	True	-1.9879945054945072
SSH3	0.149596153846155	0.520119512104511	-1.41554433497537	1.1298650434449e-128	NS	DOWN	False	True	1.565140488821525
SSMEM1	1.1601576923077	0.143125593492988	2.50799556650246	1.89022636562214e-16	NS	UP	False	True	-1.3478378741947599
SSPN	1.82421153846154	0.0145340869058101	1.10758522167488	4.12800281946647e-29	NS	UP	False	True	0.71662631678666
SSPOP	2.02154615384615	0.0095667400216719	-1.47990738916256	4.45544103530057e-18	NS	DOWN	False	True	3.5014535430087097
SSR1	1.00572692307692	0.0015760556330421	2.28638965517241	1.02846883508834e-205	NS	UP	False	True	-1.28066273209549
SSR2	0.47784615384615	0.0196865188651158	1.00532463054187	6.76164175103393e-173	NS	UP	False	True	-0.5274784766957199
SSR3	0.69130769230769	0.0061848248303566	2.96255566502464	5.61308369561935e-195	NS	UP	False	True	-2.27124797271695
SSTR1	0.494219230769234	0.493499802273194	4.28858571428572	4.33101062607221e-124	NS	UP	False	True	-3.7943664835164856
SSTR2	0.777403846153847	0.0796152479021703	-2.8053921182266	3.0592803754782097e-62	NS	DOWN	False	True	3.582795964380447
SSTR4	-0.705769230769229	0.520748728401358	-1.27796453201971	2.51966732470686e-11	NS	DOWN	False	True	0.5721953012504809
SSTR5	0.228107692307695	0.713934939308483	-3.59124581280788	7.364178071609639e-41	NS	DOWN	False	True	3.8193535051155747
SSUH2	1.36088076923077	0.0723658012057089	-3.16436650246304	7.779493179742799e-41	NS	DOWN	False	True	4.52524727169381
ST14	0.958230769230769	0.163962575380822	-8.66304187192119	1.47931004669386e-229	NS	DOWN	False	True	9.621272641151958
ST18	1.60201923076924	0.0756985958458543	3.13476600985221	1.3838022918441599e-34	NS	UP	False	True	-1.53274677908297
ST20	0.265253846153846	0.407020642072042	1.43965812807882	6.68159755874198e-96	NS	UP	False	True	-1.174404281924974
ST20-MTHFS	0.517238461538462	0.613010616733084	2.24251527093596	1.0506789439293401e-21	NS	UP	False	True	-1.725276809397498
ST3GAL1	1.18856923076923	0.0038238695740054	2.05289113300493	3.53796511636995e-94	NS	UP	False	True	-0.8643219022357
ST3GAL2	0.83116923076923	0.0088904985903512	1.99859556650246	1.0600840019846899e-156	NS	UP	False	True	-1.16742633573323
ST3GAL3	-0.255484615384615	0.311731327273837	1.20886502463054	2.94530522880395e-113	NS	UP	False	True	-1.464349640015155
ST3GAL6	1.04479230769231	0.0115518547143843	-3.66105517241379	4.23839079903714e-169	NS	DOWN	False	True	4.7058474801061
ST6GAL2	2.36198461538462	0.0051152665750796	-4.49979064039409	4.8088436336246196e-77	NS	DOWN	False	True	6.86177525577871
ST6GALNAC1	-1.43405	0.180717772579487	-5.24474334975369	4.2842559870945194e-70	NS	DOWN	False	True	3.8106933497536897
ST6GALNAC2	0.509457692307691	0.256354508015058	-6.45157093596059	2.3028865054782198e-256	NS	DOWN	False	True	6.961028628268281
ST6GALNAC3	0.442911538461539	0.585881566903639	-1.42016600985222	4.52779866568051e-13	NS	DOWN	False	True	1.863077548313759
ST6GALNAC4	0.734969230769231	0.0827445813045675	1.9162197044335	6.313144046653e-125	NS	UP	False	True	-1.181250473664269
ST8SIA1	0.711723076923077	0.185964920681741	-2.38515911330049	7.5414573734033e-70	NS	DOWN	False	True	3.096882190223567
ST8SIA2	1.91085769230769	0.0362768662023396	-1.26444729064039	3.46491109275074e-06	NS	DOWN	False	True	3.17530498294808
ST8SIA3	0.228107692307697	0.677462202564638	-1.25510295566503	1.35922329366274e-05	NS	DOWN	False	True	1.483210647972727
ST8SIA6	0.0574615384615385	0.948051456873071	-5.35249950738915	1.03583625868986e-84	NS	DOWN	False	True	5.409961045850689
STAB1	0.808515384615385	0.0147707484417207	-5.86734088669951	6.19737384850063e-202	NS	DOWN	False	True	6.675856271314895
STAC	0.312861538461539	0.626751890990706	2.52592610837439	2.09659751651298e-78	NS	UP	False	True	-2.213064569912851
STAC2	2.18671153846154	0.0483793211238489	-7.73776206896551	1.25906365128327e-129	NS	DOWN	False	True	9.92447360742705
STAM	0.554096153846157	0.140478873158703	1.12406108374384	4.87441247014789e-111	NS	UP	False	True	-0.5699649298976831
STAMBPL1	1.48318461538462	0.0011123640812747	1.98278078817734	1.5279786404003099e-102	NS	UP	False	True	-0.49959617279272006
STAP1	2.47089615384616	0.0016946012934918	-4.17223349753694	2.22672728063599e-49	NS	DOWN	False	True	6.6431296513831
STAP2	-0.281023076923076	0.667637172510701	-4.41506108374385	4.18035476073709e-246	NS	DOWN	False	True	4.134038006820774
STAR	0.684861538461539	0.393430203291869	-3.24849162561577	8.788913984354151e-88	NS	DOWN	False	True	3.933353164077309
STARD10	-0.314215384615383	0.30113149886629	-3.4806157635468	1.27695306927608e-249	NS	DOWN	False	True	3.166400378931417
STARD3NL	0.834026923076924	0.0161891822492652	2.8388354679803	8.40093044341793e-210	NS	UP	False	True	-2.004808544903376
STARD5	0.0844576923076918	0.864429952398852	-2.68268916256158	1.31977681044114e-162	NS	DOWN	False	True	2.7671468548692717
STARD6	1.73019230769231	0.0782785780273691	4.19298571428571	9.22711332663461e-39	NS	UP	False	True	-2.4627934065934
STARD8	0.822338461538461	0.0946185295349225	-1.1883078817734	1.11263909451442e-36	NS	DOWN	False	True	2.010646343311861
STAT1	1.36097692307693	0.0076796812858023	3.09690591133005	1.25401138042123e-218	NS	UP	False	True	-1.7359289882531201
STAT2	0.853219230769228	0.0056898515604356	1.36005665024631	1.07443250594155e-84	NS	UP	False	True	-0.506837419477082
STAT4	1.45928846153846	0.0015069366757092	2.39953300492611	5.8370452852783e-70	NS	UP	False	True	-0.9402445433876501
STBD1	1.40099230769231	0.115434040798657	2.61176551724138	5.8758576906457204e-136	NS	UP	False	True	-1.21077320954907
STC1	1.87418846153846	0.0045055909549565	3.80642906403941	2.33854708919721e-78	NS	UP	False	True	-1.9322406025009498
STC2	1.20083846153846	0.0096411574957577	5.826960591133	4.726540820949791e-152	NS	UP	False	True	-4.62612212959454
STEAP1	0.675957692307693	0.0751145873434535	5.84860591133005	1.59759990734488e-226	NS	UP	False	True	-5.172648219022356
STEAP1B	0.747673076923077	0.321604519598265	6.90564088669951	2.07549373551141e-163	NS	UP	False	True	-6.157967809776434
STEAP2	1.8773	0.0024946866026462	3.22943448275862	2.9682436370323704e-173	NS	UP	False	True	-1.3521344827586201
STEAP3	1.31316153846154	0.009490513924333	2.51407832512315	2.44891256634163e-146	NS	UP	False	True	-1.2009167866616102
STEAP4	1.30548076923077	0.0187425010605539	1.11196354679803	1.7101314843614102e-09	NS	UP	False	True	0.19351722243273994
STIL	0.788876923076923	0.0822031849378418	1.18040886699507	1.06321449030901e-41	NS	UP	False	True	-0.39153194391814705
STIMATE-MUSTN1	-0.384711538461539	0.345976766514723	-1.67880246305419	1.7574983985016e-60	NS	DOWN	False	True	1.294090924592651
STING1	0.436219230769232	0.166942006619894	1.69812019704433	3.8219131785920104e-113	NS	UP	False	True	-1.261900966275098
STK17A	1.21755769230769	0.0026123348194588	1.86771379310345	3.1736138658842e-128	NS	UP	False	True	-0.6501561007957599
STK24	0.804919230769233	0.0120812981141794	-1.23723103448276	3.89284094750686e-118	NS	DOWN	False	True	2.042150265251993
STK31	1.96456538461539	0.0482477355135734	-4.5294960591133	2.77243014910865e-70	NS	DOWN	False	True	6.49406144372869
STK32A	1.62178846153846	0.0018653754444039	-1.84216798029557	3.39254778429898e-36	NS	DOWN	False	True	3.46395644183403
STK32C	-0.521811538461538	0.0557162800097787	1.10100344827586	1.05327914302622e-102	NS	UP	False	True	-1.622814986737398
STK40	0.0638076923076918	0.836946339717426	-1.59788669950739	1.41886674551724e-123	NS	DOWN	False	True	1.6616943918150817
STMN1	0.438911538461539	0.191656317933737	1.24286945812808	1.38767400496743e-38	NS	UP	False	True	-0.803957919666541
STMN2	0.842711538461539	0.382980645819499	4.31596995073892	9.756820340001859e-64	NS	UP	False	True	-3.4732584122773815
STMN4	0.404553846153846	0.696159549840683	-4.25120443349753	2.96178931916736e-51	NS	DOWN	False	True	4.6557582796513755
STMND1	0.482542307692311	0.56378563010838	-2.54547733990147	1.98568323362388e-18	NS	DOWN	False	True	3.028019647593781
STOML3	-2.87264230769231	0.0032533475586499	-4.44042216748768	4.7326100697182294e-77	NS	DOWN	False	True	1.5677798597953694
STON1-GTF2A1L	2.49002692307693	0.041677639597789	1.8349645320197	2.7691339487468e-06	NS	UP	False	True	0.65506239105723
STON2	1.24080384615385	0.0480480469675948	-4.82843054187192	5.1035328679525804e-95	NS	DOWN	False	True	6.0692343880257695
STOX1	1.54798846153846	0.0351636882715731	-5.09236305418719	2.8545096940065904e-91	NS	DOWN	False	True	6.64035151572565
STOX2	2.01677692307692	0.0060993480846929	-5.81151921182265	2.27876603427369e-115	NS	DOWN	False	True	7.82829613489957
STPG3	0.82879230769231	0.422738778314692	-2.02171773399015	2.0732761003447597e-18	NS	DOWN	False	True	2.85051004168246
STPG4	1.79643461538462	0.0763579810531042	-2.09839852216749	7.43187201385895e-13	NS	DOWN	False	True	3.8948331375521104
STRA8	0.170680769230772	0.832365067185172	-5.01976650246304	4.85579725008023e-62	NS	DOWN	False	True	5.190447271693812
STRADB	0.204007692307692	0.525020254253471	2.83136650246305	1.2407795588164199e-204	NS	UP	False	True	-2.627358810155358
STRBP	0.980280769230769	0.0015357857228644	-1.48411280788177	7.47030810177436e-104	NS	DOWN	False	True	2.464393577112539
STRC	1.13213076923077	0.0534772760965869	-4.16648768472906	1.62977145452595e-89	NS	DOWN	False	True	5.29861845395983
STRIP2	0.570788461538462	0.294599416495438	2.80021822660099	4.8228260254353506e-105	NS	UP	False	True	-2.229429765062528
STS	0.903465384615384	0.018908549879654	2.82135862068965	2.09143549333859e-134	NS	UP	False	True	-1.917893236074266
STT3A	0.785034615384616	0.0042786984340408	2.23022068965517	2.41590000988919e-218	NS	UP	False	True	-1.4451860742705538
STT3B	0.948884615384616	0.0022064962823261	1.28396157635468	3.1870769761359e-124	NS	UP	False	True	-0.3350769609700639
STUM	0.732796153846154	0.31549070580733	-3.55952610837438	8.09592375243344e-60	NS	DOWN	False	True	4.292322262220534
STX11	-0.04945	0.937628896068376	-3.74086600985222	3.20321554427666e-147	NS	DOWN	False	True	3.6914160098522197
STX16-NPEPL1	2.29177307692308	0.0029036314285348	-3.8939763546798	2.20189773948756e-62	NS	DOWN	False	True	6.18574943160288
STX19	2.72233461538462	0.0053023032353952	-7.23943103448275	3.06529071582719e-108	NS	DOWN	False	True	9.96176564986737
STX1A	0.878996153846153	0.0027328245161792	2.12759310344827	3.6022332801871197e-116	NS	UP	False	True	-1.248596949602117
STX2	0.941800000000001	0.0030454643597082	3.33223743842365	5.7162758511837e-230	NS	UP	False	True	-2.390437438423649
STX7	0.5832	0.168409794684868	1.37431970443349	2.99413679162948e-101	NS	UP	False	True	-0.79111970443349
STXBP2	-0.0138461538461554	0.979868402995293	-3.62384384236453	8.40025556738742e-172	NS	DOWN	False	True	3.6099976885183747
STXBP5	1.23476153846154	0.0024565214231848	1.44647044334975	5.5710662063116904e-95	NS	UP	False	True	-0.21170890488820993
STXBP5L	1.06357307692308	0.272729860428245	-1.52983300492611	2.82668376287789e-12	NS	DOWN	False	True	2.59340608184919
STYK1	1.74347307692308	0.0182846972899325	-1.68685270935961	9.429042289102401e-46	NS	DOWN	False	True	3.43032578628269
STYXL2	1.02167692307693	0.199543887262134	-1.37696502463054	5.82498856219452e-08	NS	DOWN	False	True	2.3986419477074703
SUB1	0.803715384615385	0.0004204324706225	1.32074532019705	6.57280271179754e-129	NS	UP	False	True	-0.517029935581665
SUCLG2	0.960792307692309	0.0027832973155035	1.53061822660098	5.6913505062084995e-129	NS	UP	False	True	-0.5698259189086711
SUGCT	-0.153723076923077	0.634779787156731	4.97415024630542	1.48107666615477e-184	NS	UP	False	True	-5.127873323228497
SUGT1	0.926999999999998	0.0004904421683317	1.13857339901478	1.30992283224385e-115	NS	UP	False	True	-0.2115733990147819
SULT1A2	1.67185769230769	0.0553015176510271	-2.52686748768473	2.0501644303975102e-19	NS	DOWN	False	True	4.198725179992421
SULT1A4	0.3132	0.407052361934285	-1.00874532019704	1.4227369314141398e-11	NS	DOWN	False	True	1.32194532019704
SULT1B1	1.77229615384616	0.0258394764561654	6.83487044334975	1.57301895737229e-147	NS	UP	False	True	-5.062574289503591
SULT1C4	2.40462307692308	0.0072320438149735	-4.76839162561576	1.66092435227615e-67	NS	DOWN	False	True	7.17301470253884
SULT1E1	2.6412076923077	0.0284328029459441	-4.95346354679803	1.10078335828446e-67	NS	DOWN	False	True	7.594671239105731
SULT2B1	-0.592315384615385	0.631233177606541	-10.7328921182266	3.8793317135474396e-208	NS	DOWN	False	True	10.140576733611216
SULT4A1	-0.454492307692309	0.729570573272967	2.20703940886699	2.28547851191824e-38	NS	UP	False	True	-2.661531716559299
SUMF1	0.710496153846154	0.0344626815578481	1.0725448275862	1.23929935757613e-106	NS	UP	False	True	-0.3620486737400459
SUMO1	0.971784615384615	7.30915460781436e-05	1.22160738916256	3.58861975228283e-121	NS	UP	False	True	-0.24982277377794504
SUMO3	0.425588461538458	0.0709033401088451	1.14994384236453	3.61463746551852e-139	NS	UP	False	True	-0.7243553808260721
SUN3	0.637	0.549209668600798	1.53068325123153	3.47125804786903e-06	NS	UP	False	True	-0.89368325123153
SUPT3H	0.626484615384616	0.040226008565042	1.78499704433497	1.32112517325941e-134	NS	UP	False	True	-1.1585124289503541
SURF4	0.395915384615384	0.133206127778193	1.81840246305419	4.3956263701091695e-231	NS	UP	False	True	-1.422487078438806
SUSD1	1.01397307692308	0.0559098966806903	2.30037536945813	9.297211814855941e-154	NS	UP	False	True	-1.2864022925350502
SUSD4	0.397903846153846	0.670879006413595	-7.25423152709359	1.36294034531372e-128	NS	DOWN	False	True	7.652135373247436
SUSD6	0.704457692307693	0.0115476593629571	-1.32859852216749	8.94807288818851e-93	NS	DOWN	False	True	2.033056214475183
SUV39H2	0.655415384615385	0.0493718823556231	1.252	7.7844504125083e-80	NS	UP	False	True	-0.596584615384615
SV2B	0.883319230769231	0.317749571767349	-6.01092266009852	6.49727493982522e-113	NS	DOWN	False	True	6.89424189086775
SV2C	1.11263461538462	0.237656292842682	-5.60857192118226	1.87559182014238e-158	NS	DOWN	False	True	6.72120653656688
SVIP	0.521576923076923	0.14195653800496	-1.42343300492611	3.31624834631525e-68	NS	DOWN	False	True	1.9450099280030329
SVOP	0.0358807692307703	0.940969629844285	-1.30954088669951	5.0343073601955e-10	NS	DOWN	False	True	1.3454216559302803
SVOPL	1.66548461538462	0.156857197762894	-7.68302266009851	4.8112775134776995e-139	NS	DOWN	False	True	9.34850727548313
SYAP1	0.763700000000002	0.0034239269762741	1.1557724137931	5.63901179382475e-106	NS	UP	False	True	-0.392072413793098
SYBU	0.267534615384615	0.679184957023733	-1.78329458128079	9.96002523179059e-43	NS	DOWN	False	True	2.050829196665405
SYCE1L	0.528207692307692	0.341012299497046	-3.45188325123153	4.58642420996054e-84	NS	DOWN	False	True	3.980090943539222
SYCE3	1.14038846153846	0.130058865222597	-1.50739852216749	0.0002229758392494	NS	DOWN	False	True	2.64778698370595
SYCN	-0.22810769230769	0.650676343763853	-1.71283842364532	4.29992664932611e-05	NS	DOWN	False	True	1.48473073133763
SYCP1	-0.617330769230769	0.112307934812785	-3.24302758620689	2.0109368159621797e-30	NS	DOWN	False	True	2.625696816976121
SYCP2	0.946111538461539	0.0941980555809215	-1.1070275862069	1.59289427321895e-26	NS	DOWN	False	True	2.053139124668439
SYCP2L	2.72971923076923	0.0069405939506067	-1.22067093596059	4.2968575665754204e-14	NS	DOWN	False	True	3.9503901667298202
SYDE1	0.0154653846153829	0.967555796256754	3.03046453201971	7.17121902504175e-193	NS	UP	False	True	-3.014999147404327
SYDE2	1.14958076923077	0.0601980269322764	1.29182167487685	6.1505687499867006e-55	NS	UP	False	True	-0.14224090564608005
SYK	1.33691153846154	0.0024103939006526	-8.58192315270936	6.102276321409691e-198	NS	DOWN	False	True	9.9188346911709
SYN1	0.211234615384616	0.682199617108122	-1.11044433497537	1.7539091770676298e-30	NS	DOWN	False	True	1.3216789503599862
SYN2	-0.388388461538463	0.691077214973153	-2.76847881773399	9.06766699316404e-96	NS	DOWN	False	True	2.380090356195527
SYN3	0.387519230769231	0.432579420835951	-2.8118842364532	1.6350532067993999e-28	NS	DOWN	False	True	3.199403467222431
SYNC	0.413419230769231	0.522364751339476	2.96219162561576	2.25340992003303e-107	NS	UP	False	True	-2.548772394846529
SYNE2	0.620026923076924	0.043463107595328	-4.39163940886699	4.308205673679861e-183	NS	DOWN	False	True	5.011666331943914
SYNE3	1.08253076923077	0.0013844908174375	1.29675123152709	2.52924874950372e-54	NS	UP	False	True	-0.21422046229631997
SYNE4	0.572661538461539	0.243110654211319	-1.87973054187192	7.54156247702914e-66	NS	DOWN	False	True	2.4523920803334587
SYNGAP1	0.740761538461539	0.0131472422201852	1.0675842364532	4.75554220294134e-33	NS	UP	False	True	-0.32682269799166097
SYNGR1	0.0172423076923076	0.972641081941399	-2.88237290640394	2.4708916936679902e-120	NS	DOWN	False	True	2.8996152140962477
SYNGR2	-0.21593846153846	0.387575611664646	-3.60927044334975	1.37667960169626e-228	NS	DOWN	False	True	3.39333198181129
SYNGR3	-0.570096153846154	0.438300232992821	1.48149359605911	4.28889586725618e-37	NS	UP	False	True	-2.051589749905264
SYNGR4	-0.0884384615384617	0.923189101218862	-2.03085714285714	1.02564007472287e-09	NS	DOWN	False	True	1.9424186813186783
SYNJ2	0.531850000000001	0.139075953757892	1.24341231527093	9.97955243617366e-62	NS	UP	False	True	-0.711562315270929
SYNJ2BP-COX16	0.0186076923076919	0.963910504001922	1.67952561576355	4.00462253446426e-29	NS	UP	False	True	-1.6609179234558582
SYNPO2	1.05502307692308	0.0192320721734443	1.24435665024631	9.79177279461789e-24	NS	UP	False	True	-0.18933357332322998
SYNPR	1.78895384615385	0.248622420151135	-1.36117192118227	6.58621561683634e-06	NS	DOWN	False	True	3.15012576733612
SYP	0.797461538461539	0.0689265134168873	-1.40258472906404	4.8938341123481096e-70	NS	DOWN	False	True	2.200046267525579
SYS1	0.363315384615384	0.110888351604699	1.05602906403941	6.43900687460595e-93	NS	UP	False	True	-0.6927136794240261
SYT10	0.13305384615385	0.599254763788079	-1.26982660098522	9.457352818053611e-14	NS	DOWN	False	True	1.40288044713907
SYT11	1.30563461538462	0.0331926294038835	3.02157536945813	6.20962719138547e-166	NS	UP	False	True	-1.7159407540735103
SYT13	1.28945	0.230009438239187	-3.72226453201971	5.4556165439694e-50	NS	DOWN	False	True	5.01171453201971
SYT14	0.837869230769231	0.342127053125654	3.41770541871921	2.2106324752121002e-52	NS	UP	False	True	-2.5798361879499794
SYT16	0.980219230769238	0.082546439429937	2.5774960591133	4.33612543388285e-32	NS	UP	False	True	-1.5972768283440621
SYT5	-1.33760384615385	0.133975925734647	-1.77787586206897	4.839969296968961e-25	NS	DOWN	False	True	0.4402720159151201
SYT6	2.53087692307692	0.0151249503665441	-3.29067536945813	2.9662934625462798e-34	NS	DOWN	False	True	5.82155229253505
SYT7	-0.006623076923077	0.991145276884123	-1.54759113300493	2.330208551454e-26	NS	DOWN	False	True	1.5409680560818528
SYT8	0.931565384615386	0.460687485672749	-10.3168566502463	7.2894079236747e-172	NS	DOWN	False	True	11.248422034861687
SYT9	1.22130769230769	0.0680478308718823	-3.84600394088669	1.27307807627674e-54	NS	DOWN	False	True	5.06731163319438
SYTL1	0.0594153846153851	0.922956676430416	-9.00791477832513	1.80842394021493e-257	NS	DOWN	False	True	9.067330162940515
SYTL2	0.350215384615385	0.554998303861453	2.16541724137931	2.13418024164564e-111	NS	UP	False	True	-1.815201856763925
SYTL5	3.28375384615385	0.004870600316534	-2.88406453201971	7.84182755512166e-38	NS	DOWN	False	True	6.1678183781735605
SZRD1	0.211761538461537	0.426282327030008	1.18002216748768	1.99875873002224e-104	NS	UP	False	True	-0.9682606290261431
TAC1	1.16970384615385	0.139367660071535	-4.35048669950738	1.5621998156385298e-49	NS	DOWN	False	True	5.52019054566123
TAC4	2.65541923076924	0.0175605520083175	-2.65159802955665	1.7545106112614899e-13	NS	DOWN	False	True	5.30701726032589
TACC1	0.855338461538462	0.0135141110047027	1.29367931034482	9.260728818160719e-69	NS	UP	False	True	-0.43834084880635804
TACC2	0.640807692307693	0.273666004667089	-3.91516896551724	3.93346629254797e-220	NS	DOWN	False	True	4.5559766578249326
TACR1	0.130173076923077	0.861735860538834	-6.19105960591133	5.77045513128686e-121	NS	DOWN	False	True	6.321232682834407
TACSTD2	0.788323076923077	0.494547181106381	-7.61931231527093	1.89129845603772e-241	NS	DOWN	False	True	8.407635392194008
TAF10	-0.283750000000001	0.227138211672157	1.00236551724138	2.1676745506812698e-126	NS	UP	False	True	-1.286115517241381
TAF13	0.793226923076924	0.0440409303077902	1.24053004926108	8.93218161655077e-93	NS	UP	False	True	-0.447303126184156
TAF5L	0.680596153846153	0.0216905183162641	1.01643004926108	9.46021471434142e-74	NS	UP	False	True	-0.33583389541492703
TAF9	0.917573076923076	0.0034603474858966	1.52560492610837	5.7362514042726606e-93	NS	UP	False	True	-0.608031849185294
TAFA2	1.44157692307692	0.0223960293572925	1.02427931034483	2.69489630225417e-26	NS	UP	False	True	0.41729761273209
TAFA5	1.20731923076923	0.229872603491029	-2.71053004926108	1.94696507503991e-29	NS	DOWN	False	True	3.91784928003031
TAGAP	1.11601538461538	0.0310723679412431	-4.6960251231527	1.27630476980454e-88	NS	DOWN	False	True	5.81204050776808
TAGLN3	1.35831923076923	0.257374160979698	-2.28723251231527	5.964083646407391e-14	NS	DOWN	False	True	3.6455517430845
TAL1	0.971276923076922	0.0225259592416554	-7.16144679802955	5.86155259807491e-143	NS	DOWN	False	True	8.132723721106473
TAL2	2.01669230769231	0.0588817787881824	2.94669655172413	8.684403529556859e-18	NS	UP	False	True	-0.9300042440318204
TAMALIN	0.445549999999999	0.251911091004877	-1.54226157635468	5.63288008237662e-58	NS	DOWN	False	True	1.987811576354679
TANC1	0.875838461538461	0.0116647769303129	-1.92148719211823	5.91061297007803e-131	NS	DOWN	False	True	2.797325653656691
TAP1	0.656115384615385	0.158389785661834	-1.47197438423645	3.0763783568316104e-98	NS	DOWN	False	True	2.128089768851835
TARS1	0.560946153846153	0.0145182128229912	2.5163921182266	7.91893360974056e-165	NS	UP	False	True	-1.9554459643804467
TAS1R1	1.87279230769231	0.0214756497938614	-1.78191822660098	8.68710222046693e-21	NS	DOWN	False	True	3.65471053429329
TAS1R2	0.266107692307695	0.529501729227947	-4.41453596059112	2.98203663459593e-59	NS	DOWN	False	True	4.680643652898815
TAS1R3	1.39027307692308	0.0261420424613324	-1.46631231527093	4.95861042977073e-29	NS	DOWN	False	True	2.85658539219401
TAS2R1	0.428826923076926	0.545428978701578	1.14470197044335	2.52891039370506e-07	NS	UP	False	True	-0.7158750473664242
TAS2R19	2.20416538461539	0.0223775466349976	1.73130837438423	5.0222368151798305e-21	NS	UP	False	True	0.47285701023116
TAS2R3	1.64005769230769	0.0092546281935564	-1.03119064039409	0.0009000073841656	NS	DOWN	False	True	2.67124833270178
TAS2R30	1.18506538461539	0.073413151644094	-1.79714679802955	1.92449130637931e-09	NS	DOWN	False	True	2.9822121826449397
TAS2R42	1.37086538461539	0.0571581090942222	1.46427044334975	1.2676546528713202e-09	NS	UP	False	True	-0.09340505873436
TAS2R46	0.894746153846157	0.214768024993778	1.1831566502463	0.0003485410569075	NS	UP	False	True	-0.28841049640014305
TAS2R60	0.72440384615385	0.20445052668683	-3.18854236453201	2.10440082124534e-30	NS	DOWN	False	True	3.9129462106858597
TASL	2.17549615384615	0.001347083598256	-5.89744187192117	2.65334285129011e-118	NS	DOWN	False	True	8.07293802576732
TATDN3	1.02403076923077	0.0018060182345265	1.03836798029557	2.63953351253913e-89	NS	UP	False	True	-0.014337211064800126
TBATA	0.159073076923079	0.761501885032808	-6.91328423645319	3.34076793419461e-118	NS	DOWN	False	True	7.072357313376269
TBC1D1	0.676211538461539	0.015337248269738	1.11304236453202	1.14938022632444e-68	NS	UP	False	True	-0.43683082607048096
TBC1D10A	0.728334615384616	0.0209261625575403	-1.8414487684729	1.3598934729020098e-185	NS	DOWN	False	True	2.5697833838575157
TBC1D10C	0.45445	0.399318655415294	-3.40058768472907	1.5021460553253902e-110	NS	DOWN	False	True	3.85503768472907
TBC1D16	-0.840353846153846	0.0280014560744771	2.02375024630542	6.88121276404397e-121	NS	UP	False	True	-2.8641040924592662
TBC1D17	0.304953846153846	0.135707548631833	-1.33601773399015	4.88596157483177e-121	NS	DOWN	False	True	1.640971580143996
TBC1D22B	0.286138461538462	0.209485088865396	-1.17613694581281	7.320428406892709e-107	NS	DOWN	False	True	1.4622754073512718
TBC1D24	0.226476923076923	0.431634766593378	1.04225418719212	5.10360674737268e-62	NS	UP	False	True	-0.815777264115197
TBC1D26	1.85213076923077	0.0263935066092531	-1.83035024630541	1.98211647020136e-09	NS	DOWN	False	True	3.68248101553618
TBC1D2B	0.190926923076925	0.500236520401633	1.17015763546798	4.29445535317543e-88	NS	UP	False	True	-0.9792307123910549
TBC1D3B	1.82315	0.0031501161828572	-1.06774236453202	1.56677514601298e-35	NS	DOWN	False	True	2.89089236453202
TBC1D3L	0.639626923076923	0.344917584512968	-1.45910098522168	0.0001816292777478	NS	DOWN	False	True	2.0987279082986032
TBC1D5	0.978034615384616	0.0051790838279395	1.36589802955665	3.2894217976768604e-111	NS	UP	False	True	-0.38786341417203407
TBC1D8	1.19502307692308	0.0011044644550335	-1.2588	1.37238431709528e-54	NS	DOWN	False	True	2.45382307692308
TBC1D9	0.557053846153846	0.224095915735565	2.74955812807882	8.66862103785723e-157	NS	UP	False	True	-2.192504281924974
TBCA	0.85063076923077	0.0004497313380616	1.23758177339901	1.15935680469391e-129	NS	UP	False	True	-0.38695100416824
TBL1Y	0.137600000000003	0.871411159746458	-5.22817290640393	3.31940626623308e-61	NS	DOWN	False	True	5.365772906403933
TBL2	0.351826923076923	0.229742856925328	1.3341315270936	1.25625341528744e-165	NS	UP	False	True	-0.9823046040166771
TBPL2	0.785157692307695	0.260762020829828	-1.70855369458128	3.1335983391732394e-11	NS	DOWN	False	True	2.4937113868889753
TBR1	0.707973076923078	0.346295512220954	1.33807832512315	1.63945796650708e-08	NS	UP	False	True	-0.6301052482000721
TBX1	0.344253846153846	0.629729666628893	-2.35518866995074	7.387468675140539e-43	NS	DOWN	False	True	2.699442516104586
TBX15	0.963546153846154	0.0223276713340646	1.93316403940886	3.7690837209356503e-87	NS	UP	False	True	-0.969617885562706
TBX18	0.516084615384615	0.49180965269009	3.33242019704433	2.01638167080571e-155	NS	UP	False	True	-2.816335581659715
TBX2	0.63196153846154	0.153811049445679	1.26782266009852	8.68102744005109e-51	NS	UP	False	True	-0.63586112163698
TBX20	2.39219615384616	0.0136203048921483	1.01402118226601	2.8780240150669e-05	NS	UP	False	True	1.3781749715801501
TBX21	0.563446153846154	0.366509103136643	-1.91233891625616	4.99610790941807e-14	NS	DOWN	False	True	2.475785070102314
TBX22	3.29388076923077	0.0011244962367346	-3.56904285714285	1.2510227785598799e-36	NS	DOWN	False	True	6.86292362637362
TBX4	1.54914615384615	0.121518962111911	2.29337192118226	4.48226401078099e-41	NS	UP	False	True	-0.7442257673361099
TBX5	0.746796153846154	0.400918553039979	1.93615369458128	6.69438954311307e-58	NS	UP	False	True	-1.189357540735126
TBX6	0.353665384615385	0.266859635345192	-2.59138128078818	2.41683757624367e-109	NS	DOWN	False	True	2.9450466654035647
TBXA2R	0.329096153846154	0.603788434070916	1.30663990147783	6.04276928530057e-33	NS	UP	False	True	-0.9775437476316761
TBXAS1	0.96056923076923	0.0232874859881128	1.7459433497537	5.35098712793952e-57	NS	UP	False	True	-0.7853741189844701
TBXT	0.092150000000002	0.866881560545509	-1.0797960591133	4.98199702009372e-09	NS	DOWN	False	True	1.171946059113302
TC2N	1.86533846153846	0.0057120786813504	-4.96428522167488	2.53778842770339e-230	NS	DOWN	False	True	6.82962368321334
TCAP	0.905546153846155	0.0305828907803296	-1.46564334975369	2.21295731574804e-32	NS	DOWN	False	True	2.371189503599845
TCEA3	0.624288461538461	0.347522952186286	-1.48876945812808	5.9661197303046e-75	NS	DOWN	False	True	2.1130579196665407
TCEAL2	0.602346153846156	0.607525144695821	-3.73828571428571	9.693630176476371e-67	NS	DOWN	False	True	4.340631868131866
TCEAL3	0.840023076923076	0.0035871149751226	1.68215320197045	3.65491920891589e-128	NS	UP	False	True	-0.842130125047374
TCEAL4	1.01218076923077	0.0017211565720799	1.08699852216748	2.4702930871071e-88	NS	UP	False	True	-0.07481775293671
TCEAL5	0.82805384615385	0.387872432351908	-4.62515714285713	2.26217758416458e-53	NS	DOWN	False	True	5.45321098901098
TCEAL6	0.54530384615385	0.551499574569693	-2.97067881773399	1.59701608017971e-21	NS	DOWN	False	True	3.51598266388784
TCEAL7	2.4851076923077	0.0115169193116398	3.44570738916256	7.41774086463614e-144	NS	UP	False	True	-0.9605996968548602
TCEAL8	0.827653846153848	0.0007179006677605	1.59982512315271	5.34828905658749e-159	NS	UP	False	True	-0.7721712769988621
TCERG1L	-0.152157692307693	0.906094038006873	-7.18238817733989	2.58680584941686e-136	NS	DOWN	False	True	7.030230485032197
TCF15	-0.575292307692308	0.583113738571227	-5.62527635467979	8.58122977331767e-78	NS	DOWN	False	True	5.049984046987482
TCF21	0.383353846153849	0.540518378658246	5.08417783251231	1.61593454420372e-97	NS	UP	False	True	-4.700823986358461
TCF23	0.494653846153847	0.459563361908715	-2.53229999999999	1.1460672661225601e-31	NS	DOWN	False	True	3.026953846153837
TCF7	0.481357692307693	0.317918954987889	-1.54632512315271	6.60067494763867e-39	NS	DOWN	False	True	2.0276828154604027
TCF7L1	0.539526923076923	0.173186144174895	-1.25044433497537	2.4757329864611703e-35	NS	DOWN	False	True	1.7899712580522928
TCHH	0.491423076923078	0.502607766440576	-4.16981428571428	1.7877347389739e-51	NS	DOWN	False	True	4.661237362637358
TCHP	0.286946153846154	0.172520677284962	-1.07446009852217	4.81336882200438e-74	NS	DOWN	False	True	1.361406252368324
TCN1	1.59025	0.197592970937326	-3.36249852216748	1.34063992378287e-25	NS	DOWN	False	True	4.95274852216748
TCP11L1	0.974680769230768	0.0079457083619038	1.83164926108374	1.18143028949607e-135	NS	UP	False	True	-0.8569684918529721
TCTA	0.351496153846154	0.225213152143346	1.27598078817734	8.76123198174231e-108	NS	UP	False	True	-0.9244846343311859
TCTE1	1.5532	0.057686334645432	-3.4394251231527	1.40814465028348e-55	NS	DOWN	False	True	4.9926251231527
TCTN1	0.860869230769231	0.0001011854476437	1.04316256157636	2.02322662041262e-86	NS	UP	False	True	-0.18229333080712895
TCTN3	0.447792307692308	0.109014449291189	1.15434187192118	2.3338653157169297e-122	NS	UP	False	True	-0.7065495642288719
TDGF1	-0.570980769230767	0.514930947684598	-2.9872172413793	2.80569395471908e-24	NS	DOWN	False	True	2.4162364721485328
TDRD10	0.283442307692308	0.681951219968229	-6.81248620689654	4.16547458894315e-112	NS	DOWN	False	True	7.095928514588848
TDRD5	1.17546153846154	0.302866248945955	-6.57312315270935	2.71107881080481e-134	NS	DOWN	False	True	7.7485846911708895
TDRD9	0.94045	0.477524010950936	1.09066009852217	5.9530494519686e-12	NS	UP	False	True	-0.15021009852216993
TEAD2	0.860173076923077	0.0014659114058272	1.06770985221676	1.4519791740671001e-62	NS	UP	False	True	-0.20753677529368308
TEAD3	0.393534615384616	0.281151747402449	-1.40969802955665	3.34517869855292e-146	NS	DOWN	False	True	1.803232644941266
TEC	0.946503846153847	0.025884374075271	-3.79701428571429	3.08687508099208e-127	NS	DOWN	False	True	4.743518131868137
TECR	-0.60246538461538	0.0020992221331812	-2.37141083743842	1.50507976915158e-225	NS	DOWN	False	True	1.76894545282304
TECRL	0.795769230769235	0.0594964276195433	-2.81033497536946	1.77792979656596e-22	NS	DOWN	False	True	3.6061042061386948
TECTB	1.48998461538462	0.0909513822314228	2.51152315270935	8.550942994875219e-26	NS	UP	False	True	-1.02153853732473
TEDC1	-0.419103846153845	0.0932671993790117	-1.37146995073892	5.88613442537411e-59	NS	DOWN	False	True	0.9523661045850751
TEDC2	-0.543953846153847	0.0220278533784954	1.47447980295566	1.1122935329465499e-33	NS	UP	False	True	-2.018433649109507
TEDDM1	1.23081153846154	0.033238356095468	-2.83624679802955	4.3075380657135806e-31	NS	DOWN	False	True	4.06705833649109
TEF	0.974096153846153	0.0037097075920296	-1.93539310344828	1.53212996704831e-108	NS	DOWN	False	True	2.909489257294433
TEKT2	2.42776923076923	0.0040611598086019	-2.41360985221674	1.19537564009205e-28	NS	DOWN	False	True	4.84137908298597
TEKTIP1	-0.279565384615386	0.601869546164319	-1.01013596059113	1.2344322114066499e-12	NS	DOWN	False	True	0.7305705759757439
TEKTL1	0.350226923076928	0.446614794827537	-1.54553103448276	1.30520059054501e-13	NS	DOWN	False	True	1.895757957559688
TEN1-CDK3	1.24751153846154	0.0025975434649542	-1.08054532019704	2.9382864261144304e-54	NS	DOWN	False	True	2.32805685865858
TENM2	1.31771538461539	0.287768683798105	1.85108916256158	1.03779083223844e-40	NS	UP	False	True	-0.53337377794619
TENM3	1.84534230769231	0.041677639597789	5.57823497536946	6.7031800962561795e-195	NS	UP	False	True	-3.73289266767715
TENT5B	0.0176615384615375	0.977412570628866	-3.76221231527094	1.87404952755618e-150	NS	DOWN	False	True	3.7798738537324774
TEPSIN	0.416880769230769	0.0472146558626851	-1.00642906403941	3.1365873487060703e-65	NS	DOWN	False	True	1.423309833270179
TERB1	0.630103846153848	0.512821073139527	-1.01788719211822	0.0006585697204813	NS	DOWN	False	True	1.647991038272068
TERB2	-0.190546153846153	0.526062691647954	-1.24990689655172	8.77909000388418e-11	NS	DOWN	False	True	1.059360742705567
TERT	-0.7653	0.326120972484735	-5.34241674876846	1.13420682358164e-102	NS	DOWN	False	True	4.57711674876846
TESC	0.601119230769231	0.370273240279463	-7.56619113300492	1.1549749463996e-104	NS	DOWN	False	True	8.16731036377415
TESK2	-0.533515384615386	0.164286185055114	-3.6392354679803	7.11559395006622e-215	NS	DOWN	False	True	3.105720083364914
TESMIN	-0.0986461538461542	0.86353229432908	-2.25501083743842	2.4172589820715103e-25	NS	DOWN	False	True	2.156364683592266
TESPA1	0.902515384615384	0.108999566861746	-5.54201527093595	8.27129047371056e-80	NS	DOWN	False	True	6.444530655551334
TEX101	0.569423076923079	0.586856995331679	-6.87649802955664	3.71643053643204e-102	NS	DOWN	False	True	7.445921106479719
TEX11	1.23982307692308	0.129281798168836	-1.53710689655172	6.08189310932943e-10	NS	DOWN	False	True	2.7769299734748003
TEX12	2.12628461538462	0.0234625961568452	-2.1289724137931	3.6624307146590706e-15	NS	DOWN	False	True	4.25525702917772
TEX13C	3.16012692307693	0.0080392499504864	-1.13328768472905	4.12720129807099e-11	NS	DOWN	False	True	4.29341460780598
TEX14	0.679284615384617	0.363827613907309	1.08363990147783	2.56870822005382e-07	NS	UP	False	True	-0.4043552860932129
TEX15	1.27576923076923	0.268111136005273	2.66776896551723	1.23841640895741e-32	NS	UP	False	True	-1.3919997347479998
TEX19	0.798265384615386	0.41466954374332	2.40086798029556	9.57741562611407e-22	NS	UP	False	True	-1.6026025956801742
TEX22	0.796715384615385	0.272108864631085	1.29552709359605	3.9910935651615205e-20	NS	UP	False	True	-0.49881170898066485
TEX26	-0.265453846153845	0.622333214413984	1.73723054187192	5.81129308498419e-08	NS	UP	False	True	-2.002684388025765
TEX261	0.526988461538463	0.0210673930851281	1.24828522167488	1.46068149479167e-133	NS	UP	False	True	-0.7212967601364171
TEX28	-0.374996153846153	0.29583522833516	-2.30936995073891	2.32499095767157e-20	NS	DOWN	False	True	1.934373796892757
TEX30	0.858649999999999	0.0140663590872508	1.39684088669951	1.8603310225815899e-78	NS	UP	False	True	-0.5381908866995109
TEX35	1.85455384615385	0.026684442253294	-3.20362019704433	3.53244709417731e-30	NS	DOWN	False	True	5.05817404319818
TFAM	1.48570769230769	0.0023377036961113	2.12169261083744	2.6080754098584196e-128	NS	UP	False	True	-0.6359849185297501
TFAP2A	-0.795738461538461	0.0286971905639943	-7.27172167487685	2.31830127859223e-199	NS	DOWN	False	True	6.475983213338389
TFAP2B	3.1488076923077	0.0160287922778227	-10.4102497536946	1.32951001028008e-219	NS	DOWN	False	True	13.559057446002301
TFAP2E	1.52431538461539	0.015994210423843	-2.94589458128079	3.8110746100442496e-147	NS	DOWN	False	True	4.4702099658961805
TFB2M	1.0799	0.0043905163877977	1.128639408867	3.28809412018449e-96	NS	UP	False	True	-0.0487394088669999
TFCP2L1	1.44211538461539	0.0363347538855172	-8.1745448275862	4.842373316302079e-184	NS	DOWN	False	True	9.61666021220159
TFDP1	0.841576923076923	0.0016668652434864	1.27597438423645	6.73721523146384e-114	NS	UP	False	True	-0.43439746115952693
TFDP3	0.196180769230773	0.865885584787166	-1.13094384236453	1.0489395094205602e-09	NS	DOWN	False	True	1.3271246115953028
TFEB	-0.286111538461538	0.338268872618362	-2.59399113300493	5.62011716024818e-190	NS	DOWN	False	True	2.307879594543392
TFEC	1.61713461538462	0.003268479047816	-2.72779655172413	2.58020317901489e-29	NS	DOWN	False	True	4.34493116710875
TFF3	-1.39136923076923	0.142869571965731	-5.57097733990148	1.06004084467582e-80	NS	DOWN	False	True	4.17960810913225
TFG	0.70636153846154	0.0023638697667329	1.01062660098523	1.6411040972443502e-157	NS	UP	False	True	-0.30426506252369
TFPI2	2.1942	0.0224910139626936	8.10343645320197	7.71172070950566e-159	NS	UP	False	True	-5.90923645320197
TFR2	-0.316792307692308	0.624195628253845	-1.66947142857143	1.59164643291557e-81	NS	DOWN	False	True	1.352679120879122
TFRC	0.521838461538463	0.27770238949569	1.79983596059113	9.031687174923471e-98	NS	UP	False	True	-1.277997499052667
TGFA	2.27356153846154	0.0018484961342513	-7.81382610837438	1.98431623835936e-155	NS	DOWN	False	True	10.087387646835921
TGFB1	0.761753846153847	0.0233135883845903	1.29976748768473	2.12550114848898e-96	NS	UP	False	True	-0.538013641530883
TGFB1I1	0.103526923076922	0.825307471250628	1.85726798029557	1.6877848024757099e-122	NS	UP	False	True	-1.753741057218648
TGFBR1	1.04088846153846	0.0149184249103808	2.64268374384236	2.08931141508788e-169	NS	UP	False	True	-1.6017952823039001
TGFBR3L	0.0585576923076925	0.96447036990583	1.21307339901478	3.5019463598659504e-21	NS	UP	False	True	-1.1545157067070875
TGIF1	0.196207692307691	0.421182652082609	1.08950098522168	7.60606205758007e-82	NS	UP	False	True	-0.893293292913989
TGIF2-RAB5IF	3.98173846153846	0.0072147747764807	2.87166108374384	3.08761438571883e-10	NS	UP	False	True	1.11007737779462
TGM1	0.45901923076923	0.677078233061378	-6.06166502463054	1.5401398172352598e-244	NS	DOWN	False	True	6.52068425539977
TGM2	0.515626923076923	0.247388716662495	3.38483300492611	2.4553148757700398e-70	NS	UP	False	True	-2.869206081849187
TGM3	0.232119230769231	0.878565508093115	-8.84079802955665	2.43419799389616e-244	NS	DOWN	False	True	9.07291726032588
TGM5	-0.614250000000001	0.640405119148202	-12.4098147783251	3.23571712057107e-205	NS	DOWN	False	True	11.7955647783251
TGM6	0.667400000000006	0.331175143377101	-2.19023891625615	6.13882945297022e-17	NS	DOWN	False	True	2.857638916256156
TGM7	0.931203846153851	0.354462705447685	-1.3919921182266	7.17142145909434e-08	NS	DOWN	False	True	2.323195964380451
TGOLN2	1.08651153846154	0.0019807115268912	1.62308325123153	3.81059299571734e-143	NS	UP	False	True	-0.53657171276999
TH	0.645926923076923	0.596515147578846	-5.78398669950738	1.06948997828127e-75	NS	DOWN	False	True	6.429913622584302
THAP10	1.19998076923077	0.0148632602289352	2.1977118226601	1.31836229073177e-107	NS	UP	False	True	-0.99773105342933
THBD	0.0444846153846146	0.939857218552129	-5.10303251231527	5.07920642141995e-170	NS	DOWN	False	True	5.147517127699885
THEM4	0.470888461538461	0.099364307412667	1.35366748768473	6.147411852032261e-112	NS	UP	False	True	-0.8827790261462691
THEM5	1.12447692307692	0.427210825401742	-12.2462157635468	8.59638683371364e-187	NS	DOWN	False	True	13.37069268662372
THEM6	0.444484615384614	0.0820234133261119	-1.48859162561577	6.922743376688221e-105	NS	DOWN	False	True	1.933076241000384
THG1L	0.704215384615385	0.0056674377994734	1.56263743842365	4.4734831286034597e-153	NS	UP	False	True	-0.8584220538082651
THNSL1	0.490396153846154	0.203873983509948	1.54229162561576	5.61681373452204e-83	NS	UP	False	True	-1.051895471769606
THPO	1.01912307692308	0.208894490756667	-1.58326206896551	1.2546145473063e-13	NS	DOWN	False	True	2.60238514588859
THRSP	0.898838461538466	0.459265430465117	-5.85141477832512	1.0584223107064e-50	NS	DOWN	False	True	6.750253239863586
THSD7A	1.38000769230769	0.0111371795740064	-3.21139014778325	1.63078586801679e-72	NS	DOWN	False	True	4.59139784009094
THSD7B	1.48319230769231	0.0363347538855172	2.99153842364532	1.6891556912559599e-40	NS	UP	False	True	-1.50834611595301
THTPA	0.547134615384615	0.0949048465986694	1.20840985221675	9.87655048506824e-81	NS	UP	False	True	-0.6612752368321348
THY1	0.674407692307694	0.0441324605458387	6.18705172413793	1.68595782063252e-176	NS	UP	False	True	-5.512644031830236
TIAM1	1.66254615384615	0.0020836643263462	-3.28397438423645	9.90139478726283e-161	NS	DOWN	False	True	4.9465205380826
TICAM2	2.13809230769231	0.0409470338888546	3.19239950738916	8.19420948507686e-90	NS	UP	False	True	-1.0543071996968498
TICRR	-0.0317576923076922	0.937493266413775	1.8057763546798	1.39211462978388e-72	NS	UP	False	True	-1.8375340469874921
TIE1	0.423938461538461	0.283358859790098	-5.16452167487685	2.8528472733348302e-152	NS	DOWN	False	True	5.5884601364153115
TIFAB	0.263434615384615	0.688076154081543	-4.47538571428571	2.36764994485265e-74	NS	DOWN	False	True	4.738820329670325
TIGAR	0.452042307692308	0.175047234373206	2.63567733990148	1.3179842111452598e-122	NS	UP	False	True	-2.183635032209172
TIGD2	0.433511538461538	0.213540040086487	2.11665024630542	1.36060336328779e-124	NS	UP	False	True	-1.683138707843882
TIGD3	0.132557692307692	0.744991942670435	-1.15573004926108	1.1961725922654502e-09	NS	DOWN	False	True	1.2882877415687721
TIGIT	0.899761538461539	0.183923593624394	-5.31860541871921	1.33124182850679e-85	NS	DOWN	False	True	6.218366957180749
TIMD4	2.03546538461538	0.0321271330818656	-1.6681236453202	1.93741138517523e-06	NS	DOWN	False	True	3.70358902993558
TIMM17A	0.547588461538462	0.0771676053037682	1.37975911330049	3.67994542076304e-125	NS	UP	False	True	-0.8321706517620281
TIMM21	0.867584615384613	0.0011636272820504	1.22021428571428	2.37458748631779e-101	NS	UP	False	True	-0.35262967032966697
TIMP1	1.08553846153846	0.00672469584326	4.27454187192119	2.53211553469313e-208	NS	UP	False	True	-3.1890034103827296
TIMP2	0.0906807692307687	0.800432437385847	2.11723743842365	5.04796572010428e-124	NS	UP	False	True	-2.0265566691928814
TIMP4	2.53045	0.0159585125099226	1.23502315270936	8.21862570931551e-16	NS	UP	False	True	1.29542684729064
TINAGL1	1.03121923076923	0.0067343223498388	-3.08348374384237	1.5544923224902e-87	NS	DOWN	False	True	4.1147029746116
TINCR	-0.947173076923077	0.125903152731784	-8.8373487684729	3.7798187873177504e-257	NS	DOWN	False	True	7.890175691549823
TIPIN	0.715334615384616	0.0279307261435509	1.75795960591133	1.2144817464494199e-102	NS	UP	False	True	-1.042624990526714
TIPRL	0.778496153846154	0.0055224184490569	1.53749064039409	4.42510186417537e-141	NS	UP	False	True	-0.758994486547936
TJP3	-0.309903846153846	0.712809157102732	-7.82013054187192	6.57629870430958e-130	NS	DOWN	False	True	7.510226695718074
TK1	-0.649219230769233	0.0295878121188016	1.20430246305419	1.99203381182988e-10	NS	UP	False	True	-1.8535216938234231
TK2	0.781896153846152	0.0073525925400507	1.72235911330049	2.23559187478288e-143	NS	UP	False	True	-0.9404629594543381
TKT	-0.731038461538462	0.0019907545682001	1.46334926108374	2.81954154991596e-106	NS	UP	False	True	-2.194387722622202
TKTL1	-0.912069230769231	0.419630447295963	-3.65596650246305	9.431772339404389e-34	NS	DOWN	False	True	2.743897271693819
TLCD1	-0.417034615384614	0.23516753671718	-1.26557536945813	5.7174020373131e-89	NS	DOWN	False	True	0.8485407540735159
TLCD3A	0.601003846153845	0.0328126850533012	-1.39274975369458	1.73614852456124e-94	NS	DOWN	False	True	1.993753599848425
TLCD4	0.695923076923078	0.456139008586607	-2.74669064039409	3.52373685805795e-70	NS	DOWN	False	True	3.442613717317168
TLCD4-RWDD3	2.00015	0.0027388621623323	1.49874876847291	2.3265279861047297e-34	NS	UP	False	True	0.5014012315270902
TLCD5	1.55305384615385	0.0158407314496113	2.97083743842365	1.31931149739627e-225	NS	UP	False	True	-1.4177835922697999
TLE1	0.453615384615384	0.236878266433828	-1.90445221674877	2.76486970489279e-115	NS	DOWN	False	True	2.358067601364154
TLE6	-0.975115384615385	0.0618294420835063	1.66957389162562	5.49619016572239e-23	NS	UP	False	True	-2.644689276241005
TLL1	1.3750076923077	0.0358056945186972	-1.19861280788177	5.115787928671631e-19	NS	DOWN	False	True	2.57362050018947
TLL2	0.95669230769231	0.111390726671064	-1.92271674876847	3.1691257890412398e-28	NS	DOWN	False	True	2.87940905646078
TLN1	0.369111538461538	0.168121317074278	1.11232807881773	4.1320751069283103e-112	NS	UP	False	True	-0.7432165403561921
TLN2	0.730153846153846	0.0412643748301705	2.17630640394089	5.28130599118042e-108	NS	UP	False	True	-1.4461525577870438
TLNRD1	0.0503076923076917	0.865712375004547	1.25185517241379	7.0016344087606e-86	NS	UP	False	True	-1.2015474801060984
TLR10	1.38179230769231	0.02509701856458	-2.83945517241379	2.18218021948591e-30	NS	DOWN	False	True	4.2212474801061
TLR5	1.19258846153846	0.0069106050663505	-4.83602955665024	8.32870333205565e-102	NS	DOWN	False	True	6.0286180181887
TLR8	2.1375	0.0025085626595794	-3.78044334975369	9.06878434443129e-58	NS	DOWN	False	True	5.91794334975369
TLR9	2.09265384615385	0.0300482041810976	-2.30288078817733	4.96030982090267e-12	NS	DOWN	False	True	4.39553463433118
TLX1	1.58665	0.133192254363409	-1.62484827586207	8.674951006381399e-13	NS	DOWN	False	True	3.21149827586207
TLX2	1.54172692307692	0.14379466030065	-1.69879655172414	3.0408480910068904e-09	NS	DOWN	False	True	3.24052347480106
TLX3	0.195826923076926	0.90989004689685	-1.34736995073892	1.2273550029087002e-10	NS	DOWN	False	True	1.5431968738158461
TM2D1	0.805173076923078	0.0203307702192116	1.40182610837438	1.71807141073375e-150	NS	UP	False	True	-0.5966530314513019
TM2D2	0.991257692307692	0.0026852467155298	1.04546945812808	2.06466126189104e-133	NS	UP	False	True	-0.05421176582038789
TM4SF18	0.550353846153846	0.384430103762457	-2.8714078817734	2.0320388372678e-35	NS	DOWN	False	True	3.421761727927246
TM4SF20	1.55981923076924	0.0237933800698195	7.40705221674876	3.79201188119623e-118	NS	UP	False	True	-5.847232985979519
TM4SF4	-0.179080769230769	0.864475222441964	1.35705467980296	7.57622853631307e-05	NS	UP	False	True	-1.536135449033729
TM6SF2	0.555915384615385	0.538575008127067	1.67310295566503	3.9034753720233205e-31	NS	UP	False	True	-1.117187571049645
TM7SF2	-0.285288461538461	0.511741764638981	-5.31418374384237	2.35978034840043e-255	NS	DOWN	False	True	5.028895282303909
TM9SF1	0.348615384615385	0.163038489302836	1.36287586206896	1.53024996459837e-146	NS	UP	False	True	-1.014260477453575
TMA7B	0.981853846153845	0.337900077498978	-2.33940295566502	9.00268712143153e-18	NS	DOWN	False	True	3.321256801818865
TMBIM6	0.389853846153844	0.0833174393248215	1.05020049261084	2.34385507032292e-159	NS	UP	False	True	-0.6603466464569959
TMC4	0.370461538461538	0.426914405714964	-2.9970566502463	8.264531282028909e-83	NS	DOWN	False	True	3.3675181887078383
TMC5	1.51908076923077	0.0776106555759269	-5.48200147783251	3.94370624006562e-129	NS	DOWN	False	True	7.00108224706328
TMC6	-1.03123846153846	0.002444891845952	-4.86588916256158	4.86965944121199e-191	NS	DOWN	False	True	3.8346507010231203
TMC8	0.54775	0.184638242868148	-7.13308128078817	9.29277976644099e-134	NS	DOWN	False	True	7.68083128078817
TMCC3	1.04513846153846	0.0166972900893802	-3.96847290640394	9.87864718160586e-131	NS	DOWN	False	True	5.0136113679424
TMCO1	0.975619230769234	0.0017180464732951	1.56316256157635	1.99601579553548e-183	NS	UP	False	True	-0.5875433308071161
TMED1	0.336330769230772	0.110887864276089	1.03399507389163	1.8004757292490603e-111	NS	UP	False	True	-0.6976643046608579
TMED10	0.761396153846153	0.0336415805829078	1.36004827586207	4.86152205163403e-150	NS	UP	False	True	-0.598652122015917
TMED2	0.939926923076924	0.0012768258485853	1.45053004926108	1.17706380112417e-156	NS	UP	False	True	-0.5106031261841559
TMED7-TICAM2	1.68129230769231	0.013972031268475	5.09876995073891	2.8994398687657698e-77	NS	UP	False	True	-3.4174776430466
TMED9	0.485919230769231	0.0343298394691543	1.47736256157636	2.4311685116606103e-167	NS	UP	False	True	-0.9914433308071289
TMEFF1	1.45921923076923	0.186098472836156	6.41071083743841	1.49031173384923e-85	NS	UP	False	True	-4.95149160666918
TMEFF2	1.40419230769231	0.101912281448169	4.42911133004926	6.506252102368e-105	NS	UP	False	True	-3.0249190223569498
TMEM102	-0.0522346153846165	0.86227322961838	-2.56209408866995	3.2173870420676897e-177	NS	DOWN	False	True	2.5098594732853337
TMEM104	-0.068511538461538	0.810529996922636	1.12110147783251	1.2915285458134599e-70	NS	UP	False	True	-1.189613016294048
TMEM106A	1.00743076923077	0.008625206628208	2.1115039408867	4.79445451818123e-98	NS	UP	False	True	-1.10407317165593
TMEM108	1.33441153846154	0.0273182287064759	-6.20695073891625	1.17249278653106e-102	NS	DOWN	False	True	7.5413622773777895
TMEM119	0.140442307692308	0.805904571156299	4.64811625615763	5.7282729986064304e-142	NS	UP	False	True	-4.507673948465322
TMEM121	0.688211538461539	0.0802117201380294	1.65297536945813	3.94264148498019e-57	NS	UP	False	True	-0.9647638309965909
TMEM121B	0.351346153846154	0.417524205571591	-1.62198571428571	5.84828384782357e-47	NS	DOWN	False	True	1.973331868131864
TMEM125	-0.323580769230769	0.81279148546101	-9.32207586206896	7.2987774167417e-162	NS	DOWN	False	True	8.99849509283819
TMEM126A	0.595234615384613	0.0132912853511119	1.23097586206896	3.7164038530085e-114	NS	UP	False	True	-0.635741246684347
TMEM130	2.25866923076923	0.0046787995578377	1.9586645320197	2.2020570605460001e-26	NS	UP	False	True	0.3000046987495302
TMEM132A	1.19343846153846	0.0051200162436747	2.44421921182266	1.96172797649934e-113	NS	UP	False	True	-1.2507807502842003
TMEM132C	-0.0533615384615356	0.948027989876252	-7.7977881773399	3.6375914175499406e-167	NS	DOWN	False	True	7.744426638878364
TMEM132E	0.0582846153846157	0.95307409468068	-4.23428325123153	6.16020401278978e-65	NS	DOWN	False	True	4.292567866616146
TMEM134	-0.109349999999998	0.591738065545687	-2.30149753694581	2.7319606508448798e-222	NS	DOWN	False	True	2.192147536945812
TMEM138	-0.764196153846154	0.0017722159856601	1.08031379310345	7.74633699151452e-66	NS	UP	False	True	-1.844509946949604
TMEM139	1.14239230769231	0.0262507485507557	-4.87831280788177	8.63234756288249e-95	NS	DOWN	False	True	6.02070511557408
TMEM14A	0.603457692307692	0.0332768715198037	1.96492068965517	3.8081102893886796e-138	NS	UP	False	True	-1.361462997347478
TMEM14B	0.735415384615385	0.0022592792858319	1.10659014778325	9.520811604871431e-111	NS	UP	False	True	-0.371174763167865
TMEM14C	0.514453846153844	0.0371751178665056	1.26040591133005	3.02506624075015e-165	NS	UP	False	True	-0.745952065176206
TMEM150B	1.22068846153846	0.0446027029216399	-4.21505517241379	4.821276664381221e-35	NS	DOWN	False	True	5.43574363395225
TMEM151A	-1.84985769230769	0.0300151506208382	1.69183694581281	3.0854798812467502e-21	NS	UP	False	True	-3.5416946381205
TMEM154	1.92058846153846	0.0196116122627456	-2.20474137931034	2.97078224778891e-95	NS	DOWN	False	True	4.1253298408488
TMEM158	0.890619230769231	0.0674595646134433	3.09454482758621	1.1035273491483999e-117	NS	UP	False	True	-2.2039255968169793
TMEM163	1.16879615384615	0.186368843834028	-3.30893497536945	3.14783498935076e-35	NS	DOWN	False	True	4.4777311292156
TMEM164	0.33180769230769	0.193640576554436	-1.32722660098522	1.96492655511912e-82	NS	DOWN	False	True	1.65903429329291
TMEM171	1.72087692307692	0.0725207793852758	3.19594088669951	2.10855198984407e-115	NS	UP	False	True	-1.47506396362259
TMEM181	1.07147692307692	0.0048527346394414	1.14676896551724	8.15305399239885e-106	NS	UP	False	True	-0.07529204244031984
TMEM182	0.988419230769231	0.0050569962167583	2.22008275862069	2.05029704344731e-103	NS	UP	False	True	-1.231663527851459
TMEM184A	0.904950000000001	0.392143615572585	-7.8188236453202	6.79063179619919e-257	NS	DOWN	False	True	8.7237736453202
TMEM184B	0.201380769230771	0.517030153927411	1.26213004926108	5.9661885121326304e-120	NS	UP	False	True	-1.060749280030309
TMEM185B	0.483930769230769	0.0768883661468528	1.81704876847291	1.1473112765489102e-151	NS	UP	False	True	-1.333117999242141
TMEM190	0.344961538461537	0.761583031404781	2.54094384236453	1.53746774189964e-14	NS	UP	False	True	-2.1959823039029933
TMEM191B	-0.519588461538461	0.576513037344603	-2.88405123152709	1.7181992713955797e-30	NS	DOWN	False	True	2.364462769988629
TMEM191C	-0.620696153846154	0.178708560508162	-1.76433251231527	3.10858476653476e-53	NS	DOWN	False	True	1.143636358469116
TMEM192	0.846119230769233	0.0285323213961225	1.74063054187192	5.80990945574924e-129	NS	UP	False	True	-0.8945113111026869
TMEM196	0.462011538461542	0.323796443515328	2.70715221674876	1.22741062029123e-23	NS	UP	False	True	-2.245140678287218
TMEM198	0.3234	0.300195908091711	1.49024482758621	1.18636880999928e-91	NS	UP	False	True	-1.16684482758621
TMEM200A	1.71683076923077	0.0012311723931308	4.0811	9.66055056862658e-187	NS	UP	False	True	-2.36426923076923
TMEM200B	0.723776923076923	0.283160995334864	2.04129556650246	8.546116657138819e-140	NS	UP	False	True	-1.317518643425537
TMEM200C	2.6588	0.0020060859031322	-5.75568916256157	3.07638688065171e-116	NS	DOWN	False	True	8.41448916256157
TMEM204	0.497484615384614	0.212620120300771	1.63836600985222	5.18058818251546e-99	NS	UP	False	True	-1.140881394467606
TMEM209	1.09108076923077	0.004955721340512	1.1022039408867	5.3835038157979705e-67	NS	UP	False	True	-0.011123171655929909
TMEM210	0.123953846153848	0.847914213602127	-2.09283940886699	5.61829684705466e-12	NS	DOWN	False	True	2.2167932550208382
TMEM213	0.111457692307695	0.910943198903994	-9.36568226600984	8.93288691006317e-122	NS	DOWN	False	True	9.477139958317535
TMEM215	-0.0906269230769219	0.944599838825848	-1.29103448275862	9.109961483798131e-14	NS	DOWN	False	True	1.200407559681698
TMEM216	0.890334615384615	0.0081784460475779	1.1143197044335	1.38852279537179e-74	NS	UP	False	True	-0.22398508904888503
TMEM225B	0.175965384615385	0.706777955091268	-1.46228669950739	1.0401635689493e-39	NS	DOWN	False	True	1.638252084122775
TMEM229A	1.76164230769231	0.0774093116580407	-1.14269655172413	4.14509289821278e-10	NS	DOWN	False	True	2.9043388594164403
TMEM229B	0.983715384615385	0.0153616537405666	-1.78796403940887	2.97104152081632e-41	NS	DOWN	False	True	2.771679424024255
TMEM230	0.792565384615388	0.0005986424331991	2.26885665024631	2.8125480026453096e-213	NS	UP	False	True	-1.4762912656309222
TMEM232	1.68386153846154	0.0155271855343896	1.51934482758621	3.48831177104133e-28	NS	UP	False	True	0.16451671087533004
TMEM233	0.938050000000001	0.148245673554419	2.54058078817733	1.9381940254807e-30	NS	UP	False	True	-1.602530788177329
TMEM234	0.178819230769231	0.484723119547771	1.21830147783251	2.36038002850135e-105	NS	UP	False	True	-1.0394822470632792
TMEM235	0.540707692307695	0.274195051340154	-1.01024876847291	4.89753773251161e-06	NS	DOWN	False	True	1.550956460780605
TMEM238	-1.03866153846154	0.0292151423365236	-5.39607339901478	1.42757803767012e-143	NS	DOWN	False	True	4.35741186055324
TMEM238L	0.680857692307695	0.502157307646963	-7.57686798029555	2.56813044865107e-127	NS	DOWN	False	True	8.257725672603245
TMEM239	-0.631353846153846	0.341847553020014	1.74725615763546	2.7748923681788e-11	NS	UP	False	True	-2.378610003789306
TMEM240	0.178088461538461	0.723761045656916	1.49041231527094	2.85314527499468e-59	NS	UP	False	True	-1.312323853732479
TMEM244	0.210326923076926	0.875701464939788	1.97679261083743	4.89953369957721e-12	NS	UP	False	True	-1.766465687760504
TMEM25	1.28802692307692	0.0864400916280016	-1.67073645320197	4.69298792622719e-84	NS	DOWN	False	True	2.95876337627889
TMEM252	0.645080769230773	0.353886541376064	-4.96139655172413	1.45043243218462e-66	NS	DOWN	False	True	5.6064773209549035
TMEM254	0.202884615384614	0.435410609395718	-1.20541477832512	5.56632178474469e-91	NS	DOWN	False	True	1.408299393709734
TMEM255A	1.90395	0.0723658012057089	-2.96198275862069	5.11936321679651e-68	NS	DOWN	False	True	4.865932758620691
TMEM258	0.0098192307692341	0.967555796256754	1.06365221674877	4.88840177583409e-169	NS	UP	False	True	-1.053832985979536
TMEM26	1.83598076923077	0.0017478310298621	4.0157487684729	1.99632559408575e-50	NS	UP	False	True	-2.17976799924213
TMEM265	0.487053846153846	0.74710301201682	-4.69478866995074	5.32169915480875e-58	NS	DOWN	False	True	5.181842516104586
TMEM266	1.32037692307692	0.0016541247532089	-2.26274236453202	7.557444840726269e-83	NS	DOWN	False	True	3.58311928760894
TMEM268	-0.0745307692307691	0.833704083147685	1.0479118226601	1.83744376274564e-47	NS	UP	False	True	-1.1224425918908691
TMEM271	0.389726923076925	0.579530607802909	-8.0055660098522	5.277607177285101e-122	NS	DOWN	False	True	8.395292932929125
TMEM272	0.226842307692309	0.821569465943233	-4.13995024630541	3.89754987633868e-62	NS	DOWN	False	True	4.366792553997719
TMEM273	0.994784615384615	0.0074623630922582	-8.71509162561575	6.08456375180207e-135	NS	DOWN	False	True	9.709876241000366
TMEM30B	1.20922307692308	0.0284682051576599	-3.56574384236453	5.378332940643819e-128	NS	DOWN	False	True	4.7749669192876105
TMEM33	0.491203846153848	0.096534220485317	1.65164876847291	3.00221793887047e-119	NS	UP	False	True	-1.160444922319062
TMEM35A	1.58804230769231	0.0734916334567584	2.12957438423646	4.09918639841559e-48	NS	UP	False	True	-0.5415320765441498
TMEM35B	1.05367307692308	0.0080677353058091	2.44350098522167	2.51177885481765e-168	NS	UP	False	True	-1.3898279082985898
TMEM37	0.745061538461539	0.0519895631183215	-3.42273596059114	3.2420219432344196e-57	NS	DOWN	False	True	4.1677974990526785
TMEM38B	1.05118461538462	0.0208440168499334	1.19722216748769	7.8114105958064706e-59	NS	UP	False	True	-0.1460375521030699
TMEM40	0.165892307692308	0.929750779648921	-10.1467064039409	8.04941075873779e-153	NS	DOWN	False	True	10.312598711633209
TMEM42	0.55275	0.0514419239736156	1.30740738916256	2.25577993013814e-115	NS	UP	False	True	-0.75465738916256
TMEM44	0.243242307692307	0.401546685104245	1.56928620689655	4.112158198440659e-114	NS	UP	False	True	-1.3260438992042431
TMEM45A	0.666492307692308	0.291612957797882	-2.46683645320198	1.18359418524379e-129	NS	DOWN	False	True	3.133328760894288
TMEM45B	0.231846153846154	0.866490391865928	-8.8805802955665	1.8080731849915998e-180	NS	DOWN	False	True	9.112426449412654
TMEM50A	0.396776923076923	0.0820558572943974	1.49575714285715	9.88633243956636e-146	NS	UP	False	True	-1.098980219780227
TMEM51	0.182999999999999	0.583662393080996	-2.31408768472907	9.23725132635523e-89	NS	DOWN	False	True	2.497087684729069
TMEM52	-0.807692307692308	0.314227209267612	-2.51736502463054	4.3454125887099e-102	NS	DOWN	False	True	1.7096727169382322
TMEM52B	2.07044615384615	0.0023705670129332	4.66487586206896	2.23103469534849e-53	NS	UP	False	True	-2.5944297082228096
TMEM54	0.35541923076923	0.445554435422745	-2.5921078817734	1.6278131080934499e-159	NS	DOWN	False	True	2.94752711254263
TMEM59L	1.69824615384615	0.003696029558306	3.08359162561576	8.0256315265056e-90	NS	UP	False	True	-1.3853454717696099
TMEM61	0.91165384615385	0.433986670420692	-8.16795517241379	3.4248861907008e-122	NS	DOWN	False	True	9.079609018567641
TMEM63B	0.0334692307692315	0.899391369684597	-1.29327142857142	1.75068842530247e-133	NS	DOWN	False	True	1.3267406593406514
TMEM63C	0.636842307692308	0.50654179866056	-9.01276896551724	1.18468995872314e-149	NS	DOWN	False	True	9.64961127320955
TMEM64	1.37051153846154	0.0020430330273285	1.65607389162562	2.51451761669255e-110	NS	UP	False	True	-0.28556235316407985
TMEM74B	1.04252307692308	0.0020932903469316	-6.10762906403941	2.40268433960743e-156	NS	DOWN	False	True	7.15015214096249
TMEM79	0.491315384615386	0.278663177841959	-4.49794581280788	2.11674872145959e-225	NS	DOWN	False	True	4.989261197423266
TMEM86A	-0.180238461538461	0.580957415529795	-3.85919014778325	1.0479454464542599e-126	NS	DOWN	False	True	3.678951686244789
TMEM86B	-0.231630769230769	0.433135066082233	-1.16298965517241	4.3783712631522696e-77	NS	DOWN	False	True	0.931358885941641
TMEM88	0.223161538461539	0.544282206668827	-2.32039162561577	1.8376021007663002e-60	NS	DOWN	False	True	2.5435531640773092
TMEM88B	-0.494834615384613	0.659809682311073	-6.96738226600984	1.1708582955172e-82	NS	DOWN	False	True	6.472547650625227
TMEM91	0.485988461538462	0.177920642927535	-1.95912019704434	3.86070756228072e-76	NS	DOWN	False	True	2.445108658582802
TMEM95	0.139830769230771	0.77281786723567	-1.42042758620689	2.02487359402251e-10	NS	DOWN	False	True	1.560258355437661
TMEM97	-0.162026923076926	0.627024738274835	1.41738719211823	3.29523034690438e-70	NS	UP	False	True	-1.579414115195156
TMEM98	0.667407692307693	0.203271840131416	2.70884137931034	7.687881547537621e-169	NS	UP	False	True	-2.0414336870026473
TMIE	-1.26713076923077	0.121684104017461	-5.12420049261083	8.24383293951069e-85	NS	DOWN	False	True	3.8570697233800604
TMIGD1	0.337869230769234	0.43901036508093	-1.4931197044335	4.2506761838623003e-11	NS	DOWN	False	True	1.830988935202734
TMIGD2	1.0988	0.229716023352921	-2.50094334975369	2.83558801367377e-17	NS	DOWN	False	True	3.59974334975369
TMIGD3	0.506826923076923	0.339099914167552	-3.66262807881773	5.80801228006081e-30	NS	DOWN	False	True	4.169455001894653
TMOD1	1.31993076923077	0.0075509302118271	-4.87479852216749	2.0462402078361299e-140	NS	DOWN	False	True	6.19472929139826
TMPRSS11D	1.14986153846154	0.490071508238561	-1.09931724137931	0.0001650169533366	NS	DOWN	False	True	2.2491787798408502
TMPRSS11E	1.23013846153846	0.389705440390212	-4.67723596059112	6.386829984849741e-67	NS	DOWN	False	True	5.90737442212958
TMPRSS11F	1.49624230769231	0.171085253277038	-9.97862512315269	9.84245405507655e-192	NS	DOWN	False	True	11.474867430845
TMPRSS12	1.01360769230769	0.0911875548574472	-4.13333251231527	5.335444905674259e-56	NS	DOWN	False	True	5.14694020462296
TMPRSS13	-1.38967307692308	0.12542496740148	-11.0966044334975	3.42415092424747e-189	NS	DOWN	False	True	9.70693135657442
TMPRSS2	0.804046153846153	0.256368004256892	-6.49261379310344	1.46625410221124e-102	NS	DOWN	False	True	7.296659946949593
TMPRSS3	0.960200000000001	0.176800757307447	-7.26777142857141	9.265901626465449e-138	NS	DOWN	False	True	8.227971428571411
TMPRSS4	1.11562307692308	0.499001488750165	-6.12149064039408	1.15189535397041e-79	NS	DOWN	False	True	7.237113717317159
TMPRSS5	1.31449615384615	0.0080113253715453	-3.2388802955665	4.64991571352665e-117	NS	DOWN	False	True	4.55337644941265
TMPRSS6	1.17523461538462	0.169882725496133	-4.1049566502463	7.988572892631441e-117	NS	DOWN	False	True	5.28019126563092
TMPRSS7	0.139357692307694	0.813526519101713	-5.49072807881772	1.2781167695491e-105	NS	DOWN	False	True	5.630085771125414
TMSB10	0.118465384615387	0.639111577870492	2.78100689655173	3.4587650889898904e-211	NS	UP	False	True	-2.6625415119363427
TMSB15A	1.12104615384615	0.0281102798809749	1.73687536945812	6.88365066795353e-08	NS	UP	False	True	-0.61582921561197
TMSB4X	0.826896153846155	0.0065059602422977	2.04764532019705	8.908102885783931e-181	NS	UP	False	True	-1.220749166350895
TMSB4Y	0.404780769230771	0.78923468866031	-2.54392955665024	6.76884660804891e-10	NS	DOWN	False	True	2.9487103258810112
TMT1B	1.11922307692308	0.0999401564004237	3.97628669950739	7.00859512939637e-41	NS	UP	False	True	-2.8570636225843105
TMTC1	1.18180384615385	0.0332665201121504	4.06778768472906	5.0481308022600105e-198	NS	UP	False	True	-2.88598383857521
TNC	1.99706923076923	0.0067986246536304	2.29598719211823	1.43338157801767e-58	NS	UP	False	True	-0.29891796134900006
TNF	0.454273076923077	0.4727779489214	-4.67888029556649	4.4175723980950403e-63	NS	DOWN	False	True	5.133153372489567
TNFAIP8L2	0.769257692307692	0.0572450439755027	-4.945821182266	1.6667556418907198e-78	NS	DOWN	False	True	5.715078874573692
TNFRSF10B	0.801334615384615	0.0831285924053901	3.16824433497537	3.76621403783055e-166	NS	UP	False	True	-2.366909719590755
TNFRSF10C	-0.0719807692307692	0.93681397496419	3.92084236453202	1.9108619159010401e-112	NS	UP	False	True	-3.9928231337627893
TNFRSF10D	1.25211538461538	0.0240358041161888	5.07633596059113	1.02724269043956e-182	NS	UP	False	True	-3.8242205759757493
TNFRSF11B	2.15481153846154	0.0018057209228907	6.38448916256158	1.4020971041265799e-160	NS	UP	False	True	-4.22967762410004
TNFRSF12A	0.22183076923077	0.584630946352876	3.62548916256158	6.6734197541434204e-136	NS	UP	False	True	-3.40365839333081
TNFRSF13C	0.547896153846154	0.17864541207843	-3.7440566502463	4.88046105072005e-129	NS	DOWN	False	True	4.291952804092454
TNFRSF14	-0.380803846153845	0.170467213067214	-1.34740935960591	3.40660575032326e-50	NS	DOWN	False	True	0.966605513452065
TNFRSF18	0.451515384615385	0.322362080532282	-9.61392660098522	3.5406102667061296e-140	NS	DOWN	False	True	10.065441985600605
TNFRSF25	1.16669615384615	0.0021910692323639	-5.50621921182266	4.60037294211804e-212	NS	DOWN	False	True	6.67291536566881
TNFRSF4	0.399065384615385	0.260996330857048	-5.17676403940886	2.57687615836885e-77	NS	DOWN	False	True	5.575829424024245
TNFRSF6B	0.345696153846154	0.627929503905066	-2.40694778325123	9.74996673578667e-10	NS	DOWN	False	True	2.7526439370973836
TNFRSF8	0.689396153846153	0.218127994998259	-4.51917192118226	1.33336406603751e-86	NS	DOWN	False	True	5.208568075028413
TNFSF11	2.15238461538462	0.0083181662647656	-3.22040738916255	1.48668469262891e-28	NS	DOWN	False	True	5.37279200454717
TNFSF13B	1.76502692307692	0.0011997018188262	1.03466009852217	1.24243091793608e-26	NS	UP	False	True	0.7303668245547501
TNFSF8	1.29261923076923	0.0084950592437383	-3.88662068965516	1.6112633909025401e-44	NS	DOWN	False	True	5.17923992042439
TNIK	1.10170384615385	0.05869839879256	1.08131724137931	3.46348941796044e-27	NS	UP	False	True	0.020386604774540018
TNIP3	0.683946153846154	0.48062701583957	6.30782068965516	2.07143892278014e-95	NS	UP	False	True	-5.623874535809006
TNK1	1.8027	0.0372872947807453	-4.06588965517241	1.6311847521032899e-193	NS	DOWN	False	True	5.86858965517241
TNK2	0.196834615384614	0.340942377869923	-2.04697389162562	7.82775242854351e-137	NS	DOWN	False	True	2.243808507010234
TNMD	1.08773076923077	0.225213152143346	-6.94318128078817	6.03231747584375e-84	NS	DOWN	False	True	8.030912050018939
TNN	1.52515	0.0208423591547204	-7.4151408866995	6.830345434603e-120	NS	DOWN	False	True	8.9402908866995
TNNC1	1.37139615384615	0.0932633058550714	-2.40500935960591	1.15630304220831e-65	NS	DOWN	False	True	3.77640551345206
TNNC2	1.16822307692308	0.0644444265401498	-1.80928374384236	2.5417874353277998e-43	NS	DOWN	False	True	2.9775068207654396
TNNI1	1.84033461538462	0.05695973243709	-2.50757586206896	8.91407312702667e-25	NS	DOWN	False	True	4.3479104774535795
TNNI2	0.717873076923077	0.229313631694894	-7.3150921182266	8.092671045198909e-103	NS	DOWN	False	True	8.032965195149677
TNNI3	-0.592242307692308	0.337421023735809	-4.29112610837438	2.89061348542713e-61	NS	DOWN	False	True	3.698883800682072
TNNT1	4.61538461520306e-05	1.0	-4.32024285714286	1.0139223661631001e-112	NS	DOWN	False	True	4.320289010989012
TNNT2	1.25794615384616	0.310309299047147	-6.33739310344828	4.1851501690552603e-109	NS	DOWN	False	True	7.59533925729444
TNPO1	1.04058461538462	0.0120704657902615	2.98363793103448	1.3466960841106198e-216	NS	UP	False	True	-1.94305331564986
TNS3	0.823196153846154	0.0144293205322416	2.75464285714285	1.31920830165762e-156	NS	UP	False	True	-1.9314467032966962
TNS4	0.530403846153846	0.682367522984829	-8.70565320197044	2.40615896898618e-221	NS	DOWN	False	True	9.236057048124286
TNXB	-0.102842307692308	0.828660541983554	-2.57690640394089	1.29408025718209e-57	NS	DOWN	False	True	2.4740640962485823
TOB1	0.721326923076924	0.0458039554217943	-2.02846699507389	4.84426166277296e-125	NS	DOWN	False	True	2.749793918150814
TOGARAM2	0.761342307692308	0.149224410182499	-3.15879458128079	1.55920095340311e-63	NS	DOWN	False	True	3.920136888973098
TOLLIP	-0.15263846153846	0.612924257011277	-1.17435073891626	2.5556407748977e-109	NS	DOWN	False	True	1.0217122773778
TOM1L2	0.822453846153847	0.000953242888859	-1.83583990147783	8.983187001081621e-145	NS	DOWN	False	True	2.658293747631677
TOMM20L	0.0997653846153854	0.934890819260329	-1.57366108374384	3.32512443666331e-05	NS	DOWN	False	True	1.6734264683592255
TOMM34	0.354326923076922	0.175886775630375	1.12028866995073	3.18771960882692e-86	NS	UP	False	True	-0.765961746873808
TOMM5	0.487869230769229	0.0109570773844864	1.44611280788178	5.43009704234505e-128	NS	UP	False	True	-0.958243577112551
TOP2A	0.810261538461537	0.0194811837287498	1.54988472906404	2.23394521720135e-23	NS	UP	False	True	-0.739623190602503
TOR1A	0.626815384615385	0.0042711195324563	1.50865911330049	1.17491714852098e-134	NS	UP	False	True	-0.8818437286851051
TOR1B	0.770526923076923	0.0028903208785102	1.50490443349754	1.14927727431221e-110	NS	UP	False	True	-0.734377510420617
TOR4A	1.20811923076923	0.0039170629057614	2.89378275862069	3.5855886879842e-112	NS	UP	False	True	-1.6856635278514602
TOX	1.82258461538462	0.0152038954090214	4.65938029556651	2.1330062299441202e-167	NS	UP	False	True	-2.83679568018189
TOX2	0.7738	0.0992687641643085	1.14955418719212	3.18456704833334e-27	NS	UP	False	True	-0.37575418719211995
TOX3	1.37145	0.224316615480338	-7.74915517241378	1.57951484982238e-166	NS	DOWN	False	True	9.12060517241378
TP53AIP1	1.69618846153846	0.170667327038486	-10.1680729064039	7.225481406156309e-158	NS	DOWN	False	True	11.86426136794236
TP53I3	0.58991923076923	0.157696016318431	2.95352216748769	8.729425445650459e-216	NS	UP	False	True	-2.36360293671846
TP53TG5	2.14317307692308	0.0035416437848359	-1.0208960591133	4.60182352999108e-13	NS	DOWN	False	True	3.16406913603638
TP63	2.59787307692308	0.0192320721734443	-9.89103103448276	5.68043931797756e-253	NS	DOWN	False	True	12.488904111405839
TP73	1.22396153846154	0.0292488423477697	-7.07512709359606	8.01548208219193e-186	NS	DOWN	False	True	8.2990886320576
TPBG	1.62823076923077	0.0030303542546194	2.80123399014778	3.40854445270437e-181	NS	UP	False	True	-1.17300322091701
TPBGL	-1.44489615384615	0.0079335230610496	-3.51553743842364	1.6712785759735999e-49	NS	DOWN	False	True	2.07064128457749
TPD52	0.715334615384615	0.130538332696823	-6.03082266009852	2.69555942381569e-199	NS	DOWN	False	True	6.746157275483135
TPD52L1	2.18028846153846	0.004511622093219	-3.01404975369458	1.01389750443658e-98	NS	DOWN	False	True	5.19433821523304
TPD52L2	0.250815384615386	0.238026131026083	1.03059556650247	1.28181405533425e-127	NS	UP	False	True	-0.779780181887084
TPGS2	0.414626923076921	0.10719272307758	1.29624088669951	1.97570301775313e-125	NS	UP	False	True	-0.881613963622589
TPH1	1.66584615384616	0.015337248269738	-1.31349802955665	7.938649893232889e-34	NS	DOWN	False	True	2.97934418340281
TPM2	0.765542307692307	0.0453074125828913	2.93268768472906	2.1181900897568e-129	NS	UP	False	True	-2.167145377036753
TPM3	0.0718692307692272	0.799547973763903	1.42978472906404	5.3139869069654e-145	NS	UP	False	True	-1.3579154982948127
TPM4	0.84116153846154	0.0006008307739938	2.46404827586208	3.8532461580243704e-240	NS	UP	False	True	-1.62288673740054
TPO	0.221065384615385	0.856547500722033	-3.68561674876847	2.42015193952075e-39	NS	DOWN	False	True	3.906682133383855
TPP1	0.436846153846152	0.177229196295249	1.52888866995074	1.90744028676873e-132	NS	UP	False	True	-1.0920425161045881
TPPP	-0.860103846153846	0.070150703841571	-5.99995763546798	5.30053260258697e-219	NS	DOWN	False	True	5.139853789314134
TPPP2	0.710603846153848	0.418913067279149	-3.17271871921182	1.3201345617398499e-18	NS	DOWN	False	True	3.8833225653656678
TPPP3	0.312884615384615	0.488710118780665	-8.09167783251232	3.31274622166459e-221	NS	DOWN	False	True	8.404562447896934
TPRG1	1.35997692307692	0.0631329592012406	-4.18611083743843	3.54947821154194e-143	NS	DOWN	False	True	5.54608776051535
TPRN	-0.609888461538462	0.0166137553157779	-1.74215467980296	1.29969542438973e-112	NS	DOWN	False	True	1.132266218264498
TPSAB1	0.956500000000001	0.361366511000981	-10.113066502463	2.38528276019666e-156	NS	DOWN	False	True	11.069566502463001
TPSB2	0.751076923076923	0.484169732523072	-11.0288921182266	4.18962564480454e-152	NS	DOWN	False	True	11.779969041303524
TPSD1	1.01681153846154	0.469352497180505	-9.66453596059112	7.58756838940813e-154	NS	DOWN	False	True	10.68134749905266
TPSG1	-1.12801923076923	0.304196456691929	-8.64693152709358	1.43075426490689e-183	NS	DOWN	False	True	7.51891229632435
TPST1	0.948003846153845	0.0124249559001647	2.86231379310345	6.53122037653194e-212	NS	UP	False	True	-1.9143099469496048
TPX2	-0.0175769230769243	0.962783127266692	1.3616078817734	2.61989440899529e-27	NS	UP	False	True	-1.3791848048503244
TRABD2A	0.3258	0.690658999116609	3.67891477832512	3.85865774746573e-160	NS	UP	False	True	-3.35311477832512
TRABD2B	1.87800769230769	0.0212226149853455	-3.79594532019704	8.144847437117429e-83	NS	DOWN	False	True	5.673953012504731
TRAF3	0.618565384615385	0.052876529208463	1.41883842364532	1.28462174399318e-81	NS	UP	False	True	-0.800273039029935
TRAF3IP1	1.01123076923077	0.0010487367315378	1.09473349753695	3.0007972117718802e-93	NS	UP	False	True	-0.08350272830618
TRAF3IP3	1.06236153846154	0.0298920827687052	-4.93951576354679	3.33829140016252e-95	NS	DOWN	False	True	6.00187730200833
TRAF5	0.708965384615384	0.0312468076927527	1.18828669950739	4.8044849042721e-60	NS	UP	False	True	-0.4793213148920059
TRAK2	0.440123076923077	0.219545139070552	2.57082610837438	8.54610082229753e-161	NS	UP	False	True	-2.130703031451303
TRAPPC1	-0.268626923076924	0.14818695543494	1.02017536945813	1.49103224968539e-126	NS	UP	False	True	-1.288802292535054
TRAPPC14	0.1806	0.379798264189469	-1.68454039408867	3.73076455058349e-144	NS	DOWN	False	True	1.8651403940886702
TRAPPC3L	2.41043076923077	0.0032516788323323	3.14102709359605	1.07618055295758e-30	NS	UP	False	True	-0.7305963243652798
TRAPPC6A	-0.544588461538462	0.0210750291260912	-1.95607536945812	1.41240255174474e-118	NS	DOWN	False	True	1.4114869079196581
TRAPPC9	0.305665384615385	0.252159495091543	-1.0661315270936	5.36111478246547e-97	NS	DOWN	False	True	1.371796911708985
TRARG1	0.106130769230773	0.910561223726262	-4.54599113300492	7.62054550970632e-59	NS	DOWN	False	True	4.6521219022356926
TRAT1	1.75822692307692	0.0394769733614031	-6.44916354679802	1.7280785929755999e-124	NS	DOWN	False	True	8.20739046987494
TRDN	2.13826538461539	0.0177448539051306	-1.10681428571428	1.20235690508869e-06	NS	DOWN	False	True	3.2450796703296696
TREML1	0.555734615384616	0.179349544824507	-2.83242413793103	5.84450114166913e-18	NS	DOWN	False	True	3.388158753315646
TREX1	-0.453723076923075	0.0443225017749126	-1.3287315270936	1.44286728825271e-81	NS	DOWN	False	True	0.875008450170525
TREX2	-0.0376384615384611	0.9689812792597	-4.6370487684729	3.54208791997256e-178	NS	DOWN	False	True	4.5994103069344385
TRH	0.219011538461538	0.817523721722505	-4.63798719211822	1.13050816588158e-62	NS	DOWN	False	True	4.8569987305797575
TRHDE	2.00833846153847	0.0311517826267358	1.48963793103448	1.4270883681388e-15	NS	UP	False	True	0.5187005305039898
TRIAP1	0.780673076923079	0.0008736183023305	1.33333251231527	7.51254571457099e-62	NS	UP	False	True	-0.552659435392191
TRIB1	0.794634615384615	0.0286828546136299	-1.12990246305419	1.2821850020308299e-29	NS	DOWN	False	True	1.9245370784388052
TRIB2	0.640915384615385	0.0669236881565569	1.20566502463054	2.01948254505792e-53	NS	UP	False	True	-0.564749640015155
TRIB3	0.386026923076923	0.18592653418794	1.52764532019705	8.33398804142032e-34	NS	UP	False	True	-1.1416183971201268
TRIM10	0.515296153846158	0.525860318356179	-6.84705270935959	4.5535926869952e-127	NS	DOWN	False	True	7.3623488632057486
TRIM15	0.936465384615391	0.391300772745651	-7.70375467980294	2.9797428204051e-132	NS	DOWN	False	True	8.640220064418331
TRIM17	1.65633461538462	0.0137896851158932	-1.79175467980296	7.81985589476806e-52	NS	DOWN	False	True	3.4480892951875797
TRIM21	0.901261538461538	0.0037882894273674	1.25886945812808	2.75725557252168e-87	NS	UP	False	True	-0.35760791966654193
TRIM22	1.77063461538461	0.0019222851506376	3.14820246305419	1.86837118237326e-148	NS	UP	False	True	-1.37756784766958
TRIM27	0.383688461538461	0.04850280779169	1.09246354679803	9.168728253211179e-100	NS	UP	False	True	-0.7087750852595689
TRIM29	0.275476923076923	0.888606141860578	-10.2230689655172	8.375050357507e-311	NS	DOWN	False	True	10.498545888594123
TRIM31	1.86505	0.0409010116220773	-6.53343842364531	2.1707432268037699e-103	NS	DOWN	False	True	8.398488423645311
TRIM32	0.131676923076922	0.678432411107067	2.10034679802955	3.7055691165245e-172	NS	UP	False	True	-1.9686698749526281
TRIM36	1.00443846153846	0.0252350207553776	-1.51346748768473	7.35069433489965e-29	NS	DOWN	False	True	2.51790594922319
TRIM37	0.814099999999999	0.0258706937660157	1.09471625615764	5.82757643534077e-90	NS	UP	False	True	-0.28061625615764096
TRIM40	0.514726923076925	0.335944992199685	-2.01902660098522	4.22257688687504e-20	NS	DOWN	False	True	2.533753524062145
TRIM44	1.24855384615385	0.0010563239232038	2.39400197044335	4.08020273095486e-180	NS	UP	False	True	-1.1454481242895
TRIM46	0.339546153846154	0.475357348603392	2.56382709359606	9.832895679924629e-126	NS	UP	False	True	-2.224280939749906
TRIM47	-0.0210576923076928	0.958980932789204	-1.89968325123153	2.51485355301306e-80	NS	DOWN	False	True	1.8786255589238372
TRIM48	2.26191153846154	0.142055576705986	-2.52652512315271	4.41670766455692e-19	NS	DOWN	False	True	4.78843666161425
TRIM50	1.02574230769231	0.22404106464738	-2.95801083743841	1.1476437497324701e-24	NS	DOWN	False	True	3.98375314513072
TRIM55	2.22103076923077	0.0121588554715234	1.44448916256157	3.24151388345641e-07	NS	UP	False	True	0.7765416066692001
TRIM58	2.52286153846154	0.0257622022164579	-4.17922019704433	5.51600186221155e-55	NS	DOWN	False	True	6.70208173550587
TRIM6	1.67400384615385	0.0054402636978075	2.04263694581281	1.09879374103881e-87	NS	UP	False	True	-0.3686330996589602
TRIM62	-0.144361538461538	0.676705932746488	-1.54445320197044	3.13213067176907e-98	NS	DOWN	False	True	1.400091663508902
TRIM63	-1.81910384615385	0.0014314144924667	-3.58345467980295	8.24186690772023e-66	NS	DOWN	False	True	1.7643508336491
TRIM64B	1.84903846153846	0.0042325486923428	-1.2613487684729	2.6507515205866802e-15	NS	DOWN	False	True	3.11038723001136
TRIM7	0.526607692307693	0.401308996590849	-3.67787684729064	4.66434550933485e-172	NS	DOWN	False	True	4.204484539598333
TRIM72	-0.651873076923076	0.46026983715354	-4.46535172413793	4.032765809436609e-77	NS	DOWN	False	True	3.813478647214854
TRIM73	1.35701538461538	0.0028161709798791	-1.04663201970443	3.50079217590439e-29	NS	DOWN	False	True	2.40364740431981
TRIM74	1.1252	0.348805199960667	-2.5460290640394	8.432199089832721e-20	NS	DOWN	False	True	3.6712290640394
TRIML2	2.3475576923077	0.0448147790646016	1.54815172413793	3.40649090182243e-06	NS	UP	False	True	0.7994059681697703
TRIO	0.151242307692308	0.677011639717733	1.80157339901478	2.97585658870115e-154	NS	UP	False	True	-1.650331091322472
TRIOBP	0.53101153846154	0.0441347024724087	1.19806600985222	7.27203143626521e-109	NS	UP	False	True	-0.66705447139068
TRIP13	0.159957692307692	0.636487634247835	2.47934532019704	2.90913157048219e-72	NS	UP	False	True	-2.319387627889348
TRIQK	1.25141538461538	0.0034985715125999	2.27077044334975	8.1418806902148e-153	NS	UP	False	True	-1.01935505873437
TRMT1L	1.19681538461538	0.0012288437428366	1.7348684729064	3.1479359136160797e-122	NS	UP	False	True	-0.5380530882910199
TRMT5	0.839980769230768	0.0094168033209446	1.87005911330049	3.14164489225381e-112	NS	UP	False	True	-1.030078344069722
TRNP1	-0.185415384615383	0.652609647424108	3.86563300492611	3.6620540163117503e-214	NS	UP	False	True	-4.051048389541493
TRPA1	2.05803076923077	0.0267851319680751	8.44060197044335	3.92654441284558e-124	NS	UP	False	True	-6.3825712012125795
TRPC1	1.72038461538462	0.0106703210549758	2.22577733990148	5.59783479198736e-159	NS	UP	False	True	-0.5053927245168601
TRPC5OS	1.38838846153847	0.033691973826575	-2.01596699507389	3.40316051132301e-20	NS	DOWN	False	True	3.40435545661236
TRPM1	-2.83421153846154	0.0011223839750326	-5.24629162561576	9.80320340690079e-90	NS	DOWN	False	True	2.4120800871542203
TRPM2	0.348919230769231	0.568066002430135	-5.61055960591132	2.80979204744643e-99	NS	DOWN	False	True	5.9594788366805505
TRPM3	2.55198076923077	0.0066865042036538	1.84225369458128	2.4190106053449702e-24	NS	UP	False	True	0.7097270746494901
TRPM4	0.44931923076923	0.203049178144801	-1.18284827586207	6.33516936795255e-89	NS	DOWN	False	True	1.6321675066313
TRPM5	0.39518461538462	0.555896415317059	-3.25752857142857	2.54188788924299e-48	NS	DOWN	False	True	3.65271318681319
TRPM6	1.61415769230769	0.0498217615576949	-3.15759802955664	1.35948176593104e-61	NS	DOWN	False	True	4.77175572186433
TRPV3	2.49381538461538	0.0060927571401032	-4.42599852216749	5.0368213153847606e-211	NS	DOWN	False	True	6.91981390678287
TRPV4	1.88885384615385	0.0041552428679913	-1.89511921182266	2.12464129579645e-71	NS	DOWN	False	True	3.7839730579765103
TRPV5	1.27866538461539	0.104547209803523	-1.67919408866995	6.3365477875621e-17	NS	DOWN	False	True	2.95785947328534
TRPV6	0.953750000000002	0.317011449204639	-7.51992167487684	1.5741489017061598e-176	NS	DOWN	False	True	8.473671674876842
TSACC	-0.391861538461539	0.37062630259628	1.32470443349753	4.08819087273894e-08	NS	UP	False	True	-1.716565971959069
TSEN15	0.945876923076922	0.0004293495726742	1.88374827586207	1.09376618557111e-136	NS	UP	False	True	-0.9378713527851481
TSEN54	-0.0581076923076917	0.733141408656948	-1.49131527093596	4.2924716878882095e-103	NS	DOWN	False	True	1.4332075786282683
TSGA10IP	2.6337	0.0052652995365645	-3.64875714285713	1.08261613809567e-29	NS	DOWN	False	True	6.28245714285713
TSHB			-1.45571625615763	2.71790593367691e-06	NS	DOWN	False	True	
TSHR	1.72344615384616	0.106042347378185	-2.61965073891625	6.11348076646812e-25	NS	DOWN	False	True	4.34309689276241
TSHZ2	0.797788461538461	0.118817524139136	-1.27506403940887	1.01202280267992e-24	NS	DOWN	False	True	2.072852500947331
TSHZ3	0.507503846153846	0.235092671329022	2.68166650246306	1.33439181840684e-162	NS	UP	False	True	-2.174162656309214
TSKS	-0.0762461538461539	0.938782769512471	-1.51434187192118	1.8377000291204401e-19	NS	DOWN	False	True	1.4380957180750262
TSN	0.961365384615386	0.0025808449690264	1.02780049261084	1.08010394606694e-115	NS	UP	False	True	-0.06643510799545393
TSNARE1	0.615957692307691	0.0077264075745616	-1.95768571428572	1.07942149546149e-143	NS	DOWN	False	True	2.573643406593411
TSPAN1	0.205984615384615	0.725766119920051	-2.40601871921182	1.88672534238493e-77	NS	DOWN	False	True	2.6120033345964346
TSPAN14	0.35213846153846	0.273851434353391	-1.37774679802956	9.42289066367951e-120	NS	DOWN	False	True	1.7298852595680199
TSPAN15	0.913953846153846	0.0132338260431188	-3.13732512315271	6.06295662368133e-123	NS	DOWN	False	True	4.051278969306556
TSPAN16	0.532438461538465	0.5399212253209	-1.68799704433497	3.6886330978289e-08	NS	DOWN	False	True	2.220435505873435
TSPAN17	0.403219230769232	0.139978036116207	1.01266206896552	2.7129892779694104e-91	NS	UP	False	True	-0.609442838196288
TSPAN18	0.783330769230769	0.121652198853275	-1.96972610837438	2.4052279144824e-31	NS	DOWN	False	True	2.753056877605149
TSPAN19	2.38763461538462	0.0357116192735539	3.95782315270935	2.97626081484505e-32	NS	UP	False	True	-1.57018853732473
TSPAN2	0.880399999999999	0.0889226413355474	-2.57713990147783	4.1208934006381794e-42	NS	DOWN	False	True	3.457539901477829
TSPAN3	0.795646153846156	0.0047254549895465	1.76320591133005	2.46842966692967e-136	NS	UP	False	True	-0.967559757483894
TSPAN32	2.13556538461538	0.0036084805625323	-3.03142413793103	1.15313864269179e-46	NS	DOWN	False	True	5.166989522546411
TSPAN33	0.370538461538462	0.410295963764655	-5.13271133004926	1.5659297091892701e-145	NS	DOWN	False	True	5.503249791587723
TSPAN4	-0.0029038461538428	0.992316738919159	1.72081034482759	1.3920163914418201e-145	NS	UP	False	True	-1.7237141909814329
TSPAN6	0.980857692307692	8.73167047794728e-05	1.18095960591133	2.2035795645288901e-97	NS	UP	False	True	-0.20010191360363805
TSPAN7	1.28443076923077	0.0704868416665089	-5.6861236453202	8.238336147818791e-200	NS	DOWN	False	True	6.97055441455097
TSPAN8	0.768303846153848	0.583807357806148	-5.55585172413793	2.3666270227706898e-92	NS	DOWN	False	True	6.3241555702917776
TSPAN9	0.578111538461539	0.0484999474790517	-1.05244975369458	8.682617325883e-64	NS	DOWN	False	True	1.630561292156119
TSPEAR	1.25849615384616	0.204118767427335	-4.43874729064039	4.38911395463893e-59	NS	DOWN	False	True	5.69724344448655
TSPO2	1.14921538461539	0.221039670375607	-3.85246896551723	1.71623010103131e-37	NS	DOWN	False	True	5.001684350132621
TSPYL5	1.44300769230769	0.118233786092697	1.95806945812808	4.83942016001455e-113	NS	UP	False	True	-0.51506176582039
TSSK1B	1.07383076923077	0.144792311416645	-1.47068669950738	1.23684734158907e-07	NS	DOWN	False	True	2.54451746873815
TSSK3	0.691711538461538	0.269142762002478	-1.19046896551724	4.17832037452189e-29	NS	DOWN	False	True	1.882180503978778
TSTD1	0.332096153846154	0.631536626559801	-6.32251477832512	3.56920280387928e-155	NS	DOWN	False	True	6.654610932171273
TSTD3	0.94944230769231	0.244328809849469	1.99048522167487	1.06937615968299e-21	NS	UP	False	True	-1.04104291398256
TTBK1	1.45475769230769	0.0264602873726262	-1.44756354679803	2.01836429391782e-12	NS	DOWN	False	True	2.90232123910572
TTC22	0.904223076923077	0.421192173079149	-10.7020990147783	5.508753923230159e-204	NS	DOWN	False	True	11.606322091701378
TTC23L	1.88739230769231	0.0025153812637059	-3.17175221674877	8.62708406446105e-41	NS	DOWN	False	True	5.059144524441081
TTC24	2.12253076923077	0.0357039375750525	-1.51098571428571	2.18336245067424e-06	NS	DOWN	False	True	3.63351648351648
TTC29	0.649050000000001	0.341497122349546	3.44205665024629	4.7949746775265003e-32	NS	UP	False	True	-2.793006650246289
TTC3	0.374823076923074	0.421574931706429	1.33570738916256	2.6615709939386303e-112	NS	UP	False	True	-0.9608843122394859
TTC34	0.560142307692308	0.371535741106897	-1.32255960591132	3.0873416250179998e-18	NS	DOWN	False	True	1.882701913603628
TTC39A	-2.48673846153846	0.0021458899121099	-4.65974236453202	2.4798272529366803e-183	NS	DOWN	False	True	2.1730039029935604
TTC39B	1.42136153846154	0.0049082911080898	-1.06384187192118	5.23998726210571e-60	NS	DOWN	False	True	2.48520341038272
TTC6	2.09838076923077	0.0285795110881493	-4.78242709359606	2.86454834308983e-42	NS	DOWN	False	True	6.880807862826829
TTC7B	0.549015384615386	0.0561235084947472	1.21045862068966	3.5037837232896904e-97	NS	UP	False	True	-0.6614432360742739
TTC8	0.929130769230768	0.0058379791000734	1.46719408866995	1.88362513003388e-109	NS	UP	False	True	-0.538063319439182
TTC9	1.06703846153846	0.0605390279544039	-6.3672315270936	2.78303266757547e-212	NS	DOWN	False	True	7.43426998863206
TTC9B	-0.325311538461539	0.564845286624152	-3.09319359605911	5.070091916378679e-40	NS	DOWN	False	True	2.767882057597571
TTK	0.743284615384616	0.076389519434343	1.00983842364532	3.07151871781486e-12	NS	UP	False	True	-0.26655380826070396
TTL	0.867165384615383	0.00447579802624	1.12488669950739	3.9515659890270904e-91	NS	UP	False	True	-0.2577213148920071
TTLL1	-0.348834615384615	0.135913035063603	1.11938669950739	9.379918116006821e-104	NS	UP	False	True	-1.4682213148920051
TTLL10	0.125396153846156	0.90615268451515	-6.60283399014777	2.16726747494063e-136	NS	DOWN	False	True	6.728230143993926
TTLL13	1.48161923076923	0.0448684651871363	1.66398866995073	5.87259699084489e-13	NS	UP	False	True	-0.18236943918150006
TTLL2	0.425146153846155	0.556574718748648	-2.77588078817734	2.20459858496682e-31	NS	DOWN	False	True	3.2010269420234954
TTLL6	3.49463076923077	0.0062403887815988	3.74314581280787	1.80287301700844e-50	NS	UP	False	True	-0.24851504357709997
TTLL7	0.584453846153846	0.40101824258867	1.60858571428571	4.63422854796659e-55	NS	UP	False	True	-1.024131868131864
TTLL9	1.41728846153846	0.0690800569655277	-1.79193990147783	7.03941817212749e-19	NS	DOWN	False	True	3.2092283630162903
TTPA	2.71813846153846	0.0037173535030916	4.68243743842364	4.84095265838117e-63	NS	UP	False	True	-1.9642989768851797
TTPAL	0.666811538461539	0.008108961504051	1.4706	1.08948268215406e-109	NS	UP	False	True	-0.803788461538461
TTR	2.12729615384615	0.0241112295203589	-2.21482758620689	8.442636742416089e-11	NS	DOWN	False	True	4.34212374005304
TTYH1	2.10250769230769	0.0080213712820519	-4.99546600985222	1.55411789846945e-139	NS	DOWN	False	True	7.09797370215991
TTYH3	-0.8108	0.0014483200255081	2.03697290640394	1.37034309293554e-132	NS	UP	False	True	-2.84777290640394
TUBA1A	0.783157692307689	0.0347687696146951	1.24123596059113	5.99744748409577e-58	NS	UP	False	True	-0.4580782682834411
TUBA1B	0.248353846153847	0.434831809278229	1.96449113300493	4.77746609403614e-91	NS	UP	False	True	-1.716137286851083
TUBA3E	-0.533899999999998	0.600933257868608	1.44050492610837	6.36821861391854e-07	NS	UP	False	True	-1.974404926108368
TUBA4A	0.66031923076923	0.38463435520074	-4.25742709359606	7.14155381375079e-204	NS	DOWN	False	True	4.9177463243652895
TUBA4B	1.01466153846154	0.22332758388034	-4.21661527093595	6.827147177850231e-44	NS	DOWN	False	True	5.231276809397491
TUBA8	-0.330857692307692	0.621169130835089	-1.73133497536946	1.11176204800024e-77	NS	DOWN	False	True	1.400477283061768
TUBAL3	0.846919230769234	0.402901661861646	-5.87050788177339	1.55517080718082e-93	NS	DOWN	False	True	6.717427112542624
TUBB	-0.164830769230772	0.526062691647954	2.25670837438423	1.2054026614609501e-154	NS	UP	False	True	-2.4215391436150018
TUBB1	1.89498076923077	0.0035701654093457	1.90869901477832	4.44413376690233e-21	NS	UP	False	True	-0.013718245547549968
TUBB2A	-0.198688461538461	0.53648518683341	-1.03908620689656	2.05378161143508e-45	NS	DOWN	False	True	0.8403977453580991
TUBB2B	0.352926923076923	0.481596526712056	-1.10622561576355	1.07834096449312e-19	NS	DOWN	False	True	1.459152538840473
TUBB3	-0.522900000000002	0.218340197451004	3.84762216748768	1.09771379811597e-130	NS	UP	False	True	-4.370522167487682
TUBB4A	-1.77446923076923	0.0035002252152831	-4.66588965517241	2.69463371091886e-75	NS	DOWN	False	True	2.8914204244031794
TUBB6	0.0226538461538466	0.941974505747606	2.13665221674877	4.87523658592884e-173	NS	UP	False	True	-2.1139983705949232
TUBB8B	0.725957692307692	0.346434133597728	-3.22028374384236	2.0333200976103199e-22	NS	DOWN	False	True	3.9462414361500517
TUFT1	0.303584615384615	0.53534080907489	-4.09101625615763	8.88435166799306e-190	NS	DOWN	False	True	4.394600871542245
TULP1	-0.092138461538462	0.941680123322784	-3.93726256157635	2.26967944770874e-62	NS	DOWN	False	True	3.845124100037888
TULP2	2.12363461538462	0.0198579944369053	2.43315123152709	5.97264557919988e-15	NS	UP	False	True	-0.30951661614246984
TUSC3	2.07335769230769	0.0024753509674264	3.67323940886699	6.3369389341764e-209	NS	UP	False	True	-1.5998817165593002
TVP23A	0.171411538461539	0.788216365348502	-1.0715078817734	1.71049007063943e-42	NS	DOWN	False	True	1.242919420234939
TVP23C-CDRT4	1.50231923076923	0.0048637070389965	1.59905517241379	5.91955591439523e-35	NS	UP	False	True	-0.09673594164456012
TWF2	-0.0798230769230761	0.750881106834	1.05138916256158	1.97888770676499e-118	NS	UP	False	True	-1.1312122394846562
TWIST1	0.998357692307692	0.0672452003458285	3.03973349753694	1.1037081085161401e-157	NS	UP	False	True	-2.041375805229248
TWIST2	0.055942307692308	0.91769225311061	3.1965684729064	3.77196223045585e-138	NS	UP	False	True	-3.140626165214092
TXN	-0.19023846153846	0.443350135400405	1.04926650246306	3.83235892284086e-85	NS	UP	False	True	-1.23950496400152
TXNDC12	0.305700000000001	0.0920695837670267	1.348478817734	5.1178667637939705e-154	NS	UP	False	True	-1.042778817733999
TXNDC17	0.452173076923073	0.0280270934249329	1.56646206896552	1.7566070895111998e-115	NS	UP	False	True	-1.114288992042447
TXNDC2	0.923261538461541	0.274233749376878	2.37689655172413	3.05724880511124e-20	NS	UP	False	True	-1.4536350132625888
TXNDC5	0.765965384615382	0.0467584196063323	3.26465172413794	5.15930583326164e-243	NS	UP	False	True	-2.498686339522558
TXNIP	1.33268461538462	0.0011008737957885	-4.42597044334976	3.99447966033089e-85	NS	DOWN	False	True	5.75865505873438
TXNRD1	0.627538461538462	0.048521589888492	5.05348177339902	5.97606355603393e-264	NS	UP	False	True	-4.425943311860558
TYMS	0.463046153846155	0.258701709384257	3.012939408867	2.21321552896795e-126	NS	UP	False	True	-2.5498932550208453
TYR	-0.975203846153845	0.344114432280243	-10.7785448275862	9.46571056564182e-194	NS	DOWN	False	True	9.803340981432356
TYRO3	0.668561538461536	0.0594539315828195	-1.71055073891626	1.7201276680468402e-120	NS	DOWN	False	True	2.379112277377796
TYROBP	0.402888461538467	0.344243426891934	-7.05956157635468	5.8622177783834005e-105	NS	DOWN	False	True	7.462450037893147
TYRP1	-1.98263461538462	0.186223616054731	-8.4844881773399	4.4604346970304995e-136	NS	DOWN	False	True	6.50185356195528
TYSND1	-0.284280769230768	0.256994055947365	-1.69865714285714	1.38897277635685e-148	NS	DOWN	False	True	1.414376373626372
TYW3	0.991134615384615	0.0008261503873231	1.5963157635468	1.38243584378301e-142	NS	UP	False	True	-0.6051811481621849
UAP1	0.976057692307694	0.0015248914251728	2.12259556650247	7.78179132630222e-104	NS	UP	False	True	-1.1465378741947758
UBAC1	0.191607692307692	0.297841340332206	-1.4230290640394	4.00514553219394e-153	NS	DOWN	False	True	1.614636756347092
UBAP1L	-1.32366923076923	0.0213861004948687	-1.21147733990148	3.49644738560075e-62	NS	DOWN	False	True	-0.11219189086774994
UBASH3A	0.620657692307693	0.326173949365769	-4.96457487684729	6.29354329421334e-92	NS	DOWN	False	True	5.585232569154982
UBD	0.736726923076922	0.400767728619327	-6.87061133004925	1.8128212741167002e-86	NS	DOWN	False	True	7.607338253126173
UBE2J1	0.816723076923077	0.0042788882901744	1.54357339901478	5.5211546589656195e-164	NS	UP	False	True	-0.726850322091703
UBE2L6	1.12069230769231	0.0140663398137908	1.29915123152709	1.64885974925496e-123	NS	UP	False	True	-0.1784589238347798
UBE2N	0.617430769230772	0.0113541485108996	1.03056403940887	6.070290027397161e-98	NS	UP	False	True	-0.413133270178098
UBE2Q2P16	1.84347692307692	0.0185760921483304	2.13528571428571	1.42039114790239e-13	NS	UP	False	True	-0.2918087912087899
UBE2QL1	0.590976923076924	0.436518771691887	-5.44310344827586	9.3060426255718e-110	NS	DOWN	False	True	6.0340803713527835
UBE2S	-0.487642307692308	0.0558540880128067	2.34777733990148	2.89308686144802e-113	NS	UP	False	True	-2.8354196475937883
UBE2T	0.0390461538461544	0.917271722473137	1.69242019704433	4.83792695772742e-50	NS	UP	False	True	-1.6533740431981756
UBE2U	0.943080769230771	0.337669089124585	-1.87441280788177	3.45080952452585e-10	NS	DOWN	False	True	2.8174935771125407
UBFD1	0.714392307692309	0.0087163980376828	1.9275197044335	2.8244838959117e-195	NS	UP	False	True	-1.213127396741191
UBOX5	0.174019230769231	0.500635510699972	-1.02308128078818	3.9965658975858e-89	NS	DOWN	False	True	1.197100511557411
UBR4	0.020492307692308	0.943129480363809	-2.78661871921182	7.91893360974056e-165	NS	DOWN	False	True	2.807111026904128
UBXN10	0.325507692307692	0.699403135239946	-5.66622955665024	2.16288266698151e-127	NS	DOWN	False	True	5.991737248957932
UBXN8	0.939576923076923	0.0020526769540678	2.08302216748769	1.8943446065115e-162	NS	UP	False	True	-1.143445244410767
UCHL1	-0.451480769230769	0.597443875095462	3.95656551724138	3.2469655587898697e-147	NS	UP	False	True	-4.408046286472149
UCK2	0.350157692307693	0.094855875750157	1.28380049261084	2.7637240609220502e-104	NS	UP	False	True	-0.933642800303147
UCN2	0.0259500000000004	0.980525001656155	-3.87441379310345	1.65097307056437e-101	NS	DOWN	False	True	3.9003637931034505
UCP2	-0.480419230769232	0.252167838176942	-2.96928866995074	7.756878020911251e-98	NS	DOWN	False	True	2.488869439181508
UFSP1	-0.464253846153847	0.105961917209593	2.02396650246306	2.03782829884019e-77	NS	UP	False	True	-2.488220348616907
UGDH	1.46828846153846	0.0010777513223901	2.82864334975369	4.49860475591829e-189	NS	UP	False	True	-1.36035488821523
UGGT1	0.938576923076922	0.0033420598634313	2.02004679802956	3.52868121764105e-162	NS	UP	False	True	-1.0814698749526381
UGT1A1	-0.255965384615383	0.795435845660643	-8.5209290640394	4.79092213372069e-166	NS	DOWN	False	True	8.264963679424017
UGT1A10	0.877619230769233	0.338430295336877	-5.14341428571428	3.0559720009134797e-49	NS	DOWN	False	True	6.021033516483513
UGT1A4	0.0565153846153876	0.948510429538591	-7.56835221674875	2.76786393951104e-147	NS	DOWN	False	True	7.624867601364137
UGT1A6	0.0323846153846166	0.98456554610073	-11.37870591133	1.72772227406149e-190	NS	DOWN	False	True	11.411090526714617
UGT1A7	0.080138461538465	0.963901505254105	-9.63853891625615	1.34588345155373e-170	NS	DOWN	False	True	9.718677377794615
UGT1A8	-0.114992307692306	0.882426233968704	-2.81343645320197	5.61309036705173e-21	NS	DOWN	False	True	2.698444145509664
UGT1A9	0.630780769230771	0.314302617228235	-1.0106551724138	2.36840824310634e-06	NS	DOWN	False	True	1.641435941644571
UGT2A1	0.496838461538465	0.632868126540239	-1.78294334975369	3.01138876123206e-07	NS	DOWN	False	True	2.279781811292155
UGT2B11	-0.133053846153846	0.78096815406366	-2.90015566502463	3.33877691903552e-25	NS	DOWN	False	True	2.767101818870784
UGT2B28	0.28647307692308	0.569594573579219	-1.25971133004927	8.4000271908591e-09	NS	DOWN	False	True	1.5461844069723498
UGT2B7	3.28	0.037327626789058	-2.78478866995073	4.1540722922315003e-16	NS	DOWN	False	True	6.06478866995073
UGT3A1	0.473300000000002	0.549015621772041	-3.69429507389162	9.77903411135528e-49	NS	DOWN	False	True	4.167595073891622
UGT3A2	1.64888461538462	0.140770754519841	-9.45013201970443	5.54761607479465e-141	NS	DOWN	False	True	11.09901663508905
UGT8	2.64402307692308	0.0092850909783965	-2.88914433497536	9.332636496971189e-48	NS	DOWN	False	True	5.5331674118984395
UHMK1	0.981192307692308	0.0062280145968729	1.35264285714286	8.053256072427571e-111	NS	UP	False	True	-0.3714505494505519
UHRF1	0.425757692307692	0.226370311686499	2.7824960591133	4.59802717035346e-80	NS	UP	False	True	-2.356738366805608
ULBP1	2.17151923076923	0.0114363366519006	7.21965911330049	3.64366641329191e-140	NS	UP	False	True	-5.04813988253126
ULBP2	1.27894615384615	0.0928479119189995	4.66609655172414	9.954778708728069e-116	NS	UP	False	True	-3.3871503978779898
ULBP3	2.5712576923077	0.0059298937681083	5.37373891625615	1.7566297478317902e-85	NS	UP	False	True	-2.8024812239484502
ULK1	0.535488461538463	0.0081652142233177	-2.07647980295566	4.67778956461573e-152	NS	DOWN	False	True	2.611968264494123
ULK3	-0.077184615384617	0.679443811672922	-2.4464315270936	2.47659332168725e-163	NS	DOWN	False	True	2.369246911708983
UMODL1	-0.550553846153846	0.547028936160883	-4.2040724137931	4.22430735567035e-57	NS	DOWN	False	True	3.6535185676392543
UNC119B	0.970723076923077	0.0008886482338082	1.56326256157635	3.53524053679024e-99	NS	UP	False	True	-0.592539484653273
UNC13A	0.558923076923077	0.448121342028767	1.19098768472906	8.27192620506345e-13	NS	UP	False	True	-0.632064607805983
UNC13C	0.82034230769231	0.461016476118172	-4.36054827586206	1.49575504991333e-55	NS	DOWN	False	True	5.18089058355437
UNC13D	-0.59213076923077	0.279550725463802	-3.02248374384237	1.29595777771341e-127	NS	DOWN	False	True	2.4303529746116004
UNC45B	0.770357692307693	0.247433057415244	-1.29909852216749	1.7407092896453902e-09	NS	DOWN	False	True	2.069456214475183
UNC5A	0.597434615384616	0.216272892995628	-4.67082068965517	9.900910330481688e-77	NS	DOWN	False	True	5.268255305039786
UNC5B	0.923419230769231	0.0090467193287854	1.75182463054187	1.39406254660439e-53	NS	UP	False	True	-0.828405399772639
UNC5C	2.4571	0.0010731460329312	-2.76383300492611	1.07552673137171e-50	NS	DOWN	False	True	5.22093300492611
UNC5CL	0.705803846153847	0.18839674558394	-3.78293842364532	2.3226286755717502e-110	NS	DOWN	False	True	4.488742269799166
UNC79	1.80556923076923	0.0016185178550351	1.54513990147784	2.0952923903494198e-27	NS	UP	False	True	0.26042932929138995
UNC80	2.57746538461539	0.0045597651163466	-3.49739556650247	1.23540479711485e-62	NS	DOWN	False	True	6.074860951117859
UNC93A	0.0523000000000016	0.977564612781415	-13.157975862069	9.52746354725924e-253	NS	DOWN	False	True	13.210275862069002
UNK	0.383815384615388	0.127951150312628	-1.1919487684729	1.0225093724748e-130	NS	DOWN	False	True	1.575764153088288
UPB1	2.28339615384616	0.0067646964594119	-4.9736660098522	8.15399320617639e-70	NS	DOWN	False	True	7.257062163698359
UPK1A	-1.12505	0.0144033718866707	-6.85311231527094	9.32679455340813e-124	NS	DOWN	False	True	5.7280623152709405
UPK1B	0.728734615384616	0.605139642465814	-3.50464926108374	1.13278447746639e-34	NS	DOWN	False	True	4.2333838764683565
UPK3A	0.0541307692307695	0.961599303383124	-1.86501970443349	6.51620295283282e-13	NS	DOWN	False	True	1.9191504736642595
UPK3B	1.45154230769231	0.0992060702640799	-5.11325615763547	5.43638807471713e-102	NS	DOWN	False	True	6.5647984653277796
UPK3BL1	0.266680769230769	0.525757255577133	-1.49777931034483	2.58777292006875e-34	NS	DOWN	False	True	1.7644600795755991
UQCC2	-0.530373076923078	0.0157298225603395	1.01743743842365	1.6499903284992398e-70	NS	UP	False	True	-1.547810515346728
UQCRB	0.525326923076923	0.020230379055429	1.01073103448275	3.15331417215768e-59	NS	UP	False	True	-0.48540411140582707
URB2	0.541457692307693	0.0888681588227468	1.29291133004926	7.09357421073489e-55	NS	UP	False	True	-0.751453637741567
URGCP-MRPS24	0.311661538461539	0.799593036310604	1.96432807881773	2.40145682216985e-06	NS	UP	False	True	-1.6526665403561909
UROD	-0.0073730769230788	0.974291857101176	1.14636896551724	1.16816491666166e-161	NS	UP	False	True	-1.1537420424403189
UROS	-0.264803846153846	0.263563545445102	1.15208866995073	1.19755032605937e-124	NS	UP	False	True	-1.416892516104576
USB1	0.240411538461537	0.293261118195538	1.39642512315271	3.32902956596919e-136	NS	UP	False	True	-1.156013584691173
USH1C	-0.474603846153848	0.66842691393075	-3.09108916256157	3.65981003150462e-24	NS	DOWN	False	True	2.616485316407722
USH1G	1.49416923076923	0.196345575357629	-9.47050049261083	4.00038544014075e-186	NS	DOWN	False	True	10.96466972338006
USHBP1	0.610884615384616	0.0964522000900204	-6.48364975369458	7.79293765270001e-100	NS	DOWN	False	True	7.094534369079196
USP13	0.681719230769231	0.112985914513893	1.99122955665025	1.81848631869201e-127	NS	UP	False	True	-1.309510325881019
USP14	0.880946153846154	0.0108146616451678	1.38884630541872	4.61549649557119e-136	NS	UP	False	True	-0.5079001515725658
USP17L2	0.511411538461539	0.46026983715354	1.6075684729064	7.91039692479408e-08	NS	UP	False	True	-1.096156934444861
USP17L4	0.0	1.0	-1.40782709359606	1.17627854566473e-07	NS	DOWN	False	True	1.40782709359606
USP17L7	1.32673846153847	0.0097750481070886	2.1060802955665	1.17297767556738e-13	NS	UP	False	True	-0.77934183402803
USP2	0.530123076923078	0.321373794786943	-4.85509064039409	1.21978206200535e-172	NS	DOWN	False	True	5.385213717317169
USP20	0.127642307692308	0.47551138374527	-1.33069261083744	1.4803989648070502e-144	NS	DOWN	False	True	1.458334918529748
USP25	0.8953	0.0072102201187875	1.2505645320197	3.3359557739820194e-114	NS	UP	False	True	-0.3552645320197001
USP31	0.428338461538462	0.087919909507999	-1.2064197044335	3.63170927579239e-69	NS	DOWN	False	True	1.634758165971962
USP35	0.0390769230769235	0.917914303804377	1.3587	5.7742364493726e-93	NS	UP	False	True	-1.3196230769230766
USP41	2.24257307692308	0.0519613551251401	2.04633793103448	8.16421860261716e-06	NS	UP	False	True	0.19623514588860003
USP51	0.865753846153846	0.0285102588578361	1.46706108374384	1.12049171374029e-75	NS	UP	False	True	-0.601307237589994
USP53	1.58106923076923	0.0076818012491116	2.30460492610837	5.3010613808106705e-117	NS	UP	False	True	-0.7235356953391399
USP54	0.503800000000001	0.103593598566919	-2.36993399014779	2.0111732000107402e-152	NS	DOWN	False	True	2.873733990147791
UTP11	0.4506	0.125524577473972	1.13610344827587	2.24099385931784e-107	NS	UP	False	True	-0.6855034482758701
UTP14A	0.468392307692306	0.0285102588578361	1.41159064039409	5.53306387151178e-129	NS	UP	False	True	-0.9431983327017841
UTP20	1.04725	0.0017527812928774	1.21465960591133	8.26459619738728e-91	NS	UP	False	True	-0.16740960591132992
UTP3	0.699696153846154	0.0069679402722527	1.0171960591133	2.5355804087030097e-78	NS	UP	False	True	-0.317499905267146
UTS2	-1.76294615384615	0.191921248844856	-1.29001970443349	1.80824630385282e-06	NS	DOWN	False	True	-0.47292644941265993
UTS2B	2.90861538461539	0.0015728128137998	3.80896650246305	2.39033128890266e-59	NS	UP	False	True	-0.9003511178476602
UXS1	0.816792307692306	0.0134814165280399	1.7139275862069	1.5289553926945498e-147	NS	UP	False	True	-0.8971352785145938
VAMP1	0.860626923076922	0.0207946902087308	1.10377881773399	2.70588960845259e-51	NS	UP	False	True	-0.243151894657068
VAMP2	0.46648076923077	0.0851532297778145	-1.51017832512315	7.8804601329423e-165	NS	DOWN	False	True	1.97665909435392
VAMP5	0.573534615384615	0.267786419778545	1.75076600985221	6.42348186353758e-145	NS	UP	False	True	-1.177231394467595
VAMP8	0.582026923076922	0.226370311686499	-6.96320541871921	0.0	NS	DOWN	False	True	7.545232341796132
VANGL1	0.469119230769232	0.171320077670858	1.22149655172414	1.66983101848596e-92	NS	UP	False	True	-0.7523773209549081
VANGL2	1.02833076923077	0.0836838954141088	-8.26936206896551	2.1347746922056202e-212	NS	DOWN	False	True	9.29769283819628
VASN	0.385834615384615	0.434290093071529	3.1028684729064	2.94739760170162e-145	NS	UP	False	True	-2.7170338575217854
VAT1L	2.37275	0.0041066998607542	3.06637586206896	1.35286778814952e-53	NS	UP	False	True	-0.6936258620689602
VAV1	1.02604230769231	0.0161961009722391	-6.50359704433497	2.9292359373265002e-111	NS	DOWN	False	True	7.529639352027281
VAV2	1.13138461538462	0.0015029779942477	1.1716802955665	5.20883806589034e-100	NS	UP	False	True	-0.0402956801818799
VCL	0.851438461538463	0.0088169689568781	1.95365517241379	1.1728546484956899e-187	NS	UP	False	True	-1.102216710875327
VCX	2.69247692307693	0.0752513165170499	-1.36518325123153	6.06662030198598e-06	NS	DOWN	False	True	4.05766017430846
VCX3A	2.61064230769231	0.134167465716204	-3.22967192118226	2.19563613246055e-25	NS	DOWN	False	True	5.84031422887457
VCX3B	2.92294615384616	0.0421999589331316	-4.75595911330049	3.11400411034635e-46	NS	DOWN	False	True	7.67890526714665
VEGFC	1.01788461538462	0.001012708479111	3.70039162561576	8.40263094080678e-174	NS	UP	False	True	-2.6825070102311397
VEGFD	1.16606923076923	0.0681543509106184	-1.47678275862069	5.10254831309223e-19	NS	DOWN	False	True	2.64285198938992
VENTX	1.17630384615385	0.029806143101154	-7.09869753694581	2.90595446220881e-144	NS	DOWN	False	True	8.27500138309966
VEPH1	-1.11863846153846	0.0973122020427654	4.32537339901478	1.70865618350094e-153	NS	UP	False	True	-5.44401186055324
VGLL1	1.79442307692308	0.172494870921464	-3.79413842364531	4.43470644285785e-27	NS	DOWN	False	True	5.588561500568391
VGLL2	0.938515384615387	0.119761528686821	-1.58045763546798	1.24270981277385e-07	NS	DOWN	False	True	2.518973020083367
VIL1	-0.601334615384613	0.587248005999539	-4.42445418719211	1.61333243307749e-59	NS	DOWN	False	True	3.8231195718074966
VIM	-0.096180769230763	0.798630970439202	2.7085763546798	3.08775847283752e-156	NS	UP	False	True	-2.804757123910563
VIP	2.61216538461539	0.0024419930286977	-4.63389211822659	1.44263822464994e-54	NS	DOWN	False	True	7.24605750284198
VIPR1	0.327646153846153	0.73647922762108	-9.25475566502462	9.10501385105107e-218	NS	DOWN	False	True	9.582401818870773
VIPR2	1.04311153846154	0.279794316783133	-5.2913527093596	2.1674209487236e-84	NS	DOWN	False	True	6.33446424782114
VKORC1	0.320100000000001	0.147954925882207	1.64741822660098	2.12874704940532e-178	NS	UP	False	True	-1.327318226600979
VMP1	0.946434615384615	0.0014006344938192	1.96526798029557	1.1950672314405e-159	NS	UP	False	True	-1.0188333649109549
VNN3P	0.398376923076925	0.727786648046178	-1.34445024630542	0.0001742383181179	NS	DOWN	False	True	1.742827169382345
VPREB3	0.120496153846154	0.918277776514893	-3.18465862068965	2.2444546754217702e-21	NS	DOWN	False	True	3.3051547745358043
VPS13A	1.26995	0.0010889922892144	-1.03533694581281	2.13736870949575e-68	NS	DOWN	False	True	2.30528694581281
VPS13D	0.603907692307693	0.0176795548514615	-1.54928275862069	5.1021686971842496e-129	NS	DOWN	False	True	2.153190450928383
VPS18	-0.2707	0.400400241687701	1.10003251231527	5.3109642098615e-82	NS	UP	False	True	-1.37073251231527
VPS26C	0.553984615384617	0.0574517163875335	1.34554778325123	1.74512114721631e-147	NS	UP	False	True	-0.791563167866613
VPS35L	0.204592307692306	0.350312116780981	1.20202610837438	1.59404421895615e-165	NS	UP	False	True	-0.997433800682074
VPS41	0.994888461538462	0.0051589377556107	1.02494778325123	1.84695721371693e-84	NS	UP	False	True	-0.030059321712767928
VPS51	0.107015384615385	0.676236512770888	-1.12700886699508	2.9715330699856304e-110	NS	DOWN	False	True	1.234024251610465
VRTN	1.41262307692308	0.0492401104726371	-1.46709261083743	1.0320848784644e-13	NS	DOWN	False	True	2.87971568776051
VSIG10L	-0.205980769230768	0.679197751086352	-4.46099950738916	1.44292087419237e-224	NS	DOWN	False	True	4.255018738158392
VSIG2	2.60096923076923	0.0015523064785866	-1.59321773399015	2.8283463062770397e-30	NS	DOWN	False	True	4.19418696475938
VSIG4	1.58695384615385	0.0063167947455141	-5.80761379310344	7.60269014053402e-102	NS	DOWN	False	True	7.394567639257289
VSIG8	0.741934615384617	0.512284030625234	-7.05575024630542	2.63744397076349e-143	NS	DOWN	False	True	7.797684861690037
VSNL1	2.11733846153846	0.0941693707080195	-4.47336600985222	1.05184405439487e-110	NS	DOWN	False	True	6.59070447139068
VSTM2A	0.431503846153849	0.513588597550167	-2.4875842364532	1.56023019314694e-19	NS	DOWN	False	True	2.919088082607049
VSTM2B	0.99828076923077	0.46027188321298	-1.75687783251232	8.56845986164902e-12	NS	DOWN	False	True	2.75515860174309
VSTM2L	0.902646153846154	0.264626498437688	1.45442561576355	2.18655517494147e-22	NS	UP	False	True	-0.551779461917396
VSTM4	1.18006538461538	0.0070792372973279	1.53548522167488	3.3099220543127396e-57	NS	UP	False	True	-0.3554198370595001
VSTM5	2.46374615384616	0.0076854088736186	1.46150640394088	2.3801261259763397e-22	NS	UP	False	True	1.0022397499052798
VSX2	0.435046153846157	0.496817768285615	-1.71725911330049	6.59511690085161e-19	NS	DOWN	False	True	2.152305267146647
VTCN1	1.93471538461539	0.0219409923466761	-6.33076699507388	6.12621014185529e-83	NS	DOWN	False	True	8.26548237968927
VWA1	0.409373076923076	0.361133553141155	-1.98660246305418	5.04039239758371e-86	NS	DOWN	False	True	2.395975539977256
VWA2	2.39490769230769	0.0101747538307111	-7.57333349753694	4.5747179488043196e-125	NS	DOWN	False	True	9.96824118984463
VWA3A	2.44546153846155	0.0043326110311666	-2.34037586206896	6.39193106600623e-35	NS	DOWN	False	True	4.78583740053051
VWA3B	2.08397307692308	0.020287758456305	1.64006748768473	3.65938541488583e-09	NS	UP	False	True	0.4439055892383501
VWA5B1	0.970626923076928	0.162867355512248	-2.64140689655172	9.342999692644379e-30	NS	DOWN	False	True	3.612033819628648
VWA5B2	1.83646153846154	0.008642938295609	-1.26625418719211	3.1981427652101904e-09	NS	DOWN	False	True	3.10271572565365
VWA7	1.75327692307693	0.0100851281630152	-2.4758354679803	1.26529261108323e-82	NS	DOWN	False	True	4.22911239105723
VWC2	0.100538461538465	0.879482019081309	-7.43249310344826	4.54590285933338e-224	NS	DOWN	False	True	7.533031564986724
VWC2L	0.510457692307694	0.406348515950733	-2.08313743842364	2.95085023702367e-24	NS	DOWN	False	True	2.593595130731334
VWCE	0.537269230769231	0.200360361261069	1.74356551724138	7.36428764533756e-42	NS	UP	False	True	-1.206296286472149
VWF	0.302680769230768	0.388399236204834	-6.86032561576355	1.45413482430059e-227	NS	DOWN	False	True	7.1630063849943175
WARS1	0.623530769230769	0.218852233065594	2.06363793103448	5.87307944213601e-114	NS	UP	False	True	-1.4401071618037111
WARS2	0.663411538461538	0.0120920904034942	1.46939261083744	1.9032447304299601e-121	NS	UP	False	True	-0.805981072375902
WAS	0.548488461538461	0.1896509845068	-2.93054581280788	1.2238483745831198e-122	NS	DOWN	False	True	3.479034274346341
WASF1	0.90796923076923	0.0206221667805253	2.42209753694581	6.96019504758197e-212	NS	UP	False	True	-1.51412830617658
WASF3	0.730792307692308	0.324124065867957	2.87431428571429	2.04451574458282e-174	NS	UP	False	True	-2.1435219780219823
WASHC1	0.175626923076923	0.418843376756534	-1.43305369458128	1.3484049208961498e-78	NS	DOWN	False	True	1.608680617658203
WASHC3	0.610561538461538	0.0247344353318823	1.35006305418719	4.25324298225118e-145	NS	UP	False	True	-0.739501515725652
WBP2	-0.335665384615387	0.181547016226459	-1.43953891625616	4.860181968798741e-151	NS	DOWN	False	True	1.103873531640773
WBP2NL	1.78876153846154	0.009151407606851	-1.06287931034483	3.69245521345265e-24	NS	DOWN	False	True	2.85164084880637
WDCP	0.739030769230769	0.0042624302929023	1.69534187192118	2.21463500094129e-133	NS	UP	False	True	-0.9563111026904109
WDFY1	0.982311538461537	0.0124591945406087	1.42016009852217	1.17089939325076e-130	NS	UP	False	True	-0.4378485600606331
WDFY4	0.711207692307692	0.091790739746075	-2.0963960591133	1.01946765631533e-24	NS	DOWN	False	True	2.807603751420992
WDHD1	0.503246153846154	0.195843362588359	1.12343251231527	4.64325580243448e-39	NS	UP	False	True	-0.620186358469116
WDR1	0.170796153846151	0.559345416731462	1.66151527093596	8.0469261137872e-142	NS	UP	False	True	-1.4907191170898089
WDR12	0.742546153846154	0.0030219190411933	1.58003743842365	2.95851066689208e-107	NS	UP	False	True	-0.837491284577496
WDR17	2.14230769230769	0.034110027758021	1.9694763546798	5.7892469633364304e-52	NS	UP	False	True	0.17283133762789005
WDR3	1.06613076923077	0.0089554125868949	1.91096502463054	1.35872709428566e-99	NS	UP	False	True	-0.8448342553997701
WDR47	1.26981153846154	0.0020896092295468	-1.46896995073892	1.56661177903765e-99	NS	DOWN	False	True	2.73878148920046
WDR49	2.34003461538462	0.0069195252754801	-2.35995960591132	1.02105434615526e-17	NS	DOWN	False	True	4.69999422129594
WDR54	-0.171069230769231	0.607696401609621	1.47929064039409	5.55819827609679e-93	NS	UP	False	True	-1.650359871163321
WDR62	-0.457015384615385	0.101475851733115	-1.71011674876847	1.79537080803241e-38	NS	DOWN	False	True	1.253101364153085
WDR64	3.30189230769231	0.0010501469372971	2.78562758620689	1.37734490714845e-22	NS	UP	False	True	0.5162647214854199
WDR72	1.12853076923077	0.295175223178442	-8.10686650246305	3.4375122363315697e-168	NS	DOWN	False	True	9.23539727169382
WDR87	0.0933346153846166	0.933169287899568	-3.26765615763546	1.21616829979424e-39	NS	DOWN	False	True	3.3609907730200765
WDR91	-0.0782423076923058	0.841977639461076	-1.60934876847291	1.06188492069203e-124	NS	DOWN	False	True	1.5311064607806042
WDR93	1.31210384615385	0.0229437420237768	1.13308325123152	7.460024476174559e-11	NS	UP	False	True	0.1790205949223298
WDR97	1.96153846153846	0.0031759253220787	-2.51610640394089	2.99326288969456e-90	NS	DOWN	False	True	4.47764486547935
WEE2	2.07773461538462	0.0029655046587774	-2.23036009852217	7.14529522666238e-22	NS	DOWN	False	True	4.30809471390679
WFDC1	-1.82166153846154	0.0213327471918932	-2.38444187192118	2.3666255502272102e-25	NS	DOWN	False	True	0.56278033345964
WFDC10B	2.23512307692308	0.0110854162427439	-2.10728177339901	4.11771459307092e-12	NS	DOWN	False	True	4.34240485032209
WFDC11			-1.86218325123152	2.05313898648664e-11	NS	DOWN	False	True	
WFDC12	0.341403846153849	0.875002503500969	-10.8424881773399	7.96169552211956e-139	NS	DOWN	False	True	11.18389202349375
WFDC13	0.895153846153853	0.052876529208463	-1.48829359605912	1.53363973202458e-06	NS	DOWN	False	True	2.3834474422129728
WFDC2	1.42184230769231	0.139791544020965	-6.97065714285714	1.23789118777914e-110	NS	DOWN	False	True	8.392499450549451
WFDC3	0.598542307692308	0.19895180095345	-2.7069315270936	1.40266076785632e-29	NS	DOWN	False	True	3.305473834785908
WFDC5	0.448500000000001	0.833668316433581	-14.5790004926108	8.76439081780051e-208	NS	DOWN	False	True	15.027500492610802
WFDC6	0.228107692307695	0.496817768285615	-5.46015073891624	7.729212856938979e-57	NS	DOWN	False	True	5.688258431223935
WFIKKN1	0.661515384615385	0.339713888485504	-4.64027339901477	2.31739201954201e-134	NS	DOWN	False	True	5.301788783630155
WFIKKN2	1.56015	0.0258729501100875	-6.22919261083743	3.35734607619354e-118	NS	DOWN	False	True	7.78934261083743
WHRN	-0.253138461538462	0.537293401055181	-2.04944778325123	1.5897087457962401e-111	NS	DOWN	False	True	1.796309321712768
WIF1	3.20170384615385	0.0067356439920515	-5.51108177339901	1.72121817813581e-73	NS	DOWN	False	True	8.712785619552859
WIPF1	0.676984615384616	0.184767570932836	2.3208	1.96219744401186e-150	NS	UP	False	True	-1.6438153846153842
WIPF3	-0.751042307692308	0.254779648479343	-5.26712364532019	3.60257326371326e-114	NS	DOWN	False	True	4.516081337627882
WNK2	-1.72576153846154	0.034892386868425	-8.59476896551724	1.52957703639874e-202	NS	DOWN	False	True	6.8690074270557
WNT1	-0.0694769230769205	0.953087853925553	-1.91105221674876	4.74882628872519e-16	NS	DOWN	False	True	1.8415752936718395
WNT10A	0.833207692307692	0.235439212365203	-10.8487862068965	1.16813748656236e-186	NS	DOWN	False	True	11.681993899204192
WNT10B	0.456053846153846	0.50086578873477	-6.38261773399014	1.02169689429281e-121	NS	DOWN	False	True	6.838671580143987
WNT11	0.298265384615384	0.690585717491403	-5.43973793103448	1.7067641255243903e-111	NS	DOWN	False	True	5.7380033156498635
WNT16	1.90191538461539	0.0356570587289216	-5.33500443349753	5.14984789600343e-137	NS	DOWN	False	True	7.23691981811292
WNT2	0.0880307692307691	0.897899477313498	-5.72950541871921	3.4901247574636095e-77	NS	DOWN	False	True	5.817536187949979
WNT3	0.888607692307693	0.248470279811866	-5.2421118226601	2.98740009376643e-188	NS	DOWN	False	True	6.130719514967793
WNT3A	1.15291538461539	0.183543401436928	-9.96150788177339	8.54738236201393e-261	NS	DOWN	False	True	11.11442326638878
WNT4	0.210015384615385	0.750881106834	-8.96089852216748	2.21834481681337e-196	NS	DOWN	False	True	9.170913906782864
WNT5A	1.90855769230769	0.0019150268858733	5.78996896551724	2.02344187617764e-217	NS	UP	False	True	-3.8814112732095505
WNT5B	0.541203846153846	0.252501682804554	3.50900886699507	5.9160057591561406e-173	NS	UP	False	True	-2.967805020841224
WNT6	1.38265384615385	0.0690138538796874	-8.87826748768472	6.34484674476526e-160	NS	DOWN	False	True	10.26092133383857
WNT7A	1.23908076923077	0.272306143460597	-5.75729113300492	1.60694156476197e-97	NS	DOWN	False	True	6.9963719022356905
WNT7B	1.20597307692308	0.262677608568494	-10.292378817734	4.50272399704325e-183	NS	DOWN	False	True	11.49835189465708
WNT8B	1.7758	0.037327626789058	-1.71299064039408	1.24227814895597e-10	NS	DOWN	False	True	3.48879064039408
WNT9A	0.935676923076923	0.116608406214742	-1.29971379310345	1.63189314472379e-38	NS	DOWN	False	True	2.235390716180373
WNT9B	-0.0794000000000006	0.935594205136616	-7.93827635467979	3.0731554095990404e-169	NS	DOWN	False	True	7.858876354679789
WSCD1	1.5969	0.0094346844964148	-1.4366354679803	6.815630566332881e-31	NS	DOWN	False	True	3.0335354679803
WSCD2	2.05936153846154	0.0322673601070783	-5.26874285714285	1.8742794841513802e-91	NS	DOWN	False	True	7.32810439560439
WTIP	0.646211538461538	0.16824896863077	2.02225862068965	5.24595504562557e-112	NS	UP	False	True	-1.3760470822281117
WWC1	0.52066923076923	0.366865438710191	-1.91064581280788	2.5807796061032897e-78	NS	DOWN	False	True	2.43131504357711
XAGE1A	2.56684230769231	0.222497244467749	-3.5447408866995	1.40399318836696e-26	NS	DOWN	False	True	6.111583194391811
XAGE1B	2.17318461538462	0.285453287362166	-4.52788768472906	3.5023105296021597e-40	NS	DOWN	False	True	6.70107230011368
XAGE2	0.595726923076928	0.710818031925347	-2.40348374384236	2.7027533859008296e-11	NS	DOWN	False	True	2.9992106669192884
XAGE5	-0.0430961538461521	0.971621169514346	-1.27478374384236	1.4375365805358501e-09	NS	DOWN	False	True	1.2316875899962079
XCL1	0.718273076923077	0.393608800640797	-2.41453054187192	1.72500413834228e-16	NS	DOWN	False	True	3.1328036187949966
XCR1	1.21909230769231	0.159329950835934	-9.28843349753694	1.39503292062528e-198	NS	DOWN	False	True	10.50752580522925
XIRP1	-0.0157423076923071	0.987062540276646	-1.56473004926108	3.25657151891298e-14	NS	DOWN	False	True	1.548987741568773
XK	1.43978846153846	0.0762115941093659	-6.01997536945813	1.8688333136512e-141	NS	DOWN	False	True	7.45976383099659
XKR3	-0.351661538461537	0.713175432956192	3.3617645320197	8.95517309207338e-27	NS	UP	False	True	-3.713426070481237
XKR4	1.95158846153847	0.0112450452733635	-5.56135369458128	5.884842704548801e-122	NS	DOWN	False	True	7.51294215611975
XKR5	2.23786153846154	0.0222167312449412	1.0565669950739	8.74970164730628e-06	NS	UP	False	True	1.1812945433876398
XKR9	-0.197873076923077	0.829958941596393	1.44498916256158	1.36149889271513e-06	NS	UP	False	True	-1.642862239484657
XKRX	0.619473076923078	0.548031067305774	-8.50295812807881	1.69879213257458e-162	NS	DOWN	False	True	9.122431205001888
XPNPEP2	0.545161538461539	0.432293096741274	1.83468620689655	1.6656657529842e-32	NS	UP	False	True	-1.289524668435011
XPR1	0.84671153846154	0.004445814587205	1.51916305418719	1.8809719819802501e-109	NS	UP	False	True	-0.6724515157256501
XRCC2	0.882126923076923	0.048183758662637	1.92463399014779	8.05707952086636e-51	NS	UP	False	True	-1.0425070670708672
XRRA1	0.112734615384615	0.701345969719632	1.05539655172414	1.6993389719766998e-37	NS	UP	False	True	-0.9426619363395249
XYLB	0.0128461538461542	0.978614993069614	2.28567586206897	3.51600433789811e-86	NS	UP	False	True	-2.2728297082228157
YAE1	0.917434615384616	0.0013234373985028	1.79116748768473	6.30733322068751e-153	NS	UP	False	True	-0.8737328723001141
YARS1	0.235296153846154	0.379781306005362	1.61223300492611	1.48808412537169e-89	NS	UP	False	True	-1.376936851079956
YBX1	0.109930769230768	0.655067815518989	1.54042610837439	3.9515332025420895e-160	NS	UP	False	True	-1.430495339143622
YBX2	0.0880461538461534	0.910454602169206	-4.6241960591133	1.5119251964002099e-124	NS	DOWN	False	True	4.712242212959453
YIF1B	-0.336915384615386	0.123032233962552	1.67892167487685	4.14648375273018e-148	NS	UP	False	True	-2.015837059492236
YIPF6	1.05587692307692	0.0010680272518593	1.14450492610837	2.8226952666000602e-120	NS	UP	False	True	-0.08862800303144991
YKT6	0.0850423076923077	0.736629210707951	1.05931822660099	1.2113843930596498e-92	NS	UP	False	True	-0.9742759189086823
YME1L1	0.906253846153845	0.0071209979724461	1.24122955665024	6.91361023207633e-149	NS	UP	False	True	-0.3349757104963951
YPEL3	0.0317653846153867	0.898485813682086	-1.48861083743842	3.09067437865615e-80	NS	DOWN	False	True	1.5203762220538066
YWHAG	0.548773076923074	0.0513748915825163	1.17840098522167	5.42193898290905e-89	NS	UP	False	True	-0.6296279082985959
YWHAQ	1.0026576923077	0.0011989112369696	1.18060344827587	3.7896316010321995e-115	NS	UP	False	True	-0.17794575596817008
ZACN	-0.255119230769232	0.81491408709175	-7.0740448275862	1.91689076936222e-85	NS	DOWN	False	True	6.818925596816968
ZAN	1.20828461538462	0.0377404380556925	-5.00404827586206	5.64527192241715e-129	NS	DOWN	False	True	6.21233289124668
ZAP70	0.565430769230769	0.29059311577595	-4.89235960591133	1.39873601725103e-100	NS	DOWN	False	True	5.457790375142099
ZAR1L	0.635488461538463	0.472937366144237	1.05322807881773	0.0005609813301674	NS	UP	False	True	-0.417739617279267
ZBED10P	0.692788461538462	0.41050448629178	-1.94875763546798	1.1639899025840601e-35	NS	DOWN	False	True	2.641546097006442
ZBED2	1.06617307692308	0.206287848578322	-6.40992167487684	1.09662544714395e-98	NS	DOWN	False	True	7.47609475179992
ZBED6	2.41196923076923	0.0010601907486637	1.1111039408867	1.43509281158354e-24	NS	UP	False	True	1.30086528988253
ZBP1	1.33322692307692	0.0487632864168031	-5.73329064039408	1.1076342719314201e-97	NS	DOWN	False	True	7.066517563471001
ZBTB10	1.42500769230769	0.0048744778699395	1.47212857142857	1.67770514571242e-81	NS	UP	False	True	-0.04712087912087992
ZBTB12	0.702653846153846	0.0358457436064857	2.12593004926108	4.6643578024312195e-107	NS	UP	False	True	-1.4232762031072341
ZBTB2	0.843011538461537	0.0033718056881295	1.29732807881773	5.21301833831138e-65	NS	UP	False	True	-0.45431654035619295
ZBTB42	-0.0200269230769223	0.962491470563062	-1.14348325123153	9.58790185476425e-64	NS	DOWN	False	True	1.1234563281546077
ZBTB48	-0.070553846153846	0.719128491690583	-1.1131684729064	7.177672290897e-104	NS	DOWN	False	True	1.042614626752554
ZBTB7B	0.311438461538464	0.251352765707208	-3.34085369458128	1.2182466511492198e-209	NS	DOWN	False	True	3.652292156119744
ZBTB7C	0.898184615384616	0.311767856319091	-9.30518472906403	5.98840654815122e-208	NS	DOWN	False	True	10.203369344448646
ZBTB8A	0.762507692307692	0.0669960161774338	1.68605467980296	9.94310174539867e-123	NS	UP	False	True	-0.9235469874952681
ZBTB8B	1.34148076923077	0.0945192148034532	-1.12416256157635	1.9757888190464498e-11	NS	DOWN	False	True	2.46564333080712
ZBTB8OS	0.284446153846154	0.168733988631552	1.03347980295566	5.3943478290142804e-98	NS	UP	False	True	-0.749033649109506
ZC2HC1B	0.507723076923077	0.613940405569713	-3.28515320197044	4.2463581212220404e-24	NS	DOWN	False	True	3.7928762788935173
ZC2HC1C	0.46523076923077	0.375806480092832	-1.06549408866995	7.099390623928339e-33	NS	DOWN	False	True	1.53072485790072
ZC3H12A	0.532107692307693	0.258401261188894	-1.76190098522168	8.36741045191602e-72	NS	DOWN	False	True	2.294008677529373
ZC3H12B	1.87687307692308	0.00653176735076	1.15321822660099	7.45455150750893e-38	NS	UP	False	True	0.7236548503220899
ZC3H12D	1.19413461538462	0.0114677222625721	-1.60049852216749	3.1299856443878803e-47	NS	DOWN	False	True	2.79463313755211
ZC3H13	0.858984615384617	0.0232867943604967	1.03261871921183	7.926161021674021e-91	NS	UP	False	True	-0.1736341038272129
ZC3H6	1.30051923076923	0.0014240573476438	-1.20629113300493	3.7718086788662503e-39	NS	DOWN	False	True	2.50681036377416
ZC3H7B	0.634326923076924	0.0221337929395945	1.45022019704433	1.75222918902545e-127	NS	UP	False	True	-0.8158932739674061
ZC3HAV1	0.767665384615384	0.0025695147846982	1.28391231527094	1.24852823881917e-131	NS	UP	False	True	-0.5162469306555559
ZC3HAV1L	1.32465384615385	0.0151249503665441	1.29234137931035	3.36435159147296e-48	NS	UP	False	True	0.032312466843499976
ZC3HC1	0.0551461538461515	0.8159044975643	1.30802709359606	1.48462584357585e-135	NS	UP	False	True	-1.2528809397499086
ZCCHC3	0.893307692307693	0.0003373201445917	1.53447044334975	2.26457279055483e-118	NS	UP	False	True	-0.641162751042057
ZCCHC9	0.760315384615385	0.0108755119633652	1.35819359605911	2.25135856653289e-141	NS	UP	False	True	-0.5978782114437251
ZCWPW1	0.191392307692307	0.566296428357724	-1.20213054187192	1.7258912800335702e-67	NS	DOWN	False	True	1.393522849564227
ZDBF2	2.02057307692308	0.0054965883880516	2.15189359605911	1.8577149757101301e-121	NS	UP	False	True	-0.13132051913602982
ZDHHC11	0.338173076923077	0.590245211651662	-3.44488965517242	3.09237171221706e-116	NS	DOWN	False	True	3.7830627320954973
ZDHHC11B	-0.490542307692308	0.548031067305774	-8.53931625615763	4.7969506396828504e-161	NS	DOWN	False	True	8.048773948465321
ZDHHC13	1.15941153846154	0.0024903423041162	-1.27850492610838	1.3671415858654501e-105	NS	DOWN	False	True	2.43791646456992
ZDHHC15	2.36819230769231	0.0103286291398234	-3.13496945812807	1.4176258205222101e-74	NS	DOWN	False	True	5.50316176582038
ZDHHC16	-0.161476923076925	0.529501729227947	1.41478078817733	7.464506189004921e-132	NS	UP	False	True	-1.576257711254255
ZDHHC19	-1.72927692307692	0.0968832594706676	-1.8223684729064	2.01402516746651e-07	NS	DOWN	False	True	0.09309154982947998
ZDHHC2	1.81667307692308	0.0081339746706217	3.57014581280788	9.071551837715491e-167	NS	UP	False	True	-1.7534727358847997
ZDHHC22	1.07891923076923	0.175524729362265	-1.44322955665025	4.739950096086739e-11	NS	DOWN	False	True	2.52214878741948
ZDHHC23	1.31018846153846	0.0191729273703734	-1.69440640394089	3.24885273699224e-64	NS	DOWN	False	True	3.00459486547935
ZDHHC4	0.14478076923077	0.526062691647954	1.55033152709359	6.16818721903979e-168	NS	UP	False	True	-1.40555075786282
ZDHHC7	0.512738461538462	0.0485851022638162	1.2214275862069	1.06197743718315e-137	NS	UP	False	True	-0.7086891246684379
ZFAND2B	-0.010830769230771	0.964303335306532	-1.10647241379311	4.72338443596556e-96	NS	DOWN	False	True	1.095641644562339
ZFAND3	0.49046923076923	0.0695663607348266	1.28926945812808	1.30733195636451e-99	NS	UP	False	True	-0.7988002273588499
ZFHX4	2.24541153846154	0.0062347377515433	4.90356995073892	3.2498364341043804e-201	NS	UP	False	True	-2.6581584122773796
ZFP28	0.705242307692308	0.195251081372429	1.00567783251231	9.934248110222781e-58	NS	UP	False	True	-0.3004355248200019
ZFP30	1.56796923076923	0.0068466872955563	1.00595812807882	6.58688785321918e-59	NS	UP	False	True	0.56201110269041
ZFP36	0.622465384615385	0.0884716491410492	-1.26573054187192	3.45432575106598e-28	NS	DOWN	False	True	1.8881959264873052
ZFP69	1.11515	0.0017013642102833	1.45389852216749	1.9429218233158e-86	NS	UP	False	True	-0.33874852216748996
ZFP82	0.626473076923077	0.189523284278599	2.71296551724138	7.50337538410987e-146	NS	UP	False	True	-2.086492440318303
ZFP91-CNTF	0.467388461538465	0.692494818211443	3.52101822660098	1.12584034505312e-23	NS	UP	False	True	-3.053629765062515
ZFP92	0.508476923076923	0.428383322621926	1.4619039408867	4.57064731604069e-52	NS	UP	False	True	-0.953427017809777
ZFR2	-2.90243846153846	0.0361339917142928	-4.6682251231527	2.20289196972005e-53	NS	DOWN	False	True	1.7657866616142401
ZFYVE16	0.847238461538461	0.0340611252042089	1.0330842364532	2.41805334899234e-83	NS	UP	False	True	-0.18584577491473897
ZG16B	1.19534615384615	0.135782395465645	-5.7261802955665	5.92568520013816e-90	NS	DOWN	False	True	6.92152644941265
ZHX2	1.37350769230769	0.0046457951693781	-1.05874236453202	5.93596253226534e-61	NS	DOWN	False	True	2.43225005683971
ZHX3	0.361703846153847	0.176385887862468	1.62044827586207	5.2483695396904e-136	NS	UP	False	True	-1.2587444297082229
ZIC1	0.223423076923077	0.869217768430975	5.21191871921182	1.76557903728701e-81	NS	UP	False	True	-4.9884956422887425
ZIC2	1.22987307692308	0.273851434353391	-4.30886009852216	1.95109740258003e-52	NS	DOWN	False	True	5.53873317544524
ZIC3	0.378926923076929	0.634233480920406	-1.17483990147783	1.0806060966636e-09	NS	DOWN	False	True	1.553766824554759
ZIC4	1.20210769230769	0.195529977022514	5.790660591133	5.65476059207774e-87	NS	UP	False	True	-4.58855289882531
ZIC5	-0.500103846153843	0.548710611143072	-1.16963645320196	1.70846478551897e-12	NS	DOWN	False	True	0.6695326070481171
ZIK1	1.23345384615385	0.0209734904784486	1.24954285714286	1.15204456502621e-59	NS	UP	False	True	-0.016089010989009944
ZIM2	0.326500000000005	0.752916564405222	-2.70008719211822	3.33350040280134e-18	NS	DOWN	False	True	3.026587192118225
ZKSCAN2	0.783226923076923	0.0206556154230527	2.12962068965517	2.06118823071056e-135	NS	UP	False	True	-1.346393766578247
ZKSCAN5	0.791988461538462	0.0067045737199591	1.34425270935961	1.74558099674321e-95	NS	UP	False	True	-0.5522642478211479
ZMAT1	1.66681153846154	0.0140938163908286	-2.42883694581281	3.04177830228757e-84	NS	DOWN	False	True	4.09564848427435
ZMAT3	1.21412307692308	0.0010887243493236	2.93868522167487	2.79385184976509e-195	NS	UP	False	True	-1.72456214475179
ZMIZ2	0.330203846153846	0.139221504910494	-1.00443399014778	1.58013955137935e-74	NS	DOWN	False	True	1.334637836301626
ZMPSTE24	0.893742307692308	0.0027328245161792	1.36885369458128	2.33268691018617e-137	NS	UP	False	True	-0.4751113868889719
ZMYM1	1.43858461538462	0.0023804639533506	1.2547960591133	4.59338982868937e-100	NS	UP	False	True	0.18378855627131996
ZMYND10	-0.130973076923077	0.781983340178396	-1.24428965517241	5.1346242743359997e-42	NS	DOWN	False	True	1.113316578249333
ZMYND15	1.44643076923077	0.0016351316907232	-2.86610640394089	4.34148579336232e-108	NS	DOWN	False	True	4.31253717317166
ZNF106	1.40251153846154	0.0042170338109963	2.26079064039409	1.9907907805241698e-135	NS	UP	False	True	-0.8582791019325497
ZNF132	0.907246153846154	0.0162331135380452	1.49623399014778	1.56165037038135e-94	NS	UP	False	True	-0.5889878363016259
ZNF185	1.10747692307692	0.057641640526478	-4.46865369458128	1.57430677302916e-241	NS	DOWN	False	True	5.5761306176582
ZNF197	0.613619230769232	0.0897236847035847	1.24627980295566	5.7517148246429195e-114	NS	UP	False	True	-0.6326605721864281
ZNF208	1.97273846153846	0.100927134314251	-1.71358128078817	2.2987363082235698e-12	NS	DOWN	False	True	3.68631974232663
ZNF214	2.00542692307692	0.0192854739885635	2.52814285714286	1.7880480059647301e-106	NS	UP	False	True	-0.52271593406594
ZNF215	1.56634615384615	0.0523666706325287	3.78252068965518	1.5268404129058301e-155	NS	UP	False	True	-2.2161745358090297
ZNF219	0.613703846153847	0.0556257917477943	-1.04716354679803	7.4045361480392e-40	NS	DOWN	False	True	1.660867392951877
ZNF22	1.13336153846154	0.0142894123371182	2.43282413793103	2.74592587256877e-142	NS	UP	False	True	-1.2994625994694897
ZNF221	1.30606923076923	0.0069352934025861	2.15583645320197	1.62086689490614e-79	NS	UP	False	True	-0.8497672224327399
ZNF229	1.60086153846154	0.0246949106907064	3.13362610837439	9.980414000105531e-144	NS	UP	False	True	-1.53276456991285
ZNF234	1.28265384615385	0.0019551383014385	1.42583448275862	1.19139114214929e-80	NS	UP	False	True	-0.1431806366047701
ZNF239	1.08720384615385	0.055567275890746	3.71147389162562	1.78905223880367e-169	NS	UP	False	True	-2.6242700454717696
ZNF267	1.28121923076923	0.0010442185331368	1.09666206896552	8.089546776987551e-52	NS	UP	False	True	0.18455716180371007
ZNF268	1.29659615384615	0.0010968082548	1.74759310344827	1.91748152986824e-93	NS	UP	False	True	-0.45099694960212
ZNF275	0.810707692307693	0.0351584078164834	2.79489359605911	3.43805832853302e-180	NS	UP	False	True	-1.9841859037514171
ZNF276	0.628103846153848	0.0223706121477552	-1.08977044334975	8.59900085350327e-61	NS	DOWN	False	True	1.7178742895035979
ZNF28	1.27356538461538	0.0648269732304485	1.56714433497537	1.14872613976927e-77	NS	UP	False	True	-0.29357895035998993
ZNF280A	3.43828076923077	0.0248971835033193	3.04874532019704	2.04907964676312e-25	NS	UP	False	True	0.38953544903373016
ZNF280B	0.819038461538462	0.036178397037288	3.25058325123152	1.13255493979353e-95	NS	UP	False	True	-2.4315447896930578
ZNF281	1.07967307692308	0.0016351316907232	4.25027980295567	9.11435514533395e-243	NS	UP	False	True	-3.17060672603259
ZNF285	1.67918076923077	0.0078601554472569	2.23704975369458	2.0653026307369398e-83	NS	UP	False	True	-0.5578689844638098
ZNF286A-TBC1D26	2.6310576923077	0.0087968977596721	-1.07779802955665	0.0008114565666128	NS	DOWN	False	True	3.70885572186435
ZNF296	-0.657576923076923	0.117018924495577	-2.48164088669951	1.5124222534283e-96	NS	DOWN	False	True	1.8240639636225868
ZNF311	0.696788461538462	0.104541457107677	1.19560246305419	3.9720990036655102e-53	NS	UP	False	True	-0.49881400151572797
ZNF316	0.344876923076924	0.0671639211197122	-1.10743399014778	1.22028468351116e-72	NS	DOWN	False	True	1.452310913224704
ZNF320	1.36103076923077	0.0284886654762323	1.51879901477832	8.04139496005128e-87	NS	UP	False	True	-0.15776824554754998
ZNF33B	1.38726153846154	0.0036712734361186	-1.22584876847291	8.03700591992503e-74	NS	DOWN	False	True	2.61311030693445
ZNF34	0.986357692307693	0.0007361358166999	-1.2755275862069	3.3859450086113898e-102	NS	DOWN	False	True	2.261885278514593
ZNF354C	1.78141153846154	0.0016541247532089	2.43356108374384	2.20835614471711e-164	NS	UP	False	True	-0.6521495452822998
ZNF365	1.12595	0.177693617512314	-1.08164827586207	5.47750531488622e-14	NS	DOWN	False	True	2.20759827586207
ZNF366	0.987215384615384	0.0721134945952871	-5.4027172413793	1.6445666027732e-94	NS	DOWN	False	True	6.389932625994684
ZNF382	1.08555	0.0543282724715151	2.28796847290641	2.01785810758581e-90	NS	UP	False	True	-1.2024184729064098
ZNF385A	0.0639500000000002	0.885638270066744	-5.06024187192118	6.02875924992204e-277	NS	DOWN	False	True	5.12419187192118
ZNF385C	0.217476923076923	0.736501207078776	-3.87083596059113	5.35253920098578e-79	NS	DOWN	False	True	4.088312883668054
ZNF391	2.06663076923077	0.0014797521624809	1.32747389162562	5.51839076104497e-59	NS	UP	False	True	0.7391568776051503
ZNF414	-0.0904230769230798	0.698171241312218	-1.07886896551724	7.90835641921708e-100	NS	DOWN	False	True	0.9884458885941603
ZNF426	1.14455769230769	0.0080213712820519	1.51896009852217	4.14817819565862e-100	NS	UP	False	True	-0.37440240621447995
ZNF428	0.320892307692308	0.187471518977445	1.37743743842364	3.2043967944850897e-135	NS	UP	False	True	-1.056545130731332
ZNF454	1.41039615384615	0.0762115941093659	2.09286403940887	1.17544235757445e-86	NS	UP	False	True	-0.68246788556272
ZNF467	0.566257692307693	0.167527522976199	-2.98253251231527	2.55912253996994e-99	NS	DOWN	False	True	3.5487902046229634
ZNF469	0.741034615384616	0.107843149215139	4.64049753694581	5.02113982801111e-169	NS	UP	False	True	-3.8994629215611942
ZNF470	0.606119230769231	0.177377052495584	1.89366206896552	2.66071139950562e-130	NS	UP	False	True	-1.287542838196289
ZNF471	1.2552	0.0657815657111675	1.32641330049261	1.8198347490774e-47	NS	UP	False	True	-0.07121330049260988
ZNF473	0.692215384615385	0.021740895907373	1.11804334975369	6.50362667245293e-61	NS	UP	False	True	-0.4258279651383049
ZNF485	0.812315384615385	0.0361979689998536	1.52180689655173	4.07397015654201e-78	NS	UP	False	True	-0.709491511936345
ZNF486	1.23114230769231	0.0588206328778407	2.01577931034483	1.19898514209058e-122	NS	UP	False	True	-0.78463700265252
ZNF488	1.62224615384616	0.0602340918978139	-4.5286330049261	7.010020514880799e-93	NS	DOWN	False	True	6.15087915877226
ZNF490	1.373	0.0064290711311292	1.19284384236453	7.93027590158519e-37	NS	UP	False	True	0.18015615763547
ZNF491	1.27995384615385	0.0031466618063003	1.06784433497537	6.925882757489291e-35	NS	UP	False	True	0.2121095111784801
ZNF496	0.545630769230769	0.0612352944926074	1.60971379310345	3.94922102571825e-112	NS	UP	False	True	-1.0640830238726808
ZNF503	0.424284615384616	0.162604867649426	2.19519655172414	2.7420579113667198e-129	NS	UP	False	True	-1.7709119363395238
ZNF518B	0.9093	0.0262346271838176	1.81728128078818	3.35260620892711e-101	NS	UP	False	True	-0.90798128078818
ZNF524	-0.0086692307692328	0.968414884949069	-1.02977635467981	2.23957397405666e-59	NS	DOWN	False	True	1.0211071239105771
ZNF528	1.34209615384615	0.0015281686046936	1.21162413793104	5.39217050257351e-64	NS	UP	False	True	0.13047201591511004
ZNF540	1.60064230769231	0.0025847312658225	-1.63583497536946	2.5710601368732e-64	NS	DOWN	False	True	3.2364772830617703
ZNF541	1.12460384615385	0.0534638943389947	-1.1228197044335	3.42870081631335e-18	NS	DOWN	False	True	2.24742355058735
ZNF547	1.25073846153846	0.0015975157358002	1.63332463054187	6.19179946126149e-65	NS	UP	False	True	-0.38258616900341
ZNF560	0.0061499999999989	0.997280488274858	5.96099802955664	1.45125933946962e-102	NS	UP	False	True	-5.954848029556641
ZNF569	0.974534615384615	0.0386577448604905	1.23977487684729	1.81858999526018e-84	NS	UP	False	True	-0.265240261462675
ZNF57	0.865442307692308	0.0038350118603869	-2.40880837438424	3.84390478398455e-135	NS	DOWN	False	True	3.274250682076548
ZNF570	1.06456923076923	0.0195291583660529	1.43407339901478	2.89171742644316e-90	NS	UP	False	True	-0.36950416824555
ZNF578	2.01746538461539	0.0292488423477697	1.76803201970443	2.9428014419671198e-55	NS	UP	False	True	0.2494333649109599
ZNF579	0.154592307692309	0.454018830363189	1.33193103448276	2.38400296899551e-93	NS	UP	False	True	-1.177338726790451
ZNF583	0.984580769230769	0.115207397558165	2.64006453201971	1.09068748101406e-112	NS	UP	False	True	-1.6554837627889407
ZNF585B	1.5082	0.0012282367250998	1.44288571428571	1.16862010957972e-102	NS	UP	False	True	0.06531428571428988
ZNF605	1.37626538461538	0.0013983924671286	1.58169556650247	8.9729672738163e-120	NS	UP	False	True	-0.20543018188708984
ZNF608	1.11036153846154	0.0922334668114941	1.64974137931034	2.01079076293774e-51	NS	UP	False	True	-0.5393798408488
ZNF610	0.726669230769231	0.294392414293433	1.688339408867	5.65018600488684e-47	NS	UP	False	True	-0.9616701780977691
ZNF618	0.969238461538462	0.013237941602027	2.5368763546798	1.20707100844772e-130	NS	UP	False	True	-1.5676378931413382
ZNF625-ZNF20	1.24374615384615	0.0014374887744155	1.21607783251232	1.67796371391312e-13	NS	UP	False	True	0.027668321333830015
ZNF626	1.58669615384615	0.0188431328443318	1.0601763546798	8.599005639318821e-52	NS	UP	False	True	0.5265197991663499
ZNF648	1.8842	0.0356455887214915	-4.76556108374384	1.61141096244558e-93	NS	DOWN	False	True	6.64976108374384
ZNF652	0.791607692307693	0.0023296698288928	-2.49734679802956	6.16997646250987e-170	NS	DOWN	False	True	3.288954490337253
ZNF653	0.035161538461538	0.878931608798513	-1.71763891625616	2.79814903437233e-124	NS	DOWN	False	True	1.752800454717698
ZNF66	0.985473076923078	0.311277074960061	-1.16818916256158	6.458142163097429e-33	NS	DOWN	False	True	2.1536622394846576
ZNF660	1.49486538461538	0.0103919025238193	2.2496197044335	3.26503767328963e-88	NS	UP	False	True	-0.7547543198181199
ZNF662	2.05252307692308	0.0146088328602098	-1.57410344827586	2.1549704040884602e-73	NS	DOWN	False	True	3.62662652519894
ZNF667	0.294065384615385	0.729150776430215	1.19987684729064	7.04373959546977e-42	NS	UP	False	True	-0.905811462675255
ZNF670-ZNF695	1.62193076923077	0.0211973229209523	3.02447093596058	3.7765670697781004e-36	NS	UP	False	True	-1.40254016672981
ZNF671	0.920126923076923	0.0415809810374364	1.20083201970443	2.63046603665999e-57	NS	UP	False	True	-0.280705096627507
ZNF676	0.793142307692309	0.433135066082233	-3.97909113300493	3.8192173634526694e-55	NS	DOWN	False	True	4.772233440697239
ZNF683	0.27715	0.761031555708642	-4.44462413793103	9.17815533182194e-46	NS	DOWN	False	True	4.72177413793103
ZNF684	0.796996153846154	0.0193430711284385	1.17357684729064	5.39989650502928e-63	NS	UP	False	True	-0.3765806934444861
ZNF689	-0.0316192307692313	0.951055154721658	1.17746551724138	1.1642807513693501e-58	NS	UP	False	True	-1.2090847480106113
ZNF69	0.548261538461538	0.240495558423944	2.10958275862069	3.6261337077703497e-103	NS	UP	False	True	-1.5613212201591518
ZNF695	0.657061538461538	0.496704674072562	5.90305024630541	6.55706102265765e-84	NS	UP	False	True	-5.245988707843872
ZNF697	0.412138461538461	0.215115852419728	2.57634876847291	2.42092504730762e-148	NS	UP	False	True	-2.164210306934449
ZNF70	0.728603846153846	0.0290585755485125	1.6276118226601	1.52931863200205e-124	NS	UP	False	True	-0.899007976506254
ZNF703	-0.578157692307693	0.097269144544585	-1.47994039408867	5.622153489582761e-65	NS	DOWN	False	True	0.901782701780977
ZNF704	1.21343846153846	0.0120763348434266	-3.31306108374385	2.8229881692876996e-84	NS	DOWN	False	True	4.526499545282309
ZNF705G	0.266107692307695	0.570819965454603	2.03363004926107	5.00822696916286e-25	NS	UP	False	True	-1.767522356953375
ZNF706	0.394869230769228	0.0137993437861216	-1.12675073891626	7.602822827295989e-123	NS	DOWN	False	True	1.5216199696854882
ZNF711	2.39795384615385	0.0122037979474499	-3.36694975369458	4.7992180738206695e-122	NS	DOWN	False	True	5.76490359984843
ZNF714	1.11055384615385	0.0364668901651693	1.06847931034483	1.8857999810984697e-42	NS	UP	False	True	0.042074535809019986
ZNF724	1.37058461538462	0.0662334743725645	1.2458566502463	4.4257940752829296e-26	NS	UP	False	True	0.12472796513831996
ZNF727	2.11082307692308	0.0301838094258081	-5.70037487684728	5.98989894560334e-83	NS	DOWN	False	True	7.81119795377036
ZNF728	0.287750000000001	0.779270499740799	-1.16591330049261	5.7810072355126e-05	NS	DOWN	False	True	1.4536633004926112
ZNF730	0.0901692307692326	0.942415725270035	3.58659605911329	1.0020516787733e-37	NS	UP	False	True	-3.4964268283440574
ZNF732	1.19760384615385	0.186956250760404	-1.08065763546798	5.1335163300294596e-11	NS	DOWN	False	True	2.27826148162183
ZNF750	1.41526153846154	0.362060486333311	-10.7957305418719	1.91819537603023e-262	NS	DOWN	False	True	12.210992080333439
ZNF761	0.976046153846154	0.0013920066709823	1.02367586206896	1.40017449158338e-88	NS	UP	False	True	-0.0476297082228061
ZNF771	-0.0852615384615376	0.75476397855806	1.31749950738916	8.358709598514901e-106	NS	UP	False	True	-1.4027610458506976
ZNF772	1.63901923076923	0.0022688257765859	1.15605024630542	1.13505158412548e-57	NS	UP	False	True	0.48296898446380987
ZNF780B	0.911819230769231	0.0077338621570723	1.7825763546798	1.36040628949805e-100	NS	UP	False	True	-0.8707571239105689
ZNF781	0.0401692307692308	0.971817053162996	1.29480738916256	1.78895563874989e-27	NS	UP	False	True	-1.2546381583933293
ZNF790	0.366211538461538	0.417893569780377	1.06094532019705	2.05653913344208e-57	NS	UP	False	True	-0.694733781735512
ZNF793	0.726207692307693	0.297423942616712	-1.5761118226601	3.70195048498711e-62	NS	DOWN	False	True	2.302319514967793
ZNF80	2.24682692307692	0.0122093316787572	-2.86403004926108	4.6488594025186896e-30	NS	DOWN	False	True	5.110856972338
ZNF804A	1.37440769230769	0.0583279220034211	7.7844039408867	6.14016500376157e-154	NS	UP	False	True	-6.40999624857901
ZNF813	1.15570384615385	0.0163209684057943	1.18645221674877	1.5383992079e-49	NS	UP	False	True	-0.030748370594920083
ZNF821	0.757296153846154	0.0086906765907424	-1.74826748768473	1.56792620568892e-128	NS	DOWN	False	True	2.505563641530884
ZNF829	1.06949230769231	0.0370636472595243	1.4413802955665	1.9789663873336903e-93	NS	UP	False	True	-0.3718879878741901
ZNF831	1.22457307692308	0.0852172731902975	-5.426560591133	2.73344975001222e-163	NS	DOWN	False	True	6.6511336680560795
ZNF835	0.967926923076924	0.281331040746751	-2.94948768472905	1.22789322757668e-37	NS	DOWN	False	True	3.917414607805974
ZNF837	-0.282196153846154	0.360172154342685	-1.5790921182266	2.28235377648964e-51	NS	DOWN	False	True	1.296895964380446
ZNF845	1.48275769230769	0.0012155735401379	1.06173251231527	1.99122927219056e-53	NS	UP	False	True	0.42102517999241984
ZNF85	1.01975769230769	0.0230037039913612	1.01407438423645	7.187312646438059e-42	NS	UP	False	True	0.0056833080712401784
ZNF853	1.65463846153846	0.0082185031576922	-2.52644827586207	1.91037470587071e-86	NS	DOWN	False	True	4.18108673740053
ZNF879	1.54719230769231	0.0015650480895383	1.08524039408867	2.08893915177181e-41	NS	UP	False	True	0.4619519136036401
ZNF888	1.46753461538462	0.205369366073644	2.26190295566502	2.69874381242087e-10	NS	UP	False	True	-0.7943683402804
ZNF892	2.10285384615385	0.0043397770027911	2.65906403940887	4.52681228593375e-48	NS	UP	False	True	-0.5562101932550196
ZNF93	0.522496153846154	0.298363559004942	1.22248866995074	2.0977475844190699e-50	NS	UP	False	True	-0.699992516104586
ZNF98	2.21311153846154	0.0145182128229912	-2.44863596059113	3.33570306333644e-17	NS	DOWN	False	True	4.6617474990526695
ZNF99	0.474723076923079	0.37689186939581	-2.0852369458128	1.62350081808608e-27	NS	DOWN	False	True	2.559960022735879
ZNFX1	0.744530769230769	0.00773575237809	1.09867733990148	2.4072929129041202e-67	NS	UP	False	True	-0.354146570670711
ZNG1F	0.956280769230769	0.0245916851493987	-1.09900837438424	2.6019360828256802e-54	NS	DOWN	False	True	2.055289143615009
ZNHIT6	1.20411153846154	0.0010113263900289	1.38897536945813	1.7236633856735398e-153	NS	UP	False	True	-0.18486383099658998
ZNRF2	1.1617	0.0023048271631751	-1.13476945812808	2.78261050437435e-81	NS	DOWN	False	True	2.29646945812808
ZP1	2.34188846153847	0.0316485938210531	3.94438571428571	2.1735124141692702e-47	NS	UP	False	True	-1.60249725274724
ZP2	0.522192307692309	0.31533130003776	-1.86086699507389	3.39223010686208e-16	NS	DOWN	False	True	2.383059302766199
ZP3	-0.0688076923076926	0.882174298345158	-1.33060985221675	4.34744146872652e-41	NS	DOWN	False	True	1.2618021599090574
ZP4	-0.651353846153843	0.599254763788079	1.72100049261083	2.1054790996002e-17	NS	UP	False	True	-2.372354338764673
ZPBP	0.672342307692311	0.164570033173041	-1.22707733990147	2.21109847844337e-05	NS	DOWN	False	True	1.899419647593781
ZPR1	0.619961538461537	0.0385429517103185	1.17247093596059	7.33229388324155e-71	NS	UP	False	True	-0.552509397499053
ZRANB3	1.02173846153846	0.002913694960079	1.88049014778325	4.3939106395855495e-96	NS	UP	False	True	-0.8587516862447901
ZSCAN10	0.0846307692307757	0.924694698314948	-2.15699901477831	1.2511685378873301e-14	NS	DOWN	False	True	2.2416297840090857
ZSCAN12	1.42742692307692	0.0100145119141399	1.15105763546798	2.9474986056537502e-68	NS	UP	False	True	0.2763692876089401
ZSCAN16	1.11678076923077	0.0011582050796133	-1.64115862068966	4.70697921408506e-84	NS	DOWN	False	True	2.75793938992043
ZSCAN18	0.384542307692308	0.593217589036961	-1.04982857142857	2.69958337531913e-62	NS	DOWN	False	True	1.434370879120878
ZSCAN2	0.623688461538462	0.0357704545830063	1.29051083743842	3.42083588235065e-89	NS	UP	False	True	-0.666822375899958
ZSCAN20	0.714823076923077	0.0438335169688639	2.08050295566503	1.9149978842131698e-128	NS	UP	False	True	-1.3656798787419528
ZSCAN29	1.13198461538461	0.0019697968204833	1.37106256157636	1.84861358538799e-86	NS	UP	False	True	-0.23907794619175005
ZSCAN9	0.614607692307692	0.018391993362176	1.06334433497537	1.8726141251771098e-79	NS	UP	False	True	-0.448736642667678
ZSWIM2	0.0755615384615407	0.84818473346273	6.33051527093595	2.4575836917312903e-109	NS	UP	False	True	-6.2549537324744096
ZSWIM3	0.68296923076923	0.0047254549895465	1.05702906403941	7.53424651077343e-52	NS	UP	False	True	-0.37405983327018
ZSWIM5	1.00170384615385	0.147281458229065	-2.99104088669951	2.18871743025401e-106	NS	DOWN	False	True	3.9927447328533603
ZSWIM8	-0.0429692307692306	0.793480165953265	-1.02446157635468	2.08468590328516e-108	NS	DOWN	False	True	0.9814923455854494
ZWILCH	0.757226923076924	0.041677639597789	1.3347645320197	5.36836656673945e-55	NS	UP	False	True	-0.577537608942776
ZYG11A	0.804553846153852	0.393599445494733	1.49877389162561	4.2756943930537904e-23	NS	UP	False	True	-0.694220045471758
ZYX	0.231653846153848	0.393867466540034	1.49085172413793	5.7168199425952104e-117	NS	UP	False	True	-1.259197877984082
ZZZ3	0.893273076923077	0.0147602579361747	1.23984236453202	1.0555810902047801e-67	NS	UP	False	True	-0.346569287608943
