logFC	AveExpr	t	P.Value	adj.P.Val	B	HGNC_symbol
ENSG00000165617	2.77166904761905	-0.640644047619047	7.90786616484213	2.49124176116007e-12	4.83749325182062e-08	17.5999512486704	DACT1
ENSG00000162687	2.24850714285714	-3.42479880952381	7.4496933940776	2.50218025030261e-11	1.66806146037373e-07	15.408215513478	KCNT2
ENSG00000163817	2.72199285714286	0.295598809523809	7.3972018085622	3.2513323991455e-11	1.66806146037373e-07	15.1594074352004	SLC6A20
ENSG00000171502	2.94289999999999	-5.70243333333333	7.386109317416	3.43611383329638e-11	1.66806146037373e-07	15.1068957793291	COL24A1
ENSG00000103534	3.17195714285714	-0.439097619047619	7.3173441075355	5.6051311442951e-11	2.17680873119845e-07	14.6467471670231	TMC5
ENSG00000140511	2.66708571428571	-0.614921428571429	7.23271201011296	7.36105914460124e-11	2.38228410783111e-07	14.3831804148044	HAPLN3
ENSG00000159216	2.73274761904762	0.287416666666667	7.19143164779462	9.0285195687746e-11	2.50451132837807e-07	14.1892363807685	RUNX1
ENSG00000171812	2.37209047619048	-1.99352619047619	7.1525245969151	1.09407745615084e-10	2.65559950544212e-07	14.0067709242673	COL8A2
ENSG00000112299	2.7478	-1.57447380952381	7.11512073667936	1.31558756827189e-10	2.83845326674483e-07	13.8316612684969	VNN1
ENSG00000125735	3.43055238095238	-0.796314285714286	7.14588203676743	1.98138935223873e-10	3.84746184417717e-07	13.4626833425075	TNFSF14
ENSG00000182463	2.52447142857143	-0.0548571428571429	7.00796630340963	2.2271424276823e-10	3.88857796527358e-07	13.33171946511	TSHZ2
ENSG00000140297	3.5422619047619	-1.66724523809524	7.11133154115889	2.40307629947899e-10	3.88857796527358e-07	13.2806561130037	GCNT3
ENSG00000122641	2.43813333333333	-3.2687	6.86290514171131	4.52252198962183e-10	6.6061533312793e-07	12.6591517889824	INHBA
ENSG00000138135	2.63265	-1.6606369047619	6.85225791968438	4.76290795333763e-10	6.6061533312793e-07	12.6099862534218	CH25H
ENSG00000123685	2.40627142857143	-1.20232142857143	6.81237827972421	5.78102673385232e-10	7.2505135056781e-07	12.4260845240428	BATF3
ENSG00000124813	2.24940238095238	-2.08537976190476	6.79546768321659	6.27520246816325e-10	7.2505135056781e-07	12.3482230086073	RUNX2
ENSG00000099985	3.17009047619048	-3.13839285714286	6.79745996882528	6.34765318758511e-10	7.2505135056781e-07	12.338207824536	OSM
ENSG00000162892	2.91587857142857	-3.97477976190476	6.77298436643424	6.99745717019744e-10	7.54870129616077e-07	12.2448152830719	IL24
ENSG00000112559	2.59350952380952	-0.0683285714285714	6.74896523516232	7.859986567518e-10	7.68117801302064e-07	12.134486796166	MDFI
ENSG00000151789	2.48543571428571	-1.73929642857143	6.74474274125186	8.02212752919519e-10	7.68117801302064e-07	12.1151067394349	ZNF385D
ENSG00000117152	2.50084047619048	-0.628363095238095	6.7375251817436	8.30696973289904e-10	7.68117801302064e-07	12.0819908750371	RGS4
ENSG00000135362	2.40104285714286	-0.977033333333333	6.66187101422829	1.19650764962308e-09	1.01113729818441e-06	11.7356944312019	PRR5L
ENSG00000167157	2.35637857142857	-1.96342976190476	6.65579227679815	1.2320254220174e-09	1.01113729818441e-06	11.707935888316	PRRX2
ENSG00000185112	2.40032857142857	-0.0858952380952381	6.64370710847181	1.30576187300302e-09	1.01113729818441e-06	11.6527785575335	FAM43A
ENSG00000105639	2.31154523809524	-0.345955952380952	6.63367332999395	1.37028238697663e-09	1.01113729818441e-06	11.6070138889997	JAK3
ENSG00000180644	2.1721119047619	-1.81163452380952	6.62913616434877	1.40048268173585e-09	1.01113729818441e-06	11.5863285771036	PRF1
ENSG00000164949	2.70849523809524	0.453109523809524	6.6283253530262	1.40594845251721e-09	1.01113729818441e-06	11.5826326113897	GEM
ENSG00000118849	2.96010714285714	1.33316785714286	6.59881136813782	1.61991813336356e-09	1.10274617241396e-06	11.4482197500344	RARRES1
ENSG00000138061	2.57934047619048	-0.293575	6.59536564520185	1.64690694201282e-09	1.10274617241396e-06	11.432542806628	CYP1B1
ENSG00000109625	2.39052857142857	-1.51025952380952	6.57444958181808	1.8205290239507e-09	1.17140527291087e-06	11.3374518905976	CPZ
ENSG00000079931	2.46458333333333	-0.619455952380952	6.5688391985364	1.87009802555552e-09	1.17140527291087e-06	11.3119660295128	MOXD1
ENSG00000111796	2.67443571428571	-3.2756630952381	6.54047925505877	2.14180442214579e-09	1.29967369591335e-06	11.1832723840459	KLRB1
ENSG00000176678	2.70494523809524	-5.00602261904762	6.5221804419228	2.33744558673173e-09	1.37540964858051e-06	11.1003552376933	FOXL1
ENSG00000105376	2.41552857142857	-3.74736190476191	6.49705532036774	2.63509870078426e-09	1.50495136975967e-06	10.9866615561341	ICAM5
ENSG00000184156	2.43633095238095	-2.13294166666667	6.48668171228149	2.7686391851343e-09	1.53604101991251e-06	10.939772788744	KCNQ3
ENSG00000161958	2.11160476190476	-1.52993571428571	6.47894443849915	2.87257116802024e-09	1.54943297057269e-06	10.9048204945796	FGF11
ENSG00000143473	2.34175714285714	-5.34408571428572	6.44964051305687	3.30230232237685e-09	1.73308395934902e-06	10.7726008861132	KCNH1
ENSG00000014914	2.6171619047619	1.45019523809524	6.44039870822102	3.45055552433268e-09	1.763233872934e-06	10.730953846352	MTMR11
ENSG00000124216	2.36170952380952	-0.17082619047619	6.43150844820571	3.59936101498425e-09	1.79211262022985e-06	10.6909147157535	SNAI1
ENSG00000186564	2.1032119047619	-4.48375595238095	6.4138763862556	3.91346904553536e-09	1.89276742053543e-06	10.6115741988168	FOXD2
ENSG00000019991	2.14961428571429	-1.20177619047619	6.40767681687729	4.03021812932928e-09	1.89276742053543e-06	10.5836993965523	HGF
ENSG00000176788	2.40694761904762	-0.0874142857142857	6.40436714888935	4.0939453940925e-09	1.89276742053543e-06	10.5688229979779	BASP1
ENSG00000179583	2.32708809523809	-0.151232142857143	6.3743182349388	4.71994968024282e-09	2.12418704627913e-06	10.4339083669523	CIITA
ENSG00000149090	2.29267142857143	-0.384311904761905	6.36964155470129	4.82552191963377e-09	2.12418704627913e-06	10.412935300855	PAMR1
ENSG00000132703	3.22176666666667	0.472735714285714	6.45644689969605	4.92267056764655e-09	2.12418704627913e-06	10.415501434645	APCS
ENSG00000221963	2.16175	-0.588044047619048	6.35963508636331	5.0592961247093e-09	2.13568287281751e-06	10.3680824899164	APOL6
ENSG00000160013	2.48407619047619	0.958564285714286	6.35378104407005	5.20120297803351e-09	2.13992691327382e-06	10.3418565378247	PTGIR
ENSG00000173762	2.2509119047619	-1.3205369047619	6.35020727737187	5.28975650618722e-09	2.13992691327382e-06	10.3258512888691	CD7
ENSG00000147481	2.97183571428571	-4.90865595238095	6.34339499230965	5.46269510766066e-09	2.16478803266438e-06	10.2953530084654	SNTG1
ENSG00000184828	2.16091428571429	-2.26398095238095	6.33610663294899	5.65389575122873e-09	2.19574695394719e-06	10.2627390825201	ZBTB7C
ENSG00000182866	2.15657142857143	-1.58860952380952	6.3259385113132	5.93171401378722e-09	2.25847103372e-06	10.2172660374882	LCK
ENSG00000151468	2.36088095238095	0.17335	6.30771631039812	6.46367000108922e-09	2.38009390273821e-06	10.1358539338688	CCDC3
ENSG00000140279	3.13477380952381	-2.35909404761905	6.36795239258393	6.58060122861308e-09	2.38009390273821e-06	10.1344655864885	DUOX2
ENSG00000185338	2.3681619047619	-0.23425	6.30267841743389	6.61886243422923e-09	2.38009390273821e-06	10.1133640651842	SOCS1
ENSG00000128683	2.33402380952381	-2.58987857142857	6.29595410945359	6.83174246945388e-09	2.41197773221555e-06	10.0833580924477	GAD1
ENSG00000111052	2.09860714285714	-2.30391309523809	6.28184668075067	7.30053774222198e-09	2.53146146211547e-06	10.020452143196	LIN7A
ENSG00000010030	2.36824523809524	-1.47214166666667	6.27532867296949	7.5277102168492e-09	2.55649437877081e-06	9.9914089564375	ETV7
ENSG00000205307	2.57262380952381	0.658464285714286	6.27228840335865	7.63604253623994e-09	2.55649437877081e-06	9.97786656885239	SAP25
ENSG00000091181	3.31343095238095	-6.46799166666667	6.34732628257562	7.81421087303514e-09	2.57180248699316e-06	9.97568147020949	IL5RA
ENSG00000153292	2.80339523809524	-3.69905714285714	6.25759719629343	8.1815682468719e-09	2.58384503882274e-06	9.91246798718432	ADGRF1
ENSG00000166407	2.47288571428571	-2.06482619047619	6.25338528977234	8.34493333092346e-09	2.58384503882274e-06	9.89373106376331	LMO1
ENSG00000124772	2.33706190476191	-2.13137857142857	6.25054398471973	8.45694932465181e-09	2.58384503882274e-06	9.88109451785082	CPNE5
ENSG00000101134	2.15944761904762	-2.36785714285714	6.25019637343642	8.47075494226419e-09	2.58384503882274e-06	9.8795487117217	DOK5
ENSG00000255248	2.42143095238095	1.59494880952381	6.24369539121728	8.73307662210693e-09	2.58384503882274e-06	9.85064630626639	MIR100HG
ENSG00000183496	1.98899047619048	-2.31410714285714	6.24303475697931	8.76017791463122e-09	2.58384503882274e-06	9.84770997564901	MEX3B
ENSG00000078098	2.49146666666667	0.683369047619048	6.23995530178717	8.88760454967417e-09	2.58384503882274e-06	9.83402450812242	FAP
ENSG00000259207	2.24554285714286	-2.98935476190476	6.23929136167072	8.91531659290986e-09	2.58384503882274e-06	9.83107427427729	ITGB3
ENSG00000188483	2.43568095238095	0.508030952380952	6.23558164478764	9.07173003037907e-09	2.59051255485148e-06	9.81459264270201	IER5L
ENSG00000118473	2.16661666666667	-1.36633214285714	6.21990825858958	9.76296347165762e-09	2.74749601003837e-06	9.74500700939876	SGIP1
ENSG00000187479	3.15899285714286	3.45033928571429	6.2035175890606	1.05413496471312e-08	2.79355790459499e-06	9.67232114176536	C11orf96
ENSG00000108950	2.42038333333333	0.233070238095238	6.20204010948928	1.06144477210068e-08	2.79355790459499e-06	9.66577338172907	FAM20A
ENSG00000157510	2.08769285714286	-0.949229761904762	6.19962378139851	1.0735072911019e-08	2.79355790459499e-06	9.65506643765641	AFAP1L1
ENSG00000064692	2.31234047619048	-3.42091071428571	6.19913952708428	1.07594092662321e-08	2.79355790459499e-06	9.65292089485491	SNCAIP
ENSG00000162946	1.91725238095238	-2.13517619047619	6.19911147826317	1.07608205329185e-08	2.79355790459499e-06	9.65279662374476	DISC1
ENSG00000175264	2.13438571428571	-1.03369523809524	6.19853579647117	1.0789826081194e-08	2.79355790459499e-06	9.65024610517541	CHST1
ENSG00000073756	2.32056666666667	-3.20309047619048	6.19305895186113	1.10696562247111e-08	2.81939786658834e-06	9.62598668608359	PTGS2
ENSG00000140285	2.51348333333333	0.510044047619048	6.19093632389302	1.11800203794058e-08	2.81939786658834e-06	9.61658722084369	FGF7
ENSG00000197540	2.71839523809524	-3.26150952380952	6.18689180312735	1.13933206536748e-08	2.83635256991098e-06	9.59868123642351	GZMM
ENSG00000187634	2.38105	-0.0882011904761905	6.18174901381047	1.16703395222773e-08	2.86853990941242e-06	9.57592065101006	SAMD11
ENSG00000135917	2.17383095238095	-0.633108333333333	6.17689115121243	1.19381000007689e-08	2.89767532268664e-06	9.55442898011365	SLC19A3
ENSG00000090104	2.87159523809524	1.99441904761905	6.16928903143148	1.23693134303473e-08	2.94741371704909e-06	9.52081189020857	RGS1
ENSG00000082175	1.88928333333333	-3.506725	6.16795427626349	1.24465920691125e-08	2.94741371704909e-06	9.51491146120725	PGR
ENSG00000122224	2.45111904761905	-3.57938571428571	6.1600389211013	1.29147387201531e-08	3.02142646346906e-06	9.47993276939194	LY9
ENSG00000138795	2.28862380952381	-1.77728095238095	6.15353473574349	1.33123691479202e-08	3.07737600136088e-06	9.45120555503724	LEF1
ENSG00000105523	2.61073095238095	-1.26904642857143	6.14502897705589	1.3850606948485e-08	3.16413042030214e-06	9.41365894245531	FAM83E
ENSG00000204397	2.3766380952381	0.484333333333333	6.13874903503304	1.42616956394602e-08	3.19210239381083e-06	9.38595297659474	CARD16
ENSG00000100368	2.1050119047619	-1.44475833333333	6.13814552974887	1.43018286260965e-08	3.19210239381083e-06	9.38329110730637	CSF2RB
ENSG00000104043	2.06987142857143	-1.73075476190476	6.1346795780207	1.45344765154763e-08	3.20716437474454e-06	9.36800623417436	ATP8B4
ENSG00000119547	2.18725	-0.694844047619048	6.12708563149763	1.50573179179879e-08	3.28520223967965e-06	9.33453079322664	ONECUT2
ENSG00000203727	2.0284380952381	-2.47270714285714	6.11445861325888	1.59679780104596e-08	3.44517996674561e-06	9.27891113753478	SAMD5
ENSG00000148346	3.58264285714286	3.58027380952381	6.15316055592671	1.63427897041786e-08	3.46138189176962e-06	9.26849719462518	LCN2
ENSG00000057657	1.99552142857143	-1.36960119047619	6.10871977585103	1.63995846144198e-08	3.46138189176962e-06	9.2536502080584	PRDM1
ENSG00000163806	2.04747857142857	-1.75831071428572	6.0927272037407	1.76638824470494e-08	3.65097581896752e-06	9.18331310349934	SPDYA
ENSG00000168229	2.33667857142857	-3.73392023809524	6.09260508255459	1.76738967444097e-08	3.65097581896752e-06	9.18277633146479	PTGDR
ENSG00000116132	2.23605476190476	-0.0302916666666666	6.08783956256789	1.80690786226563e-08	3.68226114872848e-06	9.16183386407987	PRRX1
ENSG00000164484	2.20887857142857	-1.7356130952381	6.08577397882991	1.82430580796343e-08	3.68226114872848e-06	9.15275886505627	TMEM200A
ENSG00000091844	1.95954285714286	-1.58474761904762	6.08240558616545	1.85303138441175e-08	3.68226114872848e-06	9.13796315347837	RGS17
ENSG00000182742	2.00010238095238	-1.32315833333333	6.08003593089637	1.87350608584167e-08	3.68226114872848e-06	9.12755670609243	HOXB4
ENSG00000177294	3.16184285714285	-6.48433571428571	6.14523130713474	1.88501071337443e-08	3.68226114872848e-06	9.13945067195531	FBXO39
ENSG00000113532	1.95129285714286	-2.46697023809524	6.07742615117449	1.89631329113631e-08	3.68226114872848e-06	9.11609793830323	ST8SIA4
ENSG00000137078	3.02792142857143	-3.89569880952381	6.08776049184672	2.02410743990782e-08	3.81600636727185e-06	9.06095028977455	SIT1
ENSG00000205108	2.48226904761904	-7.96115357142856	6.06311857513802	2.02629065720455e-08	3.81600636727185e-06	9.05331863660616	FAM205A
ENSG00000130224	1.86677380952381	-3.15940833333333	6.05843180539254	2.07074478458959e-08	3.81600636727185e-06	9.03276898342935	LRCH2
ENSG00000198286	2.08887142857143	-1.13165	6.05684714735577	2.08599136285369e-08	3.81600636727185e-06	9.02582257020162	CARD11
ENSG00000164604	2.38584761904762	-4.42200714285715	6.05126019434558	2.14063212746981e-08	3.81600636727185e-06	9.00133876822792	GPR85
ENSG00000121898	2.20126904761905	-0.223067857142857	6.05063368227253	2.14684660576153e-08	3.81600636727185e-06	8.99859385807522	CPXM2
ENSG00000133321	2.57472857142857	1.84935952380952	6.04994324154341	2.15371576959267e-08	3.81600636727185e-06	8.9955690154607	PLAAT4
ENSG00000172578	2.12695714285714	-2.44233095238095	6.04989711817863	2.15417541885526e-08	3.81600636727185e-06	8.9953669533511	KLHL6
ENSG00000147138	3.37363809523809	-5.71896666666667	6.13754899588603	2.16115962147656e-08	3.81600636727185e-06	9.01591892968129	GPR174
ENSG00000077984	2.16990238095238	-1.11309642857143	6.0467019688531	2.18625325766562e-08	3.81600636727185e-06	8.98137107651666	CST7
ENSG00000026751	2.10454285714286	-2.7961	6.04543319001809	2.19912120940334e-08	3.81600636727185e-06	8.97581434838562	SLAMF7
ENSG00000110076	2.34116904761905	0.291482142857143	6.0452472714768	2.20101304529018e-08	3.81600636727185e-06	8.97500014813516	NRXN2
ENSG00000188064	2.01372142857143	-2.726325	6.04057977664744	2.24903603086566e-08	3.86475943781853e-06	8.9545634885997	WNT7B
ENSG00000122432	2.07427619047619	-0.943247619047619	6.03535856644247	2.30397852972338e-08	3.92444342896216e-06	8.93171123845772	SPATA1
ENSG00000149633	2.16893333333333	-1.12914285714286	6.03023660228593	2.35915934108451e-08	3.98349183349383e-06	8.90930247319701	KIAA1755
ENSG00000162896	2.63108095238095	1.6427380952381	6.02437971869141	2.42385257269333e-08	4.05744562556543e-06	8.88368948218373	PIGR
ENSG00000137273	1.92926428571429	-1.62604880952381	6.0195481314777	2.47853206456181e-08	4.0935567129008e-06	8.86256916797167	FOXF2
ENSG00000196639	1.9215619047619	-3.28472380952381	6.01875813347175	2.48758724957408e-08	4.0935567129008e-06	8.85911661736907	HRH1
ENSG00000047457	3.38621904761905	0.611854761904762	6.12248911067113	2.55744447534501e-08	4.1731476321218e-06	8.86245730692024	CP
ENSG00000074047	1.93487857142857	-2.80802023809524	6.00424570089013	2.65984386859414e-08	4.27164034202578e-06	8.79573098074295	GLI2
ENSG00000054967	2.10580476190476	-1.33707857142857	6.00408620026488	2.66180081051148e-08	4.27164034202578e-06	8.79503473934077	RELT
ENSG00000110848	2.42956428571429	-1.159825	5.9851776893378	2.90411497544205e-08	4.61016221282764e-06	8.71255938725851	CD69
ENSG00000106483	2.58693333333333	0.272497619047619	5.98564220628175	2.93417390671449e-08	4.61016221282764e-06	8.70357122906931	SFRP4
ENSG00000104783	2.27038095238095	-1.30652142857143	5.9810309044732	2.96008950625094e-08	4.61016221282764e-06	8.69448859646279	KCNN4
ENSG00000100385	1.85629523809524	-2.54337619047619	5.98010187176642	2.97277462829686e-08	4.61016221282764e-06	8.69044089917855	IL2RB
ENSG00000128917	2.23411428571429	-0.080345238095238	5.9787409435134	2.99145349065961e-08	4.61016221282764e-06	8.6845120250708	DLL4
ENSG00000160654	2.61976190476191	-3.91388095238095	5.97627933058874	3.02553303822587e-08	4.62596854616299e-06	8.67378967686634	CD3G
ENSG00000141527	1.90851904761905	-2.22059523809524	5.96701490531016	3.15725063259812e-08	4.78964787373362e-06	8.63345457541728	CARD14
ENSG00000171631	2.31617380952381	-1.72659404761905	5.96378835260217	3.20443567205852e-08	4.82354510697925e-06	8.61941402741778	P2RY6
ENSG00000163735	2.90067857142857	-3.75779166666667	5.96936312100993	3.31288820533569e-08	4.92163141543855e-06	8.59153852678604	CXCL5
ENSG00000073861	2.0664119047619	-4.02677976190476	5.95606027387523	3.32028898662298e-08	4.92163141543855e-06	8.5857997421912	TBX21
ENSG00000172733	2.65701428571428	-5.99018571428572	5.9533381587662	3.36206991772881e-08	4.94580861079228e-06	8.57396457542728	PURG
ENSG00000176153	2.89594761904762	2.28264285714286	5.94974400776662	3.41802831097185e-08	4.9903213340189e-06	8.55834200445188	GPX2
ENSG00000162645	2.45499047619048	1.78664285714286	5.94694573416678	3.46222864560641e-08	5.01713103286457e-06	8.54618201620651	GBP2
ENSG00000140379	3.2122	-2.30387619047619	6.0303225431071	3.55091283099605e-08	5.08579518863237e-06	8.54699489400627	BCL2A1
ENSG00000119125	2.15637857142857	-1.26285833333333	5.94075664508212	3.56199477625916e-08	5.08579518863237e-06	8.51929700250608	GDA
ENSG00000198821	1.95413571428571	-1.87021785714286	5.93910450917253	3.58910125020274e-08	5.08709256032385e-06	8.51212253029883	CD247
ENSG00000102780	1.85937380952381	-1.46054404761905	5.92605074587023	3.81052648957359e-08	5.36179734598116e-06	8.45547019463577	DGKH
ENSG00000131480	1.84065476190476	-1.96605595238095	5.9121767276091	4.06059113715023e-08	5.67255817994124e-06	8.3953248005195	AOC2
ENSG00000186340	2.39410952380952	0.557488095238095	5.90827781276676	4.13372279672982e-08	5.7000469268462e-06	8.37843500887324	THBS2
ENSG00000161940	2.14484761904762	-0.194397619047619	5.90332510813821	4.22848958754138e-08	5.7000469268462e-06	8.35698816967331	BCL6B
ENSG00000135074	1.8987880952381	-1.98082023809524	5.9032276479264	4.23037568970765e-08	5.7000469268462e-06	8.35656622355537	ADAM19
ENSG00000151388	1.94321666666667	-2.381825	5.90260442584496	4.24245618374708e-08	5.7000469268462e-06	8.35386811481443	ADAMTS12
ENSG00000137077	2.53627857142857	1.57698928571429	5.90105071479108	4.27272105586502e-08	5.7000469268462e-06	8.34714225973679	CCL21
ENSG00000082074	2.0898880952381	-1.74663452380952	5.90057762098571	4.28197856747234e-08	5.7000469268462e-06	8.34509445829332	FYB1
ENSG00000253159	1.89738333333333	-2.00527976190476	5.90038519667984	4.28574956905729e-08	5.7000469268462e-06	8.34426156671972	PCDHGA12
ENSG00000160471	2.59020238095238	-3.62544880952381	5.89371574056573	4.41848974333602e-08	5.80479402918592e-06	8.31540167775801	COX6B2
ENSG00000177374	2.2368619047619	0.280152380952381	5.89342859489965	4.42429455309258e-08	5.80479402918592e-06	8.31415950974679	HIC1
ENSG00000228672	1.75835714285714	-2.78941666666667	5.88992116932531	4.49580693250649e-08	5.8590321486853e-06	8.29898908911498	PROB1
ENSG00000224420	2.00357380952381	-0.793739285714286	5.88550415960627	4.58748263019264e-08	5.93864918087204e-06	8.27989084607522	ADM5
ENSG00000152661	2.40795476190476	1.55192023809524	5.88325592309774	4.63484820127329e-08	5.96023062068375e-06	8.27017264961689	GJA1
ENSG00000075884	2.08856428571429	-0.964896428571429	5.87888231143951	4.72837195555017e-08	6.04049517321534e-06	8.25127259258791	ARHGAP15
ENSG00000112303	2.39365714285714	-1.02639285714286	5.87294987119021	4.85819891569522e-08	6.14725277425156e-06	8.22564735252231	VNN2
ENSG00000109705	2.3301119047619	-3.87737738095238	5.8721821189262	4.87525454338624e-08	6.14725277425156e-06	8.22233197462505	NKX3-2
ENSG00000115085	2.04659047619048	-0.762176190476191	5.86694348592345	4.99321163644655e-08	6.22883425937468e-06	8.19971576688993	ZAP70
ENSG00000171551	2.42224047619048	-2.85280357142857	5.86646561342409	5.00411033300262e-08	6.22883425937468e-06	8.19765319575544	ECEL1
ENSG00000104967	1.9396119047619	-1.34754166666667	5.86247695298511	5.09599504528276e-08	6.25281619901093e-06	8.18044077794712	NOVA2
ENSG00000198959	2.83188095238095	2.99536666666667	5.86174987709772	5.1129220534665e-08	6.25281619901093e-06	8.17730382630966	TGM2
ENSG00000016082	2.13892619047619	-0.525844047619048	5.86144739832127	5.11998030509186e-08	6.25281619901093e-06	8.17599884575708	ISL1
ENSG00000091879	1.98829761904762	-2.31586547619048	5.85878339550738	5.182558929974e-08	6.2896830813897e-06	8.16450701597773	ANGPT2
ENSG00000102886	2.16630714285714	0.216551190476191	5.85016338701664	5.39024133337945e-08	6.5010997646933e-06	8.12734031076069	GDPD3
ENSG00000061337	1.9874380952381	-1.0715	5.84503761156128	5.51759123419226e-08	6.61361645589786e-06	8.10525254529332	LZTS1
ENSG00000169508	2.20717857142857	-0.998722619047619	5.84254375175427	5.58061560539098e-08	6.64812232058172e-06	8.09450960850871	GPR183
ENSG00000121297	1.93169523809524	-0.942378571428572	5.83941834173526	5.66059973391055e-08	6.69326442646453e-06	8.08104934139959	TSHZ3
ENSG00000166923	2.63234761904762	-0.947954761904762	5.87172755005455	5.68744788529533e-08	6.69326442646453e-06	8.08637768058104	GREM1
ENSG00000162344	2.92909761904762	-8.11398214285714	5.88728150092311	5.77128949693765e-08	6.74520072249659e-06	8.07799057117197	FGF19
ENSG00000140030	1.93844047619048	-3.06450595238095	5.8340336102875	5.80105325294536e-08	6.74520072249659e-06	8.05786725555487	GPR65
ENSG00000106560	2.06180476190476	-0.543759523809524	5.82940109569293	5.92462162282863e-08	6.84787515905276e-06	8.03793214437351	GIMAP2
ENSG00000204682	1.92455714285714	-3.70683333333333	5.8273238988688	5.98086525798161e-08	6.87197879168562e-06	8.02899591493121	MIR1915HG
ENSG00000136378	1.91735476190476	-1.99778214285714	5.82495655562881	6.04560477435878e-08	6.90550314755875e-06	8.01881340486052	ADAMTS7
ENSG00000000971	2.36199285714286	1.77136547619048	5.82207880258968	6.12522993272674e-08	6.93462560754899e-06	8.00643829583077	CFH
ENSG00000154016	1.9498619047619	-1.53796666666667	5.82145857811838	6.14252551497799e-08	6.93462560754899e-06	8.00377156656626	GRAP
ENSG00000141574	2.22219285714286	0.299379761904762	5.81541233411849	6.31366425651773e-08	7.08663193832724e-06	7.97778249681489	SECTM1
ENSG00000165259	1.94557380952381	-2.08596071428571	5.80869544105167	6.50927984056161e-08	7.26420666344973e-06	7.94892665281151	HDX
ENSG00000121966	2.42037380952381	1.22872738095238	5.80549252856967	6.60464212256918e-08	7.32851089920276e-06	7.93517282227506	CXCR4
ENSG00000165071	2.15897380952381	-2.0624869047619	5.80372367882186	6.65789392317921e-08	7.34562410228943e-06	7.92757873146347	TMEM71
ENSG00000182853	2.06745238095238	-1.2149880952381	5.800130821888	6.76735946117454e-08	7.35024349623473e-06	7.91215734092831	VMO1
ENSG00000117091	2.17218571428571	-0.837345238095238	5.80008845386672	6.76866079791581e-08	7.35024349623473e-06	7.91197551613505	CD48
ENSG00000120278	1.90509523809524	-1.24935714285714	5.7998613979622	6.77563902475032e-08	7.35024349623473e-06	7.91100110412693	PLEKHG1
ENSG00000168993	2.14712380952381	0.0870809523809523	5.79863184934922	6.81355028156628e-08	7.35030663152522e-06	7.90572482226936	CPLX1
ENSG00000118257	2.03371666666667	-0.590853571428572	5.79423300755449	6.95089542446229e-08	7.45704350012203e-06	7.8868529883422	NRP2
ENSG00000158292	1.98074761904762	-1.0244880952381	5.79179935270455	7.02804591644159e-08	7.49838437392653e-06	7.87641527693071	GPR153
ENSG00000132693	4.35350238095238	2.13365595238095	5.9127498980547	7.12378059893494e-08	7.55899298743818e-06	7.89978657700806	CRP
ENSG00000184588	1.95874523809524	-1.21252023809524	5.78702060659682	7.18199403473223e-08	7.56301520322403e-06	7.85592615386291	PDE4B
ENSG00000162849	1.96233095238095	-3.34397738095238	5.78523891052519	7.24023511914849e-08	7.56301520322403e-06	7.84828923182057	KIF26B
ENSG00000169245	3.15493809523809	-3.21268095238095	5.8574866418084	7.24441666391838e-08	7.56301520322403e-06	7.86920310558724	CXCL10
ENSG00000134323	2.32602619047619	-4.77656547619048	5.77905041093208	7.44615400606012e-08	7.73205446468852e-06	7.82177259986157	MYCN
ENSG00000162552	2.19770714285714	-0.449879761904762	5.77528317299572	7.57431121392954e-08	7.82329655064275e-06	7.80563770379084	WNT4
ENSG00000219607	1.73694523809523	-4.93090119047619	5.77279500216601	7.66014101754604e-08	7.87008562321212e-06	7.79498392188925	PPP1R3G
ENSG00000124212	2.20262857142857	-0.296178571428572	5.77117789798604	7.71643450208992e-08	7.8861960611359e-06	7.78806110117348	PTGIS
ENSG00000153246	1.88388571428571	-1.81180238095238	5.7693742171448	7.7797022095822e-08	7.90922814165797e-06	7.7803407102463	PLA2R1
ENSG00000106511	2.02187142857143	-1.12830952380952	5.76773734898571	7.8375592899048e-08	7.92654824434226e-06	7.77333539976464	MEOX2
ENSG00000103449	2.06004047619048	-1.98348214285714	5.766135300158	7.8945946320082e-08	7.94286210177903e-06	7.76648008592028	SALL1
ENSG00000184349	1.87681666666667	-2.22360357142857	5.75672772793286	8.23783364355283e-08	8.14098176107179e-06	7.72624381580583	EFNA5
ENSG00000137752	2.26217619047619	1.24945476190476	5.75629236029163	8.25406800049658e-08	8.14098176107179e-06	7.7243825562843	CASP1
ENSG00000117525	3.12078095238095	4.52949761904762	5.75563874632056	8.27849949901341e-08	8.14098176107179e-06	7.72158839718491	F3
ENSG00000165188	2.27272142857143	-2.83420833333333	5.75554965704354	8.28183506844291e-08	8.14098176107179e-06	7.72120755861373	RNF183
ENSG00000135604	2.12134761904762	-1.64733095238095	5.75503486906301	8.30113497112068e-08	8.14098176107179e-06	7.71900700349015	STX11
ENSG00000101236	2.15382857142857	0.461638095238095	5.75320694001618	8.3700232182563e-08	8.16729200261813e-06	7.71119399996507	RNF24
ENSG00000125384	1.9973880952381	-2.10391071428571	5.75050744983444	8.47278507681698e-08	8.22622703108161e-06	7.69965805737042	PTGER2
ENSG00000105374	2.58713571428571	-1.023075	5.77470793610474	8.73795271478215e-08	8.40918814156582e-06	7.67997461167463	NKG7
ENSG00000170909	2.12868095238095	-1.50187380952381	5.74343702027983	8.74784223193066e-08	8.40918814156582e-06	7.66945657058785	OSCAR
ENSG00000099953	2.05124523809524	-0.811517857142857	5.73918157170675	8.91759509339756e-08	8.50757019827306e-06	7.65128851134641	MMP11
ENSG00000115226	2.56439285714286	1.76162261904762	5.7386800740981	8.93781192938359e-08	8.50757019827306e-06	7.64914789035911	FNDC4
ENSG00000164591	2.23385238095238	-3.18781428571428	5.73684534950774	9.01215913351638e-08	8.5364929782742e-06	7.64131726523082	MYOZ3
ENSG00000119865	2.10772857142857	0.517845238095238	5.7319632163841	9.21296360106932e-08	8.68433627211476e-06	7.62048652899241	CNRIP1
ENSG00000151617	1.90816190476191	-1.50903333333333	5.72808022168082	9.37580250706881e-08	8.7951368638774e-06	7.60392535283564	EDNRA
ENSG00000185880	2.15957619047619	0.590878571428571	5.72027326569415	9.71179346011952e-08	9.05752324007329e-06	7.5706457589537	TRIM69
ENSG00000140287	2.40452380952381	-1.27849285714286	5.71942961350372	9.748801921801e-08	9.05752324007329e-06	7.56705082745145	HDC
ENSG00000166073	2.0117119047619	-1.30505357142857	5.71462337063475	9.9622923584555e-08	9.21179966745185e-06	7.54657590602334	GPR176
ENSG00000184557	2.72254285714286	2.67045	5.70739237053917	1.02921598586513e-07	9.44788555894467e-06	7.51578810170365	SOCS3
ENSG00000116991	2.08145238095238	0.424071428571428	5.70488376639104	1.04090841490616e-07	9.44788555894467e-06	7.50511179653425	SIPA1L2
ENSG00000158315	2.07461904761905	-2.49170952380952	5.70387479239048	1.04564783960788e-07	9.44788555894467e-06	7.5008184143628	RHBDL2
ENSG00000269226	1.95033095238095	-2.86714642857143	5.70380220051717	1.04598963868132e-07	9.44788555894467e-06	7.50050953686707	TMSB15B
ENSG00000104903	2.03700238095238	-0.486175	5.70378112696232	1.04608888411428e-07	9.44788555894467e-06	7.50041986954085	LYL1
ENSG00000151715	2.02038095238095	-1.19266904761905	5.70173808935378	1.05575452230452e-07	9.46116572081542e-06	7.49172762185618	TMEM45B
ENSG00000135919	2.25213095238095	0.707027380952381	5.70111563798677	1.05871672573529e-07	9.46116572081542e-06	7.48907967908121	SERPINE2
ENSG00000134817	2.21412380952381	-0.988854761904762	5.70039081295519	1.06217639671324e-07	9.46116572081542e-06	7.48599642174534	APLNR
ENSG00000100626	2.07001428571429	0.108061904761905	5.69665562288501	1.08018150652129e-07	9.57760935782213e-06	7.47011090872513	GALNT16
ENSG00000146215	2.11190714285714	-0.216675	5.69251567342386	1.10048770737357e-07	9.67259736118143e-06	7.45251029106396	CRIP3
ENSG00000019102	2.14153095238095	-1.03042976190476	5.6924410904417	1.10085694552534e-07	9.67259736118143e-06	7.45219326920592	VSIG2
ENSG00000135318	1.94539047619048	-0.928316666666667	5.69080646537501	1.10898008162604e-07	9.70007893018667e-06	7.44524568587384	NT5E
ENSG00000172543	2.28393571428571	-2.28841071428571	5.68844955221972	1.12079619060499e-07	9.75947104446978e-06	7.43523001400322	CTSW
ENSG00000120693	1.77948095238095	-1.45080238095238	5.68458514635623	1.14043775844426e-07	9.8783920134639e-06	7.41881293792459	SMAD9
ENSG00000123360	1.98870238095238	-0.305267857142857	5.68376923187572	1.14462776961035e-07	9.8783920134639e-06	7.41534744699418	PDE1B
ENSG00000179772	2.1231119047619	-1.97135833333333	5.6821966787592	1.15274603756835e-07	9.90443475995674e-06	7.40866896172052	FOXS1
ENSG00000180815	1.88186428571429	-2.33700833333333	5.67582377757981	1.18622824413767e-07	1.01472158787072e-05	7.38161370213846	MAP3K15
ENSG00000184838	1.98514285714286	-0.748169047619048	5.6570422665616	1.29054988322014e-07	1.09293157746085e-05	7.30197162975454	PRR16
ENSG00000124194	2.09356428571429	-2.96593928571429	5.65675880435872	1.29219135840048e-07	1.09293157746085e-05	7.30077067995026	GDAP1L1
ENSG00000138316	2.43408571428571	-4.39075	5.65635340611095	1.29454250085485e-07	1.09293157746085e-05	7.29905317611923	ADAMTS14
ENSG00000162745	2.14833333333333	-0.949357142857143	5.65365499505794	1.3102994304218e-07	1.09834462569678e-05	7.28762277375436	OLFML2B
ENSG00000139572	2.47393095238095	-3.26790833333333	5.65255786878507	1.31675957088903e-07	1.09834462569678e-05	7.2829761915174	GPR84
ENSG00000172724	3.35488571428571	-0.783647619047619	5.76029053335168	1.31792304968251e-07	1.09834462569678e-05	7.31539752460581	CCL19
ENSG00000254726	1.83842142857143	-2.75770357142857	5.64626186460455	1.3544404034427e-07	1.11730753391948e-05	7.25632031294045	MEX3A
ENSG00000169604	2.10260238095238	0.393936904761905	5.6457741813027	1.35740286659457e-07	1.11730753391948e-05	7.25425622127759	ANTXR1
ENSG00000113657	2.08746666666667	0.536861904761905	5.64568604850906	1.3579389123751e-07	1.11730753391948e-05	7.25388321426273	DPYSL3
ENSG00000204252	2.03382380952381	-0.640811904761905	5.63131331683681	1.44819269494507e-07	1.17974544226278e-05	7.19309406178603	HLA-DOA
ENSG00000084734	2.66595238095238	-0.0469428571428571	5.68013317699384	1.45113255739493e-07	1.17974544226278e-05	7.20673363182515	GCKR
ENSG00000100314	2.13852142857143	-0.485308333333333	5.63071872734173	1.45205047224639e-07	1.17974544226278e-05	7.19058101632508	CABP7
ENSG00000117090	1.89845238095238	-3.1070380952381	5.62561408713931	1.48558734695162e-07	1.20021430804543e-05	7.16901190212963	SLAMF1
ENSG00000189184	1.90276428571429	-0.862979761904762	5.62451245285998	1.49292397492987e-07	1.20021430804543e-05	7.16435841808015	PCDH18
ENSG00000182885	2.12846666666667	-2.35210952380952	5.62386334773451	1.49726348484146e-07	1.20021430804543e-05	7.1616167167618	ADGRG3
ENSG00000161798	2.2114119047619	-1.14455119047619	5.62307564906965	1.50254615728276e-07	1.20021430804543e-05	7.15828984612031	AQP5
ENSG00000145649	2.18135476190476	-1.95764642857143	5.62224323391722	1.50814857947824e-07	1.20021430804543e-05	7.15477438145933	GZMA
ENSG00000165996	2.20007619047619	0.474754761904762	5.61682335782206	1.54513017660571e-07	1.22462603140121e-05	7.13189182904452	HACD1
ENSG00000142606	2.27575714285714	-0.263807142857143	5.61115605362115	1.58475083437939e-07	1.25092242690971e-05	7.10797713237714	MMEL1
ENSG00000147113	2.01447857142857	0.170627380952381	5.60945132978641	1.59686238087997e-07	1.25537950250717e-05	7.10078609852094	DIPK2B
ENSG00000197380	1.92020952380952	-1.49308333333333	5.60776562058506	1.60892805088924e-07	1.25976471339384e-05	7.09367641284129	DACT3
ENSG00000167371	2.0628119047619	0.516210714285714	5.60541959745935	1.6258688619567e-07	1.2662076713104e-05	7.0837836578722	PRRT2
ENSG00000106034	1.89624285714286	-1.2251619047619	5.60482387793578	1.63019836145638e-07	1.2662076713104e-05	7.08127196602464	CPED1
ENSG00000105664	2.28363095238095	-0.444653571428572	5.60319282280732	1.64211026690265e-07	1.27029282773231e-05	7.07439578371607	COMP
ENSG00000140678	2.35729047619048	0.36922380952381	5.60231702891896	1.64854152120992e-07	1.27029282773231e-05	7.07070406085133	ITGAX
ENSG00000145386	1.84227142857143	-1.36573095238095	5.59779067937693	1.68217565518074e-07	1.28708070057242e-05	7.05162908262909	CCNA2
ENSG00000184058	2.39513333333333	-3.33592857142857	5.59720845123225	1.6865505753509e-07	1.28708070057242e-05	7.04917604682873	TBX1
ENSG00000185811	1.97478095238095	-1.84629285714286	5.59605775722109	1.6952298333319e-07	1.28708070057242e-05	7.0443283572294	IKZF1
ENSG00000181036	2.53530476190476	-3.37810238095238	5.5958447344548	1.69684138091739e-07	1.28708070057242e-05	7.04343098456184	FCRL6
ENSG00000163083	2.21951666666667	-0.104794047619048	5.59334491644707	1.71586543596351e-07	1.29644649943734e-05	7.0329016914846	INHBB
ENSG00000105996	1.94827619047619	-3.12698333333333	5.59232830940497	1.72366165320158e-07	1.29728922410342e-05	7.02862043434496	HOXA2
ENSG00000170379	2.02167142857143	-0.997666666666666	5.58609153321568	1.77225614463627e-07	1.32740840211116e-05	7.0023644466678	TCAF2
ENSG00000108511	1.89261904761905	-1.15484285714286	5.58467892466512	1.78344775717422e-07	1.32740840211116e-05	6.99641972348563	HOXB6
ENSG00000186827	2.04501428571429	-1.08205952380952	5.58458581888998	1.78418783062629e-07	1.32740840211116e-05	6.99602793180143	TNFRSF4
ENSG00000198774	1.80784523809524	-1.36212738095238	5.58239232799671	1.80171065461841e-07	1.33279687110294e-05	6.98679866911818	RASSF9
ENSG00000130475	1.94390238095238	-1.565175	5.58196325697348	1.80515798279985e-07	1.33279687110294e-05	6.98499354967214	FCHO1
ENSG00000198734	2.35059523809524	-0.911328571428571	5.57925159807784	1.82709454508578e-07	1.34388340441196e-05	6.97358720196919	F5
ENSG00000168421	1.94428809523809	-2.11093928571429	5.57786918160849	1.83837824114143e-07	1.34708032779186e-05	6.96777333104329	RHOH
ENSG00000173918	2.38300476190476	1.98097619047619	5.57508431120048	1.86131694289707e-07	1.35876136831486e-05	6.95606365683849	C1QTNF1
ENSG00000138755	2.6103	-3.72672619047619	5.57270997786038	1.88109543347656e-07	1.36805659652614e-05	6.9460826554002	CXCL9
ENSG00000147168	1.99678571428571	-0.542	5.57162215839371	1.89022576310965e-07	1.36956730850982e-05	6.94151054065664	IL2RG
ENSG00000071575	2.56064761904762	2.77187619047619	5.56857945273592	1.91599516719586e-07	1.38307784968808e-05	6.92872455826177	TRIB2
ENSG00000188042	2.08596666666667	0.648866666666667	5.5676861254148	1.92362613006475e-07	1.38344341457768e-05	6.9249713502335	ARL4C
ENSG00000183807	1.8954	-0.856004761904762	5.5656333126403	1.94127465926248e-07	1.39098418205014e-05	6.91634792446507	FAM162B
ENSG00000116824	1.98262142857143	-1.37259166666667	5.56380914080648	1.95709058432037e-07	1.39716121199753e-05	6.90868639980315	CD2
ENSG00000204381	1.92089523809524	-0.396826190476191	5.55901021655822	1.99930367860061e-07	1.41226716986317e-05	6.88853734105745	LAYN
ENSG00000198542	2.26293095238095	0.253817857142857	5.55883667818071	2.00084678361765e-07	1.41226716986317e-05	6.88780888686836	ITGBL1
ENSG00000196611	3.76968571428571	-2.80172857142857	5.66646321812993	2.00621317600367e-07	1.41226716986317e-05	6.91977509336305	MMP1
ENSG00000139354	1.84489761904762	-2.07709404761905	5.55696607242936	2.0175544955783e-07	1.41226716986317e-05	6.87995750463899	GAS2L3
ENSG00000152402	1.82887619047619	-0.688759523809524	5.55652267547215	2.02153478765506e-07	1.41226716986317e-05	6.87809666893306	GUCY1A2
ENSG00000173917	2.06030714285714	0.458734523809524	5.55648333444866	2.02188831610856e-07	1.41226716986317e-05	6.87793156749785	HOXB2
ENSG00000188452	1.84933571428572	-1.97205833333333	5.55308066990606	2.05269583372027e-07	1.42441490119046e-05	6.86365407049852	CERKL
ENSG00000117226	2.15393333333333	0.715307142857143	5.55214571629868	2.06124109138873e-07	1.42441490119046e-05	6.85973185103251	GBP3
ENSG00000205090	1.93579047619048	-1.20967619047619	5.55214077244958	2.0612863695258e-07	1.42441490119046e-05	6.85971111205784	TMEM240
ENSG00000138100	2.24054047619048	-2.95134642857143	5.55110163697933	2.07082493025765e-07	1.42593186155117e-05	6.85535225834614	TRIM54
ENSG00000059804	2.34964047619048	1.23683214285714	5.54793292454682	2.10017936303386e-07	1.44103473043786e-05	6.84206319299912	SLC2A3
ENSG00000138685	1.75635	-2.24368452380952	5.54541377462108	2.12380689621531e-07	1.45110877248083e-05	6.8315012003819	FGF2
ENSG00000255330	2.32516428571429	-3.14804642857143	5.54477837811828	2.12980739600905e-07	1.45110877248083e-05	6.82883759317026	AL096711.2
ENSG00000002587	2.10317380952381	-2.85283214285714	5.54290691988395	2.1475775737785e-07	1.45810004642066e-05	6.82099332138163	HS3ST1
ENSG00000187955	2.19817380952381	0.629160714285714	5.54058289684529	2.16984731196999e-07	1.46231262301228e-05	6.81125409679977	COL14A1
ENSG00000128340	2.2120119047619	0.755184523809524	5.53826379886475	2.19229532928769e-07	1.46231262301228e-05	6.80153770609127	RAC2
ENSG00000110852	2.02823095238095	-0.0416630952380952	5.53780605573667	2.19675292330348e-07	1.46231262301228e-05	6.79962014589793	CLEC2B
ENSG00000168065	3.23582857142857	-4.10557619047619	5.61111415968501	2.20031639052771e-07	1.46231262301228e-05	6.82197669135283	SLC22A11
ENSG00000097046	1.96531666666667	-1.126325	5.53739251281816	2.20078772066731e-07	1.46231262301228e-05	6.79788782105062	CDC7
ENSG00000169169	2.10927142857143	0.296938095238095	5.53705334381493	2.20410229521005e-07	1.46231262301228e-05	6.79646709946123	CPT1C
ENSG00000162433	1.89521666666667	-1.73211785714286	5.53680860685366	2.20649705707384e-07	1.46231262301228e-05	6.79544196688174	AK4
ENSG00000072952	2.01477857142857	-0.0521273809523809	5.53276088004978	2.24647593537179e-07	1.48374386779079e-05	6.7784907530495	MRVI1
ENSG00000084731	1.87199523809524	-0.865126190476191	5.52992044116161	2.27495339551994e-07	1.4974591537019e-05	6.76659945955363	KIF3C
ENSG00000124256	2.3474619047619	-3.74697142857143	5.52639152212455	2.31082630608713e-07	1.51265702343648e-05	6.75183049054237	ZBP1
ENSG00000131459	2.18983571428571	0.734355952380952	5.52611875203537	2.31362208240105e-07	1.51265702343648e-05	6.75068912573666	GFPT2
ENSG00000179431	2.10776666666667	0.214697619047619	5.52091628473423	2.36758380528184e-07	1.54187739379394e-05	6.72892603120714	FJX1
ENSG00000105122	2.05870714285714	-0.380470238095238	5.52028682413769	2.37419580154695e-07	1.54187739379394e-05	6.72629360810049	RASAL3
ENSG00000166920	2.52640476190476	1.35121904761905	5.51920653471789	2.38558558667479e-07	1.54407292691646e-05	6.72177618426862	C15orf48
ENSG00000148344	2.11471428571429	-1.22489285714286	5.51846072956394	2.39348002369891e-07	1.54407292691646e-05	6.71865774583504	PTGES
ENSG00000185697	1.71724047619048	-2.12195357142857	5.51700172741005	2.40899779825466e-07	1.54893772339434e-05	6.71255787397553	MYBL1
ENSG00000082497	2.00434761904762	-3.98699523809524	5.51239989950179	2.45859064732349e-07	1.57560769603061e-05	6.69332404322247	SERTAD4
ENSG00000165633	1.80062619047619	-1.34962261904762	5.51007465180201	2.48402819888943e-07	1.5815238703472e-05	6.68360873445857	VSTM4
ENSG00000156475	1.88399285714286	-2.13344404761905	5.50972699118939	2.48785359188641e-07	1.5815238703472e-05	6.68215633627698	PPP2R2B
ENSG00000160951	2.52529047619048	-3.94722142857143	5.5093275214922	2.49225617636339e-07	1.5815238703472e-05	6.68048756023333	PTGER1
ENSG00000159871	2.20618571428571	-3.24955	5.50707196372478	2.51725838773243e-07	1.59218642908757e-05	6.67106624950756	LYPD5
ENSG00000132514	2.11336190476191	-1.36019047619048	5.50594203885865	2.52987546540577e-07	1.59494539632169e-05	6.66634741857761	CLEC10A
ENSG00000126785	1.96374285714286	0.272480952380952	5.50521310248447	2.53804782914514e-07	1.59494539632169e-05	6.66330348878729	RHOJ
ENSG00000161653	1.81670952380952	-2.18614285714286	5.5031443354338	2.56138257624928e-07	1.60032465563024e-05	6.65466581890871	NAGS
ENSG00000250510	2.05477857142857	0.391479761904762	5.50299361852736	2.56309078123907e-07	1.60032465563024e-05	6.65403660347867	GPR162
ENSG00000163239	1.89794047619048	-0.949372619047619	5.50054011161861	2.59105591106857e-07	1.61260011798492e-05	6.64379498082983	TDRD10
ENSG00000253304	1.89595714285714	-0.981683333333333	5.49621983640932	2.64102657308941e-07	1.63844900946486e-05	6.62576698969986	TMEM200B
ENSG00000178033	1.63277380952381	-4.15142261904762	5.49141336102416	2.69773022590595e-07	1.66829699129432e-05	6.60571921384104	CALHM5
ENSG00000103710	1.92501428571429	-0.400566666666667	5.48943363072277	2.72143088645763e-07	1.67280641564659e-05	6.59746455354637	RASL12
ENSG00000007129	2.34922857142857	-3.1103880952381	5.48936537385692	2.72225166002843e-07	1.67280641564659e-05	6.5971799794771	CEACAM21
ENSG00000168679	1.80622380952381	-1.43220238095238	5.48630721727727	2.75927507007225e-07	1.68588949934494e-05	6.58443200491555	SLC16A4
ENSG00000023171	1.87031904761905	-1.15332857142857	5.48617337069018	2.76090668859661e-07	1.68588949934494e-05	6.58387415186803	GRAMD1B
ENSG00000162998	2.01677857142857	-0.399060714285714	5.48526453373389	2.77201061775083e-07	1.68650024521635e-05	6.58008644860876	FRZB
ENSG00000054803	2.35795238095238	-3.6462880952381	5.48467169114404	2.77927736362773e-07	1.68650024521635e-05	6.57761588012935	CBLN4
ENSG00000133488	2.01783571428571	-3.82231547619048	5.48215227372513	2.8103676451072e-07	1.68830028394999e-05	6.5671182733892	SEC14L4
ENSG00000133116	1.70496666666667	-2.36285	5.4818203331734	2.81448918386916e-07	1.68830028394999e-05	6.56573537978976	KL
ENSG00000136274	1.85806666666667	-1.47881904761905	5.48153348109667	2.81805564819319e-07	1.68830028394999e-05	6.56454036562182	NACAD
ENSG00000196090	1.9996619047619	-3.07934047619047	5.48131662234105	2.82075481435186e-07	1.68830028394999e-05	6.56363696349488	PTPRT
ENSG00000106789	1.82438095238095	-2.85868809523809	5.48091853131784	2.82571630592104e-07	1.68830028394999e-05	6.56197862488323	CORO2A
ENSG00000141526	2.22036428571429	0.939370238095238	5.47686469284139	2.87672915930345e-07	1.71338113225748e-05	6.54509519090801	SLC16A3
ENSG00000154721	2.04590238095238	0.527158333333333	5.47618724032965	2.88534159155523e-07	1.71338113225748e-05	6.54227440203619	JAM2
ENSG00000160999	1.87834285714286	-0.600183333333333	5.4720583659165	2.93838024036443e-07	1.73955693620111e-05	6.52508665206898	SH2B2
ENSG00000235568	2.08618095238095	-2.01823333333333	5.47082412220367	2.9544195581648e-07	1.74373613922323e-05	6.51995009980132	NFAM1
ENSG00000128274	2.12655238095238	1.11795476190476	5.46727651081156	3.00100043950991e-07	1.76586141013344e-05	6.50518954195578	A4GALT
ENSG00000140534	1.81495	-3.68697738095238	5.46638037155455	3.01288021867385e-07	1.76749571257428e-05	6.50146180334781	TICRR
ENSG00000015520	1.94145	-2.33216309523809	5.46413943109619	3.04278938773352e-07	1.77451763146264e-05	6.49214146064212	NPC1L1
ENSG00000115604	1.99549523809524	-1.07835238095238	5.46411427017506	3.04312684765197e-07	1.77451763146264e-05	6.49203682523257	IL18R1
ENSG00000120594	2.00699285714286	-0.288294047619048	5.46093912353793	3.08600745703844e-07	1.79018012083175e-05	6.47883463206562	PLXDC2
ENSG00000126500	1.86387619047619	-1.82817380952381	5.46076141197059	3.08842486599359e-07	1.79018012083175e-05	6.47809583565152	FLRT1
ENSG00000120820	1.99692142857143	0.0298726190476191	5.45967288187894	3.10327263406917e-07	1.79021656302807e-05	6.47357080156975	GLT8D2
ENSG00000181804	1.88809047619048	-1.27670714285714	5.45782520307757	3.12863545867545e-07	1.79021656302807e-05	6.46589111121767	SLC9A9
ENSG00000116690	1.98047142857143	-2.22972142857143	5.45760356250027	3.13169148377136e-07	1.79021656302807e-05	6.46496998052757	PRG4
ENSG00000119698	1.71143571428572	-2.80587976190476	5.45674631200797	3.14353895735082e-07	1.79021656302807e-05	6.46140747030312	PPP4R4
ENSG00000128709	1.89525952380952	-3.19057023809524	5.4557498802722	3.1573651009349e-07	1.79021656302807e-05	6.45726694577624	HOXD9
ENSG00000093134	2.87224523809524	-4.00302738095238	5.49377089407955	3.1609882314756e-07	1.79021656302807e-05	6.46909051853818	VNN3
ENSG00000161381	2.10590476190476	0.865919047619047	5.45476324402236	3.17111396888392e-07	1.79021656302807e-05	6.45316753476178	PLXDC1
ENSG00000132821	2.12025476190476	-0.571182142857143	5.45470276153507	3.17195870164554e-07	1.79021656302807e-05	6.45291624713325	VSTM2L
ENSG00000163958	3.70305714285714	-5.89622142857143	5.55594024524123	3.17253995918888e-07	1.79021656302807e-05	6.48630112373755	ZDHHC19
ENSG00000166105	2.58700714285714	-5.25742976190476	5.45356263079704	3.18792368705382e-07	1.79021656302807e-05	6.44817961322662	GLB1L3
ENSG00000007312	1.93456904761905	-1.144375	5.45342182783795	3.18990076633902e-07	1.79021656302807e-05	6.44759468998001	CD79B
ENSG00000148848	2.10112619047619	-4.23736547619048	5.44861943144152	3.25805668227121e-07	1.82151035919436e-05	6.42764956728895	ADAM12
ENSG00000125910	2.2147119047619	-2.30919880952381	5.44794701401951	3.26771271826147e-07	1.82151035919436e-05	6.42485768237199	S1PR4
ENSG00000158715	1.86549523809524	-1.14340714285714	5.44703954219502	3.28078859840612e-07	1.82151035919436e-05	6.42109014991544	SLC45A3
ENSG00000165376	2.96352857142857	1.02897380952381	5.51727141604923	3.28318377648586e-07	1.82151035919436e-05	6.44399399063843	CLDN2
ENSG00000115252	1.87101428571429	-0.751257142857143	5.44592009060434	3.29698949067761e-07	1.82395845954353e-05	6.41644302194876	PDE1A
ENSG00000132530	2.31753095238095	1.69025833333333	5.44342288797681	3.33341209831216e-07	1.83886920809731e-05	6.40607839734767	XAF1
ENSG00000183098	1.83642142857143	-2.56371547619048	5.44193021912568	3.35537095266287e-07	1.84335693837803e-05	6.3998843364195	GPC6
ENSG00000102837	3.77120476190476	5.08784285714286	5.49644563163182	3.36053329995788e-07	1.84335693837803e-05	6.41693543938461	OLFM4
ENSG00000120280	2.77573571428571	-3.99810833333333	5.46525989966553	3.3880297920928e-07	1.85025188230595e-05	6.3994332574523	CXorf21
ENSG00000005844	1.98961666666667	-0.862572619047619	5.4394507389848	3.39216021269399e-07	1.85025188230595e-05	6.38959742124688	ITGAL
ENSG00000124664	2.13128095238095	-2.76878333333333	5.4371480129311	3.42668027070935e-07	1.86384530802897e-05	6.38004614541692	SPDEF
ENSG00000184194	1.84867142857143	-1.91991666666667	5.4357694577781	3.44751039074347e-07	1.86787233593479e-05	6.37432922636157	GPR173
ENSG00000134917	1.85704523809524	-1.98934404761905	5.43538625994561	3.45332252858476e-07	1.86787233593479e-05	6.37274023311383	ADAMTS8
ENSG00000150048	1.89135	-0.594065476190476	5.43244636242128	3.49823343411058e-07	1.88615383359817e-05	6.36055152156193	CLEC1A
ENSG00000122122	2.13447142857143	-0.450930952380952	5.43190612552284	3.50654822293203e-07	1.88615383359817e-05	6.35831211505367	SASH3
ENSG00000124019	2.15596428571428	-3.89059880952381	5.43028362403925	3.53163658590541e-07	1.89440108356661e-05	6.351587212991	FAM124B
ENSG00000122691	2.38541428571429	-2.62240952380952	5.42808679925805	3.56588568324424e-07	1.90750325612222e-05	6.3424836424903	TWIST1
ENSG00000138964	2.24597380952381	0.915908333333333	5.4268538273588	3.58525022865828e-07	1.91259310274963e-05	6.33737514052654	PARVG
ENSG00000175879	1.79165952380952	-1.51075595238095	5.42501815133176	3.61427138181168e-07	1.92279237512382e-05	6.32977067989116	HOXD8
ENSG00000114450	1.8230619047619	-0.683057142857143	5.42427296999565	3.62611782504669e-07	1.92382393242504e-05	6.32668410284978	GNB4
ENSG00000086300	2.20479047619048	1.02937380952381	5.42254168762226	3.65378757847229e-07	1.93322199451703e-05	6.31951395492914	SNX10
ENSG00000169071	1.88487380952381	-0.730941666666667	5.42007458373037	3.69357467936983e-07	1.94896285663052e-05	6.30929857712278	ROR2
ENSG00000185052	1.85272619047619	-1.98728452380952	5.41904880680581	3.71024192444744e-07	1.95245196988944e-05	6.30505196776338	SLC24A3
ENSG00000139679	2.15832619047619	1.59246309523809	5.41557804816477	3.76718379850838e-07	1.97223901616479e-05	6.29068669754395	LPAR6
ENSG00000112139	1.93925	-1.61890595238095	5.4155191921348	3.76815673600339e-07	1.97223901616479e-05	6.29044313988043	MDGA1
ENSG00000038427	2.28387857142857	0.542836904761905	5.4112010672055	3.84021352692087e-07	2.00455016843413e-05	6.2725779133207	VCAN
ENSG00000163053	1.71812380952381	-1.94099523809524	5.40456808439504	3.95353179836078e-07	2.05816837695897e-05	6.24515094213002	SLC16A14
ENSG00000105997	1.81565238095238	-1.94225714285714	5.40260006055987	3.98777842498104e-07	2.06750727153086e-05	6.23701688788216	HOXA3
ENSG00000213809	1.90752380952381	-0.952845238095238	5.40170820630203	4.00339345043757e-07	2.06750727153086e-05	6.23333130155842	KLRK1
ENSG00000148483	1.72649285714286	-2.79627738095238	5.40170709251941	4.00341298844166e-07	2.06750727153086e-05	6.23332669906542	TMEM236
ENSG00000042980	2.13112142857143	0.677322619047619	5.39913056895043	4.04886103132388e-07	2.08543192324263e-05	6.22268112521064	ADAM28
ENSG00000160185	2.02036428571428	-4.34996785714286	5.39642391973951	4.09714796031754e-07	2.1047200818372e-05	6.21150095315533	UBASH3A
ENSG00000100342	2.1759119047619	1.3416130952381	5.39458530585614	4.13026987375333e-07	2.11613668624122e-05	6.20390809921899	APOL1
ENSG00000184500	2.04935714285714	0.8729	5.39375120305024	4.14538214015569e-07	2.11829027361956e-05	6.20046401258602	PROS1
ENSG00000010671	2.0584119047619	-0.82699880952381	5.39245963009153	4.16888962716835e-07	2.12471125407756e-05	6.19513157644183	BTK
ENSG00000174175	2.06489523809524	-0.692897619047619	5.39177123312471	4.18147213008052e-07	2.12554517858386e-05	6.19228972639136	SELP
ENSG00000182272	2.06307857142857	-0.366151190476191	5.38875825574252	4.23698174493662e-07	2.14813868206734e-05	6.17985389512841	B4GALNT4
ENSG00000149571	1.9455380952381	-3.44338571428571	5.38418453414703	4.3226259025681e-07	2.18585285875175e-05	6.16098363811676	KIRREL3
ENSG00000162931	1.90218571428571	-2.28209523809524	5.38279611194774	4.34895786641134e-07	2.18987998442048e-05	6.15525705995967	TRIM17
ENSG00000197872	1.82257380952381	-0.581113095238095	5.38256864666686	4.35328676425627e-07	2.18987998442048e-05	6.1543189531425	FAM49A
ENSG00000037280	1.92884523809524	-0.0822488095238094	5.38160842025187	4.37160735219203e-07	2.18987998442048e-05	6.15035905505563	FLT4
ENSG00000276231	1.85113809523809	-2.92814047619048	5.38139445039652	4.3757000409679e-07	2.18987998442048e-05	6.14947671410068	PIK3R6
ENSG00000106823	1.91565	-0.840613095238096	5.38022027869391	4.39822569733432e-07	2.1954947709727e-05	6.14463516769882	ECM2
ENSG00000198759	2.46393095238094	-6.73379404761905	5.37938849783326	4.41425141469582e-07	2.19784446078368e-05	6.14120578394868	EGFL6
ENSG00000180044	2.00337380952381	-3.84563452380952	5.37773602620032	4.44625879137458e-07	2.2081190079517e-05	6.13439362122023	C3orf80
ENSG00000003436	2.35673333333333	2.35038571428571	5.37639447123029	4.47241074024963e-07	2.21210782457693e-05	6.12886404625356	TFPI
ENSG00000020633	1.85255	-2.07774166666667	5.37615602103006	4.47707475053421e-07	2.21210782457693e-05	6.12788129136196	RUNX3
ENSG00000177721	1.78693095238095	-1.81920595238095	5.37440801878274	4.51141067073256e-07	2.2193083470697e-05	6.12067777517124	ANXA2R
ENSG00000106991	1.43279761904762	4.342175	5.37375454909672	4.5243127650819e-07	2.2193083470697e-05	6.11798516423185	ENG
ENSG00000116678	1.90307857142857	-0.513094047619048	5.37367250232616	4.5259352427624e-07	2.2193083470697e-05	6.11764710485429	LEPR
ENSG00000113361	1.90201428571428	-2.21803571428571	5.37129383415335	4.57322166230484e-07	2.23161319557169e-05	6.10784747698361	CDH6
ENSG00000102057	1.79772142857143	-1.43069642857143	5.37125417866673	4.57401406858343e-07	2.23161319557169e-05	6.10768412509046	KCND1
ENSG00000151490	2.01568571428571	-2.76525952380952	5.36892674354586	4.62075743745808e-07	2.24876861956293e-05	6.09809796303602	PTPRO
ENSG00000163565	2.28767380952381	2.43790833333333	5.36538672279382	4.69275086087967e-07	2.27809590541404e-05	6.08352191614992	IFI16
ENSG00000142185	1.9672619047619	-0.80682619047619	5.36380652201704	4.7252404239712e-07	2.28268291875026e-05	6.07701717784134	TRPM2
ENSG00000187908	2.67051428571429	-1.61557380952381	5.41820468843037	4.72571085249565e-07	2.28268291875026e-05	6.0957864312224	DMBT1
ENSG00000170542	1.88804285714286	-0.530885714285714	5.36309788524251	4.7398816210084e-07	2.28384668279755e-05	6.07410049522022	SERPINB9
ENSG00000151067	1.8659119047619	-0.661932142857143	5.3624847714547	4.75258499820254e-07	2.284299393443e-05	6.07157715105535	CACNA1C
ENSG00000164707	1.7548	-1.8403619047619	5.35947370096824	4.81545753273808e-07	2.30880381162242e-05	6.05918707996266	SLC13A4
ENSG00000183186	1.87691428571429	-1.60978095238095	5.35653281681288	4.87764932677762e-07	2.33286193663468e-05	6.04708959394589	C2CD4C
ENSG00000083454	1.97865952380952	-1.78096071428571	5.35434297972335	4.92446794526233e-07	2.34946728651361e-05	6.03808400875533	P2RX5
ENSG00000044524	1.83720476190476	-1.18246428571429	5.35330894978147	4.94672790994306e-07	2.35430300380574e-05	6.03383233809227	EPHA3
ENSG00000177875	1.78528095238095	-2.30865	5.35144658362598	4.98706822005792e-07	2.36769903904853e-05	6.02617592466692	CCDC184
ENSG00000155307	1.9552380952381	-0.79437619047619	5.34974788992064	5.0241436320249e-07	2.37948344016243e-05	6.01919369800592	SAMSN1
ENSG00000110900	1.83730238095238	-1.84144404761905	5.34891041339808	5.04252130513432e-07	2.38237661078098e-05	6.01575183587784	TSPAN11
ENSG00000124749	1.85378095238095	-1.04557857142857	5.34764186518527	5.07048370248288e-07	2.389773119777e-05	6.01053893355031	COL21A1
ENSG00000115919	2.16093571428571	-2.58653928571429	5.34530934940463	5.12229515043306e-07	2.40834690632226e-05	6.00095564197745	KYNU
ENSG00000164867	2.07347380952381	0.82180119047619	5.34428026221193	5.14531816603907e-07	2.41332821613881e-05	5.99672832104226	NOS3
ENSG00000147251	1.94657142857143	-0.842395238095238	5.34326151158191	5.16820956779225e-07	2.41822393704554e-05	5.99254391362663	DOCK11
ENSG00000156127	2.29960476190476	-1.72389523809524	5.34243606534513	5.18683039948133e-07	2.42002562952579e-05	5.98915381334934	BATF
ENSG00000138080	2.35948571428572	2.49126428571429	5.34176663262383	5.20197995170438e-07	2.42002562952579e-05	5.98640467641143	EMILIN1
ENSG00000124493	2.01032142857143	-1.99533214285714	5.34143731061751	5.20944851757019e-07	2.42002562952579e-05	5.98505233216936	GRM4
ENSG00000135925	2.36587857142857	-5.31644166666667	5.34012955513283	5.23921020077244e-07	2.42804256989497e-05	5.97968256503737	WNT10A
ENSG00000143494	1.83632380952381	-3.00443809523809	5.3394302373802	5.25519330213411e-07	2.42965103668667e-05	5.97681140540087	VASH2
ENSG00000185652	2.26627619047619	-3.67625	5.33796740689314	5.28878099358874e-07	2.43937171813554e-05	5.97080621076771	NTF3
ENSG00000196917	2.12607857142857	-6.74294642857143	5.33704879904789	5.30998009711037e-07	2.4411178676837e-05	5.96703562808894	HCAR1
ENSG00000064270	2.25790476190476	-1.12956666666667	5.3363502971782	5.32615529633559e-07	2.4411178676837e-05	5.96416875356176	ATP2C2
ENSG00000120318	1.97222380952381	0.66097380952381	5.33608760691472	5.33225086682955e-07	2.4411178676837e-05	5.96309064382352	ARAP3
ENSG00000185291	1.92870238095238	0.348655952380952	5.33416968238596	5.37696228702166e-07	2.4411178676837e-05	5.95522018041429	IL3RA
ENSG00000240065	2.23176904761905	1.8649369047619	5.33345991926122	5.39360130426285e-07	2.4411178676837e-05	5.95230797702908	PSMB9
ENSG00000174473	2.42684285714285	-6.26403095238095	5.33336639125811	5.39579763638157e-07	2.4411178676837e-05	5.95192424201891	GALNTL6
ENSG00000115956	2.0284380952381	-0.975457142857143	5.33323063587467	5.39898715597589e-07	2.4411178676837e-05	5.95136725953271	PLEK
ENSG00000145335	1.98996666666667	-0.60832380952381	5.33297569708292	5.40498182418184e-07	2.4411178676837e-05	5.95032130839092	SNCA
ENSG00000168077	2.01632619047619	0.197446428571429	5.33294476688553	5.40570956382732e-07	2.4411178676837e-05	5.95019441132559	SCARA3
ENSG00000128342	2.34823571428571	-0.666591666666667	5.35012388954019	5.43307688305736e-07	2.44778391914635e-05	5.95192804670079	LIF
ENSG00000130487	2.33479047619047	-4.56055952380953	5.33057752728859	5.46169216047149e-07	2.45266878246965e-05	5.94048359330237	KLHDC7B
ENSG00000164932	2.1855619047619	-0.0834428571428571	5.32992426994795	5.47724048941395e-07	2.45266878246965e-05	5.93780425081829	CTHRC1
ENSG00000166845	1.598	-3.17649761904762	5.32973254497413	5.48181198677427e-07	2.45266878246965e-05	5.93701792393985	C18orf54
ENSG00000147117	2.46185714285714	-6.20228095238095	5.32785753548699	5.52671683210482e-07	2.46707557346693e-05	5.92932874094634	ZNF157
ENSG00000129009	2.21166428571429	1.58686785714286	5.32702069728407	5.54687423964297e-07	2.46798804218344e-05	5.92589746535679	ISLR
ENSG00000164220	1.89975476190476	-2.19722261904762	5.3267181093924	5.55418052546176e-07	2.46798804218344e-05	5.92465684379703	F2RL2
ENSG00000166813	1.74669761904762	-1.452025	5.32616891085678	5.56746550938742e-07	2.46824304249509e-05	5.92240521151577	KIF7
ENSG00000135083	1.76873571428571	-3.48268452380952	5.31908717017108	5.74157876333834e-07	2.53963499832583e-05	5.89338292690126	CCNJL
ENSG00000155760	1.78807380952381	-0.93350119047619	5.31776577320641	5.77465098767195e-07	2.54542557962603e-05	5.88797002399457	FZD7
ENSG00000172247	1.81895476190476	-2.92274880952381	5.31751743428966	5.78088722121268e-07	2.54542557962603e-05	5.88695282642905	C1QTNF4
ENSG00000153283	1.85919285714286	-2.63560595238095	5.31683704917453	5.79800664627147e-07	2.54568445821833e-05	5.88416610350687	CD96
ENSG00000166006	2.67597619047619	-6.71940238095238	5.35197808890678	5.80769499943722e-07	2.54568445821833e-05	5.89517784920572	KCNC2
ENSG00000177409	1.87971428571429	0.0222833333333334	5.31574601016296	5.82556217340042e-07	2.54776500637588e-05	5.87969784632443	SAMD9L
ENSG00000084710	1.63105476190476	-2.97046547619048	5.3126249677374	5.90509659619828e-07	2.57674529674108e-05	5.86691876146305	EFR3B
ENSG00000164440	1.93009761904761	-4.92995357142857	5.31061366262254	5.95691253205158e-07	2.5935275234838e-05	5.85868574914238	TXLNB
ENSG00000138378	1.88550238095238	-0.304139285714286	5.30796971900228	6.02570315438652e-07	2.61306424271923e-05	5.84786581306075	STAT4
ENSG00000243811	1.86608571428571	-2.07593095238095	5.30785524434616	6.02869904592757e-07	2.61306424271923e-05	5.84739741225307	APOBEC3D
ENSG00000104972	2.11169285714286	-0.800541666666667	5.30680073342636	6.05636497651721e-07	2.61920924530092e-05	5.84308289568693	LILRB1
ENSG00000127152	1.86460238095238	-4.70477261904762	5.30590591288936	6.07993858265434e-07	2.62356105328849e-05	5.83942213292608	BCL11B
ENSG00000142347	2.12237619047619	0.619914285714286	5.30451023598847	6.1168861110983e-07	2.63365176286711e-05	5.8337130396083	MYO1F
ENSG00000206432	2.25393095238095	-5.90219404761905	5.30387533729084	6.13376620415851e-07	2.63507681752987e-05	5.8311162346285	TMEM200C
ENSG00000143867	1.96825	-0.889129761904762	5.30089100290715	6.21372270521274e-07	2.6614574939198e-05	5.81891235467875	OSR1
ENSG00000213203	1.81025476190476	-1.06858214285714	5.30056250747706	6.22258575671845e-07	2.6614574939198e-05	5.81756927299772	GIMAP1
ENSG00000117228	2.07259285714286	0.738451190476191	5.2978353493366	6.29664507596498e-07	2.68721437549644e-05	5.80642088659225	GBP1
ENSG00000158747	2.36569761904762	2.98023214285714	5.29652153391541	6.33263007192325e-07	2.69664497229398e-05	5.80105129124315	NBL1
ENSG00000167851	2.00187380952381	-0.483396428571429	5.29479539711119	6.38021400020767e-07	2.71096270144491e-05	5.79399768391181	CD300A
ENSG00000203710	2.08645714285714	-4.01832142857143	5.2938380273568	6.406755978676e-07	2.71587500135036e-05	5.79008609741426	CR1
ENSG00000184371	2.28573095238095	2.2857630952381	5.29337082431931	6.41974778875176e-07	2.71587500135036e-05	5.7881773629125	CSF1
ENSG00000144810	1.85125714285714	-1.61573571428571	5.29069777493333	6.49457540519954e-07	2.74155793952532e-05	5.77725860463968	COL8A1
ENSG00000136286	1.87813809523809	-1.36192142857143	5.28998397504407	6.51470079600287e-07	2.74408807064607e-05	5.77434343842032	MYO1G
ENSG00000177989	2.35032380952381	2.64896666666667	5.28900272030222	6.54246649079193e-07	2.74981849173588e-05	5.77033635076847	ODF3B
ENSG00000135905	1.92302619047619	-0.566603571428571	5.28731257819837	6.59056226712498e-07	2.76405049898559e-05	5.76343542137215	DOCK10
ENSG00000105219	2.63590952380952	-4.63292380952381	5.29386062167701	6.63249013984196e-07	2.77272393028955e-05	5.76035127601418	CNTD2
ENSG00000164171	1.72920714285714	-1.384975	5.2851092278554	6.65378122205177e-07	2.77272393028955e-05	5.75444093309924	ITGA2
ENSG00000101082	1.7915880952381	-3.2840369047619	5.28509884593067	6.65408050012838e-07	2.77272393028955e-05	5.75439855721761	SLA2
ENSG00000149654	1.96048095238095	-0.619033333333333	5.28060159587648	6.78496643298026e-07	2.82120938320366e-05	5.73604662202313	CDH22
ENSG00000239713	1.8893119047619	-0.229486904761905	5.27940569466393	6.82019263754068e-07	2.82979702213173e-05	5.73116801210984	APOBEC3G
ENSG00000178229	1.64584285714286	-1.83859285714286	5.27374842312066	6.98926838157114e-07	2.89376574484752e-05	5.70809808543241	ZNF543
ENSG00000150510	1.69176904761905	-1.79246071428571	5.27175018848644	7.04996158782671e-07	2.90809845675829e-05	5.69995282604322	FAM124A
ENSG00000080031	2.0754880952381	0.824963095238095	5.27162311626405	7.05383856799442e-07	2.90809845675829e-05	5.699434910638	AC010327.1
ENSG00000213901	1.86474523809524	-0.385389285714286	5.27107715724168	7.07051951682439e-07	2.90879974529017e-05	5.69720979627059	SLC23A3
ENSG00000271605	1.98437619047619	-0.853733333333333	5.27032114917698	7.09368183395859e-07	2.91215885521793e-05	5.69412882301141	MILR1
ENSG00000177191	1.84087857142857	-0.65664880952381	5.26889875914366	7.13746161709613e-07	2.92394999326524e-05	5.68833281915928	B3GNT8
ENSG00000119922	1.76748095238095	-0.727707142857143	5.26700315379706	7.19621696627812e-07	2.94181349581449e-05	5.68060993804071	IFIT2
ENSG00000158373	2.35748333333333	1.32869642857143	5.26534810914572	7.24790212373002e-07	2.9567177192981e-05	5.67386843035638	HIST1H2BD
ENSG00000167100	1.77850952380952	-2.35226428571429	5.26414221038897	7.28578913645217e-07	2.96594242036957e-05	5.6689571994541	SAMD14
ENSG00000125531	2.02784047619047	-4.48608214285714	5.2626524402653	7.33286202512188e-07	2.97886014233926e-05	5.66289074652122	FNDC11
ENSG00000163734	2.3233880952381	-0.694286904761905	5.28008607935712	7.3735397368741e-07	2.98913141149522e-05	5.66446931642416	CXCL3
ENSG00000167994	2.00202380952381	0.910197619047619	5.26088071305927	7.38923084083314e-07	2.98925175973537e-05	5.65567742941789	RAB3IL1
ENSG00000197576	1.8398880952381	-0.680505952380952	5.25788999295683	7.48534446031677e-07	3.01915762327332e-05	5.6435043397322	HOXA4
ENSG00000160593	2.0392119047619	-0.100125	5.25733928884063	7.50317523065987e-07	3.01915762327332e-05	5.64126325027197	JAML
ENSG00000130508	1.89207857142857	0.389348809523809	5.25642462646497	7.53288200021633e-07	3.01915762327332e-05	5.6375413320001	PXDN
ENSG00000091656	1.60310476190476	-3.68252380952381	5.25628183553398	7.53752997559164e-07	3.01915762327332e-05	5.63696032483826	ZFHX4
ENSG00000180616	1.73213571428571	-2.56810357142857	5.25617843980984	7.54089734930251e-07	3.01915762327332e-05	5.63653961992681	SSTR2
ENSG00000105278	2.06666666666667	-2.97132857142857	5.25491416726843	7.58219096330518e-07	3.02944411780782e-05	5.63139583075054	ZFR2
ENSG00000112769	1.97184761904762	0.45712619047619	5.25363782189241	7.62410289430357e-07	3.03993490763012e-05	5.62620364550763	LAMA4
ENSG00000139200	1.84146666666667	-2.26583333333333	5.2507891239397	7.7184646083067e-07	3.06960268534399e-05	5.6146177370069	PIANP
ENSG00000134070	1.84957142857143	-0.779430952380952	5.25043946438202	7.73012520925538e-07	3.06960268534399e-05	5.61319589007705	IRAK2
ENSG00000166278	1.93507619047619	-0.445892857142857	5.24757968144696	7.8261424798586e-07	3.10138846273254e-05	5.60156899011121	C2
ENSG00000174004	1.75700952380952	-1.3713119047619	5.24610591980629	7.87607783686416e-07	3.11284473102453e-05	5.59557860631361	NRROS
ENSG00000005108	1.67584523809524	-2.68452023809524	5.24578146519935	7.8871130274182e-07	3.11284473102453e-05	5.59425992945858	THSD7A
ENSG00000163606	1.98483095238095	-4.47718452380953	5.24512209289381	7.90958581621396e-07	3.11538209694204e-05	5.59158019581592	CD200R1
ENSG00000181847	2.05940238095238	-4.71327023809524	5.24376110621469	7.95616900392025e-07	3.12738643154096e-05	5.58604966901383	TIGIT
ENSG00000166741	2.68874285714286	4.37639523809524	5.24094743099587	8.05332515855636e-07	3.14743588663912e-05	5.57461860319684	NNMT
ENSG00000198851	1.9006	-0.647154761904762	5.24058264189892	8.0660058500235e-07	3.14743588663912e-05	5.57313684095896	CD3E
ENSG00000106100	1.90249047619048	0.370328571428572	5.24011480175503	8.0822973124764e-07	3.14743588663912e-05	5.57123657575154	NOD1
ENSG00000152527	1.94748333333333	0.631665476190476	5.24001528125621	8.08576702841034e-07	3.14743588663912e-05	5.57083235771652	PLEKHH2
ENSG00000132000	1.94401666666667	-1.02709880952381	5.23979707974492	8.09337957026725e-07	3.14743588663912e-05	5.5699461137623	PODNL1
ENSG00000143851	1.9206380952381	-1.40579523809524	5.2394807333333	8.10442858852384e-07	3.14743588663912e-05	5.56866128385429	PTPN7
ENSG00000119714	1.71702142857143	-2.007925	5.23712371162227	8.18721718732488e-07	3.16958866563602e-05	5.55908973464372	GPR68
ENSG00000090339	2.20953571428572	1.49664880952381	5.23659115484621	8.20603689910034e-07	3.16958866563602e-05	5.5569274379602	ICAM1
ENSG00000172403	1.89152857142857	0.171	5.23646674928432	8.21043927703636e-07	3.16958866563602e-05	5.55642234256936	SYNPO2
ENSG00000150630	1.85045238095238	-0.929190476190477	5.23515148854714	8.25712411952803e-07	3.17722993242854e-05	5.55108271556107	VEGFC
ENSG00000110427	1.64627142857143	-3.20557380952381	5.23383328012062	8.30417362591684e-07	3.17722993242854e-05	5.54573190054821	KIAA1549L
ENSG00000280537	1.73231190476191	-2.36635595238095	5.23329759341046	8.32336807356737e-07	3.17722993242854e-05	5.54355768695717	AC068946.1
ENSG00000126882	1.78915238095238	-1.44982857142857	5.2331353825015	8.32918887068592e-07	3.17722993242854e-05	5.54289934031	FAM78A
ENSG00000261857	2.58552380952381	-1.60768333333333	5.28103019440507	8.36208530925395e-07	3.17722993242854e-05	5.55692633088267	MIA
ENSG00000135914	2.17803333333333	-3.93981190476191	5.23211743371197	8.3658079163539e-07	3.17722993242854e-05	5.53876817906876	HTR2B
ENSG00000150347	1.86753095238095	-0.002172619047619	5.23200024599684	8.37003362960936e-07	3.17722993242854e-05	5.53829262377078	ARID5B
ENSG00000180730	1.83922857142857	-3.49466666666667	5.23167540886213	8.3817579450064e-07	3.17722993242854e-05	5.53697444599705	SHISA2
ENSG00000106004	1.88342142857143	-1.06744166666667	5.23093163227559	8.40866342608932e-07	3.17722993242854e-05	5.5339564050484	HOXA5
ENSG00000152595	2.36087619047619	-8.02420238095237	5.23082312267853	8.41259570991203e-07	3.17722993242854e-05	5.53351612370395	MEPE
ENSG00000112175	1.85835	-2.06080595238095	5.23071522839635	8.41650747555559e-07	3.17722993242854e-05	5.53307834426589	BMP5
ENSG00000110777	2.47134047619048	-3.39877738095238	5.2332889219758	8.42839000154909e-07	3.17722993242854e-05	5.53281842419981	POU2AF1
ENSG00000166793	1.81294523809524	-2.01790357142857	5.22998736873092	8.4429428629783e-07	3.17722993242854e-05	5.53012520122283	YPEL4
ENSG00000122694	1.99727142857143	0.520719047619048	5.22926651014661	8.46920387298152e-07	3.18094779120997e-05	5.5272006983228	GLIPR2
ENSG00000102466	1.88050952380952	-3.10340238095238	5.22817295663484	8.50919455555018e-07	3.18979806717516e-05	5.5227646286235	FGF14
ENSG00000100842	1.82970238095238	-0.459434523809524	5.2260406156115	8.58770410269141e-07	3.20547002237125e-05	5.5141161977747	EFS
ENSG00000239732	3.43090476190476	-6.4774619047619	5.31335024376506	8.60884960969365e-07	3.20547002237125e-05	5.54346791255744	TLR9
ENSG00000184451	2.04140952380952	-0.673645238095238	5.22535200373975	8.61320848378412e-07	3.20547002237125e-05	5.51132373620333	CCR10
ENSG00000166068	1.83272619047619	0.177044047619047	5.2252489305825	8.61703240126581e-07	3.20547002237125e-05	5.51090577189242	SPRED1
ENSG00000109452	1.78572380952381	-0.50582380952381	5.22449693138226	8.64498106911453e-07	3.20971782791713e-05	5.50785654045444	INPP4B
ENSG00000213402	2.15028095238095	-0.469154761904762	5.2190370449757	8.85057314101522e-07	3.27905685148482e-05	5.48572524880643	PTPRCAP
ENSG00000154127	1.69179047619048	-2.15873095238095	5.21859683402899	8.86735568794476e-07	3.27905685148482e-05	5.48394146788682	UBASH3B
ENSG00000058668	2.23005238095238	2.35858571428571	5.21797288892395	8.89119612764261e-07	3.27905685148482e-05	5.48141332661484	ATP2B4
ENSG00000242732	1.86732380952381	-0.3415	5.21721628512721	8.92018930302289e-07	3.27905685148482e-05	5.47834790582802	RTL5
ENSG00000137841	2.15859761904762	1.10430833333333	5.21705053152835	8.92655332071874e-07	3.27905685148482e-05	5.47767638073539	PLCB2
ENSG00000173110	2.02937619047619	-0.574116666666667	5.21667335517563	8.94105132117735e-07	3.27905685148482e-05	5.47614835522502	HSPA6
ENSG00000185015	1.76548333333333	-0.559060714285714	5.21644230006238	8.94994402763908e-07	3.27905685148482e-05	5.4752123311466	CA13
ENSG00000167554	1.67450714285714	-1.68318452380952	5.21375974145019	9.05382283511792e-07	3.31086877236007e-05	5.46434682018927	ZNF610
ENSG00000066230	1.69911904761905	-3.26167142857143	5.21246380144672	9.10442726063096e-07	3.31749840931857e-05	5.45909887245996	SLC9A3
ENSG00000154065	1.79805238095238	-1.1541880952381	5.21227214876864	9.11193439440904e-07	3.31749840931857e-05	5.45832283361971	ANKRD29
ENSG00000198795	1.78541904761905	-1.27040952380952	5.21198467936896	9.12320604890369e-07	3.31749840931857e-05	5.45715884541984	ZNF521
ENSG00000144369	1.60850238095238	-2.25667976190476	5.20936292589988	9.22663492408246e-07	3.34883732627726e-05	5.44654486501186	FAM171B
ENSG00000197859	2.09369047619048	1.10148333333333	5.20768919731987	9.29326162443874e-07	3.36102649984689e-05	5.43977052075913	ADAMTSL2
ENSG00000169432	1.76077142857143	-0.661395238095238	5.20756602282105	9.29818338513414e-07	3.36102649984689e-05	5.43927202735285	SCN9A
ENSG00000110934	1.93590714285714	-0.828672619047619	5.20721696594614	9.312144695219e-07	3.36102649984689e-05	5.43785941387764	BIN2
ENSG00000060558	1.88947857142857	-1.525175	5.20673495942944	9.33145726569326e-07	3.36174837078352e-05	5.43590885134476	GNA15
ENSG00000119121	1.8324119047619	-4.6731869047619	5.20422903766231	9.43249380913743e-07	3.39185490344131e-05	5.42576969339459	TRPM6
ENSG00000087589	1.68228333333333	-2.81911785714286	5.20304991659814	9.48040359101689e-07	3.40158542052603e-05	5.42099986010482	CASS4
ENSG00000172673	2.13916428571428	-4.85318452380952	5.20270191063189	9.4945890304105e-07	3.40158542052603e-05	5.41959221119095	THEMIS
ENSG00000164038	1.91054761904762	-0.167380952380952	5.20151647268486	9.54306557500077e-07	3.4063430948041e-05	5.41479764657758	SLC9B2
ENSG00000167613	2.19732619047619	0.913670238095238	5.20139259703717	9.54814518631316e-07	3.4063430948041e-05	5.4142966619218	LAIR1
ENSG00000271503	1.93672380952381	0.0563261904761904	5.20109168378104	9.560495347967e-07	3.4063430948041e-05	5.41307972108123	CCL5
ENSG00000143603	1.69260714285714	-3.66997738095238	5.20051705791135	9.58412262578904e-07	3.40850720050497e-05	5.41075595715666	KCNN3
ENSG00000163564	2.02109047619047	-3.6171619047619	5.19944483887654	9.62836225821273e-07	3.41798059104159e-05	5.4064203468417	PYHIN1
ENSG00000142303	2.34725714285714	3.12286666666667	5.19768743453577	9.7013039697136e-07	3.43758978985216e-05	5.39931525845385	ADAMTS10
ENSG00000154134	2.07959761904762	1.47976785714286	5.19491855368257	9.81732296674738e-07	3.47236388648999e-05	5.3881236708095	ROBO3
ENSG00000077238	2.40175476190476	3.2246369047619	5.19318372630045	9.89070288542197e-07	3.49195761143861e-05	5.38111341613568	IL4R
ENSG00000162004	1.80620238095238	-1.0198130952381	5.19179582088503	9.9497938379585e-07	3.50644458703227e-05	5.37550602137291	CCDC78
ENSG00000009790	1.84585476190476	-0.565715476190476	5.19009391699051	1.00227238857943e-06	3.52574732634697e-05	5.36863121007737	TRAF3IP3
ENSG00000184113	2.36260476190476	2.37083333333333	5.18966282666487	1.0041279634377e-06	3.52588730452682e-05	5.36689003728472	CLDN5
ENSG00000213186	1.63849047619048	-1.39853333333333	5.18812852909815	1.01075939698596e-06	3.54276642069916e-05	5.36069369910039	TRIM59
ENSG00000132334	1.87824285714286	-0.422238095238095	5.18749552901481	1.01350774223577e-06	3.54599879977191e-05	5.35813760848921	PTPRE
ENSG00000153956	1.69313095238095	-1.88202261904762	5.18605176203544	1.01980357103623e-06	3.56160894647151e-05	5.3523082772322	CACNA2D1
ENSG00000145287	1.91941428571429	-0.89192619047619	5.18175759130027	1.03875555650395e-06	3.62128463127355e-05	5.33497581230169	PLAC8
ENSG00000090534	1.95942142857143	-1.39565833333333	5.18016649378166	1.0458646456772e-06	3.63953399458061e-05	5.32855583564503	THPO
ENSG00000204516	1.7521	-1.74617380952381	5.17918213096584	1.05028656757777e-06	3.6444902614435e-05	5.32458457297739	MICB
ENSG00000122861	2.01108095238095	0.911107142857143	5.17873046136302	1.05232164358631e-06	3.6444902614435e-05	5.32276252838233	PLAU
ENSG00000005059	1.85135	-0.281377380952381	5.17820986864882	1.05467203817832e-06	3.6444902614435e-05	5.32066256203363	MCUB
ENSG00000103056	1.82528571428571	-0.037647619047619	5.17818236905707	1.0547963368685e-06	3.6444902614435e-05	5.3205516376492	SMPD3
ENSG00000125347	2.23770476190476	2.20867142857143	5.1765977702918	1.0619829483337e-06	3.66237770345014e-05	5.31416046621003	IRF1
ENSG00000177679	1.91370476190476	0.229683333333333	5.17621073611569	1.06374550661545e-06	3.66237770345014e-05	5.31259961325328	SRRM3
ENSG00000198113	1.89740952380952	0.217645238095238	5.17549004334168	1.06703515943704e-06	3.66720154441567e-05	5.30969334567932	TOR4A
ENSG00000150337	2.14742619047619	-0.203986904761905	5.17450365886592	1.07155367576447e-06	3.67622425370927e-05	5.30571603371849	FCGR1A
ENSG00000165895	1.67922380952381	-1.96411666666667	5.17288546342016	1.07900691572574e-06	3.68626155671891e-05	5.29919208873372	ARHGAP42
ENSG00000136114	1.69958571428571	-1.10564285714286	5.17278978971925	1.07944915903001e-06	3.68626155671891e-05	5.2988064064539	THSD1
ENSG00000113389	1.71862857142857	-2.36407857142857	5.17241903531032	1.08116461004214e-06	3.68626155671891e-05	5.29731185129793	NPR3
ENSG00000100055	1.98308333333333	-0.0862488095238095	5.1722229698983	1.08207286400751e-06	3.68626155671891e-05	5.29652151369348	CYTH4
ENSG00000111799	2.00848571428571	0.840088095238095	5.17027192489143	1.09115154936013e-06	3.71067964719353e-05	5.28865782995432	COL12A1
ENSG00000139155	1.92677380952381	-3.07730119047619	5.16965875188995	1.09402010976231e-06	3.71393050548333e-05	5.28618679685979	SLCO1C1
ENSG00000173068	1.68664761904762	-2.62912857142857	5.16847035374828	1.09960066614399e-06	3.72636051224853e-05	5.28139814717608	BNC2
ENSG00000106819	2.03073571428571	0.313853571428571	5.16775600234979	1.10296851813533e-06	3.73126179183831e-05	5.2785199797372	ASPN
ENSG00000066405	1.95856428571429	-2.78730833333333	5.16732553560976	1.10500283633417e-06	3.73164262190208e-05	5.2767857145656	CLDN18
ENSG00000136367	1.77220714285714	-2.17760357142857	5.16600926291013	1.11124607146169e-06	3.74006729572063e-05	5.27148323932251	ZFHX2
ENSG00000111674	2.12474047619048	1.68359404761905	5.16584051263344	1.11204895837558e-06	3.74006729572063e-05	5.27080350281623	ENO2
ENSG00000171476	2.06891666666667	0.667886904761904	5.16558289083424	1.11327577347127e-06	3.74006729572063e-05	5.26976581150993	HOPX
ENSG00000113070	2.00162619047619	0.236982142857143	5.16314462373905	1.1249525725165e-06	3.77276840295776e-05	5.25994606608151	HBEGF
ENSG00000198108	1.66457619047619	-3.46634285714286	5.16183862431319	1.13125602249628e-06	3.78327301900853e-05	5.25468747550374	CHSY3
ENSG00000167680	1.95169285714286	0.415067857142857	5.16168877546382	1.13198147288287e-06	3.78327301900853e-05	5.2540841609947	SEMA6B
ENSG00000205413	1.66851428571429	-1.1284119047619	5.15963454431128	1.14197232050975e-06	3.80524656152077e-05	5.24581454929692	SAMD9
ENSG00000180611	1.64719761904762	-1.701125	5.15953156825954	1.14247540702781e-06	3.80524656152077e-05	5.24540005492943	MB21D2
ENSG00000131042	2.04591428571429	-0.744954761904762	5.15636128013802	1.15806999047709e-06	3.85058271833632e-05	5.23264154272226	LILRB2
ENSG00000106852	1.82169761904762	-1.38727738095238	5.15429149620682	1.16836305125785e-06	3.87816644945725e-05	5.22431439278759	LHX6
ENSG00000164136	1.8059	-0.140445238095238	5.15270035902851	1.17633641663879e-06	3.89796937513515e-05	5.21791427244223	IL15
ENSG00000140853	2.05461904761905	1.4091119047619	5.15222112250101	1.17874830782522e-06	3.89930743464228e-05	5.21598684065348	NLRC5
ENSG00000174749	1.64171428571429	-1.2262880952381	5.15178427939646	1.18095104454482e-06	3.8999502351992e-05	5.21423000217953	FAM241A
ENSG00000180801	1.67288095238095	-1.29275	5.15081358858458	1.18586003739229e-06	3.90344968041495e-05	5.21032651915693	ARSJ
ENSG00000028137	2.02505	1.01458452380952	5.15077982150724	1.18603116255269e-06	3.90344968041495e-05	5.21019073788094	TNFRSF1B
ENSG00000168016	1.81272857142857	-0.154704761904762	5.1501168325949	1.18939594852423e-06	3.90790025861989e-05	5.20752489003121	TRANK1
ENSG00000144935	1.72939761904762	-0.823646428571428	5.14854893050097	1.19739042064923e-06	3.92680762645869e-05	5.20122123320245	TRPC1
ENSG00000146112	2.20672619047619	2.43215357142857	5.1481964161089	1.19919503681636e-06	3.92680762645869e-05	5.1998041260005	PPP1R18
ENSG00000100767	2.01979523809524	0.829271428571429	5.14525194615381	1.214372557258e-06	3.96981251125181e-05	5.18796959866677	PAPLN
ENSG00000164674	1.8313619047619	-1.36345952380952	5.14251483208712	1.22864918240903e-06	4.00098813273378e-05	5.17697206882104	SYTL3
ENSG00000137193	2.30257857142857	2.44912261904762	5.1423830616002	1.22934060402315e-06	4.00098813273378e-05	5.17644271155801	PIM1
ENSG00000178531	1.9073119047619	-0.734567857142857	5.14224021093197	1.23009059390363e-06	4.00098813273378e-05	5.17586885129616	CTXN1
ENSG00000136250	1.94938095238095	-0.586014285714286	5.14141390860208	1.23443758377714e-06	4.0084128765526e-05	5.17254961112942	AOAH
ENSG00000140931	2.04355952380952	1.25447023809524	5.14010440956135	1.24135726672473e-06	4.02397443508255e-05	5.16729002478116	CMTM3
ENSG00000124249	1.84239523809524	-1.10035952380952	5.13972399759082	1.24337452932821e-06	4.02397443508255e-05	5.16576225331185	KCNK15
ENSG00000187678	1.9033	0.57932380952381	5.13849128358172	1.24993340178778e-06	4.0300635442245e-05	5.16081201314536	SPRY4
ENSG00000148143	1.75028333333333	-0.841886904761905	5.13826709977511	1.25112983229446e-06	4.0300635442245e-05	5.15991182811589	ZNF462
ENSG00000112276	1.59462380952381	-2.98242380952381	5.138053675491	1.25226987884672e-06	4.0300635442245e-05	5.1590548683209	BVES
ENSG00000178773	1.93671904761905	-0.916371428571429	5.13781281089685	1.25355772000803e-06	4.0300635442245e-05	5.15808775307799	CPNE7
ENSG00000101871	1.88369761904762	0.329353571428571	5.13447168458712	1.27155565093538e-06	4.07997297164872e-05	5.14467528776385	MID1
ENSG00000108551	2.49975238095238	2.90545952380952	5.13415319464567	1.27328438604343e-06	4.07997297164872e-05	5.14339702570476	RASD1
ENSG00000118785	3.02915476190476	5.70713928571429	5.13024344132575	1.29469385902722e-06	4.13685905110295e-05	5.12770902255701	SPP1
ENSG00000213088	2.2460880952381	2.04294166666667	5.13013397108668	1.29529833302636e-06	4.13685905110295e-05	5.12726987175859	ACKR1
ENSG00000125657	2.35934285714285	-5.14078571428571	5.12932894470623	1.29975199842263e-06	4.14426671680964e-05	5.1240405985033	TNFSF9
ENSG00000204624	1.85331904761905	-2.62690476190476	5.12862992889269	1.30363128947629e-06	4.14982170148371e-05	5.12123681827512	DISP3
ENSG00000186469	1.85183095238095	0.0271559523809524	5.12766516135658	1.30900395992665e-06	4.16010456527917e-05	5.1173674691752	GNG2
ENSG00000155761	1.80780476190476	-1.21671904761905	5.12643578868031	1.31588147964246e-06	4.17227510062509e-05	5.11243750539235	SPAG17
ENSG00000170276	2.34831666666667	-1.54839166666667	5.1488107058052	1.31713082535955e-06	4.17227510062509e-05	5.12012561680183	HSPB2
ENSG00000137672	1.67451904761905	-2.35825476190476	5.12525549471202	1.32251758516341e-06	4.18096772374798e-05	5.107705013672	TRPC6
ENSG00000179331	2.23440714285714	-5.4084130952381	5.12496050177484	1.32418124941034e-06	4.18096772374798e-05	5.10652231464268	RAB39A
ENSG00000062038	1.90131428571429	-1.17197619047619	5.12421069757964	1.32841909255617e-06	4.1875392758532e-05	5.10351634742567	CDH3
ENSG00000196381	1.74436428571429	-1.873125	5.12379471975818	1.33077587219853e-06	4.18816951156419e-05	5.1018488036028	ZNF781
ENSG00000198879	1.69032142857143	-1.24817023809524	5.12338840740703	1.33308182677789e-06	4.18863801171087e-05	5.10022008357409	SFMBT2
ENSG00000234465	1.84086904761905	-0.283144047619048	5.12030212974844	1.35072510988357e-06	4.23721812337951e-05	5.08785111228029	PINLYP
ENSG00000242220	2.17087380952381	-2.69982023809524	5.11934062580686	1.35626809563723e-06	4.24652744405121e-05	5.08399856656157	TCP10L
ENSG00000143869	1.81451428571429	-2.27753095238095	5.11902949081736	1.35806650672356e-06	4.24652744405121e-05	5.08275200553745	GDF7
ENSG00000249751	1.98942619047619	1.05630595238095	5.11697834538447	1.36998078966424e-06	4.27136904580233e-05	5.07453522586073	ECSCR
ENSG00000101336	2.00408095238095	-0.185447619047619	5.11690470953821	1.37041040041964e-06	4.27136904580233e-05	5.07424028093434	HCK
ENSG00000181634	1.78670238095237	-4.56668928571429	5.11553914213937	1.37840132442124e-06	4.28939053166852e-05	5.0687710217296	TNFSF15
ENSG00000162804	1.99871666666667	1.39251785714286	5.11320334609658	1.39217519871567e-06	4.32447426595828e-05	5.05941789265837	SNED1
ENSG00000177675	2.06976904761905	-2.2147630952381	5.11262706609166	1.39559402867009e-06	4.32447426595828e-05	5.05711070953706	CD163L1
ENSG00000204131	1.62560952380952	-1.93948095238095	5.11249870407173	1.3963566612194e-06	4.32447426595828e-05	5.05659682296882	NHSL2
ENSG00000175318	1.70801904761905	-2.8618119047619	5.11172431729933	1.40096612396737e-06	4.32919237207865e-05	5.05349679328212	GRAMD2A
ENSG00000175820	1.82074047619048	-8.56122976190475	5.11129818611662	1.40350895333821e-06	4.32919237207865e-05	5.05179102152361	CCDC168
ENSG00000137033	1.96318333333333	0.00566547619047621	5.11110459765594	1.40466562914906e-06	4.32919237207865e-05	5.05101612909913	IL33
ENSG00000155962	1.80165952380952	-0.0187797619047619	5.11074811520989	1.40679801564611e-06	4.32919237207865e-05	5.0495892532091	CLIC2
ENSG00000015285	1.99028333333333	-0.0332797619047619	5.108190458186	1.42219008839612e-06	4.36963404058161e-05	5.03935357324548	WAS
ENSG00000100379	1.93092857142857	0.861388095238095	5.10747768792344	1.42650873871596e-06	4.37597893971352e-05	5.03650162752018	KCTD17
ENSG00000175832	2.09532380952381	1.13842380952381	5.10611758024258	1.43478508771484e-06	4.39442536802e-05	5.03106020408576	ETV4
ENSG00000162944	1.68851904761905	-1.25600238095238	5.10492279015207	1.44209407754041e-06	4.40799165683538e-05	5.02628088353627	RFTN2
ENSG00000049089	1.9526119047619	-0.140155952380952	5.104339744972	1.4456739548359e-06	4.40799165683538e-05	5.02394886644741	COL9A2
ENSG00000154589	2.27742619047619	-0.0847488095238096	5.12252246551448	1.4460246603173e-06	4.40799165683538e-05	5.03070764475645	LY96
ENSG00000073849	1.95215238095238	0.942035714285715	5.10384006483975	1.44874886645513e-06	4.40937390106987e-05	5.02195041238634	ST6GAL1
ENSG00000170915	1.7029380952381	-1.16620714285714	5.10340759474541	1.45141533014226e-06	4.41057635065765e-05	5.02022085670917	PAQR8
ENSG00000133106	1.83675238095238	-0.66547619047619	5.10293833093045	1.45431406372794e-06	4.41247976397956e-05	5.01834425253461	EPSTI1
ENSG00000160161	2.3722	-5.7694380952381	5.1016054285206	1.46257847690596e-06	4.43063164813729e-05	5.0130144849208	CILP2
ENSG00000110448	1.66319523809524	-2.6637380952381	5.10087048362811	1.46715492914341e-06	4.43757233864592e-05	5.01007607588495	CD5
ENSG00000172137	1.75324285714286	-2.56272380952381	5.0992874358079	1.47705992918142e-06	4.46058315782968e-05	5.00374769383186	CALB2
ENSG00000056487	1.88735714285714	-2.45281666666667	5.09801363889128	1.48507727328735e-06	4.47016184007053e-05	4.99865642158213	PHF21B
ENSG00000166592	1.85409523809524	-0.321814285714286	5.0979514354089	1.48546986969242e-06	4.47016184007053e-05	4.99840781827891	RRAD
ENSG00000171790	1.76129761904762	-2.19610595238095	5.09768731487572	1.48713798984734e-06	4.47016184007053e-05	4.9973522506295	SLFNL1
ENSG00000122986	1.73522380952381	-0.827378571428571	5.09619376322379	1.49660530796233e-06	4.48488039136095e-05	4.99138382905345	HVCN1
ENSG00000145861	1.80460952380952	-3.1365	5.09618612519211	1.49665387455036e-06	4.48488039136095e-05	4.99135330919283	C1QTNF2
ENSG00000173083	1.78277142857143	-2.6283880952381	5.09520334082987	1.50291576308e-06	4.4926017978835e-05	4.98742655109908	HPSE
ENSG00000188015	2.61027380952381	-2.34284166666667	5.14036900363764	1.50385784767961e-06	4.4926017978835e-05	5.00411883827123	S100A3
ENSG00000185561	1.67388095238095	-1.49507857142857	5.09195442537583	1.52379878151928e-06	4.54518045154244e-05	4.97444858392677	TLCD2
ENSG00000197385	2.07835952380952	-4.6380130952381	5.08949137937403	1.53981870136732e-06	4.58592017532986e-05	4.96461310885262	ZNF860
ENSG00000043462	2.01395952380952	0.629639285714286	5.08778107878864	1.55103913122141e-06	4.61226307045288e-05	4.95778518152438	LCP2
ENSG00000138670	1.74079761904762	-0.693175	5.08693172711751	1.55664087936634e-06	4.62184290451615e-05	4.95439487703963	RASGEF1B
ENSG00000176076	2.31414523809523	-4.98409404761905	5.08592211259845	1.56332526694021e-06	4.63460305854122e-05	4.95036530144163	KCNE5
ENSG00000157557	2.23412142857143	2.66358214285714	5.08521103419047	1.56804990895956e-06	4.63810496608717e-05	4.94752753083095	ETS2
ENSG00000115008	2.56703095238095	-7.20876071428571	5.11946002117993	1.56928363514228e-06	4.63810496608717e-05	4.96000576546219	IL1A
ENSG00000147883	1.79990952380952	-0.952702380952381	5.08451511041971	1.5726873322534e-06	4.64025976266717e-05	4.94475046907927	CDKN2B
ENSG00000130598	2.21612619047619	1.34139166666667	5.08419992301969	1.57479204016771e-06	4.64025976266717e-05	4.94349279853995	TNNI2
ENSG00000108309	2.03703333333333	0.739859523809524	5.08336036788357	1.58041169118365e-06	4.64976276051576e-05	4.94014300715714	RUNDC3A
ENSG00000185567	1.73236666666667	-0.919476190476191	5.08167463976277	1.59175437281935e-06	4.67604938145328e-05	4.93341801893688	AHNAK2
ENSG00000116141	1.65760238095238	-1.47312738095238	5.08048828005766	1.59978450305698e-06	4.68684620810266e-05	4.92868599492467	MARK1
ENSG00000095370	1.88527142857143	0.715011904761905	5.08008304597818	1.60253645251755e-06	4.68684620810266e-05	4.92706979234381	SH2D3C
ENSG00000177511	1.87982380952381	-1.12583571428571	5.08006330121981	1.60267065721504e-06	4.68684620810266e-05	4.92699104593031	ST8SIA3
ENSG00000154096	2.35271904761905	2.17588571428571	5.0738646964766	1.64534842421827e-06	4.80441739871734e-05	4.90227871848379	THY1
ENSG00000161791	1.8015619047619	0.195154761904762	5.07201371406304	1.6583058909761e-06	4.83498255119729e-05	4.89490280870309	FMNL3
ENSG00000145777	2.13535952380952	-4.71485357142857	5.07102740029607	1.66525095763239e-06	4.84795248805182e-05	4.89097314343139	TSLP
ENSG00000137573	1.95060238095238	0.154644047619048	5.07021218905983	1.67101260423497e-06	4.8574435253046e-05	4.88772552985114	SULF1
ENSG00000103257	2.09144761904762	0.570666666666667	5.06950614285472	1.6760184024594e-06	4.86471230776631e-05	4.88491305771732	SLC7A5
ENSG00000140749	1.92855714285714	-1.94878095238095	5.06885612750123	1.68063986473026e-06	4.8708455064675e-05	4.88232398727145	IGSF6
ENSG00000157404	1.81562857142857	-0.789297619047619	5.0675452796545	1.68999749869965e-06	4.89066638297314e-05	4.87710336679409	KIT
ENSG00000185955	2.89675952380952	-3.96146785714286	5.12057120620975	1.69822644995029e-06	4.90716684600219e-05	4.89334905040875	C7orf61
ENSG00000111817	1.84719047619048	0.192830952380952	5.06571159100101	1.70317272154585e-06	4.91414679152709e-05	4.86980182550828	DSE
ENSG00000125810	1.97354285714286	1.10864761904762	5.06410116245794	1.71482630737309e-06	4.92952923427798e-05	4.86339058967902	CD93
ENSG00000100599	1.85435714285714	0.136842857142857	5.06403663431879	1.71529486934522e-06	4.92952923427798e-05	4.86313372387126	RIN3
ENSG00000118922	1.59972619047619	-1.63084166666667	5.06392304677072	1.71611997238228e-06	4.92952923427798e-05	4.86268157308199	KLF12
ENSG00000167968	1.80178095238095	-0.725416666666667	5.06355849725343	1.71877068315288e-06	4.92985068322935e-05	4.8612304749654	DNASE1L2
ENSG00000149927	1.93642142857143	-0.686503571428572	5.0616510172067	1.73270552348304e-06	4.96248906415834e-05	4.85363872833133	DOC2A
ENSG00000188404	2.08263333333333	-2.00023571428571	5.06106310563924	1.73702258158819e-06	4.96752643435633e-05	4.85129919425577	SELL
ENSG00000198003	1.72552142857143	-2.68047261904762	5.06027567202968	1.74282116003009e-06	4.97175790946186e-05	4.84816593850674	CCDC151
ENSG00000112541	1.60910476190476	-2.29743095238095	5.06016698531407	1.74362299739599e-06	4.97175790946186e-05	4.84773348915989	PDE10A
ENSG00000185507	2.21491428571429	2.45532142857143	5.0569679399586	1.76738564118253e-06	5.03212527573057e-05	4.83500743393206	IRF7
ENSG00000240694	1.84529523809524	-0.889430952380952	5.05516891624869	1.78088716873615e-06	5.06314305161325e-05	4.82785290252441	PNMA2
ENSG00000168060	1.81370238095238	-0.0621511904761905	5.05392740435738	1.79026316233144e-06	5.08061315058312e-05	4.822916431543	NAALADL1
ENSG00000120075	1.6883619047619	-1.91077619047619	5.05366316546667	1.79226491304431e-06	5.08061315058312e-05	4.8218658651631	HOXB5
ENSG00000196562	2.12252142857143	1.78836785714286	5.05185545944663	1.80601785748078e-06	5.10192482887431e-05	4.81467963778098	SULF2
ENSG00000156103	1.77234285714285	-4.39855238095238	5.05156644555634	1.80822617366024e-06	5.10192482887431e-05	4.81353085585113	MMP16
ENSG00000204385	2.14136428571429	1.59497976190476	5.05148342478145	1.80886101043098e-06	5.10192482887431e-05	4.81320086945973	SLC44A4
ENSG00000140368	1.9228119047619	-0.137082142857143	5.05129631034738	1.81029261875291e-06	5.10192482887431e-05	4.8124571493184	PSTPIP1
ENSG00000075618	1.96464761904762	1.08302380952381	5.04766627092036	1.83828539894786e-06	5.17330809808255e-05	4.79803218631344	FSCN1
ENSG00000251349	1.58320714285714	-2.42885357142857	5.04694268448291	1.84391547183457e-06	5.17684165822018e-05	4.79515756314089	MSANTD3-TMEFF1
ENSG00000075043	1.95337857142857	-0.888013095238095	5.04681983315933	1.84487301858501e-06	5.17684165822018e-05	4.79466953104106	KCNQ2
ENSG00000197405	1.92767857142857	0.453541666666667	5.04598589290333	1.85138586136069e-06	5.18762058526722e-05	4.79135685731303	C5AR1
ENSG00000213949	1.81189047619048	0.521502380952381	5.04016622289086	1.89746351616357e-06	5.30907010905825e-05	4.76824848762345	ITGA1
ENSG00000160191	1.9063119047619	0.724539285714285	5.03952907581093	1.90257550684342e-06	5.30973331942702e-05	4.76571952278137	PDE9A
ENSG00000106546	1.90060238095238	0.938884523809524	5.03945515927818	1.90316942544093e-06	5.30973331942702e-05	4.76542614570175	AHR
ENSG00000125538	2.08594523809524	-1.70451071428571	5.03818000428188	1.91344375919634e-06	5.32605368776776e-05	4.76036542392494	IL1B
ENSG00000029153	1.77344761904762	-1.4575380952381	5.0379743810074	1.91510558263883e-06	5.32605368776776e-05	4.75954943698138	ARNTL2
ENSG00000110881	1.70935714285714	-2.04662619047619	5.03770958909777	1.91724767110396e-06	5.32605368776776e-05	4.75849867729448	ASIC1
ENSG00000130303	2.28788333333333	3.07947738095238	5.03703287218209	1.92273272062665e-06	5.33366056701832e-05	4.75581344905618	BST2
ENSG00000187037	3.10203571428571	-5.73765833333333	5.10555702242367	1.94398561391281e-06	5.3849233453579e-05	4.77297788379368	GPR141
ENSG00000151702	1.80671428571429	0.31437619047619	5.03366611974341	1.95024952333707e-06	5.39218731992387e-05	4.7424573386164	FLI1
ENSG00000151746	1.72634761904762	-0.399214285714286	5.03343387630934	1.95216174987459e-06	5.39218731992387e-05	4.74153621391566	BICD1
ENSG00000223802	1.81285952380952	-2.17748928571429	5.03178422181869	1.96579719050396e-06	5.4221377621031e-05	4.73499408829768	CERS1
ENSG00000144152	1.7698	-1.07523571428571	5.03062392122986	1.97544333282426e-06	5.44101540947254e-05	4.73039339741157	FBLN7
ENSG00000081237	1.91989761904762	-0.0605011904761904	5.02968908446728	1.98324860488102e-06	5.45477640362317e-05	4.72668715679535	PTPRC
ENSG00000006747	1.85259761904762	-1.82436547619048	5.02907356259009	1.98840419830215e-06	5.46122103573284e-05	4.72424709502967	SCIN
ENSG00000137959	1.95470952380952	-0.943552380952381	5.02858901691885	1.99247191891781e-06	5.46466380247825e-05	4.72232637839321	IFI44L
ENSG00000196878	1.89683333333333	0.166166666666667	5.02810347663091	1.99655611837914e-06	5.46814198965955e-05	4.72040183150561	LAMB3
ENSG00000011422	2.05759523809524	0.841457142857143	5.02647890819856	2.01028080189054e-06	5.49797642410008e-05	4.71396331129032	PLAUR
ENSG00000106624	2.33923571428572	3.48632261904762	5.02600541990163	2.01429819024355e-06	5.49874508395022e-05	4.71208701065322	AEBP1
ENSG00000125245	2.31007142857142	-4.77798095238096	5.02577860472061	2.01622540929681e-06	5.49874508395022e-05	4.71118824395301	GPR18
ENSG00000132481	2.31267142857143	2.76136904761905	5.02505692086657	2.02236941772811e-06	5.49938095554498e-05	4.70832869838213	AC087289.1
ENSG00000271698	2.18494761904762	-4.17412857142857	5.02498291638811	2.02300047981298e-06	5.49938095554498e-05	4.70803548268939	AC233992.2
ENSG00000089127	1.95042857142857	0.462290476190476	5.02475386712973	2.02495487857383e-06	5.49938095554498e-05	4.70712797531129	AC004551.1
ENSG00000102034	1.78922619047619	-0.238108333333333	5.02379973039523	2.03311600276233e-06	5.51383331587137e-05	4.70334789597765	ELF4
ENSG00000196126	1.59585714285714	3.68785952380952	5.0228557370648	2.04122188593364e-06	5.51445090415389e-05	4.69960843061653	HLA-DRB1
ENSG00000104998	1.78027142857143	-0.160759523809524	5.02278084044168	2.04186635425793e-06	5.51445090415389e-05	4.69931175890633	IL27RA
ENSG00000228594	1.75529285714286	-1.72349166666667	5.02265911724804	2.04291417726767e-06	5.51445090415389e-05	4.69882960900174	FNDC10
ENSG00000154025	2.15845	-6.59625119047619	5.02245143240179	2.04470318827418e-06	5.51445090415389e-05	4.6980069782786	SLC5A10
ENSG00000182218	1.62785714285714	-3.65919285714286	5.02175888007607	2.05067991332031e-06	5.52289910635974e-05	4.69526395737281	HHIPL1
ENSG00000177363	1.74449523809524	-1.67203571428571	5.02140972768186	2.05369954509178e-06	5.52337088179947e-05	4.69388114184527	LRRN4CL
ENSG00000170571	1.75853571428571	-0.893103571428571	5.0208312174652	2.05871230326989e-06	5.52455711762772e-05	4.69159008461697	EMB
ENSG00000197177	2.02338571428571	-5.07318333333333	5.0207023272752	2.05983075144838e-06	5.52455711762772e-05	4.69107966633541	ADGRA1
ENSG00000079385	1.85552142857143	-0.293520238095238	5.0195368214008	2.06997136544114e-06	5.5412732566934e-05	4.68646450510138	CEACAM1
ENSG00000166819	1.98447857142857	0.0147678571428571	5.01933059455991	2.07177072013565e-06	5.5412732566934e-05	4.68564795729193	PLIN1
ENSG00000243649	2.63928571428572	4.15062857142857	5.01828339208487	2.08093122190266e-06	5.55811863368718e-05	4.68150191049444	CFB
ENSG00000162618	1.87115952380952	0.643458333333333	5.01521900255543	2.10796442417877e-06	5.62258972372298e-05	4.66937250370669	ADGRL4
ENSG00000119771	1.78500714285714	-0.322179761904762	5.01464446813956	2.11307073865227e-06	5.6228103096964e-05	4.66709889336202	KLHL29
ENSG00000126860	1.94406666666667	-1.23821904761905	5.01455820503134	2.11383846229188e-06	5.6228103096964e-05	4.66675753722063	EVI2A
ENSG00000173805	1.7814119047619	-1.7386630952381	5.01356395595985	2.12270670089809e-06	5.62394680266056e-05	4.66282340089967	HAP1
ENSG00000182492	2.49629523809524	4.30291666666667	5.01356232099474	2.1227213138192e-06	5.62394680266056e-05	4.66281693190916	BGN
ENSG00000089472	1.71627857142857	-0.998322619047619	5.01296925081449	2.12802849849479e-06	5.62394680266056e-05	4.66047044319281	HEPH
ENSG00000159164	1.75427142857143	-1.46907619047619	5.01279251615596	2.1296125345438e-06	5.62394680266056e-05	4.65977122316649	SV2A
ENSG00000169946	1.60736666666667	-2.45368571428571	5.01260330695096	2.13130964991846e-06	5.62394680266056e-05	4.65902266635381	ZFPM2
ENSG00000054179	1.84842380952381	-0.0292690476190477	5.01227783592867	2.13423204966005e-06	5.62394680266056e-05	4.65773506538927	ENTPD2
ENSG00000095752	2.20235238095238	-3.54411666666667	5.01224362049497	2.13453949611743e-06	5.62394680266056e-05	4.65759970813047	IL11
ENSG00000154764	2.34181904761904	-6.83398095238095	5.01647680379782	2.15269411549796e-06	5.66409408329803e-05	4.65212004821576	WNT7A
ENSG00000215644	2.07835	-0.575636904761905	5.00970185683267	2.15749978589557e-06	5.669056947567e-05	4.64754598630225	GCGR
ENSG00000088320	1.88425238095238	-1.59036428571429	5.00907116698729	2.16323407403946e-06	5.6764431418511e-05	4.64505182812196	REM1
ENSG00000113555	1.36828571428571	-0.820435714285714	5.00713092910685	2.18096809363862e-06	5.7152548505094e-05	4.63738006145006	PCDH12
ENSG00000118557	1.87098571428571	0.278078571428572	5.00623783350597	2.18917859881406e-06	5.7290390878398e-05	4.63384933836956	PMFBP1
ENSG00000171943	1.72291666666667	-0.405117857142857	5.00563084735407	2.19477598038089e-06	5.73595692961455e-05	4.63144992584298	SRGAP2C
ENSG00000058404	1.89442380952381	-0.143914285714286	5.00218940967588	2.22677597330585e-06	5.80950324857719e-05	4.61784929056878	CAMK2B
ENSG00000168490	1.75661666666667	-0.874532142857143	5.00196258415404	2.22890097857143e-06	5.80950324857719e-05	4.61695307120819	PHYHIP
ENSG00000156500	1.66703333333333	-1.21652380952381	5.00045144876837	2.24310846171143e-06	5.8386970656183e-05	4.61098299538926	FAM122C
ENSG00000140057	1.67292380952381	-1.02632142857143	4.99976337053703	2.24960685354442e-06	5.84384116851539e-05	4.60826495348968	AK7
ENSG00000144645	1.67535	-0.976044047619048	4.99960515048793	2.25110371513519e-06	5.84384116851539e-05	4.60763998594787	OSBPL10
ENSG00000117971	2.19132857142857	-6.51979047619048	4.9975950891809	2.27020478043229e-06	5.88264749809842e-05	4.59970131342407	CHRNB4
ENSG00000025708	2.33971428571428	2.93746904761905	4.99739537036547	2.27211124913679e-06	5.88264749809842e-05	4.59891263659365	TYMP
ENSG00000157765	2.00116904761905	0.794351190476191	4.9965417679092	2.28027711860248e-06	5.8959282408819e-05	4.5955420315259	SLC34A2
ENSG00000112799	2.07100238095238	-1.36856785714286	4.99618508370215	2.28369774580235e-06	5.89692058882846e-05	4.59413370278023	LY86
ENSG00000126895	1.65737619047619	-1.63659047619048	4.99547438795765	2.29052826825282e-06	5.90102256640594e-05	4.59132778070649	AVPR2
ENSG00000132718	1.73754761904762	-0.571795238095238	4.995387552845	2.29136420592753e-06	5.90102256640594e-05	4.59098496071945	SYT11
ENSG00000184584	2.08972857142857	2.25987619047619	4.9944989940497	2.29993520292478e-06	5.91029240870173e-05	4.58747719090922	TMEM173
ENSG00000006468	1.75656666666667	-0.928390476190476	4.99438354391891	2.30105111802374e-06	5.91029240870173e-05	4.58702145553858	ETV1
ENSG00000077943	1.72147857142857	-2.2706130952381	4.99314640824191	2.31304212912591e-06	5.93324333730079e-05	4.58213830872851	ITGA8
ENSG00000106688	1.70617142857143	-0.58517619047619	4.99111496768505	2.33286405888249e-06	5.97093150089628e-05	4.57412153034815	SLC1A1
ENSG00000137809	1.65434047619048	-1.74459642857143	4.9910108390182	2.33388454484513e-06	5.97093150089628e-05	4.57371065564894	ITGA11
ENSG00000171791	1.65087142857143	-0.871221428571428	4.99040536180594	2.33982698230601e-06	5.97825793979186e-05	4.57132164515548	BCL2
ENSG00000118292	1.90720714285714	0.643927380952381	4.98961674145209	2.34758896138825e-06	5.99020794378936e-05	4.56821027828678	C1orf54
ENSG00000113916	2.51975476190476	4.23952976190476	4.98852456367681	2.3583801050608e-06	5.99504131334782e-05	4.56390177306784	BCL6
ENSG00000162545	2.01226904761905	1.46620595238095	4.98829746782741	2.36062995698416e-06	5.99504131334782e-05	4.56300598053923	CAMK2N1
ENSG00000134489	2.29896666666666	-7.10173571428571	4.99039711456708	2.36063595166409e-06	5.99504131334782e-05	4.56384440548685	HRH4
ENSG00000101443	2.3518	3.03973571428571	4.988176158463	2.36183263194514e-06	5.99504131334782e-05	4.56252747903373	WFDC2
ENSG00000146151	1.69048333333333	-1.70656785714286	4.98650695669588	2.37844197996797e-06	6.01346025733225e-05	4.55594407928	HMGCLL1
ENSG00000162630	1.71200714285714	-3.86512976190476	4.98620122761199	2.38149642397658e-06	6.01346025733225e-05	4.55473841710079	B3GALT2
ENSG00000168811	1.66249761904762	-1.62691785714286	4.98596632677925	2.38384583849577e-06	6.01346025733225e-05	4.55381210132408	IL12A
ENSG00000150681	1.98914523809524	-3.27047738095238	4.9858444821524	2.38506538393491e-06	6.01346025733225e-05	4.55333162565724	RGS18
ENSG00000169992	1.99313095238095	1.62985595238095	4.98579960447074	2.38551471861239e-06	6.01346025733225e-05	4.55315465918441	NLGN2
ENSG00000087903	1.7558119047619	-0.152455952380952	4.98558444527024	2.38767012998412e-06	6.01346025733225e-05	4.5523062339325	RFX2
ENSG00000175471	1.74970714285714	-0.404455952380953	4.98241459707863	2.41964542572066e-06	6.08609778194869e-05	4.5398093410872	MCTP1
ENSG00000182324	1.55420952380952	-2.37257142857143	4.98193278670466	2.42454195268354e-06	6.08698122573065e-05	4.53791026443784	KCNJ14
ENSG00000077092	1.65137380952381	-1.33674880952381	4.98165453351465	2.42737416718045e-06	6.08698122573065e-05	4.53681356846154	RARB
ENSG00000171560	3.2525619047619	0.631107142857143	5.06144534547179	2.42940078789847e-06	6.08698122573065e-05	4.5674371336014	FGA
ENSG00000214140	1.83167380952381	0.00955833333333333	4.97972081165789	2.44714579755041e-06	6.1170284273589e-05	4.52919310905802	PRCD
ENSG00000123689	2.33822619047619	2.45935833333333	4.97966746905631	2.44769342262739e-06	6.1170284273589e-05	4.52898292084109	G0S2
ENSG00000186806	1.65009761904762	-2.04956071428571	4.97624066969536	2.48312465354501e-06	6.19650828360526e-05	4.51548303776865	VSIG10L
ENSG00000095777	1.75905238095238	-1.84805238095238	4.97597626933022	2.48587905702364e-06	6.19650828360526e-05	4.51444166827927	MYO3A
ENSG00000143079	1.7603880952381	0.152684523809524	4.97502623006388	2.49580069662706e-06	6.21326383680823e-05	4.51070011514166	CTTNBP2NL
ENSG00000167083	1.89934285714286	-1.54902142857143	4.97411478426599	2.50535550674214e-06	6.22906443404852e-05	4.50711096624899	GNGT2
ENSG00000141655	1.69998333333333	-0.849508333333333	4.97340110320909	2.51286196462818e-06	6.23973831574808e-05	4.50430086891317	TNFRSF11A
ENSG00000154451	1.70132857142857	-2.18058333333333	4.9722139500401	2.52539688957642e-06	6.26285527481416e-05	4.49962703659143	GBP5
ENSG00000112182	1.62154761904762	-1.28548333333333	4.9708333815117	2.54005059201425e-06	6.29116101986387e-05	4.49419258584824	BACH2
ENSG00000123119	1.57647142857143	-3.14545	4.96945851207174	2.55472602693858e-06	6.31944840650871e-05	4.48878148781815	NECAB1
ENSG00000130045	2.02322142857143	-2.597575	4.96873417410506	2.56249080559723e-06	6.3305911530645e-05	4.48593106698207	NXNL2
ENSG00000183876	1.66453333333333	-3.3726619047619	4.96803183671244	2.57004167044878e-06	6.34117778357997e-05	4.4831674661805	ARSI
ENSG00000108960	1.75411666666667	-0.154044047619048	4.96742129709217	2.5766232018556e-06	6.34138941160465e-05	4.48076527153635	MMD
ENSG00000157554	1.72219285714286	-0.170234523809524	4.96741798997168	2.57665889677416e-06	6.34138941160465e-05	4.48075226002004	ERG
ENSG00000006118	2.0139880952381	1.17233214285714	4.96704380259174	2.58070074222387e-06	6.34329709019028e-05	4.47928009358973	TMEM132A
ENSG00000166128	1.77607857142857	0.296079761904762	4.96589859031141	2.59310931297302e-06	6.36573914529836e-05	4.47477490433855	RAB8B
ENSG00000135253	1.59454523809524	-3.31767738095238	4.96454932465819	2.60780334628581e-06	6.39372795179013e-05	4.46946780018715	KCP
ENSG00000168477	2.03684761904762	1.67020238095238	4.96354888120731	2.61875084906147e-06	6.40882545330503e-05	4.46553329931567	TNXB
ENSG00000205436	1.9860380952381	-0.509421428571429	4.96300549010183	2.62471571618218e-06	6.40882545330503e-05	4.46339647810261	EXOC3L4
ENSG00000092969	1.87791904761905	-0.289647619047619	4.96282787590535	2.62666827319301e-06	6.40882545330503e-05	4.46269806242602	TGFB2
ENSG00000188001	1.9446380952381	-1.71304761904762	4.9627828959817	2.62716297292759e-06	6.40882545330503e-05	4.46252119451735	TPRG1
ENSG00000179954	1.78664285714286	-0.892545238095238	4.96205014620652	2.6352347067446e-06	6.42045012993308e-05	4.4596400493866	SSC5D
ENSG00000173926	1.82690476190476	0.516152380952381	4.96036299139911	2.65391171438097e-06	6.45785183832702e-05	4.45300721170505	MARCH3
ENSG00000169760	1.9778619047619	-3.64083333333333	4.95827382802384	2.67721756383994e-06	6.50640934350987e-05	4.44479584716024	NLGN1
ENSG00000118200	1.7550619047619	0.306042857142857	4.95774080444228	2.68319556962283e-06	6.51107910402527e-05	4.44270116166154	CAMSAP2
ENSG00000156049	1.62715238095238	-1.07409047619048	4.95726672414516	2.68852342202171e-06	6.51107910402527e-05	4.44083822876723	GNA14
ENSG00000162426	1.64692619047619	-1.55201309523809	4.95720672937983	2.68919839397892e-06	6.51107910402527e-05	4.44060248278967	SLC45A1
ENSG00000126861	1.75383095238095	-2.74928928571429	4.95633533845689	2.69902059885999e-06	6.51757919595282e-05	4.43717859995187	OMG
ENSG00000168675	1.70288333333333	-0.517175	4.95621376716822	2.70039370626544e-06	6.51757919595282e-05	4.43670094954387	LDLRAD4
ENSG00000086730	1.94491428571429	0.491254761904762	4.95575374620616	2.70559564523173e-06	6.51757919595282e-05	4.4348936044056	LAT2
ENSG00000135828	1.71210476190476	0.0372142857142857	4.95566583029231	2.70659091172666e-06	6.51757919595282e-05	4.4345482092728	RNASEL
ENSG00000213654	2.00432619047619	1.0869869047619	4.95548268626593	2.70866536776904e-06	6.51757919595282e-05	4.4338287036758	GPSM3
ENSG00000128016	2.5948380952381	4.91515714285714	4.95465310924757	2.71808130293641e-06	6.53214142826971e-05	4.4305698050263	ZFP36
ENSG00000242574	2.09510714285714	1.68427261904762	4.9541997224392	2.72324082332241e-06	6.53645121227126e-05	4.42878886842775	HLA-DMB
ENSG00000147234	1.70782619047619	-4.63875119047619	4.95263584008923	2.74111095688826e-06	6.56918320810454e-05	4.42264659292988	FRMPD3
ENSG00000140488	1.81095952380952	0.313525	4.95241498225128	2.74364382622968e-06	6.56918320810454e-05	4.42177925185187	CELF6
ENSG00000136859	1.88042380952381	0.56692619047619	4.95204619050722	2.74787832630443e-06	6.57121937686938e-05	4.42033100568246	ANGPTL2
ENSG00000020181	1.8892619047619	0.833314285714286	4.94997149069954	2.77181898311692e-06	6.6203174679169e-05	4.41218489043592	ADGRA2
ENSG00000224389	2.74790238095238	4.34747738095238	4.94964613873991	2.77559168885299e-06	6.6211842032122e-05	4.41090761682326	C4B
ENSG00000112320	1.63268095238095	-0.968645238095238	4.94932942356865	2.7792690428995e-06	6.62182162883712e-05	4.40966429932136	SOBP
ENSG00000128203	1.52602857142857	-2.40518571428571	4.94696796097987	2.80683761994036e-06	6.67931040490219e-05	4.40039553327764	ASPHD2
ENSG00000101670	1.89764047619048	-1.137175	4.94585087991621	2.81997134859377e-06	6.70235050758798e-05	4.39601192696474	LIPG
ENSG00000169554	1.86065476190476	0.660275	4.94551679529971	2.82391084384322e-06	6.7035086510694e-05	4.39470104345969	ZEB2
ENSG00000118526	1.71574047619048	-0.88049880952381	4.94520873926419	2.82754815672941e-06	6.70394751005759e-05	4.39349233940852	TCF21
ENSG00000128872	1.7056619047619	-0.278064285714286	4.94428503978213	2.83848190598722e-06	6.72166361590974e-05	4.38986834399188	TMOD2
ENSG00000115935	1.91695714285714	1.22567142857143	4.94334214906253	2.84968523857519e-06	6.7369791096374e-05	4.38616948480145	WIPF1
ENSG00000253873	1.55655476190476	-2.41983214285714	4.94297508535552	2.85405827546422e-06	6.7369791096374e-05	4.38472965078086	PCDHGA11
ENSG00000172935	1.83	0.0623190476190476	4.9428661100467	2.85535781606323e-06	6.7369791096374e-05	4.38430219990924	MRGPRF
ENSG00000069431	1.77258095238095	0.173102380952381	4.94234063252614	2.86163226833566e-06	6.74358924593956e-05	4.38224111888856	ABCC9
ENSG00000171608	1.76250476190476	0.164380952380952	4.94031164317802	2.88598549200979e-06	6.79273530713287e-05	4.37428407949677	PIK3CD
ENSG00000127954	2.01755952380952	1.471675	4.9386365790909	2.90624250055519e-06	6.83213279367805e-05	4.36771653847522	STEAP4
ENSG00000204839	1.78494047619048	-0.204329761904762	4.93797040740248	2.91433708060521e-06	6.83556306088913e-05	4.36510501426766	MROH6
ENSG00000272031	1.51650238095238	-3.05290357142857	4.93793712202378	2.91474210238758e-06	6.83556306088913e-05	4.36497453472826	ANKRD34A
ENSG00000138650	1.61479047619047	-4.41721904761905	4.93627696157876	2.93501281808452e-06	6.87479841997167e-05	4.35846735160646	PCDH10
ENSG00000023902	1.9912119047619	1.42696785714286	4.93588428734699	2.93982742376629e-06	6.87777938731252e-05	4.35692841881062	PLEKHO1
ENSG00000183801	1.77479285714286	-0.47349880952381	4.9351284085324	2.94911694280654e-06	6.88654977086284e-05	4.35396626065887	OLFML1
ENSG00000135363	1.91547857142857	1.20112738095238	4.93500233061104	2.95066917775151e-06	6.88654977086284e-05	4.35347221036817	LMO2
ENSG00000113212	1.57484285714286	-2.80495714285714	4.93435099887875	2.9587008520524e-06	6.89270760520208e-05	4.35092001896494	PCDHB7
ENSG00000178573	1.79273095238095	0.0508916666666667	4.93420039794604	2.96056096063616e-06	6.89270760520208e-05	4.35032993083027	MAF
ENSG00000164929	1.84000714285714	-0.357286904761905	4.93380156187844	2.96549257836761e-06	6.89270760520208e-05	4.34876725563429	BAALC
ENSG00000104368	1.99088571428571	1.5653380952381	4.93363889838566	2.96750620967604e-06	6.89270760520208e-05	4.34812994798675	PLAT
ENSG00000106809	1.94860952380952	-0.357414285714286	4.93212011268189	2.98637173865013e-06	6.92823971578354e-05	4.34218004564089	OGN
ENSG00000244731	2.72197619047619	4.41560476190476	4.93137392967208	2.99568310350989e-06	6.94154827016169e-05	4.33925725900178	C4A
ENSG00000054277	1.80943571428571	0.40429880952381	4.93066068759795	3.00460980261722e-06	6.95393482088453e-05	4.33646375680792	OPN3
ENSG00000242252	1.77291428571429	-0.578340476190476	4.92997875050309	3.01316889057968e-06	6.96544208539003e-05	4.3337930979308	BGLAP
ENSG00000102445	1.72706666666667	-1.4414619047619	4.92554034204704	3.06945826340356e-06	7.08712729592988e-05	4.31641661183302	RUBCNL
ENSG00000130283	1.92258809523809	-4.95631785714286	4.92499688668166	3.07642043059149e-06	7.09476626142822e-05	4.31428963474134	GDF1
ENSG00000132205	1.86124523809524	0.0312321428571429	4.92424702221284	3.08605211148635e-06	7.1085361685459e-05	4.31135505146952	EMILIN2
ENSG00000168779	1.9256	-3.55551428571428	4.9234226027447	3.09667526573415e-06	7.12455453910258e-05	4.3081290173495	SHOX2
ENSG00000136514	1.7145119047619	-0.42619880952381	4.92283783662678	3.10423188943571e-06	7.13348814545119e-05	4.30584097285048	RTP4
ENSG00000257594	1.73725238095238	0.0356595238095238	4.92147644931829	3.12189392097359e-06	7.1642603947267e-05	4.30051485417157	GALNT4
ENSG00000091536	1.69065238095238	-0.611233333333333	4.92123766727149	3.12500183043234e-06	7.1642603947267e-05	4.29958076762084	MYO15A
ENSG00000086991	1.81014047619048	-2.25905595238095	4.92039626673094	3.13597722662011e-06	7.1809440785978e-05	4.29628953384702	NOX4
ENSG00000128564	2.55984047619048	1.53543214285714	4.95385145675326	3.15548610041867e-06	7.21710590081623e-05	4.30465943992707	VGF
ENSG00000173702	1.95127857142857	-0.259834523809524	4.91766167722295	3.17190727959296e-06	7.24612888883955e-05	4.28559528308579	MUC13
ENSG00000263961	2.02232857142857	-0.425895238095238	4.9161377943234	3.19210311005377e-06	7.28369661469144e-05	4.27963738107542	RHEX
ENSG00000171310	1.93532142857143	0.0965488095238096	4.91582092556666	3.19631820895267e-06	7.28475434054494e-05	4.27839866775271	CHST11
ENSG00000139329	2.5264380952381	4.60497380952381	4.9151365086593	3.20544104131042e-06	7.29384707124451e-05	4.275723292477	LUM
ENSG00000170561	1.86710476190476	-1.51148095238095	4.91495832465887	3.20782026925678e-06	7.29384707124451e-05	4.275026811806	IRX2
ENSG00000030419	1.59429523809524	-0.946052380952381	4.91393360834393	3.22153631619593e-06	7.31334914005712e-05	4.27102173293976	IKZF2
ENSG00000197959	1.62777142857143	-1.95287142857143	4.91375522854136	3.22392978879848e-06	7.31334914005712e-05	4.27032459270738	DNM3
ENSG00000135636	1.7568619047619	-0.108692857142857	4.91191421027237	3.24873352562835e-06	7.36101605608534e-05	4.26313048009251	DYSF
ENSG00000198483	1.64022857142857	-2.10933333333333	4.91106456156569	3.26024319059828e-06	7.37848511364071e-05	4.25981088758565	ANKRD35
ENSG00000139044	1.87635238095238	0.780607142857143	4.9100389517366	3.27418931755827e-06	7.4014212070252e-05	4.25580428637678	B4GALNT3
ENSG00000131389	1.83049761904762	0.326055952380952	4.90965649372861	3.27940477352904e-06	7.40459091771941e-05	4.25431032602564	SLC6A6
ENSG00000150750	2.21564285714286	-3.61738571428571	4.90920714933832	3.28554265872819e-06	7.40983360594471e-05	4.25255518583526	C11orf53
ENSG00000013725	1.6414880952381	-1.80762261904762	4.90695719319528	3.31644464971534e-06	7.47084944410353e-05	4.24376835154302	CD6
ENSG00000100505	1.78249285714286	-1.621875	4.90664523314468	3.32075150678105e-06	7.4718832860573e-05	4.24255024015829	TRIM9
ENSG00000188227	1.6541119047619	-0.387455952380952	4.90587602725303	3.33139425649477e-06	7.48715436025641e-05	4.2395469249519	ZNF793
ENSG00000058085	1.90647857142857	-0.223810714285715	4.90511825160788	3.34191128320802e-06	7.50210789564547e-05	4.23658852430677	LAMC2
ENSG00000164430	1.5909119047619	-1.42393214285714	4.90440144211507	3.35188945584562e-06	7.50800748443336e-05	4.2337903191419	CGAS
ENSG00000198844	1.84835952380952	0.700732142857142	4.9043739757436	3.35227237048292e-06	7.50800748443336e-05	4.23368310387553	ARHGEF15
ENSG00000023445	2.06665	1.28951547619048	4.90348566523004	3.36467945730543e-06	7.52711356013327e-05	4.2302157756545	BIRC3
ENSG00000106686	1.93356428571429	1.20744880952381	4.90240459705528	3.37983904180426e-06	7.55232618109955e-05	4.22599658593643	SPATA6L
ENSG00000074416	1.91807857142857	1.27595119047619	4.90179361174166	3.38843610626818e-06	7.56283359902477e-05	4.22361228990919	MGLL
ENSG00000171357	1.64164761904762	-3.02284523809524	4.90087769189577	3.40136368878426e-06	7.58297130985222e-05	4.22003836983219	LURAP1
ENSG00000162692	2.20281904761905	1.48318571428571	4.89856316045104	3.43424578171e-06	7.64749823271156e-05	4.21100891625426	VCAM1
ENSG00000185737	2.26610714285714	-5.63426785714286	4.89720933448294	3.45362235770691e-06	7.67431884570846e-05	4.20572859782028	NRG3
ENSG00000134516	1.7917380952381	-0.487728571428571	4.89716947919122	3.45419439239324e-06	7.67431884570846e-05	4.20557316424651	DOCK2
ENSG00000248905	1.65662142857143	-1.34087023809524	4.89599351314403	3.47111430512998e-06	7.69473535590597e-05	4.2009873117284	FMN1
ENSG00000173391	2.07417857142857	-1.21983214285714	4.8959800012428	3.47130918311547e-06	7.69473535590597e-05	4.20093462406442	OLR1
ENSG00000162383	1.71634523809524	-2.504525	4.89562975722769	3.47636435746347e-06	7.69715428657078e-05	4.19956893080388	SLC1A7
ENSG00000168461	1.91747380952381	0.838932142857143	4.89481865346903	3.48809874925899e-06	7.7089554531725e-05	4.19640645797338	RAB31
ENSG00000145623	2.07223095238095	2.14188452380952	4.89471271101538	3.48963427919385e-06	7.7089554531725e-05	4.19599341513141	OSMR
ENSG00000174130	1.56334523809524	-2.98760833333333	4.89270952603034	3.51879243416013e-06	7.76453539619562e-05	4.1881845506952	TLR6
ENSG00000185404	1.9165119047619	1.44807261904762	4.8903814601844	3.55297716004161e-06	7.82705322342733e-05	4.17911172850095	SP140L
ENSG00000120324	1.5724380952381	-1.9576119047619	4.89005777346734	3.55775558335413e-06	7.82705322342733e-05	4.17785048572089	PCDHB10
ENSG00000100228	1.71243095238095	-0.302336904761905	4.88995884778175	3.55921721922254e-06	7.82705322342733e-05	4.17746503293048	RAB36
ENSG00000106785	1.72908571428571	-0.267314285714286	4.88903641698152	3.57287434492441e-06	7.83729166707863e-05	4.17387111906709	TRIM14
ENSG00000102265	2.72628333333333	5.48639404761905	4.8887889087778	3.57654750775559e-06	7.83729166707863e-05	4.17290686585823	TIMP1
ENSG00000102524	1.70541904761905	-0.67675	4.88856517409716	3.5798710166701e-06	7.83729166707863e-05	4.17203525674877	TNFSF13B
ENSG00000071246	1.8601380952381	0.73332619047619	4.88855532711234	3.58001735951115e-06	7.83729166707863e-05	4.17199689616074	VASH1
ENSG00000134539	1.71469285714286	-2.57402261904762	4.88806148831031	3.58736410276774e-06	7.84453109769639e-05	4.17007312568614	KLRD1
ENSG00000101463	1.94251904761905	-3.37523809523809	4.8873574077269	3.59786392018252e-06	7.85030599894953e-05	4.16733055867669	SYNDIG1
ENSG00000119535	2.16235	0.79754880952381	4.88722138475572	3.59989584472798e-06	7.85030599894953e-05	4.16680074413554	CSF3R
ENSG00000162631	2.01757142857143	-4.24539523809524	4.88707168227074	3.60213340460605e-06	7.85030599894953e-05	4.16621765800253	NTNG1
ENSG00000162367	1.68072142857143	-1.22623928571429	4.88524756302057	3.62950682359395e-06	7.88640039434711e-05	4.15911366946587	TAL1
ENSG00000013016	1.59304523809524	-1.2140369047619	4.88503968198302	3.63263916949657e-06	7.88640039434711e-05	4.15830418672671	EHD3
ENSG00000196557	1.94735714285714	1.13915238095238	4.88497029417548	3.63368528792406e-06	7.88640039434711e-05	4.15803399739532	CACNA1H
ENSG00000130775	1.98397380952381	0.795636904761905	4.88478612650995	3.63646329381989e-06	7.88640039434711e-05	4.15731687813662	THEMIS2
ENSG00000181773	2.09476904761905	-3.70525595238095	4.88445672996813	3.64143709758787e-06	7.88640039434711e-05	4.156034303046	GPR3
ENSG00000186818	2.02647857142857	-0.935622619047619	4.8843490989467	3.64306373144987e-06	7.88640039434711e-05	4.15561523059608	LILRB4
ENSG00000173210	1.80418571428571	0.0908666666666667	4.88361212882451	3.65422059388752e-06	7.90174337328594e-05	4.15274591637617	ABLIM3
ENSG00000128652	2.25215	-3.68382261904762	4.88312148335111	3.66166679867262e-06	7.90903736336205e-05	4.15083579053982	HOXD3
ENSG00000148908	1.94879523809524	0.902657142857143	4.88258302663515	3.66985557763396e-06	7.9179172896107e-05	4.14873966913705	RGS10
ENSG00000159261	1.65082380952381	-1.61832142857143	4.88229847793914	3.67419014273964e-06	7.91847105346486e-05	4.14763202717798	CLDN14
ENSG00000204475	3.10188809523809	-6.70999404761905	4.95132467618744	3.69300723085913e-06	7.95020115397146e-05	4.17145649565823	NCR3
ENSG00000188130	1.83018095238095	0.576545238095238	4.879509166426	3.71694439671278e-06	7.99287112905523e-05	4.13677641067569	MAPK12
ENSG00000125378	1.81029523809524	0.145483333333333	4.87827326082282	3.73604245136293e-06	8.02505224785014e-05	4.13196767429497	BMP4
ENSG00000074181	1.97035	1.7951130952381	4.8738465252545	3.8052331192046e-06	8.16464273024473e-05	4.11475010700998	NOTCH3
ENSG00000081189	1.76159761904762	0.164646428571428	4.87289141254607	3.82032421694666e-06	8.18797523671856e-05	4.11103652486091	MEF2C
ENSG00000180573	2.10073095238095	1.72195595238095	4.87250772549969	3.8264029621142e-06	8.18849790058761e-05	4.10954483596388	HIST1H2AC
ENSG00000071967	2.05996428571428	2.06262261904762	4.87234385608743	3.82900200521864e-06	8.18849790058761e-05	4.10890777094181	CYBRD1
ENSG00000114013	1.77843571428571	-1.91125595238095	4.8714002335147	3.84400170496688e-06	8.20637199221888e-05	4.10523956825124	CD86
ENSG00000100365	1.90755714285714	0.363711904761905	4.87128656604366	3.84581239721865e-06	8.20637199221888e-05	4.10479773160479	NCF4
ENSG00000198643	1.99316428571429	-2.22700595238095	4.87049574849745	3.85843287245747e-06	8.21761671524869e-05	4.1017239244416	FAM3D
ENSG00000197471	1.68979523809524	-2.29503809523809	4.87028458186714	3.86180963498254e-06	8.21761671524869e-05	4.10090319941977	SPN
ENSG00000012504	1.94593095238095	-0.239894047619047	4.87016157438423	3.86377796942118e-06	8.21761671524869e-05	4.10042512600094	NR1H4
ENSG00000145819	1.78330952380952	0.539659523809524	4.86974697005767	3.87041954632018e-06	8.21784278686663e-05	4.09881380561342	ARHGAP26
ENSG00000157570	1.63164523809524	-0.890017857142857	4.86962668892871	3.87234841383405e-06	8.21784278686663e-05	4.09834636047286	TSPAN18
ENSG00000099864	1.89819285714286	1.106075	4.86856416985218	3.88942794110242e-06	8.24507770309245e-05	4.09421743643531	PALM
ENSG00000156535	1.5345119047619	-2.79359404761905	4.86810935558879	3.89676123540621e-06	8.25161501298995e-05	4.09245021124463	CD109
ENSG00000163040	1.77884047619048	0.224389285714286	4.86762013143284	3.90466434471808e-06	8.25934338188842e-05	4.09054939838816	CCDC74A
ENSG00000116014	2.38230476190476	-3.75383571428571	4.87518798229296	3.9328087456536e-06	8.3098237457129e-05	4.08768546574647	KISS1R
ENSG00000163462	1.65528809523809	-2.11195595238095	4.86437824886366	3.95742991198046e-06	8.35275804683007e-05	4.07795653328173	TRIM46
ENSG00000100918	2.05351904761905	1.95671904761905	4.86390988293248	3.9651101913944e-06	8.35988161742633e-05	4.07613763300104	REC8
ENSG00000182310	1.96552380952381	1.5737380952381	4.86157225252596	4.00365979139363e-06	8.43200280144051e-05	4.06706107955456	SPACA6
ENSG00000241839	1.88525	0.986336904761905	4.86111064661758	4.0113150235536e-06	8.43842378111714e-05	4.06526907891456	PLEKHO2
ENSG00000135407	2.01650238095238	1.78969166666667	4.86086467966492	4.01539992468443e-06	8.43842378111714e-05	4.06431425396864	AVIL
ENSG00000133874	1.80084761904762	0.611214285714285	4.85999813969698	4.02982323417452e-06	8.45070004279182e-05	4.06095065315104	RNF122
ENSG00000159882	1.59597380952381	-0.815579761904762	4.85997788669244	4.03016094096026e-06	8.45070004279182e-05	4.06087204266532	ZNF230
ENSG00000174740	1.56223333333333	-3.67504761904762	4.85972365466064	4.03440244850792e-06	8.45070004279182e-05	4.05988527797355	PABPC5
ENSG00000124785	1.77575476190476	-0.137534523809524	4.85941522283686	4.03955402755968e-06	8.45070004279182e-05	4.05868818810204	NRN1
ENSG00000166750	1.70712142857143	-0.153384523809524	4.85920903068137	4.04300151393223e-06	8.45070004279182e-05	4.0578879388103	SLFN5
ENSG00000158714	1.79988333333333	-0.781303571428571	4.85821464755652	4.05966755437524e-06	8.4701137326389e-05	4.05402895220946	SLAMF8
ENSG00000128815	1.7085	-2.08475	4.85813451855172	4.061013433457e-06	8.4701137326389e-05	4.0537180103687	WDFY4
ENSG00000081041	3.07260714285715	3.74192023809524	4.89731381745972	4.09508997307206e-06	8.52597285661046e-05	4.06294089943373	CXCL2
ENSG00000181291	2.1454	-5.60575476190476	4.85602649904553	4.0965767201656e-06	8.52597285661046e-05	4.04553896338096	TMEM132E
ENSG00000176463	1.84874285714286	1.0362619047619	4.85575902325227	4.10111074012284e-06	8.52627070146738e-05	4.04450132519212	SLCO3A1
ENSG00000181104	1.81859523809524	0.250797619047619	4.85433652537416	4.12530574063045e-06	8.56739966540771e-05	4.03898352873777	F2R
ENSG00000196169	1.74920952380952	-1.55422380952381	4.85373149131654	4.13563863954553e-06	8.57551509308008e-05	4.03663694008291	KIF19
ENSG00000105270	1.78401904761905	0.269904761904762	4.85359074377619	4.13804595850038e-06	8.57551509308008e-05	4.03609108542348	CLIP3
ENSG00000164175	2.34393809523809	-5.87088095238095	4.86255868561032	4.19292841689604e-06	8.67921872165079e-05	4.02881688776498	SLC45A2
ENSG00000149451	2.0556380952381	1.76362857142857	4.85009534728664	4.19826920091705e-06	8.67921872165079e-05	4.02253823895001	ADAM33
ENSG00000167600	2.00462857142857	-2.69429761904762	4.84990941973557	4.20149634274989e-06	8.67921872165079e-05	4.02181750603391	CYP2S1
ENSG00000077327	1.8285619047619	-3.75467857142857	4.84939180121864	4.21049333954675e-06	8.68576543901718e-05	4.01981109167148	SPAG6
ENSG00000158352	1.58133333333333	-1.89867857142857	4.84907112989409	4.21607648153704e-06	8.68576543901718e-05	4.01856815966065	SHROOM4
ENSG00000167208	1.67602619047619	-2.56219880952381	4.84895588927835	4.21808466834545e-06	8.68576543901718e-05	4.01812149606655	SNX20
ENSG00000244486	1.83891666666667	0.703513095238095	4.84622308720549	4.2659798039619e-06	8.7750843043784e-05	4.00753132385453	SCARF2
ENSG00000049768	1.8421880952381	-4.46096785714286	4.84581847699973	4.2731157619929e-06	8.77867553433941e-05	4.00596369463948	FOXP3
ENSG00000244482	1.9153	-1.16123333333333	4.84561167879996	4.27676746085337e-06	8.77867553433941e-05	4.00516250366418	LILRA6
ENSG00000265107	1.72094761904762	-1.05481904761905	4.84512954449982	4.28529289680245e-06	8.78280425574711e-05	4.00329467120915	GJA5
ENSG00000145423	2.44469285714286	2.67984166666667	4.84487130276238	4.28986609539813e-06	8.78280425574711e-05	4.00229426710628	SFRP2
ENSG00000227051	1.68917857142857	-0.497377380952381	4.84459864945404	4.29469965370574e-06	8.78280425574711e-05	4.00123807031961	C14orf132
ENSG00000175352	1.58689523809524	-3.54575238095238	4.84429173558566	4.30014690811691e-06	8.78280425574711e-05	4.0000492006406	NRIP3
ENSG00000173281	1.75268571428571	0.339216666666667	4.8441774060774	4.30217779837669e-06	8.78280425574711e-05	3.99960634293935	PPP1R3B
ENSG00000109321	2.1204119047619	-1.01005357142857	4.85501119173278	4.30798265075034e-06	8.78280425574711e-05	4.00302173819933	AREG
ENSG00000197208	1.68745714285714	-2.98496666666667	4.84371282128717	4.31044003281852e-06	8.78280425574711e-05	3.99780683181381	SLC22A4
ENSG00000169962	1.51600238095238	-3.81083690476191	4.84314828871784	4.32050049826169e-06	8.7876236012586e-05	3.99562033152295	TAS1R3
ENSG00000176956	1.7787619047619	-1.60684285714286	4.8426377866051	4.32961773118058e-06	8.7876236012586e-05	3.99364323547358	LY6H
ENSG00000178860	1.90071428571429	0.500371428571428	4.84228820218734	4.3358718582065e-06	8.7876236012586e-05	3.99228942448586	MSC
ENSG00000137496	1.96809523809524	1.48905714285714	4.84228240886252	4.33597557569926e-06	8.7876236012586e-05	3.9922669896021	IL18BP
ENSG00000166963	1.62261190476191	-1.72069880952381	4.8419462730928	4.34199751960132e-06	8.7876236012586e-05	3.99096531920042	MAP1A
ENSG00000175857	2.22862142857143	-2.99444404761905	4.84188935334139	4.34301805312079e-06	8.7876236012586e-05	3.99074490569264	GAPT
ENSG00000188803	1.69039523809524	-2.95643095238095	4.84174543763885	4.34559940602172e-06	8.7876236012586e-05	3.99018762021262	SHISA6
ENSG00000164056	2.18609523809524	3.08688333333333	4.84155545569812	4.34900931136549e-06	8.7876236012586e-05	3.98945196817003	SPRY1
ENSG00000178175	1.51401666666667	-2.38095119047619	4.84087722997103	4.36120371303929e-06	8.79433303363059e-05	3.98682587647026	ZNF366
ENSG00000234511	2.32825476190476	-3.54834166666667	4.84684559792818	4.36421375285506e-06	8.79433303363059e-05	3.98875806863792	C5orf58
ENSG00000125430	1.58373095238095	-1.92550357142857	4.84061559760111	4.36591669812539e-06	8.79433303363059e-05	3.98581289715295	HS3ST3B1
ENSG00000117020	1.80039285714286	0.783877380952381	4.84027661363951	4.37203043533171e-06	8.79752196821463e-05	3.98450048180457	AKT3
ENSG00000172985	1.65274285714286	-0.668738095238095	4.83944518806574	4.38706082646469e-06	8.81862806711091e-05	3.98128176708492	SH3RF3
ENSG00000124490	2.86931904761905	-3.70833095238095	4.89481211367507	4.40502996344998e-06	8.84559170943864e-05	4.00082684405104	CRISP2
ENSG00000100336	1.74088095238095	-1.2563380952381	4.83778624105475	4.41720117062857e-06	8.86086904248612e-05	3.97486049181954	APOL4
ENSG00000160223	1.65638333333333	-1.53836071428571	4.83672046232103	4.43667064041034e-06	8.88356413121386e-05	3.97073592036018	ICOSLG
ENSG00000110042	1.89130476190476	1.53092380952381	4.83654894532193	4.43981166141027e-06	8.88356413121386e-05	3.97007220177897	DTX4
ENSG00000137501	1.85776904761905	0.995529761904762	4.83641644964322	4.44223955680742e-06	8.88356413121386e-05	3.96955949397785	SYTL2
ENSG00000170959	1.51406904761905	-2.89155357142857	4.83480290054882	4.4719104551127e-06	8.92507662647253e-05	3.96331638353505	DCDC1
ENSG00000204577	2.4106	0.258152380952381	4.8771763104665	4.47219052299813e-06	8.92507662647253e-05	3.9809323006943	LILRB3
ENSG00000172116	1.83279761904762	-1.80306071428572	4.8320030999352	4.52385226720244e-06	9.01890793886417e-05	3.95248656815865	CD8B
ENSG00000168427	1.70591428571428	-4.9000119047619	4.83164130684671	4.53060684600558e-06	9.0231101267422e-05	3.95108741683109	KLHL30
ENSG00000174529	1.64707142857143	-0.519252380952381	4.83091457843758	4.54420428113767e-06	9.04091790277985e-05	3.94827716187724	TMEM81
ENSG00000182162	1.60101666666667	-1.68746071428571	4.83022771024924	4.55709234310455e-06	9.05349671406378e-05	3.94562129116988	P2RY8
ENSG00000137801	2.35068333333333	3.44120595238095	4.83008090249973	4.55985157398001e-06	9.05349671406378e-05	3.94505366961678	THBS1
ENSG00000171223	2.62378571428571	5.02323571428571	4.82930038966985	4.57454847034303e-06	9.05655254034306e-05	3.94203605584272	JUNB
ENSG00000204618	1.64316666666667	-1.00950952380952	4.82926910154221	4.57513857746762e-06	9.05655254034306e-05	3.94191509629228	RNF39
ENSG00000183287	1.71599523809524	-2.63576666666667	4.82925616135841	4.5753826563377e-06	9.05655254034306e-05	3.94186506983133	CCBE1
ENSG00000184350	2.82382857142857	-6.60689047619048	4.88668929955645	4.59687524960354e-06	9.08982928684334e-05	3.96183660003808	MRGPRE
ENSG00000171488	1.54700714285714	-1.37420833333333	4.82749191526536	4.60877869220068e-06	9.10409609818441e-05	3.93504532550982	LRRC8C
ENSG00000103241	1.60469285714286	-1.26311071428571	4.82615081783048	4.63432306028807e-06	9.14525255941806e-05	3.92986232629187	FOXF1
ENSG00000144214	1.69823095238095	-1.03184880952381	4.82580166321305	4.64099606201467e-06	9.14912299819299e-05	3.92851308191755	LYG1
ENSG00000090554	1.84255	0.820439285714286	4.82477467289287	4.66067791645362e-06	9.17546523840783e-05	3.92454482214293	FLT3LG
ENSG00000172794	1.67112142857143	-0.602915476190476	4.82441201479615	4.6676474604714e-06	9.17546523840783e-05	3.92314364950652	RAB37
ENSG00000215788	1.88168095238095	1.18450714285714	4.82436591273847	4.66853417218402e-06	9.17546523840783e-05	3.92296553349339	TNFRSF25
ENSG00000141968	1.76402380952381	-1.27642619047619	4.82347352366343	4.68573035485059e-06	9.19995066031231e-05	3.91951798620587	VAV1
ENSG00000066056	1.84713571428572	0.864536904761905	4.8231569509072	4.69184542620475e-06	9.20265196828725e-05	3.91829507432769	TIE1
ENSG00000173559	1.96068095238095	1.6432	4.82239453450403	4.70660445376482e-06	9.21355071692554e-05	3.9153500886803	NABP1
ENSG00000170801	2.00744285714286	0.99682380952381	4.82237971887357	4.70689170418691e-06	9.21355071692554e-05	3.91529286326032	HTRA3
ENSG00000204287	2.41278571428571	4.27197619047619	4.82196737888376	4.71489312480279e-06	9.21991890205646e-05	3.91370024328024	HLA-DRA
ENSG00000177669	1.61122142857143	-1.87600833333333	4.82137374501052	4.726435739324e-06	9.23319207104561e-05	3.911407545734	MBOAT4
ENSG00000118946	1.60718095238095	-0.474371428571428	4.82106677268288	4.73241526753681e-06	9.23558187588239e-05	3.91022204534865	PCDH17
ENSG00000131016	1.91154523809524	0.657194047619048	4.81940273238244	4.76495725650572e-06	9.28365961245634e-05	3.90379649658644	AKAP12
ENSG00000123500	2.28078809523809	-3.85260595238095	4.81931837382846	4.76661274776958e-06	9.28365961245634e-05	3.90347079059974	COL10A1
ENSG00000135114	1.68515238095238	-2.94949047619048	4.81838756701464	4.78491645392475e-06	9.3099707116544e-05	3.89987721106438	OASL
ENSG00000248712	1.67426904761905	-2.42937738095238	4.81806035197918	4.79136712333386e-06	9.31318986995965e-05	3.89861403138889	CCDC153
ENSG00000187116	2.06993095238095	-1.91870595238095	4.81730777687367	4.8062353425131e-06	9.32475792433149e-05	3.89570899909298	LILRA5
ENSG00000157368	1.7659380952381	-0.507107142857143	4.81727303526651	4.8069227944463e-06	9.32475792433149e-05	3.89557489915131	IL34
ENSG00000162374	1.73005714285714	-1.50122619047619	4.81695625414772	4.81319552886089e-06	9.32760786221764e-05	3.89435217650832	ELAVL4
ENSG00000198932	1.8334119047619	0.908679761904762	4.81619205638727	4.82836050894283e-06	9.3476674339633e-05	3.89140270898893	GPRASP1
ENSG00000105991	2.12634999999999	-5.62317023809524	4.81586258727926	4.83491290186061e-06	9.35102975381766e-05	3.89013119430374	HOXA1
ENSG00000142552	2.06552142857143	2.21340595238095	4.81538223311207	4.84448153039024e-06	9.35462407820505e-05	3.88827746996302	RCN3
ENSG00000007264	1.6897119047619	-1.61709642857143	4.81528571738592	4.84640633570619e-06	9.35462407820505e-05	3.88790502232701	MATK
ENSG00000005102	1.6983119047619	-1.2280369047619	4.81420197733689	4.86807032543122e-06	9.38710919356737e-05	3.88372326719529	MEOX1
ENSG00000184384	1.63207380952381	-0.236160714285714	4.81211953806884	4.90996259244819e-06	9.45849738295227e-05	3.87568956973053	MAML2
ENSG00000127507	1.79142619047619	-2.06985595238095	4.81150795280668	4.9223321620858e-06	9.47292823819445e-05	3.87333059535284	ADGRE2
ENSG00000108798	1.8005380952381	0.441785714285714	4.81023716348319	4.9481312446107e-06	9.51314975325254e-05	3.86842958071833	ABI3
ENSG00000117009	2.18745238095238	-4.28992857142857	4.80915483733582	4.97020771012176e-06	9.5461417720222e-05	3.8642560525672	KMO
ENSG00000181007	1.57473809523809	-1.15459047619048	4.80867146506607	4.98009803562715e-06	9.55568613199684e-05	3.86239232611911	ZFP82
ENSG00000197406	1.96372857142857	-1.27508333333333	4.8078578444463	4.99678877287364e-06	9.57824722523794e-05	3.8592555372193	DIO3
ENSG00000178695	1.88078333333333	1.17775119047619	4.80674303028035	5.01974646078063e-06	9.60570524615026e-05	3.85495808893751	KCTD12
ENSG00000163689	1.73433095238095	-2.39141547619048	4.8066819767289	5.02100670761279e-06	9.60570524615026e-05	3.85472275451044	C3orf67
ENSG00000001617	1.87484523809524	1.08800833333333	4.80558246804675	5.04375504671192e-06	9.63972790325315e-05	3.85048495918552	SEMA3F
ENSG00000146477	1.71416666666667	-2.22593809523809	4.8034839090651	5.087451368364e-06	9.71231736176398e-05	3.84239826693258	SLC22A3
ENSG00000117594	1.89113809523809	-0.935271428571429	4.80327892803076	5.09173914629505e-06	9.71231736176398e-05	3.84160850277392	HSD11B1
ENSG00000171408	1.53135952380952	-1.86211071428572	4.80290847433428	5.09949717094077e-06	9.7175697806995e-05	3.84018124906169	PDE7B
ENSG00000174099	1.75794047619048	0.349108333333333	4.80250515820571	5.10795644761708e-06	9.72414689214005e-05	3.83862746500965	MSRB3
ENSG00000105419	1.86856428571429	0.665389285714286	4.80192400446035	5.1201697087988e-06	9.72475530915945e-05	3.83638870321165	MEIS3
ENSG00000119630	1.84459523809524	0.745390476190476	4.80189303857189	5.12082126869947e-06	9.72475530915945e-05	3.83626941903412	PGF
ENSG00000177464	1.78454047619048	0.208991666666667	4.80177525176219	5.1233003817438e-06	9.72475530915945e-05	3.83581569510037	GPR4
ENSG00000137225	1.88447857142857	-2.8031869047619	4.80017517553635	5.15709356828651e-06	9.77212593818782e-05	3.82965277650924	CAPN11
ENSG00000125848	1.7147619047619	-1.1684880952381	4.80011721627731	5.15832170493486e-06	9.77212593818782e-05	3.82942956272268	FLRT3
ENSG00000150873	1.69733571428571	-3.97147738095238	4.79571736722172	5.25238655164583e-06	9.91516159388446e-05	3.81248977444963	C2orf50
ENSG00000159212	1.7377119047619	-0.0270845238095238	4.79561781013185	5.25453414258934e-06	9.91516159388446e-05	3.81210658537573	CLIC6
ENSG00000158473	1.89384047619048	-1.56215595238095	4.79561724678798	5.25454629715952e-06	9.91516159388446e-05	3.8121044171144	CD1D
ENSG00000185022	2.0078380952381	1.47914285714286	4.79532551676718	5.26084426116668e-06	9.91516159388446e-05	3.81098159549711	MAFF
ENSG00000126266	1.83834523809524	-0.479705952380952	4.7950346109386	5.26713172886796e-06	9.91516159388446e-05	3.80986198924922	FFAR1
ENSG00000131370	1.88009047619047	1.12917380952381	4.79480732508735	5.27204922734404e-06	9.91516159388446e-05	3.80898726656102	SH3BP5
ENSG00000115232	1.6304619047619	-1.8688880952381	4.79480116756505	5.2721825119074e-06	9.91516159388446e-05	3.80896356934811	ITGA4
ENSG00000184347	1.83625	0.108320238095238	4.79468609392883	5.27467397594122e-06	9.91516159388446e-05	3.8085207122327	SLIT3
ENSG00000148948	1.64882857142857	-3.69433095238095	4.79404855051257	5.28849817600983e-06	9.93153361525714e-05	3.80606726959017	LRRC4C
ENSG00000178796	2.98297380952381	-2.82226071428571	4.859032272542	5.2963232973004e-06	9.93661891661634e-05	3.83213036101001	RIIAD1
ENSG00000138623	1.62663333333333	-1.47870476190476	4.79267057499105	5.31849783545915e-06	9.96070533757107e-05	3.80076514826262	SEMA7A
ENSG00000211448	1.76941904761905	-2.37890238095238	4.79262829720235	5.31942086469317e-06	9.96070533757107e-05	3.80060248871877	DIO2
ENSG00000184678	2.04467142857143	1.36183333333333	4.79217565882834	5.32931283548142e-06	9.96113889726364e-05	3.79886106518147	HIST2H2BE
ENSG00000185002	1.80118095238095	-0.8534	4.7921482638298	5.32991209921564e-06	9.96113889726364e-05	3.79875567248821	RFX6
ENSG00000170891	2.05540714285714	-1.63678452380952	4.79104501632454	5.35409999919497e-06	9.98946055943982e-05	3.79451163100006	CYTL1
ENSG00000144730	1.47719523809524	-2.29584523809524	4.7909879034836	5.35535505323764e-06	9.98946055943982e-05	3.79429194265671	IL17RD
ENSG00000135406	1.80816904761905	-0.393796428571428	4.78996412064794	5.37790117116531e-06	0.000100209618663265	3.79035417617598	PRPH
ENSG00000163923	1.65672619047619	-0.522129761904762	4.78955203815769	5.38700218487903e-06	0.000100209618663265	3.7887693380725	RPL39L
ENSG00000111087	1.92141904761905	-1.56703333333333	4.78951934401296	5.38772488847712e-06	0.000100209618663265	3.78864360257459	GLI1
ENSG00000186642	1.9371619047619	1.37707142857143	4.788401243573	5.41249720605119e-06	0.000100574038992442	3.78434392813495	PDE2A
ENSG00000153563	1.71997619047619	-0.72357380952381	4.78729160712412	5.43719128973716e-06	0.00010093631019514	3.78007743318291	CD8A
ENSG00000214193	1.59336428571429	-1.14855833333333	4.78698690634573	5.44399128039854e-06	0.000100966019754326	3.77890598443662	SH3D21
ENSG00000100292	1.93939761904762	0.639584523809524	4.78628857362719	5.45960708714011e-06	0.00010115901757451	3.77622136222029	HMOX1
ENSG00000187942	1.68432619047619	-0.87405119047619	4.7839097678229	5.5131278668674e-06	0.000102053304975054	3.76707831504357	LDLRAD2
ENSG00000231389	2.17749285714286	2.96820357142857	4.78251175702103	5.5448189428007e-06	0.000102466219344102	3.76170634707032	HLA-DPA1
ENSG00000159784	1.6596119047619	-4.17358214285714	4.78246033051652	5.5459880796504e-06	0.000102466219344102	3.76150875568379	FAM131B
ENSG00000181826	1.67015238095238	-0.751878571428572	4.78179861597876	5.5610529467123e-06	0.000102646887946064	3.75896643070006	RELL1
ENSG00000196866	3.78546666666666	-6.70414047619047	4.85659311866369	5.56814827421012e-06	0.000102680249941702	3.78936434468379	HIST1H2AD
ENSG00000189420	1.4550119047619	-2.17369166666667	4.78025084380379	5.596445430574e-06	0.000103104153103307	3.75302072321465	ZFP92
ENSG00000152213	1.86332142857142	-4.397075	4.77914011407705	5.62197881935572e-06	0.000103339248128156	3.74875465303214	ARL11
ENSG00000135144	1.80780952380952	0.90797380952381	4.77872472411469	5.63155679703959e-06	0.000103339248128156	3.74715939318755	DTX1
ENSG00000144063	1.79025238095238	0.299278571428571	4.77871373545522	5.63181038621618e-06	0.000103339248128156	3.74711719363861	MALL
ENSG00000204161	1.7876880952381	0.603775	4.77870433119338	5.63202742048967e-06	0.000103339248128156	3.74708107867215	TMEM273
ENSG00000066336	1.99746666666667	1.09770952380952	4.7785402510085	5.63581541702117e-06	0.000103339248128156	3.74645097266766	SPI1
ENSG00000183484	1.54155714285714	-2.69475952380952	4.7776085415445	5.65737202602597e-06	0.000103614631763943	3.7428732533722	GPR132
ENSG00000143119	2.04347857142857	1.55018928571429	4.77743025693205	5.6615060408664e-06	0.000103614631763943	3.74218869974643	CD53
ENSG00000177994	2.44290714285714	-4.43534880952381	4.7916590419317	5.6708975110347e-06	0.000103669764875029	3.74690546980036	C2orf73
ENSG00000166086	1.83537380952381	1.15592976190476	4.77666181914283	5.67935794154992e-06	0.000103669764875029	3.73923834045949	JAM3
ENSG00000197142	1.7558619047619	0.564719047619047	4.77651355342481	5.68280864621336e-06	0.000103669764875029	3.73866912015714	ACSL5
ENSG00000118307	1.56205476190476	-1.68721547619048	4.77638192210979	5.68587391038755e-06	0.000103669764875029	3.73816377192926	CASC1
ENSG00000166482	2.27370238095238	3.47026071428571	4.77463217552831	5.72677254638881e-06	0.000104317513420054	3.73144713059709	MFAP4
ENSG00000175564	1.5795619047619	-1.21758333333333	4.77341561008288	5.75537669474072e-06	0.000104625131049075	3.72677810260538	UCP3
ENSG00000077616	1.59851666666667	-1.81842738095238	4.77332882332034	5.7574225336057e-06	0.000104625131049075	3.72644505471715	NAALAD2
ENSG00000171444	1.5796	-0.609835714285714	4.77322698281027	5.75982413695853e-06	0.000104625131049075	3.72605424235759	MCC
ENSG00000159167	1.96230714285714	0.0441321428571428	4.77297995503043	5.76565358691672e-06	0.000104633141449298	3.72510629679527	STC1
ENSG00000146966	1.61380476190476	-0.781583333333333	4.77266998642804	5.77297643695233e-06	0.000104668213307881	3.72391686608763	DENND2A
ENSG00000002745	1.80472619047619	-4.53105595238095	4.7714741414306	5.80131233600371e-06	0.000105083846026604	3.71932855736707	WNT16
ENSG00000163132	1.68203095238095	-0.519446428571429	4.77106932176351	5.81093520024375e-06	0.000105160055655483	3.71777548076499	MSX1
ENSG00000101265	1.77322380952381	-0.490352380952381	4.77037566148302	5.82746004218532e-06	0.000105360911637946	3.71511447262789	RASSF2
ENSG00000100060	1.82275714285714	0.609192857142857	4.76970580621196	5.84346106135066e-06	0.000105551931990053	3.71254501919834	MFNG
ENSG00000129295	1.73335714285714	0.426657142857143	4.76896064334825	5.86131106865379e-06	0.000105681442938688	3.70968696893031	LRRC6
ENSG00000171450	1.75179523809524	-1.84818571428571	4.76895210893754	5.86151581238888e-06	0.000105681442938688	3.70965423709955	CDK5R2
ENSG00000039139	1.9007619047619	-1.72664761904762	4.76872286081092	5.86701815926557e-06	0.00010568252190781	3.70877502097879	DNAH5
ENSG00000243772	2.09256666666666	-8.4878238095238	4.7682486409065	5.87841615987142e-06	0.000105789698788122	3.70695637076182	KIR2DL3
ENSG00000101115	1.66032380952381	-0.138028571428571	4.76572446548927	5.9394478854988e-06	0.000106789073185755	3.69727801136363	SALL4
ENSG00000148516	1.77045714285714	0.5863	4.76508156962177	5.95509036199338e-06	0.000106899789203678	3.69481350068371	ZEB1
ENSG00000120093	1.79834761904762	0.778209523809524	4.76501894945756	5.95661612516117e-06	0.000106899789203678	3.69457346061765	HOXB3
ENSG00000154736	1.53735	-2.83000833333333	4.76456708706449	5.96763716690684e-06	0.000106998687448751	3.69284140929393	ADAMTS5
ENSG00000170525	2.04737142857143	2.30400238095238	4.76305255001002	6.0047216103542e-06	0.000107564284344887	3.68703674371491	PFKFB3
ENSG00000149256	1.64903809523809	-3.32920476190476	4.76178456609711	6.03594091892859e-06	0.000108023871671664	3.68217793294087	TENM4
ENSG00000121005	1.72482380952381	-3.15507380952381	4.76101682441541	6.05492014035958e-06	0.000108208294643661	3.67923641142326	CRISPLD1
ENSG00000133107	1.53579285714286	-2.12484880952381	4.76091705027059	6.05739088874547e-06	0.000108208294643661	3.67885415954109	TRPC4
ENSG00000176049	1.62913571428571	-2.91469404761905	4.76067210232829	6.06346078533536e-06	0.000108217170523568	3.67791574363056	JAKMIP2
ENSG00000227507	1.99040714285714	-0.57174880952381	4.76027253765654	6.07337480629725e-06	0.00010826385888384	3.67638504443263	LTB
ENSG00000110080	2.11669047619048	1.99312380952381	4.7601174279481	6.07722763329828e-06	0.00010826385888384	3.67579085410619	ST3GAL4
ENSG00000127920	1.87372857142857	1.44447857142857	4.7592846952914	6.09795276130337e-06	0.000108533498367543	3.67260105466883	GNG11
ENSG00000048052	1.65894761904762	-1.41467380952381	4.75844169753045	6.11900321063679e-06	0.000108755290668641	3.66937229805348	HDAC9
ENSG00000125730	2.94902619047619	6.781875	4.75833727466835	6.12161565046989e-06	0.000108755290668641	3.66897237464006	C3
ENSG00000007372	2.00511666666667	1.49102738095238	4.75718934142583	6.15040594992898e-06	0.000109122926066499	3.66457633791539	PAX6
ENSG00000186907	1.67674523809524	-0.321296428571429	4.75706435820263	6.15354846239654e-06	0.000109122926066499	3.66409775274972	RTN4RL2
ENSG00000160179	1.73667857142857	0.188739285714286	4.75560421872817	6.19037704575289e-06	0.000109675859009516	3.65850718961971	ABCG1
ENSG00000184922	1.96122142857143	1.59901785714286	4.75535054254489	6.19679719669419e-06	0.000109689524125258	3.65753602950603	FMNL1
ENSG00000181625	2.05061428571429	1.12779523809524	4.75354145298115	6.24277011970953e-06	0.000110402650441275	3.65061117078734	SLX1B
ENSG00000161405	1.61201190476191	-3.36337261904762	4.75328733807426	6.2492541802684e-06	0.00011041675857366	3.64963860124641	IKZF3
ENSG00000163600	2.19669285714285	-6.36419166666667	4.75249165090268	6.2727761497759e-06	0.000110731606614862	3.6461727246211	ICOS
ENSG00000067057	2.00037857142857	2.07576785714286	4.75181328837459	6.28699547736004e-06	0.000110812142763208	3.64399765326498	PFKP
ENSG00000198873	1.76191666666667	0.657036904761905	4.7517449037247	6.28875174194333e-06	0.000110812142763208	3.64373598354885	GRK5
ENSG00000198732	2.13622857142857	1.08384523809524	4.75052495670578	6.32016269782923e-06	0.000111264659353081	3.63906833557305	SMOC1
ENSG00000089692	1.62882619047619	-2.55178214285714	4.74954159372552	6.34559287351499e-06	0.000111611161610429	3.63530644233596	LAG3
ENSG00000011028	1.94474523809524	1.46769880952381	4.74902481324132	6.35899679265748e-06	0.000111680804620634	3.63332967855672	AC080038.1
ENSG00000143702	1.77545952380952	0.795615476190476	4.74894554605683	6.36105520189626e-06	0.000111680804620634	3.63302648173794	CEP170
ENSG00000143387	2.00258333333333	1.77984166666667	4.74829453022311	6.37798524448228e-06	0.000111790132828199	3.63053647019617	CTSK
ENSG00000144642	1.65044523809524	-0.396084523809524	4.74826338333779	6.3787963319417e-06	0.000111790132828199	3.63041734477712	RBMS3
ENSG00000196369	1.67370952380952	-0.342597619047619	4.74673460437373	6.41873006208635e-06	0.000112388548553285	3.62457094123561	SRGAP2B
ENSG00000114805	1.52425238095238	-1.12332857142857	4.7462009635623	6.43272648437445e-06	0.000112532146732958	3.62253045978754	PLCH1
ENSG00000114270	1.67984047619048	-0.363675	4.74369178698401	6.49893544883888e-06	0.000113588054496448	3.61293809770933	COL7A1
ENSG00000133110	1.88824523809524	-0.286463095238095	4.74296148974056	6.51832947791964e-06	0.000113652347230069	3.61014684664859	POSTN
ENSG00000018869	1.6187619047619	-0.806166666666667	4.74291461846583	6.51957612320589e-06	0.000113652347230069	3.60996771052168	ZNF582
ENSG00000138606	1.64140714285714	-0.313810714285714	4.74289218892597	6.52017276827156e-06	0.000113652347230069	3.60988198803836	SHF
ENSG00000173421	1.73979047619047	-4.89743333333334	4.74142483066673	6.55932104557853e-06	0.000114232193778515	3.6042745204221	CCDC36
ENSG00000161544	1.99902619047619	2.11406309523809	4.74005345007607	6.59611474570841e-06	0.000114770032376493	3.59903483537434	CYGB
ENSG00000134369	1.72147619047619	0.562807142857143	4.73792747214714	6.65355008804269e-06	0.000115665743607532	3.59091395558259	NAV1
ENSG00000111913	1.66261666666667	-1.72419404761905	4.73766510111459	6.66067183168389e-06	0.000115685979988943	3.58991190432361	RIPOR2
ENSG00000182916	1.63938095238095	-1.39245238095238	4.7373712085442	6.66865796868262e-06	0.00011572118001419	3.58878950786633	TCEAL7
ENSG00000115641	1.93925952380952	1.45550357142857	4.73635040017337	6.69646928601365e-06	0.000116100036246262	3.58489131612956	FHL2
ENSG00000184574	1.78692142857143	-2.62517738095238	4.73606959377292	6.70413939733595e-06	0.000116129329899616	3.58381908688912	LPAR5
ENSG00000088882	2.00778571428571	-0.444566666666667	4.73701343784613	6.72184175953194e-06	0.000116332195442595	3.58204284606026	CPXM1
ENSG00000174482	1.8695119047619	-4.48247738095238	4.73514670677627	6.72940774397996e-06	0.000116359429717367	3.58029542917567	LINGO2
ENSG00000137558	1.68597857142857	-3.67885595238095	4.73340418166445	6.77736960298464e-06	0.000117084486610993	3.57364352952583	PI15
ENSG00000143344	1.72034285714286	0.523671428571428	4.73236562714521	6.80611263895614e-06	0.000117476529087334	3.56967970931454	RGL1
ENSG00000123329	1.94931904761905	1.21638095238095	4.731518352882	6.82964933717486e-06	0.000117665714689849	3.566446356957	ARHGAP9
ENSG00000099860	2.55422857142857	4.53081904761905	4.73126976273003	6.83656996606693e-06	0.000117665714689849	3.56549776245049	GADD45B
ENSG00000119403	1.81832857142857	1.04020952380952	4.73119339247753	6.83869744206135e-06	0.000117665714689849	3.56520634783997	PHF19
ENSG00000122035	1.87040238095238	1.01422976190476	4.73109957731207	6.84131176665152e-06	0.000117665714689849	3.56484837084191	RASL11A
ENSG00000105928	1.70236666666667	-0.00818809523809522	4.72989569549824	6.87494619507656e-06	0.000118041328224106	3.56025504111445	GSDME
ENSG00000152495	1.7450880952381	-3.94064880952381	4.72988275533606	6.87530859107346e-06	0.000118041328224106	3.56020567288381	CAMK4
ENSG00000221994	1.62023095238095	-0.369655952380952	4.72891251185499	6.90253360040299e-06	0.000118379340672648	3.55650432810492	ZNF630
ENSG00000163219	1.66148095238095	-0.372471428571429	4.7287469801437	6.90718884447986e-06	0.000118379340672648	3.55587289628227	ARHGAP25
ENSG00000138172	1.91464047619048	1.54403690476191	4.72819003499242	6.92287416548344e-06	0.000118543536636118	3.55374849603313	CALHM2
ENSG00000114948	1.65559761904762	-2.717375	4.72792184712883	6.93043949246067e-06	0.000118568523404935	3.55272558313114	ADAM23
ENSG00000157542	1.60707380952381	-3.988325	4.7266941869625	6.9651731027982e-06	0.000119057862068781	3.54804356069881	KCNJ6
ENSG00000182732	2.09519285714285	-4.69277738095238	4.72640928488629	6.97325780406711e-06	0.000119091222550022	3.54695711950581	RGS6
ENSG00000067840	1.72170238095238	-0.089322619047619	4.72554304536335	6.99789512763028e-06	0.000119346484928681	3.54365407395506	PDZD4
ENSG00000079263	1.66517142857143	-1.64925714285714	4.72540980255909	7.00169226219243e-06	0.000119346484928681	3.5431460423043	SP140
ENSG00000120708	2.1412380952381	2.6957119047619	4.72523618633164	7.00664295080321e-06	0.000119346484928681	3.5424840876453	TGFBI
ENSG00000183734	1.67061904761905	-2.04088095238095	4.72489081914032	7.01650123441638e-06	0.000119359130695666	3.54116733665742	ASCL2
ENSG00000258227	1.86992142857143	-1.03915595238095	4.72477959135552	7.01967902227061e-06	0.000119359130695666	3.54074328149694	CLEC5A
ENSG00000121068	1.80682619047619	0.875629761904762	4.72369750864026	7.05066714627992e-06	0.000119781150171884	3.53661818406459	TBX2
ENSG00000113319	1.55157380952381	-1.1577369047619	4.72234204746159	7.08967133709965e-06	0.000120328122320167	3.53145177636962	RASGRF2
ENSG00000196338	1.47192380952381	-2.80717142857143	4.72197530690975	7.10026042418753e-06	0.000120328122320167	3.53005409067036	NLGN3
ENSG00000243244	1.64308333333333	-0.404005952380952	4.72193401204983	7.1014537119637e-06	0.000120328122320167	3.5298967161216	STON1
ENSG00000159239	1.62223571428571	-0.465882142857143	4.72143463974237	7.11589935896723e-06	0.000120467771362185	3.52799368041033	AC005041.1
ENSG00000168243	1.78939285714286	-0.0776369047619047	4.72094319410683	7.13014352345537e-06	0.000120603769110154	3.52612097869695	GNG4
ENSG00000146242	1.83009285714286	1.36426071428571	4.7201792665553	7.15234026953962e-06	0.00012078613312065	3.52321020733398	TPBG
ENSG00000276409	2.18807142857143	2.68980714285714	4.72014403438798	7.15336559319949e-06	0.00012078613312065	3.5230759705339	CCL14
ENSG00000180914	1.67260238095238	-4.18038928571429	4.7198225565965	7.16272779941686e-06	0.000120837607553586	3.52185114951064	OXTR
ENSG00000137727	1.45708809523809	-3.93529642857143	4.71945151095089	7.17354831144341e-06	0.000120837607553586	3.52043754324191	ARHGAP20
ENSG00000135744	2.08770238095238	1.08682738095238	4.7193989292962	7.17508299048742e-06	0.000120837607553586	3.52023722393437	AGT
ENSG00000131435	1.88648571428571	0.984280952380952	4.71906108318239	7.18495116228935e-06	0.000120898944254189	3.51895017247662	PDLIM4
ENSG00000138166	1.87477857142857	0.964889285714286	4.71849598543467	7.20148656623132e-06	0.000121072265058944	3.51679752071525	DUSP5
ENSG00000105737	1.71574285714286	0.247330952380952	4.7177504914555	7.22335702621747e-06	0.000121334902019975	3.51395793186085	GRIK5
ENSG00000125354	1.79417619047619	0.774580952380952	4.71688287941676	7.24889114262609e-06	0.000121512290916851	3.51065355917475	SEPT6
ENSG00000276600	1.69000476190476	-1.45084285714286	4.71678655320276	7.25173144762718e-06	0.000121512290916851	3.51028671693722	RAB7B
ENSG00000089327	2.16192380952381	3.17055238095238	4.71662676072401	7.25644551876299e-06	0.000121512290916851	3.50967818472378	FXYD5
ENSG00000027869	1.75198333333333	-1.18080357142857	4.71634479147152	7.26477120084192e-06	0.000121512290916851	3.50860440332279	SH2D2A
ENSG00000154783	1.6711119047619	0.19355119047619	4.71633007517837	7.26520598179341e-06	0.000121512290916851	3.50854836259768	FGD5
ENSG00000155926	1.92661666666667	0.103339285714286	4.7157082121755	7.28360149635595e-06	0.000121715123800551	3.50618036567926	SLA
ENSG00000146072	1.96604285714286	1.96339523809524	4.71397505708291	7.33510911947535e-06	0.000122417190518439	3.49958173397015	TNFRSF21
ENSG00000171798	1.64281428571429	-2.43760476190476	4.71376431949785	7.34139605797024e-06	0.000122417190518439	3.49877950064332	KNDC1
ENSG00000204257	2.15562857142857	3.0759619047619	4.71365943299842	7.34452708589875e-06	0.000122417190518439	3.49838022859212	HLA-DMA
ENSG00000158859	2.1678119047619	0.151208333333333	4.73369583610801	7.36638998763149e-06	0.000122575897244726	3.50467334350047	ADAMTS4
ENSG00000170921	1.67125238095238	0.222028571428571	4.71291877390794	7.36667381216374e-06	0.000122575897244726	3.49556092046952	TANC2
ENSG00000107742	1.62707857142857	-0.80994880952381	4.71231138219582	7.38488396842169e-06	0.000122737162028446	3.49324910606046	SPOCK2
ENSG00000188368	1.81680952380952	-3.14944285714286	4.71217405423199	7.38900723098428e-06	0.000122737162028446	3.49272644404508	PRR19
ENSG00000135502	1.74068095238095	-0.72802380952381	4.71187287746841	7.39805785923234e-06	0.000122782467957755	3.4915802177217	SLC26A10
ENSG00000213626	1.95925238095238	1.82234761904762	4.71036192216179	7.44362586516643e-06	0.000123433242570283	3.48583049867869	LBH
ENSG00000127955	1.75917380952381	0.611596428571428	4.71005724540589	7.45284734201978e-06	0.000123480707924352	3.48467124015863	GNAI1
ENSG00000096996	1.66373333333333	-3.02230952380952	4.70878775408183	7.49138966712285e-06	0.000124003668157191	3.47984149910579	IL12RB1
ENSG00000167895	1.71115714285714	-0.297721428571429	4.7085974715829	7.49718335650128e-06	0.000124003668157191	3.47911764759426	TMC8
ENSG00000180113	1.54422380952381	-1.84148571428571	4.70710633537563	7.54273586620556e-06	0.000124650931957429	3.47344588732491	TDRD6
ENSG00000205057	2.7356119047619	-8.43325833333332	4.75920275248689	7.67669776816025e-06	0.000126756902433789	3.48146351234978	CLLU1OS
ENSG00000105131	1.72205714285714	-3.8148880952381	4.70230008228535	7.69139501553748e-06	0.000126891680893549	3.45517248448867	EPHX3
ENSG00000204314	1.76149047619048	0.667785714285714	4.69978760843334	7.77023320896539e-06	0.000128083521605849	3.44562484838723	PRRT1
ENSG00000125787	3.24023095238095	-5.76629166666667	4.76691226223483	7.78448414804644e-06	0.000128209595578258	3.47319031580922	GNRH2
ENSG00000197093	1.71917380952381	-1.17579642857143	4.69827280388026	7.81814374280187e-06	0.000128654843387904	3.43987004432776	GAL3ST4
ENSG00000157303	1.64005238095238	-1.63683333333333	4.69738155948644	7.84646586320337e-06	0.000129002658643647	3.43648473162735	SUSD3
ENSG00000166192	1.50002142857143	-1.27380595238095	4.69718998197722	7.85256682031057e-06	0.000129002658643647	3.43575709574826	SENP8
ENSG00000134716	1.59885714285714	-0.792897619047619	4.69626524262057	7.88208069586537e-06	0.00012937805828598	3.43224508757851	CYP2J2
ENSG00000127951	1.69447142857143	-0.536564285714286	4.6959111594095	7.8934100184192e-06	0.000129454590994649	3.43090045622822	FGL2
ENSG00000131378	1.75130952380952	0.555778571428571	4.6957021878588	7.90010372197229e-06	0.000129455032973213	3.43010691735571	RFTN1
ENSG00000134470	2.08583095238095	2.55445595238095	4.694380807598	7.94255727766394e-06	0.000130040958868194	3.42508969870413	IL15RA
ENSG00000143469	1.59978809523809	-4.43460119047619	4.69368775177389	7.96491222626864e-06	0.000130297106663593	3.42245856397102	SYT14
ENSG00000187260	1.72098095238095	0.321657142857143	4.69294906374967	7.98880620858721e-06	0.000130512294135141	3.41965446702505	WDR86
ENSG00000178623	1.65619761904762	-0.792613095238096	4.69286564759114	7.99150879218678e-06	0.000130512294135141	3.41933783305118	GPR35
ENSG00000187642	1.73979285714286	-2.10853928571429	4.69223120310885	8.01209305414168e-06	0.000130738506659935	3.41692970581203	PERM1
ENSG00000188060	1.66675238095238	-2.79820476190476	4.69129814958221	8.04245893932478e-06	0.000131123818374314	3.41338854733713	RAB42
ENSG00000126603	1.95343571428571	1.98306547619048	4.68961100190378	8.09764997858593e-06	0.000131912892016931	3.40698658224101	GLIS2
ENSG00000167601	1.75068333333333	0.386153571428571	4.68899632661368	8.11784871201939e-06	0.000132131086580044	3.40465453750993	AXL
ENSG00000185271	2.23212619047619	-5.38449404761905	4.68977828780251	8.15660555906393e-06	0.000132650725917842	3.40106334481709	KLHL33
ENSG00000070190	1.77700476190476	-3.14832857142857	4.68749742390959	8.16730881776666e-06	0.000132713642362672	3.39896861284665	DAPP1
ENSG00000099866	1.83191428571429	-0.2137	4.68578649036109	8.22412239575972e-06	0.000133413622143285	3.3924798131348	MADCAM1
ENSG00000184497	1.86530714285714	1.29776785714286	4.68578634039244	8.22412739239428e-06	0.000133413622143285	3.39247924443866	TMEM255B
ENSG00000152076	1.62885714285714	-0.949828571428571	4.68468340305749	8.2609545905522e-06	0.000133899178830837	3.38829711499891	CCDC74B
ENSG00000132535	1.9248880952381	1.73613928571429	4.68359801056362	8.29735196348716e-06	0.000134376964492905	3.38418213593267	DLG4
ENSG00000067798	1.55221428571429	-2.27331428571429	4.68273907428948	8.32626549966978e-06	0.000134732852893823	3.38092614446128	NAV3
ENSG00000167807	1.57218333333333	-1.12557261904762	4.68197353404448	8.3521174091126e-06	0.000135038647668733	3.37802451838396	AC011511.1
ENSG00000136630	1.78623095238095	0.667027380952381	4.68117083414732	8.37930771673651e-06	0.000135342566291431	3.37498237690503	HLX
ENSG00000006283	1.68988333333333	-4.91005833333333	4.68100739065878	8.38485463222741e-06	0.000135342566291431	3.37436298613879	CACNA1G
ENSG00000188993	1.50222142857143	-3.17196309523809	4.6806930804379	8.39553163821967e-06	0.00013540235328152	3.37317190535909	LRRC66
ENSG00000169442	2.05797619047619	1.0313619047619	4.68043867718954	8.40418327226971e-06	0.000135429403137704	3.37220788050064	CD52
ENSG00000169291	1.64457142857143	-0.100066666666667	4.679656178509	8.43084833368111e-06	0.000135746445226716	3.36924292654983	SHE
ENSG00000095303	1.66764285714286	-0.769254761904762	4.67856415838862	8.46819798155546e-06	0.000136234853691669	3.36510570780646	PTGS1
ENSG00000173198	1.56207380952381	-2.39936547619048	4.67834738098814	8.47563132663906e-06	0.000136241563825064	3.36428450128377	CYSLTR1
ENSG00000254827	2.18111666666666	-4.41743214285714	4.67795276572295	8.48917900571422e-06	0.000136346466445789	3.36278966430932	SLC22A18AS
ENSG00000102053	1.41430238095238	-2.40543928571429	4.67741589330046	8.5076442653534e-06	0.000136530112681514	3.36075607638836	ZC3H12B
ENSG00000130035	1.64167619047619	-2.32007857142857	4.67713233619401	8.51741266566362e-06	0.000136574004245959	3.35968206806771	GALNT8
ENSG00000170464	1.65649285714286	-0.0252869047619048	4.67498858206204	8.59161641762848e-06	0.00013694624233651	3.35156369809109	DNAJC18
ENSG00000197993	1.82067380952381	-2.64581547619048	4.674818245672	8.59753921859341e-06	0.00013694624233651	3.35091874007088	KEL
ENSG00000137261	1.57997142857143	-1.1559380952381	4.67477606846736	8.59900638166096e-06	0.00013694624233651	3.35075904357587	KIAA0319
ENSG00000186493	2.07942857142857	-0.903278571428571	4.68982519614335	8.59956200600845e-06	0.00013694624233651	3.35737815570812	C5orf38
ENSG00000158815	1.68926904761905	-0.365815476190476	4.6747443632345	8.60010942971207e-06	0.00013694624233651	3.35063899795899	FGF17
ENSG00000128645	1.92824523809524	-3.99294880952381	4.67455797881864	8.60659665132482e-06	0.00013694624233651	3.34993330079598	HOXD1
ENSG00000185614	1.58405238095238	-1.2006380952381	4.67434103949149	8.61415332628653e-06	0.00013694624233651	3.34911193827308	INKA1
ENSG00000115607	1.66224523809524	-2.11344880952381	4.67428765104294	8.61601399837061e-06	0.00013694624233651	3.34890980596722	IL18RAP
ENSG00000136295	1.88845476190476	1.70980357142857	4.6742768718942	8.61638971604298e-06	0.00013694624233651	3.3488689955574	TTYH3
ENSG00000188158	1.49622142857143	-2.46832261904762	4.67407110664983	8.62356490770434e-06	0.00013694624233651	3.34808996952347	NHS
ENSG00000169213	1.61908333333333	-2.06053214285714	4.67405126638205	8.62425705898968e-06	0.00013694624233651	3.34801485556218	RAB3B
ENSG00000180988	2.19223571428571	-8.5158107142857	4.68590486083169	8.62525771848552e-06	0.00013694624233651	3.35318068974696	OR52N2
ENSG00000204086	2.4692119047619	-5.83401547619048	4.70741702160051	8.6450374710832e-06	0.000137055442172767	3.36074659593903	RPA4
ENSG00000171056	1.63224047619048	-0.389832142857143	4.67318757937036	8.65444003643106e-06	0.000137055442172767	3.34474519375447	SOX7
ENSG00000115380	2.12025714285714	3.20316666666667	4.67306397738025	8.65876787653357e-06	0.000137055442172767	3.34427730556892	EFEMP1
ENSG00000110324	1.81841904761905	0.267988095238095	4.67301829089452	8.66036808867986e-06	0.000137055442172767	3.34410436405639	IL10RA
ENSG00000182575	1.72585	-2.6276130952381	4.67234551165794	8.68396601974858e-06	0.000137316980595666	3.34155775448532	NXPH3
ENSG00000131409	1.5135119047619	-1.93474166666667	4.67189657723592	8.69974717197768e-06	0.0001374545895732	3.33985857683082	LRRC4B
ENSG00000140093	1.66990476190476	-3.19453571428571	4.67029360704093	8.75632258790056e-06	0.00013812037820828	3.33379234105795	SERPINA10
ENSG00000160219	1.58730476190476	-0.456183333333333	4.66994819693157	8.76856013139541e-06	0.00013812037820828	3.33248535802806	GAB3
ENSG00000112210	1.59565714285714	-0.731619047619048	4.66991928183033	8.76958531656336e-06	0.00013812037820828	3.33237595022529	RAB23
ENSG00000049323	1.75090238095238	0.339308333333333	4.66989805023493	8.77033815690644e-06	0.00013812037820828	3.33229561524504	LTBP1
ENSG00000080986	1.76191904761905	-3.34459285714286	4.66953801248394	8.78311409065799e-06	0.000138209488988976	3.33093335975983	NDC80
ENSG00000204388	2.76986904761905	5.13346547619047	4.66875085070663	8.81110935275259e-06	0.000138537750130971	3.32795525613842	HSPA1B
ENSG00000116584	1.96130238095238	2.38962976190476	4.66841018023633	8.8232520213558e-06	0.000138616430219002	3.32666648394261	ARHGEF2
ENSG00000125895	1.73042857142857	-0.534871428571429	4.66762943632809	8.85114160951154e-06	0.000138942172816083	3.32371312441597	TMEM74B
ENSG00000140937	1.74787142857143	-0.272857142857143	4.66739155054014	8.85965628456155e-06	0.000138963494130546	3.32281332571059	CDH11
ENSG00000183853	1.73305952380952	0.378536904761905	4.66715624420638	8.86808643986434e-06	0.000138983456407817	3.32192331311582	KIRREL1
ENSG00000277117	1.96184761904762	-2.15585714285714	4.66677258557003	8.88184817753851e-06	0.000139086877347938	3.32047224177537	FP565260.3
ENSG00000135750	1.77573333333333	0.679883333333334	4.66633668137728	8.89750905901729e-06	0.000139219847629329	3.31882366186705	KCNK1
ENSG00000175745	1.90497857142857	1.66689880952381	4.66580322434833	8.91671116175978e-06	0.000139277572531474	3.31680627576244	NR2F1
ENSG00000164776	1.55780476190476	-1.01783095238095	4.66580086972288	8.91679600683455e-06	0.000139277572531474	3.31679737155682	PHKG1
ENSG00000189325	2.30790952380952	-1.9074619047619	4.69856377931393	8.92271604846813e-06	0.000139277572531474	3.33074663956933	C6orf222
ENSG00000129467	1.97878095238095	2.32880238095238	4.66407781297761	8.97909369779126e-06	0.000139969481411883	3.31028227853297	ADCY4
ENSG00000165899	1.63540476190476	-3.37177142857143	4.6640126166394	8.98145915332198e-06	0.000139969481411883	3.31003579380258	OTOGL
ENSG00000091831	1.45644047619048	-1.87503928571429	4.66317319567837	9.01196902826447e-06	0.000140332329262903	3.30686243494832	ESR1
ENSG00000166289	1.73167857142857	0.693553571428571	4.66279440095215	9.02576968303896e-06	0.00014043461194331	3.30543055587524	PLEKHF1
ENSG00000213413	1.75705238095238	0.248023809523809	4.66172418456643	9.06487168171305e-06	0.000140930086721781	3.30138544862873	PVRIG
ENSG00000166924	1.60735476190476	-1.43952261904762	4.6612744927713	9.08135078239797e-06	0.000140952839403744	3.2996859247523	NYAP1
ENSG00000267508	1.55838571428571	-1.06148095238095	4.66097717782985	9.0922619169984e-06	0.000140952839403744	3.29856233864581	ZNF285
ENSG00000163531	1.7935119047619	0.743160714285714	4.66076783013865	9.09995236763504e-06	0.000140952839403744	3.29777121855237	NFASC
ENSG00000099994	1.86584047619048	0.400096428571429	4.66071294914364	9.10196947982719e-06	0.000140952839403744	3.2975638283708	SUSD2
ENSG00000178473	1.86991904761905	-0.0535928571428572	4.66069499269262	9.10262955053536e-06	0.000140952839403744	3.29749597295622	UCN3
ENSG00000187068	1.37561190476191	-3.39027023809524	4.65972596338768	9.13831947005561e-06	0.000141392739019554	3.2938343726553	C3orf70
ENSG00000170624	1.58656428571429	-2.91516547619048	4.65892358254222	9.16797418883835e-06	0.000141738632801643	3.2908028504217	SGCD
ENSG00000166886	1.81104047619048	1.27068214285714	4.65863854577831	9.17853111710933e-06	0.000141783565584757	3.2897260182141	NAB2
ENSG00000075213	1.99474285714286	-4.58517619047619	4.65845099544359	9.18548385547555e-06	0.000141783565584757	3.28901750062384	SEMA3A
ENSG00000183476	2.02907619047618	-4.96240952380952	4.65571378422202	9.2875383215634e-06	0.00014323032308967	3.2786791282916	SH2D7
ENSG00000164106	1.69122142857143	-3.55163928571429	4.6554576940122	9.29714240751596e-06	0.00014323032308967	3.27771208532976	SCRG1
ENSG00000204540	1.82528095238095	-1.50149285714286	4.6553458231442	9.30134089072377e-06	0.00014323032308967	3.27728965158665	PSORS1C1
ENSG00000069399	2.32479523809524	4.16055952380953	4.65448033137165	9.33388468627928e-06	0.000143617569602354	3.27402170622344	BCL3
ENSG00000128045	1.71402380952381	-1.50494523809524	4.65386424523537	9.3571176250536e-06	0.000143861053082574	3.27169571447178	RASL11B
ENSG00000078053	1.6161	-0.896735714285714	4.65341049514523	9.37426459456102e-06	0.000144010656564229	3.26998274005312	AMPH
ENSG00000132840	1.67533095238095	-0.231286904761905	4.65229424623531	9.41657667030409e-06	0.000144505912559047	3.26576919760352	BHMT2
ENSG00000134901	1.59459047619048	-0.56125	4.6520574980699	9.4255744979405e-06	0.000144505912559047	3.26487562114086	POGLUT2
ENSG00000128271	1.68395952380952	-0.395596428571429	4.65170796412275	9.43887407649808e-06	0.000144505912559047	3.26355640307194	ADORA2A
ENSG00000164690	2.21331666666667	-4.79949880952381	4.65166683902766	9.44044005883261e-06	0.000144505912559047	3.26340119216472	SHH
ENSG00000106571	1.48779523809524	-1.76020952380952	4.65158092953656	9.44371217619894e-06	0.000144505912559047	3.26307696261263	GLI3
ENSG00000164120	1.66199285714286	-1.61332023809524	4.65087684925657	9.47057058474538e-06	0.00014477813547619	3.26041985253096	HPGD
ENSG00000197558	1.62794761904762	-1.19045714285714	4.65072391888815	9.47641416161488e-06	0.00014477813547619	3.25984274735282	SSPO
ENSG00000164764	1.55269523809524	-1.33255238095238	4.64961514615728	9.51888571903524e-06	0.000145312675229738	3.25565900151051	SBSPON
ENSG00000144596	1.67171904761905	-2.90989523809524	4.64896062415634	9.54404367358617e-06	0.000145509001556546	3.25318959143523	GRIP2
ENSG00000106948	1.89867619047619	1.66386666666667	4.64889074736437	9.54673333932639e-06	0.000145509001556546	3.25292597054596	AKNA
ENSG00000136895	1.69601666666667	0.600570238095238	4.6484165682976	9.56500462886166e-06	0.000145624104295197	3.25113712585531	GARNL3
ENSG00000182752	1.59338571428572	-2.61609761904762	4.64830563577101	9.56928401898609e-06	0.000145624104295197	3.25071864913346	PAPPA
ENSG00000173040	1.51360238095238	-0.824896428571429	4.64764368907702	9.59485818750974e-06	0.000145820055410889	3.24822168775519	EVC2
ENSG00000138131	1.85480714285714	1.03365357142857	4.64728534764862	9.60873023643355e-06	0.000145820055410889	3.24687006754315	LOXL4
ENSG00000142279	1.76762142857143	0.829434523809524	4.64720893143681	9.61169095892779e-06	0.000145820055410889	3.24658184371238	WTIP
ENSG00000158517	1.81115714285714	-0.659516666666667	4.6471514264077	9.61391955611452e-06	0.000145820055410889	3.24636495042088	NCF1
ENSG00000138185	1.62465	0.0134607142857143	4.64700212471545	9.61970805342205e-06	0.000145820055410889	3.24580183333267	ENTPD1
ENSG00000153237	1.46403095238095	-2.61258214285714	4.64665011484758	9.63336900709081e-06	0.000145913228845312	3.2444742141955	CCDC148
ENSG00000115896	1.41357857142857	-2.721925	4.64519560849316	9.69001561382609e-06	0.000146656838027494	3.23898918299789	PLCL1
ENSG00000205978	1.67940238095238	0.378532142857143	4.64485518617652	9.70332007577234e-06	0.000146680105220377	3.23770559203142	NYNRIN
ENSG00000127863	1.67632857142857	-0.256052380952381	4.64460818447299	9.71298452567492e-06	0.000146680105220377	3.23677428984571	TNFRSF19
ENSG00000122223	2.14824047619048	-4.52816547619048	4.64456972267445	9.7144902612821e-06	0.000146680105220377	3.23662927531012	CD244
ENSG00000124243	1.61848571428571	-0.830285714285714	4.64432269827943	9.72416637499108e-06	0.000146680105220377	3.2356979249988	BCAS4
ENSG00000167780	2.24221666666666	-5.35834166666667	4.6494939654155	9.73540691473511e-06	0.000146680105220377	3.23706876860601	SOAT2
ENSG00000171777	1.72188333333333	-1.78971785714286	4.64399859525827	9.7368758692484e-06	0.000146680105220377	3.23447601607195	RASGRP4
ENSG00000137747	1.65322857142857	-0.282878571428571	4.64316710752618	9.76955575669722e-06	0.00014705832068492	3.23134145838346	TMPRSS13
ENSG00000166292	1.68048571428571	-0.363547619047619	4.64202824726309	9.81448871218131e-06	0.000147620249274312	3.22704875787168	TMEM100
ENSG00000186810	2.13021666666666	-4.08262976190476	4.64151411112448	9.83483911335637e-06	0.000147811846674268	3.225111052689	CXCR3
ENSG00000188389	1.77554047619048	-3.25288452380952	4.63866475857551	9.94836436201879e-06	0.000149067049932991	3.21437479871289	PDCD1
ENSG00000175414	1.57725476190476	-0.731767857142857	4.63853288732463	9.95364904807062e-06	0.000149067049932991	3.21387801724134	ARL10
ENSG00000130635	1.92079285714286	1.24606071428571	4.63845855910216	9.95662891884253e-06	0.000149067049932991	3.21359801423665	COL5A1
ENSG00000100311	1.76347619047619	1.11568571428571	4.63818890563078	9.96744677026361e-06	0.000149067049932991	3.21258222310172	PDGFB
ENSG00000244509	1.73965	0.626258333333333	4.63816602914607	9.96836504362578e-06	0.000149067049932991	3.21249604861069	APOBEC3C
ENSG00000132274	1.95911190476191	2.29041785714286	4.63807799002997	9.97189974147387e-06	0.000149067049932991	3.21216441257795	TRIM22
ENSG00000164061	1.5309619047619	-2.09822380952381	4.63807318253343	9.97209279343681e-06	0.000149067049932991	3.21214630325677	BSN
ENSG00000048740	1.68243571428571	-0.518151190476191	4.637735486912	9.98566250847484e-06	0.000149155072761203	3.21087427100503	CELF2
ENSG00000110492	2.20432619047619	3.30470119047619	4.63731578695347	1.00025523496334e-05	0.000149292514623505	3.20929342924075	MDK
ENSG00000105479	1.57016666666667	-2.11973095238095	4.63618934728502	1.00480201505186e-05	0.000149579479581986	3.20505104499654	CCDC114
ENSG00000134363	1.73824047619048	-1.12483214285714	4.63616903830783	1.00488417394199e-05	0.000149579479581986	3.20497456375215	FST
ENSG00000101331	1.63347142857143	-0.207228571428571	4.63609463582006	1.00518522083515e-05	0.000149579479581986	3.20469437451695	CCM2L
ENSG00000162894	1.71081190476191	-0.746377380952381	4.63607636897025	1.00525914540371e-05	0.000149579479581986	3.20462558459703	FCMR
ENSG00000258472	1.60677619047619	-0.347407142857143	4.63581248375971	1.00632765656657e-05	0.000149623816502371	3.20363185656452	AC005726.1
ENSG00000159433	1.53909285714286	-0.990934523809524	4.63426383419615	1.01262057433649e-05	0.000150444271709763	3.19780076274937	STARD9
ENSG00000126262	2.12903095238095	-4.05877976190476	4.63351859587754	1.01566240499839e-05	0.00015077696237183	3.19499518932234	FFAR2
ENSG00000103313	1.95326428571429	-3.5659130952381	4.63333507611123	1.01641283213887e-05	0.00015077696237183	3.19430434404756	MEFV
ENSG00000172889	2.12423095238095	3.22173690476191	4.63169178890698	1.02315633673266e-05	0.0001516614484479	3.1881191218501	EGFL7
ENSG00000186517	1.74915238095238	-0.450964285714286	4.63039788581489	1.02849655005808e-05	0.000152336735385413	3.18324996992952	ARHGAP30
ENSG00000135077	1.66759047619048	-0.837942857142857	4.62941550927801	1.03256904057933e-05	0.000152823366082084	3.17955373497449	HAVCR2
ENSG00000005513	1.60677142857143	-0.677109523809524	4.62919710689633	1.03347655764854e-05	0.000152841186568312	3.17873205627802	SOX8
ENSG00000151967	2.26465952380952	-2.20578928571429	4.65401480128847	1.03807265066053e-05	0.000153359247960141	3.18621970994745	SCHIP1
ENSG00000100628	1.52700952380952	-2.60260238095238	4.6279773614914	1.03855912590167e-05	0.000153359247960141	3.17414356825605	ASB2
ENSG00000138119	1.82069047619048	1.40372857142857	4.62748537297656	1.04061603965744e-05	0.000153517429251253	3.17229301026678	MYOF
ENSG00000101665	1.8471119047619	1.71031309523809	4.62734311545029	1.04121152705686e-05	0.000153517429251253	3.17175794906169	SMAD7
ENSG00000069869	1.53292857142857	-0.597330952380953	4.62580147568305	1.04768600106206e-05	0.00015435483132491	3.16596020195665	NEDD4
ENSG00000152760	2.17675714285714	-3.00809047619048	4.63076256036998	1.05094167964064e-05	0.000154717100343154	3.1656496850298	TCTEX1D1
ENSG00000133048	2.47590952380952	1.96916428571429	4.65323055056076	1.05190103343898e-05	0.000154741017176652	3.17497346540918	CHI3L1
ENSG00000108932	1.58630476190476	-3.71576904761905	4.623736614798	1.05641895952813e-05	0.000155287989069774	3.15819672876551	SLC16A6
ENSG00000154548	1.56914047619048	-1.53824880952381	4.62270395918302	1.06081278606603e-05	0.00015571441979481	3.15431499910309	SRSF12
ENSG00000133985	1.57715	-1.15136785714286	4.62267792925189	1.06092376860919e-05	0.00015571441979481	3.15421716052205	TTC9
ENSG00000261408	1.65375	0.271646428571429	4.62244131004185	1.06193314602465e-05	0.000155744847654884	3.15332779758822	TEN1-CDK3
ENSG00000224383	1.50663571428571	-1.9096369047619	4.62193687166168	1.06408809932456e-05	0.000155943114812712	3.151431902559	PRR29
ENSG00000152953	1.51538333333333	-1.46337023809524	4.62072126612633	1.06929855654196e-05	0.000156530147220509	3.14686369569713	STK32B
ENSG00000105784	1.4924619047619	-2.72305	4.62062645784866	1.06970597055111e-05	0.000156530147220509	3.14650744238913	RUNDC3B
ENSG00000112214	1.6687880952381	-0.485225	4.61966747059781	1.0738354266497e-05	0.000156920698532197	3.14290420438923	FHL5
ENSG00000176769	1.93731190476191	-3.46598928571428	4.61963136855384	1.07399118523684e-05	0.000156920698532197	3.14276856645082	TCERG1L
ENSG00000253537	1.46697619047619	-1.93252619047619	4.61937002832917	1.07511936339539e-05	0.000156948421973668	3.14178671346809	PCDHGA7
ENSG00000205045	1.87762142857143	-3.39534404761905	4.61921307766646	1.07579745415054e-05	0.000156948421973668	3.14119706871442	SLFN12L
ENSG00000169436	1.71178571428571	-3.3710119047619	4.61847291241051	1.07900085359399e-05	0.000157297586900061	3.13841653433678	COL22A1
ENSG00000110318	1.64515714285714	-0.672295238095238	4.61803955346303	1.08088069414193e-05	0.000157453423247171	3.13678869669926	CEP126
ENSG00000203747	1.99743095238095	0.731191666666667	4.61739588289518	1.08367868531524e-05	0.000157742673998885	3.1343710452657	FCGR3A
ENSG00000148541	1.63644047619048	-0.316191666666667	4.6156983351813	1.09109147841717e-05	0.000158702729047975	3.12799605318695	FAM13C
ENSG00000179855	1.47389047619048	-2.07562142857143	4.6147669040073	1.09517965096225e-05	0.00015906628464939	3.12449879963931	GIPC3
ENSG00000204482	1.89015952380952	0.636525	4.61475561628218	1.09522928507691e-05	0.00015906628464939	3.12445642035596	LST1
ENSG00000101276	1.55638095238095	-1.22326904761905	4.61456784293658	1.09605527700754e-05	0.000159067274805174	3.1237514433242	SLC52A3
ENSG00000159588	1.54339047619048	-0.820035714285714	4.61351934173354	1.10067860139056e-05	0.000159618947586273	3.11981529282039	CCDC17
ENSG00000184949	1.49062619047619	-2.02170119047619	4.6120111304684	1.10736212113039e-05	0.000160468340806791	3.1141543888604	FAM227A
ENSG00000176597	1.67973571428571	0.429679761904762	4.61166424218015	1.10890487689771e-05	0.000160572072331095	3.11285255433193	B3GNT5
ENSG00000130962	1.50535714285714	-0.926959523809524	4.61051363724279	1.11403700273062e-05	0.000161195011319099	3.1085349187651	PRRG1
ENSG00000140274	3.7677	-4.74299523809524	4.67755108018828	1.1158554825241e-05	0.000161337913325786	3.13711854840106	DUOXA2
ENSG00000117707	1.7760380952381	1.39366666666667	4.60888927393993	1.12132142359282e-05	0.000162007584846172	3.10244071599413	PROX1
ENSG00000281406	2.02574761904762	-4.63716428571429	4.6086610469237	1.12234858921163e-05	0.00016203542680529	3.10158457886495	BLACAT1
ENSG00000183655	1.54931904761905	-0.739954761904762	4.6084216960275	1.12342679769429e-05	0.00016207059106707	3.10068674324035	KLHL25
ENSG00000167984	1.39241428571428	-2.17868333333333	4.60793693006878	1.1256136044114e-05	0.000162195080895925	3.09886841859113	NLRC3
ENSG00000196263	1.67219285714286	0.375448809523809	4.6077451361725	1.12647993457845e-05	0.000162195080895925	3.09814904730172	ZNF471
ENSG00000135835	1.61842619047619	-1.33535833333333	4.60767529380454	1.12679557178186e-05	0.000162195080895925	3.09788709081595	KIAA1614
ENSG00000169884	1.68792857142857	-3.39971428571429	4.60686884330371	1.13044635364485e-05	0.000162600054037598	3.09486254114874	WNT10B
ENSG00000127311	1.45947380952381	-1.54158214285714	4.60636604085987	1.13272831946407e-05	0.000162707739977718	3.09297698380788	HELB
ENSG00000152315	1.87908333333333	-4.69424880952381	4.60633466541901	1.13287086440352e-05	0.000162707739977718	3.09285932739144	KCNK13
ENSG00000198053	1.90026190476191	2.03475476190476	4.60586666739766	1.13499913559076e-05	0.000162892928417601	3.09110441964554	SIRPA
ENSG00000108379	1.54193809523809	-1.82857380952381	4.60567870955481	1.13585498279769e-05	0.00016289536230403	3.09039964486307	WNT3
ENSG00000164761	1.65109285714286	-1.34247738095238	4.60488942617712	1.13945572919078e-05	0.000163291153870306	3.08744032091783	TNFRSF11B
ENSG00000174327	1.55975476190476	-1.04170833333333	4.6033339029787	1.14658446550729e-05	0.000164191571911656	3.08160905037886	SLC16A13
ENSG00000122574	1.58305	-0.853496428571428	4.60146346330454	1.15521358652757e-05	0.000165248948576454	3.07459895546588	WIPF3
ENSG00000164283	1.92024047619048	-3.15994166666667	4.60130189259553	1.1559619219202e-05	0.000165248948576454	3.07399350360286	ESM1
ENSG00000131849	1.56794761904762	-0.237321428571428	4.60118116840285	1.15652137766712e-05	0.000165248948576454	3.07354112451963	ZNF132
ENSG00000179111	2.81603333333333	-5.38925476190476	4.65365484831797	1.16130610529778e-05	0.000165810602593178	3.09374029514601	HES7
ENSG00000136634	2.65528095238095	-4.42155238095238	4.6384278458944	1.1722347835265e-05	0.000167248016359424	3.07926813351346	IL10
ENSG00000123838	2.43495952380952	0.590115476190476	4.64150940881094	1.17554582309959e-05	0.00016750996733587	3.0783243207489	C4BPA
ENSG00000125266	1.65786904761905	0.300558333333333	4.59705605003887	1.17579609372124e-05	0.00016750996733587	3.05808813711037	EFNB2
ENSG00000117069	1.60244761904762	-2.72672380952381	4.5968069113313	1.17697010163106e-05	0.000167554292034252	3.05715513853585	ST6GALNAC5
ENSG00000119917	1.71849285714286	0.621815476190476	4.59589104109333	1.18129568400342e-05	0.000168046883457717	3.05372558644166	IFIT3
ENSG00000105137	1.73141666666667	0.942870238095238	4.59568698767636	1.18226150556451e-05	0.000168061156039909	3.05296155292228	SYDE1
ENSG00000114654	1.56580952380952	-1.00680238095238	4.5952715007965	1.18423044238864e-05	0.000168099991492149	3.05140592211584	EFCC1
ENSG00000100504	1.81318095238095	1.27358095238095	4.59526398564746	1.18426608487619e-05	0.000168099991492149	3.05137778538565	PYGL
ENSG00000213424	1.73085714285714	-1.95798095238095	4.5949056202797	1.18596692848291e-05	0.000168218450089709	3.05003610012231	KRT222
ENSG00000165030	2.04724285714286	2.60952619047619	4.59378528465467	1.19129943143458e-05	0.000168851477077347	3.04584211744025	NFIL3
ENSG00000166578	1.47097619047619	-2.08160952380952	4.59146268737958	1.20242839271603e-05	0.000170304555286359	3.03714961267126	IQCD
ENSG00000185565	1.67271428571428	-0.834947619047619	4.59112525416469	1.20405358466253e-05	0.00017040352694412	3.03588698360066	LSAMP
ENSG00000260729	1.58219047619048	-1.29007380952381	4.59095336306246	1.20488228702378e-05	0.00017040352694412	3.03524381410357	AC009690.1
ENSG00000169744	1.81780952380952	1.35720238095238	4.59029670899559	1.20805315924593e-05	0.000170727629157478	3.03278694061964	LDB2
ENSG00000156050	1.55201428571429	-1.08321666666667	4.58993630776997	1.20979690668973e-05	0.000170745679753243	3.03143859685701	FAM161B
ENSG00000144583	1.63635238095238	-3.16901428571429	4.58990685509852	1.20993951663644e-05	0.000170745679753243	3.03132841073988	MARCH4
ENSG00000162543	1.4736619047619	-2.17887857142857	4.58966019444369	1.21113448718725e-05	0.000170790192245475	3.03040564080564	UBXN10
ENSG00000163794	1.75535238095238	-0.679502380952381	4.58920006177965	1.21336669561106e-05	0.000170980801853234	3.0286843489055	UCN
ENSG00000276180	1.9327619047619	-3.56530714285714	4.58858567062005	1.21635345438973e-05	0.000171277384897315	3.0263861753521	HIST1H4I
ENSG00000109089	1.72244285714286	0.416785714285714	4.58836173180796	1.21744386307296e-05	0.000171306702414136	3.02554856696282	CDR2L
ENSG00000103522	1.6597	-4.4525380952381	4.58747563862658	1.22176773389e-05	0.000171652641994589	3.02223453782588	IL21R
ENSG00000116254	1.67396666666667	-2.7540119047619	4.58737670122976	1.22225144006791e-05	0.000171652641994589	3.02186453367954	CHD5
ENSG00000179776	1.77103095238095	1.24472738095238	4.58731476303072	1.22255435100688e-05	0.000171652641994589	3.02163290109586	CDH5
ENSG00000087076	1.74162619047619	0.199415476190476	4.58675364780195	1.22530181644666e-05	0.000171796506657773	3.01953457183226	HSD17B14
ENSG00000205403	2.13359523809524	3.42496904761905	4.58673643335664	1.22538620027728e-05	0.000171796506657773	3.01947019990437	CFI
ENSG00000165269	1.75508095238095	0.634361904761905	4.58647322500582	1.22667712697143e-05	0.000171796506657773	3.01848597495361	AQP7
ENSG00000057468	1.86674761904761	-5.09802142857143	4.58638035794856	1.22713291494402e-05	0.000171796506657773	3.01813872256209	MSH4
ENSG00000063015	1.90610714285714	-2.70572976190476	4.58620324500316	1.22800263282001e-05	0.000171796506657773	3.01747646730268	SEZ6
ENSG00000171533	1.70483571428571	0.146646428571428	4.58587807667444	1.22960093350851e-05	0.000171896262972414	3.01626065194242	MAP6
ENSG00000198835	1.51763571428571	-2.65322976190476	4.58468530394396	1.23548102300698e-05	0.000172465303057994	3.01180132247928	GJC2
ENSG00000116852	1.49902380952381	-1.84774047619048	4.58466333413821	1.23558958375349e-05	0.000172465303057994	3.01171919281805	KIF21B
ENSG00000005001	2.07784047619048	3.18856547619048	4.58451235346467	1.23633588349329e-05	0.000172465303057994	3.01115478924369	PRSS22
ENSG00000153162	1.46954761904762	-2.78010714285714	4.58371043685181	1.24030708517308e-05	0.000172895068053775	3.00815723013655	BMP6
ENSG00000128298	1.68433095238095	-0.257846428571429	4.58278723837754	1.24489417444648e-05	0.000173410007743197	3.00470674973589	BAIAP2L2
ENSG00000146147	1.91579523809524	-2.22802142857143	4.58201629743233	1.2487373151391e-05	0.000173820653658574	3.0018256884728	MLIP
ENSG00000169418	1.77081904761905	0.910407142857143	4.58173654734363	1.25013470565483e-05	0.00017384563209384	3.0007803217534	NPR1
ENSG00000134802	1.95281666666667	2.47714880952381	4.58160514627581	1.25079159431122e-05	0.00017384563209384	3.00028931842337	SLC43A3
ENSG00000147437	1.65687857142857	0.105958333333333	4.58132665510001	1.2521849069598e-05	0.00017384563209384	2.99924871769278	GNRH1
ENSG00000185924	1.60015952380952	-0.758460714285714	4.58105025928798	1.25356922097876e-05	0.00017384563209384	2.9982159878155	RTN4RL1
ENSG00000105464	1.78015238095238	-4.32575	4.58099166621522	1.25386287147751e-05	0.00017384563209384	2.99799706498771	GRIN2D
ENSG00000196542	1.92589523809524	-2.42615952380952	4.58090677333322	1.25428844661381e-05	0.00017384563209384	2.99767988078337	SPTSSB
ENSG00000074660	1.70595	0.921267857142857	4.580525513215	1.25620145930239e-05	0.000173986590133621	2.99625543137924	SCARF1
ENSG00000278195	1.67254285714286	-1.7396880952381	4.58026258316277	1.25752238271454e-05	0.00017404540005382	2.99527312793787	SSTR3
ENSG00000185215	2.26012142857143	3.91042976190476	4.57954194907693	1.2611496388522e-05	0.000174423103185413	2.99258103918995	TNFAIP2
ENSG00000196724	1.66845	0.451615476190476	4.5790050627534	1.26385859238222e-05	0.000174673353358562	2.99057556331147	ZNF418
ENSG00000186188	1.51844761904762	-2.24276904761905	4.57756246815731	1.27116536870678e-05	0.000175558244164639	2.98518769156449	FFAR4
ENSG00000119147	1.80222380952381	0.286209523809524	4.5766316063509	1.27590188105266e-05	0.000176087155126372	2.98171166085107	C2orf40
ENSG00000061918	1.74364523809524	1.09928452380952	4.576212264008	1.27804119833073e-05	0.000176163532277663	2.98014590269496	GUCY1B1
ENSG00000184564	1.78993571428571	-4.920575	4.57616750727493	1.2782697341602e-05	0.000176163532277663	2.97997879372684	SLITRK6
ENSG00000127377	2.70818571428571	-6.92769285714286	4.62807076569802	1.27998905630234e-05	0.000176169238294033	3.00241292651961	CRYGN
ENSG00000159899	1.83409761904762	1.63795833333333	4.57580433240312	1.28012563205727e-05	0.000176169238294033	2.97862284162569	NPR2
ENSG00000146374	1.69904523809524	-1.2237130952381	4.57558607916162	1.28124220444358e-05	0.00017619802497086	2.97780800417476	RSPO3
ENSG00000105855	1.70072380952381	0.683595238095238	4.57511211116895	1.28367024592754e-05	0.000176406998127537	2.9760385572921	ITGB8
ENSG00000139174	1.5902380952381	-0.678135714285714	4.5744168306715	1.28724008208016e-05	0.000176622473395947	2.97344311250199	PRICKLE1
ENSG00000154118	1.52820238095238	-3.36164880952381	4.57404446162468	1.28915591432067e-05	0.000176622473395947	2.97205318630629	JPH3
ENSG00000124126	1.74208095238095	0.704338095238095	4.57399980875917	1.28938583766371e-05	0.000176622473395947	2.97188651747784	PREX1
ENSG00000162654	1.59265238095238	-0.438826190476191	4.57372802467827	1.2907861445815e-05	0.000176622473395947	2.97087209442781	GBP4
ENSG00000185862	1.77245476190476	-0.44019880952381	4.57357689630907	1.29156543616654e-05	0.000176622473395947	2.97030803120604	EVI2B
ENSG00000099812	1.7865119047619	-2.25214166666667	4.57355346519896	1.29168629914323e-05	0.000176622473395947	2.97022057932403	MISP
ENSG00000135414	1.51218571428571	-0.946552380952381	4.5734541135782	1.29219889888139e-05	0.000176622473395947	2.96984977278153	GDF11
ENSG00000204519	1.53512619047619	-0.612334523809524	4.57339289408593	1.29251485578144e-05	0.000176622473395947	2.96962128809261	ZNF551
ENSG00000237988	2.19696904761905	-0.439908333333333	4.60563632516133	1.29660916084003e-05	0.000177057360655357	2.98174464275566	OR2I1P
ENSG00000137331	2.33722142857143	4.58505357142857	4.57196738964532	1.29989312194945e-05	0.000177381058622729	2.96430156332553	IER3
ENSG00000144668	1.51715476190476	-1.36773928571429	4.57129572295778	1.30338370569837e-05	0.000177732477508785	2.96179540574827	ITGA9
ENSG00000168542	2.24195476190476	3.587775	4.57099552278524	1.30494674579823e-05	0.000177756304942638	2.96067536223259	COL3A1
ENSG00000149212	1.6192880952381	0.0343964285714286	4.57091059162971	1.30538928235761e-05	0.000177756304942638	2.96035849388353	SESN3
ENSG00000140835	1.91858333333333	0.550932142857143	4.56985943244068	1.31087841266298e-05	0.000178378675662858	2.95643706331728	CHST4
ENSG00000173227	1.70849523809524	-3.14826190476191	4.56945285887261	1.31300751324142e-05	0.000178543276555475	2.95492046961952	SYT12
ENSG00000183578	1.64267380952381	-1.72869880952381	4.56864279133202	1.31725956343646e-05	0.00017899612458229	2.95189903647576	TNFAIP8L3
ENSG00000133878	1.71092857142857	-0.314128571428571	4.56765086742634	1.32248432109116e-05	0.000179580423405231	2.94819978972019	DUSP26
ENSG00000255837	1.47549285714286	-1.5831130952381	4.56735189223766	1.32406303963375e-05	0.000179669155161483	2.94708490649465	TAS2R20
ENSG00000109113	1.89718333333333	1.93030833333333	4.56711067410037	1.32533810443971e-05	0.000179695971978039	2.94618543552295	RAB34
ENSG00000115828	1.83724761904762	0.681071428571429	4.56696447477561	1.32611148338928e-05	0.000179695971978039	2.94564029265139	QPCT
ENSG00000105329	1.96844761904762	2.33878809523809	4.56654254852677	1.32834587704027e-05	0.000179702378934288	2.94406709390843	TGFB1
ENSG00000105717	1.55746428571429	-1.06914880952381	4.56645266412915	1.32882234787624e-05	0.000179702378934288	2.94373196244027	PBX4
ENSG00000129654	1.59899285714286	-2.50866785714286	4.5664313999576	1.32893509192315e-05	0.000179702378934288	2.94365268021035	FOXJ1
ENSG00000007062	1.93068095238095	2.36685	4.56570345008682	1.33280031523186e-05	0.000180099627843926	2.94093870911188	PROM1
ENSG00000261308	1.73980952380952	-4.81512380952381	4.56405558997566	1.34159023026472e-05	0.000181161328868431	2.93479615367875	FIGNL2
ENSG00000156140	1.47719047619048	-3.70857380952381	4.563158263213	1.34640024764075e-05	0.000181679134418695	2.93145190181457	ADAMTS3
ENSG00000187474	1.80711666666667	-1.35176785714286	4.56299148417081	1.34729608385478e-05	0.000181679134418695	2.93083038023551	FPR3
ENSG00000183580	1.58672619047619	-0.654694047619048	4.56214709889471	1.35184046631347e-05	0.000182069620350872	2.92768391141475	FBXL7
ENSG00000251322	1.80300952380952	1.44144285714286	4.56176616619288	1.3538954506696e-05	0.000182069620350872	2.92626455224939	SHANK3
ENSG00000166148	1.47967619047619	-1.87187857142857	4.56165594385462	1.35449062084224e-05	0.000182069620350872	2.9258538773668	AVPR1A
ENSG00000164647	1.81034761904762	0.96757619047619	4.56152176936648	1.35521546751092e-05	0.000182069620350872	2.92535396861297	STEAP1
ENSG00000185885	2.27140714285714	4.62466071428571	4.56129344090119	1.35644982177989e-05	0.000182069620350872	2.9245032824085	IFITM1
ENSG00000170345	2.74085476190477	5.33722976190476	4.5612916339047	1.35645959482201e-05	0.000182069620350872	2.924496550172	FOS
ENSG00000204472	2.01799285714286	1.75010833333333	4.56123696848856	1.3567552819431e-05	0.000182069620350872	2.92429288680095	AIF1
ENSG00000132622	1.61152857142857	-0.173609523809524	4.56061437255271	1.36012732592322e-05	0.000182284561798869	2.92197343617298	HSPA12B
ENSG00000135338	1.52272857142857	-0.40412380952381	4.56059461390163	1.36023447340901e-05	0.000182284561798869	2.92189982973074	LCA5
ENSG00000261678	1.6898880952381	-3.46354404761905	4.56015801667292	1.36260414306877e-05	0.000182476187931789	2.92027343831454	SCRT1
ENSG00000099256	1.61219047619048	0.0513809523809524	4.55914033135712	1.36814322891557e-05	0.000183091696892368	2.91648280657111	PRTFDC1
ENSG00000073792	1.76381904761905	1.08476904761905	4.55858155505933	1.37119380635311e-05	0.000183293761135621	2.91440173904994	IGF2BP2
ENSG00000167525	1.62102142857143	-1.07582738095238	4.55851803224263	1.3715410182823e-05	0.000183293761135621	2.9141651698268	PROCA1
ENSG00000131759	1.88164761904762	2.07164047619048	4.55820053503488	1.37327771404675e-05	0.000183399633090508	2.91298279181626	RARA
ENSG00000156466	1.50563333333333	-2.37787380952381	4.55759179272572	1.37661345740499e-05	0.000183656322818236	2.91071595324339	GDF6
ENSG00000215218	1.49680238095238	-2.28847738095238	4.5575046913875	1.37709138955274e-05	0.000183656322818236	2.91039162116992	UBE2QL1
ENSG00000170166	1.67549523809524	-2.37862142857143	4.55656741159457	1.38224448479401e-05	0.00018408800633188	2.90690181039775	HOXD4
ENSG00000101307	2.10755476190476	-2.58381547619048	4.56239983108719	1.38255902155966e-05	0.00018408800633188	2.90941285791847	SIRPB1
ENSG00000139220	2.27991904761905	-3.36418571428571	4.57385474897896	1.38317232072414e-05	0.00018408800633188	2.91432115988839	PPFIA2
ENSG00000169247	1.53255952380953	-3.39567261904762	4.55607489319151	1.38495978379451e-05	0.00018419965124467	2.9050681884863	SH3TC2
ENSG00000090376	1.65695714285714	-0.6289	4.55537277079854	1.38883956876881e-05	0.000184589231665659	2.90245444903106	IRAK3
ENSG00000183018	2.00069523809524	2.76166666666667	4.55516744262092	1.38997615524562e-05	0.000184613932849244	2.90169013952817	AC118754.1
ENSG00000132170	1.66095714285714	-0.21492380952381	4.55488220684137	1.39155656008714e-05	0.000184648416131389	2.90062842158467	PPARG
ENSG00000163497	1.85671428571429	-1.45817142857143	4.55477741602299	1.39213761054874e-05	0.000184648416131389	2.90023837541076	FEV
ENSG00000124107	2.24709285714286	3.06126785714286	4.55413556804626	1.39570169094942e-05	0.000184994781125296	2.89784945713846	SLPI
ENSG00000173258	1.50245476190476	-1.75797976190476	4.55314323686987	1.40122932186325e-05	0.000185600756970945	2.89415650292555	ZNF483
ENSG00000108821	2.26094523809524	3.55233214285714	4.55261308951557	1.40419109760609e-05	0.000185742752277556	2.89218378230172	COL1A1
ENSG00000105559	1.8985619047619	2.12292857142857	4.55260891525214	1.40421444197885e-05	0.000185742752277556	2.8921682501407	PLEKHA4
ENSG00000203814	1.79850476190476	-0.0493666666666666	4.5501967663711	1.4177672263842e-05	0.000187334731193403	2.88319438704588	HIST2H2BF
ENSG00000154175	1.82861666666667	1.27957261904762	4.55012377603428	1.41817929165878e-05	0.000187334731193403	2.88292289208032	ABI3BP
ENSG00000168143	1.46121904761905	-2.05523095238095	4.54917249116905	1.42356035016593e-05	0.000187917708222448	2.8793847565898	FAM83B
ENSG00000137868	2.31676428571429	-3.51333928571429	4.56907214313906	1.42546863365988e-05	0.000188041779404942	2.88747739853156	STRA6
ENSG00000183873	1.62842857142857	-5.15837857142857	4.5484092539012	1.4278919639265e-05	0.000188233578788356	2.87654638691551	SCN5A
ENSG00000133069	1.52479761904762	-1.11373928571429	4.54800130885945	1.43021240506336e-05	0.000188411563646677	2.8750294279916	TMCC2
ENSG00000138311	1.7264	-4.10606190476191	4.54768220189495	1.43203006558175e-05	0.000188523117379433	2.87384287994164	ZNF365
ENSG00000122420	1.50345952380952	-1.88850357142857	4.54606068327595	1.44130094084273e-05	0.000189615051959919	2.8678143798674	PTGFR
ENSG00000155254	1.82207380952381	1.3720869047619	4.54554028811857	1.44428853102924e-05	0.000189879449529626	2.86587995246861	MARVELD1
ENSG00000144191	1.68561666666667	-3.63796309523809	4.54523788218361	1.44602739425644e-05	0.000189900776167063	2.86475590846347	CNGA3
ENSG00000090659	1.71156666666667	-2.5081380952381	4.54498543019317	1.44748056758636e-05	0.000189900776167063	2.86381758161654	CD209
ENSG00000147889	1.75471904761905	-1.14854761904762	4.54491387072607	1.44789273757267e-05	0.000189900776167063	2.86355161193876	CDKN2A
ENSG00000196460	2.14874523809524	-3.87601547619048	4.54483231907285	1.44836259915244e-05	0.000189900776167063	2.86324850706129	RFX8
ENSG00000182168	1.53119761904762	-3.90317976190476	4.54406076258468	1.45281523978747e-05	0.000190356048084974	2.86038102491259	UNC5C
ENSG00000178726	1.8057119047619	1.12904880952381	4.54326182741826	1.45743982919041e-05	0.000190833220520697	2.8574121320743	THBD
ENSG00000046889	1.49330952380952	-1.62214047619048	4.54308275761331	1.45847831513435e-05	0.000190840511612391	2.85674674525512	PREX2
ENSG00000260220	1.58302857142857	-3.02994761904762	4.54210913359084	1.46413721968653e-05	0.000191451963177596	2.85312926316793	CCDC187
ENSG00000008277	1.48601904761905	-2.13525714285714	4.54177294334438	1.46609615312974e-05	0.000191579105662674	2.85188027455617	ADAM22
ENSG00000136040	1.56027142857143	-0.923445238095238	4.54090247132717	1.47118005340037e-05	0.00019211415115621	2.84864664906104	PLXNC1
ENSG00000111339	1.64894761904762	-1.18414761904762	4.5391661140827	1.4813720217373e-05	0.000193315066653864	2.84219767155822	ART4
ENSG00000143061	1.56433571428571	-0.416055952380952	4.53876191125782	1.48375436439841e-05	0.000193486492754341	2.84069666415406	IGSF3
ENSG00000084636	1.95883333333333	2.2567380952381	4.53855187742554	1.4849937508197e-05	0.000193486492754341	2.83991673860857	COL16A1
ENSG00000179168	1.88548809523809	-3.45684880952381	4.53843651045354	1.48567494436462e-05	0.000193486492754341	2.83948835287656	GGN
ENSG00000133687	1.56696428571429	-0.712525	4.53779117772985	1.48949093791119e-05	0.000193741237241107	2.83709220889416	TMTC1
ENSG00000171115	1.63587142857143	-0.177719047619048	4.53776828759161	1.48962646617042e-05	0.000193741237241107	2.83700722114897	GIMAP8
ENSG00000160321	1.64892619047619	-0.790725	4.53758321441949	1.49072268801998e-05	0.000193754037188568	2.83632008195562	ZNF208
ENSG00000008300	1.63273571428571	-0.675705952380953	4.53688629240402	1.49485768526061e-05	0.000194161515266826	2.8337327194882	CELSR3
ENSG00000250305	1.65016190476191	0.670178571428571	4.53649639951928	1.49717584328921e-05	0.000194332623830146	2.83228533574113	TRMT9B
ENSG00000126759	1.68543333333333	-1.15535952380952	4.53408739367923	1.51157615618617e-05	0.000195867364277099	2.82334432101445	CFP
ENSG00000154040	1.75860476190476	-1.72115714285714	4.53405605651069	1.51176435969853e-05	0.000195867364277099	2.82322803413726	CABYR
ENSG00000105613	1.63810714285714	-0.844451190476191	4.53397500337663	1.51225125043906e-05	0.000195867364277099	2.8229272622968	MAST1
ENSG00000106714	1.45938571428571	-2.31250714285714	4.53384466187104	1.51303453710809e-05	0.000195867364277099	2.82244359877368	CNTNAP3
ENSG00000140682	1.86302619047619	1.76875833333333	4.53345723571791	1.51536508890503e-05	0.000196038369729234	2.82100601560537	TGFB1I1
ENSG00000143369	1.68022857142857	0.481233333333333	4.53106147847016	1.52985396843118e-05	0.000197692192325882	2.81211814294782	ECM1
ENSG00000179841	1.48295238095238	-3.43840238095238	4.53100696319023	1.53018521508807e-05	0.000197692192325882	2.81191593657323	AKAP5
ENSG00000075426	2.08946428571429	2.91730119047619	4.53061114140541	1.53259239408058e-05	0.000197871536624047	2.81044781550326	FOSL2
ENSG00000100448	2.65071904761905	-2.17544761904762	4.58260134391659	1.53833852791357e-05	0.000198427515334308	2.83132421527577	CTSG
ENSG00000108557	1.03567380952381	2.40212738095238	4.52956457685802	1.5389746941714e-05	0.000198427515334308	2.80656647261574	RAI1
ENSG00000087085	1.8655880952381	0.456872619047619	4.5294026796957	1.53996428884953e-05	0.000198427515334308	2.8059661060151	ACHE
ENSG00000186026	1.4452619047619	-1.4025119047619	4.52871470115779	1.54417641519196e-05	0.000198838313197595	2.80341502088924	ZNF284
ENSG00000144792	1.43220952380952	-1.68640952380952	4.52828208669973	1.54683078401178e-05	0.000198942359782642	2.8018109809271	ZNF660
ENSG00000204389	2.64198095238095	5.01469523809524	4.52824907860743	1.54703349094546e-05	0.000198942359782642	2.80168859833217	HSPA1A
ENSG00000185361	1.57012857142857	-0.111771428571429	4.52792857978741	1.54900305086452e-05	0.000199029074216436	2.8005003305082	TNFAIP8L1
ENSG00000173621	1.68420714285714	0.156025	4.5278058746418	1.54975775164925e-05	0.000199029074216436	2.80004540899837	LRFN4
ENSG00000168961	2.10788571428571	3.24189285714286	4.52660471141236	1.55716432657154e-05	0.000199848095792242	2.79559260802817	LGALS9
ENSG00000139193	1.59550952380953	-2.12789523809524	4.52640915794606	1.55837337619424e-05	0.000199871163929589	2.79486775161555	CD27
ENSG00000168621	1.95308333333333	-6.18112023809524	4.5259860247538	1.56099259098062e-05	0.000200074944763444	2.79329939898153	GDNF
ENSG00000139890	1.48520714285714	-2.41167976190476	4.52510575878154	1.56645512003452e-05	0.00020064264855429	2.79003698759887	REM2
ENSG00000196526	1.59369523809524	0.124409523809524	4.52434549072071	1.57118786261288e-05	0.000200977231345346	2.78721964986674	AFAP1
ENSG00000127533	1.93165952380952	0.168870238095238	4.52421744902038	1.57198629325724e-05	0.000200977231345346	2.78674519480308	F2RL3
ENSG00000276644	1.52113333333333	-1.77403095238095	4.52411186184674	1.57264499904938e-05	0.000200977231345346	2.78635395113829	DACH1
ENSG00000198019	2.06300952380952	-1.71861904761905	4.53711101261056	1.57320729037453e-05	0.000200977231345346	2.79212670577603	FCGR1B
ENSG00000175544	1.63705476190476	-1.77271071428571	4.52366844366681	1.57541417805618e-05	0.000201126840956575	2.78471097209816	CABP4
ENSG00000171557	3.29564047619048	0.0919988095238096	4.58759477887431	1.57699888244407e-05	0.000201196874502621	2.81328963759877	FGG
ENSG00000214357	1.72772380952381	0.809238095238095	4.52299901507949	1.57960373880608e-05	0.000201232022332942	2.78223077012007	NEURL1B
ENSG00000157388	1.60850238095238	-0.452765476190476	4.52293624692328	1.57999711958344e-05	0.000201232022332942	2.7819982295932	CACNA1D
ENSG00000119681	1.80415	1.24419404761905	4.52287463835777	1.58038332504757e-05	0.000201232022332942	2.78176998716316	LTBP2
ENSG00000136267	1.96426666666666	-4.74047380952381	4.52264881160971	1.58179974495363e-05	0.000201239233696742	2.78093338027886	DGKB
ENSG00000166415	1.66469047619048	-0.489680952380952	4.52253522075055	1.58251266791083e-05	0.000201239233696742	2.78051257756202	WDR72
ENSG00000017427	1.90002619047619	0.0609535714285715	4.52231567014285	1.58389149948572e-05	0.000201282756132289	2.77969926198078	IGF1
ENSG00000120251	1.68815952380952	-1.68845595238095	4.52152417356481	1.58887193654199e-05	0.000201783618468099	2.77676741697736	GRIA2
ENSG00000174236	1.99793095238095	-2.29865357142857	4.52126569612819	1.59050166383135e-05	0.000201858570642335	2.77581004466594	REP15
ENSG00000106633	1.62701666666667	-0.786894047619048	4.52090343373392	1.5927884852885e-05	0.000201931807480582	2.77446832579782	GCK
ENSG00000169860	1.64398571428571	-0.399530952380952	4.52084485642384	1.59315855937919e-05	0.000201931807480582	2.77425137853687	P2RY1
ENSG00000178882	1.92138095238095	-3.35655476190476	4.52052386691059	1.59518795185714e-05	0.000201935845168166	2.7730625933382	RFLNA
ENSG00000113721	1.9979619047619	2.8732	4.52051085051617	1.59527029811498e-05	0.000201935845168166	2.77301438829159	PDGFRB
ENSG00000160932	2.20274285714286	4.13474047619048	4.52023287177816	1.59702986976035e-05	0.000201960776564843	2.77198494120156	LY6E
ENSG00000163803	1.65816904761905	-1.49093214285714	4.52015116928954	1.59754739315892e-05	0.000201960776564843	2.77168237795486	PLB1
ENSG00000124302	1.63309285714286	-2.05644642857143	4.51920889951304	1.60352768467197e-05	0.00020258490944021	2.76819319920389	CHST8
ENSG00000115598	1.56878571428571	-3.16822142857143	4.51794660043941	1.61157301694332e-05	0.000203412704880914	2.76351973087127	IL1RL2
ENSG00000105501	2.76763333333333	-5.09103095238096	4.56647533816285	1.61217505825382e-05	0.000203412704880914	2.78567384788172	SIGLEC5
ENSG00000156587	1.99168571428571	2.88936666666667	4.51756375949847	1.61402077489379e-05	0.000203513346797971	2.76210249389326	UBE2L6
ENSG00000189056	1.66265714285714	-2.90668809523809	4.51691276873663	1.61819124529893e-05	0.00020390679819088	2.7596927790801	RELN
ENSG00000167210	1.69854285714286	-4.21183333333334	4.51652895222314	1.62065498374501e-05	0.000204021618851689	2.75827214849195	LOXHD1
ENSG00000169851	1.51648095238095	-3.08249761904762	4.51644352779855	1.62120382062085e-05	0.000204021618851689	2.75795597572675	PCDH7
ENSG00000205869	1.83342142857143	-1.22809166666667	4.51581896853243	1.62522196474608e-05	0.000204394819374608	2.75564447951344	KRTAP5-1
ENSG00000141622	1.71583809523809	-4.0170880952381	4.51489596866992	1.63117777282613e-05	0.000204905258896399	2.75222884560737	RNF165
ENSG00000164176	1.66328809523809	-1.25532261904762	4.51486296365036	1.63139113324664e-05	0.000204905258896399	2.75210671658744	EDIL3
ENSG00000111344	1.66069047619048	-0.141116666666667	4.51456539626163	1.6333159709374e-05	0.000205014411917663	2.75100565006378	RASAL1
ENSG00000086205	1.85658333333333	-3.38406547619048	4.51284968090424	1.64445708915308e-05	0.000206026578199714	2.74465806442467	FOLH1
ENSG00000172602	1.86049761904762	-0.430282142857143	4.51284269387941	1.64450260968184e-05	0.000206026578199714	2.74463221802406	RND1
ENSG00000123094	1.59624523809524	0.210605952380952	4.51283346200624	1.64456275728477e-05	0.000206026578199714	2.74459806752216	RASSF8
ENSG00000084110	2.05325	-2.21996309523809	4.51855566612402	1.64638619456408e-05	0.000206122031760446	2.74637986348842	HAL
ENSG00000131620	1.67616428571429	0.424865476190476	4.5118798674339	1.65078709126997e-05	0.000206539843674486	2.7410707871875	ANO1
ENSG00000167535	1.70536666666667	0.737404761904762	4.51111309179855	1.65580852028366e-05	0.000207034706032634	2.73823489962105	CACNB3
ENSG00000153029	1.60785238095238	0.130885714285714	4.51093423376605	1.65698193970192e-05	0.000207048103636627	2.73757344715946	MR1
ENSG00000144802	2.10443333333333	3.41463095238095	4.50962548250826	1.66559264326466e-05	0.000207990211877255	2.73273396068347	NFKBIZ
ENSG00000100968	2.0527	3.11530476190476	4.50936217775043	1.66733022850726e-05	0.000208073382886593	2.73176042894105	NFATC4
ENSG00000188629	1.60592857142857	-0.306511904761905	4.50909951529566	1.66906532020147e-05	0.000208156136080104	2.73078931000643	ZNF177
ENSG00000139899	1.58632380952381	-0.755290476190476	4.50870835305206	1.67165248809095e-05	0.000208186836628226	2.72934317035764	CBLN3
ENSG00000139910	1.57237619047619	-0.919221428571429	4.50859333333817	1.67241397155047e-05	0.000208186836628226	2.72891795471133	NOVA1
ENSG00000151640	1.67614047619048	-1.51713928571429	4.50857613108151	1.67252788721822e-05	0.000208186836628226	2.72885436042396	DPYSL4
ENSG00000251493	2.33632380952381	-6.76547142857143	4.53788930000225	1.67464500151136e-05	0.000208240201398489	2.74150552634078	FOXD1
ENSG00000127561	1.52807619047619	-1.85668809523809	4.50818780598034	1.67510142437141e-05	0.000208240201398489	2.72741882126244	SYNGR3
ENSG00000137642	1.70998095238095	0.906583333333333	4.50777187653123	1.67786214703432e-05	0.000208386549033131	2.72588132784572	SORL1
ENSG00000087258	1.7037619047619	-0.100997619047619	4.50768716142523	1.67842498036779e-05	0.000208386549033131	2.72556818804265	GNAO1
ENSG00000149926	1.74295238095238	-3.16185952380952	4.50690865448307	1.68360580191815e-05	0.000208896213812439	2.72269071008531	FAM57B
ENSG00000150667	1.65745952380952	-4.59861071428571	4.5055522464514	1.69266938640353e-05	0.000209886680365158	2.71767802009855	FSIP1
ENSG00000166126	1.86800714285714	-1.27100595238095	4.50467493876538	1.69855668722428e-05	0.000210482283040976	2.7144364144475	AMN
ENSG00000103460	1.61159047619048	-0.348195238095238	4.50212632420967	1.71577197410779e-05	0.000212479975722099	2.70502182188932	TOX3
ENSG00000215910	2.9838	-4.41482857142857	4.55612065102132	1.72186439259041e-05	0.00021305663374097	2.72721170226099	C1orf167
ENSG00000138411	1.44426190476191	-2.05936904761905	4.501118954061	1.72262290129428e-05	0.00021305663374097	2.70130157905842	HECW2
ENSG00000053328	1.50580476190476	-2.01991190476191	4.50045013900912	1.72718597171407e-05	0.000213485023543882	2.69883193743143	METTL24
ENSG00000178789	2.44708095238095	-4.80214047619048	4.52720436259934	1.72839375458176e-05	0.000213498409201454	2.71079361797395	CD300LB
ENSG00000108381	1.54575	-1.66052023809524	4.49991975199389	1.73081290057555e-05	0.000213547470147077	2.69687362530704	ASPA
ENSG00000184730	1.71682142857143	-1.39352976190476	4.49989382117464	1.73099041101812e-05	0.000213547470147077	2.6967778866717	APOBR
ENSG00000271824	2.25418095238095	-3.34830714285714	4.51699531939724	1.73299406330294e-05	0.00021365891251566	2.70386910795704	SMIM32
ENSG00000162878	2.10603333333333	3.61048333333333	4.49816163755435	1.74288805489398e-05	0.000214737724862188	2.69038336722869	PKDCC
ENSG00000136404	1.68315952380952	-1.51954166666667	4.49800670210631	1.74395608254028e-05	0.000214737724862188	2.68981148899751	TM6SF1
ENSG00000198729	1.52882857142857	-2.27429761904762	4.49752985345467	1.74724714667573e-05	0.000215006622903355	2.68805148832902	PPP1R14C
ENSG00000008516	1.64680238095238	-0.461660714285714	4.49607464684129	1.7573276754095e-05	0.000216020276729225	2.68268124173348	MMP25
ENSG00000082014	2.14140714285714	3.92450833333333	4.49601968115502	1.7577095335883e-05	0.000216020276729225	2.68247842107146	SMARCD3
ENSG00000112029	1.50639761904762	-0.476313095238095	4.49555339848578	1.76095212320501e-05	0.000216235172043937	2.68075792815568	FBXO5
ENSG00000155380	1.52400952380952	-0.667580952380952	4.49544808997001	1.76168525169177e-05	0.000216235172043937	2.68036937669699	SLC16A1
ENSG00000147488	1.65844285714286	-1.24563333333333	4.4945350472446	1.76805397291806e-05	0.000216879798143543	2.67700082610387	ST18
ENSG00000108797	2.02577380952381	2.06527023809524	4.49418562747861	1.77049715063558e-05	0.00021704238428688	2.67571180975113	CNTNAP1
ENSG00000153993	1.51799047619047	-4.85422857142857	4.49386125752441	1.77276809640384e-05	0.0002171836649588	2.67451526296954	SEMA3D
ENSG00000168646	1.65560476190476	0.478666666666667	4.49299510613788	1.77884590416126e-05	0.000217790856034069	2.67132045930179	AXIN2
ENSG00000275832	1.65401904761905	0.238633333333333	4.49265112694172	1.78126519556177e-05	0.000217792934495358	2.67005180526243	ARHGAP23
ENSG00000089101	2.25522142857143	-4.17000119047619	4.50224930507594	1.78184304456377e-05	0.000217792934495358	2.67431723365642	CFAP61
ENSG00000134827	2.48938571428571	-0.392885714285714	4.54383119700576	1.78318787685999e-05	0.000217792934495358	2.69304080187569	TCN1
ENSG00000110328	1.75115	1.06667023809524	4.49218842356757	1.78452451748947e-05	0.000217792934495358	2.66834537923863	GALNT18
ENSG00000090776	1.74942142857143	1.31398214285714	4.49215858914654	1.78473487127799e-05	0.000217792934495358	2.66823535550053	EFNB1
ENSG00000162777	1.91277380952381	2.58616785714286	4.49203698699335	1.78559250034303e-05	0.000217792934495358	2.6677869146973	DENND2D
ENSG00000165359	1.65882857142857	0.649390476190476	4.49169704631288	1.78799212807058e-05	0.000217948720294254	2.66653333489913	INTS6L
ENSG00000143382	1.80939047619048	1.43561666666667	4.49099464656296	1.79296021189162e-05	0.00021829234420348	2.66394333774644	ADAMTSL4
ENSG00000244414	3.13542380952381	-5.54136190476191	4.55074215185689	1.79305947576759e-05	0.00021829234420348	2.69170980573102	CFHR1
ENSG00000146049	1.8913880952381	-2.29141071428571	4.49076202426495	1.79460849021614e-05	0.000218344032976297	2.66308563686068	KAAG1
ENSG00000107731	1.62962619047619	0.326346428571429	4.49055867458044	1.79605055220363e-05	0.000218382652615467	2.66233589142052	UNC5B
ENSG00000159231	1.57216666666667	-1.00944285714286	4.49013179235556	1.79908144579256e-05	0.000218614289827284	2.66076206116039	CBR3
ENSG00000132561	1.84876904761905	1.78767976190476	4.4886741051411	1.80946841145421e-05	0.000219629783522284	2.65538861606078	MATN2
ENSG00000179909	1.52610238095238	-0.601282142857143	4.48864161907278	1.80970055430865e-05	0.000219629783522284	2.65526887665428	ZNF154
ENSG00000257524	1.77515238095238	1.32579523809524	4.48811092581246	1.81349692201843e-05	0.000219953049542497	2.65331289319882	AL157935.2
ENSG00000110876	1.7502880952381	-0.739332142857143	4.48792684554244	1.81481555480728e-05	0.000219975583291184	2.65263446238606	SELPLG
ENSG00000142583	1.83527380952381	-2.67775833333333	4.48740810767587	1.81853644366279e-05	0.00022024825745945	2.65072274638218	SLC2A5
ENSG00000175463	1.58752857142857	-0.524909523809524	4.4872971029182	1.81933363356142e-05	0.00022024825745945	2.65031367744886	TBC1D10C
ENSG00000134245	1.4886619047619	-0.788161904761905	4.48646631953946	1.82531069949393e-05	0.000220834163007932	2.64725233430399	WNT2B
ENSG00000266028	1.79136428571429	1.5380130952381	4.4860772712	1.82811622176384e-05	0.000221035870449628	2.64581886625258	SRGAP2
ENSG00000077585	1.62665238095238	0.167395238095238	4.48522323104762	1.83428952760201e-05	0.000221644269116216	2.64267240627979	GPR137B
ENSG00000106404	1.7852380952381	1.61769523809524	4.4844645097541	1.8397907203687e-05	0.000222170747562932	2.63987745915001	CLDN15
ENSG00000138587	1.50847619047619	-0.899542857142857	4.48393236840287	1.84365857414937e-05	0.000222499454274906	2.6379173682127	MNS1
ENSG00000173442	1.95939047619048	2.65507142857143	4.4831889643973	1.84907513647962e-05	0.000223014540373672	2.63517937424995	EHBP1L1
ENSG00000117425	1.48329285714286	-1.60207023809524	4.48289599871452	1.85121395130715e-05	0.0002231339075511	2.63410045109259	PTCH2
ENSG00000061455	1.53420238095238	-2.29461071428571	4.48109849351088	1.86438915267841e-05	0.000224553296807486	2.62748170586202	PRDM6
ENSG00000162576	2.05585714285714	3.26321428571428	4.48097431998778	1.86530264574351e-05	0.000224553296807486	2.6270245421545	MXRA8
ENSG00000122863	1.6426619047619	0.407521428571429	4.48009072762816	1.87181536125172e-05	0.000224828054635928	2.62377170914957	CHST3
ENSG00000135378	1.53848571428571	-0.588433333333333	4.48008810442755	1.87183472879629e-05	0.000224828054635928	2.62376205281377	PRRG4
ENSG00000102349	1.56212857142857	-0.193066666666667	4.48002715612242	1.87228477518408e-05	0.000224828054635928	2.62353769540703	KLF8
ENSG00000164483	1.72197380952381	-1.70746547619048	4.47999964689296	1.87248793941268e-05	0.000224828054635928	2.62343643158545	SAMD3
ENSG00000038945	1.77642857142857	-0.333419047619048	4.47985368106673	1.87356629876338e-05	0.000224828054635928	2.6228991259353	MSR1
ENSG00000185201	2.46450952380952	5.95553333333333	4.47972303569992	1.87453198298263e-05	0.000224828054635928	2.62241822547902	IFITM2
ENSG00000115318	1.60370238095238	-0.529577380952381	4.47956424520719	1.87570635319676e-05	0.000224830036829473	2.62183373665402	LOXL3
ENSG00000278224	1.64208333333333	-0.35475119047619	4.47933067938479	1.87743503221672e-05	0.000224898417369428	2.62097403416718	PRICKLE4
ENSG00000075461	1.68505952380952	-3.11155119047619	4.47837516633149	1.88452305936392e-05	0.000225608315454554	2.61745732350828	CACNG4
ENSG00000214290	1.78638095238095	1.33728333333333	4.47721103725276	1.89319353432694e-05	0.000226506666972031	2.61317349746048	COLCA2
ENSG00000105609	1.56530952380952	-0.885888095238095	4.47617255398568	1.90096069678963e-05	0.00022729590400407	2.60935266385909	LILRB5
ENSG00000213999	1.56798571428571	-1.08828333333333	4.47598852110367	1.90234034620555e-05	0.000227320891339197	2.60867562431543	MEF2B
ENSG00000103528	1.62458095238095	-0.0557928571428571	4.47542539431749	1.90656797866895e-05	0.000227552740439422	2.60660405087988	SYT17
ENSG00000013297	1.61300238095238	-1.09041547619048	4.47536795260505	1.90699972764377e-05	0.000227552740439422	2.6063927500477	CLDN11
ENSG00000182326	2.29677857142857	4.97125833333333	4.47516920786614	1.90849428074311e-05	0.000227552740439422	2.60566167648161	C1S
ENSG00000089041	1.55295952380952	-0.884727380952381	4.47510623891233	1.90896804086836e-05	0.000227552740439422	2.60543005259341	P2RX7
ENSG00000100351	1.54992380952381	-2.06493571428571	4.47410420727646	1.91652233648519e-05	0.000228313071962389	2.60174449313164	GRAP2
ENSG00000198780	1.43817142857143	-3.35202380952381	4.47365217003312	1.91993967724887e-05	0.000228579942690488	2.60008204320546	FAM169A
ENSG00000174837	2.47763333333333	-5.82539047619048	4.51154585767853	1.92229629642281e-05	0.000228720278700601	2.61693549497078	ADGRE1
ENSG00000159753	1.57890476190476	-0.883333333333333	4.47257099501546	1.92813709948609e-05	0.0002292747470779	2.59610628362553	CARMIL2
ENSG00000152926	1.70275952380952	0.950122619047619	4.47197935803303	1.93263716247606e-05	0.000229669206982621	2.59393095642164	ZNF117
ENSG00000026103	1.67538809523809	0.74314880952381	4.4713931446133	1.93710597506223e-05	0.000230059472928186	2.59177576220657	FAS
ENSG00000104432	1.57746904761905	-1.61906071428571	4.47099008132962	1.94018438763153e-05	0.000230284232512402	2.59029402409929	IL7
ENSG00000110665	1.58987857142857	-2.45114404761905	4.47020292508686	1.94620995305741e-05	0.000230858307076779	2.58740054658818	C11orf21
ENSG00000088002	1.5089380952381	-2.04480714285714	4.46988815871739	1.94862449749504e-05	0.000231003604959455	2.58624360525644	SULT2B1
ENSG00000026652	1.54769285714286	-0.410255952380952	4.468958796097	1.95577044434002e-05	0.000231709276926141	2.58282800230422	AGPAT4
ENSG00000118113	2.43192142857142	-6.99288214285714	4.50650887619343	1.95830971009946e-05	0.000231868646040922	2.59949177580247	MMP8
ENSG00000126467	1.94703095238095	-3.66993214285714	4.46754005912116	1.96672805223604e-05	0.000232723493713098	2.57761477123623	TSKS
ENSG00000139117	1.59723571428571	0.257563095238095	4.46732139335179	1.96842217974501e-05	0.000232782106493841	2.57681137071182	CPNE8
ENSG00000160460	1.71676428571429	-0.0415869047619048	4.46701178496903	1.97082330130215e-05	0.000232924204897657	2.57567388312926	SPTBN4
ENSG00000203896	1.78325	1.56599642857143	4.46640629259034	1.97552728308126e-05	0.000233333536092684	2.57344948476465	LIME1
ENSG00000213886	2.28107619047619	2.04290476190476	4.47962353952011	1.97669001376283e-05	0.000233333536092684	2.5792571240679	UBD
ENSG00000177202	2.90985238095238	-5.65370476190476	4.52083560883744	1.98302030066865e-05	0.000233938567426391	2.59595270853372	SPACA4
ENSG00000167771	1.53267619047619	-2.13352142857143	4.46448193537693	1.99054941863667e-05	0.000234418097267918	2.56638132391596	RCOR2
ENSG00000135272	1.62067619047619	0.44942619047619	4.46436572346475	1.99146012787987e-05	0.000234418097267918	2.56595454369815	MDFIC
ENSG00000172780	1.73085238095238	1.04592857142857	4.46435838440072	1.99151765487978e-05	0.000234418097267918	2.56592759174481	RAB43
ENSG00000173868	2.06944047619047	-3.61906785714286	4.46421956742211	1.99260606920707e-05	0.000234418097267918	2.56541780639554	PHOSPHO1
ENSG00000136235	1.94821666666667	2.2312130952381	4.46415389026328	1.99312122046211e-05	0.000234418097267918	2.56517662022992	GPNMB
ENSG00000115523	1.97248571428572	-1.46015952380952	4.4715680416267	1.99551510327429e-05	0.000234557580359444	2.56773643211708	GNLY
ENSG00000128335	1.87567619047619	2.38950952380952	4.46362168510112	1.99730041809505e-05	0.000234625066316401	2.56322229224484	APOL2
ENSG00000198720	1.67857619047619	0.725802380952381	4.46346838174396	1.99850581773265e-05	0.000234625066316401	2.56265937120548	ANKRD13B
ENSG00000197249	2.60020476190476	5.31694761904762	4.46300011578446	2.00219206848483e-05	0.000234915804144039	2.56094000672345	SERPINA1
ENSG00000254206	1.57495238095238	-0.376685714285714	4.46218859972442	2.0085959806116e-05	0.000235524859610604	2.5579605960895	NPIPB11
ENSG00000176532	1.58915714285714	-0.105033333333333	4.46191872031865	2.01073005688684e-05	0.000235632807752738	2.55696983853532	PRR15
ENSG00000146674	1.92755952380952	2.01523928571428	4.46158243043189	2.01339233875782e-05	0.000235782049998077	2.55573533739183	IGFBP3
ENSG00000135899	1.80692380952381	1.89267142857143	4.46137361492571	2.01504716572581e-05	0.000235782049998077	2.55496881916597	SP110
ENSG00000176903	1.72769047619048	1.0771880952381	4.46129805066745	2.01564632298284e-05	0.000235782049998077	2.55469144449546	PNMA1
ENSG00000170396	1.82128333333333	-6.50317738095238	4.461037597554	2.01771280257166e-05	0.000235881680917137	2.55373542034557	ZNF804A
ENSG00000196376	1.43017619047619	-2.96030952380952	4.46016894442632	2.02461964221729e-05	0.000236196671060056	2.55054719869351	SLC35F1
ENSG00000184408	1.63635476190476	-4.14214166666667	4.46011793088175	2.02502597021353e-05	0.000236196671060056	2.5503599765029	KCND2
ENSG00000183918	1.97356666666666	-4.96464523809524	4.4600982183006	2.02518300398639e-05	0.000236196671060056	2.55028763075917	SH2D1A
ENSG00000138678	1.49742142857143	-1.307725	4.46008695648401	2.0252727228087e-05	0.000236196671060056	2.55024629966326	GPAT3
ENSG00000171462	1.42093571428572	-1.93462976190476	4.45931911143211	2.03139892510606e-05	0.000236768933539673	2.54742845928351	DLK2
ENSG00000188620	2.2477119047619	-8.16095833333333	4.48533486720298	2.03522022272109e-05	0.000237057726694783	2.55825827650786	HMX3
ENSG00000162650	1.68071904761905	0.932709523809524	4.45870414375358	2.03631830325933e-05	0.000237057726694783	2.54517188562397	ATXN7L2
ENSG00000149557	1.63319285714286	0.225129761904762	4.45752580803803	2.04577644320115e-05	0.000237912255986996	2.54084866756412	FEZ1
ENSG00000177688	2.45267857142857	-4.49257976190476	4.48606637171527	2.04736923157525e-05	0.000237912255986996	2.55377011571509	SUMO4
ENSG00000111647	1.54885952380952	-0.045177380952381	4.45717643541381	2.04858889207799e-05	0.000237912255986996	2.53956699647039	UHRF1BP1L
ENSG00000135324	1.70585	-0.0795607142857143	4.45708162225926	2.04935278146411e-05	0.000237912255986996	2.53921918679277	MRAP2
ENSG00000133026	1.73563095238095	1.38096547619048	4.45702802090955	2.0497847577827e-05	0.000237912255986996	2.53902255945678	MYH10
ENSG00000137857	1.54518333333333	-0.546760714285714	4.45604282498988	2.05774018090028e-05	0.000238659546649087	2.53540882280048	DUOX1
ENSG00000086288	3.11668095238095	-6.42630952380952	4.51504603834955	2.05868132988578e-05	0.000238659546649087	2.56282878240291	NME8
ENSG00000145506	1.79322619047619	1.3457630952381	4.45490838015886	2.06693770697858e-05	0.000239345762570513	2.531248305592	NKD2
ENSG00000087116	1.78585	0.836772619047619	4.45489261098996	2.06706583495082e-05	0.000239345762570513	2.5311904780444	ADAMTS2
ENSG00000203772	1.55190238095238	-0.127329761904762	4.45384793707019	2.07557114102369e-05	0.000240163996631316	2.52735983482196	SPRN
ENSG00000004468	1.58785952380953	-3.05398214285714	4.45372111316069	2.07660598590988e-05	0.000240163996631316	2.52689483434722	CD38
ENSG00000112208	1.44635	-1.1984369047619	4.453450109519	2.07881896348048e-05	0.000240276825195619	2.52590122825757	BAG2
ENSG00000090382	2.37230238095238	3.53580833333333	4.45244365447557	2.08705747712823e-05	0.000241085556757144	2.52221152626514	LYZ
ENSG00000186684	1.62316428571428	-4.94116071428572	4.45159024870491	2.09406786340714e-05	0.000241751544421164	2.5190833514375	CYP27C1
ENSG00000095713	1.48005714285714	-1.74427142857143	4.4514287015008	2.09539746511382e-05	0.000241761307056329	2.51849124288491	CRTAC1
ENSG00000179921	1.74258095238095	-1.07835	4.45089819142738	2.09976952155747e-05	0.000242121879867001	2.51654690096589	GPBAR1
ENSG00000178163	1.48301666666667	-0.793884523809524	4.45011731690305	2.10622091262874e-05	0.000242608724674478	2.51368524850811	ZNF518B
ENSG00000258555	2.12388809523809	-7.29029166666666	4.4610323652346	2.10747876511606e-05	0.000242608724674478	2.51842342647063	SPECC1L-ADORA2A
ENSG00000117154	1.59156666666667	-1.48077857142857	4.44993380440828	2.10773982143292e-05	0.000242608724674478	2.51301278399361	IGSF21
ENSG00000173894	1.48958095238095	-0.940442857142857	4.44973045969413	2.10942411378479e-05	0.000242658752615362	2.5122676681102	CBX2
ENSG00000145014	1.7200380952381	1.17614761904762	4.44863173291112	2.11854730145201e-05	0.000243563952040232	2.50824200379145	TMEM44
ENSG00000121905	1.67326904761905	-1.58994404761905	4.44844904049903	2.12006796110449e-05	0.000243594554252822	2.50757269590194	HPCA
ENSG00000033867	1.54682619047619	-0.14425119047619	4.44792122566862	2.12446720492031e-05	0.000243955672295343	2.5056391098642	SLC4A7
ENSG00000221869	2.28967857142857	4.33167023809524	4.44674487109871	2.13430363830279e-05	0.000244940354896948	2.50133023655842	CEBPD
ENSG00000111886	1.54487619047619	-2.4751380952381	4.44632959454038	2.13778658173434e-05	0.000245195155606128	2.49980930323303	GABRR2
ENSG00000134121	1.5406	-1.68265238095238	4.44611481542695	2.13959009567061e-05	0.000245257145677284	2.49902272136748	CHL1
ENSG00000124602	2.11877142857143	3.22979047619048	4.44350727830363	2.16160322906024e-05	0.000247634286146854	2.48947523960273	UNC5CL
ENSG00000185947	1.55361428571429	0.0298452380952381	4.44237197265409	2.17125576994781e-05	0.000248593423000275	2.48531951264318	ZNF267
ENSG00000174123	1.58495238095238	-4.12015	4.44153839145447	2.17836947508575e-05	0.000249260922022481	2.482268691268	TLR10
ENSG00000141639	1.46828571428571	-2.08833571428571	4.44097950774673	2.18315152759098e-05	0.000249660991535698	2.4802234521322	MAPK4
ENSG00000019582	2.50862380952381	6.38266904761905	4.44055434935416	2.18679615156008e-05	0.000249803917240908	2.4786676988465	CD74
ENSG00000213722	1.98840952380952	3.08570476190476	4.44053359139816	2.18697424713947e-05	0.000249803917240908	2.4785917432552	DDAH2
ENSG00000107719	1.75465952380952	0.980339285714286	4.44030967749429	2.18889623565333e-05	0.000249876467395158	2.4777724335528	PALD1
ENSG00000231852	1.95377380952381	-1.78169166666667	4.44252337464342	2.1937753179646e-05	0.000250208556708748	2.47703422521497	CYP21A2
ENSG00000169083	1.46007380952381	-1.79654404761905	4.43967157660662	2.19438238786177e-05	0.000250208556708748	2.47543775145853	AR
ENSG00000138722	1.75421666666667	-0.753205952380952	4.43901375212304	2.20005200685173e-05	0.000250707804395815	2.47303114330786	MMRN1
ENSG00000104435	1.7388380952381	-0.314980952380952	4.43865760712798	2.20312742435137e-05	0.000250911016575102	2.47172831105635	STMN2
ENSG00000116205	1.42731666666667	-1.00803928571429	4.43819919404977	2.20709206441372e-05	0.000251215203439541	2.47005147122515	TCEANC2
ENSG00000169122	1.54062380952381	-0.369797619047619	4.43760868601276	2.21220929150255e-05	0.000251650146586975	2.46789161160088	FAM110B
ENSG00000180828	1.49849761904762	-2.13389166666667	4.43655431187519	2.22137477858685e-05	0.000252544821139341	2.46403558730338	BHLHE22
ENSG00000117983	2.53226428571429	-0.00876309523809522	4.48746045768475	2.22662794379994e-05	0.000252993922836204	2.48630856594188	MUC5B
ENSG00000166927	1.81761190476191	0.790858333333333	4.43433504017521	2.2407864058265e-05	0.000254453745194965	2.45592137100821	MS4A7
ENSG00000185897	2.05770952380952	-3.29854285714286	4.43366426180418	2.2466857452032e-05	0.000254974540037147	2.4534693795612	FFAR3
ENSG00000130592	1.89773333333333	1.90312857142857	4.43319036152968	2.25086261906914e-05	0.000255187826926519	2.45173721663263	LSP1
ENSG00000196466	1.53180238095238	-0.108408333333333	4.4331528603623	2.25119346753078e-05	0.000255187826926519	2.4516001506977	ZNF799
ENSG00000128656	1.67570714285714	0.391836904761905	4.43273573555789	2.25487665426643e-05	0.000255456212791981	2.45007562195413	CHN1
ENSG00000100302	1.59149047619048	-0.895395238095238	4.43240303333287	2.25781856271536e-05	0.000255640354815201	2.44885971504797	RASD2
ENSG00000156427	1.60275952380952	-3.06691547619047	4.43218567941615	2.25974250736945e-05	0.000255709090956294	2.44806539822167	FGF18
ENSG00000276966	4.12564285714285	-5.71346428571429	4.49339468891653	2.2617533868162e-05	0.000255787578714019	2.47638541674721	HIST1H4E
ENSG00000103888	1.55134761904762	-1.82048333333333	4.4314788734005	2.26600986203481e-05	0.000256009620991628	2.44548256876495	CEMIP
ENSG00000145451	1.86073333333333	-5.42029047619048	4.43144016472514	2.26635358164903e-05	0.000256009620991628	2.4453411265805	GLRA3
ENSG00000169314	2.2024238095238	-5.85114285714286	4.44687016886282	2.27102781397286e-05	0.000256244201461856	2.45109177180064	C22orf15
ENSG00000149201	1.44298333333333	-2.85399404761905	4.43090964614847	2.27106947531082e-05	0.000256244201461856	2.44340268701544	CCDC81
ENSG00000197019	1.70493571428571	0.929460714285714	4.43049396339085	2.27477118343144e-05	0.000256512815562554	2.44188395155432	SERTAD1
ENSG00000130477	1.68372380952381	-0.847635714285714	4.42955631440468	2.28314245705444e-05	0.000257307372205937	2.43845852011422	UNC13A
ENSG00000161939	1.57136904761905	-1.03164404761905	4.42923686635559	2.28600125267424e-05	0.000257480117891116	2.43729162103066	RNASEK-C17orf49
ENSG00000197584	1.88780952380952	-1.10117380952381	4.43016900697984	2.29105610755062e-05	0.000257899869544452	2.43595477491662	KCNMB2
ENSG00000077420	1.66664285714286	0.0605952380952381	4.42826865835513	2.29468702678955e-05	0.000258158937926996	2.43375524236933	APBB1IP
ENSG00000240764	1.49094761904762	-2.90858571428571	4.42809148939848	2.29627984861241e-05	0.000258188547193722	2.4331081899031	PCDHGC5
ENSG00000172244	1.55821428571429	-2.53379047619048	4.42793631912805	2.29767576947017e-05	0.0002581959959003	2.43254149501756	C5orf34
ENSG00000169902	1.74276666666667	1.39259761904762	4.42754983646926	2.30115615038423e-05	0.000258292217783071	2.43113008658849	TPST1
ENSG00000105245	1.83451666666667	1.97718690476191	4.42749878821057	2.30161623389273e-05	0.000258292217783071	2.43094366808382	NUMBL
ENSG00000002933	2.13566428571428	3.20058928571429	4.42739825717815	2.30252255115097e-05	0.000258292217783071	2.43057655220498	TMEM176A
ENSG00000121406	1.48837619047619	-0.422385714285714	4.42706496939213	2.30552970378891e-05	0.000258480229723863	2.42935950355152	ZNF549
ENSG00000090530	1.62644047619048	0.157717857142857	4.42661952123657	2.30955476206123e-05	0.000258782079455885	2.42773298244919	P3H2
ENSG00000183615	1.78620238095238	1.29797261904762	4.42637828259758	2.31173741758902e-05	0.000258877261676722	2.42685216385788	FAM167B
ENSG00000148926	1.91007142857143	2.06069523809524	4.426089849869	2.31434968357904e-05	0.000259020415883215	2.42579907152921	ADM
ENSG00000163563	1.82275	-0.816658333333333	4.42588457979581	2.31621049979908e-05	0.000259079351872687	2.42504964156166	MNDA
ENSG00000164879	1.53255952380952	-1.3870869047619	4.42565260967471	2.31831509494902e-05	0.000259165472157283	2.42420275964498	CA3
ENSG00000136869	1.51149047619048	-1.01063571428571	4.42420915576624	2.33145263862515e-05	0.00026041378861649	2.41893364384363	TLR4
ENSG00000204264	2.01903571428571	3.301175	4.42407500652838	2.33267723447764e-05	0.00026041378861649	2.41844401127407	PSMB8
ENSG00000129595	1.62965952380952	0.649429761904762	4.42398437174607	2.33350495515858e-05	0.00026041378861649	2.41811320825103	EPB41L4A
ENSG00000226321	2.15097142857143	-7.5264238095238	4.43856911463948	2.34452328166333e-05	0.000261493125119693	2.42133319878691	CROCC2
ENSG00000118263	1.61504761904762	0.423173809523809	4.42252224728127	2.34689700513853e-05	0.0002616076122031	2.41277731671751	KLF7
ENSG00000166448	1.68727857142857	-2.478525	4.42207524170981	2.3510060461043e-05	0.000261915292043908	2.41114625000805	TMEM130
ENSG00000130066	2.5201738095238	6.61435119047619	4.42188864700836	2.35272334637719e-05	0.000261956318463029	2.41046542281315	SAT1
ENSG00000129028	1.44679285714286	-1.68448928571429	4.42173626956945	2.35412663008752e-05	0.000261962354745212	2.4099094585015	THAP10
ENSG00000075275	1.50655476190476	-1.05971785714286	4.42027691427758	2.36760717817316e-05	0.000263311547455707	2.4045855162512	CELSR1
ENSG00000109684	2.4395	-6.07125	4.45653728483605	2.37565855330912e-05	0.000264055740058137	2.41923275717905	CLNK
ENSG00000174564	1.42783333333333	-2.3369	4.41919149514312	2.37768181564454e-05	0.000264129436477035	2.40062652480162	IL20RB
ENSG00000183248	1.57667857142857	-0.156177380952381	4.41857393935928	2.38343228724791e-05	0.000264616856225157	2.3983743285166	PRR36
ENSG00000141431	1.46075	-2.52619166666667	4.41787532396566	2.38995373265921e-05	0.000265189266175866	2.39582677044826	ASXL3
ENSG00000168280	1.58543095238095	-0.944463095238095	4.41700494538918	2.39810264029884e-05	0.000265941502394762	2.39265324822772	KIF5C
ENSG00000159403	2.27354285714285	4.87210714285714	4.41661775302694	2.40173633140498e-05	0.000266192443397385	2.39124162768717	C1R
ENSG00000113448	1.52458095238095	-0.964685714285715	4.4162897813193	2.40481840776463e-05	0.000266381995675833	2.3900459790157	PDE4D
ENSG00000092964	1.77337619047619	1.68909047619048	4.41608972174229	2.40670031771522e-05	0.000266438465047857	2.38931667460317	DPYSL2
ENSG00000007001	2.13985	-7.67258214285714	4.43116418739282	2.4087843729714e-05	0.000266517236207172	2.39590260152302	UPP2
ENSG00000169994	1.59020476190476	-1.61729761904762	4.41551576448517	2.41210727649397e-05	0.000266732910563553	2.38722447515557	MYO7B
ENSG00000010810	1.86037857142857	2.31646785714286	4.41380521479532	2.42829108378834e-05	0.000268218206692358	2.38099024874821	FYN
ENSG00000102879	1.93254761904762	1.77204761904762	4.41380410540973	2.42830161378703e-05	0.000268218206692358	2.38098620604421	CORO1A
ENSG00000167617	1.92769761904762	2.26918452380952	4.41261971983627	2.439568653568e-05	0.000269309517424579	2.37667059074515	CDC42EP5
ENSG00000186714	1.65184523809523	-5.62152261904762	4.41238109047712	2.44184482611305e-05	0.000269407629735587	2.37580117861052	CCDC73
ENSG00000196081	1.78153333333333	-5.22165238095238	4.41113806204201	2.45373465276168e-05	0.000270565698394811	2.37127290034035	ZNF724
ENSG00000111728	1.89282380952381	-2.87179047619048	4.40979360266928	2.46665754772389e-05	0.000271741921935047	2.36637609589089	ST8SIA1
ENSG00000185532	1.4275119047619	-1.2172369047619	4.40973725620481	2.46720057869754e-05	0.000271741921935047	2.3661708924447	PRKG1
ENSG00000153446	1.86074285714286	0.817795238095238	4.40940455235609	2.47040931560617e-05	0.000271941088948076	2.36495928280424	C16orf89
ENSG00000130540	1.6338380952381	-2.08642619047619	4.40898069175901	2.47450303767008e-05	0.000272237393685425	2.36341579751385	SULT4A1
ENSG00000189042	1.5108619047619	-0.139859523809524	4.40862553042973	2.47793828736429e-05	0.000272460960725028	2.36212255814544	ZNF567
ENSG00000154146	1.64043571428571	-0.339320238095238	4.40789132851514	2.48505434451651e-05	0.000273088767752244	2.35944935413167	NRGN
ENSG00000147100	1.63423333333333	0.907923809523809	4.40724211135899	2.491363126195e-05	0.000273627201269539	2.35708583009849	SLC16A2
ENSG00000153495	1.50927619047619	-1.98183095238095	4.40664353233459	2.49719351570874e-05	0.000274030945609164	2.35490686875905	TEX29
ENSG00000275152	2.52026666666666	-5.41261904761905	4.44606418990175	2.49786164243599e-05	0.000274030945609164	2.37367078208839	CCL16
ENSG00000100678	1.48828333333333	-3.67222738095238	4.40617842914297	2.50173288247958e-05	0.000274155923192854	2.35321392887868	SLC8A3
ENSG00000133246	1.65599285714286	-0.619646428571429	4.40616904276297	2.50182457460983e-05	0.000274155923192854	2.35317976443373	PRAM1
ENSG00000180626	1.52719761904762	0.0467988095238095	4.40501104206364	2.51316156267332e-05	0.000275242928505305	2.34896526753323	ZNF594
ENSG00000175489	1.73871428571429	-1.13244761904762	4.40482227183612	2.51501434001926e-05	0.000275269835326675	2.34827831766506	LRRC25
ENSG00000112773	1.6161380952381	0.460097619047619	4.40469722039451	2.51624244363399e-05	0.000275269835326675	2.34782325660569	TENT5A
ENSG00000146592	1.7300619047619	0.102238095238095	4.40439167677593	2.51924555602596e-05	0.000275347445575046	2.34671142330329	CREB5
ENSG00000259529	1.39398571428572	-1.88020952380952	4.4041830980606	2.5212976094372e-05	0.000275347445575046	2.34595246289352	AL136295.5
ENSG00000132031	1.65490238095238	-2.69244880952381	4.4041123393478	2.52199411878486e-05	0.000275347445575046	2.34569499703759	MATN3
ENSG00000107249	1.74630476190476	1.59357142857143	4.4040483774865	2.52262388339689e-05	0.000275347445575046	2.34546226494661	GLIS3
ENSG00000171757	1.52915238095238	-1.6753	4.40375574595797	2.52550705044506e-05	0.000275507280368214	2.34439752322012	LRRC34
ENSG00000162512	1.70717619047619	1.16647142857143	4.40263462543809	2.53658238673056e-05	0.000276560116707097	2.34031876655333	SDC3
ENSG00000107295	1.61775238095238	-1.36789523809524	4.40242470851215	2.53866131589439e-05	0.000276631455847572	2.33955514519402	SH3GL2
ENSG00000173376	1.74022857142857	-3.86232619047619	4.40223002908896	2.54059080776765e-05	0.000276686440298555	2.33884697602708	NDNF
ENSG00000172819	1.76776904761905	1.72993214285714	4.40152429862848	2.54759725301255e-05	0.000277293965577341	2.33627997849053	RARG
ENSG00000079102	1.49891190476191	-1.32650833333333	4.401081870618	2.55199914780967e-05	0.000277617475922511	2.33467085096077	RUNX1T1
ENSG00000068366	1.71210952380952	1.16914761904762	4.40078929048294	2.55491417386183e-05	0.000277778966562424	2.33360678663674	ACSL4
ENSG00000157429	1.60842857142857	0.675452380952381	4.39895367543881	2.57327612407514e-05	0.000279571006065282	2.32693207032489	ZNF19
ENSG00000196843	1.85679761904762	1.82687261904762	4.39885405926064	2.57427623259205e-05	0.000279571006065282	2.32656989761023	ARID5A
ENSG00000131668	2.42979047619048	-3.19745714285714	4.43431797253987	2.58360882075974e-05	0.000280427703082798	2.34078486904273	BARX1
ENSG00000096968	1.55958571428571	0.315859523809524	4.39765894866226	2.58630394995858e-05	0.00028056340838154	2.32222529347116	JAK2
ENSG00000231274	2.42676904761904	-5.17306547619048	4.4282648766114	2.59201166330705e-05	0.000281025586142358	2.3352621215771	SBK3
ENSG00000151778	1.61126904761905	0.281765476190476	4.39614969682237	2.60157066443979e-05	0.00028190457121703	2.31673984129897	SERP2
ENSG00000176692	1.83534047619047	-4.92121547619048	4.39548379812216	2.60833410384253e-05	0.00028247981945574	2.31432000859856	FOXC2
ENSG00000109790	1.72030238095238	1.2066130952381	4.39513425147449	2.61189118282225e-05	0.000282707374515287	2.31304987919399	KLHL5
ENSG00000124875	2.12123095238095	0.0766797619047619	4.42311252514319	2.61390137908117e-05	0.000282767336930352	2.32599548258771	CXCL6
ENSG00000137507	1.89018571428571	2.43386428571429	4.39348212932904	2.62876701217222e-05	0.000284217137206905	2.3070475852909	LRRC32
ENSG00000188868	1.46987142857143	-0.652192857142857	4.39288657777566	2.63487609798786e-05	0.000284719110020748	2.30488427712912	ZNF563
ENSG00000064300	1.93202380952381	1.62602619047619	4.39245194391988	2.63934315061148e-05	0.000284774867635509	2.3033056204236	NGFR
ENSG00000107968	1.7367880952381	1.16401071428571	4.39241809838113	2.63969131246519e-05	0.000284774867635509	2.30318269273576	MAP3K8
ENSG00000080854	1.54075952380952	-0.665765476190476	4.3924083355749	2.63979174860395e-05	0.000284774867635509	2.30314723414477	IGSF9B
ENSG00000140451	1.5626119047619	-2.51580595238095	4.39219381971478	2.64199953861897e-05	0.000284854786456985	2.30236812443655	PIF1
ENSG00000134955	1.57794523809524	-0.801863095238095	4.39191762908461	2.64484470523629e-05	0.000284936363490794	2.30136505377071	SLC37A2
ENSG00000172123	1.5478119047619	-0.545015476190476	4.39183553896017	2.64569092272068e-05	0.000284936363490794	2.30106692673135	SLFN12
ENSG00000122862	1.98045714285714	2.80003095238095	4.39118774078056	2.65237784723631e-05	0.000285498187570037	2.29871444938248	SRGN
ENSG00000120738	2.50006666666667	4.16392857142857	4.39131403136512	2.66440223603178e-05	0.000286481370363263	2.2951292186869	EGR1
ENSG00000223865	2.04179047619048	3.36374523809524	4.39002100679677	2.66446263712047e-05	0.000286481370363263	2.29447805786944	HLA-DPB1
ENSG00000185386	1.68841666666667	0.995579761904762	4.38900183464019	2.67506243896704e-05	0.000287461884005877	2.29077809221251	MAPK11
ENSG00000130643	1.76783333333333	-0.302580952380952	4.38854768353811	2.67979887813919e-05	0.000287811585263865	2.28912954817297	CALY
ENSG00000197016	1.43085238095238	-1.03030476190476	4.38829008726112	2.68248899762034e-05	0.000287941245747881	2.28819453953831	ZNF470
ENSG00000085552	1.54162857142857	-0.490690476190476	4.38772002297862	2.6884515306503e-05	0.000288340645242473	2.2861254856932	IGSF9
ENSG00000182308	1.32081428571428	-4.33889285714286	4.38765049065546	2.68917967109959e-05	0.000288340645242473	2.28587313006148	DCAF4L1
ENSG00000167995	1.54910238095238	0.00854404761904761	4.38731099614151	2.69273757909122e-05	0.000288562794209677	2.28464103237401	BEST1
ENSG00000101574	1.56030952380952	0.406254761904762	4.38698128962055	2.69619725254932e-05	0.000288774176778835	2.28344451996173	METTL4
ENSG00000255104	2.47884047619047	-6.31015595238095	4.42709359463051	2.69777683471215e-05	0.000288784071534953	2.30240756298334	AC005324.4
ENSG00000153976	2.74594285714285	-5.79111190476191	4.43499859818823	2.71728919799097e-05	0.000290712515959166	2.3003664962162	HS3ST3A1
ENSG00000198771	1.54679047619048	-1.04279523809524	4.38357525791583	2.73218912224935e-05	0.000292145640836112	2.2710875635298	RCSD1
ENSG00000177125	1.50460476190476	0.0480142857142857	4.38317462919506	2.73645292629834e-05	0.00029230878898169	2.26963453019919	ZBTB34
ENSG00000160117	1.39397142857143	-2.94720238095238	4.38314902848564	2.73672560700748e-05	0.00029230878898169	2.26954168252954	ANKLE1
ENSG00000127191	1.7047880952381	1.38297023809524	4.38288890856101	2.73949770674785e-05	0.000292371343903231	2.26859831067629	TRAF2
ENSG00000027644	1.45685	-3.84976547619048	4.38281155204812	2.74032261769431e-05	0.000292371343903231	2.26831777073228	INSRR
ENSG00000152454	1.47655	-0.633103571428571	4.38195691550712	2.74945220479203e-05	0.000293184310338559	2.26521858509954	ZNF256
ENSG00000120049	1.55609523809524	-0.121497619047619	4.38154423197638	2.75387115500397e-05	0.000293384354902171	2.26372221104176	KCNIP2
ENSG00000222009	1.66449523809524	0.407028571428571	4.38146306172607	2.75474111865775e-05	0.000293384354902171	2.26342790232861	BTBD19
ENSG00000124491	1.84994523809524	0.846694047619047	4.38135862208159	2.7558608679656e-05	0.000293384354902171	2.26304922848709	F13A1
ENSG00000256671	2.33522142857143	-0.298779761904762	4.42441407546632	2.76632557845551e-05	0.000294323672595619	2.28087440883239	LIMS4
ENSG00000197714	1.39346428571429	-2.03160357142857	4.38017035219811	2.76863183542133e-05	0.000294323672595619	2.25874127476922	ZNF460
ENSG00000107186	1.64850238095238	1.01875357142857	4.37990999269023	2.77143766728928e-05	0.000294323672595619	2.25779747453185	MPDZ
ENSG00000188313	2.08593333333333	3.86800714285714	4.37990548869926	2.77148622982957e-05	0.000294323672595619	2.25778114795504	PLSCR1
ENSG00000173166	1.59202142857143	0.346591666666667	4.37978499545678	2.77278570616432e-05	0.000294323672595619	2.2573443746756	RAPH1
ENSG00000130755	1.86058571428571	1.95309285714286	4.37969297026625	2.77377856035628e-05	0.000294323672595619	2.25701080016213	GMFG
ENSG00000166503	1.68805714285714	0.974290476190476	4.37947307072499	2.77615243124987e-05	0.000294414680010978	2.25621372396379	HDGFL3
ENSG00000177272	1.76578809523809	-4.73479166666667	4.37926640863374	2.77838518562018e-05	0.000294490630646139	2.25546465497964	KCNA3
ENSG00000073737	1.97828571428571	-3.77739761904762	4.37855303255899	2.78610573040986e-05	0.000295147850917068	2.25287913315383	DHRS9
ENSG00000107165	2.53253333333333	-6.35297142857143	4.42152286276634	2.78773661616312e-05	0.000295159594398339	2.27326869925263	TYRP1
ENSG00000146070	1.9833619047619	-3.53563333333333	4.37807081351846	2.79133627798662e-05	0.0002953796612858	2.25113156828574	PLA2G7
ENSG00000100146	1.73836666666667	-2.00196904761905	4.37760386934228	2.79641016172486e-05	0.00029567129306496	2.24943948559961	SOX10
ENSG00000140332	1.81691904761905	2.17549523809524	4.37746981580947	2.79786844880613e-05	0.00029567129306496	2.24895373381277	TLE3
ENSG00000128594	1.47854523809524	-2.95798214285714	4.3773970624862	2.79866019493973e-05	0.00029567129306496	2.24869011164144	LRRC4
ENSG00000223953	1.92808095238095	2.72131190476191	4.3769369340255	2.80367259871168e-05	0.000296039774452329	2.24702290268129	C1QTNF5
ENSG00000135127	1.78377619047619	1.62921190476191	4.37594460109411	2.81451203777686e-05	0.000296888720938478	2.24342773757333	BICDL1
ENSG00000020577	1.68025476190476	0.836696428571429	4.37592098450306	2.81477049772241e-05	0.000296888720938478	2.24334218284584	SAMD4A
ENSG00000157103	1.48782380952381	-2.7024880952381	4.37575655015291	2.816570701373e-05	0.000296917317476987	2.24274650295695	SLC6A1
ENSG00000110446	1.80679047619048	1.6508619047619	4.37478923343552	2.82718323399719e-05	0.000297859634829341	2.23924261272035	SLC15A3
ENSG00000166257	1.44370952380952	-1.2283619047619	4.37455850546676	2.82972026202428e-05	0.000297859634829341	2.2384069304636	SCN3B
ENSG00000102781	1.46717619047619	-0.931859523809524	4.37452295400407	2.83011137223264e-05	0.000297859634829341	2.23827816798477	KATNAL1
ENSG00000128881	1.46709047619048	-0.339207142857143	4.37432827841865	2.83225396929821e-05	0.000297923659674067	2.23757309270122	TTBK2
ENSG00000149781	1.77165	1.173825	4.37334417798742	2.84310891732772e-05	0.000298903567713426	2.23400921161582	FERMT3
ENSG00000139438	1.61676428571429	0.245453571428571	4.37312590262239	2.84552199342538e-05	0.000298995379157652	2.2332188106302	FAM222A
ENSG00000102554	1.75150714285714	1.53405119047619	4.37206964145108	2.85722708095456e-05	0.000300062928382778	2.22939434680317	KLF5
ENSG00000196923	1.96378571428571	3.00942142857143	4.37184416773769	2.85973169928351e-05	0.000300163622360471	2.22857804379553	PDLIM7
ENSG00000152443	1.62440476190476	0.74232619047619	4.37142928193504	2.86434588488624e-05	0.000300379406780732	2.22707607059442	ZNF776
ENSG00000156804	1.82383333333333	1.48934523809524	4.37138117678261	2.8648813541967e-05	0.000300379406780732	2.226901926243	FBXO32
ENSG00000129646	1.54105952380952	-0.161015476190476	4.3710495809972	2.86857504734624e-05	0.000300604372743493	2.22570155984599	QRICH2
ENSG00000007237	1.6181	0.0795142857142858	4.37085287815892	2.87076831710277e-05	0.000300671948120289	2.22498953129765	AC005747.1
ENSG00000257008	1.78553571428571	-3.41595357142857	4.36986349750985	2.88182461057821e-05	0.000301667225273357	2.22140848721829	GPR142
ENSG00000256950	1.5321619047619	-1.65075238095238	4.36903307915232	2.89113617507169e-05	0.000302229109002126	2.21840323448546	AC069503.2
ENSG00000101916	1.98739285714286	-4.34858928571428	4.36899811280905	2.89152889172105e-05	0.000302229109002126	2.21827670122696	TLR8
ENSG00000105255	2.49175714285714	-4.83935476190476	4.40218459795934	2.89307500005423e-05	0.000302229109002126	2.23405432332351	FSD1
ENSG00000056558	1.62093809523809	0.565004761904762	4.36882193971251	2.8935083225919e-05	0.000302229109002126	2.21763919145759	TRAF1
ENSG00000142694	1.86194285714286	1.99629047619048	4.36869152460773	2.89497447082065e-05	0.000302229109002126	2.2171672754943	EVA1B
ENSG00000159640	1.70226428571429	1.04749166666667	4.36852762805699	2.89681803836267e-05	0.000302259068613252	2.21657421837502	ACE
ENSG00000182870	1.87629285714286	-4.58053452380953	4.3680372212231	2.90234107190463e-05	0.00030267271178434	2.21479978030006	GALNT9
ENSG00000138400	1.45629047619048	-1.13319047619048	4.36755658949824	2.9077638632431e-05	0.000303075462675547	2.21306084447234	MDH1B
ENSG00000091972	1.64657619047619	0.750057142857143	4.36738205283809	2.90973551215047e-05	0.00030309141933855	2.21242939970211	CD200
ENSG00000187045	1.52220238095238	-2.91709880952381	4.36726675199393	2.91103871184672e-05	0.00030309141933855	2.2120122698414	TMPRSS6
ENSG00000197580	1.64646904761905	0.207891666666667	4.36569571311824	2.92885168769564e-05	0.000304782647758167	2.20632939594681	BCO2
ENSG00000135424	1.85109047619048	2.2951	4.36509983074992	2.93563544543306e-05	0.000305324954897799	2.20417429585637	ITGA7
ENSG00000162992	1.73400476190476	0.00408095238095237	4.36318067948421	2.95758688715536e-05	0.000307074142067003	2.19723476712689	NEUROD1
ENSG00000069493	1.61878095238095	0.527983333333333	4.36316969336595	2.95771300165026e-05	0.000307074142067003	2.19719504807171	CLEC2D
ENSG00000160207	1.65729285714286	-4.19091071428571	4.36305745365838	2.95900174770512e-05	0.000307074142067003	2.19678926218039	HSF2BP
ENSG00000138696	1.38179523809524	-1.79309047619048	4.36303277441158	2.959285189523e-05	0.000307074142067003	2.19670003901534	BMPR1B
ENSG00000118231	2.25220714285714	-8.69327261904761	4.39347630133003	2.96036045910717e-05	0.000307074142067003	2.21131734200719	CRYGD
ENSG00000164626	1.85889523809524	2.5659	4.36268064759706	2.96333222660607e-05	0.00030721828711285	2.19542702874545	KCNK5
ENSG00000236334	1.70605	-8.45384166666666	4.36027478405645	2.99112616795359e-05	0.000309815999420454	2.18673123482398	PPIAL4G
ENSG00000102096	1.61550476190476	0.662388095238095	4.36016961438534	2.99234686241334e-05	0.000309815999420454	2.18635118316566	PIM2
ENSG00000099625	1.64796666666667	-1.95579523809524	4.36009824779752	2.99317548106278e-05	0.000309815999420454	2.1860932893122	CBARP
ENSG00000129749	1.45964523809524	-1.3679630952381	4.35970957828185	2.99769210299833e-05	0.000310118195290472	2.18468882485902	CHRNA10
ENSG00000178201	1.39135714285714	-2.38713333333333	4.35923774873542	3.00318393092355e-05	0.000310399912214974	2.18298397603578	VN1R1
ENSG00000131711	1.58787619047619	-0.087992857142857	4.35920098103782	3.00361229298556e-05	0.000310399912214974	2.18285112965753	MAP1B
ENSG00000185269	1.44880952380953	-3.36369761904762	4.35878959572137	3.00840915412599e-05	0.000310730260397971	2.1813647947207	NOTUM
ENSG00000113369	1.98616904761905	2.60007976190476	4.35843415513608	3.01255962860639e-05	0.000310783939710353	2.18008066591333	ARRDC3
ENSG00000256977	2.46362142857143	-1.43558452380952	4.4060221314586	3.01314527907923e-05	0.000310783939710353	2.20315175343676	LIMS3
ENSG00000176749	1.43871666666667	-1.45258214285714	4.35831087843516	3.01400041710608e-05	0.000310783939710353	2.17963531111105	CDK5R1
ENSG00000083814	1.58530952380952	0.3905	4.35819709529201	3.01533083950101e-05	0.000310783939710353	2.17922426085553	ZNF671
ENSG00000158125	1.46054523809524	-2.92557261904762	4.35794259337022	3.01830868102157e-05	0.000310798225695565	2.17830488008717	XDH
ENSG00000134198	1.54472619047619	-0.799496428571429	4.35791167988734	3.01867058225273e-05	0.000310798225695565	2.17819320855245	TSPAN2
ENSG00000170190	1.65897619047619	0.579380952380952	4.35770132543742	3.0211342924942e-05	0.000310887046590633	2.17743334088736	SLC16A5
ENSG00000181790	1.50959523809524	-1.80523095238095	4.35751179665306	3.023355747914e-05	0.000310950857590011	2.17674872384992	ADGRB1
ENSG00000203985	2.45465238095238	-7.02722380952381	4.39656363735775	3.03686871601093e-05	0.00031217531353891	2.19227258717047	LDLRAD1
ENSG00000112837	1.64702619047619	-3.42230833333333	4.35599640767864	3.04117422180786e-05	0.000312452492270186	2.17127556471034	TBX18
ENSG00000170522	1.65934523809524	-0.607301190476191	4.35574282522145	3.04416579913354e-05	0.000312594455248942	2.170359824326	ELOVL6
ENSG00000172156	2.37677380952381	-1.29243928571429	4.39989188531806	3.05183681581259e-05	0.000313216529014	2.18992343824913	CCL11
ENSG00000159917	1.44062142857143	-0.877408333333333	4.35302705372053	3.07638276441825e-05	0.000315568940937526	2.1605548990675	ZNF235
ENSG00000198515	1.55125952380952	-1.15806785714286	4.35080249015196	3.10301709248887e-05	0.000318070774584171	2.152526556725	CNGA1
ENSG00000162739	1.5271880952381	-2.74944166666667	4.35071672348709	3.10404839755384e-05	0.000318070774584171	2.15221708567375	SLAMF6
ENSG00000175518	1.47023333333333	-2.21797380952381	4.34956654881726	3.11791067325864e-05	0.00031917574067093	2.14806732806694	UBQLNL
ENSG00000198520	1.75867380952381	-0.105163095238095	4.3495492873132	3.11811916805414e-05	0.00031917574067093	2.14800505541796	ARMH1
ENSG00000183722	1.8328619047619	2.0527119047619	4.34938669181371	3.12008375326752e-05	0.000319208568603523	2.14741848382331	LHFPL6
ENSG00000175130	1.93232380952381	2.91407857142857	4.34773095127376	3.14015751624719e-05	0.000321093094526003	2.14144617698027	MARCKSL1
ENSG00000169184	1.42133333333333	-1.93332857142857	4.34670843977836	3.15261625994865e-05	0.000322197381766752	2.13775873094531	MN1
ENSG00000168995	1.99987380952381	-2.3562130952381	4.35260648405934	3.16029618913399e-05	0.000322812369282503	2.13872949165406	SIGLEC7
ENSG00000100003	1.57074047619048	0.431577380952381	4.34556752156246	3.16657393628177e-05	0.000323143434478208	2.13364498613799	SEC14L2
ENSG00000183340	1.58625952380952	0.697060714285714	4.34553723232968	3.16694529633242e-05	0.000323143434478208	2.1335357841147	JRKL
ENSG00000163069	1.63660714285714	0.933908333333333	4.3454029266209	3.16859245218009e-05	0.000323143434478208	2.13305157695832	SGCB
ENSG00000163823	1.75384047619048	-1.64166071428571	4.34504649074846	3.17296786558761e-05	0.000323143434478208	2.1317665826732	CCR1
ENSG00000149564	1.85274761904762	2.56089285714286	4.34502123216005	3.17327814706374e-05	0.000323143434478208	2.13167552518018	ESAM
ENSG00000074706	1.43700952380952	-1.75698333333333	4.34500137131829	3.17352214208437e-05	0.000323143434478208	2.13160392688083	IPCEF1
ENSG00000173530	1.57474285714286	0.0278976190476191	4.3446809091551	3.17746159304757e-05	0.000323374995879443	2.1304486926063	TNFRSF10D
ENSG00000179256	1.48432380952381	-3.52734523809524	4.34400582027033	3.18577590203392e-05	0.000324051317263984	2.12801525684597	SMCO3
ENSG00000152049	2.11760952380952	0.689721428571429	4.36721717222993	3.18962994669253e-05	0.000324140438031713	2.13850741339136	KCNE4
ENSG00000113249	2.60197619047619	-7.75575714285714	4.39078350018627	3.18999061220828e-05	0.000324140438031713	2.14989890203935	HAVCR1
ENSG00000179044	1.55882857142857	0.0308380952380953	4.343449468229	3.19264361225303e-05	0.000324240343424317	2.12601001812322	EXOC3L1
ENSG00000140090	1.53126666666666	-4.75614047619048	4.34277070945975	3.20104164853348e-05	0.000324923297079055	2.12356383378722	SLC24A4
ENSG00000145632	1.96042619047619	2.95008452380952	4.34186677329449	3.21225876914764e-05	0.000325891540121781	2.1203065410083	PLK2
ENSG00000073331	1.71776666666667	1.54269047619048	4.34075266346878	3.22613607555654e-05	0.000327039847208954	2.11629254186342	ALPK1
ENSG00000158470	1.74162619047619	1.65873452380952	4.34060647923905	3.22796122055956e-05	0.000327039847208954	2.11576591111391	B4GALT5
ENSG00000174007	1.37888333333333	-2.14596785714286	4.34055292791152	3.22863007055085e-05	0.000327039847208954	2.11557299476975	CEP19
ENSG00000196150	1.59495952380952	0.724689285714286	4.34021448721502	3.23286024530067e-05	0.000327297602936645	2.11435381484296	ZNF250
ENSG00000137462	1.63861428571429	0.485616666666667	4.33876522356899	3.25103506729936e-05	0.000328966122651479	2.10913381159462	TLR2
ENSG00000275302	1.69388095238095	-0.603111904761905	4.33817300307337	3.25849023537487e-05	0.000329474386967534	2.10700108023276	CCL4
ENSG00000204642	2.03538095238095	3.48891904761905	4.33804583744747	3.26009320617472e-05	0.000329474386967534	2.106543151862	HLA-F
ENSG00000111145	1.63686904761905	0.927405952380952	4.33796217053231	3.26114827351736e-05	0.000329474386967534	2.10624186910641	ELK3
ENSG00000099282	1.90520714285714	2.68636547619048	4.33754396403451	3.26642692765928e-05	0.000329836079465875	2.10473597679081	TSPAN15
ENSG00000169896	1.73464523809524	-0.0286369047619047	4.3369016882527	3.27454984079537e-05	0.000330185768474738	2.10242344366582	ITGAM
ENSG00000128266	1.52327142857143	-1.09539523809524	4.3368900525491	3.27469717775198e-05	0.000330185768474738	2.10238155115245	GNAZ
ENSG00000166265	1.63180476190476	0.763788095238095	4.33675050077565	3.27646474801072e-05	0.000330185768474738	2.10187912308804	CYYR1
ENSG00000204262	1.68858333333333	0.637341666666667	4.33673259540076	3.27669160495839e-05	0.000330185768474738	2.10181465920024	COL5A2
ENSG00000119632	1.96621904761905	2.96202857142857	4.3364622520548	3.28011863165797e-05	0.000330359665920821	2.10084137701347	IFI27L2
ENSG00000123609	1.67892857142857	1.27361428571429	4.33559312571894	3.29115957966827e-05	0.000331299827465	2.09771265829346	NMI
ENSG00000006837	1.58430714285714	-1.20211547619048	4.33401448628328	3.31130545013816e-05	0.000333155073734626	2.09203091354791	CDKL3
ENSG00000184486	1.67109523809524	-8.24878333333332	4.33240702104808	3.33194120395531e-05	0.00033505766078925	2.08624689244705	POU3F2
ENSG00000146192	1.75671666666667	0.300420238095238	4.33199349032267	3.33726988071045e-05	0.000335403261558345	2.0847591562122	FGD2
ENSG00000158106	1.79495476190476	2.00589642857143	4.331872340308	3.33883255017139e-05	0.000335403261558345	2.08432332024075	RHPN1
ENSG00000047617	1.55784523809524	-1.67810357142857	4.33168753001793	3.34121770765014e-05	0.000335469314618152	2.08365848331982	ANO2
ENSG00000197410	1.95003571428571	-6.797175	4.33150607392302	3.3435611725175e-05	0.000335531115493255	2.08300573189688	DCHS2
ENSG00000273154	1.57903095238095	0.320144047619048	4.33127069141199	3.34660344365702e-05	0.000335662942504814	2.08215901936424	AL121845.3
ENSG00000088881	1.84207380952381	2.43317023809524	4.33110999153305	3.3486819881211e-05	0.000335698021917065	2.08158097177388	EBF4
ENSG00000177453	1.61430476190476	-3.51519285714286	4.33060109273438	3.35527245665827e-05	0.000336185142225956	2.07975052872283	NIM1K
ENSG00000187730	2.22119523809523	-4.98523571428571	4.3428537047436	3.36358455626e-05	0.00033684417180741	2.08386342807483	GABRD
ENSG00000152954	1.92778571428571	-3.48665714285714	4.32960279247716	3.36823720059705e-05	0.000337136236913369	2.07616020478337	NRSN1
ENSG00000007402	1.59409523809524	-0.0635428571428571	4.32904559631828	3.37549437054776e-05	0.000337688560985555	2.07415653324808	CACNA2D2
ENSG00000257108	1.44489761904762	-3.68123928571429	4.32889452536599	3.37746457904455e-05	0.000337711674541128	2.07361331447423	NHLRC4
ENSG00000054219	1.5186380952381	-1.22134523809524	4.32862363828292	3.3810001564918e-05	0.000337891204522685	2.07263929545566	LY75
ENSG00000180089	1.62155952380952	0.712058333333333	4.32845427341692	3.38321249184619e-05	0.000337938375342949	2.07203033770529	TMEM86B
ENSG00000167676	1.97820714285714	2.52379642857143	4.32826961138251	3.38562623575292e-05	0.000338005605377122	2.07136639722231	PLIN4
ENSG00000171992	1.95018333333333	3.25239166666667	4.32791262367045	3.3902971761131e-05	0.00033817908624086	2.070082926479	SYNPO
ENSG00000090975	1.65871190476191	1.11434880952381	4.32782385762652	3.39145958222535e-05	0.00033817908624086	2.06976379909317	PITPNM2
ENSG00000164692	2.16174761904762	4.06097619047619	4.32764020800178	3.39386572320551e-05	0.00033817908624086	2.06910356524746	COL1A2
ENSG00000123384	1.97822857142857	3.30584761904762	4.32760477073994	3.39433020436418e-05	0.00033817908624086	2.06897616793132	LRP1
ENSG00000196159	1.34187380952381	-2.11627738095238	4.32703010614519	3.40187096483429e-05	0.000338635028665575	2.0669103437921	FAT4
ENSG00000182578	1.85974285714286	1.11741666666667	4.3269902632955	3.40239438112337e-05	0.000338635028665575	2.066767122387	CSF1R
ENSG00000135298	1.43532380952381	-3.50962380952381	4.32546228301507	3.42252610911239e-05	0.000340464200751764	2.06127524603832	ADGRB3
ENSG00000255690	1.42712857142857	-2.52188333333333	4.32494776001364	3.42933092747256e-05	0.000340945953685572	2.05942624682991	TRIL
ENSG00000102385	1.73575714285714	-6.1562880952381	4.32483072483738	3.43088059275727e-05	0.000340945953685572	2.05900568838061	DRP2
ENSG00000011600	2.09945	3.06432023809524	4.3244782204376	3.43555218646697e-05	0.000341235561927446	2.05773903395009	TYROBP
ENSG00000142233	1.50119047619048	-2.58397142857143	4.32328829154749	3.45136709810471e-05	0.000342631116109393	2.05346378991372	NTN5
ENSG00000139318	1.77569761904762	1.95799166666667	4.32283342029179	3.45743112815951e-05	0.000343057729415439	2.05182971820726	DUSP6
ENSG00000161682	1.44248095238095	-2.94521666666667	4.32207051346107	3.46762471661768e-05	0.000343893446104608	2.04908933249467	FAM171A2
ENSG00000105136	1.61250476190476	0.791785714285714	4.32172729465655	3.47222007120813e-05	0.000344173401443182	2.04785658899461	ZNF419
ENSG00000107147	1.38801904761905	-2.59396666666667	4.32126610518716	3.4784041689009e-05	0.000344610470161824	2.04620023563483	KCNT1
ENSG00000198963	1.54018333333333	-5.18043214285714	4.32110661595868	3.48054522967876e-05	0.000344646747934228	2.04562746158667	RORB
ENSG00000141753	2.32014761904762	5.51090952380952	4.32046551835936	3.48916444451966e-05	0.000345324134473409	2.04332523420795	IGFBP4
ENSG00000258839	1.64755714285714	0.682423809523809	4.31959942020528	3.50084131528519e-05	0.000346303294244564	2.04021539010439	MC1R
ENSG00000169855	1.60812857142857	-0.58087619047619	4.31930500491427	3.50481923073962e-05	0.000346520263862027	2.03915835018644	ROBO1
ENSG00000160712	1.71128571428571	0.817828571428571	4.31905976863736	3.50813599883352e-05	0.000346671678500506	2.03827791596735	IL6R
ENSG00000134533	1.6381119047619	0.873120238095238	4.31890768300305	3.51019444253428e-05	0.000346698655570349	2.03773192365207	RERG
ENSG00000183486	1.65352380952381	0.838557142857143	4.3187106249997	3.5128633064897e-05	0.000346785865202933	2.03702449893113	MX2
ENSG00000138613	1.60080476190476	0.602288095238095	4.31853296058993	3.51527118719492e-05	0.000346847235330035	2.03638671508469	APH1B
ENSG00000188153	1.50706428571429	-0.852610714285714	4.31838400207984	3.51729124233838e-05	0.000346870296311461	2.03585199438158	COL4A5
ENSG00000109458	1.61503095238095	1.11668214285714	4.31780632274658	3.52513584087356e-05	0.000347467450548644	2.03377840314331	GAB1
ENSG00000125744	1.65380476190476	0.984038095238095	4.31560124252504	3.55523489693667e-05	0.000350256475031539	2.02586499525836	RTN2
ENSG00000184517	1.45818333333333	-0.540660714285715	4.31522329494803	3.56041860995246e-05	0.000350589292941465	2.0245089303021	ZFP1
ENSG00000196132	1.60687857142857	-2.54921547619047	4.31390988878335	3.57848918093309e-05	0.000352112667057699	2.01979710839832	MYT1
ENSG00000105643	1.87397619047619	2.5663380952381	4.31383545384837	3.57951593764496e-05	0.000352112667057699	2.01953010418598	ARRDC2
ENSG00000197245	1.64891666666667	0.0861488095238095	4.31335297066456	3.58617819954763e-05	0.000352589409006663	2.0177994750641	FAM110D
ENSG00000008056	1.53950714285714	-1.15401547619048	4.31259386843171	3.59668426705392e-05	0.000353443396243184	2.0150769074549	SYN1
ENSG00000100490	1.5954380952381	-0.909988095238095	4.31186838982102	3.606752667441e-05	0.000354253532101008	2.01247524420021	CDKL1
ENSG00000147010	1.57315714285714	0.302766666666667	4.31099600042377	3.6188958733394e-05	0.000355266532196686	2.00934714199523	SH3KBP1
ENSG00000154330	1.53883095238095	-0.143482142857143	4.31017695876269	3.63033232218282e-05	0.000356209161354957	2.00641072762776	PGM5
ENSG00000121807	1.88502380952381	-2.14076428571428	4.31002308352456	3.63248479295239e-05	0.000356240352068431	2.00585909998672	CCR2
ENSG00000143630	1.61950238095238	0.496034523809524	4.30948811558096	3.63997771175366e-05	0.000356794988424192	2.00394139888848	HCN3
ENSG00000103540	1.60895238095238	1.09260714285714	4.30853139707094	3.65341490750864e-05	0.000357800167598871	2.00051225993938	CCP110
ENSG00000041515	1.71037142857142	-5.02890952380952	4.30849566682503	3.65391766581811e-05	0.000357800167598871	2.00038420328828	MYO16
ENSG00000184254	1.72946904761905	1.36817976190476	4.30780357356396	3.66366922142972e-05	0.00035845314357783	1.99790389736782	ALDH1A3
ENSG00000198353	1.6207	-3.18476666666667	4.3077604301893	3.66427793800594e-05	0.00035845314357783	1.99774929043182	HOXC4
ENSG00000260027	1.49846428571429	-1.46379880952381	4.3065158581974	3.68187977121489e-05	0.00035986602190797	1.9932897537383	HOXB7
ENSG00000180071	1.66614285714286	0.608757142857143	4.30647721698488	3.68242756994097e-05	0.00035986602190797	1.993151309314	ANKRD18A
ENSG00000180347	2.09454047619047	-6.82764404761904	4.3190078129096	3.69024297718382e-05	0.000360304727522906	1.99774018949804	ITPRID1
ENSG00000132563	1.66819523809524	-0.215095238095238	4.30581325455626	3.69185252544445e-05	0.000360304727522906	1.99077258787357	REEP2
ENSG00000177990	1.63618095238095	0.8007	4.30576887627276	3.69248330296932e-05	0.000360304727522906	1.9906136066861	DPY19L2
ENSG00000197119	1.96429285714286	3.28121785714286	4.30439025738101	3.71213026433638e-05	0.000361936578761778	1.98567539690311	SLC25A29
ENSG00000139625	1.80424285714286	2.16753571428571	4.3043339585189	3.71293472496375e-05	0.000361936578761778	1.98547375788649	MAP3K12
ENSG00000124731	2.03606428571429	-2.31710119047619	4.31672637147953	3.72002938611064e-05	0.000362355591006062	1.99016727178793	TREM1
ENSG00000108849	2.28955238095238	3.61283095238095	4.3037725922569	3.72096533353634e-05	0.000362355591006062	1.98346327870546	PPY
ENSG00000204991	1.61995238095238	0.581607142857143	4.30293064799885	3.73304109222496e-05	0.000363349332976563	1.98044827852535	SPIRE2
ENSG00000135111	1.57912619047619	0.217555952380952	4.30257909274218	3.73809450192365e-05	0.000363658913017802	1.97918948156413	TBX3
ENSG00000180537	1.44958095238095	-2.73168571428571	4.30238620756941	3.74086991490374e-05	0.000363746680058091	1.97849885733457	RNF182
ENSG00000156299	1.51371428571429	-1.20750952380952	4.30175696290002	3.74993787456131e-05	0.000364193460773213	1.9762460003103	TIAM1
ENSG00000174032	1.59439047619048	0.950245238095238	4.30170522901941	3.75068434501849e-05	0.000364193460773213	1.97606078997582	SLC25A30
ENSG00000168394	1.84534285714286	2.51379285714286	4.30167702470951	3.7510913664972e-05	0.000364193460773213	1.97595981754107	TAP1
ENSG00000128394	1.49783571428571	-0.475629761904762	4.30140010687735	3.75508987617607e-05	0.000364399476339765	1.97496846630567	APOBEC3F
ENSG00000184368	1.42114523809524	-2.406875	4.30051903115488	3.76783933529744e-05	0.000365348960539327	1.97181455724668	MAP7D2
ENSG00000186105	1.49674761904762	-1.26129761904762	4.30046398989832	3.76863718179149e-05	0.000365348960539327	1.97161754584247	LRRC70
ENSG00000108370	1.57678095238095	-0.994761904761904	4.2985084625362	3.79708913910517e-05	0.000367923537440839	1.96461918671533	RGS9
ENSG00000012124	1.59045476190476	-1.32037023809524	4.29815005664265	3.80232613718795e-05	0.000368134379889174	1.96333677914093	CD22
ENSG00000124225	1.95378095238095	3.08642380952381	4.29810009102593	3.80305678266394e-05	0.000368134379889174	1.96315800371773	PMEPA1
ENSG00000102271	1.5945238095238	-5.62018571428571	4.29777671053354	3.80778883277481e-05	0.000368408787019538	1.9620009933719	KLHL4
ENSG00000175906	1.52324047619048	-0.474596428571429	4.2972584723532	3.81538406939086e-05	0.000368880269323035	1.96014693582525	ARL4D
ENSG00000149260	1.69371904761905	1.13559047619048	4.29718504911819	3.81646133005447e-05	0.000368880269323035	1.95988426823284	CAPN5
ENSG00000163637	1.58445476190476	0.550863095238095	4.29658301661245	3.82530535716424e-05	0.000369346882058263	1.95773064791524	PRICKLE2
ENSG00000172016	3.75404523809524	9.21530119047619	4.32164323714004	3.8263362593727e-05	0.000369346882058263	1.97008131912212	REG3A
ENSG00000147443	1.64815714285714	-0.519011904761905	4.29646813815172	3.82699519364108e-05	0.000369346882058263	1.95731972291403	DOK2
ENSG00000139880	1.60806428571429	0.549408333333334	4.29600207545234	3.83385824459329e-05	0.000369825431661761	1.95565267590636	CDH24
ENSG00000250067	1.7163619047619	1.47977142857143	4.29586498689251	3.83587920879583e-05	0.000369836655791447	1.95516235154372	YJEFN3
ENSG00000213658	1.73926666666667	1.58767619047619	4.29520965593389	3.84555429379698e-05	0.00037058547531985	1.95281858132358	LAT
ENSG00000121281	1.60416904761905	-0.0118416666666667	4.29507665911282	3.84752067873519e-05	0.000370591054264285	1.95234295286097	ADCY7
ENSG00000189409	1.68305238095238	0.663285714285714	4.29452540779897	3.85568136372751e-05	0.000371192963415274	1.95037165566564	MMP23B
ENSG00000151458	1.44366904761905	-0.344789285714286	4.29394419303617	3.86430366552539e-05	0.000371744901034139	1.9482933989399	ANKRD50
ENSG00000139549	2.0894238095238	-5.48555238095238	4.30139073018423	3.86671432680348e-05	0.000371744901034139	1.95155137421273	DHH
ENSG00000122188	1.63722380952381	-4.63863095238095	4.29375207610549	3.86715779219775e-05	0.000371744901034139	1.94760648719846	LAX1
ENSG00000108823	1.67197142857143	-1.01599523809524	4.29257175269343	3.88473747802277e-05	0.000373250036359457	1.94338672540559	SGCA
ENSG00000170989	1.75161666666667	1.63809880952381	4.2919879097313	3.89346161449183e-05	0.000373903252374888	1.94129973357624	S1PR1
ENSG00000137962	1.64564285714286	1.40109761904762	4.29177806467697	3.89660185061318e-05	0.000374019845453321	1.94054967455281	ARHGAP29
ENSG00000162591	1.76894523809524	1.63879404761905	4.29148742799946	3.9009551225934e-05	0.000374252700447226	1.93951088047492	MEGF6
ENSG00000198846	1.53343333333333	-1.25383333333333	4.2911441674155	3.90610264467648e-05	0.000374511823602348	1.93828406113008	TOX
ENSG00000182700	1.66655714285714	1.4259619047619	4.29105016683045	3.90751341342238e-05	0.000374511823602348	1.93794811332717	IGIP
ENSG00000170382	1.48304523809524	-0.628284523809524	4.29073342230823	3.91227075272712e-05	0.00037478279958784	1.93681614085448	LRRN2
ENSG00000187607	1.57832142857143	0.654444047619047	4.29057098522431	3.91471263557051e-05	0.000374831804524202	1.93623565047698	ZNF286A
ENSG00000102359	1.64500476190476	0.0115619047619048	4.29033698921227	3.91823282722937e-05	0.000374903458119035	1.9353994617594	SRPX2
ENSG00000185055	1.45005238095238	-1.75544523809524	4.29026460481063	3.91932238120116e-05	0.000374903458119035	1.93514080131392	EFCAB10
ENSG00000143297	2.03198571428571	-4.99787619047619	4.28919299908256	3.93548669337856e-05	0.000376264306312284	1.93131185154059	FCRL5
ENSG00000198400	1.5201380952381	-1.64672380952381	4.28888284159517	3.9401771283615e-05	0.000376278143030547	1.930203753676	NTRK1
ENSG00000173585	2.12115238095237	-5.92234285714286	4.30270822870733	3.94112646846815e-05	0.000376278143030547	1.93698418705599	CCR9
ENSG00000148702	1.80344761904762	1.76424523809524	4.28879907996434	3.94144475705084e-05	0.000376278143030547	1.92990450856809	HABP2
ENSG00000110697	1.84969285714286	2.50725595238095	4.28841341728844	3.94728634959966e-05	0.000376466637943024	1.92852675049883	PITPNM1
ENSG00000116815	1.6428	1.13722142857143	4.28841273388202	3.94729670847665e-05	0.000376466637943024	1.92852430914482	CD58
ENSG00000270011	1.47875714285714	-0.780414285714286	4.28771230943244	3.95792730377084e-05	0.000377240297849256	1.92602230380927	ZNF559-ZNF177
ENSG00000107957	1.669	1.43122380952381	4.28756535841204	3.96016112620807e-05	0.000377240297849256	1.92549741223973	SH3PXD2A
ENSG00000143858	1.23917142857142	-5.03651666666667	4.28745358311926	3.96186104990672e-05	0.000377240297849256	1.92509817259163	SYT2
ENSG00000187796	1.5801380952381	-0.995083333333333	4.28736691851644	3.96317956335607e-05	0.000377240297849256	1.92478862845232	CARD9
ENSG00000166676	1.36321904761905	-1.38785476190476	4.28697498265344	3.96914774189844e-05	0.000377623277080764	1.92338878676331	TVP23A
ENSG00000250312	1.41713333333333	-0.790988095238095	4.28511918941613	3.99752433117777e-05	0.000379524978851582	1.91676183150662	ZNF718
ENSG00000172426	1.31718095238095	-3.00865714285714	4.28494813780349	4.00014965289765e-05	0.000379524978851582	1.91615111460688	RSPH9
ENSG00000153253	1.39196428571428	-3.45598690476191	4.28490524575138	4.00080822563276e-05	0.000379524978851582	1.91599797694175	SCN3A
ENSG00000220201	1.65789761904762	0.860386904761904	4.28489422915825	4.00097739333974e-05	0.000379524978851582	1.91595864452799	ZGLP1
ENSG00000118402	1.38418571428571	-3.08982380952381	4.28475255141004	4.0031535705218e-05	0.000379524978851582	1.91545282041043	ELOVL4
ENSG00000122483	1.44175476190476	-1.06348928571429	4.28463940606695	4.0048923064724e-05	0.000379524978851582	1.91504887232436	CCDC18
ENSG00000004848	1.66903571428572	-2.0085630952381	4.28453976217156	4.00642416366892e-05	0.000379524978851582	1.91469313286617	ARX
ENSG00000049130	1.54796428571429	0.303441666666667	4.28452632935623	4.00663071371702e-05	0.000379524978851582	1.91464517670784	KITLG
ENSG00000172349	1.59043571428571	0.0803107142857143	4.28433631777538	4.00955352969304e-05	0.000379524978851582	1.91396683235563	IL16
ENSG00000162639	1.51091666666667	-1.205075	4.28433222706094	4.00961647686159e-05	0.000379524978851582	1.91395222867126	HENMT1
ENSG00000086696	1.97054523809524	2.62814642857143	4.28418016180308	4.0119571041146e-05	0.000379524978851582	1.91340936878595	HSD17B2
ENSG00000079335	1.40569523809524	-0.649566666666667	4.28413904012901	4.01259028521113e-05	0.000379524978851582	1.91326257025894	CDC14A
ENSG00000128805	1.54958333333333	-0.175196428571429	4.28396769917794	4.01522958480838e-05	0.00037954127260526	1.91265091802603	ARHGAP22
ENSG00000168758	1.76057619047619	2.11506428571429	4.28387412263407	4.01667172316309e-05	0.00037954127260526	1.9123168760705	SEMA4C
ENSG00000221944	1.51200238095238	-0.142460714285714	4.28356322762969	4.02146660589656e-05	0.000379809526037448	1.91120710488585	TIGD1
ENSG00000181322	1.44039761904762	-0.913705952380953	4.28280869547695	4.03312654551798e-05	0.000380629677087487	1.90851395989134	NME9
ENSG00000100100	1.75842619047619	1.81348214285714	4.28274768075967	4.0340708386345e-05	0.000380629677087487	1.90829619507516	PIK3IP1
ENSG00000125675	1.6186619047619	-1.07129285714286	4.28206630768047	4.04463055893832e-05	0.000381440680881322	1.90586448501778	GRIA3
ENSG00000204950	1.61968095238095	-1.40100714285714	4.28191753560739	4.04693971973314e-05	0.000381473181930962	1.90533357755052	LRRC10B
ENSG00000111424	1.50985714285714	-0.642297619047619	4.28166307338798	4.05089228714713e-05	0.00038166048729657	1.90442553448443	VDR
ENSG00000069702	1.77286428571429	1.83483452380952	4.27957045187877	4.08353819272697e-05	0.000384549682960098	1.8969594885717	TGFBR3
ENSG00000187510	1.80193333333333	-2.88844047619048	4.27931111357028	4.08760158060107e-05	0.000384745746447463	1.89603440008793	C12orf74
ENSG00000141837	1.76240714285714	0.567829761904762	4.27860053299901	4.09875510472842e-05	0.000385608656122173	1.89349988118149	CACNA1A
ENSG00000220008	1.82237857142857	-4.22300595238096	4.27834365071781	4.1027944211147e-05	0.000385801753361768	1.89258369857532	LINGO3
ENSG00000169429	2.34943571428571	0.36900119047619	4.31896576600419	4.12223696873021e-05	0.000387442388474362	1.90920823679111	CXCL8
ENSG00000160883	1.80760714285714	-0.625039285714286	4.27755563305063	4.1268069633321e-05	0.000387618846947452	1.88752902551025	HK3
ENSG00000112079	1.73205714285714	1.99034523809524	4.27673941711311	4.12810678487656e-05	0.000387618846947452	1.88686299463635	STK38
ENSG00000075826	1.67442857142857	1.42089761904762	4.27645599968365	4.13259426837149e-05	0.000387700002667874	1.88585248275481	SEC31B
ENSG00000110395	1.44349523809524	-0.351947619047619	4.27643264342491	4.13296428840509e-05	0.000387700002667874	1.88576920917072	CBL
ENSG00000064989	1.54924523809524	-0.0133678571428571	4.2761838419235	4.13690788892681e-05	0.000387882556191119	1.88488216077628	CALCRL
ENSG00000168398	1.62119761904762	0.770589285714285	4.27510803781644	4.1540015089677e-05	0.000389297303576906	1.88104702731726	BDKRB2
ENSG00000143797	1.55163095238095	-0.0946964285714286	4.27492007113204	4.15699510583626e-05	0.000389389922648956	1.880377014238	MBOAT2
ENSG00000182389	1.29810952380952	-2.83221428571429	4.27464159556281	4.16143398149803e-05	0.00038961776785308	1.8793844173007	CACNB4
ENSG00000072858	1.46917380952381	-1.45788928571429	4.27448781333308	4.16388721041014e-05	0.000389659575189128	1.87883629606555	SIDT1
ENSG00000183960	1.43869523809524	-0.62305	4.27415498792931	4.16920141118814e-05	0.000389968945098513	1.87765006401819	KCNH8
ENSG00000171124	1.77188095238095	1.36653095238095	4.27391190159488	4.17308687658012e-05	0.000390011646249838	1.87678371424468	FUT3
ENSG00000179639	2.74261428571429	-4.18401428571429	4.31941126860414	4.17367494544837e-05	0.000390011646249838	1.89952347943967	FCER1A
ENSG00000152689	1.68629523809524	0.733002380952381	4.27252836737104	4.19526755595275e-05	0.000391840814821984	1.87185351109583	RASGRP3
ENSG00000237172	1.5710880952381	0.190672619047619	4.27193169386041	4.20486832708818e-05	0.000392548717189415	1.86972761877814	B3GNT9
ENSG00000141338	1.70392380952381	0.864678571428571	4.27177462206927	4.20739920177456e-05	0.00039259624074992	1.86916802111143	ABCA8
ENSG00000141314	1.4322880952381	-2.65875357142857	4.27147920375075	4.21216320401802e-05	0.000392851993734976	1.86811557703922	RHBDL3
ENSG00000120156	1.47905714285714	-0.312704761904762	4.27131071364381	4.21488264804946e-05	0.000392916904751917	1.86751534453707	TEK
ENSG00000197646	1.43234761904762	-3.67871904761905	4.27107648870663	4.21866586353214e-05	0.000393080872063662	1.86668096449565	PDCD1LG2
ENSG00000156453	1.83510952380952	2.18739523809524	4.2703080491424	4.23110069772574e-05	0.000394050423733517	1.86394377529436	PCDH1
ENSG00000204305	1.70559285714286	1.49604642857143	4.26988730638058	4.23792405621342e-05	0.000394496688991141	1.8624452315185	AGER
ENSG00000161642	1.60457380952381	0.400494047619048	4.26954396480783	4.24350000960585e-05	0.000394642252725668	1.86122244124502	ZNF385A
ENSG00000103569	1.8135619047619	-2.82200714285714	4.26954073499346	4.24355249609226e-05	0.000394642252725668	1.86121093878298	AQP9
ENSG00000183696	1.82568095238095	2.25750238095238	4.26888822149238	4.25416906172845e-05	0.000395440185929359	1.85888724229568	UPP1
ENSG00000204335	2.04275714285714	-3.03574761904762	4.2764725247423	4.26335719706106e-05	0.000396104641399673	1.86102517072006	SP5
ENSG00000157601	1.79143095238095	1.93223214285714	4.26819164904852	4.26553067108931e-05	0.000396117047208093	1.85640691982022	MX1
ENSG00000163710	1.52675	-1.4285630952381	4.26766510514346	4.27413835382534e-05	0.000396378216093203	1.85453221505822	PCOLCE2
ENSG00000196605	1.59985476190476	0.805455952380952	4.26765047086449	4.274377826345e-05	0.000396378216093203	1.85448011354431	ZNF846
ENSG00000121417	1.68169047619048	1.53954761904762	4.26764502714807	4.27446690956415e-05	0.000396378216093203	1.85446073265099	ZNF211
ENSG00000151790	1.79132857142857	-3.07422857142857	4.26745441964578	4.2775872154975e-05	0.00039639501793871	1.85378213663891	TDO2
ENSG00000179403	2.10914761904762	3.92960714285714	4.26738459253636	4.2787308559045e-05	0.00039639501793871	1.85353354524034	VWA1
ENSG00000180096	1.5135380952381	-0.327911904761905	4.26688765717625	4.28687824696078e-05	0.000396960428228347	1.85176448859831	SEPT1
ENSG00000187010	1.93361904761904	-3.89634523809524	4.26611059524129	4.29964830812066e-05	0.000397953149890786	1.84899848928511	RHD
ENSG00000214575	1.46539523809524	-0.986816666666667	4.26511174591958	4.31611692494027e-05	0.000399238651572104	1.84544354254124	CPEB1
ENSG00000102468	1.95888809523809	-6.89642023809523	4.26507588743362	4.31764944021742e-05	0.000399238651572104	1.84514246806674	HTR2A
ENSG00000179715	1.51812619047619	-0.265594047619048	4.26465999120632	4.32358518011972e-05	0.000399597225262089	1.84383592002269	PCED1B
ENSG00000187017	1.59289285714286	-2.14188214285714	4.26353520559327	4.34223378976835e-05	0.000401129855992968	1.83983375584888	ESPN
ENSG00000101333	1.47340714285714	-1.04045357142857	4.26317038364697	4.34829902665388e-05	0.000401499146455373	1.83853582083582	PLCB4
ENSG00000162174	1.81973333333333	2.3079880952381	4.26225345352226	4.3635791679385e-05	0.000402580975853418	1.83527398213432	ASRGL1
ENSG00000008226	1.42626904761905	-2.0812369047619	4.26221854722307	4.36416188161214e-05	0.000402580975853418	1.83514981802876	DLEC1
ENSG00000156239	1.52096904761905	0.476634523809524	4.261966895248	4.36836508779432e-05	0.00040277736597716	1.83425469574554	N6AMT1
ENSG00000159674	1.97196428571429	3.21950595238095	4.26147020242408	4.37667250674765e-05	0.000403351811751428	1.83248807556737	SPON2
ENSG00000189233	1.86214047619047	-6.23861071428572	4.26066096162001	4.39023998967975e-05	0.000404364577415736	1.82961010447138	NUGGC
ENSG00000188107	1.40220476190476	-3.98889761904762	4.26056648299955	4.39182662359557e-05	0.000404364577415736	1.82927412718967	EYS
ENSG00000006611	1.74795714285714	1.14719047619048	4.26026867769635	4.39683144920397e-05	0.000404633521709207	1.82821513006917	USH1C
ENSG00000233608	1.6102119047619	-0.838615476190476	4.25945224551579	4.41058030780477e-05	0.00040570652968713	1.82531215940522	TWIST2
ENSG00000102010	1.45795	-2.18699166666667	4.25909371514006	4.41663107778084e-05	0.000406070749376649	1.82403746379499	BMX
ENSG00000160781	1.47576666666667	-0.471471428571429	4.2589042604376	4.41983164994633e-05	0.000406172697485366	1.82336391923585	PAQR6
ENSG00000139352	1.78401428571429	-4.20942857142857	4.25875561152256	4.42234442691497e-05	0.00040621137219411	1.82283546108846	ASCL1
ENSG00000148154	1.78043809523809	2.25614047619047	4.25858248331711	4.42527273625454e-05	0.000406288160721469	1.82221999351601	UGCG
ENSG00000155749	1.42911190476191	-1.84467261904762	4.25783324222027	4.43796699282137e-05	0.000407261073093599	1.81955665754985	FLACC1
ENSG00000146373	1.60995	0.89634880952381	4.25746238056909	4.44426338451695e-05	0.000407646227683279	1.81823847297245	RNF217
ENSG00000152433	1.45610476190476	-0.822892857142857	4.25684159445755	4.45482215784813e-05	0.000408421797266738	1.81603214123156	ZNF547
ENSG00000159110	1.71179047619048	1.59714523809524	4.25529687506027	4.48120065087212e-05	0.000410537256225496	1.81054304404235	IFNAR2
ENSG00000166046	1.59981904761905	1.01759523809524	4.25524291889322	4.48212474610182e-05	0.000410537256225496	1.8103513382755	TCP11L2
ENSG00000150471	1.61236428571428	-4.40467738095239	4.25486293005381	4.48863792173741e-05	0.000410939986630349	1.80900128971909	ADGRL3
ENSG00000213996	1.72221428571428	-3.09312142857143	4.25460940411484	4.49298852855917e-05	0.000411144445087474	1.80810059366636	TM6SF2
ENSG00000122707	1.47147142857143	-0.258904761904762	4.25439599535609	4.49665385146497e-05	0.000411179321985368	1.80734245023722	RECK
ENSG00000171587	1.82265952380952	-5.63134642857143	4.25434066096133	4.49760469614235e-05	0.000411179321985368	1.8071458768717	DSCAM
ENSG00000152932	1.62545476190476	-0.103260714285714	4.25387806890024	4.50556126579799e-05	0.000411608692385094	1.80550260609931	RAB3C
ENSG00000177098	1.53702619047619	-0.0240107142857143	4.25382117720325	4.5065407354553e-05	0.000411608692385094	1.80530051777029	SCN4B
ENSG00000112655	1.83030476190476	2.55754523809524	4.25346835760535	4.51261958913262e-05	0.00041180361220211	1.80404728897404	PTK7
ENSG00000198182	1.46382142857143	-0.119065476190476	4.25323896830031	4.51657604747564e-05	0.00041180361220211	1.80323252847037	ZNF607
ENSG00000164035	1.6007880952381	0.501444047619047	4.25319168302006	4.51739202857217e-05	0.00041180361220211	1.80306458123673	EMCN
ENSG00000023608	1.43714523809524	-0.297305952380952	4.25317051261976	4.51775740271368e-05	0.00041180361220211	1.80298938891342	SNAPC1
ENSG00000127081	1.34415714285714	-1.2196119047619	4.25308239579751	4.5192784921346e-05	0.00041180361220211	1.80267642133887	ZNF484
ENSG00000104894	1.7359119047619	1.43102976190476	4.25245277149095	4.530161527067e-05	0.000412601672291684	1.80044029530507	CD37
ENSG00000144959	1.56933571428571	0.450820238095238	4.25197152155368	4.53849690392568e-05	0.00041316705522939	1.79873128116616	NCEH1
ENSG00000106772	1.59356428571429	0.0665345238095238	4.25154836596146	4.5458382540498e-05	0.000413641458374597	1.79722868378789	PRUNE2
ENSG00000189045	1.41773333333333	-1.91325714285714	4.25126048636166	4.55083921852433e-05	0.000413902557120868	1.79620650248269	ANKDD1B
ENSG00000181264	1.56730952380952	0.792297619047619	4.25029397391407	4.56766792835451e-05	0.000415238650902565	1.79277503805198	TMEM136
ENSG00000100077	1.56055476190476	0.697658333333333	4.25001752751368	4.57249234916809e-05	0.000415482716126092	1.79179365535716	GRK3
ENSG00000090924	1.71294285714286	1.49231190476191	4.24879377350803	4.59390767795643e-05	0.000417012267298168	1.78744987614014	PLEKHG2
ENSG00000137441	2.07453095238095	-3.85698928571429	4.25359000886905	4.59584715163618e-05	0.000417012267298168	1.78957196117306	FGFBP2
ENSG00000115295	1.65694761904762	1.28194523809524	4.2486341559419	4.59670803709607e-05	0.000417012267298168	1.78688336997338	CLIP4
ENSG00000146859	1.69791904761905	1.73050952380952	4.24856535112188	4.59791566734668e-05	0.000417012267298168	1.78663917618116	TMEM140
ENSG00000156515	1.74934285714286	1.92961904761905	4.24762871786292	4.61438539050703e-05	0.000418310623309363	1.78331526640427	HK1
ENSG00000092929	1.78004523809524	1.83727261904762	4.24619292133847	4.63974255064471e-05	0.000420413069754638	1.77822093341414	UNC13D
ENSG00000159314	1.74175	1.95824880952381	4.24585563726013	4.64571862401008e-05	0.000420758228736137	1.77702439524756	ARHGAP27
ENSG00000157870	1.69408095238095	1.62083333333333	4.24554943889109	4.65115032222849e-05	0.000420969232816895	1.77593819359608	PRXL2B
ENSG00000196628	1.60898333333333	0.969496428571429	4.24547992724083	4.65238424979429e-05	0.000420969232816895	1.77569161709899	TCF4
ENSG00000182504	1.32569761904762	-1.36562738095238	4.24528671143369	4.6558157500673e-05	0.000421083512970688	1.77500624363161	CEP97
ENSG00000147174	1.55313333333333	0.0979642857142857	4.24499069976698	4.66107761830942e-05	0.00042136315266449	1.77395627609163	GCNA
ENSG00000088538	1.33454285714286	-2.90331666666667	4.24460098667335	4.66801383115569e-05	0.000421793823049703	1.77257402358893	DOCK3
ENSG00000068831	1.69715476190476	1.084175	4.24396970638081	4.67927058016537e-05	0.000422614307561168	1.77033515862691	RASGRP2
ENSG00000154133	1.62158571428571	1.09659047619048	4.24378830671629	4.6825100537441e-05	0.000422710275330557	1.76969185956938	ROBO4
ENSG00000187682	2.4469119047619	-6.54442976190476	4.28291273673428	4.68877072410562e-05	0.000423078763571947	1.78851205851688	ERAS
ENSG00000099957	1.50640714285714	-2.49299404761905	4.24305074873095	4.69570373973463e-05	0.000423449988299209	1.76707645099583	P2RX6
ENSG00000111331	1.54835238095238	-0.234859523809524	4.24296464948898	4.69724623955348e-05	0.000423449988299209	1.7667711606549	OAS3
ENSG00000144355	2.10583571428571	-5.11585833333333	4.24908789214846	4.70669268378292e-05	0.000424104679970751	1.76831680443333	DLX1
ENSG00000103647	1.49295	-0.373827380952381	4.24221769709272	4.71064862876517e-05	0.000424264262863461	1.76412280273201	CORO2B
ENSG00000132003	1.55880952380952	0.273021428571429	4.24190651323388	4.71624296814059e-05	0.000424571191262652	1.76301958120544	ZSWIM4
ENSG00000135245	1.78317619047619	1.63606904761905	4.24150636124387	4.72344612893863e-05	0.000424918550880305	1.76160102993782	HILPDA
ENSG00000173221	1.79868571428571	1.93219047619048	4.24144908269579	4.72447806854763e-05	0.000424918550880305	1.76139798340165	GLRX
ENSG00000072401	1.62838571428571	1.30576904761905	4.24112788533725	4.73026882884019e-05	0.000425242407955643	1.76025940767627	UBE2D1
ENSG00000152413	1.34186428571429	-2.05567738095238	4.24056475694982	4.74043775510988e-05	0.000425959372182896	1.75826338474256	HOMER1
ENSG00000100170	1.59715952380952	-1.24557738095238	4.24005362621004	4.74968590382475e-05	0.000426592973545185	1.75645183022022	SLC5A1
ENSG00000245680	1.52215714285714	0.435628571428571	4.23905007312671	4.76789418391218e-05	0.000427838178624494	1.7528954746047	ZNF585B
ENSG00000138031	1.83715952380952	2.553725	4.2390466377044	4.76795663066951e-05	0.000427838178624494	1.752883301295	ADCY3
ENSG00000175040	1.44418571428571	-1.31425	4.23840988413498	4.77954468987534e-05	0.000428644390733192	1.75062710516066	CHST2
ENSG00000226763	1.37572380952381	-1.37649285714286	4.23831047645257	4.78135621757181e-05	0.000428644390733192	1.75027489744017	SRRM5
ENSG00000198768	1.6645119047619	-3.24806785714286	4.23786144890487	4.78954717099188e-05	0.000429180558220214	1.74868403681254	APCDD1L
ENSG00000204116	1.41613333333333	-0.334633333333333	4.23740604026454	4.79786830209854e-05	0.000429727890637221	1.74707068976674	CHIC1
ENSG00000139970	1.63837857142857	0.524508333333333	4.23715042673008	4.80254490620972e-05	0.000429948441626466	1.74616519752721	RTN1
ENSG00000104332	1.63486666666667	-0.48647380952381	4.23639560113188	4.81638048573148e-05	0.000430783767225238	1.74349150750298	SFRP1
ENSG00000106952	2.03927142857143	-3.40891904761905	4.2422208830368	4.81709730314711e-05	0.000430783767225238	1.7463698339552	TNFSF8
ENSG00000144868	1.53221428571429	-2.69464523809524	4.23627846506619	4.81853096309206e-05	0.000430783767225238	1.74307662644411	TMEM108
ENSG00000166455	1.38290238095238	-1.363325	4.235598160502	4.83103879513435e-05	0.000431703227445553	1.74066723379164	C16orf46
ENSG00000113263	1.47964285714286	-2.43147857142857	4.23463332813905	4.84883138172332e-05	0.000433093871988516	1.73725061381668	ITK
ENSG00000078328	2.00996666666666	-6.14295952380952	4.23885305535885	4.87484499793691e-05	0.000435217196183628	1.73517430443455	RBFOX1
ENSG00000141404	1.3783380952381	-0.8613	4.23270158703788	4.88464433578031e-05	0.000435794183289959	1.73041166855735	GNAL
ENSG00000170684	1.36451904761905	-2.12987380952381	4.23259108143417	4.88670069186241e-05	0.000435794183289959	1.73002051190309	ZNF296
ENSG00000128284	1.72940238095238	1.74085119047619	4.23251909868127	4.88804063861124e-05	0.000435794183289959	1.72976571844216	APOL3
ENSG00000158050	1.59842380952381	-0.608838095238096	4.23056881700001	4.92447949803689e-05	0.000438841408411567	1.722863573655	DUSP2
ENSG00000100784	1.38084761904762	-0.99297619047619	4.22933996134676	4.94757323780355e-05	0.000440622773654319	1.71851574301583	RPS6KA5
ENSG00000099139	1.43653809523809	-0.354769047619048	4.22926382576363	4.94900746389983e-05	0.000440622773654319	1.71824639597544	PCSK5
ENSG00000183023	1.42606428571428	-2.7565630952381	4.22864265635768	4.96072386122823e-05	0.000441463501087671	1.716048994808	SLC8A1
ENSG00000010610	1.66277619047619	0.917640476190476	4.22793991163576	4.9740110590654e-05	0.000442443182523738	1.71356329337431	CD4
ENSG00000204616	1.84212142857143	-3.31178928571428	4.22734361359898	4.98531242751646e-05	0.000443245406215727	1.71145433642345	TRIM31
ENSG00000138769	1.32575952380952	-2.73182738095238	4.22676391689841	4.99632281281756e-05	0.00044402103606083	1.70940429529922	CDKL2
ENSG00000068079	1.80611428571429	2.44696428571429	4.22643176993626	5.00264192539611e-05	0.000444290885050962	1.70822977913385	IFI35
ENSG00000137693	1.73926428571429	2.25984166666667	4.22636383448292	5.00393534661888e-05	0.000444290885050962	1.70798955828513	YAP1
ENSG00000136689	1.55225952380952	-1.43987738095238	4.22558027919213	5.01887668356956e-05	0.000445413836570172	1.70521909108122	IL1RN
ENSG00000131127	1.61510476190476	1.24382619047619	4.22476474315057	5.0344733824116e-05	0.000446593897394557	1.70233593224226	ZNF141
ENSG00000136732	1.93397142857143	3.46621904761905	4.22407712931489	5.04765981920891e-05	0.000447559170636523	1.69990532089291	GYPC
ENSG00000101224	1.77544523809524	2.24075833333333	4.22326813731498	5.06321643554939e-05	0.00044865566502152	1.69704601337238	CDC25B
ENSG00000114670	1.48236904761905	0.0495702380952381	4.22313573486636	5.06576686900212e-05	0.00044865566502152	1.6965780859379	NEK11
ENSG00000169894	1.7794119047619	-0.375865476190476	4.22307392908404	5.06695784010811e-05	0.00044865566502152	1.69635965982662	MUC3A
ENSG00000156413	1.53290476190476	-0.192926190476191	4.22288435338165	5.0706125618245e-05	0.000448774634118086	1.6956896996328	FUT6
ENSG00000198435	1.66729761904762	1.08077976190476	4.22265353922464	5.07506571599145e-05	0.000448964127895772	1.6948740314616	NRARP
ENSG00000149534	1.76395	-2.48788214285714	4.2223554687746	5.08082202306039e-05	0.000449268679616515	1.69382073456418	MS4A2
ENSG00000184845	1.75801428571428	-6.32249285714285	4.22199192404865	5.08785125597291e-05	0.00044952891135762	1.69253614106531	DRD1
ENSG00000064655	1.4452880952381	-0.886670238095238	4.22196382066605	5.08839503122901e-05	0.00044952891135762	1.69243684037844	EYA2
ENSG00000125945	1.66555	0.922034523809524	4.22103966646624	5.10630773321992e-05	0.000450753839670477	1.68917168741904	ZNF436
ENSG00000141052	1.48914761904761	-4.33997142857143	4.22100900287554	5.10690311708234e-05	0.000450753839670477	1.68906335774577	MYOCD
ENSG00000127074	1.89584761904762	-3.68982380952381	4.22083270595859	5.11032750515964e-05	0.00045085115627074	1.68844053907024	RGS13
ENSG00000189350	1.72881428571429	-1.23760714285714	4.2205458558957	5.11590399184045e-05	0.000451138164003442	1.68742719941073	TOGARAM2
ENSG00000188613	1.51873095238095	-0.917794047619048	4.22039714617034	5.1187972729169e-05	0.000451188404201091	1.68690187976316	NANOS1
ENSG00000204610	2.96809047619047	-6.23053333333333	4.2701495390827	5.13998982558501e-05	0.000452850827736886	1.70902288511302	TRIM15
ENSG00000104415	1.8754880952381	-2.50450119047619	4.21908606048383	5.1443737514997e-05	0.000453031517036831	1.68227101260945	CCN4
ENSG00000149257	1.94885	3.37422023809524	4.21891226781506	5.14777327866513e-05	0.000453125392226289	1.68165723824165	SERPINH1
ENSG00000069535	1.65162857142857	1.27922380952381	4.21870057637426	5.15191705304175e-05	0.000453217553386683	1.68090964290263	MAOB
ENSG00000109265	1.52141666666667	-3.07524404761905	4.21855987935427	5.1546729131756e-05	0.000453217553386683	1.68041278136611	KIAA1211
ENSG00000163145	1.63749761904762	-2.64843214285714	4.2185012198743	5.15582230626832e-05	0.000453217553386683	1.68020563303357	C1QTNF7
ENSG00000183943	1.58302619047619	0.724275	4.21821402524359	5.16145324745033e-05	0.000453507236013531	1.67919147186401	PRKX
ENSG00000163739	2.19077380952381	1.93209642857143	4.23428484793004	5.17166883903473e-05	0.000454199301295235	1.68591523818249	CXCL1
ENSG00000134072	1.70903095238095	1.78587261904762	4.21657151761204	5.19377112934611e-05	0.000455934212430573	1.67339227437564	CAMK1
ENSG00000168005	1.63073571428572	1.33739166666667	4.21618955532188	5.20131441391276e-05	0.000456381659789419	1.67204390971834	SPINDOC
ENSG00000069966	1.77686428571429	2.44742023809524	4.21605353013993	5.20400328468305e-05	0.000456381659789419	1.67156374820959	GNB5
ENSG00000171843	1.53730952380952	0.364602380952381	4.21595665219223	5.20591912881638e-05	0.000456381659789419	1.67122178098522	MLLT3
ENSG00000172292	1.52612380952381	0.449916666666666	4.21390264961722	5.24669864838451e-05	0.000459749071996076	1.6639727115681	CERS6
ENSG00000176438	1.38685238095238	-1.6485	4.21377380733415	5.24926684633888e-05	0.000459766637899	1.66351807934304	SYNE3
ENSG00000129521	1.63758333333333	0.573008333333333	4.21361733210855	5.25238747264809e-05	0.000459832551595494	1.66296595486722	EGLN3
ENSG00000168502	1.65834761904762	1.31624285714286	4.21320900380401	5.26053926760421e-05	0.000460094164802228	1.66152523240141	MTCL1
ENSG00000124593	1.71825714285714	1.79995	4.21306502856294	5.26341646174228e-05	0.000460094164802228	1.66101726184505	AL365205.1
ENSG00000111348	1.95048095238095	3.30696666666667	4.21302659332012	5.26418480539471e-05	0.000460094164802228	1.66088165746738	ARHGDIB
ENSG00000082397	1.67248571428571	1.24690952380952	4.2129836291389	5.26504381281108e-05	0.000460094164802228	1.66073007545961	EPB41L3
ENSG00000114541	1.59015476190476	1.01903214285714	4.21277548519288	5.26920726061269e-05	0.000460094164802228	1.65999573788397	FRMD4B
ENSG00000171236	2.12242380952381	2.95083333333333	4.21275624648616	5.26959224698814e-05	0.000460094164802228	1.6599278644913	LRG1
ENSG00000140993	1.48316428571429	0.0622392857142857	4.21232122640652	5.27830466555962e-05	0.000460647730318367	1.65839318942676	TIGD7
ENSG00000138443	1.63349047619048	1.44238571428572	4.21100645571378	5.30472060055329e-05	0.000462745124086001	1.65375558843157	ABI2
ENSG00000162706	1.41629047619048	-1.41856666666667	4.21085134653867	5.30784536549917e-05	0.000462809794823812	1.65320853811708	CADM3
ENSG00000175899	2.07845	4.56790357142857	4.2107015090449	5.31086560855315e-05	0.00046286529796627	1.65268009388072	A2M
ENSG00000104447	1.33832619047619	-1.42848214285714	4.20944238805263	5.33631076237949e-05	0.000464874304099977	1.64823997346757	TRPS1
ENSG00000050165	1.78760714285714	2.082675	4.20920031626848	5.34121611464601e-05	0.000465092979884288	1.64738644758516	DKK3
ENSG00000100583	1.38065714285714	-2.44255952380952	4.20906515992001	5.34395681253706e-05	0.00046512305417232	1.64690991213832	SAMD15
ENSG00000204366	1.44683809523809	-0.598630952380952	4.20853569017809	5.35470640897754e-05	0.000465641240705445	1.6450432072893	ZBTB12
ENSG00000126264	1.69407857142857	0.745113095238096	4.20775794967431	5.37053421587701e-05	0.000466808564923455	1.64230149727561	HCST
ENSG00000171345	2.06139047619048	3.78512142857143	4.20728907272953	5.38009804205703e-05	0.000467395715585116	1.64064877389319	KRT19
ENSG00000102755	1.65605952380952	1.2687130952381	4.20719086401871	5.38210330645958e-05	0.000467395715585116	1.64030261890236	FLT1
ENSG00000124191	1.43134761904762	-0.929257142857142	4.20679158817773	5.39026327484812e-05	0.000467895092852037	1.63889535530317	TOX2
ENSG00000176406	1.4885619047619	-2.34360952380952	4.20648189217069	5.39660069031376e-05	0.000468235890100593	1.63780388446966	RIMS2
ENSG00000120658	1.39744285714286	-1.93243095238095	4.20585582877057	5.40943390766667e-05	0.00046913973925445	1.635597604288	ENOX1
ENSG00000122877	1.72213571428571	-2.32582976190476	4.20568746988717	5.41288997245527e-05	0.000469229899487216	1.63500433842084	EGR2
ENSG00000258659	1.47835476190476	0.088675	4.20529668036947	5.42092026273921e-05	0.000469695674140156	1.63362733252034	TRIM34
ENSG00000163491	1.55158095238095	-3.50053333333333	4.20519066474939	5.42310073860455e-05	0.000469695674140156	1.6332537860829	NEK10
ENSG00000253368	1.84464523809524	2.67606785714286	4.20470144379149	5.43317370808972e-05	0.000470238744942313	1.63153010053343	TRNP1
ENSG00000205726	1.61490952380952	1.09140238095238	4.20465095158157	5.43421435601272e-05	0.000470238744942313	1.63135220803298	ITSN1
ENSG00000105851	1.44377619047619	-3.6325119047619	4.20370345193615	5.45377793389989e-05	0.00047167692453229	1.62801428873023	PIK3CG
ENSG00000105339	1.7713119047619	2.24655595238095	4.20358313312116	5.45626706242327e-05	0.00047167692453229	1.62759045913465	DENND3
ENSG00000166401	1.62135476190476	0.226682142857143	4.20349352397387	5.45812158525108e-05	0.00047167692453229	1.62727481159995	SERPINB8
ENSG00000203697	2.45884047619048	0.391855952380952	4.24820072418232	5.46404027457114e-05	0.000471978354322164	1.64940443892083	CAPN8
ENSG00000115963	1.61793095238095	0.723467857142857	4.20279618330395	5.47257423366469e-05	0.000472352062044944	1.62481859721433	RND3
ENSG00000257335	1.67205714285714	-4.18484047619048	4.20276450061098	5.47323174168876e-05	0.000472352062044944	1.62470700941861	MGAM
ENSG00000102287	1.85294285714286	3.07271666666667	4.20262400054656	5.47614844115793e-05	0.000472393826878741	1.62421216937704	GABRE
ENSG00000142798	1.99740238095238	3.915125	4.20212754761896	5.48646647770595e-05	0.000473073739183366	1.62246376017048	HSPG2
ENSG00000160469	1.56605714285714	-0.158735714285714	4.20188856584556	5.49144001470564e-05	0.000473096618846331	1.62162216568905	BRSK1
ENSG00000123496	2.7854	-5.58591904761905	4.24941179280791	5.49160458790622e-05	0.000473096618846331	1.64602856967341	IL13RA2
ENSG00000225614	1.48369761904762	-4.10298214285714	4.2013129267152	5.50343763626772e-05	0.000473905773929253	1.61959514306335	ZNF469
ENSG00000163154	1.87697619047619	-1.44468571428571	4.20967932241622	5.51651645860796e-05	0.000474821438799864	1.62206710807959	TNFAIP8L2
ENSG00000134107	2.1147119047619	4.05439404761905	4.2003221487848	5.52414667513527e-05	0.000475267523871408	1.61610673506131	BHLHE40
ENSG00000148450	1.72350952380952	1.89633571428571	4.19958972559849	5.53950373243065e-05	0.000476209955941775	1.61352833717213	MSRB2
ENSG00000086548	1.73953571428571	0.234613095238095	4.19956582223118	5.54000561578159e-05	0.000476209955941775	1.6134441939309	CEACAM6
ENSG00000147454	2.02532857142857	3.92032380952381	4.19818667657384	5.56903670551026e-05	0.000478493605077868	1.60858998027285	SLC25A37
ENSG00000143434	1.59768333333333	0.854455952380952	4.19761599354419	5.581092306167e-05	0.000479317339235519	1.60658166330798	SEMA6C
ENSG00000158869	1.97568333333334	2.76493452380952	4.19739230504801	5.58582452961112e-05	0.000479511674252824	1.60579452358458	FCER1G
ENSG00000133401	1.40402380952381	-1.03327857142857	4.19606590330444	5.61396438879633e-05	0.000481714363683814	1.60112764579464	PDZD2
ENSG00000185950	1.5275880952381	0.402179761904762	4.19593202245095	5.61681224889085e-05	0.000481745849156195	1.60065665083489	IRS2
ENSG00000174799	1.38939523809524	-0.395028571428571	4.19558290725292	5.62424501609045e-05	0.000481855858750545	1.59942850815373	CEP135
ENSG00000189129	1.67870476190476	1.04192619047619	4.19554475266944	5.62505791099584e-05	0.000481855858750545	1.59929428959274	PLAC9
ENSG00000165124	1.60905238095238	0.399240476190476	4.1955221578261	5.62553935414298e-05	0.000481855858750545	1.59921480682767	SVEP1
ENSG00000112414	1.46266666666667	-0.45835	4.19534392462548	5.62933847346705e-05	0.000481968670536963	1.59858783955678	ADGRG6
ENSG00000136099	2.15501666666666	-7.2190369047619	4.21799697747809	5.65325985689933e-05	0.000483803437202605	1.60698628980341	PCDH8
ENSG00000173698	1.3804380952381	-1.95226904761905	4.19408950317677	5.65614680667361e-05	0.000483837262960301	1.59417572112045	ADGRG2
ENSG00000226887	1.49318809523809	-2.49893928571429	4.19379227477532	5.66251684152658e-05	0.000484168877273285	1.59313043052952	ERVMER34-1
ENSG00000155111	1.49635476190476	0.448655952380952	4.19344049784585	5.67006483304811e-05	0.00048452561821227	1.59189337196379	CDK19
ENSG00000078401	1.6329880952381	0.971894047619047	4.19323478451036	5.67448325025343e-05	0.00048452561821227	1.59116999465387	EDN1
ENSG00000141391	1.42779523809524	-0.8024	4.19315316856562	5.67623715568086e-05	0.00048452561821227	1.59088300456631	PRELID3A
ENSG00000154678	1.46292619047619	-0.789665476190476	4.19310282187118	5.67731935267813e-05	0.00048452561821227	1.59070597002902	PDE1C
ENSG00000116183	1.54912857142857	-2.28775952380952	4.19301696734817	5.67916524385172e-05	0.00048452561821227	1.59040408246985	PAPPA2
ENSG00000163623	1.59946666666667	0.803861904761905	4.19250225292983	5.69024380917821e-05	0.000485257594583323	1.5885943002702	NKX6-1
ENSG00000112246	1.43292857142857	-1.05782857142857	4.19213552568321	5.69814979971453e-05	0.000485718493462936	1.58730495040985	SIM1
ENSG00000005884	1.88705476190476	3.15682976190476	4.1919758486207	5.70159545023158e-05	0.000485798948892483	1.58674357834826	ITGA3
ENSG00000087237	1.45180952380952	-2.71956904761905	4.19172254354184	5.70706559273412e-05	0.000485857973456653	1.58585307207373	CETP
ENSG00000103253	1.61069523809524	0.708973809523809	4.19171204603158	5.70729239599663e-05	0.000485857973456653	1.58581616839162	HAGHL
ENSG00000135454	1.44292380952381	-1.94875238095238	4.19105849278212	5.72142975498021e-05	0.000486848041113961	1.58351875066385	B4GALNT1
ENSG00000183715	1.91409523809523	-6.24087619047619	4.19058258629405	5.73174549638982e-05	0.000487512194695127	1.58184596960677	OPCML
ENSG00000137673	2.22779761904762	4.24528928571428	4.18992719099662	5.74598107471859e-05	0.000488509021492494	1.57954251739795	MMP7
ENSG00000176435	1.63945	1.29818928571429	4.1897759640548	5.7492706321927e-05	0.000488574779588262	1.57901105150963	CLEC14A
ENSG00000038295	1.35993333333333	-2.19404047619048	4.18773128963235	5.79392523787034e-05	0.000491981406848666	1.57182666619789	TLL1
ENSG00000101825	1.73884523809524	0.656565476190476	4.18770848466024	5.79442515945463e-05	0.000491981406848666	1.57174655026002	MXRA5
ENSG00000204420	1.93056428571428	-4.74230119047619	4.18698377461845	5.81033355731689e-05	0.000493092453201011	1.56920073937455	MPIG6B
ENSG00000162702	1.47745952380952	0.269579761904762	4.18688115989168	5.81258948077616e-05	0.000493092453201011	1.56884029263966	ZNF281
ENSG00000091436	1.59051904761905	1.17269761904762	4.18671044048079	5.81634450877323e-05	0.000493195535682788	1.56824063379683	MAP3K20
ENSG00000172215	1.55852142857143	-2.13935595238095	4.18653157520489	5.82028120638075e-05	0.00049327660533159	1.56761238089447	CXCR6
ENSG00000082482	1.50223333333333	-2.44308809523809	4.18643620921201	5.82238118972089e-05	0.00049327660533159	1.5672774217001	KCNK2
ENSG00000152705	1.39059285714286	-1.02793214285714	4.18579401433157	5.83654144140523e-05	0.000494154740355271	1.56502194655776	CATSPER3
ENSG00000167562	1.42915952380952	-0.269710714285714	4.18573538293809	5.837835896462e-05	0.000494154740355271	1.56481603742512	ZNF701
ENSG00000128923	1.45029047619048	0.154757142857143	4.18475857893353	5.85944222434514e-05	0.000495767534258536	1.56138587504817	MINDY2
ENSG00000125355	1.49563333333333	-3.31224761904762	4.18460936669928	5.8627494639307e-05	0.000495831311370236	1.56086194875841	TMEM255A
ENSG00000018236	1.51216666666667	-0.93512619047619	4.18449326609178	5.86532403515406e-05	0.000495833095840756	1.56045429591816	CNTN1
ENSG00000124496	1.38173095238095	-0.851372619047619	4.18404602786705	5.87525184720689e-05	0.000496456224408456	1.55888402664361	TRERF1
ENSG00000019505	1.60883333333333	-0.101321428571429	4.18369720679651	5.88300618918286e-05	0.000496895233499577	1.55765938623523	SYT13
ENSG00000104689	1.44995476190476	-0.400603571428571	4.1828010470428	5.90297302771906e-05	0.000498364914140212	1.55451348263967	TNFRSF10A
ENSG00000049769	1.47884285714286	-0.210871428571429	4.18239649178546	5.91200800106101e-05	0.000498791298792925	1.55309347769741	PPP1R3F
ENSG00000243509	3.85029523809524	-1.46301904761905	4.23462321032734	5.91316082923738e-05	0.000498791298792925	1.57992408851903	TNFRSF6B
ENSG00000173200	1.46151904761905	-1.70647619047619	4.18084158079669	5.9468577314532e-05	0.000501415907205203	1.54763658702845	PARP15
ENSG00000136244	2.06474761904762	-1.32673571428571	4.2084830244015	5.9600197639039e-05	0.000502307568469991	1.56028053384758	IL6
ENSG00000150938	1.6691119047619	1.72212261904762	4.17998301088882	5.96618502292735e-05	0.000502609027224309	1.54462409219794	CRIM1
ENSG00000122507	1.53866190476191	0.508207142857143	4.17900201216407	5.98834213446262e-05	0.000504256841140482	1.54118256529792	BBS9
ENSG00000129244	1.52091666666667	-0.406105952380952	4.17778130571215	6.01602368335397e-05	0.00050636821795998	1.53690090074949	ATP1B2
ENSG00000269113	1.51698095238095	-0.154009523809524	4.17737989707101	6.02515310202819e-05	0.000506710292339625	1.53549314219026	TRABD2B
ENSG00000204301	1.71213333333333	1.76389285714286	4.17731556074754	6.02661756836638e-05	0.000506710292339625	1.53526752068903	NOTCH4
ENSG00000196218	1.53218571428571	-2.50562857142857	4.17725852064352	6.0279162390799e-05	0.000506710292339625	1.53506748841696	RYR1
ENSG00000049449	1.83743571428571	2.86358928571429	4.1768704625584	6.03675855471579e-05	0.000507234000932372	1.53370667042578	RCN1
ENSG00000116701	1.72788333333333	0.148115476190476	4.17665294230187	6.04172042971914e-05	0.000507431346471827	1.53294392321949	NCF2
ENSG00000140022	1.38009047619048	-2.32135238095238	4.17586816950131	6.05965452113432e-05	0.000508717559409366	1.53019230737444	STON2
ENSG00000163141	1.51161666666667	-2.51757738095238	4.17550296528497	6.0680177986122e-05	0.000509199522962194	1.52891193258781	BNIPL
ENSG00000110237	1.7894880952381	2.58566785714286	4.17527772831042	6.07318131094692e-05	0.000509412676872429	1.52812231070441	ARHGEF17
ENSG00000153814	1.56915238095238	0.921590476190476	4.17510306980416	6.07718822546885e-05	0.000509457447556309	1.52751002454989	JAZF1
ENSG00000147065	1.92495	3.40987023809524	4.1748296243908	6.08346654961878e-05	0.000509457447556309	1.52655146574148	MSN
ENSG00000150995	1.56585476190476	0.749005952380952	4.17473973013958	6.0855318869963e-05	0.000509457447556309	1.52623635254196	ITPR1
ENSG00000188021	1.61004523809524	1.44742261904762	4.17468740542579	6.08673436708385e-05	0.000509457447556309	1.52605293694009	UBQLN2
ENSG00000171051	1.73260238095238	-0.547817857142857	4.17462291004823	6.08821685641181e-05	0.000509457447556309	1.52582686134602	FPR1
ENSG00000168769	1.45445238095238	0.217511904761905	4.17448171020923	6.09146368304851e-05	0.000509457447556309	1.52533192234054	TET2
ENSG00000119943	1.65625	1.38891785714286	4.17445489350197	6.09208050893887e-05	0.000509457447556309	1.52523792475169	PYROXD2
ENSG00000244617	1.3222880952381	-2.15988214285714	4.17418194829191	6.09836208438448e-05	0.000509763215473861	1.52428122503242	ASPRV1
ENSG00000135596	1.82571666666667	2.48879404761905	4.17391538348901	6.10450282199985e-05	0.000509885009304918	1.52334693222155	MICAL1
ENSG00000158186	1.6016119047619	0.992617857142857	4.17381594974633	6.10679495368862e-05	0.000509885009304918	1.5229984340995	MRAS
ENSG00000175505	1.64031904761905	0.95082619047619	4.17377684441918	6.10769663015367e-05	0.000509885009304918	1.52286137828937	CLCF1
ENSG00000069122	1.56081904761905	0.894978571428572	4.17323918300867	6.12010679810189e-05	0.000510701477462581	1.52097708264623	ADGRF5
ENSG00000149489	1.53047857142857	0.179394047619048	4.1728218003365	6.12975740780835e-05	0.0005112870676324	1.51951443662796	ROM1
ENSG00000101342	1.55954285714286	0.309554761904762	4.1723081982859	6.14165282516556e-05	0.000512059315410326	1.51771474916116	TLDC2
ENSG00000100478	1.49369761904762	0.398727380952381	4.17207320394862	6.14710286029366e-05	0.000512152495730617	1.51689136972787	AP4S1
ENSG00000136167	1.69241428571429	0.934359523809524	4.17201147281964	6.14853531063052e-05	0.000512152495730617	1.51667508002372	LCP1
ENSG00000171724	1.41645476190476	-1.71025119047619	4.17177344116294	6.1540617566255e-05	0.000512152495730617	1.51584110077995	VAT1L
ENSG00000104888	1.42983333333333	-2.18259523809524	4.17172222284273	6.15525152959478e-05	0.000512152495730617	1.51566165421953	SLC17A7
ENSG00000145147	1.48930714285714	-0.382303571428571	4.1715349607731	6.15960340260396e-05	0.000512152495730617	1.51500558329509	SLIT2
ENSG00000184005	1.42849523809524	-1.97234047619048	4.1714897401608	6.16065474874323e-05	0.000512152495730617	1.51484715644133	ST6GALNAC3
ENSG00000156959	1.46275952380952	-2.44368452380952	4.17146487016566	6.16123303134576e-05	0.000512152495730617	1.51476002689298	LHFPL4
ENSG00000171877	1.45698095238095	-4.00549285714286	4.17109817128532	6.16976564505647e-05	0.000512501779496973	1.51347537684436	FRMD5
ENSG00000119640	1.7074619047619	1.96967380952381	4.17105746329433	6.17071356712289e-05	0.000512501779496973	1.51333277017818	ACYP1
ENSG00000157350	1.5393619047619	0.617107142857143	4.17070622787565	6.17889820769805e-05	0.000512612358563936	1.51210237693764	ST3GAL2
ENSG00000213096	1.51704761904762	0.66875	4.17069162143578	6.17923879890487e-05	0.000512612358563936	1.51205121152869	ZNF254
ENSG00000183837	1.36030238095238	-2.50243452380952	4.17066049645167	6.17996462765565e-05	0.000512612358563936	1.51194218315906	PNMA3
ENSG00000170775	1.42632857142857	-1.2324880952381	4.16888258455923	6.22156132485722e-05	0.000515842347592133	1.50571525934279	GPR37
ENSG00000172197	1.57707619047619	0.888264285714286	4.16710212560772	6.2634868696557e-05	0.000519049596349198	1.49948130949256	MBOAT1
ENSG00000176293	1.45232142857143	-0.217122619047619	4.16696983722193	6.2666127438268e-05	0.000519049596349198	1.49901820171412	ZNF135
ENSG00000138771	1.58222857142857	0.71942380952381	4.16690002447514	6.26826296961e-05	0.000519049596349198	1.49877380937816	SHROOM3
ENSG00000145860	1.77752619047619	2.58107738095238	4.16677099959183	6.27131394301967e-05	0.000519055368252557	1.49832214176465	RNF145
ENSG00000107738	1.80931190476191	2.45462738095238	4.16663729221133	6.27447714448456e-05	0.000519055368252557	1.49785409299991	VSIR
ENSG00000184304	1.56564047619048	0.914017857142857	4.16655807909247	6.27635186248329e-05	0.000519055368252557	1.49757680892249	PRKD1
ENSG00000171680	1.52372380952381	0.657835714285714	4.165962940845	6.29045406116377e-05	0.00052000015734218	1.49549365843993	PLEKHG5
ENSG00000171033	1.44782857142857	-2.62602619047619	4.16500838776918	6.31313636394116e-05	0.000521474538091634	1.49215289814948	PKIA
ENSG00000187122	1.42621666666667	-2.66874880952381	4.16498635982972	6.31366072228567e-05	0.000521474538091634	1.49207581084971	SLIT1
ENSG00000132613	1.73007142857143	1.92985238095238	4.16441101723748	6.32737112860598e-05	0.000522356311394383	1.49006248860452	MTSS2
ENSG00000141506	1.69473333333333	-0.566652380952381	4.16424147049238	6.33141687346627e-05	0.000522356311394383	1.48946922385213	PIK3R5
ENSG00000174348	1.88039761904762	2.56993452380952	4.16420000006372	6.332406823681e-05	0.000522356311394383	1.48932411638123	PODN
ENSG00000102001	1.43405	-2.93122023809524	4.1640322276978	6.3364132731445e-05	0.000522464853239575	1.4887370815079	CACNA1F
ENSG00000196735	1.86769761904762	0.276258333333333	4.17263970556682	6.34041799179721e-05	0.000522573160291673	1.49277054638397	HLA-DQA1
ENSG00000146232	1.64817619047619	1.28962142857143	4.16365768653816	6.34536619726932e-05	0.000522759104024504	1.48742662422443	NFKBIE
ENSG00000182836	1.48343333333333	-0.628152380952381	4.1633795928584	6.35202152117299e-05	0.000522759303206384	1.48645367499239	PLCXD3
ENSG00000180938	1.31824523809524	-1.55514880952381	4.1632361715926	6.35545648969764e-05	0.000522759303206384	1.48595191394485	ZNF572
ENSG00000164736	1.52964047619048	-0.847763095238095	4.16320733085178	6.35614744657646e-05	0.000522759303206384	1.48585101574916	SOX17
ENSG00000117643	1.59821904761905	0.947814285714286	4.16311383870079	6.35838779614949e-05	0.000522759303206384	1.48552394056667	MAN1C1
ENSG00000164344	1.56414761904762	0.818497619047619	4.16309541785833	6.35882930360222e-05	0.000522759303206384	1.48545949726714	KLKB1
ENSG00000186074	2.02892142857143	-2.97722023809524	4.17446591343303	6.36770536426573e-05	0.000523267468317021	1.4903430040484	CD300LF
ENSG00000139926	1.52135476190476	0.492746428571428	4.16175913761816	6.39093563203927e-05	0.000524954264394833	1.48078520940673	FRMD6
ENSG00000112343	1.4429119047619	0.0272202380952381	4.16132405516141	6.40142273572565e-05	0.000525593347493956	1.47926352847995	TRIM38
ENSG00000185633	1.75933571428572	2.17194642857143	4.16083062442484	6.41333623608099e-05	0.000526348956180138	1.47753791438666	NDUFA4L2
ENSG00000113083	1.58702142857143	0.0813083333333333	4.16036771763503	6.42453210225238e-05	0.000527045054336868	1.47591918055193	LOX
ENSG00000111058	1.47719761904762	-0.126677380952381	4.15933294014446	6.44962710546037e-05	0.000528880317288131	1.47230114257738	ACSS3
ENSG00000102043	1.41069047619048	-2.25296428571429	4.15888265588582	6.46057656623715e-05	0.000529550865974808	1.47072695086585	MTMR8
ENSG00000115353	1.77	-4.82508571428571	4.15867301112168	6.4656805348559e-05	0.000529550865974808	1.46999407520099	TACR1
ENSG00000186710	1.35556666666667	-2.85265476190476	4.15857892445001	6.46797240755652e-05	0.000529550865974808	1.46966517580629	CFAP73
ENSG00000141682	1.54831666666667	-1.82638214285714	4.15854853591913	6.4687128133291e-05	0.000529550865974808	1.46955894755375	PMAIP1
ENSG00000266094	1.70380238095238	2.09339404761905	4.15839239314011	6.47251845958558e-05	0.000529639121147209	1.46901313277651	RASSF5
ENSG00000131873	1.56503333333333	0.877014285714285	4.15823249760132	6.47641779797555e-05	0.000529734965463729	1.46845421495248	CHSY1
ENSG00000089012	2.56657857142857	-4.93363452380952	4.19650291338443	6.48367664682788e-05	0.000529914422135617	1.48758382307285	SIRPG
ENSG00000182963	1.36047380952381	-1.23895595238095	4.15791899082632	6.4840697651366e-05	0.000529914422135617	1.46735839069889	GJC1
ENSG00000008323	1.58837142857143	0.990145238095238	4.15741969536376	6.4962743145611e-05	0.00053068849238598	1.46561328669535	PLEKHG6
ENSG00000149573	1.77152619047619	2.488375	4.15661708777423	6.51593909901945e-05	0.000532071090936752	1.46280837984842	MPZL2
ENSG00000150281	1.48879761904762	0.257298809523809	4.15639286984027	6.5214428894989e-05	0.000532090814598711	1.4620248649587	CTF1
ENSG00000101493	1.56763095238095	0.951165476190476	4.15638398680785	6.5216610296886e-05	0.000532090814598711	1.4619938244046	ZNF516
ENSG00000144677	1.69708571428571	2.05189047619048	4.15614933720006	6.52742584463067e-05	0.000532337484464671	1.4611738902607	CTDSPL
ENSG00000188277	1.3719619047619	-0.558771428571429	4.15581205069499	6.53572078494738e-05	0.000532790202359817	1.45999537073887	C15orf62
ENSG00000152467	1.46387380952381	-1.97250833333333	4.15530710875808	6.54815781138359e-05	0.000533405730199783	1.45823117060088	ZSCAN1
ENSG00000204856	1.4761619047619	0.262828571428571	4.1552824652656	6.5487653764357e-05	0.000533405730199783	1.458145073423	FAM216A
ENSG00000146352	1.70074523809523	-8.22512499999999	4.15477113834957	6.56138393365196e-05	0.000534004371059158	1.45635872848421	CLVS2
ENSG00000137265	1.61003333333333	-4.19534761904762	4.15476177794853	6.56161514752884e-05	0.000534004371059158	1.45632602893971	IRF4
ENSG00000142065	1.36564047619048	-0.708977380952381	4.15435203248074	6.57174404998332e-05	0.000534604633274303	1.45489467917609	ZFP14
ENSG00000183856	1.75809285714286	-3.85279166666667	4.15239353092329	6.62036578342976e-05	0.000538334433763145	1.44805450505104	IQGAP3
ENSG00000167552	2.00489285714286	3.80459642857143	4.15227693290772	6.62327130459883e-05	0.000538345258236501	1.4476473527171	TUBA1A
ENSG00000248485	1.45670238095238	-2.72483928571429	4.15213697696267	6.62676050085961e-05	0.000538403495421305	1.44715864686391	PCP4L1
ENSG00000055118	1.63728571428571	0.219980952380952	4.15004670697003	6.67908269097509e-05	0.000542427552042469	1.43986112725392	KCNH2
ENSG00000131471	1.67544761904762	1.41813333333333	4.14815317211746	6.72682232954988e-05	0.000546076237438125	1.43325271246515	AOC3
ENSG00000184185	1.27765714285714	-3.79501428571429	4.14751009564659	6.74310986375061e-05	0.000547169692161761	1.43100887319334	KCNJ12
ENSG00000040731	1.74851666666667	-3.26988214285714	4.14707904395385	6.75404850918389e-05	0.000547828379078249	1.42950497549977	CDH10
ENSG00000114315	1.91225714285714	3.5154380952381	4.14665207824116	6.76490024826575e-05	0.00054847946981555	1.428015443522	HES1
ENSG00000188315	1.50362380952381	0.277147619047619	4.14619048798455	6.77665082020163e-05	0.000549202861547058	1.42640524209495	C3orf62
ENSG00000180354	1.69433571428571	1.94964166666667	4.14578470858632	6.78699680249657e-05	0.000549811864459234	1.42498983587854	MTURN
ENSG00000134954	1.68492142857143	1.97307023809524	4.14456327435253	6.81823072396162e-05	0.000552021734235956	1.42072992745521	ETS1
ENSG00000155903	1.51003333333333	0.810154761904762	4.14449574438058	6.81996158426233e-05	0.000552021734235956	1.42049443420303	RASA2
ENSG00000131979	1.58560714285714	0.942260714285714	4.14425352337392	6.82617341774987e-05	0.000552088395211587	1.41964977387021	GCH1
ENSG00000117010	1.48424761904762	0.342538095238095	4.14424190522008	6.82647150531992e-05	0.000552088395211587	1.41960926054338	ZNF684
ENSG00000164330	1.43047142857143	-0.634228571428572	4.14347095621266	6.84627971631154e-05	0.000553459864826551	1.41692108814461	EBF1
ENSG00000241404	1.75515714285714	2.24609761904762	4.14248663751529	6.87165024859643e-05	0.000555061686552117	1.41348945055318	EGFL8
ENSG00000145362	1.43424761904762	-1.27813571428571	4.14248040497097	6.87181117762535e-05	0.000555061686552117	1.41346772384533	ANK2
ENSG00000197943	1.58759285714286	1.07963452380952	4.14209856913382	6.88167736797621e-05	0.000555567765729324	1.41213668513437	PLCG2
ENSG00000196209	1.76078333333333	-1.65402738095238	4.14201653657192	6.8837987658088e-05	0.000555567765729324	1.41185073988768	SIRPB2
ENSG00000127366	1.39845238095238	-0.891478571428572	4.14170845453746	6.89177150529624e-05	0.000555980137473379	1.41077687819258	TAS2R5
ENSG00000143110	1.74674047619048	1.6394369047619	4.1415133413056	6.89682534816295e-05	0.000556156788250117	1.41009681412408	C1orf162
ENSG00000133574	1.63694761904762	1.35925952380952	4.14116453879833	6.90586892648337e-05	0.000556654889225629	1.40888112563564	GIMAP4
ENSG00000232629	2.17639523809524	-3.37114047619048	4.16359229678769	6.91438366097474e-05	0.000557109966509574	1.41976098790141	HLA-DQB2
ENSG00000117013	1.51615476190476	-0.431972619047619	4.14024598507109	6.92973918932832e-05	0.000558115618325912	1.40568002205945	KCNQ4
ENSG00000162511	1.92324523809524	2.46915357142857	4.13979909902755	6.94138092374268e-05	0.000558821454300313	1.40412283524071	LAPTM5
ENSG00000172260	1.51330238095238	-0.281282142857143	4.13938179288562	6.95226901611788e-05	0.000559466057832478	1.40266882900504	NEGR1
ENSG00000145012	1.55098809523809	1.03638452380952	4.13887106959362	6.96561678636021e-05	0.000560307981597111	1.4008894751657	LPP
ENSG00000109771	1.45804761904762	0.026547619047619	4.1385446252886	6.9741612932492e-05	0.000560583051127062	1.39975222942312	LRP2BP
ENSG00000101842	2.40578333333333	-5.02223214285714	4.17070214359742	6.97481023546699e-05	0.000560583051127062	1.41663574532978	VSIG1
ENSG00000128422	1.62469285714286	-0.539253571428571	4.13807397124267	6.98649811315854e-05	0.00056129011320361	1.39811270803375	KRT17
ENSG00000006638	1.35975	-1.69096547619048	4.13793898347565	6.99004028400339e-05	0.000561342441004044	1.39764250334266	TBXA2R
ENSG00000123338	1.58210238095238	-0.612175	4.13727663982562	7.00744561003092e-05	0.00056244675462886	1.39533551196584	NCKAP1L
ENSG00000157168	1.41736666666667	-2.93416666666667	4.13719534976274	7.0095846441541e-05	0.00056244675462886	1.39505239094426	NRG1
ENSG00000243279	1.67782380952381	1.72990714285714	4.13678342138232	7.02043359416763e-05	0.000563052258193656	1.39361776777779	PRAF2
ENSG00000185905	1.60780952380952	-3.64813095238095	4.13668871642483	7.02293011301388e-05	0.000563052258193656	1.39328795323533	C16orf54
ENSG00000132465	2.14755238095238	0.779083333333333	4.16572506596859	7.03064807943436e-05	0.000563438400356815	1.40775807568362	JCHAIN
ENSG00000258790	2.47522380952381	-3.61748333333333	4.17345467922298	7.04984094981111e-05	0.000564382586811225	1.40965054165913	AL121594.1
ENSG00000129116	1.7915619047619	2.26342142857143	4.1355907997082	7.05193454318735e-05	0.000564382586811225	1.38946480038841	PALLD
ENSG00000103154	1.62376428571429	-0.927236904761905	4.13559049809117	7.05194252697844e-05	0.000564382586811225	1.38946375020093	NECAB2
ENSG00000169403	1.5205619047619	-1.15996666666667	4.13551067627373	7.05405571217862e-05	0.000564382586811225	1.38918582394352	PTAFR
ENSG00000161835	1.78551904761905	2.46670952380952	4.13527007051277	7.06042913144321e-05	0.00056465985533099	1.38834809804617	GRASP
ENSG00000169495	2.22146666666666	-6.69906904761905	4.16358304820952	7.0676526628482e-05	0.000564842815649825	1.4025061631473	HTRA4
ENSG00000163430	1.85267619047619	2.74772380952381	4.13496437943969	7.06853456601645e-05	0.000564842815649825	1.38728381257294	FSTL1
ENSG00000168917	1.63307380952381	1.20903928571429	4.1343915901666	7.08374617644408e-05	0.00056572314090582	1.38528975718848	SLC35G2
ENSG00000135702	2.42617857142857	-5.82300119047619	4.17163312996861	7.08678310948154e-05	0.00056572314090582	1.40458794129122	CHST5
ENSG00000114770	1.71044047619048	2.07634166666667	4.13422067415976	7.08829128552817e-05	0.00056572314090582	1.38469478439778	ABCC5
ENSG00000111341	2.27645714285714	6.00264285714286	4.13366211239256	7.1031644371517e-05	0.000566677268038668	1.38275050743545	MGP
ENSG00000007306	1.69155238095238	-0.902866666666666	4.13333947185646	7.11176920955543e-05	0.000566933285560876	1.38162752568147	CEACAM7
ENSG00000121903	1.26515238095238	-1.83711666666667	4.13323558431028	7.11454200133977e-05	0.000566933285560876	1.38126594833986	ZSCAN20
ENSG00000147059	1.31779285714286	-1.59083214285714	4.13314722728288	7.11690109455747e-05	0.000566933285560876	1.38095842960394	SPIN2A
ENSG00000124882	2.25501666666666	-5.99785357142857	4.16248776768836	7.1180520661109e-05	0.000566933285560876	1.39634299818068	EREG
ENSG00000153395	1.72401904761905	2.10807380952381	4.13265586571839	7.13003392281674e-05	0.00056765477127206	1.37924837551266	LPCAT1
ENSG00000163898	1.5224619047619	0.375047619047619	4.13174683037414	7.15439139629132e-05	0.000569360541529446	1.37608510218536	LIPH
ENSG00000197444	1.57261666666667	0.587586904761905	4.13153086662659	7.16018983559256e-05	0.000569588554803508	1.37533366194885	OGDHL
ENSG00000170962	1.72240952380952	2.32123095238095	4.13121801728939	7.16859756341457e-05	0.000570023863580607	1.3742451607407	PDGFD
ENSG00000010310	1.7457619047619	2.10275476190476	4.13082882674528	7.17907015418216e-05	0.000570622940048748	1.37289112691304	GIPR
ENSG00000267281	1.59596666666667	1.14465238095238	4.13068514383603	7.18294017407353e-05	0.000570696940671685	1.3723912624359	ATF7-NPFF
ENSG00000089820	1.76858571428571	2.15189761904762	4.13044116524187	7.18951618659625e-05	0.000570985788594381	1.37154250365146	ARHGAP4
ENSG00000172530	1.69978095238095	1.92931428571429	4.13025521507939	7.19453202206188e-05	0.000571150542945207	1.37089563974069	BANP
ENSG00000171227	1.42641428571429	2.0165119047619	4.13012991802276	7.19791368791714e-05	0.000571185484233654	1.37045978125904	TMEM37
ENSG00000258388	1.57910952380952	0.893633333333333	4.12875659977865	7.23507849387384e-05	0.000573900139681545	1.3656831760823	PPT2-EGFL8
ENSG00000189367	1.49591428571429	-1.53933095238095	4.12769181877787	7.2640202358418e-05	0.000575960575498473	1.3619804930855	KIAA0408
ENSG00000146021	1.49105476190476	-0.0640416666666666	4.12744933316357	7.27062672555356e-05	0.000576249101048159	1.36113736624588	KLHL3
ENSG00000136720	1.84443095238095	3.19513452380952	4.12724579540547	7.27617653374077e-05	0.000576453675773881	1.36042968921851	HS6ST1
ENSG00000188038	2.18795952380952	-2.12464166666667	4.15823605108503	7.29159191168024e-05	0.000577439362728413	1.37517421536784	NRN1L
ENSG00000164116	1.54919047619048	0.927492857142857	4.12654373533686	7.29535060375997e-05	0.000577501500300902	1.35798890032944	GUCY1A1
ENSG00000137628	1.50567142857143	0.181530952380952	4.12632609565196	7.30130442686167e-05	0.000577554845784578	1.35723231253564	DDX60
ENSG00000176381	1.48414047619048	-4.01250595238095	4.12630166134518	7.3019731506908e-05	0.000577554845784578	1.35714737256066	PRR18
ENSG00000213297	1.42036428571429	-1.17658452380952	4.12565568535731	7.31967369030775e-05	0.000578719151947866	1.35490192364893	ZNF625-ZNF20
ENSG00000164107	1.7281880952381	1.70599880952381	4.12458005193772	7.34923871021249e-05	0.000580820176129044	1.35116352081058	HAND2
ENSG00000072694	1.49140952380952	-0.61525	4.12439748415634	7.35426814965859e-05	0.000580835610718974	1.35052906929896	FCGR2B
ENSG00000171448	1.47163571428571	0.510205952380952	4.12435581774867	7.35541645255926e-05	0.000580835610718974	1.35038427485801	ZBTB26
ENSG00000176170	1.78634761904762	2.46175952380952	4.12409487584764	7.362611776515e-05	0.000580941992076902	1.34947750260578	SPHK1
ENSG00000094755	1.46300238095238	-3.12627023809524	4.12408996863617	7.36274715470829e-05	0.000580941992076902	1.34946045045626	GABRP
ENSG00000138944	1.43386428571429	-2.36562261904762	4.12369601307928	7.37362323497279e-05	0.00058156383418644	1.34809153533177	SHISAL1
ENSG00000257446	1.39318571428571	-2.82119285714286	4.1231521476933	7.38866325041309e-05	0.000582415583352741	1.34620186833039	ZNF878
ENSG00000261371	1.77391666666667	2.46217023809524	4.12301818379022	7.39237239170278e-05	0.000582415583352741	1.34573643654412	PECAM1
ENSG00000143178	1.41035	-0.403889285714286	4.12298033693378	7.39342060441089e-05	0.000582415583352741	1.34560494689466	TBX19
ENSG00000172159	1.36666428571429	-0.872803571428571	4.12098418993579	7.44890866470716e-05	0.00058654869607171	1.33867104982575	FRMD3
ENSG00000127946	1.4967880952381	0.376303571428571	4.12084076176029	7.45291096062809e-05	0.000586562745677242	1.33817292470869	HIP1
ENSG00000176809	1.55032619047619	0.739413095238095	4.12076132398544	7.4551285216368e-05	0.000586562745677242	1.33789704319016	LRRC37A3
ENSG00000253305	1.34302142857143	-1.24395119047619	4.1196307852874	7.48675695502268e-05	0.000588812663234631	1.33397117967579	PCDHGB6
ENSG00000144619	1.45231666666667	-0.611922619047619	4.11941624805088	7.49277344698027e-05	0.000589047266370295	1.33322627354066	CNTN4
ENSG00000014164	1.67051904761905	1.73518571428571	4.1191991914362	7.49886531026182e-05	0.00058925657572719	1.3324726480835	ZC3H3
ENSG00000132639	1.65826190476191	0.580385714285714	4.11905741564727	7.50284692210994e-05	0.00058925657572719	1.33198041474307	SNAP25
ENSG00000158321	1.65459523809524	1.67647142857143	4.11899716299508	7.50453966306181e-05	0.00058925657572719	1.33177122640233	AUTS2
ENSG00000188573	1.87812142857143	-2.180525	4.12402538644505	7.52002744638583e-05	0.000590234005472595	1.33284398070902	FBLL1
ENSG00000076067	1.5690119047619	1.15926547619048	4.1179729219524	7.53337082170663e-05	0.000590985912392054	1.32821554838977	RBMS2
ENSG00000008735	1.47284761904762	-0.0657190476190476	4.11789054298938	7.53569429952995e-05	0.000590985912392054	1.32792959538022	MAPK8IP2
ENSG00000229474	1.4647880952381	-1.58772023809524	4.11774158679945	7.53989731574805e-05	0.000591076810969704	1.32741255061496	PATL2
ENSG00000174600	1.51917857142857	-0.27514880952381	4.11715467184442	7.5564798633041e-05	0.00059205672059377	1.32537542928526	CMKLR1
ENSG00000125851	1.72933095238095	0.872429761904762	4.11708342387523	7.55849526394044e-05	0.00059205672059377	1.32512814912119	PCSK2
ENSG00000188211	1.3168119047619	-2.01482976190476	4.11641086142733	7.57754553787377e-05	0.000593265011971763	1.32279403962015	NCR3LG1
ENSG00000167703	1.63435	1.19726547619048	4.11632321910304	7.58003138686757e-05	0.000593265011971763	1.32248989951328	SLC43A2
ENSG00000187944	1.83595476190476	-3.44762738095238	4.1159145072644	7.59163424128479e-05	0.000593883728475407	1.32107163180169	C2orf66
ENSG00000121753	1.40257857142857	-2.41288214285714	4.11582936602892	7.59405344424984e-05	0.000593883728475407	1.32077619660759	ADGRB2
ENSG00000183765	1.50697380952381	0.245053571428571	4.11539854183372	7.60630621932722e-05	0.00059460247249153	1.31928132872553	CHEK2
ENSG00000136750	1.76145238095238	0.775785714285714	4.11519414656493	7.61212591191012e-05	0.000594817951539117	1.31857216014634	GAD2
ENSG00000148175	1.87049047619048	3.27415952380952	4.11495881728347	7.61883166755638e-05	0.000595102467098189	1.31775569444603	STOM
ENSG00000114923	1.52888571428571	0.594816666666666	4.11481086814201	7.62305040756189e-05	0.000595133657909983	1.317242407885	SLC4A3
ENSG00000108342	2.5168119047619	-3.788475	4.15315143392831	7.62702520911438e-05	0.000595133657909983	1.33717287774778	CSF3
ENSG00000274736	2.90168095238095	-2.50653809523809	4.16267914385384	7.62842555638041e-05	0.000595133657909983	1.34201252284517	CCL23
ENSG00000129675	1.45142619047619	0.065777380952381	4.11442273240444	7.63412866752957e-05	0.000595339399462205	1.31589589426934	ARHGEF6
ENSG00000072195	1.65795714285714	1.17344523809524	4.11402160156112	7.64559405501028e-05	0.000595497899467161	1.31450439416809	SPEG
ENSG00000155099	1.55360714285714	0.539265476190476	4.11400848030256	7.64596937420931e-05	0.000595497899467161	1.31445887891439	PIP4P2
ENSG00000113396	1.79443809523809	-5.29433571428571	4.11395793458649	7.64741534402607e-05	0.000595497899467161	1.31428354601569	SLC27A6
ENSG00000148798	1.50986666666667	-1.67029047619048	4.11392253916126	7.64842806298846e-05	0.000595497899467161	1.31416076734307	INA
ENSG00000158258	1.46539523809524	-0.822128571428571	4.11226210904923	7.69608034257943e-05	0.00059896788814512	1.30840196644258	CLSTN2
ENSG00000187513	1.64114761904762	1.11985952380952	4.11156173865469	7.71626533341575e-05	0.000600298238158121	1.30597340192309	GJA4
ENSG00000028277	1.46634285714286	-1.00892380952381	4.11077756533414	7.73892578630468e-05	0.000601820027707105	1.30325460002751	POU2F2
ENSG00000150551	1.64771904761905	0.786630952380952	4.11011086147129	7.75824185845542e-05	0.000603080626130854	1.30094336894042	LYPD1
ENSG00000154734	1.64610714285714	3.06780833333333	4.10954834579948	7.77457527945325e-05	0.000604108454487488	1.2989935318462	ADAMTS1
ENSG00000174718	1.72004047619048	2.31471785714286	4.10890437434897	7.79331435154245e-05	0.000605322312313005	1.29676158179825	RESF1
ENSG00000186854	1.41310238095238	-2.88817976190476	4.10878949008932	7.79666194273778e-05	0.000605340190340193	1.29636342920801	TRABD2A
ENSG00000109943	2.20321904761904	-5.36416666666667	4.13166724020523	7.81936747785801e-05	0.000606739686067224	1.30629923328114	CRTAM
ENSG00000111432	1.35060476190476	-4.24895238095238	4.10795783859812	7.82093642098189e-05	0.000606739686067224	1.29348142636451	FZD10
ENSG00000178538	1.45734523809524	-1.00949166666667	4.10702052360875	7.8483818736665e-05	0.000608502795008141	1.29023376054844	CA8
ENSG00000275342	1.50324761904762	-0.000349999999999989	4.10696772925743	7.84993048457819e-05	0.000608502795008141	1.29005085133904	PRAG1
ENSG00000243943	1.6873880952381	2.20472023809524	4.10680226934652	7.85478579969101e-05	0.000608575885917327	1.28947761647219	ZNF512
ENSG00000143199	1.71466666666666	-4.95123095238095	4.10672202520587	7.85714154905108e-05	0.000608575885917327	1.28919961711231	ADCY10
ENSG00000169908	2.17969047619048	4.96654285714286	4.10594670697735	7.87993769056841e-05	0.000610098206042493	1.28651379088827	TM4SF1
ENSG00000168994	1.77095952380952	2.45925595238095	4.10579082239142	7.88452870480745e-05	0.00061020636066632	1.28597382583241	PXDC1
ENSG00000109511	2.00688809523809	2.04103928571429	4.10746451748378	7.88903312849999e-05	0.00061020636066632	1.28642674145325	ANXA10
ENSG00000082196	1.59360952380952	1.3322619047619	4.10538838531814	7.89639288365139e-05	0.00061020636066632	1.28457990145011	C1QTNF3
ENSG00000154258	1.56969285714286	0.428170238095238	4.10530024543722	7.89899360385748e-05	0.00061020636066632	1.2842746237929	ABCA9
ENSG00000253731	1.36059523809524	-1.27202857142857	4.10528606002517	7.89941224576317e-05	0.00061020636066632	1.28422549222529	PCDHGA6
ENSG00000178460	1.2745880952381	-2.89484880952381	4.10525972629121	7.9001894670673e-05	0.00061020636066632	1.28413428493208	MCMDC2
ENSG00000151136	1.39999047619048	-3.0775619047619	4.10505255035799	7.90630667368203e-05	0.000610436035743768	1.28341674258239	BTBD11
ENSG00000108001	1.38144047619048	-1.29695595238095	4.10475870256364	7.91499079512164e-05	0.000610863637757043	1.28239906174599	EBF3
ENSG00000187889	1.56985952380952	-0.478827380952381	4.10426977168311	7.92946049791235e-05	0.000611631235853603	1.28070586733657	FYB2
ENSG00000105792	1.52369761904762	0.706877380952381	4.10420982853819	7.93123623380046e-05	0.000611631235853603	1.28049829093348	CFAP69
ENSG00000212127	1.38324761904762	-0.867483333333333	4.10405796880572	7.93573658240414e-05	0.000611735343220022	1.27997242743992	TAS2R14
ENSG00000123975	1.53309285714286	0.265636904761905	4.10318544752181	7.96164113625613e-05	0.000613325702879282	1.27695131140534	CKS2
ENSG00000079337	1.73653095238095	2.064875	4.10315035821891	7.96268460685276e-05	0.000613325702879282	1.27682982392004	RAPGEF3
ENSG00000144824	1.68515238095238	2.06084047619048	4.10274566811979	7.97472858460514e-05	0.000614009832100962	1.27542874491245	PHLDB2
ENSG00000197748	1.42830952380952	-0.37707619047619	4.10240299876914	7.98494041354927e-05	0.000614552409632579	1.2742424659436	CFAP43
ENSG00000018189	1.88173333333333	3.54047380952381	4.10226927792395	7.98892880368879e-05	0.000614615766679988	1.27377956024438	RUFY3
ENSG00000064205	1.66645952380952	0.320736904761905	4.10176535689823	8.00397603625293e-05	0.000615529531374097	1.27203521843005	CCN5
ENSG00000106565	2.0941119047619	3.705425	4.10141565239792	8.01443427971378e-05	0.000616089805397791	1.27082479368266	TMEM176B
ENSG00000166206	1.44065952380952	-0.298234523809524	4.10077264496514	8.033698215146e-05	0.000617326283900692	1.26859935968788	GABRB3
ENSG00000087266	1.82090714285714	2.91148214285714	4.10062636126008	8.03808693834843e-05	0.000617419193705893	1.26809311022136	SH3BP2
ENSG00000158079	1.54711904761905	0.955766666666667	4.10031651521854	8.04739035809344e-05	0.00061788938700458	1.26702085743539	PTPDC1
ENSG00000019549	1.72015714285714	1.20866904761905	4.09954434263423	8.07062049722606e-05	0.00061942809808354	1.26434893198572	SNAI2
ENSG00000083828	1.2281380952381	0.506433333333333	4.09921251778979	8.08062288937672e-05	0.00061979693465568	1.26320083986022	ZNF586
ENSG00000099250	1.7828119047619	2.8693130952381	4.09917316671868	8.08180985965692e-05	0.00061979693465568	1.26306469218389	NRP1
ENSG00000162733	1.47790238095238	-0.154863095238095	4.09871860396102	8.09553323195821e-05	0.000620604280687582	1.26149205450058	DDR2
ENSG00000149131	2.28201904761905	6.44778095238095	4.09764242888042	8.12811233131934e-05	0.000622855900748062	1.25776934343319	SERPING1
ENSG00000131634	1.75230952380952	2.3192619047619	4.09747255856182	8.13326629188932e-05	0.000623004989569652	1.25718179140893	TMEM204
ENSG00000277363	1.66967380952381	1.82823214285714	4.09695841384747	8.14888482301598e-05	0.00062338677962214	1.25540356080711	SRCIN1
ENSG00000168389	1.37130952380952	-2.42028333333333	4.0969447756752	8.14929951033221e-05	0.00062338677962214	1.25535639375662	MFSD2A
ENSG00000109944	1.3524880952381	-0.956829761904762	4.09692238530084	8.14998036420274e-05	0.00062338677962214	1.25527895782528	JHY
ENSG00000169413	1.74281666666667	0.43460119047619	4.09688583408159	8.1510919428397e-05	0.00062338677962214	1.25515254801241	RNASE6
ENSG00000173404	1.62102380952381	-0.576666666666667	4.09606365564554	8.17613407566204e-05	0.000625055793233093	1.25230931666197	INSM1
ENSG00000171649	1.34489047619048	-1.48835714285714	4.09487048129105	8.21260728078779e-05	0.000627597041237062	1.24818385058143	ZIK1
ENSG00000137875	1.53118333333333	-2.39456547619048	4.09467354156749	8.21864234773098e-05	0.000627811160929347	1.24750300393758	BCL2L10
ENSG00000171150	1.50817380952381	0.805977380952381	4.09444071632291	8.22578258116071e-05	0.000628109501222881	1.24669812675669	SOCS5
ENSG00000106868	1.54803095238095	0.578784523809524	4.09407712407799	8.23694504002627e-05	0.000628714617874332	1.24544125387791	SUSD1
ENSG00000167470	1.94708333333333	3.62477023809524	4.09394773892365	8.24092072790179e-05	0.000628770918249104	1.24499401212493	MIDN
ENSG00000187726	1.50156428571428	-2.1492369047619	4.09368950462751	8.24886113160533e-05	0.000629002602663532	1.24410141190406	DNAJB13
ENSG00000203883	1.66929285714286	1.29936785714286	4.09363832136969	8.25043582750034e-05	0.000629002602663532	1.2439244991427	SOX18
ENSG00000142733	1.83776666666667	3.01910714285714	4.09338020830809	8.25838128276709e-05	0.000629361254900987	1.24303236658585	MAP3K6
ENSG00000225556	1.45892857142857	-2.31907857142857	4.09315063526354	8.26545435571042e-05	0.000629653168611945	1.2422389127829	C2CD4D
ENSG00000147206	1.5736	-1.78224523809524	4.09287857535373	8.27384395164484e-05	0.000629939261103779	1.24129865678495	NXF3
ENSG00000112242	1.41207142857143	-1.00234047619048	4.09281848456786	8.27569808979163e-05	0.000629939261103779	1.24109098536164	E2F3
ENSG00000132965	1.90420714285714	1.85219642857143	4.09268715738085	8.27975165696107e-05	0.000630000852957955	1.24063713135478	ALOX5AP
ENSG00000105472	1.65277142857143	1.26967380952381	4.09240731913029	8.28839553921714e-05	0.000630411533805399	1.23967007256363	CLEC11A
ENSG00000137343	1.64397380952381	1.777925	4.09194712779963	8.30262912689982e-05	0.0006311479421768	1.23807985731024	ATAT1
ENSG00000142686	1.5038880952381	0.534182142857143	4.09188417089568	8.30457818653683e-05	0.0006311479421768	1.23786231645923	C1orf216
ENSG00000185610	2.00304047619047	-7.38180595238095	4.10533540429252	8.31527887823132e-05	0.000631713948581752	1.24409784631722	DBX2
ENSG00000149798	1.58356428571429	0.716977380952381	4.09129406619457	8.32286834800391e-05	0.000632043244354869	1.23582339010908	CDC42EP2
ENSG00000172687	1.46593333333333	0.392364285714286	4.09110264034642	8.32880983599948e-05	0.000632247182937599	1.23516202218778	ZNF738
ENSG00000163666	1.36270476190476	-0.842830952380952	4.09043482318131	8.34956942700316e-05	0.000633566247318565	1.23285491790618	HESX1
ENSG00000234409	1.60242619047619	-1.94964166666667	4.09033387195303	8.35271188142716e-05	0.000633566247318565	1.2325061858938	CCDC188
ENSG00000070526	1.50794047619048	-1.44535833333333	4.08994518176777	8.36482178632824e-05	0.000634237053677946	1.23116352904918	ST6GALNAC1
ENSG00000183570	1.49667619047619	-0.0489547619047619	4.08936610405911	8.3828945496176e-05	0.000635359275427301	1.22916338519207	PCBP3
ENSG00000108924	1.43510238095238	-0.385089285714286	4.08909480339913	8.39137459019072e-05	0.000635460121296476	1.22822637857828	HLF
ENSG00000064042	1.53492380952381	0.91872380952381	4.08902005887829	8.39371232235821e-05	0.000635460121296476	1.22796823703091	LIMCH1
ENSG00000092051	1.32053571428571	-2.40138214285714	4.08900949735228	8.39404269814328e-05	0.000635460121296476	1.22793176147236	JPH4
ENSG00000158887	1.51226904761905	-0.0827440476190476	4.08804915787899	8.42413527028945e-05	0.000637489706463292	1.22461539244498	MPZ
ENSG00000072864	1.47530952380952	0.499042857142857	4.08744607975998	8.44308574291874e-05	0.000638674869326046	1.22253305210314	NDE1
ENSG00000161692	1.50246190476191	0.681497619047619	4.08730796332941	8.44743150863586e-05	0.000638754770384311	1.22205618751907	DBF4B
ENSG00000185869	1.2706	-2.13031666666667	4.08709276420325	8.45420691496201e-05	0.000639018255643178	1.22131320827988	ZNF829
ENSG00000147724	1.40383333333333	-4.07934285714286	4.08684037625789	8.46215982171423e-05	0.000639370503572167	1.22044186988392	FAM135B
ENSG00000168685	1.7419119047619	-0.832394047619047	4.08902323682465	8.46586862586247e-05	0.000639401933010492	1.22128070818959	IL7R
ENSG00000177469	1.83884523809524	3.12300357142857	4.08538853342659	8.50804772256836e-05	0.000642337755353159	1.21543031516006	CAVIN1
ENSG00000178445	1.81605476190476	-5.05139880952381	4.08484927304861	8.52515258722275e-05	0.00064327762300791	1.2135691925577	GLDC
ENSG00000135333	1.5034	-4.91343571428571	4.08478724209573	8.52712226605398e-05	0.00064327762300791	1.21335511958213	EPHA7
ENSG00000184786	1.44340238095238	-0.0363107142857143	4.08447877354858	8.53692359429548e-05	0.000643766921763222	1.21229060881346	TCTE3
ENSG00000105835	2.01919761904762	3.68503452380952	4.08411342327219	8.54854625449541e-05	0.000644175827284917	1.21102987690845	NAMPT
ENSG00000078295	1.3665380952381	-2.22303571428571	4.08409977041224	8.54898087811943e-05	0.000644175827284917	1.21098276590147	ADCY2
ENSG00000178177	1.3799119047619	-0.320713095238095	4.08333654115862	8.57331113336528e-05	0.000645758555421594	1.2083493228665	LCORL
ENSG00000136141	1.46387380952381	0.419194047619048	4.0831585793204	8.57899373859891e-05	0.000645936023327311	1.20773533518607	LRCH1
ENSG00000072818	1.59761904761905	0.776669047619047	4.08303135322387	8.58305848256737e-05	0.000645991587653074	1.20729640317536	ACAP1
ENSG00000123096	1.47269047619048	0.0142595238095239	4.08266834896857	8.59466624316511e-05	0.000646614603292445	1.20604408715474	SSPN
ENSG00000221886	1.44714523809524	-0.00174404761904765	4.08108724416859	8.6454007623697e-05	0.000650179674685108	1.20059042566609	ZBED8
ENSG00000100739	1.52554285714286	0.570816666666667	4.08064726211024	8.65956986485734e-05	0.00065099313834998	1.19907307904488	BDKRB1
ENSG00000142871	2.10870952380952	4.12572857142857	4.08020911386935	8.67370201751905e-05	0.00065180319572827	1.1975621740975	CCN1
ENSG00000124215	1.32005476190476	-2.27314404761905	4.0800816984134	8.677815855367e-05	0.000651857626047645	1.19712281822596	CDH26
ENSG00000204936	1.71540476190476	-2.60464285714286	4.07988948284863	8.68402541861505e-05	0.000651857626047645	1.19646003641506	CD177
ENSG00000180479	1.40371428571429	-0.0989547619047619	4.07987488239132	8.68449726328797e-05	0.000651857626047645	1.19640969324792	ZNF571
ENSG00000126218	1.61843571428571	0.538567857142857	4.07946269661288	8.6978280572541e-05	0.000652605970694591	1.19498850809269	F10
ENSG00000254413	1.65285714285714	1.71428809523809	4.07923197610286	8.70529850866424e-05	0.000652914200236548	1.19419304665429	CHKB-CPT1B
ENSG00000100985	1.80523333333333	-3.2984619047619	4.07908856966743	8.70994493293772e-05	0.000652940113546085	1.19369863673454	MMP9
ENSG00000079150	1.51503095238095	0.54269880952381	4.07889918564843	8.71608468930188e-05	0.000652940113546085	1.19304573314009	FKBP7
ENSG00000000938	1.71575952380952	0.671960714285714	4.07882903025483	8.71836015214976e-05	0.000652940113546085	1.1928038771711	FGR
ENSG00000116016	2.02109761904762	4.45925357142857	4.07880640195065	8.71909421374498e-05	0.000652940113546085	1.19272586826594	EPAS1
ENSG00000234906	3.34683571428572	-3.98046785714286	4.12657896092222	8.72636346874144e-05	0.000653232559121131	1.21765039665572	APOC2
ENSG00000151835	1.43116666666667	0.0631666666666666	4.07818335086572	8.73932924881088e-05	0.000653951041824314	1.19057808237875	SACS
ENSG00000254004	1.40601904761905	-0.111657142857143	4.07776172118337	8.75304816831282e-05	0.000654725305594369	1.18912477225878	ZNF260
ENSG00000155158	1.42778571428571	-0.164188095238095	4.07718927929822	8.77170721287374e-05	0.00065586835063374	1.1871518032834	TTC39B
ENSG00000189067	1.89060952380953	3.67824285714286	4.07702710948419	8.77700014551062e-05	0.000656011504332275	1.18659290781632	LITAF
ENSG00000134138	1.68218809523809	2.1637869047619	4.0769001254386	8.78114681318596e-05	0.00065606890657347	1.18615528637368	MEIS2
ENSG00000089505	1.8121619047619	-2.56363333333333	4.0762307069163	8.80303773548866e-05	0.000657451487491226	1.18384845160442	CMTM1
ENSG00000135929	1.63566666666667	1.5184380952381	4.07599912877329	8.81062282751829e-05	0.000657764990637256	1.18305049067598	CYP27A1
ENSG00000267534	1.4378619047619	-0.091	4.07520136356401	8.8368007254327e-05	0.000659294155959434	1.18030184033297	S1PR2
ENSG00000132589	1.92040238095238	3.84368928571429	4.07516802800379	8.83789621980846e-05	0.000659294155959434	1.18018699320527	FLOT2
ENSG00000118004	1.71896666666667	2.10318333333333	4.07415776543836	8.87115788834945e-05	0.000661521289846273	1.17670677543785	COLEC11
ENSG00000173597	1.63010714285714	-4.40933928571429	4.07379398516531	8.88316424769645e-05	0.000662162316168022	1.17545375447769	SULT1B1
ENSG00000213928	1.96733333333333	4.12685714285714	4.07276765944512	8.91712149762735e-05	0.000664438469842394	1.17191906879899	IRF9
ENSG00000154262	1.6019880952381	0.733060714285715	4.07259714619195	8.92277516909773e-05	0.000664604711290908	1.17133188026574	ABCA6
ENSG00000258674	1.49276904761905	-0.199241666666667	4.07227143251453	8.93358433235964e-05	0.000664910776027537	1.17021028471306	AC011448.1
ENSG00000142227	1.76958333333333	2.33680833333333	4.07226696452293	8.93373269469484e-05	0.000664910776027537	1.17019489962835	EMP3
ENSG00000175048	1.53654047619048	1.03959880952381	4.07208338476627	8.93983061132183e-05	0.000665109696592519	1.16956277155425	ZDHHC14
ENSG00000139714	1.29849523809524	-2.70154285714286	4.07092973335061	8.97824246493498e-05	0.000667711651413663	1.16559082597497	MORN3
ENSG00000165821	1.45132142857143	0.163041666666667	4.07070518215295	8.98573745371065e-05	0.000667915339811138	1.16481780573474	SALL2
ENSG00000164318	1.45727619047619	-0.683080952380952	4.07064160312633	8.98786065983368e-05	0.000667915339811138	1.16459893976498	EGFLAM
ENSG00000158683	1.73357380952381	-4.45045357142857	4.07030306775191	8.99917405948336e-05	0.000668500236752287	1.16343359911244	PKD1L1
ENSG00000183813	1.96469047619048	-7.15310952380952	4.0799620450736	9.02712175396327e-05	0.000670319886112653	1.1662585281582	CCR4
ENSG00000182022	1.60554047619048	1.50847738095238	4.06906353856967	9.04071397450848e-05	0.000671072568642988	1.15916736526733	CHST15
ENSG00000106333	1.95706904761905	3.91080357142857	4.06838171779828	9.06364182555595e-05	0.000672517374736895	1.15682106328548	PCOLCE
ENSG00000142910	1.90500238095238	3.72171785714286	4.06802865493108	9.0755362813977e-05	0.000673095874080121	1.15560620468102	TINAGL1
ENSG00000118407	1.42767380952381	-1.37458214285714	4.06794457538479	9.07837106919269e-05	0.000673095874080121	1.15531690553258	FILIP1
ENSG00000104814	1.4410619047619	-0.483635714285714	4.06645177017807	9.12884322177904e-05	0.000676502235491678	1.15018121341668	MAP4K1
ENSG00000160326	1.51360238095238	-0.183608333333333	4.06634839934521	9.13234814858422e-05	0.000676502235491678	1.14982563766673	SLC2A6
ENSG00000196890	1.79786666666666	-5.05075	4.06627711184193	9.13476599783283e-05	0.000676502235491678	1.14958042620347	HIST3H2BB
ENSG00000181894	1.44097619047619	0.179428571428571	4.06539330700674	9.16479285526291e-05	0.000678467204206996	1.14654061371816	ZNF329
ENSG00000115738	1.96256428571429	4.09653928571428	4.06514761574545	9.17315687753229e-05	0.00067872801331647	1.14569565316622	ID2
ENSG00000136059	1.52252857142857	0.494314285714286	4.06508450288593	9.17530659674392e-05	0.00067872801331647	1.14547860674319	VILL
ENSG00000185482	1.42690238095238	-0.728686904761905	4.0649774229114	9.17895500593064e-05	0.000678739330941208	1.14511036209073	STAC3
ENSG00000157214	1.56743333333333	1.04466904761905	4.06483679215671	9.18374866160269e-05	0.000678835293151888	1.14462674803873	STEAP2
ENSG00000132321	1.43618571428571	-0.56742619047619	4.06268420868067	9.25742326442242e-05	0.000683797983354572	1.13722575767143	IQCA1
ENSG00000188921	1.29062380952381	-2.41735714285714	4.0626694524252	9.25793026181465e-05	0.000683797983354572	1.13717503266908	HACD4
ENSG00000180953	1.56479047619048	0.972090476190476	4.06187609306848	9.28522778661081e-05	0.000685553434069995	1.13444803633269	ST20
ENSG00000270882	1.78289523809524	0.954307142857143	4.06152346765462	9.29738547760685e-05	0.000686190160411136	1.13323608881007	HIST2H4A
ENSG00000182809	2.00199047619048	4.34781666666667	4.06071161075253	9.32543435961607e-05	0.000687809245378359	1.13044608648298	CRIP2
ENSG00000162409	1.31359761904762	-0.805063095238095	4.06068349553079	9.32640716387485e-05	0.000687809245378359	1.13034947382438	PRKAA2
ENSG00000197283	1.6328380952381	1.52004285714286	4.06038305715892	9.33680858858263e-05	0.000688314917134007	1.12931710428188	SYNGAP1
ENSG00000109758	1.55252142857143	-2.87091071428571	4.05979419832904	9.35722759855894e-05	0.000689390492068509	1.1272938219174	HGFAC
ENSG00000177694	1.35657142857143	-1.20776904761905	4.05975757320892	9.35849900655366e-05	0.000689390492068509	1.12716798730721	NAALADL2
ENSG00000128591	1.3438	-1.95412380952381	4.0594236191858	9.37009955217694e-05	0.000689983288222115	1.1260206440737	FLNC
ENSG00000102032	1.54345476190476	-0.131167857142857	4.05914669495698	9.37972949794666e-05	0.000690430581467507	1.12506928614667	RENBP
ENSG00000198865	1.39797857142857	-0.307177380952381	4.05901966021905	9.3841502577634e-05	0.000690494239125614	1.12463288105075	CCDC152
ENSG00000121904	1.46336666666667	-2.95446428571429	4.05847308553246	9.40319361397442e-05	0.000691380577603473	1.12275533455761	CSMD2
ENSG00000103490	1.68958095238095	1.88238095238095	4.05846954607952	9.40331705351104e-05	0.000691380577603473	1.12274317672988	PYCARD
ENSG00000118162	1.63735952380952	1.68335357142857	4.0580513021191	9.41791437272778e-05	0.000692191753556503	1.12130658568488	KPTN
ENSG00000147257	1.71290952380952	1.48368333333333	4.05751121371084	9.4367963408686e-05	0.000693120947636487	1.11945164023433	GPC3
ENSG00000180257	1.47877857142857	0.511625	4.05748550972847	9.43769587779829e-05	0.000693120947636487	1.1193633638085	ZNF816
ENSG00000243335	1.47396666666667	0.542504761904762	4.05691345983867	9.45773660242707e-05	0.000694330167659466	1.11739885025785	KCTD7
ENSG00000123243	1.61921666666667	1.41081785714286	4.05640255262763	9.475669745576e-05	0.000695383806196503	1.11564448059126	ITIH5
ENSG00000125869	1.96311666666667	-3.49103928571429	4.06171949165765	9.4853430892211e-05	0.000695669269096119	1.11775362935492	LAMP5
ENSG00000104953	1.5305619047619	0.279754761904762	4.05603609698378	9.48855259985225e-05	0.000695669269096119	1.11438623208919	TLE6
ENSG00000050767	1.42024047619048	-3.78870833333333	4.05598621774755	9.49030741495324e-05	0.000695669269096119	1.1142149749706	COL23A1
ENSG00000180190	1.60017142857143	1.6347619047619	4.05546271137347	9.50874379090389e-05	0.000696757686534988	1.11241764200222	TDRP
ENSG00000072832	1.58663095238095	1.18046309523809	4.05453955290006	9.54133833617011e-05	0.000698882338029993	1.10924861000294	CRMP1
ENSG00000118503	1.7391	2.3198119047619	4.05437288745971	9.54723428742091e-05	0.000699050510532199	1.10867653421306	TNFAIP3
ENSG00000101425	2.83574523809523	-5.54340595238096	4.09892706277198	9.56041991736293e-05	0.000699752106880337	1.13166957289606	BPI
ENSG00000081148	1.2323738095238	-4.84458452380952	4.05389447301473	9.56417804506888e-05	0.000699763410999049	1.10703448100079	IMPG2
ENSG00000234284	1.359	-0.906642857142858	4.05371740790216	9.57045636527094e-05	0.000699959027121775	1.10642677928408	ZNF879
ENSG00000122679	1.75834523809524	2.49000357142857	4.05356445009541	9.57588307240108e-05	0.00069998732628208	1.10590183128921	RAMP3
ENSG00000182771	1.37141190476191	-1.48040595238095	4.05350331229948	9.57805297111694e-05	0.00069998732628208	1.10569201167314	GRID1
ENSG00000154319	1.41886666666667	-0.716090476190476	4.05292304120767	9.59867136606599e-05	0.000701230250512676	1.10370068593841	FAM167A
ENSG00000115594	1.81700952380952	3.05390952380952	4.05260599208073	9.60995481080434e-05	0.000701790532215866	1.10261275071307	IL1R1
ENSG00000134317	1.41429047619048	-0.302671428571429	4.05209412113476	9.62819856413605e-05	0.000702858495181932	1.10085642638791	GRHL1
ENSG00000007866	1.64019523809524	1.85587380952381	4.0515470371894	9.64773401115259e-05	0.00070383916545199	1.0989794577674	TEAD3
ENSG00000122970	1.51333333333333	0.942059523809523	4.05151492809212	9.64888175112369e-05	0.00070383916545199	1.09886930165442	IFT81
ENSG00000258947	2.02496666666667	-0.622064285714286	4.08026283510258	9.65458149370017e-05	0.00070399047482039	1.11402668351258	TUBB3
ENSG00000103723	1.61139523809524	1.03015238095238	4.05120463810769	9.65997980661579e-05	0.000704119699267513	1.09780482794166	AP3B2
ENSG00000214694	1.37415238095238	-2.69764523809524	4.05090889751398	9.67056885165228e-05	0.000704627039254724	1.09679032212876	ARHGEF33
ENSG00000144228	1.48702380952381	0.837807142857143	4.05074597359683	9.67640711793752e-05	0.000704780397572296	1.09623145239374	SPOPL
ENSG00000198223	1.71295	-1.15866785714286	4.05064763514236	9.67993264149405e-05	0.000704780397572296	1.09589413482783	CSF2RA
ENSG00000139182	1.75385476190476	2.62360833333333	4.05041676382141	9.68821442258333e-05	0.000705118994219352	1.09510223043406	CLSTN3
ENSG00000112290	1.50698095238095	0.555330952380952	4.04981066589197	9.70998856699453e-05	0.000706182068496713	1.09302342912303	WASF1
ENSG00000061273	1.83362380952381	3.33807380952381	4.04980772424128	9.71009436031632e-05	0.000706182068496713	1.09301334036817	HDAC7
ENSG00000161638	1.8162380952381	2.95831904761905	4.04970298958631	9.71386174931334e-05	0.000706191566634843	1.09265414338342	ITGA5
ENSG00000230453	2.61902619047619	-3.42291785714286	4.09075850044136	9.73444053102977e-05	0.000707422777812635	1.11324114592179	ANKRD18B
ENSG00000107014	1.83025	-2.94142261904762	4.04902540961278	9.73826867175108e-05	0.000707436217987514	1.09033048450422	RLN2
ENSG00000236279	2.49917857142857	-6.71786071428571	4.08868498391644	9.75202046546952e-05	0.000708170281968912	1.11072481923397	CLEC2L
ENSG00000141756	1.80886190476191	2.85260952380952	4.04819088111199	9.76840967716793e-05	0.000709095249014007	1.08746898229156	FKBP10
ENSG00000149948	1.27713571428571	-2.80121785714286	4.04743316238347	9.79585384888247e-05	0.000710821711650223	1.08487122306788	HMGA2
ENSG00000164066	1.49285	0.731448809523809	4.04686888261289	9.81633969729423e-05	0.000711993918742006	1.08293687853566	INTU
ENSG00000141469	1.46807857142857	-1.13516071428571	4.04678629565337	9.81934140689613e-05	0.000711993918742006	1.08265378783041	SLC14A1
ENSG00000069188	1.60330714285714	-5.0782130952381	4.04659610404052	9.82625746239864e-05	0.000712229441600809	1.082001866998	SDK2
ENSG00000167524	1.52208095238095	0.896195238095238	4.04600791491153	9.84767566936986e-05	0.000713515545327701	1.07998586878986	RSKR
ENSG00000136603	1.53844761904762	0.983445238095238	4.04588172084434	9.85227669491524e-05	0.000713582651480284	1.07955337066619	SKIL
ENSG00000118496	1.32572857142857	-0.604490476190476	4.04533636450655	9.87218401519285e-05	0.00071475790159215	1.07768441300773	FBXO30
ENSG00000134830	1.71755	-3.41967738095238	4.04453531222422	9.90149491617891e-05	0.000716211023059899	1.07493950726296	C5AR2
ENSG00000142627	1.66120476190476	1.75309523809524	4.04442553291522	9.90551827989452e-05	0.000716211023059899	1.07456336552454	EPHA2
ENSG00000130037	1.45166666666667	-2.0372119047619	4.0443862528353	9.90695825776109e-05	0.000716211023059899	1.07442878023893	KCNA5
ENSG00000247595	1.88704761904762	-1.92272619047619	4.05632427743912	9.90700797167003e-05	0.000716211023059899	1.08095790199892	SPTY2D1OS
ENSG00000170476	2.19978571428571	-2.32647380952381	4.07589198351393	9.91219086547215e-05	0.000716319025774984	1.09115991129176	MZB1
ENSG00000281991	1.6851619047619	1.76182142857143	4.04335952657865	9.94466840773948e-05	0.000718398702163263	1.07091124642422	TMEM265
ENSG00000171451	1.3198880952381	-1.48686547619048	4.04277195928585	9.96631066330191e-05	0.000719694386240225	1.06889855032266	DSEL
ENSG00000249992	1.42981666666667	-0.796998809523809	4.04228196043579	9.98439358267164e-05	0.000720732173190773	1.06722023494028	TMEM158
ENSG00000117519	1.98405952380952	4.46904880952381	4.04182421824008	0.000100013144698336	0.00072168533770059	1.06565253678938	CNN3
ENSG00000042286	1.49249285714286	0.695903571428571	4.04171370438067	0.000100054038339021	0.000721712227513782	1.06527406279367	AIFM2
ENSG00000149575	1.50856666666666	-4.97329761904762	4.04151312928345	0.000100128298384934	0.000721979687351893	1.06458717759616	SCN2B
ENSG00000185298	1.69464047619047	2.09563928571429	4.04120328848368	0.000100243116182484	0.000722539283604853	1.06352615212774	CCDC137
ENSG00000146530	1.49415	-2.39251785714286	4.04015215299984	0.000100633575428073	0.000725084514902534	1.05992706205603	VWDE
ENSG00000157423	1.3550119047619	-0.858827380952381	4.03921613204074	0.000100982498625052	0.000727095421374855	1.05672269756074	HYDIN
ENSG00000142408	1.66046904761905	-7.61089404761904	4.03915175959296	0.000101006537431001	0.000727095421374855	1.05650234543578	CACNG8
ENSG00000172955	1.48187142857143	-2.78074523809524	4.03910232988774	0.000101024999838776	0.000727095421374855	1.05633314526801	ADH6
ENSG00000107611	1.26160476190476	-2.27780476190476	4.03834422467131	0.000101308563415844	0.000728809727707446	1.05373830475829	CUBN
ENSG00000172638	1.81963333333333	3.2449880952381	4.03826495790501	0.000101338256504795	0.000728809727707446	1.05346701114507	EFEMP2
ENSG00000103335	1.88604285714286	3.60749047619048	4.03754669135675	0.00010160769691488	0.000730476956198863	1.05100889236311	PIEZO1
ENSG00000185761	1.3951	-1.55499285714286	4.03709067406078	0.000101779116507015	0.000731438521218809	1.04944843255596	ADAMTSL5
ENSG00000172932	1.80242619047619	3.08632738095238	4.03685629519695	0.000101867328552174	0.000731801622577179	1.04864645411326	ANKRD13D
ENSG00000268104	1.99729761904761	-6.60826547619047	4.05022582942114	0.000101960096703784	0.000732125421523402	1.055270533201	SLC6A14
ENSG00000183779	1.61521904761905	1.48525476190476	4.03642430822753	0.000102030105150194	0.000732125421523402	1.04716840518338	ZNF703
ENSG00000158825	1.51859285714286	-1.56397738095238	4.03640978356224	0.000102035582498628	0.000732125421523402	1.04711871085602	CDA
ENSG00000109819	1.43373571428571	-0.00816071428571432	4.03620548728571	0.000102112653812445	0.000732125421523402	1.0464197504619	PPARGC1A
ENSG00000173467	1.5889	0.525157142857143	4.03613729171952	0.000102138393171375	0.000732125421523402	1.04618643818803	AGR3
ENSG00000179564	1.61360952380952	-4.03431904761905	4.03613668484955	0.000102138622252904	0.000732125421523402	1.04618436196311	LSMEM2
ENSG00000165449	1.41235238095238	-0.967428571428572	4.03584187540299	0.000102249965203219	0.000732653071703364	1.04517578607676	SLC16A9
ENSG00000159885	1.39060952380952	-0.276588095238095	4.03550514890207	0.000102377281394726	0.000733294743682326	1.04402387288794	ZNF222
ENSG00000172716	1.59564285714286	1.0222619047619	4.03519757220924	0.000102493708618785	0.000733835771336792	1.04297173989054	SLFN11
ENSG00000117472	1.66268571428571	1.07758095238095	4.03510599259977	0.000102528398786524	0.000733835771336792	1.04265848318914	TSPAN1
ENSG00000082269	1.56486428571429	1.36621547619048	4.03486093254324	0.00010262128230304	0.000734011297908479	1.0418202575797	FAM135A
ENSG00000263002	1.4074119047619	0.137008333333333	4.03484183597564	0.000102628523731668	0.000734011297908479	1.04175493950696	ZNF234
ENSG00000104856	1.78162380952381	2.10096190476191	4.03463237797021	0.000102707982422406	0.000734013712595396	1.04103852221999	RELB
ENSG00000181619	1.30630952380952	-1.31817619047619	4.03446718685786	0.000102770689819693	0.000734013712595396	1.04047353178976	GPR135
ENSG00000168301	1.55340714285714	1.37060119047619	4.03445195826883	0.000102776472514652	0.000734013712595396	1.0404214474682	KCTD6
ENSG00000167664	2.56121666666666	-6.12592738095238	4.07530587914346	0.000102780064092434	0.000734013712595396	1.06263492683209	TMIGD2
ENSG00000186073	1.38785476190476	-0.139275	4.03412515939166	0.000102900641689666	0.000734604654533064	1.03930377514063	C15orf41
ENSG00000010327	1.95811666666667	3.70493452380952	4.03391286989136	0.000102981379250219	0.000734910849790798	1.0385777672654	STAB1
ENSG00000135046	1.87112619047619	3.28432261904762	4.03361364760513	0.000103095281878666	0.000735453410551044	1.03755450559538	ANXA1
ENSG00000188175	1.55422619047619	-0.649491666666667	4.03331100955739	0.000103210607383747	0.000736005719492327	1.03651961913451	HEPACAM2
ENSG00000101000	1.67275	1.37496071428571	4.03308449149732	0.000103297006810059	0.000736351423728974	1.03574506590602	PROCR
ENSG00000196421	1.32147619047619	-1.6532	4.0328705218679	0.000103378683527327	0.000736464180090111	1.03501344972859	C20orf204
ENSG00000127947	1.76080952380952	2.92101428571429	4.03284434957422	0.000103388678284357	0.000736464180090111	1.03492396198967	PTPN12
ENSG00000250506	1.68445238095238	2.03640238095238	4.03205308989096	0.000103691283935605	0.000738348863755623	1.03221870371496	CDK3
ENSG00000174586	1.38647380952381	-0.181853571428571	4.03083103012334	0.000104160308640661	0.000741416742369632	1.02804133151129	ZNF497
ENSG00000079435	1.56443571428571	0.758305952380952	4.03044100012429	0.000104310428436382	0.000741961086815921	1.02670828444458	LIPE
ENSG00000078399	1.90749523809524	-4.61449761904762	4.03043379770039	0.000104313202544416	0.000741961086815921	1.02668366883697	HOXA9
ENSG00000109927	1.20935476190476	-2.96142261904762	4.02984491568161	0.000104540257181748	0.000743303813238807	1.02467116471411	TECTA
ENSG00000135823	1.46350238095238	0.57199880952381	4.02933549999317	0.000104737053482423	0.000744182830362935	1.02293040957836	STX6
ENSG00000196932	1.69850238095238	-5.62415119047619	4.02932650061042	0.000104740533287769	0.000744182830362935	1.02289965868495	TMEM26
ENSG00000100450	2.33843571428571	-3.58731547619047	4.06095805715341	0.000104992715967995	0.000745600355284	1.03832662790401	GZMH
ENSG00000163638	1.69319047619048	1.92694285714286	4.02861283861918	0.000105016838587998	0.000745600355284	1.02046123479852	ADAMTS9
ENSG00000159842	1.78702619047619	2.98944642857143	4.02814527770178	0.000105198240039172	0.000746615286944681	1.01886385405388	ABR
ENSG00000065534	1.65612380952381	1.47645714285714	4.02723946009883	0.00010555052707711	0.000748841846833513	1.01576959234152	MYLK
ENSG00000009950	1.90935952380952	3.66872261904762	4.02690403560814	0.000105681265217143	0.000749495547109743	1.01462391511638	MLXIPL
ENSG00000074317	1.67108333333333	-2.30511071428571	4.02639411794802	0.000105880312273405	0.000750577448617982	1.01288237157277	SNCB
ENSG00000131323	1.44329285714286	0.282158333333333	4.02631526617804	0.000105911124174131	0.000750577448617982	1.01261308010984	TRAF3
ENSG00000135643	1.32684523809524	-2.22606785714286	4.02616477069873	0.000105969955187426	0.000750720390306251	1.01209912453982	KCNMB4
ENSG00000188321	1.60321428571429	1.54974047619048	4.02596121149464	0.000106049579381223	0.000751010478637704	1.01140397386857	ZNF559
ENSG00000196189	1.48262857142857	0.536195238095238	4.02559714578552	0.000106192130041576	0.000751745818865228	1.01016076053815	SEMA4A
ENSG00000196664	1.62382142857143	-4.51939166666667	4.02548875566688	0.00010623460581408	0.000751772440123107	1.00979064527477	TLR7
ENSG00000241106	1.51432380952381	-2.29527619047619	4.0252431489262	0.000106330914006869	0.000752179849976461	1.00895200896116	HLA-DOB
ENSG00000090971	1.65600238095238	1.70554404761905	4.02497691556022	0.000106435404735723	0.000752644824893762	1.00804298415773	NAT14
ENSG00000161681	1.96208809523809	-4.25553214285714	4.02567732257952	0.000106511838669574	0.000752787297111059	1.00787319953281	SHANK1
ENSG00000198919	1.48390476190476	0.506154761904762	4.02469137041161	0.000106547584100735	0.000752787297111059	1.00706807010211	DZIP3
ENSG00000159450	1.46019285714285	-5.2996130952381	4.02462962837632	0.000106571854967468	0.000752787297111059	1.00685727582036	TCHH
ENSG00000150977	1.35367857142857	-0.554763095238095	4.02414857924352	0.000106761137186959	0.000753850095235041	1.00521500050655	RILPL2
ENSG00000162636	1.42878571428571	0.0152190476190477	4.02387770842851	0.000106867860376473	0.000754110947322773	1.00429032542006	FAM102B
ENSG00000162373	1.51672857142857	0.905388095238095	4.02385769252658	0.000106875750696893	0.000754110947322773	1.00422199868646	BEND5
ENSG00000160190	1.56107142857143	1.22075	4.02361361777926	0.000106972010441874	0.000754358524536174	1.00338883957096	SLC37A1
ENSG00000118513	1.69422619047619	-4.614975	4.02357173897942	0.00010698853520304	0.000754358524536174	1.00324588828227	MYB
ENSG00000151849	1.44227619047619	0.356511904761905	4.02339473478727	0.000107058405444265	0.000754440891859308	1.00264170488766	CENPJ
ENSG00000082781	1.82868571428571	3.30877857142857	4.02334531159269	0.000107077922441253	0.000754440891859308	1.00247300797525	ITGB5
ENSG00000144229	1.91959999999999	-6.98656904761905	4.03030392846496	0.000107393834619518	0.000756392267189627	1.00402803947773	THSD7B
ENSG00000186777	1.57250238095238	-3.57200833333333	4.02239885153884	0.000107452332667654	0.000756529875177848	0.999242733653562	ZNF732
ENSG00000140254	1.75904047619047	-3.29804642857143	4.0219806288472	0.000107618176128632	0.000757422886576942	0.997815513482625	DUOXA1
ENSG00000255339	1.5144880952381	-0.640863095238095	4.02183202085701	0.000107677164595012	0.000757563471777518	0.997308402262599	AL133352.1
ENSG00000005471	1.72995	-4.27222976190476	4.02168220152991	0.000107736665200651	0.0007577075569961	0.99679717130217	ABCB4
ENSG00000139278	1.51742619047619	0.170836904761905	4.02133731341401	0.000107873756765442	0.00075839703434879	0.995620356700762	GLIPR1
ENSG00000085563	1.50584047619048	-0.00559404761904759	4.02061340891761	0.000108162048695771	0.000760148628872413	0.993150515754113	ABCB1
ENSG00000197951	1.35931904761905	-0.453188095238095	4.02037278054736	0.000108258041049119	0.000760547988817582	0.992329603883715	ZNF71
ENSG00000257743	1.47961666666667	0.330453571428572	4.02003673364902	0.000108392234503793	0.000761215338008918	0.991183228451239	MGAM2
ENSG00000096433	1.67441428571429	2.01998571428571	4.01983192167545	0.000108474100008012	0.000761514849586252	0.990484576295151	ITPR3
ENSG00000111912	1.69460238095238	1.99427261904762	4.01925067508029	0.000108706752647506	0.000762872324867823	0.98850197632046	NCOA7
ENSG00000125733	1.94236904761905	4.28084880952381	4.01845068012293	0.000109027743321457	0.000764747670522491	0.985773579952002	TRIP10
ENSG00000172367	1.66990714285714	-1.44076071428571	4.01838845137655	0.000109052750009104	0.000764747670522491	0.985561364373639	PDZD3
ENSG00000134201	1.58140952380952	0.284611904761905	4.01805473983596	0.000109186945976845	0.000765412316598693	0.984423365536835	GSTM5
ENSG00000163599	2.36528095238095	-5.13990476190476	4.04944647561393	0.000109290979074569	0.000765865114280035	1.00091454074379	CTLA4
ENSG00000122786	1.86696666666667	3.52293095238095	4.01746267062485	0.000109425424585886	0.000766530625760727	0.982404503930681	CALD1
ENSG00000173267	1.62354285714286	1.14719047619048	4.01691053227757	0.000109648268424765	0.000767814668688093	0.980521995908026	SNCG
ENSG00000135697	1.90583809523809	-5.34060476190476	4.01656487217872	0.000109787998226254	0.000768288037558647	0.979343568748964	BCO1
ENSG00000153707	1.4895119047619	-0.636684523809524	4.01654756317446	0.000109794999702608	0.000768288037558647	0.979284560700505	PTPRD
ENSG00000149634	1.3598119047619	-1.19622261904762	4.01625393279584	0.000109913838020203	0.000768842545632674	0.978283574988832	SPATA25
ENSG00000163453	2.23304761904762	6.29335	4.01536150932934	0.000110275776052526	0.000771096514003582	0.975241632141373	IGFBP7
ENSG00000088854	1.50733095238095	1.06395119047619	4.0150484933515	0.00011040299503223	0.000771708192057542	0.974174792917986	C20orf194
ENSG00000126709	1.98871666666667	3.40286785714286	4.01490690514559	0.000110460586780983	0.000771832916197597	0.973692243726749	IFI6
ENSG00000197928	1.50602380952381	0.940516666666667	4.01460074083102	0.00011058521899736	0.000771865619075595	0.972648842370258	ZNF677
ENSG00000142920	1.44549761904762	0.00883452380952383	4.01456722681283	0.000110598869922536	0.000771865619075595	0.972534630850505	AZIN2
ENSG00000176222	1.44613571428571	-0.175894047619048	4.01449640205626	0.00011062772355495	0.000771865619075595	0.972293271361178	ZNF404
ENSG00000186272	1.36315714285714	-0.348426190476191	4.01448331652527	0.000110633055319263	0.000771865619075595	0.972248678296203	ZNF17
ENSG00000160255	1.8227380952381	1.4517119047619	4.01436359894878	0.000110681846250143	0.000771865619075595	0.971840707906807	ITGB2
ENSG00000177807	1.35642619047618	-4.81200119047619	4.01430982857454	0.000110703767078254	0.000771865619075595	0.971657473540005	KCNJ10
ENSG00000153558	1.47841428571429	0.616514285714286	4.0134458256008	0.000111056569309233	0.000773786615645387	0.968713439366663	FBXL2
ENSG00000014257	1.4590619047619	-0.620195238095238	4.01343992787813	0.000111058981244397	0.000773786615645387	0.968693344849311	ACPP
ENSG00000197128	1.33245	-0.976120238095239	4.01297511816739	0.000111249227679045	0.000774555530610858	0.967109729066648	ZNF772
ENSG00000240771	1.64967857142857	1.91318214285714	4.01288367622777	0.000111286691505231	0.000774555530610858	0.966798200360907	ARHGEF25
ENSG00000069020	1.48342380952381	0.599469047619048	4.01287802646522	0.000111289006612643	0.000774555530610858	0.966778952653942	MAST4
ENSG00000156172	1.27466428571429	-1.40832261904762	4.01202674190168	0.000111638365005708	0.000776708624751289	0.963879008179633	C8orf37
ENSG00000144182	1.54718571428571	1.25813095238095	4.01089361094074	0.000112105017917819	0.00077950785037524	0.960019636959016	LIPT1
ENSG00000186416	1.4388380952381	0.488788095238095	4.01085490200376	0.000112120992177261	0.00077950785037524	0.959887810879286	NKRF
ENSG00000143515	1.6031119047619	1.56644642857143	4.00966185531145	0.000112614403170011	0.000782658010291793	0.955825260185367	ATP8B2
ENSG00000188257	2.05154047619048	2.09623452380952	4.01899714260622	0.000112733590330825	0.000783206031142739	0.960177752402717	PLA2G2A
ENSG00000178974	1.54832619047619	1.3694130952381	4.00904774784317	0.000112869189887268	0.00078386764278647	0.95373445194438	FBXO34
ENSG00000067182	1.95075714285714	4.29671428571428	4.00887385855568	0.000112941434816396	0.000783962822239994	0.953142465919263	TNFRSF1A
ENSG00000104450	1.42703095238095	-0.0298654761904762	4.00882043148842	0.000112963640778015	0.000783962822239994	0.952960583399874	SPAG1
ENSG00000119509	1.47497142857143	0.815985714285714	4.00799674356751	0.000113306520137339	0.0007860614533858	0.950156715240351	INVS
ENSG00000197579	1.49304761904762	1.04435952380952	4.00728752474136	0.00011360254631102	0.000787833658666927	0.947742842174078	TOPORS
ENSG00000128602	1.53536428571429	1.16986547619048	4.00707813932679	0.000113690084585938	0.000788159251156638	0.94703024482044	SMO
ENSG00000164366	1.40098571428571	0.103940476190476	4.00694508069118	0.00011374574625496	0.00078826370477474	0.946577423073753	CCDC127
ENSG00000255150	1.29080714285714	-1.39711071428571	4.00648754592521	0.000113937343145806	0.0007893097856601	0.945020436366415	EID3
ENSG00000271447	1.52424285714286	-1.02672142857143	4.00602348505545	0.000114131988154859	0.000790376228955443	0.943441374202388	MMP28
ENSG00000171817	1.46441666666667	0.205872619047619	4.00529738385422	0.00011443718115227	0.000791971794230242	0.940970934542538	ZNF540
ENSG00000112763	1.62078333333333	1.980125	4.00528127214972	0.000114443962025443	0.000791971794230242	0.940916120838025	BTN2A1
ENSG00000206503	2.15897857142857	5.67171547619048	4.00498332008246	0.00011456942928071	0.000792437385287304	0.939902485798696	HLA-A
ENSG00000275395	1.5516	0.296623809523809	4.00492771006458	0.000114592861153916	0.000792437385287304	0.939713306232617	FCGBP
ENSG00000185551	1.73912857142857	2.79466428571429	4.00478128093283	0.000114654582551047	0.000792581945167757	0.93921517856506	NR2F2
ENSG00000069424	1.59190476190476	0.591640476190476	4.00442551984751	0.000114804672012677	0.000793337053787248	0.938004993748132	KCNAB2
ENSG00000064763	1.36838809523809	-1.19670357142857	4.0042631863861	0.000114873220107294	0.000793528348645832	0.937452813641474	FAR2
ENSG00000153071	1.73779285714286	2.83199166666667	4.00405449088041	0.000114961402876585	0.00079385509283696	0.936742956289742	DAB2
ENSG00000137821	1.39211904761905	-0.288154761904762	4.00362204326051	0.0001151443365657	0.000794752119649532	0.935272114158147	LRRC49
ENSG00000134259	1.37566904761905	-1.92761547619048	4.00355396045512	0.000115173162256349	0.000794752119649532	0.935040561307324	NGF
ENSG00000105967	1.47223571428571	-2.18593452380952	4.00297797837257	0.000115417304546979	0.000796153896871486	0.933081734208186	TFEC
ENSG00000152439	1.44390952380952	0.209957142857143	4.00227332957831	0.000115716658063125	0.000797935392851476	0.930685611739777	ZNF773
ENSG00000143850	1.59510238095238	1.66923214285714	4.00144012572752	0.00011607158317954	0.000800046317941473	0.927852742634946	PLEKHA6
ENSG00000124203	1.48259285714285	-5.30674166666667	4.00136136509171	0.000116105187143839	0.000800046317941473	0.927584981071073	ZNF831
ENSG00000176641	1.36599285714286	-0.826953571428572	4.00108885628852	0.000116221527372747	0.000800323720147082	0.926658566010264	RNF152
ENSG00000184887	1.67241428571429	2.07150476190476	4.00107399377322	0.000116227875724316	0.000800323720147082	0.926608041051194	BTBD6
ENSG00000166897	2.13875238095238	-3.05232142857143	4.02486307942999	0.000116709038891325	0.0008033520443785	0.93656972815802	ELFN2
ENSG00000141433	1.58400952380952	-0.151788095238095	3.99867747311598	0.000117255870590183	0.000806830083316856	0.918462892343701	ADCYAP1
ENSG00000198707	1.4482619047619	0.580033333333333	3.99765042416309	0.000117699082495389	0.00080959290963353	0.914973314586524	CEP290
ENSG00000108846	2.0545	5.04818095238095	3.99719940285399	0.000117894221627771	0.000810648015427783	0.913441098542708	ABCC3
ENSG00000136826	1.62829047619048	1.32884761904762	3.99704113888096	0.000117962769494992	0.000810832232939381	0.912903471917831	KLF4
ENSG00000184160	1.48734047619048	0.0354583333333333	3.99499035575003	0.000118854465450769	0.000816503008367182	0.905938321087365	ADRA2C
ENSG00000106536	1.36651666666667	-1.51804166666667	3.99495047022756	0.000118871871699146	0.000816503008367182	0.905802882367582	POU6F2
ENSG00000113248	1.48723095238095	-0.0308273809523809	3.99447011480967	0.000119081692801814	0.000817434109738268	0.904171823898582	PCDHB15
ENSG00000166268	1.50099285714286	-2.37667738095238	3.99444740568975	0.000119091620993385	0.000817434109738268	0.904094718088623	MYRFL
ENSG00000169126	2.35297380952381	-4.57488690476191	4.02402445508055	0.000119140335148921	0.000817479515166694	0.920148743653637	ARMC4
ENSG00000154229	1.47714285714286	0.751711904761905	3.99383936748415	0.000119357743438192	0.000818681971770687	0.902030324300555	PRKCA
ENSG00000131477	1.71169285714286	2.34463928571429	3.99361520523298	0.000119455996762157	0.00081906657666934	0.901269313185026	RAMP2
ENSG00000150867	1.52033571428571	1.15155833333333	3.99334029071013	0.000119576601057012	0.000819509079483591	0.900336045307236	PIP4K2A
ENSG00000108244	1.79022142857143	-0.490084523809524	4.00467664767348	0.000119604940326321	0.000819509079483591	0.906463659655389	KRT23
ENSG00000196739	1.48981428571428	3.52827142857143	3.99248862776587	0.000119950962751847	0.000821590051045982	0.897445155814375	COL27A1
ENSG00000064932	1.77412857142857	3.02693095238095	3.99220432830591	0.000120076180254315	0.000822157710923233	0.896480228735752	SBNO2
ENSG00000196357	1.37990714285714	-0.131963095238095	3.99206185857282	0.000120138976941123	0.00082229772796712	0.895996698032529	ZNF565
ENSG00000074966	1.30507142857143	-1.71325476190476	3.99171945613606	0.000120290026815004	0.0008229978173406	0.894834663699109	TXK
ENSG00000086015	1.59981904761905	1.79098095238095	3.99163790965881	0.000120326027573899	0.0008229978173406	0.894557924669948	MAST2
ENSG00000151651	1.56878333333333	1.13591071428571	3.99079036757706	0.000120700806865021	0.000825270516797526	0.891681921060798	ADAM8
ENSG00000134222	1.41050238095238	-0.709377380952381	3.99052051880636	0.000120820366805496	0.000825797213174631	0.890766324759745	PSRC1
ENSG00000110906	1.62001666666667	1.95996785714286	3.99034461077278	0.000120898366050679	0.00082584306911523	0.890169493617831	KCTD10
ENSG00000205923	1.50752857142857	0.217685714285714	3.99031356863855	0.000120912135415316	0.00082584306911523	0.890064174037978	CEMP1
ENSG00000101938	1.60851904761905	0.470859523809524	3.98943617743872	0.000121301940564289	0.000828127704377419	0.887087614521459	CHRDL1
ENSG00000112782	1.3641	-1.45283571428571	3.98936879886581	0.000121331924964144	0.000828127704377419	0.886859051799157	CLIC5
ENSG00000156920	1.35755476190476	-9.20465595238094	3.98898862411578	0.000121501240819383	0.000828991951591979	0.8855694696984	ADGRG4
ENSG00000251369	1.45548333333333	0.638551190476191	3.98867001755594	0.000121643310401803	0.000829669758125117	0.884488801066671	ZNF550
ENSG00000170044	1.94228809523809	-6.89336071428571	3.99908339213819	0.000121912316821644	0.00083121255900375	0.888589668430032	ZPLD1
ENSG00000059377	1.57915	0.155317857142857	3.9875277798372	0.000122153950942706	0.000832567714779032	0.880615011735099	TBXAS1
ENSG00000197619	1.41969047619048	0.424059523809524	3.98726939996879	0.000122269744224696	0.000833064523984265	0.879738854132495	ZNF615
ENSG00000170385	1.51945476190476	0.989472619047619	3.98638248556196	0.000122668014828561	0.000835484921761137	0.876731673508372	SLC30A1
ENSG00000181744	1.41235	0.243834523809524	3.98612243306507	0.000122785026801035	0.000835988657230889	0.875850030028047	DIPK2A
ENSG00000076706	1.80558095238095	2.95745714285714	3.98586379115638	0.000122901509890838	0.00083633949721075	0.874973210652476	AP002956.1
ENSG00000100578	1.47721904761905	0.752216666666667	3.98578060415245	0.000122938996794379	0.00083633949721075	0.874691208085604	KIAA0586
ENSG00000100092	1.47964047619048	0.456572619047619	3.98572121325223	0.000122965767047929	0.00083633949721075	0.874489876558641	SH3BP1
ENSG00000110723	1.22452142857143	-1.67721547619048	3.98538854794177	0.000123115817888905	0.000837066859862311	0.873362202154974	EXPH5
ENSG00000142089	2.37452380952381	7.21067142857143	3.98515526605468	0.000123221145574278	0.000837489746153777	0.872571460530252	IFITM3
ENSG00000159708	1.52464523809524	0.317936904761905	3.98427345936795	0.00012362006339366	0.000839907064722918	0.869582760138419	LRRC36
ENSG00000131044	1.2708619047619	-2.53737142857143	3.98288707970963	0.000124249740443368	0.000843410637020458	0.864884896107266	TTLL9
ENSG00000177508	1.56011666666667	-0.0372940476190476	3.98287438603703	0.000124255519895376	0.000843410637020458	0.864841888074684	IRX3
ENSG00000101846	1.39560476190476	-0.444373809523809	3.9828512966544	0.000124266033191654	0.000843410637020458	0.864763658103163	STS
ENSG00000132688	1.52107142857143	0.796004761904762	3.98188679207164	0.000124705961710968	0.000845955012488023	0.861496082701351	NES
ENSG00000196267	1.51690476190476	1.02085238095238	3.98113406896553	0.000125050326502219	0.000847844706710925	0.858946390122798	ZNF836
ENSG00000031081	1.31962619047619	-0.625772619047619	3.98091351108252	0.000125151402012452	0.000847990300618806	0.858199363326741	ARHGAP31
ENSG00000188026	1.46945476190476	0.594327380952381	3.98088170409312	0.000125165984706712	0.000847990300618806	0.858091635958015	RILPL1
ENSG00000166532	1.75542142857143	2.741075	3.98080139543863	0.000125202811405609	0.000847990300618806	0.85781964069086	RIMKLB
ENSG00000153250	1.62274285714286	1.96116904761905	3.979721935648	0.000125698819533221	0.000851052886225968	0.854164037838169	RBMS1
ENSG00000109680	1.39693333333333	0.248421428571429	3.97961858799967	0.000125746405810842	0.000851078322772717	0.853814088042346	TBC1D19
ENSG00000145934	1.44830714285714	-4.70226785714286	3.97928157211639	0.000125901703939303	0.000851832504213724	0.852672950831377	TENM2
ENSG00000103044	1.33068333333333	-1.30739642857143	3.97878536966766	0.000126130689463849	0.000852887782398083	0.85099293642604	HAS3
ENSG00000120729	1.39209761904762	-1.49917261904762	3.97867033043774	0.000126183834114284	0.000852887782398083	0.850603465030985	MYOT
ENSG00000149043	1.89691428571429	2.93207380952381	3.97864412897987	0.000126195941388382	0.000852887782398083	0.850514759766604	SYT8
ENSG00000205363	1.5305119047619	-0.285084523809524	3.9785631548393	0.000126233365259661	0.000852887782398083	0.850240623818936	INSYN1
ENSG00000172772	1.63438809523809	-8.9394488095238	3.97836783214247	0.000126323681331366	0.00085316000643864	0.849579380531866	OR10W1
ENSG00000131351	1.45229523809524	0.513969047619047	3.97825426365649	0.000126376223123053	0.00085316000643864	0.849194918005393	HAUS8
ENSG00000183621	1.395	0.0870952380952382	3.97819107508406	0.000126405465986403	0.00085316000643864	0.848981009705554	ZNF438
ENSG00000115414	2.0225	3.97627142857143	3.9775351470635	0.000126709403306689	0.000854914243714137	0.846760685266479	FN1
ENSG00000198719	1.69722380952381	2.2844	3.97716864449494	0.000126879533586488	0.00085576477359584	0.845520186686305	DLL1
ENSG00000108852	1.38679047619048	-0.714807142857143	3.97628457422279	0.000127290817345373	0.000857992096727569	0.842528226107658	MPP2
ENSG00000133561	1.51900238095238	0.632713095238095	3.97623642413286	0.000127313254089505	0.000857992096727569	0.842365285707971	GIMAP6
ENSG00000146938	1.36272857142857	-3.54629047619048	3.97612588711551	0.000127364775887517	0.000857992096727569	0.841991232788785	NLGN4X
ENSG00000132122	1.43321904761905	0.414621428571428	3.97607927466791	0.000127386508129858	0.000857992096727569	0.841833500389952	SPATA6
ENSG00000173452	1.39822142857143	-2.94632261904762	3.97567091408484	0.000127577050713646	0.000858977521067121	0.840451702403683	TMEM196
ENSG00000188783	1.77149285714286	1.88360833333333	3.97547065878989	0.000127670590087838	0.000859309365104206	0.839774122807485	PRELP
ENSG00000105771	1.71339047619048	2.69454047619048	3.97463381683452	0.000128062189156685	0.000861646427250347	0.836942873438469	SMG9
ENSG00000010932	1.5255880952381	-0.583534523809524	3.97436542590013	0.000128188025239682	0.00086219434503088	0.836034931366905	FMO1
ENSG00000137834	1.45679523809524	0.3828	3.97382363580271	0.000128442405628356	0.000863606174685391	0.834202242157049	SMAD6
ENSG00000168386	1.69889047619048	2.30017142857143	3.97372462134695	0.000128488946834819	0.000863620065641576	0.833867330221382	FILIP1L
ENSG00000108813	1.46882142857143	-2.95178214285714	3.97322287213574	0.000128725039167033	0.000864907546901537	0.83217028043049	DLX4
ENSG00000137101	1.50873333333333	0.681416666666667	3.97304329399788	0.000128809638285117	0.000865176601944105	0.831562937506776	CD72
ENSG00000154642	1.33172380952381	-0.550307142857143	3.97208216278264	0.000129263330308326	0.000867923702602723	0.828312683115885	C21orf91
ENSG00000181045	1.63626428571429	2.09990595238095	3.97156357294083	0.00012950875905847	0.000869188243885431	0.826559209651332	SLC26A11
ENSG00000165495	1.43604047619048	0.516215476190476	3.97149512215403	0.000129541187444868	0.000869188243885431	0.826327774119919	PKNOX2
ENSG00000100644	1.77858095238095	3.02302619047619	3.97101430837708	0.000129769190503885	0.000870417319932447	0.824702201378137	HIF1A
ENSG00000160716	1.36481666666667	-3.08697976190476	3.97033104408656	0.000130093855803678	0.00087209474341273	0.82239241714007	CHRNB2
ENSG00000101222	1.3242	-1.85040714285714	3.97029900592458	0.000130109098345179	0.00087209474341273	0.822284118872272	SPEF1
ENSG00000074657	1.55782857142857	1.34831428571429	3.96975006808967	0.000130370527376683	0.00087351249037439	0.820428649842513	ZNF532
ENSG00000166428	1.59109047619048	-2.22951428571429	3.96962673242331	0.000130429334414634	0.00087351249037439	0.820011787964566	PLD4
ENSG00000261052	1.73883571428571	2.42589404761905	3.96957172972349	0.000130455568137075	0.00087351249037439	0.81982588756315	SULT1A3
ENSG00000187243	1.74194285714286	2.39739047619048	3.96942852286352	0.000130523894783286	0.000873668731093362	0.819341879979513	MAGED4B
ENSG00000167555	1.55495952380952	1.49226547619048	3.9691975834428	0.000130634152295484	0.000874105433933047	0.818561382760961	ZNF528
ENSG00000130813	1.79672142857143	3.35813214285714	3.96757694663086	0.000131410400873607	0.000878883685846788	0.813085117752497	C19orf66
ENSG00000196911	1.39918571428571	0.189892857142857	3.96751787138132	0.000131438779673451	0.000878883685846788	0.812885528712912	KPNA5
ENSG00000270276	2.18894761904762	-0.318080952380952	4.00343966319431	0.000131545986879491	0.000879019541069972	0.832279203100701	HIST2H4B
ENSG00000187902	1.66600714285714	-5.64674642857143	3.96728225660744	0.000131552023480553	0.000879019541069972	0.812089512755692	SHISA7
ENSG00000131941	1.57638571428571	1.53420238095238	3.9671930943674	0.000131594901941004	0.000879019541069972	0.811788290438578	RHPN2
ENSG00000165194	1.64708095238095	-4.40795952380952	3.96699144645288	0.000131691924443257	0.000879365126836028	0.811107069175356	PCDH19
ENSG00000197057	2.13343809523809	-6.92220238095238	3.99230915837575	0.000132004862897819	0.000881101386118898	0.823435748927736	DTHD1
ENSG00000127585	1.50934285714286	-0.462719047619048	3.96626360233953	0.000132042694077969	0.000881101386118898	0.80864842664472	FBXL16
ENSG00000151650	1.4507619047619	-1.4996	3.96586215020987	0.000132236547512996	0.000882091817110047	0.807292471635249	VENTX
ENSG00000149639	1.35649761904762	-0.209096428571429	3.96559065030886	0.000132367803632064	0.000882664152104198	0.806375503869413	SOGA1
ENSG00000158270	1.44634761904762	-0.904076190476191	3.96500044342648	0.000132653567572403	0.000884266040206289	0.804382289862991	COLEC12
ENSG00000125772	1.6365119047619	2.06025119047619	3.96468100226178	0.000132808479010359	0.000884994868024414	0.80330358193627	GPCPD1
ENSG00000065609	1.50519285714286	-1.67419404761905	3.96436762705325	0.000132960616718838	0.000885264911975593	0.802245420061505	SNAP91
ENSG00000105825	1.85103333333333	1.98640238095238	3.96432193309452	0.000132982814171398	0.000885264911975593	0.802091132192754	TFPI2
ENSG00000167637	1.35304047619048	-0.299044047619048	3.96431584196863	0.000132985773418107	0.000885264911975593	0.802070565309537	ZNF283
ENSG00000205464	1.4951880952381	0.497703571428571	3.96365862049903	0.000133305440653324	0.000887088775396248	0.799851572486858	ATP6AP1L
ENSG00000177570	1.32824761904762	-0.564980952380952	3.96310085326302	0.000133577309885875	0.000888593423557354	0.79796858191242	SAMD12
ENSG00000050555	1.6097880952381	1.35345833333333	3.96286497567709	0.000133692441618564	0.000888914093271924	0.79717233125997	LAMC3
ENSG00000254535	1.23137857142857	-3.83069166666667	3.96275031567579	0.000133748441343491	0.000888914093271924	0.79678528673803	PABPC4L
ENSG00000119919	1.4492880952381	-0.271322619047619	3.96272082552113	0.000133762847900946	0.000888914093271924	0.796685741562634	NKX2-3
ENSG00000278619	1.49170238095238	0.823113095238095	3.96247369602269	0.000133883634108291	0.000889412386970505	0.795851567674849	MRM1
ENSG00000158716	2.02350952380952	4.20259285714286	3.96235969883725	0.000133939386111034	0.000889478454002755	0.79546678850059	DUSP23
ENSG00000196550	1.59694523809524	-2.33460833333333	3.962216252114	0.000134009572357463	0.000889640299499902	0.794982618729049	FAM72A
ENSG00000167889	1.46203095238095	-3.76895833333333	3.96114244887639	0.000134536084574488	0.000892830379448874	0.791358665257913	MGAT5B
ENSG00000120217	1.37868095238095	-0.327214285714286	3.9604141182373	0.00013489432715125	0.000894901962631698	0.788901050996491	CD274
ENSG00000167065	1.36095238095238	-0.197919047619048	3.95931772738353	0.000135435325628511	0.000898184136972137	0.785202114830857	DUSP18
ENSG00000256771	1.41993571428571	0.334284523809524	3.95824727939152	0.000135965522130906	0.000901392457745963	0.781591431141157	ZNF253
ENSG00000011347	1.74598333333333	1.80146071428571	3.95777195483945	0.000136201587101199	0.000902649289532796	0.779988364291396	SYT7
ENSG00000103489	1.36838571428571	-0.37892380952381	3.95765124804245	0.000136261597173822	0.000902738892501291	0.77958129437114	XYLT1
ENSG00000041880	1.56567380952381	1.32538214285714	3.95740600540278	0.000136383598742284	0.000903238990579013	0.778754269690809	PARP3
ENSG00000213799	1.33196666666667	-0.526133333333334	3.9573024118415	0.000136435165071718	0.000903272429376957	0.778404935459498	ZNF845
ENSG00000184925	1.62154761904762	1.18635714285714	3.95686081406947	0.000136655190565787	0.000904420753376429	0.776915872006379	LCN12
ENSG00000189167	1.43263095238095	-9.24948452380951	3.95674471537157	0.000136713092826792	0.000904495685352858	0.77652440864409	ZAR1L
ENSG00000184378	1.28074523809524	-2.36726785714286	3.9564284510626	0.000136870943189662	0.000905231599065684	0.775458066763778	ACTRT3
ENSG00000184619	1.30589285714286	-1.20333928571429	3.95626786886567	0.000136951157829724	0.000905403612312732	0.774916659115938	KRBA2
ENSG00000243660	1.38555238095238	-0.223990476190476	3.95618973132904	0.00013699020563265	0.000905403612312732	0.774653221948514	ZNF487
ENSG00000099364	1.53921666666667	1.31535357142857	3.95569042181573	0.000137239977623775	0.000906511611621424	0.772969913094363	FBXL19
ENSG00000170075	1.54247857142857	-5.76758452380952	3.95557657038964	0.000137296990936646	0.000906511611621424	0.772586110745072	GPR37L1
ENSG00000135045	1.33530714285714	-0.376025	3.95555003940673	0.000137310280091376	0.000906511611621424	0.772496673829691	C9orf40
ENSG00000031691	1.33176428571429	-0.444998809523809	3.95548156208116	0.000137344585507788	0.000906511611621424	0.772265836300264	CENPQ
ENSG00000076382	1.42410238095238	0.0266273809523809	3.95514836384262	0.00013751162629798	0.000907305728662652	0.771142664821882	SPAG5
ENSG00000262655	1.56085238095238	0.631697619047619	3.95498410276559	0.000137594045964765	0.000907541163228194	0.770588986015846	SPON1
ENSG00000183778	1.3689380952381	-0.20617380952381	3.95484141281051	0.000137665680395138	0.000907705324927945	0.770108031275979	B3GALT5
ENSG00000188033	1.28659285714286	-1.97705595238095	3.9539956866334	0.000138090990859336	0.000909867737966818	0.767257665709797	ZNF490
ENSG00000100068	1.62458571428571	1.73679523809524	3.95396093300191	0.000138108495063308	0.000909867737966818	0.767140544559954	LRP5L
ENSG00000196990	2.45373333333333	-5.9975	3.99113012478657	0.000138135457251107	0.000909867737966818	0.787793774336993	FAM163B
ENSG00000196188	1.8132619047619	-0.580483333333334	3.96892620815532	0.000138181067013294	0.000909867737966818	0.775167782417096	CTSE
ENSG00000163071	1.42417857142857	-0.465108333333333	3.95348720386138	0.000138347307494669	0.000910653565061522	0.765544133814913	SPATA18
ENSG00000151575	1.39737142857143	0.172547619047619	3.95277853813976	0.000138705290649206	0.000912700553651742	0.763156278147999	TEX9
ENSG00000077150	1.79824523809524	3.19620119047619	3.95263359476569	0.0001387786178281	0.000912788018113622	0.762667929006222	NFKB2
ENSG00000183773	1.37824523809524	-1.03374404761905	3.95256645316533	0.000138812597460579	0.000912788018113622	0.762441717257544	AIFM3
ENSG00000198205	1.26831904761905	-0.9413	3.95154576710357	0.000139330135135479	0.000915881030487724	0.759003197161513	ZXDA
ENSG00000150477	1.37099047619048	0.0609119047619048	3.95136823436294	0.000139420340837983	0.000916155600715445	0.758405186025981	KIAA1328
ENSG00000182782	2.15503095238095	-5.36954404761905	3.97488814206396	0.00013946626613013	0.000916155600715445	0.771380607287134	HCAR2
ENSG00000116329	1.25503571428571	-4.43367976190476	3.95107142147281	0.000139571278258567	0.000916535367340161	0.757405429286679	OPRD1
ENSG00000151948	1.81804047619048	-3.82573214285714	3.95087837557057	0.000139669531089694	0.000916864508437748	0.756755221287433	GLT1D1
ENSG00000102239	2.07005714285714	-6.32417380952381	3.9722309462583	0.000139715834816526	0.000916864508437748	0.768519716149916	BRS3
ENSG00000141505	1.44687142857143	-1.73491666666667	3.95005429235187	0.000140089700642448	0.00091870827612332	0.753979847106226	ASGR1
ENSG00000067715	1.3645380952381	-3.48894047619047	3.95005092379419	0.000140091420620103	0.00091870827612332	0.753968503245115	SYT1
ENSG00000099338	1.39910476190476	-0.160983333333333	3.94991488433265	0.000140160898905955	0.000918853590464496	0.753510386504895	CATSPERG
ENSG00000188820	2.27339285714286	-1.66222023809524	3.98644094598325	0.000140292435555887	0.000919405505779349	0.773263120122208	CALHM6
ENSG00000136848	1.68877857142857	2.50292738095238	3.94929348071743	0.000140478681806057	0.000920044890561564	0.751417940282841	DAB2IP
ENSG00000132932	1.23136666666666	-4.52751666666667	3.94928160519495	0.000140484761587962	0.000920044890561564	0.751377954319707	ATP8A2
ENSG00000100346	1.36145238095238	-4.8594380952381	3.94859785868175	0.000140835235894522	0.000922029201146267	0.749075867322156	CACNA1I
ENSG00000121858	1.71664285714286	2.79717857142857	3.94793147808252	0.000141177612126053	0.000923959175013041	0.746832532211855	TNFSF10
ENSG00000172379	1.43498095238095	-0.131614285714286	3.94754782457535	0.000141375087856715	0.000924939843666337	0.745541109699636	ARNT2
ENSG00000132872	1.48690476190476	-1.29608333333333	3.9473078434933	0.000141498745992944	0.000925437066248228	0.744733352449136	SYT4
ENSG00000079482	1.28042619047619	-0.934905952380952	3.94671974938131	0.000141802217654039	0.000927109583301727	0.742754027676859	OPHN1
ENSG00000154099	1.3388880952381	-1.32947976190476	3.94613577471767	0.000142104178517998	0.000928771100122008	0.740788783012812	DNAAF1
ENSG00000175928	1.36582380952381	-0.749419047619048	3.94578808596416	0.000142284252484652	0.000929635132821997	0.73961881116341	LRRN1
ENSG00000166147	1.63039523809524	1.22556904761905	3.94523970886864	0.000142568709315376	0.000931180355696591	0.737773678214816	FBN1
ENSG00000113368	1.40584761904762	0.046597619047619	3.9450810983001	0.000142651085755808	0.000931405105314824	0.737240034073594	LMNB1
ENSG00000128512	1.4638880952381	0.861391666666666	3.94482556695021	0.000142783894854352	0.000931958880766992	0.736380333969167	DOCK4
ENSG00000161040	1.24824285714286	-2.34858095238095	3.94433534519273	0.000143039011836645	0.000933310326560472	0.73473116537147	FBXL13
ENSG00000066923	1.6597	2.17958333333333	3.94306645244709	0.000143701381016301	0.000937317237680394	0.730463151146661	STAG3
ENSG00000254656	1.63210476190476	-5.01032857142857	3.9425248748138	0.000143984978468124	0.000938851682973145	0.728641823750702	RTL1
ENSG00000197948	1.68655	2.51270119047619	3.942008520453	0.000144255865330854	0.000940059588934275	0.726905494413877	FCHSD1
ENSG00000272636	1.62282857142857	1.39280476190476	3.94191961253656	0.000144302556771217	0.000940059588934275	0.726606543383172	DOC2B
ENSG00000183036	1.48033095238095	0.174579761904762	3.94185370045807	0.000144337180886504	0.000940059588934275	0.726384918597629	PCP4
ENSG00000060709	1.51979523809524	-0.634802380952381	3.94172328010528	0.000144405715066022	0.000940059588934275	0.725946397289307	RIMBP2
ENSG00000012660	1.66869761904762	1.98717976190476	3.94171078028502	0.000144412285188533	0.000940059588934275	0.725904368848215	ELOVL5
ENSG00000213145	1.76824523809524	2.353925	3.94130093869938	0.000144627863205479	0.000941147402052278	0.724526403345389	CRIP1
ENSG00000101898	1.37265476190476	-0.462494047619048	3.94101896153235	0.000144776362510043	0.000941798126371867	0.723578403859506	MCTS2P
ENSG00000118898	1.59731666666667	1.84211785714286	3.9406510749786	0.000144970323663567	0.00094274405388451	0.722341654726809	PPL
ENSG00000115840	1.4712619047619	0.746935714285714	3.94053687395382	0.000145030584417308	0.000942820183533741	0.721957754763461	SLC25A12
ENSG00000115155	1.65350476190476	-4.33149523809524	3.94001166928813	0.000145308028585712	0.000944008174058405	0.720192324343213	OTOF
ENSG00000130702	1.96694285714286	4.65086190476191	3.94000688382916	0.00014531055887633	0.000944008174058405	0.720176239232971	LAMA5
ENSG00000118276	1.28364523809524	-1.08228214285714	3.93971688974757	0.000145463970526446	0.000944461974043635	0.71920152440737	B4GALT6
ENSG00000140848	1.63635714285714	2.17615714285714	3.93969097200064	0.00014547768896717	0.000944461974043635	0.719114413444623	CPNE2
ENSG00000152137	1.67290952380953	2.0282619047619	3.9392538670435	0.000145709237779662	0.000945649057221079	0.717645343622341	HSPB8
ENSG00000187987	1.24813809523809	-2.15320714285714	3.93870938037388	0.000145998162373727	0.000946926288271705	0.715815542190991	ZSCAN23
ENSG00000278129	1.27353333333333	-0.886566666666666	3.93869920082921	0.000146003569218534	0.000946926288271705	0.715781334602368	ZNF8
ENSG00000250366	1.50298571428571	-1.28880476190476	3.93860595306483	0.000146053106479399	0.00094693129269348	0.715467985596032	TUNAR
ENSG00000129159	1.37469523809524	-3.94234285714286	3.93844034838615	0.000146141122432217	0.000947185686044324	0.71491150253877	KCNC1
ENSG00000205560	1.81500952380952	3.48817142857143	3.93822418538236	0.000146256085431553	0.000947539142933817	0.714185153860484	CPT1B
ENSG00000116514	1.5526880952381	1.422025	3.93815433803214	0.000146293251133772	0.000947539142933817	0.713950459820423	RNF19B
ENSG00000113296	1.77385476190476	2.65424642857143	3.9378931921619	0.000146432286471947	0.00094812342071099	0.713073010996971	THBS4
ENSG00000108576	1.34254047619048	-2.68838928571429	3.93762550532235	0.000146574935183171	0.000948730697128939	0.712173629196425	SLC6A4
ENSG00000150625	1.43600714285714	-1.76301547619048	3.93739898666258	0.000146695749242491	0.000949128375852437	0.711412600717494	GPM6A
ENSG00000064225	1.50554047619048	1.01399642857143	3.93732705783716	0.000146734132470338	0.000949128375852437	0.711170950202417	ST3GAL6
ENSG00000006210	1.66085	1.85045119047619	3.93687582316889	0.000146975142711396	0.000950370736320312	0.709655066505706	CX3CL1
ENSG00000135426	1.51535952380952	-3.35289166666667	3.93625205681697	0.000147308926717082	0.00095221196371248	0.707559789130998	TESPA1
ENSG00000100364	1.7090380952381	2.62270952380952	3.93598454842206	0.000147452294921733	0.000952821518399407	0.706661283841866	KIAA0930
ENSG00000164088	1.61630238095238	2.04903214285714	3.93491940245843	0.000148024470526749	0.000956200654919633	0.703084127080887	PPM1M
ENSG00000107821	1.38379761904762	-0.647189285714286	3.93482771063514	0.000148073824544734	0.000956201371802343	0.702776225270233	KAZALD1
ENSG00000197779	1.28896904761905	-0.91475119047619	3.93425129108856	0.000148384447963131	0.000957633766456757	0.700840725781691	ZNF81
ENSG00000134594	2.03173809523809	-4.51482619047619	3.94429905358021	0.000148394273522937	0.000957633766456757	0.706496351792381	RAB33A
ENSG00000177839	1.37048809523809	-2.25159166666667	3.93388622797422	0.000148581496358771	0.000958523420695884	0.699615026650614	PCDHB9
ENSG00000146281	1.55350952380952	1.72572857142857	3.93361670744713	0.000148727134445649	0.000959144303110466	0.698710165674421	PM20D2
ENSG00000166313	1.74442380952381	2.90087619047619	3.93291512597926	0.000149106880279402	0.000961274037604722	0.696354962055808	APBB1
ENSG00000258986	1.57905238095238	0.143535714285714	3.93275660196022	0.000149192812869517	0.000961508808596175	0.695822841185789	TMEM179
ENSG00000138379	1.24647142857143	-3.7594380952381	3.93186545398995	0.000149676766300487	0.000964247662170214	0.692831801644668	MSTN
ENSG00000131095	1.42504523809524	-0.786058333333334	3.93179130297812	0.00014971710276255	0.000964247662170214	0.692582944583602	GFAP
ENSG00000165115	1.44433095238095	0.636429761904762	3.9316066600881	0.000149817589384693	0.000964574917331557	0.69196328253479	KIF27
ENSG00000062716	2.0340119047619	4.83539880952381	3.93095446858832	0.000150173041553216	0.000966542963500282	0.689774698440865	VMP1
ENSG00000007933	1.57397142857143	-0.106647619047619	3.93057217311422	0.000150381771243267	0.000967565683897203	0.688491939739851	FMO3
ENSG00000174332	1.84440476190476	-6.3478119047619	3.93332002210713	0.000150493279599457	0.000967962405850364	0.689489577430695	GLIS1
ENSG00000173175	1.56245714285714	1.46466904761905	3.92982825783461	0.000150788735925802	0.000969541613975901	0.685996062393036	ADCY5
ENSG00000175182	1.60717619047619	1.99864761904762	3.92967996234886	0.000150869987704036	0.00096974293983349	0.685498564551786	FAM131A
ENSG00000165300	1.30906190476191	-3.84748333333333	3.92923681709398	0.000151113038131899	0.000970983777116218	0.684011995184038	SLITRK5
ENSG00000157766	1.86764523809524	-3.58269166666667	3.92991006255131	0.000151299436918233	0.000971859896155554	0.683451243170901	ACAN
ENSG00000164543	1.60681428571428	2.07964285714286	3.92664495407852	0.000152542091319131	0.000979517966016825	0.675319851035415	STK17A
ENSG00000175105	1.35490952380952	0.0987238095238094	3.92635092329812	0.000152705020787228	0.000980240030957488	0.674334049452481	ZNF654
ENSG00000131115	1.45639523809524	0.84937619047619	3.92580113510077	0.000153010117287276	0.000981873911924762	0.6724909126857	ZNF227
ENSG00000003400	1.46639761904762	0.915677380952381	3.92560866605195	0.000153117062444444	0.000982235585908892	0.671845715237108	CASP10
ENSG00000228716	1.36012857142857	-0.490190476190476	3.92531984873188	0.00015327767724343	0.000982941194423024	0.670877581721644	DHFR
ENSG00000163354	1.36429761904762	-1.03539880952381	3.92499212049975	0.00015346012562444	0.000983786305505241	0.669779080329739	DCST2
ENSG00000241563	1.77268809523809	-3.22746071428571	3.92487155832518	0.000153527295484793	0.000983892087037525	0.669374989070069	CORT
ENSG00000139971	1.2845880952381	-2.22281309523809	3.92407810732887	0.000153970058303853	0.000986164825065406	0.66671578890165	ARMH4
ENSG00000196083	1.3563119047619	-0.484934523809524	3.92405403976546	0.000153983507549609	0.000986164825065406	0.666635134229476	IL1RAP
ENSG00000148600	1.26372619047619	-3.09781785714286	3.92375481625544	0.00015415081091898	0.000986910796711097	0.665632413799819	CDHR1
ENSG00000146856	1.40759285714286	0.313727380952381	3.92335700733055	0.00015437350451707	0.000987844656396606	0.664299413979242	AGBL3
ENSG00000124766	1.59889761904762	1.54906785714286	3.92331253244572	0.000154398420649073	0.000987844656396606	0.66415039133576	SOX4
ENSG00000174145	1.83232380952381	-6.28473571428572	3.9249665821686	0.000154513852018071	0.000988257568671578	0.664523183252868	NWD2
ENSG00000166762	1.5129	1.05596904761905	3.92246104388743	0.000154876190244984	0.000990248884483735	0.661297537649232	CATSPER2
ENSG00000188215	1.42523571428571	0.537363095238095	3.92206515115836	0.000155098805550523	0.00099134582165242	0.659971282646218	DCUN1D3
ENSG00000155816	1.43377619047619	-1.40656666666667	3.92187177621914	0.00015520765361175	0.000991715109520551	0.659323505650502	FMN2
ENSG00000213762	1.43005	0.57370119047619	3.92166078501155	0.000155326500789467	0.000992015102051735	0.658616743806967	ZNF134
ENSG00000123405	1.6151880952381	-2.42054642857143	3.92160705711612	0.000155356778521955	0.000992015102051735	0.658436774807376	NFE2
ENSG00000163075	1.61790238095238	2.00495595238095	3.92058054921224	0.000155936338095082	0.00099538849872791	0.654998695961568	CFAP221
ENSG00000112419	1.40964761904762	0.0447166666666667	3.92046245185924	0.000156003147266663	0.00099548771397439	0.654603195761037	PHACTR2
ENSG00000171606	1.58897857142857	1.91941071428571	3.92024432311388	0.000156126617292775	0.000995948309655422	0.653872720284763	ZNF274
ENSG00000091592	1.21284523809524	2.117275	3.92007450109149	0.000156222808243742	0.000996084728739258	0.653304036537019	NLRP1
ENSG00000136842	1.76027857142857	2.60305357142857	3.9199543630085	0.000156290891265801	0.000996084728739258	0.65290174064446	TMOD1
ENSG00000180549	2.08770714285714	-6.5509869047619	3.9433751820602	0.000156344335600645	0.000996084728739258	0.665951163687274	FUT7
ENSG00000159905	1.25121904761905	-2.33062142857143	3.91984447463802	0.000156353190503515	0.000996084728739258	0.652533775072023	ZNF221
ENSG00000068097	1.52699761904762	1.40618452380952	3.91935961677941	0.000156628355025981	0.00099751046175615	0.650910300595152	HEATR6
