logFC	AveExpr	t	P.Value	adj.P.Val	B	HGNC_symbol
ENSG00000118640	-6.96320541871921	4.10477709359606	-128.09785170583	0	0	750.753250522782	VAMP8
ENSG00000124466	-10.4311748768473	4.14734064039409	-121.089033313701	2.76676761671098e-322	2.7034086382883e-318	728.499814588963	LYPD3
ENSG00000186395	-9.41619113300493	8.93867339901477	-119.602164408674	3.69264663701748e-320	2.40539001935318e-316	723.619400695124	KRT10
ENSG00000108352	-6.79312610837439	4.70435714285714	-118.821633430557	4.9782054474964e-319	2.43210227137437e-315	721.03403419942	RAPGEFL1
ENSG00000102934	-6.90339507389163	3.05093497536946	-117.196986107078	1.17826484687355e-316	4.60513032750082e-313	715.599999151711	PLLP
ENSG00000102890	-5.38191625615763	2.24093694581281	-116.244737515224	3.0010274593028e-315	9.77434643494922e-312	712.381308784814	ELMO3
ENSG00000137699	-10.2230689655172	5.37381773399015	-115.572016763034	2.99996686636724e-314	8.37505035750693e-311	710.092201484222	TRIM29
ENSG00000101213	-8.31189458128079	1.49563054187192	-114.71706678363	5.69816952466874e-313	1.39192036063846e-309	707.164558472481	PTK6
ENSG00000081277	-11.3373995073892	3.7225460591133	-112.293822692301	2.6857448284693e-309	5.2484825437947e-306	698.751948961907	PKP1
ENSG00000165272	-9.82056502463054	4.22500763546798	-108.611228425636	1.43259478062308e-303	2.54506974572147e-300	685.63074790997	AQP3
ENSG00000105357	-9.75809113300492	1.67750566502463	-106.008921025063	2.05836408230364e-299	3.35204590803147e-296	676.102029586883	MYH14
ENSG00000068078	-9.47023300492611	3.24440320197045	-101.487130368053	5.86600945959426e-292	7.16459730371193e-289	659.008261137259	FGFR3
ENSG00000112378	-5.15817093596058	7.43860566502463	-100.17848143881	9.62077221803261e-290	1.10593606285172e-286	653.927876558255	PERP
ENSG00000173801	-8.44319802955665	5.59653497536946	-99.3743176670937	2.27780746082376e-288	2.472939633301e-285	650.775156450646	JUP
ENSG00000019582	-7.50281724137931	4.99109482758621	-99.3184402904662	2.84047547823586e-288	2.92150377872028e-285	650.555206472149	CD74
ENSG00000105699	-5.09821034482759	3.06600467980296	-99.3022241483381	3.02847428821563e-288	2.95912222701549e-285	650.491353321452	LSR
ENSG00000143590	-6.58030837438424	3.34684827586207	-97.1781198641183	1.45745053676405e-284	1.2946135631565e-281	642.042363838063	EFNA3
ENSG00000171476	-10.7633886699507	4.84639039408867	-96.2785700845014	5.56386995478105e-283	4.72735420244919e-280	638.412440316126	HOPX
ENSG00000165795	-6.65925320197045	4.37883596059114	-96.044558970475	1.44239725593294e-282	1.17447196564339e-279	637.462991635225	NDRG2
ENSG00000143126	-7.70798522167488	1.3820236453202	-94.8999586995211	1.57037800856087e-280	1.22753308173186e-277	632.787962811849	CELSR2
ENSG00000137857	-7.12856403940887	2.59263226600985	-94.8220747336133	2.16481282320776e-280	1.62710662273562e-277	632.467961042548	DUOX1
ENSG00000161642	-5.06024187192118	4.71776822660099	-94.4957913300264	8.32957219055854e-280	6.02875924992204e-277	631.124717196242	ZNF385A
ENSG00000167768	-13.0168842364532	6.68570270935961	-94.2693043150549	2.12775513797884e-279	1.43381347953043e-276	630.189795912162	KRT1
ENSG00000065361	-7.73366256157636	2.34695886699507	-93.6411831914944	2.89854417749136e-278	1.88811167721787e-275	627.586079602319	ERBB3
ENSG00000104140	-9.4141354679803	2.14202142857143	-93.3988818490484	7.97224734797212e-278	5.02560186045391e-275	626.577377791604	RHOV
ENSG00000189334	-8.99770837438423	4.55798226600985	-93.1465589657775	2.29223934218654e-277	1.35742246136392e-274	625.524392261644	S100A14
ENSG00000145824	-9.8301354679803	3.92691108374384	-92.705952245254	1.4585617024971e-276	8.38329787947012e-274	623.679358546603	CXCL14
ENSG00000167880	-10.5366236453202	1.78738965517241	-92.0413141517214	2.41444574926558e-275	1.34808853806137e-272	620.880891848485	EVPL
ENSG00000184363	-7.83193842364532	3.98663177339901	-91.8231160892634	6.091424779283e-275	3.30662841768746e-272	619.958119940618	PKP3
ENSG00000178038	-7.11088719211822	3.03135443349754	-91.0601182814806	1.57376476913477e-273	8.31203003200858e-271	616.715472668756	ALS2CL
ENSG00000143882	-6.71043497536946	3.17601748768473	-90.9245692197028	2.81155887682494e-273	1.44588114660297e-270	616.136803228556	ATP6V1C2
ENSG00000086570	-8.17223251231528	0.734411330049261	-90.1277075772648	8.65677160311027e-272	4.12611294312149e-269	612.71889453589	FAT2
ENSG00000173898	-8.18606502463054	3.09231330049261	-90.059167172298	1.1639489395245e-271	5.41568813718759e-269	612.423621296282	SPTBN2
ENSG00000166145	-8.53252413793104	3.03931477832512	-88.6890435152512	4.5178765370102e-269	1.96196318413896e-266	606.477667401895	SPINT1
ENSG00000148600	-10.875321182266	2.08324334975369	-88.5692168667692	7.63964049886885e-269	3.24551857888902e-266	605.95368006443	CDHR1
ENSG00000158477	-11.8731610837438	-3.47767068965516	-88.3542435295386	1.96363042903654e-268	8.16452464770894e-266	605.012008831828	CD1A
ENSG00000023892	-5.24050147783251	2.3834039408867	-88.2281745282902	3.41909130664402e-268	1.39199754821745e-265	604.458805002235	DEF6
ENSG00000131037	-6.88674729064039	4.71156330049261	-87.7433819752749	2.9039400863959e-267	1.1581387177214e-264	602.324768830294	EPS8L1
ENSG00000105427	-8.74836108374384	4.62672536945813	-87.367857945071	1.53404047871595e-266	5.7650421221283e-264	600.664354904582	CNFN
ENSG00000189143	-7.46992709359606	3.59865665024631	-87.2145075532797	3.03267214963379e-266	1.09749035459525e-263	599.984439143479	CLDN4
ENSG00000185101	-9.59172660098522	1.63367463054187	-87.1519011578679	4.00681567142883e-266	1.42365803365568e-263	599.706546928446	ANO9
ENSG00000260458	-11.8728118226601	-3.57679704433496	-86.8922658664327	1.27445695323363e-265	4.44739960358778e-263	598.552163795562	KCNJ18
ENSG00000132470	-6.89028768472906	4.03355270935961	-86.6929613379776	3.10452834312486e-265	1.06436303300607e-262	597.663899091245	ITGB4
ENSG00000141579	-10.7957305418719	1.64887807881773	-86.5574525230125	5.69313948468699e-265	1.91819537603023e-262	597.058903666279	ZNF750
ENSG00000154342	-9.96150788177339	-4.40653866995072	-85.7095202439255	2.58057291658388e-263	8.54738236201393e-261	593.25363517185	WNT3A
ENSG00000167642	-7.59588522167488	4.38006625615764	-85.6765189495725	2.99555699254929e-263	9.75652912473304e-261	593.104848305246	SPINT2
ENSG00000204020	-11.9762266009852	-3.41500886699506	-84.7910181164137	1.66939530582567e-261	5.34808574859757e-259	589.093116989002	LIPN
ENSG00000149527	-9.2317512315271	1.79431798029556	-84.7519432806774	1.99518825716495e-261	6.28870466476089e-259	588.915221040061	PLCH2
ENSG00000163141	-8.7492275862069	2.83035418719212	-84.4681227302686	7.29990245869077e-261	2.26436021980532e-258	587.620850537254	BNIPL
ENSG00000159166	-10.0410142857143	2.76617906403941	-84.3084310217882	1.5171178340771e-260	4.63242448648979e-258	586.890850700192	LAD1
ENSG00000141527	-6.1425433497537	1.36447118226601	-84.2632248706796	1.86660811277775e-260	5.61188549844658e-258	586.683973585826	CARD14
ENSG00000147144	-4.58991379310345	2.585910591133	-84.0827583056692	4.27469305634692e-260	1.26569775313836e-257	585.857107804553	CCDC120
ENSG00000142765	-9.00791477832513	2.58315492610837	-84.0018771285026	6.20020489174088e-260	1.80842394021493e-257	585.4860067052	SYTL1
ENSG00000169242	-7.97936403940887	3.2319933497537	-83.9706003811608	7.15971366711412e-260	2.04853761256242e-257	585.34241581667	EFNA1
ENSG00000196189	-4.60559310344827	2.68409359605911	-83.9683843263615	7.23309258350257e-260	2.04853761256242e-257	585.332240132415	SEMA4A
ENSG00000223573	-8.8373487684729	1.33851625615764	-83.8322313740775	1.35394184378386e-259	3.77981878731775e-257	584.706589450267	TINCR
ENSG00000164855	-7.8188236453202	1.54570049261084	-83.7021014388555	2.46717253878898e-259	6.79063179619919e-257	584.107762073195	TMEM184A
ENSG00000187764	-4.91079064039409	2.11725689655172	-83.6398746686384	3.28808437040947e-259	8.92440899535305e-257	583.821113572801	SEMA4D
ENSG00000117595	-8.75127832512315	2.25196921182266	-83.6316436271567	3.41546284631255e-259	9.14314725241643e-257	583.783182825936	IRF6
ENSG00000070731	-6.45157093596059	1.87005591133005	-83.425977330601	8.83821962495478e-259	2.30288650547822e-256	582.834330325707	ST6GALNAC2
ENSG00000134760	-12.7915536945813	1.59747931034483	-83.1245762800473	3.573753149159e-258	9.18924790011383e-256	581.440002378355	DSG1
ENSG00000106078	-8.71197093596059	0.22055	-83.1165533170035	3.70939027272073e-258	9.41414346876733e-256	581.402825006203	COBL
ENSG00000103067	-8.24673349753695	1.56950763546798	-83.0975694661827	4.05124227900873e-258	1.01499200790242e-255	581.31484348707	ESRP2
ENSG00000188508	-12.1855068965517	6.34622438423646	-83.0384804854761	5.33096335358364e-258	1.31870488424977e-255	581.040877573369	KRTDAP
ENSG00000186081	-10.029015270936	7.08013768472907	-82.9910559575418	6.64574381485359e-258	1.62338907037336e-255	580.820867459401	KRT5
ENSG00000149809	-5.31418374384237	3.68232290640394	-82.900156611362	1.01433604168271e-257	2.35978034840043e-255	580.3988555235	TM7SF2
ENSG00000245848	-7.75442561576355	2.82398472906404	-82.8346966338847	1.37574308537686e-257	3.16291427934525e-255	580.094692327165	CEBPA
ENSG00000160796	-5.26725320197045	4.77012709359606	-82.8179125905221	1.48760782775067e-257	3.38032932208182e-255	580.016669720659	NBEAL2
ENSG00000115884	-6.75446650246306	5.21863275862069	-82.5364377155139	5.53061832743458e-257	1.24229130292789e-254	578.706086638525	SDC1
ENSG00000184916	-7.10584926108375	1.88937783251231	-82.5236783829208	5.87037355159047e-257	1.30362318119524e-254	578.646582825817	JAG2
ENSG00000133710	-10.0320246305419	2.6024763546798	-82.2870408540707	1.77627550975677e-256	3.90022202378279e-254	577.541517048761	SPINK5
ENSG00000204287	-7.3148	3.37440837438424	-82.0543624907403	5.29062056765065e-256	1.14877007925588e-253	576.45216622123	HLA-DRA
ENSG00000073282	-9.89103103448276	1.51881798029556	-81.7123217389213	2.64517438305167e-255	5.68043931797756e-253	574.845783545535	TP63
ENSG00000112494	-13.157975862069	-2.55207167487684	-81.6003651328119	4.48534769393026e-255	9.52746354725924e-253	574.318679169505	UNC93A
ENSG00000162522	-5.00521330049262	3.5527618226601	-81.1754286643963	3.3482178529014e-254	6.96073120014884e-252	572.312142658187	KIAA1522
ENSG00000134762	-10.425460591133	1.94757463054187	-80.8695589151272	1.43125057879888e-253	2.94415776956713e-251	570.862034429898	DSC3
ENSG00000162069	-8.64557832512316	1.37679901477832	-80.3190024755726	1.97991115725211e-252	3.98880658092997e-250	568.239541028626	BICDL2
ENSG00000186847	-10.5387172413793	7.23248571428572	-80.1641783418974	4.15654956818688e-252	8.28849914913348e-250	567.499181374265	KRT14
ENSG00000065618	-10.3453724137931	3.29459408866995	-80.1443840552506	4.57037000986074e-252	9.02163340734329e-250	567.404434759159	COL17A1
ENSG00000214530	-3.4806157635468	5.08242857142857	-80.0677915768021	6.59974721097555e-252	1.27695306927608e-249	567.0376241468	STARD10
ENSG00000175984	-4.28361330049261	2.08587709359606	-80.0263150524138	8.05373463020401e-252	1.54300080532791e-249	566.838858049057	DENND2C
ENSG00000175793	-9.49891280788177	5.29302684729064	-79.9964002212992	9.29796854880393e-252	1.7640864211721e-249	566.69544177791	SFN
ENSG00000143217	-8.40906453201971	2.6712933497537	-78.808747601873	2.89799974152956e-249	5.39359151894958e-247	560.9628929184	NECTIN4
ENSG00000129194	-5.6141842364532	2.54034975369458	-78.4707415468107	1.50604163258453e-248	2.72509866518213e-246	559.317439958942	SOX15
ENSG00000169900	-12.7883275862069	-2.99925837438422	-78.4398337643194	1.75153939922699e-248	3.14023696694438e-246	559.166665121081	PYDC1
ENSG00000178078	-4.41506108374385	4.33215073891625	-78.3794387732225	2.35308066564876e-248	4.18035476073709e-246	558.871893916261	STAP2
ENSG00000167656	-11.5760812807882	4.02011748768474	-78.2491031548378	4.45277509218888e-248	7.83929106770767e-246	558.235078359183	LY6D
ENSG00000158786	-12.5224655172414	-2.50499679802955	-78.2238327873262	5.0394482288795e-248	8.79293725792528e-246	558.111499889377	PLA2G2F
ENSG00000178585	-4.91452216748769	5.90576403940887	-78.0961756843054	9.42221506784589e-248	1.62945952969774e-245	557.48668583262	CTNNBIP1
ENSG00000151150	-5.6917315270936	1.82033226600985	-78.0843931391944	9.98289573870176e-248	1.71127849583956e-245	557.428971120036	ANK3
ENSG00000145911	-6.66782660098522	-0.691477832512315	-77.959927842932	1.83925073219787e-247	3.12544676596615e-245	556.818830633455	N4BP3
ENSG00000188505	-10.5624778325123	2.51747980295566	-77.9377921074754	2.05058351800293e-247	3.45452613007012e-245	556.710229300486	NCCRP1
ENSG00000204033	-10.4819507389162	-4.13773940886698	-77.7448218420637	5.29862958709918e-247	8.77506943992307e-245	555.762334885808	LRIT2
ENSG00000205336	-6.72346059113301	3.11136625615764	-77.7132403202606	6.1904675471928e-247	1.01658921686758e-244	555.607005208688	ADGRG1
ENSG00000092295	-6.06166502463054	3.03480738916256	-77.6272617134073	9.45741367660582e-247	1.54013981723526e-244	555.18384870775	TGM1
ENSG00000164393	-10.8206837438424	-3.83023793103447	-77.5684070095489	1.26433329827809e-246	2.04195052189674e-244	554.893948662094	ADGRF2P
ENSG00000125780	-8.84079802955665	1.67202561576354	-77.5311391515802	1.51966101348548e-246	2.43419799389616e-244	554.710278645521	TGM3
ENSG00000075275	-8.37030492610837	0.175945073891625	-77.429546434482	2.51006598773598e-246	3.9879438644176e-244	554.209196847514	CELSR1
ENSG00000125637	-4.62497290640394	2.08790320197044	-77.4238185537272	2.58214196838152e-246	4.06937244726706e-244	554.180928228989	PSD4
ENSG00000183111	-6.63951477832512	1.36177660098522	-77.2921960526328	4.95140648948513e-246	7.74083084940148e-244	553.53082897094	ARHGEF37
ENSG00000104413	-9.41614187192118	1.41684384236453	-77.2330167880206	6.63732426228811e-246	1.02941738677487e-243	553.238218342212	ESRP1
ENSG00000155066	-6.06650886699507	2.95292931034483	-77.1752342010042	8.8376343415851e-246	1.35988228585241e-243	552.952323394993	PROM2
ENSG00000139144	-11.1591014778325	-3.29107635467979	-77.1678630152298	9.16650972036463e-246	1.39946822621379e-243	552.915838938846	PIK3C2G
ENSG00000135378	-7.59325517241379	-0.484287192118226	-77.083083914502	1.39573606962719e-245	2.11437785059337e-243	552.495995664932	PRRG4
ENSG00000134215	-7.75554039408867	1.38052389162561	-77.0028363384061	2.07875749063659e-245	3.12485222169387e-243	552.098219653208	VAV3
ENSG00000158488	-10.2594256157635	-4.54318128078816	-76.8528338004989	4.38133252940503e-245	6.43759400673933e-243	551.353701148076	CD1E
ENSG00000125731	-5.09431773399015	2.46106822660098	-76.8096964755405	5.4303315540627e-245	7.91936859921592e-243	551.139358426875	SH2D3A
ENSG00000133401	-5.98768078817734	0.990134482758619	-76.2516020183851	8.81047135659692e-244	1.26598699448983e-241	548.356715073601	PDZD2
ENSG00000136155	-10.3257669950739	2.15443620689655	-76.2313350683602	9.75193454662443e-244	1.39103872197179e-241	548.255329303569	SCEL
ENSG00000073350	-7.9580433497537	1.90051527093596	-76.213881000025	1.06431707348974e-243	1.50716552537221e-241	548.167996110973	LLGL2
ENSG00000147394	-4.46865369458128	3.30984310344828	-76.2037428838089	1.11978631384225e-243	1.57430677302916e-241	548.117260985228	ZNF185
ENSG00000184292	-7.61931231527093	4.82677832512315	-76.1657154200183	1.35493697597626e-243	1.89129845603772e-241	547.926903927447	TACSTD2
ENSG00000163347	-8.74154630541872	3.68838990147783	-76.0472586409597	2.45484483973194e-243	3.30845364538217e-241	547.333402041914	CLDN1
ENSG00000136689	-8.30913349753695	2.81225197044335	-76.0256818186855	2.73574287260822e-243	3.66177309702123e-241	547.22520900708	IL1RN
ENSG00000096696	-6.86005566502463	6.01052389162562	-75.9104415556614	4.88167659679945e-243	6.48964109215339e-241	546.646902611965	DSP
ENSG00000130940	-8.9067039408867	1.28272093596059	-75.887917101893	5.46718526589087e-243	7.21890097743509e-241	546.53377921626	CASZ1
ENSG00000134317	-7.13416502463055	2.46441403940887	-75.6631770510373	1.69552752908464e-242	2.20893326489147e-240	545.403468964285	GRHL1
ENSG00000177380	-4.13823448275862	3.49509064039409	-75.4730893043409	4.42634457692761e-242	5.61685881313762e-240	544.445147974085	PPFIA3
ENSG00000110400	-4.84166354679802	4.14198103448276	-75.3751800976855	7.2619332567741e-242	9.09696792973586e-240	543.950719674425	NECTIN1
ENSG00000129521	-8.87238226600985	2.45368916256157	-75.1807119091687	1.944551781137e-241	2.42040961190951e-239	542.967017817361	EGLN3
ENSG00000130701	-11.0009522167488	-3.51775098522166	-75.1654543010515	2.10097960513213e-241	2.59856604072735e-239	542.889744588605	RBBP8NL
ENSG00000160862	-8.46538128078818	3.53719852216749	-74.6135329640891	3.48273319804284e-240	4.25372325975957e-238	540.085272059118	AZGP1
ENSG00000161249	-7.45669753694582	8.7995669950739	-74.3469616073004	1.36055602251175e-239	1.64123369085954e-237	538.724276144561	DMKN
ENSG00000168824	-7.48288669950739	2.77283891625616	-74.3173746455895	1.58311766520514e-239	1.89799297014962e-237	538.572956796295	NSG1
ENSG00000204580	-3.74870738916256	5.03381625615764	-74.1039142101556	4.73027376816806e-239	5.6365249986305e-237	537.479683282053	DDR1
ENSG00000119862	-6.07972512315271	3.28084827586207	-74.0427213375033	6.47708412220423e-239	7.67122290400698e-237	537.165769539601	LGALSL
ENSG00000186517	-6.98608374384236	0.489304433497538	-73.9532955688366	1.02570471887144e-238	1.20748925398709e-236	536.706618601077	ARHGAP30
ENSG00000143520	-11.9134201970443	2.03551403940887	-73.943719000338	1.07749272140758e-238	1.26086004561358e-236	536.65741977255	FLG2
ENSG00000114541	-5.6331669950739	1.55843078817734	-73.7575338472495	2.81051980059596e-238	3.26923678233608e-236	535.699809403744	FRMD4B
ENSG00000167767	-7.64407192118227	3.83270246305419	-73.7533977907874	2.87108813094631e-238	3.31992924585519e-236	535.678512549082	KRT80
ENSG00000163624	-7.52776600985221	-0.098523399014778	-73.7006172132734	3.76922309851517e-238	4.33283281124608e-236	535.406650619867	CDS1
ENSG00000158856	-5.32822068965517	1.82015418719212	-73.6359921599852	5.26117582326439e-238	5.97755220571121e-236	535.073550425713	DMTN
ENSG00000130300	-7.3895433497537	1.390910591133	-73.6187953631906	5.74964344549957e-238	6.49477064808975e-236	534.984869446033	PLVAP
ENSG00000126460	-5.33939802955665	1.01095073891625	-73.3704753844482	2.07625638200351e-237	2.3318507021329e-235	533.702321753397	PRRG2
ENSG00000054690	-5.4083512315271	1.58135837438424	-73.219168905137	4.54839597112076e-237	5.07912880386525e-235	532.918996293852	PLEKHH1
ENSG00000134765	-13.4795113300493	0.0285482758620685	-73.211384701548	4.735830524619e-237	5.25838637000593e-235	532.878659015243	DSC1
ENSG00000160588	-7.56515960591133	0.883117733990147	-73.0090210880348	1.35483376508536e-236	1.49582832979085e-234	531.828719812429	MPZL3
ENSG00000156463	-7.33647044334976	2.21828990147783	-72.9274073922361	2.07155597907436e-236	2.27428915410512e-234	531.404565394234	SH3RF2
ENSG00000204021	-11.8242940886699	-3.48977413793102	-72.8891514954643	2.52812724018588e-236	2.76003701272137e-234	531.205604611406	LIPK
ENSG00000172782	-11.7777083743842	-3.16537438423644	-72.6938216267834	6.999651143421e-236	7.5573029085488e-234	530.188328307891	FADS6
ENSG00000089356	-8.89804334975369	4.61289113300493	-72.4274767868026	2.81704442460201e-235	3.00823399702582e-233	528.797400766586	FXYD3
ENSG00000214860	-11.2336236453202	-3.4404330049261	-72.3995069387559	3.26142717744849e-235	3.46384836422273e-233	528.651078698223	EVPLL
ENSG00000189090	-14.4118177339901	-2.3864054187192	-72.3551559692172	4.11454343980581e-235	4.34629231895596e-233	528.418960218983	FAM25G
ENSG00000171954	-13.2554566502463	-0.980722906403941	-72.2750323695197	6.26275027648983e-235	6.57992827436366e-233	527.999308654984	CYP4F22
ENSG00000103942	-4.39329802955665	2.99011059113301	-72.2649669538397	6.60231936708409e-235	6.89960027120627e-233	527.946562192229	HOMER2
ENSG00000189120	-6.00573990147783	0.553787684729065	-72.03264122142	2.23743653798682e-234	2.28921386520097e-232	526.727329544758	SP6
ENSG00000088808	-2.99289655172414	3.21226157635468	-71.8955761953044	4.60417570902423e-234	4.68618758884122e-232	526.006432508061	PPP1R13B
ENSG00000050327	-3.57791280788177	3.61038694581281	-71.8799193824973	5.00015977154892e-234	5.06285607542016e-232	525.92400992788	ARHGEF5
ENSG00000067606	-4.43187438423646	2.0190736453202	-71.676370885884	1.46362502201137e-233	1.4667774451357e-231	524.851057883825	PRKCZ
ENSG00000170412	-6.67536798029557	2.0585184729064	-71.6322858396831	1.84757779794516e-233	1.84211047589001e-231	524.618330521314	GPRC5C
ENSG00000171766	-7.13486699507389	1.790360591133	-71.5822500858035	2.40711350178574e-233	2.3878077183704e-231	524.354040033087	GATM
ENSG00000135127	-9.97583842364531	1.15077290640394	-71.5041101808058	3.63966296228661e-233	3.59223705095985e-231	523.940985195972	BICDL1
ENSG00000159871	-6.27700738916256	2.25132044334975	-71.3626644399182	7.70065454944415e-233	7.52430956026188e-231	523.192303919917	LYPD5
ENSG00000125810	-6.94762019704433	-0.976127832512316	-71.3533430816096	8.09087278273215e-233	7.86626049353989e-231	523.14292069846	CD93
ENSG00000197562	-2.90174039408868	4.89201502463055	-71.2553665708654	1.36077601177994e-232	1.31644974367345e-230	522.623520351086	RAB40C
ENSG00000187821	-9.48376551724136	-5.07039310344825	-71.2440828543957	1.44479905801737e-232	1.39085040353574e-230	522.563662976968	HELT
ENSG00000064270	-6.62819408866995	1.70267487684729	-71.1742523682889	2.09371742039235e-232	2.00565812888761e-230	522.193048429487	ATP2C2
ENSG00000165929	-4.96428522167488	0.764424384236453	-71.1290668760623	2.66219746023537e-232	2.53778842770339e-230	521.953067366256	TC2N
ENSG00000164078	-6.5539197044335	2.38574704433497	-71.0074977032622	5.08386245697648e-232	4.8227592298172e-230	521.306762325334	MST1R
ENSG00000186049	-12.421102955665	-2.80100320197043	-70.9053143366502	8.7631891412576e-232	8.23318472107962e-230	520.762786100218	KRT73
ENSG00000149418	-8.66304187192119	1.20677266009852	-70.7945841642916	1.58210930180645e-231	1.47931004669386e-229	520.172553023032	ST14
ENSG00000076826	-10.7697950738916	0.914658620689654	-70.7478968813663	2.03010447805646e-231	1.87133498632922e-229	519.923455779614	CAMSAP3
ENSG00000124429	-11.3777709359606	0.81412487684729	-70.6887315747611	2.78501685736421e-231	2.55515490265782e-229	519.607580820889	POF1B
ENSG00000108639	-3.60927044334975	5.51293374384236	-70.3708116831972	1.52870470559865e-230	1.37667960169626e-228	517.906375225005	SYNGR2
ENSG00000188089	-13.2050399014778	-0.949797783251233	-70.2341194818418	3.1852762010641e-230	2.84231358544268e-228	517.17291090977	PLA2G4E
ENSG00000167968	-5.85797684729064	2.09292192118227	-70.2252833026069	3.34021837674515e-230	2.9670248871979e-228	517.125455771083	DNASE1L2
ENSG00000264230	-9.25607931034483	2.9830145320197	-70.1847689400645	4.1531962168919e-230	3.6559351563289e-228	516.907806168144	ANXA8L1
ENSG00000110799	-6.86032561576355	1.23690763546798	-69.9264593069331	1.66980998183196e-229	1.45413482430059e-227	515.51760265288	VWF
ENSG00000203499	-6.34185172413793	1.48682339901478	-69.9259680092092	1.67424181489936e-229	1.45413482430059e-227	515.514954359555	IQANK1
ENSG00000158769	-5.82475862068966	2.55834187192118	-69.8221945582327	2.93168502875411e-229	2.53499950583685e-227	514.955218162908	F11R
ENSG00000187583	-5.86580837438424	2.41508300492611	-69.6756840980129	6.47344455675018e-229	5.57286579418555e-227	514.163759407276	PLEKHN1
ENSG00000261371	-6.38908029556651	0.92963078817734	-69.6396932782862	7.86571598704989e-229	6.74174657100566e-227	513.969118175489	PECAM1
ENSG00000147676	-8.81244827586207	1.96246945812808	-69.5105805317388	1.58323368516125e-228	1.34519794240962e-226	513.270161746023	MAL2
ENSG00000137269	-4.40475862068966	2.32717093596059	-69.4856110720674	1.81281720554749e-228	1.53359626973199e-226	513.134861390918	LRRC1
ENSG00000116031	-12.5348019704433	-2.25643645320196	-69.4695098557987	1.9782704175211e-228	1.65210942304262e-226	513.047592890889	CD207
ENSG00000116990	-8.40048916256158	1.01173128078818	-69.4234073744393	2.5405987732027e-228	2.11269707344371e-226	512.79762264294	MYCL
ENSG00000099797	-2.37141083743842	7.07688325123153	-69.0609217658425	1.82531933931493e-227	1.50507976915158e-225	510.827280650282	TECR
ENSG00000105141	-13.5389896551724	1.63751403940887	-69.0211475349836	2.26745868343721e-227	1.86179317612311e-225	510.610548460464	CASP14
ENSG00000163472	-4.49794581280788	4.48919655172414	-68.9968540106612	2.58879820094587e-227	2.11674872145959e-225	510.478119498292	TMEM79
ENSG00000114529	-5.40232413793103	2.51766748768473	-68.9672315251821	3.04302878344709e-227	2.4777861869218e-225	510.316587804214	C3orf52
ENSG00000169991	-4.78853793103449	4.63434137931034	-68.9345400814134	3.63761812080557e-227	2.94964038658848e-225	510.138252799871	IFFO2
ENSG00000124107	-6.93934187192119	4.41023497536946	-68.8958562779329	4.4934090744027e-227	3.62852066661064e-225	509.927136317204	SLPI
ENSG00000157992	-4.16739162561576	2.08659926108374	-68.7333381215739	1.09281615538637e-226	8.75238250350841e-225	509.0390968676	KRTCAP3
ENSG00000171056	-6.27486206896551	0.565035467980295	-68.7248437805201	1.14483205095034e-226	9.13155426109042e-225	508.992632824432	SOX7
ENSG00000204323	-6.68694285714286	0.235783743842365	-68.6830996863217	1.438850997097e-226	1.14300919452315e-224	508.764221993675	SMIM5
ENSG00000156453	-7.10037044334976	1.3351684729064	-68.6633349081315	1.60338303675838e-226	1.26343997194888e-224	508.656034238391	PCDH1
ENSG00000168907	-12.3166261083744	0.743804679802955	-68.6468192525776	1.75524457913791e-226	1.37754978174751e-224	508.565611210827	PLA2G4F
ENSG00000186806	-4.46099950738916	2.43362832512315	-68.6376057168393	1.84614351278718e-226	1.44292087419237e-224	508.515159209833	VSIG10L
ENSG00000171219	-8.76764532019704	0.564486699507389	-68.6368991208363	1.85330641399183e-226	1.44292087419237e-224	508.511289754901	CDC42BPG
ENSG00000164488	-11.0884763546798	-3.13639285714285	-68.6280505708629	1.945399986659e-226	1.50861137060676e-224	508.462830548795	DACT2
ENSG00000159337	-12.2290108374384	-2.01889162561576	-68.6192314439171	2.04175123180689e-226	1.57707124790396e-224	508.414527219652	PLA2G4D
ENSG00000182541	-2.88259901477833	4.67013645320197	-68.4313162500828	5.72630500210293e-226	4.40564773035809e-224	507.384045459059	LIMK2
ENSG00000188730	-7.43249310344826	-5.91075049261082	-68.4248973569193	5.93186587416851e-226	4.54590285933338e-224	507.348803567561	VWC2
ENSG00000052344	-8.88547832512316	2.32673965517241	-68.419524267924	6.10961136291045e-226	4.66382911148422e-224	507.319301346404	PRSS8
ENSG00000184113	-8.07951083743843	1.64718399014778	-68.4075248912621	6.52607077632616e-226	4.9623531171582e-224	507.253408851576	CLDN5
ENSG00000163218	-12.5614935960591	-2.5136408866995	-68.3723240164809	7.91932098881451e-226	5.99842522338811e-224	507.060053003073	PGLYRP4
ENSG00000095203	-5.50714679802956	0.886882266009851	-68.3560076250349	8.66269270114259e-226	6.53615215311693e-224	506.970399727104	EPB41L4B
ENSG00000162366	-8.66133399014779	2.87129014778325	-68.3446655752229	9.22026304368708e-226	6.93009155383588e-224	506.90806819456	PDZK1IP1
ENSG00000066468	-8.409860591133	1.03201995073892	-68.2073977729653	1.9629353203721e-225	1.4641100011722e-223	506.153003939678	FGFR2
ENSG00000125285	-12.1133137931034	-2.38833522167487	-68.1910280901452	2.14821404862363e-225	1.59621288738414e-223	506.062874208594	SOX21
ENSG00000109101	-12.6597044334975	-1.16534285714286	-68.0563682910608	4.5144944112946e-225	3.32914150134035e-223	505.320758178474	FOXN1
ENSG00000204175	-12.2107418719212	-2.31007339901477	-68.0447233648959	4.81421734533622e-225	3.53682087829175e-223	505.256524317431	GPRIN2
ENSG00000122136	-9.91228325123151	-4.80555049261082	-68.024882068285	5.37156439637931e-225	3.93150230090054e-223	505.147057607576	OBP2A
ENSG00000088386	-12.195902955665	-1.98706182266009	-67.9715384908218	7.21214941182274e-225	5.23939865449219e-223	504.852621447401	SLC15A1
ENSG00000175866	-3.54545024630542	5.42081724137931	-67.869673216755	1.26665827283744e-224	9.00110398828701e-223	504.289822632386	BAIAP2
ENSG00000167306	-7.08321625615764	1.04908645320197	-67.8336553201093	1.54602941058682e-224	1.09465604136549e-222	504.090655858864	MYO5B
ENSG00000100146	-12.2151073891625	-2.67528177339901	-67.8272882959607	1.60148546057334e-224	1.12982775705864e-222	504.055439106919	SOX10
ENSG00000163362	-9.44075369458128	1.04165024630542	-67.8149277861891	1.71490082389801e-224	1.2054889172883e-222	503.987063738483	INAVA
ENSG00000060558	-8.96072807881774	1.05019655172414	-67.7092655475296	3.07926959389983e-224	2.15681313275951e-222	503.402136982968	GNA15
ENSG00000105767	-3.80263349753695	2.30641921182266	-67.682612385059	3.56963620749624e-224	2.49135109881755e-222	503.254468619794	CADM4
ENSG00000172663	-2.30149753694581	6.40188817733991	-67.6653451645688	3.92836425589709e-224	2.73196065084488e-222	503.158775717701	TMEM134
ENSG00000184459	-13.1565596059113	-1.48283793103448	-67.6498102851149	4.28188321544547e-224	2.96725396440551e-222	503.072665684813	BPIFC
ENSG00000150054	-5.91567487684729	0.863820689655172	-67.643090474661	4.44452006324935e-224	3.06907459632575e-222	503.035412535554	MPP7
ENSG00000141401	-3.98551379310345	5.88122684729064	-67.5022116759858	9.71749893895035e-224	6.66313558824448e-222	502.253693872329	IMPA2
ENSG00000039068	-7.86459014778325	2.19614187192118	-67.4894202683501	1.04335082328212e-223	7.12907754845428e-222	502.182648048664	CDH1
ENSG00000124374	-3.72020837438424	0.997931280788177	-67.4585692706259	1.23856423626491e-223	8.43345724915987e-222	502.011249366013	PAIP2B
ENSG00000106789	-4.61142019704434	0.40799433497537	-67.4431992207272	1.34908516757944e-223	9.15410498084633e-222	501.925833492094	CORO2A
ENSG00000104892	-10.675181773399	1.3402657635468	-67.3831615975609	1.88411075798076e-223	1.27402395960069e-221	501.592029990701	KLC3
ENSG00000062096	-10.7263591133005	-3.96372487684727	-67.2849555649065	3.25560367368559e-223	2.19382782728151e-221	501.045474743674	ARSF
ENSG00000131746	-8.70565320197044	3.38487832512315	-67.2677611983086	3.58301228111237e-223	2.40615896898618e-221	500.949712413675	TNS4
ENSG00000142675	-6.49893152709359	1.30944950738916	-67.2569911944338	3.80469841938163e-223	2.54628138738205e-221	500.889719469829	CNKSR1
ENSG00000159713	-8.09167783251232	3.08040049261084	-67.2091868169566	4.96691558155626e-223	3.31274622166459e-221	500.623333849098	TPPP3
ENSG00000187527	-10.3849857142857	-4.15779876847289	-67.1641678011102	6.38514741980645e-223	4.24416839720604e-221	500.372323963162	ATP13A5
ENSG00000183421	-7.85519458128079	0.264797290640394	-67.1210876881141	8.12108613135928e-223	5.36156301280483e-221	500.131992477384	RIPK4
ENSG00000099849	-4.09166502463054	3.73153497536945	-67.1165408524712	8.32991753212298e-223	5.48091745497465e-221	500.106619447275	RASSF7
ENSG00000108669	-2.05574679802956	4.26717684729064	-67.0942468585409	9.43441878439471e-223	6.18682590216918e-221	499.982189816219	CYTH1
ENSG00000143537	-2.37021477832512	6.51613251231527	-67.0324537584516	1.33251985743527e-222	8.70906456655519e-221	499.637122179328	ADAM15
ENSG00000163701	-4.43566699507389	3.34881083743842	-66.9515825298556	2.09461852822588e-222	1.36443450928634e-220	499.185114477376	IL17RE
ENSG00000125898	-4.11004088669951	3.82957216748768	-66.9460782810425	2.16013856148389e-222	1.40243946074811e-220	499.154333346223	FAM110A
ENSG00000179859	-4.17107339901478	3.54801206896552	-66.7910397297643	5.14801787037358e-222	3.32021667402114e-220	498.286446871004	RNF227
ENSG00000117676	-3.65598866995074	2.3656578817734	-66.7739503753546	5.66575111966174e-222	3.63016748788294e-220	498.190679579047	RPS6KA1
ENSG00000138162	-3.91516896551724	4.75969630541872	-66.7584779941217	6.17937852733715e-222	3.93346629254797e-220	498.103955965156	TACC2
ENSG00000206075	-9.8751472906404	2.70610862068966	-66.6837096698741	9.40083556068418e-222	5.94916241982257e-220	497.684637814797	SERPINB5
ENSG00000125998	-11.6810522167488	-0.629337438423646	-66.6835953108764	9.40687333806761e-222	5.94916241982257e-220	497.683996161612	FAM83C
ENSG00000008196	-10.4102497536946	-3.52998201970442	-66.5393463880383	2.11584082078141e-221	1.32951001028008e-219	496.873900636712	TFAP2B
ENSG00000178372	-12.2833118226601	5.16658349753695	-66.5185668336946	2.37819532423681e-221	1.48957349443063e-219	496.757082580444	CALML5
ENSG00000171462	-4.62128571428572	1.25375862068965	-66.4571061745619	3.36103734103261e-221	2.09176406746686e-219	496.411385704516	DLK2
ENSG00000168350	-9.21092660098522	1.81435541871921	-66.4191858570653	4.16119482972016e-221	2.58152601150449e-219	496.19796253105	DEGS2
ENSG00000171368	-5.99995763546798	-0.462245320197044	-66.2904484630947	8.59824396182617e-221	5.30053260258697e-219	495.472642337442	TPPP
ENSG00000171680	-5.30712019704434	3.7068315270936	-66.2065947450797	1.38033610623091e-220	8.48255603395107e-219	494.99956872795	PLEKHG5
ENSG00000070159	-5.44595665024631	2.05747684729064	-66.1989501943135	1.44124201043949e-220	8.80148480250267e-219	494.956415952216	PTPN3
ENSG00000146904	-4.17715763546798	3.10301921182266	-66.1070310655253	2.42300948867945e-220	1.46595824853789e-218	494.437215208367	EPHA1
ENSG00000163082	-5.64240640394089	1.06175541871921	-66.0468674870573	3.4054093295509e-220	2.05396633080505e-218	494.097058002453	SGPP2
ENSG00000104881	-4.48117586206897	5.8132775862069	-66.0220343794729	3.91934632035448e-220	2.3566727936113e-218	493.956579441834	PPP1R13L
ENSG00000062282	-4.83087093596059	4.66726206896552	-65.8515786599469	1.02976785387175e-219	6.11663325238959e-218	492.991137108308	DGAT2
ENSG00000114812	-9.25475566502462	0.728437438423645	-65.7809535273667	1.53753687997485e-219	9.10501385105107e-218	492.590514161167	VIPR1
ENSG00000141738	-7.92463054187193	1.65133201970443	-65.7767010791944	1.57511576991197e-219	9.29936929777029e-218	492.566380607182	GRB7
ENSG00000166869	-13.1365197044335	-0.127160344827587	-65.5901438203404	4.54918322707656e-219	2.66168079711168e-217	491.506348138041	CHP2
ENSG00000179846	-7.54068719211823	-0.177104187192119	-65.4696816243348	9.03520034875071e-219	5.25493705997876e-217	490.820539826672	NKPD1
ENSG00000142677	-7.98754926108375	1.12038940886699	-65.4026101341247	1.3245198136656e-218	7.68064278891785e-217	490.438237765206	IL22RA1
ENSG00000099204	-5.32246945812808	3.55117068965517	-65.3475737912889	1.81332639708614e-218	1.04840309029164e-216	490.124291757699	ABLIM1
ENSG00000162040	-14.1049098522167	-0.968769211822661	-65.216131540556	3.84293979651853e-218	2.18310260184782e-216	489.373611403987	HS3ST6
ENSG00000178597	-13.5294852216749	0.0551401477832507	-65.1783192509777	4.77088765903738e-218	2.70239671399735e-216	489.157428968398	PSAPL1
ENSG00000173715	-3.55552906403941	3.8009527093596	-65.1004592144238	7.45015888422292e-218	4.20783251200822e-216	488.711955615032	C11orf80
ENSG00000143631	-8.56386551724138	3.32389433497537	-65.0826768819482	8.24898718752007e-218	4.64558235211865e-216	488.610152686158	FLG
ENSG00000159314	-3.67308719211823	3.18754655172414	-64.9912854132661	1.39284294189128e-217	7.77683907726837e-216	488.086577267211	ARHGAP27
ENSG00000188910	-10.0024536945813	2.03069679802955	-64.9060288121322	2.27179890331392e-217	1.26123562978866e-215	487.597597846999	GJB3
ENSG00000179776	-6.88914433497537	-0.460453448275863	-64.828776826216	3.54069025857846e-217	1.95458104613391e-215	487.154068455761	CDH5
ENSG00000132698	-10.1782325123153	2.78778866995074	-64.7847448578636	4.56055483550713e-217	2.51048908719663e-215	486.90107048367	RAB25
ENSG00000171346	-8.92754482758621	5.07793349753695	-64.7535511531736	5.45673386662458e-217	2.99537902307802e-215	486.721752223082	KRT15
ENSG00000163864	-6.00326600985222	1.31939310344827	-64.7434469688602	5.78332303217047e-217	3.16576186819819e-215	486.66365259129	NMNAT3
ENSG00000139044	-8.93917881773399	0.291846059113301	-64.665510104191	9.05746924036246e-217	4.91669621931009e-215	486.215259010135	B4GALNT3
ENSG00000130734	-2.60655911330049	4.41531748768473	-64.6173931447906	1.19505485416241e-216	6.45131545857506e-215	485.938204915436	ATG4D
ENSG00000070759	-3.6392354679803	1.74864778325123	-64.5999089483951	1.32174833889778e-216	7.11559395006622e-215	485.837489889072	TESK2
ENSG00000189001	-6.95967931034482	7.72635443349755	-64.5924240481541	1.38002067942237e-216	7.4088912410088e-215	485.794367384599	SBSN
ENSG00000189431	-10.6706733990148	-3.19511650246305	-64.5862222191283	1.43024974013843e-216	7.61578758086789e-215	485.758633866608	RASSF10
ENSG00000159527	-13.2434980295566	-1.64349926108374	-64.5465615337558	1.79775877445229e-216	9.54668531802899e-215	485.530051014648	PGLYRP3
ENSG00000178934	-12.8032517241379	6.15174261083744	-64.3873083476138	4.50862221612422e-216	2.36213124256031e-214	484.61103153101	LGALS7B
ENSG00000140403	-3.68788226600985	3.71409679802956	-64.2411786578485	1.04993975045766e-215	5.47144602758494e-214	483.766093097582	DNAJA4
ENSG00000105131	-11.0676768472906	0.682493596059112	-64.2141912702382	1.22755095782816e-215	6.36307714002069e-214	483.60987557482	EPHX3
ENSG00000189182	-13.5661704433497	0.784604433497537	-64.1697355870254	1.58817984730799e-215	8.21063771854306e-214	483.352424097497	KRT77
ENSG00000174156	-12.2833714285714	-2.8058857142857	-63.9975930707529	4.31169197596869e-215	2.2231948441789e-213	482.354124967394	GSTA3
ENSG00000136696	-11.5910955665024	-3.4360502463054	-63.9252915140532	6.56313365474338e-215	3.36631910448806e-213	481.934169939408	IL36B
ENSG00000108839	-5.48834236453202	1.3376460591133	-63.8808777919449	8.49727237394547e-215	4.32431501905319e-213	481.676004240119	ALOX12
ENSG00000197953	-12.7635492610837	-1.41227315270936	-63.8076707966409	1.301084626545e-214	6.56997306768539e-213	481.250148088706	AADACL2
ENSG00000084764	-2.44984532019704	4.3715078817734	-63.7115774695834	2.27739852104264e-214	1.14408539584101e-212	480.69054848767	MAPRE3
ENSG00000261609	-3.8683921182266	1.99593054187192	-63.7053528088597	2.36155948636169e-214	1.18332296108924e-212	480.654275249402	GAN
ENSG00000187642	-6.00641428571429	1.78797413793103	-63.681989992857	2.70620736704206e-214	1.35254998380399e-212	480.518106103078	PERM1
ENSG00000261150	-9.20085024630542	-1.10995517241379	-63.6433414265922	3.39055397074238e-214	1.69026034939407e-212	480.292754495525	EPPK1
ENSG00000162738	-8.26936206896551	0.23455	-63.6028994503756	4.29314529749671e-214	2.13477469220562e-212	480.05682550561	VANGL2
ENSG00000133985	-6.3672315270936	-0.812789162561576	-63.5570520873289	5.61106780792515e-214	2.78303266757547e-212	479.789213719842	TTC9
ENSG00000215788	-5.50621921182266	3.50457857142857	-63.4697580850388	9.34575815178008e-214	4.60037294211804e-212	479.279238833642	TNFRSF25
ENSG00000166407	-11.317678817734	-3.24757487684728	-63.316551466692	2.29131352388243e-213	1.11385196228135e-211	478.382807125185	LMO1
ENSG00000185033	-3.1015197044335	4.29335985221675	-63.3142704688442	2.3221426732355e-213	1.12603752159723e-211	478.369447281648	SEMA4B
ENSG00000085552	-8.99922955665024	-0.309157142857143	-63.3029629111976	2.48122067628019e-213	1.20019837762048e-211	478.303212896762	IGSF9
ENSG00000136305	-3.9288	2.38740344827586	-63.2664498682533	3.07337603690012e-213	1.48296085217536e-211	478.089270339714	CIDEB
ENSG00000130702	-5.37232857142857	4.5854263546798	-63.2562107953065	3.26353966376078e-213	1.57083970712348e-211	478.029257903084	LAMA5
ENSG00000175416	-2.64093497536946	7.43377733990148	-63.173347061919	5.3066831073383e-213	2.53553059373118e-211	477.543290588514	CLTB
ENSG00000160271	-2.76866650246305	5.34577758620689	-63.1601876044026	5.73289266570244e-213	2.73249240178432e-211	477.466066862354	RALGDS
ENSG00000167723	-4.42599852216749	1.42985492610837	-63.0548518780561	1.06448019816493e-212	5.03682131538476e-211	476.847449419396	TRPV3
ENSG00000116661	-4.78112216748768	1.60635073891626	-63.0455390134466	1.12438985152001e-212	5.30744600927634e-211	476.792715986993	FBXO2
ENSG00000167757	-11.0459625615764	2.62265566502463	-62.8652039834764	3.25047040085381e-212	1.51239744222584e-210	475.731547604728	KLK11
ENSG00000175315	-7.98316995073892	4.7373381773399	-62.8124479324976	4.4363031666813e-212	2.05924552216831e-210	475.420638043874	CST6
ENSG00000167701	-5.70196502463055	1.45700812807882	-62.7332273487247	7.07992237551834e-212	3.27857448015117e-210	474.953363004897	GPT
ENSG00000160685	-3.34085369458128	5.15776231527094	-62.5096139990839	2.65568044923534e-211	1.21824665114922e-209	473.631797761461	ZBTB7B
ENSG00000163053	-5.29408866995074	-0.712096059113301	-62.4911583569773	2.96235259464719e-211	1.35574459963924e-209	473.522551909093	SLC16A14
ENSG00000172548	-9.08575665024631	1.26183103448276	-62.465454728945	3.44949647743176e-211	1.57133007370563e-209	473.370358690634	NIPAL4
ENSG00000196126	-7.52238275862069	2.29019926108374	-62.3833759957858	5.61098953331821e-211	2.53233158106477e-209	472.884022116063	HLA-DRB1
ENSG00000135525	-4.83443793103449	1.46327807881773	-62.3290279951768	7.7457575375106e-211	3.47971479995476e-209	472.561710028301	MAP7
ENSG00000127585	-6.34125172413793	1.30112093596059	-62.249249800245	1.2439044069799e-210	5.57531649568836e-209	472.088168892342	FBXL16
ENSG00000213903	-4.04835024630542	4.41246034482759	-62.1654563678894	2.04688834042551e-210	9.1116838151698e-209	471.590262392917	LTB4R
ENSG00000143412	-5.81398669950739	1.48498990147783	-62.0712427022756	3.58576963601053e-210	1.58536448477189e-208	471.02978590465	ANXA9
ENSG00000232629	-13.2839571428571	-1.39014261083744	-62.022028110117	4.80720588713457e-210	2.11582021275639e-208	470.7367336319	HLA-DQB2
ENSG00000187773	-9.56156551724137	-4.21078029556649	-61.9285741067722	8.39205503107871e-210	3.66884875654005e-208	470.179733895267	DIPK1C
ENSG00000088002	-10.7328921182266	2.09116724137931	-61.9188490241332	8.89336100536922e-210	3.87933171354744e-208	470.12173175665	SULT2B1
ENSG00000180264	-9.0984133004926	-5.14243768472904	-61.858269747757	1.27672770430958e-209	5.54440284391509e-208	469.760259485288	ADGRD2
ENSG00000184828	-9.30518472906403	-0.414104679802956	-61.8449975411678	1.38203426118934e-209	5.98840654815122e-208	469.681026800649	ZBTB7C
ENSG00000148341	-2.38506108374384	6.49658768472907	-61.7955637151726	1.85683977587176e-209	8.0279563938243e-208	469.385794320846	SH3GLB2
ENSG00000175121	-14.5790004926108	0.64887118226601	-61.7805087220468	2.03165952331575e-209	8.76439081780051e-208	469.295843682103	WFDC5
ENSG00000152583	-5.59723694581281	3.19031699507389	-61.7709451563888	2.15118597129077e-209	9.25957626673219e-208	469.23869401437	SPARCL1
ENSG00000131686	-12.4964837438424	-3.07619901477831	-61.7327958993449	2.70236715094383e-209	1.16065184315922e-207	469.010651412314	CA6
ENSG00000143365	-9.81781083743842	-0.51310935960591	-61.597788964437	6.06357671355207e-209	2.59287562661345e-207	468.202709780254	RORC
ENSG00000103740	-7.58629950738916	0.183615270935961	-61.5107624006671	1.02165717516015e-208	4.35921932685145e-207	467.681143396702	ACSBG1
ENSG00000198483	-3.97459359605911	3.66490172413793	-61.4323701264762	1.63539643972162e-208	6.91751455087442e-207	467.210812300195	ANKRD35
ENSG00000091128	-6.95785960591133	2.26912438423645	-61.1070946345116	1.15785246963483e-207	4.86596837883955e-206	465.254053699195	LAMB4
ENSG00000243708	-4.96463103448276	3.06218103448276	-61.0858978556494	1.31574609237063e-207	5.51766311955082e-206	465.126248594515	PLA2G4B
ENSG00000185668	-11.1513024630542	-0.939218226600986	-60.9431235652138	3.11552867925034e-207	1.29264673991317e-205	464.264463609988	POU3F1
ENSG00000100078	-11.1479458128079	-2.00849310344827	-60.8389455453424	5.84971646735205e-207	2.41681097684976e-205	463.634617889378	PLA2G3
ENSG00000153294	-11.3129330049261	-0.679625615763547	-60.8119728473104	6.88707028104252e-207	2.83341320909753e-205	463.471403143945	ADGRF4
ENSG00000104055	-12.4098147783251	-0.892252709359606	-60.7896965113876	7.88149293517465e-207	3.23571712057107e-205	463.336562637792	TGM5
ENSG00000106258	-5.65455024630542	2.81080714285714	-60.6835370766841	1.49962735033379e-206	6.13090328038135e-205	462.69342380454	CYP3A5
ENSG00000134569	-3.90862167487685	3.93856847290641	-60.5177560174614	4.1024692680504e-206	1.65641434785622e-204	461.687270617521	LRP4
ENSG00000170486	-11.3159674876847	-3.16994729064039	-60.448027652947	6.26847689518597e-206	2.52054682069391e-204	461.263415525016	KRT72
ENSG00000006555	-10.7020990147783	-0.744802216748769	-60.3182537605408	1.38127592998812e-205	5.50875392323016e-204	460.473517660656	TTC22
ENSG00000127824	-4.25742709359606	5.80128793103448	-60.2753278076885	1.79434189056987e-205	7.14155381375079e-204	460.211939084287	TUBA4A
ENSG00000122378	-5.7790039408867	2.79355172413793	-60.2562864615829	2.01524668785185e-205	8.00446153943106e-204	460.095858682973	PRXL2A
ENSG00000139433	-2.92555467980296	6.50265221674876	-60.2499233575112	2.09498570526426e-205	8.30430236354445e-204	460.057061187553	GLTP
ENSG00000119866	-6.17579556650246	1.81681403940887	-60.2210373757562	2.49864300265243e-205	9.84445192698261e-204	459.880894545946	BCL11A
ENSG00000174950	-11.6238482758621	-2.7201842364532	-60.1443872550261	3.98936279228121e-205	1.55920255373519e-203	459.413100682504	CD164L2
ENSG00000168490	-5.46119261083744	2.34826871921182	-60.0935454224884	5.44250826049039e-205	2.11026778624014e-203	459.102550614424	PHYHIP
ENSG00000197077	-4.63138965517242	2.18118448275862	-60.056991505438	6.80521160386135e-205	2.62821037870867e-203	458.879143364239	KIAA1671
ENSG00000176387	-8.35514729064039	1.52624507389163	-60.0490256915175	7.14488674442225e-205	2.75395220432938e-203	458.830444103914	HSD11B2
ENSG00000180155	-6.06350886699508	5.07492487684729	-59.8910702981687	1.87896248319184e-204	7.17161813408885e-203	457.863709364727	LYNX1
ENSG00000172201	-6.05036354679803	3.39829556650247	-59.8272510986012	2.77863120645522e-204	1.05642044818187e-202	457.472538103743	ID4
ENSG00000163207	-10.0726354679803	2.14209458128079	-59.7837005055773	3.6296369869989e-204	1.37461949612272e-202	457.205409068146	IVL
ENSG00000165238	-8.59476896551724	0.277300738916256	-59.7659809257253	4.04662433639416e-204	1.52957703639874e-202	457.096676855084	WNK2
ENSG00000189280	-8.86612660098523	2.05965295566502	-59.5951706291685	1.15595708708138e-203	4.31101400682145e-202	456.0472156622	GJB5
ENSG00000130158	-2.10971625615764	4.48366995073892	-59.5658625832325	1.38440022424805e-203	5.15313317757246e-202	455.866905349093	DOCK6
ENSG00000133056	-4.97745221674877	1.84823596059113	-59.5556942928846	1.47381018278193e-203	5.47551304028984e-202	455.804330989653	PIK3C2B
ENSG00000164181	-7.51479310344828	0.50099802955665	-59.5433756047137	1.58991682310432e-203	5.89566500134814e-202	455.72851194222	ELOVL7
ENSG00000010327	-5.86734088669951	0.949275369458128	-59.5349612086343	1.67445163852642e-203	6.19737384850063e-202	455.676715836791	STAB1
ENSG00000132746	-11.3928162561576	1.11410123152709	-59.4983322234004	2.09816529990292e-203	7.75091612300622e-202	455.451172470518	ALDH3B2
ENSG00000121316	-4.35955763546798	2.38633004926109	-59.4356153100107	3.08810585782112e-203	1.1322282302728e-201	455.064735293056	PLBD1
ENSG00000204618	-6.37254778325123	2.55663300492611	-59.332132418904	5.84730952384119e-203	2.12789800213975e-201	454.426403251647	RNF39
ENSG00000170786	-11.9272995073892	-0.184195073891626	-59.3153556344632	6.48548684162379e-203	2.35575062934967e-201	454.322832513439	SDR16C5
ENSG00000103546	-9.36373201970442	-4.62991773399013	-59.2839717330662	7.87271905571731e-203	2.84904955160792e-201	454.129022762227	SLC6A2
ENSG00000198039	-4.22505714285714	3.53924532019705	-59.2391479593051	1.03852849869197e-202	3.73068454438208e-201	453.852074114085	ZNF273
ENSG00000182795	-8.30012019704433	0.789771921182265	-59.1879859908779	1.42498415284849e-202	5.10019053387642e-201	453.53576043785	C1orf116
ENSG00000131620	-8.49452561576354	0.702356896551724	-59.1594187838751	1.70045846551908e-202	6.06393418488575e-201	453.35904639142	ANO1
ENSG00000178363	-11.1194615763547	1.04580073891625	-59.1494808400161	1.80831772038078e-202	6.42511725303295e-201	453.297555303598	CALML3
ENSG00000125775	-4.29671970443349	4.02987315270936	-59.1192413987219	2.18055257045702e-202	7.71963013258536e-201	453.110398053706	SDCBP2
ENSG00000149534	-9.2578290640394	-4.47713719211821	-59.0378803248931	3.60952980073509e-202	1.27323883332067e-200	452.606462047548	MS4A2
ENSG00000127080	-2.33877290640394	4.18502044334975	-59.0354287439859	3.66479572581687e-202	1.29040428962006e-200	452.591268832285	IPPK
ENSG00000111679	-6.63063448275862	1.20450738916256	-59.0200319831655	4.03180547402779e-202	1.41707810383905e-200	452.495838823518	PTPN6
ENSG00000165953	-13.9041798029557	1.24013719211823	-58.9800597414683	5.16593836191539e-202	1.81243747699373e-200	452.24799626597	SERPINA12
ENSG00000136002	-6.45660344827586	2.96530369458128	-58.9780740342236	5.22996101548165e-202	1.83161107821761e-200	452.235680676546	ARHGEF4
ENSG00000006377	-9.42018866995073	-4.50486231527092	-58.9437132884255	6.47268218833518e-202	2.25873491650797e-200	452.022519159467	DLX6
ENSG00000186766	-6.7208896551724	-6.46442807881772	-58.933030469457	6.91636777479079e-202	2.40926308475867e-200	451.956226756744	FOXI2
ENSG00000179862	-4.44848620689655	3.12307561576355	-58.8987896031472	8.55453763937859e-202	2.97460452933695e-200	451.74368023991	CITED4
ENSG00000179477	-12.48250591133	-0.0728751231527097	-58.8161137026357	1.42980853887566e-201	4.94536610030232e-200	451.230074126938	ALOX12B
ENSG00000136697	-11.8808906403941	-3.21448620689654	-58.7474940135779	2.19088665098024e-201	7.53773009391828e-200	450.803354351651	IL1F10
ENSG00000130590	-2.99387142857143	1.51647118226601	-58.739891704126	2.29701738213153e-201	7.88898307233996e-200	450.756054178994	SAMD10
ENSG00000156298	-5.6861236453202	0.871215024630542	-58.7326465793333	2.40295343580837e-201	8.23833614781879e-200	450.710971830093	TSPAN7
ENSG00000101187	-6.7878684729064	1.84224704433497	-58.6856252217301	3.22013580953084e-201	1.10013800681559e-199	450.418277174295	SLCO4A1
ENSG00000130787	-3.30813152709359	4.7829184729064	-58.6848715081766	3.23528551035833e-201	1.10338480704053e-199	450.413584008348	HIP1R
ENSG00000143375	-8.8283354679803	0.466275123152709	-58.6525732644772	3.95624213550171e-201	1.34457189238216e-199	450.212426915943	CGN
ENSG00000119411	-10.7255103448276	-0.592641379310345	-58.6499831143248	4.02060254815e-201	1.36407317701297e-199	450.19629137145	BSPRY
ENSG00000163686	-2.56495270935961	2.95352807881774	-58.6357941669548	4.39225060530117e-201	1.48757991904325e-199	450.107890195348	ABHD6
ENSG00000049283	-7.89316896551724	1.07970812807882	-58.5763242184823	6.36348933716138e-201	2.14036675777638e-199	449.737191221336	EPN3
ENSG00000137203	-7.27172167487685	2.53259729064039	-58.5632447269615	6.90436671855838e-201	2.31830127859223e-199	449.655621793138	TFAP2A
ENSG00000170423	-10.2633137931034	1.65623719211823	-58.5575742368214	7.15295498426505e-201	2.3976508799744e-199	449.620253658758	KRT78
ENSG00000126878	-6.25916157635468	0.409733497536946	-58.5535942912691	7.33277000237549e-201	2.45371560593188e-199	449.595428216697	AIF1L
ENSG00000076554	-6.03082266009852	1.82562955665025	-58.538253265606	8.069298244459e-201	2.69555942381569e-199	449.499724030381	TPD52
ENSG00000148356	-2.31690492610838	3.85341305418718	-58.5241618322398	8.81099923023831e-201	2.93830284910097e-199	449.411797880101	LRSAM1
ENSG00000178573	-7.29176847290641	1.8081684729064	-58.5082042215035	9.73376497663803e-201	3.24049804384089e-199	449.312207148339	MAF
ENSG00000008323	-5.66079556650246	0.745816502463054	-58.4681904246315	1.2496419588572e-200	4.15314679591623e-199	449.062388365914	PLEKHG6
ENSG00000083307	-10.11400591133	-0.718400985221675	-58.449804666732	1.40172089890824e-200	4.62709962947041e-199	448.947554950162	GRHL2
ENSG00000140479	-4.59912216748769	1.09569704433497	-58.343541671433	2.72375760916853e-200	8.90094836093166e-199	448.283299840111	PCSK6
ENSG00000198719	-4.48741724137931	2.02825197044335	-58.3348992840733	2.87508664717036e-200	9.37979019348969e-199	448.229233854411	DLL1
ENSG00000173578	-9.28843349753694	-3.87573497536945	-58.2712175821424	4.28318366787007e-200	1.39503292062528e-198	447.830651870265	XCR1
ENSG00000204421	-13.1802064039409	2.3119618226601	-58.2661582767961	4.42106153049431e-200	1.43754383409184e-198	447.79897108145	LY6G6C
ENSG00000263961	-10.1636467980295	-3.91630221674876	-58.2650756176947	4.45113948418456e-200	1.44491973089593e-198	447.792191312591	RHEX
ENSG00000167741	-11.8120034482759	-0.17776527093596	-58.242816022045	5.11708893406354e-200	1.65559854220976e-198	447.652776449266	GGT6
ENSG00000069667	-3.62643201970444	4.13008054187192	-58.2150312141266	6.09018129010386e-200	1.96717888878032e-198	447.478697440586	RORA
ENSG00000158481	-10.0234275862069	-4.24634778325122	-58.2053611940701	6.47069101126127e-200	2.08663768551267e-198	447.418096890557	CD1C
ENSG00000099260	-6.53264532019705	2.0833078817734	-58.160300395983	8.58311921555762e-200	2.76328361961165e-198	447.135602956816	PALMD
ENSG00000141854	-3.77730246305419	1.84026009852217	-58.1528019658344	8.99641750483143e-200	2.89157879735881e-198	447.088577255903	MISP3
ENSG00000186188	-7.24919802955664	-5.79413940886698	-58.1174762032005	1.12284246638575e-199	3.59125817972344e-198	446.866970730083	FFAR4
ENSG00000003249	-4.61072857142858	0.0188332512315271	-58.0888038857578	1.34423040906721e-199	4.27833072540578e-198	446.687024715416	DBNDD1
ENSG00000165025	-8.58192315270936	-1.24502266009852	-58.0312257776081	1.92979570495916e-199	6.10227632140969e-198	446.325455968326	SYK
ENSG00000129538	-6.58237438423646	2.45308620689655	-57.8829636903646	4.90277483706374e-199	1.53541708118429e-197	445.393124439625	RNASE1
ENSG00000015133	-6.49220197044335	0.0718546798029557	-57.8713749299326	5.27384277526919e-199	1.64898296822897e-197	445.320170521564	CCDC88C
ENSG00000167207	-8.5272133004926	-0.409761330049261	-57.8286402979268	6.90259459876023e-199	2.14793795619383e-197	445.051046837612	NOD2
ENSG00000125850	-11.64010591133	-2.33939039408866	-57.6581248876386	2.02334436583495e-198	6.25636006283964e-197	443.97565834761	OVOL2
ENSG00000265190	-9.4001709359606	2.73628743842364	-57.6506964195833	2.12051624521429e-198	6.54646579209759e-197	443.928752531609	ANXA8
ENSG00000016402	-8.27585812807881	0.733265024630541	-57.6497135531862	2.13371871413082e-198	6.57683456018053e-197	443.922546031191	IL20RA
ENSG00000203786	-11.986057635468	1.47478793103449	-57.58429702902	3.22571643478317e-198	9.92707882969019e-197	443.50927390268	KPRP
ENSG00000167769	-10.9386128078818	0.789945320197043	-57.5636779254564	3.67479939592914e-198	1.12736153524721e-196	443.378935353852	ACER1
ENSG00000102554	-4.70007586206897	5.21901083743842	-57.5522821608579	3.94935553632402e-198	1.20779821425421e-196	443.306884142893	KLF5
ENSG00000127152	-6.3599802955665	0.292839901477833	-57.5367983360828	4.35564357610879e-198	1.32789370927173e-196	443.208967707227	BCL11B
ENSG00000162552	-8.96089852216748	-0.294249753694581	-57.455213705849	7.29912863172142e-198	2.21834481681337e-196	442.6927023077	WNT4
ENSG00000149573	-8.51631379310345	0.855624876847289	-57.421711902684	9.02434815866585e-198	2.73416762351392e-196	442.480537382057	MPZL2
ENSG00000130703	-1.98303054187192	4.81674532019705	-57.3761740327175	1.20429380660014e-197	3.63745124707571e-196	442.19199324425	OSBPL2
ENSG00000115507	-6.18921477832512	-0.187337438423645	-57.2785219896316	2.23730289589594e-197	6.73672930533104e-196	441.572630220105	OTX1
ENSG00000155367	-3.81119852216749	1.45593669950739	-57.2734117535573	2.31106030946143e-197	6.94811393346081e-196	441.540195544644	PPM1J
ENSG00000108924	-7.10472463054187	0.0359352216748769	-57.2620606904279	2.48372937114743e-197	7.45576641643058e-196	441.468142231475	HLF
ENSG00000243789	-3.12450591133005	3.15943669950739	-57.2058727202305	3.54875773878406e-197	1.0620187401427e-195	441.111312423879	JMJD7
ENSG00000166405	-9.11577044334975	0.164187192118227	-57.1391471814316	5.42333095727315e-197	1.62053109429712e-195	440.687206206001	RIC3
ENSG00000141503	-2.6217157635468	5.97528103448276	-57.1318727816197	5.68010732617235e-197	1.69466652470321e-195	440.640946870635	MINK1
ENSG00000110723	-7.63189753694581	0.27721921182266	-57.0671339458342	8.57511478573676e-197	2.55060720156572e-195	440.229057112499	EXPH5
ENSG00000175634	-2.13462857142857	5.86887044334975	-57.0653421910032	8.67347401120979e-197	2.57594269190063e-195	440.217652190791	RPS6KB2
ENSG00000105287	-2.33020049261084	4.88816674876848	-57.0528582215365	9.3908998553677e-197	2.78477943814257e-195	440.138181161443	PRKD2
ENSG00000182578	-4.53242167487685	0.585869458128079	-57.0414884214978	1.00959253174405e-196	2.97578540804559e-195	440.065790949836	CSF1R
ENSG00000154639	-8.70117881773398	-0.191588916256158	-56.9856551931682	1.44079676347883e-196	4.23399253412078e-195	439.710143662115	CXADR
ENSG00000166828	-10.491863546798	-2.80613571428571	-56.8974576327294	2.52831678502629e-196	7.37438307656473e-195	439.14778730957	SCNN1G
ENSG00000091622	-4.76114532019705	0.713560837438423	-56.8637653141744	3.13477834013955e-196	9.12963313308599e-195	438.932782332885	PITPNM3
ENSG00000140279	-7.61108620689655	-1.45007019704434	-56.7862761807451	5.14190824670793e-196	1.4930634614735e-194	438.437914336436	DUOX2
ENSG00000180921	-2.94814137931035	3.65520172413793	-56.7845745489042	5.19812095886297e-196	1.50714658424481e-194	438.427041322749	FAM83H
ENSG00000114654	-9.4461369458128	-3.75103793103447	-56.7284864363514	7.43966433946455e-196	2.15386548921209e-194	438.068509838134	EFCC1
ENSG00000121552	-4.39007487684729	5.94287389162561	-56.6545506181908	1.19396062968324e-195	3.45153529959613e-194	437.595468825602	CSTA
ENSG00000130475	-5.06444236453202	1.76374482758621	-56.6455033492741	1.26515238867027e-195	3.65193618602577e-194	437.537551466155	FCHO1
ENSG00000132182	-6.91852758620689	-2.06398399014778	-56.6029220347008	1.66175659056595e-195	4.78968249156929e-194	437.264864565427	NUP210
ENSG00000164142	-5.62157832512315	0.254912315270936	-56.5437236938731	2.42840385753585e-195	6.96855626783634e-194	436.885498621074	FHIP1A
ENSG00000077498	-10.7785448275862	-3.22053891625615	-56.4955089446506	3.30830023351415e-195	9.46571056564182e-194	436.576291673913	TYR
ENSG00000174292	-4.06588965517241	1.31187783251232	-56.4098154108314	5.73443825962009e-195	1.63118475210329e-193	436.026222627681	TNK1
ENSG00000172824	-4.32097980295566	3.40859236453202	-56.3707123031195	7.37209590392641e-195	2.09397526387398e-193	435.775003218469	CES4A
ENSG00000173338	-10.1661344827586	1.2891381773399	-56.3328185000428	9.40530415497159e-195	2.663745707195e-193	435.531424011811	KCNK7
ENSG00000132024	-1.85256157635468	4.77730295566503	-56.2308655045912	1.81238830297388e-194	5.1181636151323e-193	434.87544465417	CC2D1A
ENSG00000006432	-6.39176798029556	-1.58252684729064	-56.1989350710867	2.22614613800811e-194	6.27753936925749e-193	434.669810399814	MAP3K9
ENSG00000140254	-9.79327980295567	1.21414729064039	-56.1967691896906	2.25742111853128e-194	6.35655958189312e-193	434.65585869283	DUOXA1
ENSG00000100151	-2.47897389162561	3.68182881773399	-56.1538316344627	2.97690386958208e-194	8.35842750278349e-193	434.379186829049	PICK1
ENSG00000168143	-10.918960591133	-1.27489950738916	-56.1361186403145	3.33696578349668e-194	9.35595198580949e-193	434.265003888417	FAM83B
ENSG00000136695	-12.2742049261084	-0.86464433497537	-56.1276810628559	3.52351979360488e-194	9.86484581756829e-193	434.210603084568	IL36RN
ENSG00000166979	-3.73482857142857	3.60698226600985	-56.1097749599556	3.95478005174343e-194	1.10564108399385e-192	434.095133524903	EVA1C
ENSG00000134955	-5.76416453201971	2.46582955665024	-56.0205655335214	7.03291175315726e-194	1.95500940939117e-192	433.519431075869	SLC37A2
ENSG00000111432	-10.2819645320197	-2.38643448275861	-55.9445955655465	1.14890940878892e-193	3.1711846986657e-192	433.028608739467	FZD10
ENSG00000168447	-9.65701576354679	0.221954679802955	-55.908211013613	1.45361581708936e-193	4.00656703773769e-192	432.793355121491	SCNN1B
ENSG00000172867	-13.0573911330049	4.60844827586208	-55.9010389604534	1.52262872505245e-193	4.19087472464435e-192	432.74696842625	KRT2
ENSG00000196542	-12.4135832512315	-1.01810049261084	-55.8928778944047	1.60516133022838e-193	4.41182316671211e-192	432.694179500143	SPTSSB
ENSG00000182782	-7.74452216748769	0.775305911330047	-55.8881083571277	1.65545602445972e-193	4.54366876825728e-192	432.6633255355	HCAR2
ENSG00000137709	-10.6738527093596	1.00534852216749	-55.8825324248926	1.71626012428365e-193	4.6973606931024e-192	432.627252452725	POU2F3
ENSG00000141404	-3.34062857142857	0.6995039408867	-55.8732665634747	1.82229218539172e-193	4.98059215201747e-192	432.567301497611	GNAL
ENSG00000003137	-5.9912433497537	1.55982660098522	-55.7674858952172	3.61470154900249e-193	9.84245405507655e-192	431.882346599527	CYP26B1
ENSG00000198092	-9.97862512315269	-3.94430467980294	-55.7674196608789	3.61625320414746e-193	9.84245405507655e-192	431.88191740256	TMPRSS11F
ENSG00000173020	-1.79584532019704	5.48213793103449	-55.7516169919059	4.00620415937846e-193	1.08886288849199e-191	431.779505237129	GRK2
ENSG00000205476	-3.9375842364532	1.78448078817734	-55.615464121299	9.68983786868546e-193	2.61545319930734e-191	430.896212683059	CCDC85C
ENSG00000186204	-10.9800807881773	0.426866995073891	-55.5923622671936	1.12583010122379e-192	3.03461680525729e-191	430.746173980253	CYP4F12
ENSG00000188559	-2.52833349753695	2.50922438423646	-55.5397798095335	1.58435902364797e-192	4.26467548762102e-191	430.404489691398	RALGAPA2
ENSG00000141524	-4.86588916256158	2.15026921182266	-55.5191619082296	1.81160700734885e-192	4.86965944121199e-191	430.27044524648	TMC6
ENSG00000130222	-5.26281724137931	1.93123275862069	-55.4691452546399	2.50809840389808e-192	6.72335514526424e-191	429.945109639724	GADD45G
ENSG00000166535	-8.46530147783251	2.07008768472906	-55.4650194293982	2.57633911587747e-192	6.89682452088732e-191	429.918262947961	A2ML1
ENSG00000124491	-7.44438275862069	-0.261297783251231	-55.3840605604397	4.36420547878459e-192	1.16669361787153e-190	429.391153700177	F13A1
ENSG00000266094	-4.64729064039409	2.58983645320197	-55.3681430646178	4.84105777043385e-192	1.28888216552886e-190	429.287447970992	RASSF5
ENSG00000167165	-11.37870591133	-2.58752093596058	-55.3227647360102	6.50702893106773e-192	1.72772227406149e-190	428.991673135578	UGT1A6
ENSG00000187997	-8.47404482758619	-5.3266844827586	-55.2966966961388	7.71266150489628e-192	2.04505876701062e-190	428.821678016783	C17orf99
ENSG00000172818	-11.1267054187192	-0.386133990147782	-55.2917461770528	7.96574775213192e-192	2.10930409989379e-190	428.789387698395	OVOL1
ENSG00000118242	-2.82447142857143	2.21654064039409	-55.2698344542129	9.18972975999152e-192	2.43011771271657e-190	428.646439359803	MREG
ENSG00000166105	-10.0384	-3.17312068965516	-55.1795193393463	1.65716355967093e-191	4.36445960688537e-190	428.056779517629	GLB1L3
ENSG00000112561	-2.59399113300493	2.63697192118227	-55.1404095688135	2.13968230847643e-191	5.62011716024818e-190	427.801205387867	TFEB
ENSG00000149564	-5.28123990147783	1.23548694581281	-55.1153530584642	2.5204907975486e-191	6.61146727056304e-190	427.637393315383	ESAM
ENSG00000170426	-11.4484591133005	-0.0987862068965519	-55.0916260019613	2.94353605961065e-191	7.69018471616462e-190	427.482220199451	SDR9C7
ENSG00000154227	-11.2975842364532	0.344699507389163	-55.0821238684084	3.1322858850016e-191	8.16148410196016e-190	427.420062620019	CERS3
ENSG00000143367	-4.09101625615763	4.5613381773399	-55.068947421054	3.41426061951836e-191	8.88435166799306e-190	427.333856164213	TUFT1
ENSG00000167702	-3.16966256157635	4.98053078817734	-55.0589941305725	3.64400736490752e-191	9.46957339428494e-190	427.268726625532	KIFC2
ENSG00000237541	-10.6371054187192	-3.13061280788176	-55.0488531460035	3.89402893536318e-191	1.01058583605401e-189	427.202359631751	HLA-DQA2
ENSG00000155265	-8.67177536945812	-1.00924778325123	-55.0384797514753	4.16757847059437e-191	1.07871282744841e-189	427.134461958072	GOLGA7B
ENSG00000132849	-2.93545763546798	2.48068891625616	-54.9568734712392	7.11186858780075e-191	1.838361586545e-189	426.599976915536	PATJ
ENSG00000106278	-8.41371871921182	0.326307635467981	-54.9533657608555	7.27722901261397e-191	1.87862099556806e-189	426.576989351658	PTPRZ1
ENSG00000128886	-4.22711477832512	2.8364618226601	-54.8984388649457	1.04313755237164e-190	2.68931319900351e-189	426.216882834163	ELL3
ENSG00000104863	-2.67150591133005	3.43272980295567	-54.875478242824	1.21267729123905e-190	3.12228453562497e-189	426.066268906315	LIN7B
ENSG00000006210	-6.2067039408867	0.470100738916256	-54.8670741060297	1.28141487625242e-190	3.29492230417431e-189	426.011128561487	CX3CL1
ENSG00000137747	-11.0966044334975	-0.555143103448276	-54.861010141818	1.33342485587572e-190	3.42415092424747e-189	425.971338302415	TMPRSS13
ENSG00000047365	-7.4948881773399	0.184133251231527	-54.852575551045	1.40930392732958e-190	3.61425424512791e-189	425.915986977446	ARAP2
ENSG00000127074	-7.8272738916256	-5.62285418719209	-54.823067029497	1.7104778952598e-190	4.37515170538835e-189	425.722288470135	RGS13
ENSG00000127249	-7.89970344827586	0.156872906403941	-54.7936809429644	2.0745099950468e-190	5.28553772140868e-189	425.529314459527	ATP13A4
ENSG00000108242	-10.1118689655172	-3.360481773399	-54.7402561881787	2.94679878337105e-190	7.46904563224863e-189	425.178279540788	CYP2C18
ENSG00000276430	-13.3781433497537	-2.17857561576354	-54.6980241251198	3.88982288765177e-190	9.83375405827824e-189	424.900602630737	FAM25C
ENSG00000092820	-3.13162807881773	5.78860320197044	-54.6858032494197	4.21536905055661e-190	1.06292570304487e-188	424.820219531432	EZR
ENSG00000177106	-2.71392315270937	5.53206009852217	-54.6259569172999	6.24966666811623e-190	1.56980701835896e-188	424.426380865183	EPS8L2
ENSG00000108379	-5.2421118226601	1.87348891625616	-54.5276917947971	1.19392051644232e-189	2.98740009376643e-188	423.779000433142	WNT3
ENSG00000142733	-2.84089704433498	5.25625049261084	-54.4905329356785	1.52538803561438e-189	3.81190958976677e-188	423.533962524863	MAP3K6
ENSG00000183166	-9.44101034482758	-3.34332586206895	-54.3681256324889	3.42204010433687e-189	8.51891818075811e-188	422.725867176106	CALN1
ENSG00000105880	-11.8131980295566	-1.38169064039409	-54.366077108859	3.46866761991531e-189	8.62400796798791e-188	422.712331681864	DLX5
ENSG00000235750	-5.27918374384237	-0.216473645320197	-54.3113943235602	4.97874303275287e-189	1.23157716893743e-187	422.350875108303	KIAA0040
ENSG00000203782	-13.4853532019704	3.31258793103449	-54.2742796875993	6.36383254384748e-189	1.56627223642151e-187	422.105387459023	LORICRIN
ENSG00000108244	-8.46155615763547	2.84624655172414	-54.2719034677774	6.46465715069048e-189	1.58908591243765e-187	422.089666063878	KRT23
ENSG00000102349	-3.99107339901478	2.67070517241379	-54.2670255800476	6.67667320836742e-189	1.63914004821503e-187	422.057391653204	KLF8
ENSG00000100170	-9.76960985221675	-1.22062709359606	-54.2356544704244	8.21703263994567e-189	2.01224626378218e-187	421.84977288663	SLC5A1
ENSG00000111344	-10.8965857142857	-1.01429630541872	-54.2192337080837	9.16053938136048e-189	2.24049137159633e-187	421.741061420261	RASAL1
ENSG00000149328	-4.77739162561577	0.567061822660099	-54.2124836483029	9.57919692766626e-189	2.33995832950568e-187	421.696366299077	GLB1L2
ENSG00000132677	-10.9275177339901	-2.62252192118226	-54.1852817916782	1.14698979402875e-188	2.79831143007613e-187	421.516207984087	RHBG
ENSG00000072210	-2.67571625615763	5.64981034482758	-54.1843805528463	1.15385691097806e-188	2.81155508158769e-187	421.510237890514	ALDH3A2
ENSG00000132164	-9.67478275862068	-2.82439334975369	-54.0915182013207	2.13522791482671e-188	5.17058536698186e-187	420.894683775064	SLC6A11
ENSG00000173269	-3.97192610837439	1.99943349753695	-54.0850941214486	2.22816806090121e-188	5.38896785224399e-187	420.852071017774	MMRN2
ENSG00000196407	-12.2462157635468	1.03208374384236	-54.0139767787159	3.57193025738178e-188	8.59638683371364e-187	420.380072818944	THEM5
ENSG00000070601	-9.35758177339901	-3.85914458128077	-53.9963157022808	4.01635870844929e-188	9.65408141211758e-187	420.262785150511	FRMPD1
ENSG00000135925	-10.8487862068965	-2.81874187192117	-53.9670635283538	4.87770028162359e-188	1.16813748656236e-186	420.068456760508	WNT10A
ENSG00000159348	-2.1539527093596	5.9903748768473	-53.9595653302814	5.12684787138071e-188	1.22630184948007e-186	420.018631797283	CYB5R1
ENSG00000156284	-10.4281492610837	-3.00197758620689	-53.9058812613022	7.32515578330714e-188	1.74570968679742e-186	419.661751990194	CLDN8
ENSG00000188112	-3.43887783251231	4.30876896551724	-53.8651772246561	9.60267534385809e-188	2.28291340109093e-186	419.390981230822	C6orf132
ENSG00000144452	-8.51261970443349	-0.238297044334976	-53.8646642848082	9.63550147935882e-188	2.28793402077315e-186	419.387568072815	ABCA12
ENSG00000091428	-4.86814482758621	0.592112807881774	-53.8622427195602	9.79199718134157e-188	2.31945707779123e-186	419.371454380032	RAPGEF4
ENSG00000184731	-9.6139448275862	-1.60204975369458	-53.8474253688343	1.08066286583282e-187	2.55669657676815e-186	419.272844134857	FAM110C
ENSG00000095015	-3.13664137931035	2.67935911330049	-53.8139008536119	1.35083289538503e-187	3.19201649838142e-186	419.04966096877	MAP3K1
ENSG00000182040	-9.47050049261083	-4.18855714285713	-53.7792786782423	1.70111569990634e-187	4.00038544014075e-186	418.819059973476	USH1G
ENSG00000139988	-9.98659901477832	0.960787684729061	-53.7483479039583	2.09040814766885e-187	4.90994663722893e-186	418.612950643044	RDH12
ENSG00000129422	-4.4648	2.50750197044335	-53.7064783919454	2.76338252804069e-187	6.4750625135457e-186	418.333807492529	MTUS1
ENSG00000186648	-8.3779763546798	-1.55405812807882	-53.6854494785205	3.17940150101999e-187	7.43204116422639e-186	418.193546166531	CARMIL3
ENSG00000078900	-7.07512709359606	-1.14876108374384	-53.6739402984372	3.43309717674478e-187	8.01548208219193e-186	418.11676320607	TP73
ENSG00000105143	-10.7356300492611	-2.52158743842364	-53.6542816512154	3.91423856782741e-187	9.12792960530825e-186	417.98558270448	SLC1A6
ENSG00000165474	-7.52898768472907	1.47534950738916	-53.5989740529563	5.66221076867152e-187	1.3172728909688e-185	417.616325079222	GJB2
ENSG00000099992	-1.8414487684729	4.64027610837439	-53.5940276553439	5.85237135764296e-187	1.35989347290201e-185	417.583286772086	TBC1D10A
ENSG00000142273	-11.2210177339901	-0.317150738916256	-53.5853284916217	6.20246234917807e-187	1.4395311072166e-185	417.525177161216	CBLC
ENSG00000165716	-3.94019753694581	0.508683004926109	-53.5484988080377	7.93275735468439e-187	1.83893172271936e-185	417.279079431811	DIPK1B
ENSG00000256812	-10.3793379310345	1.21966206896552	-53.5372717642284	8.5508645047383e-187	1.97986959895256e-185	417.204034402564	CAPNS2
ENSG00000112294	-3.8184	0.498045320197044	-53.4801555817585	1.25275456625965e-186	2.88694926106675e-185	416.822068439619	ALDH5A1
ENSG00000043039	-11.1354049261084	-1.18013645320197	-53.3995277828653	2.1489300258165e-186	4.92891908034109e-185	416.282344556951	BARX2
ENSG00000168672	-5.42162807881773	0.688841625615764	-53.3313360327634	3.39342792328464e-186	7.75643801756528e-185	415.82538884839	LRATD2
ENSG00000135374	-10.2493389162561	-3.81106453201969	-53.331328886624	3.39359047437228e-186	7.75643801756528e-185	415.825340938792	ELF5
ENSG00000215644	-9.14910049261082	-4.34051871921181	-53.2849190105371	4.63240184123089e-186	1.05631734867368e-184	415.51409505691	GCGR
ENSG00000212864	-2.52818472906404	2.54014064039409	-53.2358053853974	6.44054270281738e-186	1.46691241839694e-184	415.184494601519	RNF208
ENSG00000150672	-4.2278236453202	1.41455665024631	-53.2195004278285	7.18549480966402e-186	1.6308819926882e-184	415.075021877943	DLG2
ENSG00000149654	-8.96877142857142	-4.03618078817733	-53.1998580911079	8.19850963249005e-186	1.8564921812065e-184	414.94310827865	CDH22
ENSG00000180347	-9.15679655172412	-4.97167118226599	-53.1695376326978	1.00503748842166e-185	2.27057139869781e-184	414.739410951281	ITPRID1
ENSG00000133477	-8.96014187192118	-0.632697044334976	-53.1600906172527	1.07089703761914e-185	2.41656696410545e-184	414.67592668497	FAM83F
ENSG00000189051	-10.068121182266	-2.75693201970443	-53.1153853294213	1.44624887552437e-185	3.25981493950371e-184	414.375390733909	RNF222
ENSG00000115112	-8.1745448275862	-0.0867522167487682	-53.056207910255	2.15332228628928e-185	4.84237331630208e-184	413.977272386222	TFCP2L1
ENSG00000154359	-2.81829458128079	4.74164039408867	-52.9953401315892	3.24386803399648e-185	7.26968682572927e-184	413.567434613046	LONRF1
ENSG00000134709	-8.26895369458128	-0.412776354679803	-52.9783694590928	3.63668891331585e-185	8.14068439221287e-184	413.453104008625	HOOK1
ENSG00000150782	-5.73739556650247	4.04021798029557	-52.968805184036	3.87872514262658e-185	8.67254539327329e-184	413.388657859503	IL18
ENSG00000183049	-4.70505566502463	1.47679827586207	-52.9590416703471	4.14246334821397e-185	9.24886685088805e-184	413.322860206899	CAMK1D
ENSG00000171403	-9.331121182266	-4.33852068965516	-52.9589169595735	4.14594584043493e-185	9.24886685088805e-184	413.322019705198	KRT9
ENSG00000229544	-7.29357192118225	-5.83559827586206	-52.9237016633693	5.25656817971204e-185	1.16864454343496e-183	413.084623100781	NKX1-2
ENSG00000116176	-8.64693152709358	-5.00735788177338	-52.8933546971612	6.45018169779436e-185	1.43075426490689e-183	412.879950451192	TPSG1
ENSG00000167972	-4.31331674876848	-0.138900738916256	-52.8427065027702	9.07773496263327e-185	2.00675448687533e-183	412.538162024237	ABCA3
ENSG00000143420	-1.54386157635467	6.80451305418719	-52.8395287809381	9.27453524980982e-185	2.04794313956817e-183	412.516709684617	ENSA
ENSG00000085831	-4.65974236453202	0.453535221674877	-52.8110168292252	1.12431017608326e-184	2.47982725293668e-183	412.324186454495	TTC39A
ENSG00000179148	-8.59000147783251	1.94447906403941	-52.7754091228139	1.42998457146604e-184	3.14693226301682e-183	412.083640913406	ALOXE3
ENSG00000054654	-4.39163940886699	3.86262266009852	-52.7287646744007	1.95987864287248e-184	4.30820567367986e-183	411.768353811836	SYNE2
ENSG00000188064	-10.292378817734	-1.23274458128079	-52.7220661182427	2.0506725807842e-184	4.50272399704325e-183	411.723058682367	WNT7B
ENSG00000108309	-5.37816009852217	1.04489285714286	-52.697758186647	2.41702254180502e-184	5.2952303264522e-183	411.558654184189	RUNDC3A
ENSG00000169860	-5.63509261083744	-0.589694581280788	-52.6860895228488	2.61551022270993e-184	5.71725959420553e-183	411.479714115018	P2RY1
ENSG00000148053	-6.34594630541872	-0.903703694581281	-52.6668832587385	2.97841707116094e-184	6.4960074112307e-183	411.349752746131	NTRK2
ENSG00000126217	-6.01451477832512	1.85479630541872	-52.6350812947984	3.69364495332162e-184	8.02905558151403e-183	411.134483344648	MCF2L
ENSG00000168476	-2.6322275862069	5.39884778325124	-52.6276757160061	3.88353322011481e-184	8.43244513194263e-183	411.084340606454	REEP4
ENSG00000157368	-6.37825911330049	2.81271477832513	-52.6056751435592	4.50734278970331e-184	9.76890015257761e-183	410.935344970834	IL34
ENSG00000108375	-9.57860837438424	-1.42643620689655	-52.5415169819451	6.96137655996572e-184	1.50319580922486e-182	410.500577756033	RNF43
ENSG00000198729	-8.37483349753695	2.16986354679803	-52.5114771105341	8.53377588175605e-184	1.84069589714433e-182	410.296876799868	PPP1R14C
ENSG00000166689	-4.55270886699508	1.54523078817734	-52.4921712189526	9.7275443522132e-184	2.09356466664042e-182	410.165917335862	PLEKHA7
ENSG00000159788	-2.42720049261084	4.40671354679803	-52.4469465722185	1.32210205341484e-183	2.8298486667944e-182	409.859000244375	RGS12
ENSG00000077235	-1.65518768472906	5.6021421182266	-52.4170860093994	1.61920082900358e-183	3.46197183811685e-182	409.656243497913	GTF3C1
ENSG00000168389	-4.51196108374384	4.55730172413793	-52.4080289787363	1.72190925007645e-183	3.67754650983542e-182	409.594728198586	MFSD2A
ENSG00000089250	-8.83540197044335	-4.13179655172412	-52.3991733349026	1.8286442014443e-183	3.90124071884548e-182	409.534573067774	NOS1
ENSG00000121742	-10.3464330049261	-0.208262807881774	-52.3324815645596	2.87697453498252e-183	6.1177188642686e-182	409.081302226025	GJB6
ENSG00000084110	-8.40026206896551	0.408511330049261	-52.2488495193735	5.08155037070768e-183	1.07821560634495e-181	408.512289423067	HAL
ENSG00000179639	-11.0266556650246	-2.75072438423644	-52.2379958170837	5.47117974233795e-183	1.15962900786083e-181	408.43839378214	FCER1A
ENSG00000139438	-4.58324630541872	-0.904591133004926	-52.2234078580323	6.04244048626401e-183	1.27932147326729e-181	408.339056106271	FAM222A
ENSG00000180758	-3.41404778325123	2.63382339901478	-52.1749022755449	8.40795248482776e-183	1.77630494549734e-181	408.008605913734	GPR157
ENSG00000158106	-5.30154679802956	-0.1693	-52.1386322088896	1.07656525774428e-182	2.26705153737487e-181	407.761362651587	RHPN1
ENSG00000110328	-4.47199507389163	1.08195714285714	-52.114619823342	1.26806424030883e-182	2.66743933090583e-181	407.597606490605	GALNT18
ENSG00000158220	-4.33903793103448	1.37961748768473	-52.0623828354078	1.81091941280949e-182	3.80118014662977e-181	407.241174974189	ESYT3
ENSG00000255501	-12.6399532019704	-1.90372881773398	-52.0137637783447	2.52372230114143e-182	5.28036201380148e-181	406.909191659091	CARD18
ENSG00000006453	-2.27240541871921	2.91670911330049	-52.0079950490888	2.62513050782777e-182	5.48666314267062e-181	406.869786050902	BAIAP2L1
ENSG00000053108	-9.58308719211822	-3.34228399014777	-51.9920885628433	2.92640761040688e-182	6.10981383788154e-181	406.761113675045	FSTL4
ENSG00000174640	-6.1089078817734	0.440846551724139	-51.9339598930108	4.35365885394439e-182	9.04136039572595e-181	406.363771837898	SLCO2A1
ENSG00000244617	-8.35390147783251	3.75074039408867	-51.8530888127278	7.57021151705953e-182	1.56713001553366e-180	405.810425227951	ASPRV1
ENSG00000151715	-8.8805802955665	-0.0582857142857143	-51.8318878034608	8.75262119026741e-182	1.8080731849916e-180	405.665255363641	TMEM45B
ENSG00000135960	-8.22500886699507	-4.55709014778324	-51.8034360553083	1.06354136278953e-181	2.19469116279124e-180	405.470368470375	EDAR
ENSG00000160439	-3.08610147783252	4.32703251231527	-51.7904286679153	1.16265295522465e-181	2.39668397162448e-180	405.381244989823	RDH13
ENSG00000164626	-8.74336748768472	-0.896924630541872	-51.7856446495902	1.2013896603454e-181	2.47392589488617e-180	405.348461891223	KCNK5
ENSG00000122375	-7.73519310344826	-5.64404433497535	-51.7799114845646	1.2495191939061e-181	2.57032674603296e-180	405.309171696335	OPN4
ENSG00000205744	-8.65587684729064	-0.266977339901478	-51.6975048054631	2.19835520902006e-181	4.4984562821644e-180	404.744071793214	DENND1C
ENSG00000167914	-11.0512517241379	-0.262019950738917	-51.6707798897762	2.64076363469595e-181	5.38120990085799e-180	404.5606641964	GSDMA
ENSG00000235942	-13.858139408867	-1.24997118226601	-51.6612597968654	2.81905575188957e-181	5.73854036494021e-180	404.49531285452	LCE6A
ENSG00000173239	-11.475297044335	-1.67854162561576	-51.6024697980019	4.22094165932255e-181	8.57439105056978e-180	404.091547942966	LIPM
ENSG00000276045	-2.3919315270936	4.70102783251232	-51.5873247700066	4.68375341938959e-181	9.49480387154683e-180	403.9874782043	ORAI1
ENSG00000103056	-4.88401330049261	0.964877093596059	-51.5770960323703	5.024775064887e-181	1.01755600329556e-179	403.917178237162	SMPD3
ENSG00000115488	-8.99016699507388	-5.30063374384234	-51.5656908579088	5.43444205777334e-181	1.099377501998e-179	403.838780753782	NEU2
ENSG00000166920	-6.71623645320197	2.06234975369458	-51.4661577982066	1.07756292460181e-180	2.17314083308241e-179	403.154062673805	C15orf48
ENSG00000101144	-10.17840591133	-0.616920197044335	-51.4587719399414	1.13375626917971e-180	2.28410979508349e-179	403.103214283295	BMP7
ENSG00000169550	-9.34307487684729	-0.618952709359606	-51.4585770475954	1.13527816613721e-180	2.28482038338345e-179	403.101872462376	MUC15
ENSG00000065621	-3.49524187192118	2.76320911330049	-51.4499903791698	1.20440258709431e-180	2.42144396676923e-179	403.042750106532	GSTO2
ENSG00000001617	-3.60591970443349	4.28345295566503	-51.4463195819243	1.23522562834962e-180	2.47831408924109e-179	403.01747310878	SEMA3F
ENSG00000114315	-5.94025123152709	4.29786256157636	-51.4396106674685	1.29361629247218e-180	2.59280508589655e-179	402.971272300496	HES1
ENSG00000080166	-7.64265714285714	-0.181617733990148	-51.4256994852001	1.42365594811879e-180	2.85052095677636e-179	402.875459091727	DCT
ENSG00000179388	-5.40366748768472	2.50294064039409	-51.402133041563	1.67454275263722e-180	3.34942829805901e-179	402.713101809822	EGR3
ENSG00000152672	-8.18301379310343	-4.90180591133003	-51.3755373352786	2.01130029712115e-180	4.01889881455434e-179	402.529809163535	CLEC4F
ENSG00000213171	-7.48955812807881	-5.40121059113299	-51.3651004477484	2.16129880548088e-180	4.29665323059078e-179	402.457861028048	LINGO4
ENSG00000160972	-1.9896512315271	4.73044581280788	-51.3521548404225	2.36302239742313e-180	4.6881404761871e-179	402.3686037562	PPP1R16A
ENSG00000135063	-8.57706354679802	0.00158694581280767	-51.2508885873913	4.75180013916353e-180	9.37030053678444e-179	401.669823119418	ENTREP1
ENSG00000128833	-5.68836157635468	-0.985832019704433	-51.2252981471615	5.67016492704049e-180	1.11475214289965e-178	401.493077699393	MYO5C
ENSG00000189433	-10.559421182266	-0.361915024630542	-51.211062073582	6.25600731082892e-180	1.22869241073587e-178	401.394725410197	GJB4
ENSG00000197353	-12.5082802955665	-1.83081009852216	-51.1835192650527	7.56723849621689e-180	1.48175325343758e-178	401.204384385216	LYPD2
ENSG00000131242	-5.25946009852217	0.193522167487684	-51.1824305887376	7.62438086748572e-180	1.49144795708114e-178	401.196859289931	RAB11FIP4
ENSG00000126233	-13.4201216748768	2.68302980295567	-51.1317440037832	1.08236389134704e-179	2.10882902938224e-178	400.846375986937	SLURP1
ENSG00000213983	-2.35918866995074	5.62491699507389	-51.0764819859477	1.5863672343164e-179	3.07852914528411e-178	400.463964692766	AP1G2
ENSG00000183479	-4.6370487684729	1.69624655172414	-51.0560740774282	1.82705179783663e-179	3.54208791997256e-178	400.322666052533	TREX2
ENSG00000237289	-8.51652019704433	0.69958669950739	-51.0506713257689	1.89668312451687e-179	3.67343722688886e-178	400.285251992565	CKMT1B
ENSG00000197921	-10.1029123152709	-3.856921182266	-51.0337991359461	2.13172316124125e-179	4.12456772445311e-178	400.168393403976	HES5
ENSG00000025039	-4.97530492610838	0.697169704433497	-51.0062163921515	2.58048107153885e-179	4.98298034585101e-178	399.977291474637	RRAGD
ENSG00000118322	-9.8809369458128	-1.7828118226601	-50.9985165690237	2.72187302414748e-179	5.25082355754097e-178	399.923931179104	ATP10B
ENSG00000198854	-13.9416270935961	1.399489408867	-50.9783778247343	3.12948778188321e-179	6.03120810981871e-178	399.784340452129	KPLCE
ENSG00000174500	-6.86181674876847	-0.0596339901477839	-50.9212884764744	4.64913820507328e-179	8.93347677517621e-178	399.38840913879	GCSAM
ENSG00000189325	-6.3682290640394	-6.19129285714285	-50.9066412295557	5.14634340661842e-179	9.86946446046488e-178	399.286773909685	BNIP5
ENSG00000138670	-9.18469950738915	-0.494803940886699	-50.8625599504085	6.98801553091448e-179	1.33229072687933e-177	398.980771043502	RASGEF1B
ENSG00000136688	-12.1384857142857	-2.14266009852216	-50.8480446151641	7.72893209934868e-179	1.47211297354261e-177	398.87996628782	IL36G
ENSG00000132975	-9.63075172413792	-3.86352068965516	-50.8378016301571	8.29867775913308e-179	1.57835253253327e-177	398.808819110707	GPR12
ENSG00000204228	-3.30130098522167	3.18507266009852	-50.8377289430735	8.30286768725924e-179	1.57835253253327e-177	398.808314193069	HSD17B8
ENSG00000137726	-6.68374679802956	0.676391133004926	-50.7900593529037	1.15622771151943e-178	2.18731867749396e-177	398.477065942936	FXYD6
ENSG00000158055	-9.2181118226601	0.885335714285714	-50.7676824429621	1.35078597290161e-178	2.54797871452155e-177	398.321494194305	GRHL3
ENSG00000130055	-9.8249778325123	-0.744403694581281	-50.7673617303791	1.35380074379803e-178	2.55120290600782e-177	398.319264129856	GDPD2
ENSG00000168453	-5.21541822660099	4.29566379310345	-50.7601294364372	1.42360551068795e-178	2.68016366954373e-177	398.268971882324	HR
ENSG00000181284	-2.56209408866995	1.8191184729064	-50.7334406264879	1.71389822474285e-178	3.21738704206769e-177	398.083336820202	TMEM102
ENSG00000183695	-7.8496266009852	-5.76353300492609	-50.7153558529833	1.94363755483216e-178	3.64166491817163e-177	397.957507003607	MRGPRX2
ENSG00000126368	-5.4259197044335	5.17480763546798	-50.6964594155637	2.2167285849639e-178	4.14538851745116e-177	397.825994871039	NR1D1
ENSG00000169129	-5.63992660098522	0.0422928571428573	-50.6727281704291	2.61481192717873e-178	4.88048277754791e-177	397.660783685599	AFAP1L2
ENSG00000148200	-3.5714315270936	-1.0047802955665	-50.5844006398194	4.83755400271081e-178	9.00337907818806e-177	397.045373246063	NR6A1
ENSG00000065357	-2.26903054187192	6.07202118226601	-50.5607749673096	5.70360458880662e-178	1.05950419082185e-176	396.880631934022	DGKA
ENSG00000272636	-8.07581330049261	-2.59366428571428	-50.535280132427	6.81332058651193e-178	1.26444359830595e-176	396.702794173329	DOC2B
ENSG00000165125	-7.51992167487684	-0.164478571428571	-50.5036033295329	8.49824527325762e-178	1.57414890170616e-176	396.481743552633	TRPV6
ENSG00000183018	-5.62183743842365	2.44616551724138	-50.4788239278035	1.01026014261822e-177	1.86778653803645e-176	396.308754895972	SPNS2
ENSG00000100399	-4.10677586206897	0.278524876847291	-50.2462943420428	5.1346518838859e-177	9.47510548771467e-176	394.682420740906	CHADL
ENSG00000142235	-4.27847290640394	-1.4039921182266	-50.2456895608776	5.15644635522881e-177	9.5063466673473e-176	394.678183735686	LMTK3
ENSG00000147113	-7.6959290640394	-1.82742068965517	-50.2233439443399	6.03014866243087e-177	1.11066131160437e-175	394.521607831721	DIPK2B
ENSG00000147697	-7.32450541871921	1.40940295566502	-50.2088082892371	6.67664987403548e-177	1.22742325341864e-175	394.419729305302	GSDMC
ENSG00000184305	-8.8009172413793	-4.22335911330048	-50.1522486601512	9.92549168694028e-177	1.81954932970157e-175	394.023106917663	CCSER1
ENSG00000275993	-6.11425172413793	4.13080665024631	-50.0922885910574	1.51164900651157e-176	2.76597798551022e-175	393.602285580538	
ENSG00000167748	-8.87529113300493	1.94760911330049	-50.0881939085749	1.55572650410959e-176	2.84396701059959e-175	393.573534344225	KLK1
ENSG00000102575	-4.4417551724138	2.58084802955665	-50.0008587765538	2.87304285895163e-176	5.24229725019914e-175	392.959896915222	ACP5
ENSG00000178184	-3.66367142857143	2.85858349753695	-49.9187609999598	5.1177658646217e-176	9.30338423501741e-175	392.382352419896	PARD6G
ENSG00000107719	-7.57811428571428	-1.93338916256157	-49.777923015083	1.38010130079207e-175	2.48341985451921e-174	391.389983153984	PALD1
ENSG00000112394	-9.84675763546798	-2.08720837438423	-49.7573861933606	1.59517096761711e-175	2.86778574509416e-174	391.245108238715	SLC16A10
ENSG00000137460	-4.80783349753695	0.672517733990148	-49.7501948503165	1.67816986193988e-175	3.01422752224533e-174	391.194367471163	FHDC1
ENSG00000050030	-6.68601477832512	-5.73645320197043	-49.7461280535313	1.72700832117971e-175	3.0990997807616e-174	391.165670580007	NEXMIF
ENSG00000182580	-4.13433940886699	3.72865689655173	-49.7224567097992	2.0409172778441e-175	3.65234482084518e-174	390.998602915184	EPHB3
ENSG00000120215	-6.54900837438424	0.367821428571428	-49.6907937756092	2.55200777969527e-175	4.56279378140942e-174	390.775042737977	MLANA
ENSG00000188522	-3.66783251231527	4.03126305418719	-49.6690986165711	2.97447208990198e-175	5.30841402564973e-174	390.621802175221	FAM83G
ENSG00000119457	-10.7623275862069	-1.0521578817734	-49.655927703531	3.26443840867681e-175	5.82058899474107e-174	390.528747901814	SLC46A2
ENSG00000134757	-7.69093201970443	0.866716256157636	-49.6340816158271	3.80919304967958e-175	6.77953101792699e-174	390.374363242994	DSG3
ENSG00000169291	-7.50341871921182	-1.96560640394088	-49.6291657331299	3.9438281517054e-175	7.00638997642064e-174	390.339616342069	SHE
ENSG00000196872	-6.60314926108374	-0.638537192118227	-49.5992394884407	4.87274281626897e-175	8.62528443075436e-174	390.128035524145	CRACDL
ENSG00000184574	-7.361460591133	-1.08150369458128	-49.5778546098077	5.66808648532549e-175	1.00240494204734e-173	389.976786655177	LPAR5
ENSG00000204420	-9.9355290640394	-1.9833487684729	-49.5587852525921	6.48644380765524e-175	1.14609480008317e-173	389.841875279082	MPIG6B
ENSG00000184702	-3.81969408866995	5.03088497536946	-49.4534424578187	1.36725791055926e-174	2.40711298091434e-173	389.095927170698	SEPTIN5
ENSG00000196535	-2.10670985221675	5.01333866995074	-49.4417428961162	1.48541407005087e-174	2.61042821555162e-173	389.013010571181	MYO18A
ENSG00000050555	-6.00926896551724	0.61916157635468	-49.2763025700192	4.80313405791766e-174	8.3656725276138e-173	387.839003040084	LAMC3
ENSG00000213927	-13.4349098522167	1.08697413793104	-49.2471733497119	5.9073173574425e-174	1.02796790560233e-172	387.632002779783	CCL27
ENSG00000040608	-5.28059753694582	0.277859359605911	-49.237871845182	6.31093989595612e-174	1.09722764632362e-172	387.565885300942	RTN4R
ENSG00000036672	-4.85509064039409	0.80986502463054	-49.2227226377219	7.02832157311444e-174	1.21978206200535e-172	387.45818174969	USP2
ENSG00000128604	-6.52853793103448	0.109975369458128	-49.216154677892	7.3642177609232e-174	1.2769435979056e-172	387.411479369278	IRF5
ENSG00000140832	-4.30726157635468	-0.799562315270936	-49.1982053394375	8.36652774966177e-174	1.44945642982172e-172	387.283825429059	MARVELD3
ENSG00000203785	-11.2414192118227	3.34587807881773	-49.1967414620376	8.45406565572847e-174	1.46332463280997e-172	387.273413009683	SPRR2E
ENSG00000163293	-4.49363201970443	1.39839088669951	-49.1748884963535	9.87546541929356e-174	1.70482637123529e-172	387.11794866286	NIPAL1
ENSG00000131477	-4.48310935960591	2.56473201970443	-49.1174537056603	1.48608720913788e-173	2.55418788399054e-172	386.709116206629	RAMP2
ENSG00000146054	-3.67787684729064	3.67015172413793	-49.0322103357362	2.72733293389351e-173	4.66434550933485e-172	386.101707833249	TRIM7
ENSG00000196090	-6.76283201970443	-5.89078546798028	-49.032168408854	2.72814804890479e-173	4.66434550933485e-172	386.101408894878	PTPRT
ENSG00000185522	-3.96678325123153	0.82727093596059	-48.9851171789193	3.81554797702279e-173	6.51209070453968e-172	385.765819183013	LMNTD2
ENSG00000166183	-10.3368665024631	-0.912827832512316	-48.9802217172187	3.95112605095657e-173	6.73760081045316e-172	385.730889456279	ASPG
ENSG00000149043	-10.3168566502463	1.39835295566502	-48.9689418065298	4.28218211870768e-173	7.2894079236747e-172	385.650396435013	SYT8
ENSG00000137440	-11.4421295566502	0.142061330049261	-48.9554849530618	4.71368814863818e-173	8.01696203661334e-172	385.554351571151	FGFBP1
ENSG00000076944	-3.62384384236453	4.43009236453201	-48.9488179711354	4.94334965842572e-173	8.40025556738742e-172	385.50676072773	STXBP2
ENSG00000167861	-5.49851724137931	-0.0733206896551725	-48.9476597724662	4.98437496527739e-173	8.46261125729373e-172	385.498492700862	HID1
ENSG00000187017	-10.1714	0.708138916256158	-48.8713091076864	8.59730135378035e-173	1.45714191722095e-171	384.953141467632	ESPN
ENSG00000162398	-8.0807935960591	-5.10344802955664	-48.8551436318962	9.64989041569847e-173	1.63412615687677e-171	384.837598370486	CIMAP2
ENSG00000185436	-9.05444433497536	-2.18868768472906	-48.8524958358682	9.83420846535323e-173	1.66389698554054e-171	384.818670600921	IFNLR1
ENSG00000144063	-5.41199458128079	2.51750123152709	-48.8480782077812	1.01496144105572e-172	1.71577651220683e-171	384.787089564842	MALL
ENSG00000204839	-2.97783891625616	3.35754556650246	-48.8411409183562	1.06655003015483e-172	1.80142789017162e-171	384.737491710136	MROH6
ENSG00000141934	-5.33498522167488	3.10942561576355	-48.8291615079968	1.16189681228002e-172	1.96077612310675e-171	384.651833645845	PLPP2
ENSG00000104267	-7.11390541871921	1.00784433497537	-48.8244658322701	1.20156031914344e-172	2.02596132499579e-171	384.618253423279	CA2
ENSG00000142949	-2.79780344827586	5.27470221674877	-48.8143693697934	1.29149888596603e-172	2.17573027840933e-171	384.546042745131	PTPRF
ENSG00000074964	-2.11156945812808	4.63260837438424	-48.7839205217758	1.60569229689888e-172	2.70270791266131e-171	384.328206011783	ARHGEF10L
ENSG00000163331	-12.459457635468	1.61094556650247	-48.7383767083164	2.22428624765376e-172	3.72787322912948e-171	384.002196928077	DAPL1
ENSG00000163898	-4.80804285714286	0.0231701970443351	-48.6632279545326	3.80997042467844e-172	6.36907117528367e-171	383.463798878657	LIPH
ENSG00000176383	-3.30924137931035	0.379830049261084	-48.6240688818177	5.04448627948433e-172	8.41839033934097e-171	383.183012918853	B3GNT4
ENSG00000197191	-4.78514088669951	2.44932167487685	-48.5717048671609	7.34387562713363e-172	1.2234784101061e-170	382.807292054188	CYSRT1
ENSG00000244122	-9.63853891625615	-3.77848275862068	-48.5581792605747	8.09238079815596e-172	1.34588345155373e-170	382.710196913507	UGT1A7
ENSG00000010319	-5.99684532019704	-0.295021674876847	-48.5265721400621	1.01533314641409e-171	1.68578082814139e-170	382.483226923156	SEMA3G
ENSG00000143061	-4.66983251231527	1.48953054187192	-48.4670163854833	1.55736743238049e-171	2.58353772186584e-170	382.055274328481	IGSF3
ENSG00000168918	-3.99827290640395	0.893827586206897	-48.4564198917022	1.6805963292439e-171	2.78559910653812e-170	381.979091675342	INPP5D
ENSG00000243364	-2.69946699507389	3.40750197044335	-48.4557850122013	1.68828231475345e-171	2.79596720295864e-170	381.974526885846	EFNA4
ENSG00000122133	-8.78266009852215	-5.22409655172411	-48.3937908285001	2.63655428145837e-171	4.35532914355533e-170	381.52858461003	PAEP
ENSG00000271447	-6.95142955665025	1.68654039408867	-48.3904953366768	2.69980602702917e-171	4.45604808954425e-170	381.504867891136	MMP28
ENSG00000178726	-5.10303251231527	3.30253054187192	-48.3721856040426	3.07996090951931e-171	5.07920642141995e-170	381.373077187617	THBD
ENSG00000148498	-1.91910640394088	4.95299704433497	-48.3647611856962	3.24899254774179e-171	5.35344117773778e-170	381.319627313114	PARD3
ENSG00000198740	-2.49734679802956	3.39819950738916	-48.3449217232329	3.74770343925863e-171	6.16997646250987e-170	381.176770653815	ZNF652
ENSG00000172478	-10.6820492610837	0.284838423645321	-48.3424625467455	3.81464075273639e-171	6.27489137962748e-170	381.159060150673	MAB21L4
ENSG00000123892	-4.75461083743842	2.89806896551724	-48.3397631726789	3.88949615897105e-171	6.39264372906748e-170	381.139619060737	RAB38
ENSG00000162729	-1.88393103448276	4.69661822660099	-48.2986299444894	5.23045013114818e-171	8.58215419503759e-170	380.843279819269	IGSF8
ENSG00000164251	-7.39234778325123	1.10223793103448	-48.2172148865405	9.40578061199177e-171	1.54071889957706e-169	380.25621054878	F2RL1
ENSG00000179673	-9.03417142857142	-4.25581182266008	-48.1774424877038	1.25315650191346e-170	2.04588006352489e-169	379.96916527085	RPRML
ENSG00000159387	-9.53972857142857	-2.32051108374384	-48.145119300639	1.58244963590284e-170	2.57701923206778e-169	379.735759643759	IRX6
ENSG00000163344	-1.60728128078818	5.11476773399015	-48.1328402877328	1.72915463749726e-170	2.81358367410253e-169	379.647064059193	PMVK
ENSG00000148985	-1.86315172413793	5.04217832512315	-48.1286723210782	1.78198936572119e-170	2.89714111355437e-169	379.616953770046	PGAP2
ENSG00000158955	-7.93827635467979	-5.66793275862067	-48.1203902343516	1.89182578945228e-170	3.07315540959904e-169	379.557116752353	WNT9B
ENSG00000064225	-3.66105517241379	1.89704482758621	-48.0756627744319	2.61347912846165e-170	4.23839079903714e-169	379.233841466501	ST3GAL6
ENSG00000145832	-9.68705221674876	-3.91225960591132	-48.0693140854786	2.73618991578605e-170	4.43004335826769e-169	379.187938125723	SLC25A48
ENSG00000091409	-4.48202709359606	2.74538004926108	-48.0437962514592	3.29048531196457e-170	5.30550032726168e-169	379.003391915858	ITGA6
ENSG00000118520	-9.53788669950739	0.993334975369459	-48.0017471788478	4.46004056536161e-170	7.17941620496676e-169	378.699140863791	ARG1
ENSG00000277363	-6.10476502463054	0.121078571428572	-47.8401164209169	1.43808909638559e-169	2.2978852920333e-168	377.527900131845	SRCIN1
ENSG00000064195	-10.0161921182266	0.377212807881773	-47.803736987921	1.87236731289473e-169	2.98448629923236e-168	377.263898467624	DLX3
ENSG00000166415	-8.10686650246305	-4.28017709359604	-47.7840380256403	2.16009877505637e-169	3.43751223633157e-168	377.120886559706	WDR72
ENSG00000131264	-8.18669507389161	-5.74153029556648	-47.7259306451026	3.29387254880343e-169	5.23749856376865e-168	376.69879434542	CDX4
ENSG00000164695	-9.15370640394088	-0.189008374384236	-47.6387705857817	6.20647387021515e-169	9.83673255245292e-168	376.064990008939	CHMP4C
ENSG00000143753	-2.17375763546798	7.47453793103448	-47.6325326770337	6.49455749640416e-169	1.02849791405778e-167	376.019598611255	DEGS1
ENSG00000183060	-1.97348768472907	3.03572857142857	-47.5889158450112	8.9202881074555e-169	1.41150016352952e-167	375.702096094152	LYSMD4
ENSG00000081760	-2.10181034482758	4.64535935960591	-47.5798120267036	9.53142975369994e-169	1.50576556383835e-167	375.635800561242	AACS
ENSG00000175164	-7.9083645320197	-2.81365960591133	-47.5243210662694	1.42777561848718e-168	2.24469759746392e-167	375.231514870215	ABO
ENSG00000075240	-2.2340921182266	3.60913177339901	-47.4667639094516	2.17193621065321e-168	3.40641873423636e-167	374.811828302825	GRAMD4
ENSG00000156030	-1.88243004926108	4.18738448275862	-47.4649411501285	2.20099570679318e-168	3.44922679247413e-167	374.798531599547	MIDEAS
ENSG00000181234	-7.7977881773399	-3.93973990147782	-47.4575395246568	2.32305500414611e-168	3.63759141754994e-167	374.744534416119	TMEM132C
ENSG00000181274	-2.41176600985222	3.01360024630542	-47.4067528621015	3.36484306345825e-168	5.26467278992002e-167	374.373871737656	FRAT2
ENSG00000169224	-6.87479408866994	-5.97958817733988	-47.3448996486003	5.28558766073123e-168	8.2434919446137e-167	373.922067823301	GCSAML
ENSG00000198435	-7.1406315270936	0.195126108374385	-47.3328020500896	5.77396215660689e-168	8.9908182043356e-167	373.833653564831	NRARP
ENSG00000181652	-5.87165418719212	2.25055024630542	-47.3294046933473	5.91907108725512e-168	9.20210717479232e-167	373.808821454397	ATG9B
ENSG00000138030	-3.0832433497537	0.633414778325123	-47.3209972955339	6.29407714253277e-168	9.77733350710456e-167	373.747364410781	KHK
ENSG00000182208	-1.79229753694581	5.31963891625616	-47.3018870420084	7.23744484676685e-168	1.12338480695407e-166	373.607642619881	MOB2
ENSG00000152137	-3.32480049261083	4.12749975369458	-47.2783073947768	8.5989824140542e-168	1.33260360297738e-166	373.435189541337	HSPB8
ENSG00000103460	-7.74915517241378	-5.24702142857141	-47.2547381071575	1.02164915063734e-167	1.57951484982238e-166	373.262752614633	TOX3
ENSG00000165810	-6.52097487684729	0.121952955665025	-47.2489573326666	1.065774026525e-167	1.64643130643095e-166	373.220450377839	BTNL9
ENSG00000128849	-5.3773039408867	-0.0259431034482757	-47.2247708063642	1.27207731833652e-167	1.96358096010524e-166	373.04342062283	CGNL1
ENSG00000085871	-2.52745467980296	5.04556921182266	-47.1652567158843	1.96663964554351e-167	3.03092050104191e-166	372.607548336743	MGST2
ENSG00000105613	-4.84850837438424	0.239986206896551	-47.1113965508563	2.91811822644376e-167	4.48669287027254e-166	372.212756256782	MAST1
ENSG00000241635	-8.5209290640394	-5.23847684729061	-47.1023387614237	3.11843872382188e-167	4.79092213372069e-166	372.146332488851	UGT1A1
ENSG00000188886	-8.33075270935959	-4.69390591133003	-47.0931507022939	3.33572432032632e-167	5.11268428767192e-166	372.078944385556	ASTL
ENSG00000197070	-1.57494039408867	4.98249187192119	-47.0481063642045	4.64150960548649e-167	7.08627974300132e-166	371.748443544579	ARRDC1
ENSG00000167037	-7.57841527093596	-3.49465837438423	-47.0303966912493	5.28556752777225e-167	8.06327561496685e-166	371.618443654261	SGSM1
ENSG00000137843	-11.2387068965517	-0.930820935960592	-46.9726501194868	8.07615132290856e-167	1.22820349534847e-165	371.194313350314	PAK6
ENSG00000163694	-3.41606009852217	1.05904482758621	-46.9635165497444	8.63652806887297e-167	1.31138330630859e-165	371.127197213091	RBM47
ENSG00000274286	-7.89537093596059	-4.06769975369457	-46.9130441034257	1.25143758058375e-166	1.89284777087984e-165	370.756148505986	ADRA2B
ENSG00000010278	-4.12840935960591	6.43400172413794	-46.9120959021166	1.26019071939535e-166	1.90461307335065e-165	370.749175160764	CD9
ENSG00000183734	-9.59133891625615	-2.11593152709359	-46.9070143361482	1.30815629038681e-166	1.97405329936209e-165	370.711802207047	ASCL2
ENSG00000109182	-10.4804315270936	-0.463999014778325	-46.86886618709	1.73176769446931e-166	2.6032464834861e-165	370.431148180012	CWH43
ENSG00000157379	-2.08210098522167	5.05380812807881	-46.8540858668629	1.93068049489052e-166	2.8933556925729e-165	370.322367803658	DHRS1
ENSG00000204538	-8.84935073891626	2.01207389162562	-46.8384828815779	2.16556175806208e-166	3.235428736701e-165	370.207507122967	PSORS1C2
ENSG00000114790	-2.58700147783251	2.21087857142857	-46.8183448102875	2.51153775422883e-166	3.74660082390379e-165	370.059222661667	ARHGEF26
ENSG00000129151	-9.61667142857143	0.077903201970443	-46.815374592015	2.56705572818038e-166	3.82649908772699e-165	370.037348072861	BBOX1
ENSG00000003147	-5.16729162561576	1.5733960591133	-46.7936747244727	3.01176338575763e-166	4.4825498921916e-165	369.877507373001	ICA1
ENSG00000180739	-6.38526206896552	0.601254679802955	-46.7733870240985	3.49712342127002e-166	5.19701793904629e-165	369.728022530025	S1PR5
ENSG00000139266	-2.51365615763547	2.82236059113301	-46.7222109228966	5.09897981109008e-166	7.56026278211854e-165	369.350746052262	MARCHF9
ENSG00000220205	-1.51017832512315	5.93165320197044	-46.7164811013881	5.31896782077111e-166	7.8804601329423e-165	369.308487429387	VAMP2
ENSG00000127481	-2.78661871921182	7.26649014778325	-46.7157065039155	5.34942818250292e-166	7.91893360974056e-165	369.302774338995	UBR4
ENSG00000165644	-2.10269704433498	3.79440221674877	-46.6443103047081	9.05763611762275e-166	1.33790117165974e-164	368.775907756988	COMTD1
ENSG00000151690	-2.89751330049261	3.37619950738916	-46.6401852689238	9.33761912638126e-166	1.37821565685606e-164	368.745450238828	MFSD6
ENSG00000197506	-5.7739842364532	0.346010837438424	-46.6047312449233	1.21312070205278e-165	1.78515096080688e-164	368.483596495462	SLC28A3
ENSG00000104044	-9.28616256157635	-3.00277536945812	-46.5931472899311	1.32146521495791e-165	1.94312063436475e-164	368.398010952747	OCA2
ENSG00000164687	-4.24856896551724	6.6928657635468	-46.5896839126593	1.35570314912645e-165	1.99196623610745e-164	368.372419706617	FABP5
ENSG00000253313	-10.1418068965517	-1.24502019704434	-46.5639518395887	1.63952696786481e-165	2.40177181454379e-164	368.182241954228	C1orf210
ENSG00000171115	-7.49975960591132	-2.52122413793103	-46.4729785667851	3.21240565491203e-165	4.69535013524988e-164	367.509308979164	GIMAP8
ENSG00000198515	-8.90280640394088	-2.78257216748768	-46.4658038078169	3.38754347218065e-165	4.9439413393095e-164	367.456198643556	CNGA1
ENSG00000137975	-6.12999162561576	2.11287315270936	-46.4609290224932	3.51196601183351e-165	5.11407152036143e-164	367.420110399411	CLCA2
ENSG00000054179	-9.84434039408866	-1.54040566502463	-46.456601177221	3.62626088455192e-165	5.27657410319535e-164	367.388069004978	ENTPD2
ENSG00000162032	-1.94671231527094	5.57208029556651	-46.3881837244341	6.01804189108487e-165	8.71790768240033e-164	366.881265941024	SPSB3
ENSG00000188467	-8.9788054187192	-4.38681157635466	-46.3599511846235	7.41824816193154e-165	1.07303779112114e-163	366.671984178058	SLC24A5
ENSG00000164129	-7.98393891625615	-5.25022807881771	-46.3327912874324	9.07259576270403e-165	1.3113658757009e-163	366.470571523022	NPY5R
ENSG00000126822	-3.0868433497537	3.37777339901478	-46.3303341263755	9.23938596952208e-165	1.33350133394683e-163	366.452345706044	PLEKHG3
ENSG00000070190	-8.24514187192118	-0.61225369458128	-46.3022567859839	1.13780179288694e-164	1.63974355727113e-163	366.244037179919	DAPP1
ENSG00000118402	-3.08873990147783	3.48133694581281	-46.2951513130988	1.19937727592876e-164	1.72593746142856e-163	366.191307317797	ELOVL4
ENSG00000180316	-10.2453128078818	-1.29818743842365	-46.2461829578333	1.72490420817079e-164	2.47126671818721e-163	365.827761949973	PNPLA1
ENSG00000140474	-2.4464315270936	5.32378472906404	-46.2457941805194	1.72988940952978e-164	2.47659332168725e-163	365.824874583147	ULK3
ENSG00000124203	-5.426560591133	-6.92156699507388	-46.2324033204525	1.91070123759937e-164	2.73344975001222e-163	365.725413399512	ZNF831
ENSG00000197822	-4.26875467980296	1.43379064039409	-46.2116231860434	2.22950454828653e-164	3.18486680428475e-163	365.571029189948	OCLN
ENSG00000186160	-8.09209950738915	-4.99262906403939	-46.203979765348	2.35973598918677e-164	3.36844124913717e-163	365.514231160088	CYP4Z1
ENSG00000140939	-1.63043251231527	5.58245221674877	-46.1874651559475	2.66773905339376e-164	3.80532529791392e-163	365.391489738435	NOL3
ENSG00000127084	-7.71762068965517	-2.22733054187192	-46.182985035182	2.75803313166245e-164	3.93125335222084e-163	365.358187013255	FGD3
ENSG00000112293	-7.03771379310345	-1.3960854679803	-46.1321652104857	4.02390723328329e-164	5.7106169319406e-163	364.980266665074	GPLD1
ENSG00000151136	-5.04628325123153	0.689255418719213	-46.0935829848095	5.36135916379488e-164	7.59765632914283e-163	364.693161729611	ABTB3
ENSG00000224420	-3.67524679802956	0.0109884236453201	-46.0922053664311	5.41659225826646e-164	7.67036564572777e-163	364.682907329135	ADM5
ENSG00000186642	-4.84945763546798	0.983887438423645	-46.071041744123	6.34044255423023e-164	8.96562434115537e-163	364.525348209672	PDE2A
ENSG00000274736	-9.9246541871921	-4.10935467980294	-46.0601026743802	6.87826924708854e-164	9.71909888840234e-163	364.443889644701	CCL23
ENSG00000204539	-14.0890556650246	1.82314507389163	-46.0562162158356	7.08016183846657e-164	9.99714759012383e-163	364.414945688629	CDSN
ENSG00000272398	-5.29003300492611	3.15791157635468	-46.0233197770757	9.04520637779575e-164	1.27372818754401e-162	364.169886739315	CD24
ENSG00000269741	-10.7025866995074	-2.8754593596059	-46.023295433734	9.04684640421188e-164	1.27372818754401e-162	364.169705351825	
ENSG00000172345	-2.68268916256158	4.48034359605911	-46.0184302889919	9.38066722803576e-164	1.31977681044114e-162	364.133452801197	STARD5
ENSG00000182489	-8.50295812807881	-1.50108201970443	-45.9843503349662	1.20920062245996e-163	1.69879213257458e-162	363.879433580226	XKRX
ENSG00000170054	-9.15802315270935	-4.25121699507387	-45.9836644217312	1.2153970586345e-163	1.70627078447093e-162	363.874319728315	SERPINA9
ENSG00000156711	-2.710239408867	4.76209753694581	-45.9697955820885	1.34774172421471e-163	1.89070845474543e-162	363.770908968679	MAPK13
ENSG00000169252	-5.48328620689655	1.02782339901478	-45.9389161987634	1.69662228255911e-163	2.37332803477237e-162	363.540585806189	ADRB2
ENSG00000176092	-9.63690935960591	0.564110344827586	-45.9319694732031	1.78682867995219e-163	2.49772575562416e-162	363.488757101657	CRYBG2
ENSG00000082269	-2.40314975369458	2.98163497536946	-45.8840029408364	2.55558732226379e-163	3.55960708850171e-162	363.130739365459	FAM135A
ENSG00000089820	-2.95560541871921	1.34305098522167	-45.849704725784	3.30127418670772e-163	4.5917081962023e-162	362.874585197927	ARHGAP4
ENSG00000010030	-4.41711231527094	1.21119113300492	-45.8029901724735	4.67966972358016e-163	6.49503591890649e-162	362.525491638312	ETV7
ENSG00000107864	-2.76545418719212	0.268203940886699	-45.793733130816	5.01482478618992e-163	6.95526657003004e-162	362.456286026592	CPEB3
ENSG00000188393	-11.8482064039409	-1.78048399014778	-45.7898404095421	5.16284970175378e-163	7.15548999089875e-162	362.42718123	CLEC2A
ENSG00000179178	-9.32207586206896	-1.12785763546798	-45.7870925178976	5.26996977536718e-163	7.2987774167417e-162	362.406634999413	TMEM125
ENSG00000100448	-10.8758068965517	-2.23470098522167	-45.7686121841728	6.05059172677293e-163	8.36214027755281e-162	362.268434236625	CTSG
ENSG00000165905	-10.7616655172414	-0.694452463054188	-45.7234322289609	8.48256228096708e-163	1.17066548089448e-161	361.930407853997	LARGE2
ENSG00000109787	-1.92911871921183	4.72025147783252	-45.7169376638774	8.90486294609537e-163	1.22634835583225e-161	361.881798415114	KLF3
ENSG00000138152	-9.88817980295566	-2.45305246305418	-45.6909949839818	1.08126594394983e-162	1.4880351462442e-161	361.687580439126	BTBD16
ENSG00000108602	-8.47218522167488	0.820356157635467	-45.6690262338155	1.27452700584406e-162	1.75276613287857e-161	361.523054782008	ALDH3A1
ENSG00000116985	-3.3399157635468	-1.4141342364532	-45.6273193187494	1.74178478781534e-162	2.38695359912254e-161	361.210561525604	BMP8B
ENSG00000275395	-5.03465024630542	0.465177339901478	-45.6079443069822	2.01389664132933e-162	2.75213763390614e-161	361.065326774578	FCGBP
ENSG00000205502	-9.27172512315269	-3.79091182266009	-45.5889741604862	2.3215602472376e-162	3.17036550325068e-161	360.92308659078	C2CD4B
ENSG00000090512	-9.86220295566501	-3.41827487684728	-45.5678145408654	2.72062868750348e-162	3.70756804820035e-161	360.764382447847	FETUB
ENSG00000103569	-6.1533512315271	0.972764285714284	-45.5434428236897	3.26620056832108e-162	4.44176002130345e-161	360.581524992132	AQP9
ENSG00000206077	-8.53931625615763	-0.649109852216749	-45.5330940935656	3.52984086575782e-162	4.79695063968285e-161	360.503860045652	ZDHHC11B
ENSG00000170484	-8.99282610837437	-4.93781453201969	-45.5319380205708	3.56058614826543e-162	4.83537001455199e-161	360.495183233979	KRT74
ENSG00000129354	-7.91130098522167	1.26649285714286	-45.5290354382606	3.63896691077169e-162	4.93838134515975e-161	360.473397485404	AP1M2
ENSG00000102879	-3.58340295566503	1.50602167487685	-45.5140546474952	4.07185155830375e-162	5.51817774981775e-161	360.36094214385	CORO1A
ENSG00000185567	-3.22694384236453	6.43876748768473	-45.4917889419257	4.81241501829229e-162	6.5082501237002e-161	360.193755575681	AHNAK2
ENSG00000130649	-3.76527783251232	1.76730197044335	-45.4459579371475	6.78916241055088e-162	9.14361211764199e-161	359.849450888539	CYP2E1
ENSG00000156299	-3.28397438423645	2.36973842364532	-45.4352668416395	7.3568852886632e-162	9.90139478726283e-161	359.769100636455	TIAM1
ENSG00000129595	-4.4669157635468	0.239738669950739	-45.4071816421312	9.08538091769631e-162	1.22193058426443e-160	359.557962312503	EPB41L4A
ENSG00000152207	-7.44406699507388	-5.02426354679801	-45.3989166098781	9.66765802255983e-162	1.29934919585189e-160	359.495810923079	CYSLTR2
ENSG00000101276	-8.30972413793103	-3.74694630541871	-45.3968557684651	9.81857916846316e-162	1.31872628254369e-160	359.48031262447	SLC52A3
ENSG00000188186	-1.8606724137931	7.85127857142857	-45.3547420410792	1.3476236453361e-161	1.80625934685583e-160	359.163498147418	LAMTOR4
ENSG00000255398	-10.6557438423645	-1.80082315270936	-45.345120302362	1.44877138537688e-161	1.94049968560898e-160	359.091087727856	HCAR3
ENSG00000094796	-11.806057635468	-1.32654014778325	-45.2946197005661	2.11857037379244e-161	2.83181273903227e-160	358.710865760333	KRT31
ENSG00000158315	-2.91559753694582	2.28012980295566	-45.2910236309065	2.1767073683568e-161	2.90753351964652e-160	358.68377990647	RHBDL2
ENSG00000073067	-9.83237044334975	-1.48062315270936	-45.2849275385559	2.27893696690042e-161	3.04200725458797e-160	358.637860410483	CYP2W1
ENSG00000168970	-3.30950246305419	2.72748177339902	-45.2796970313435	2.37047742341337e-161	3.16203889476752e-160	358.598457729541	JMJD7-PLA2G4B
ENSG00000167799	-3.04146699507389	3.42338719211822	-45.2648006580812	2.65187772277681e-161	3.53499280071654e-160	358.486223021235	NUDT8
ENSG00000197084	-13.9485344827586	1.22452783251232	-45.2379599711773	3.24609602250568e-161	4.31825789460899e-160	358.283933039532	LCE1C
ENSG00000178947	-4.25485467980295	-1.71274950738916	-45.1878273681859	4.73653474109721e-161	6.28386706792408e-160	357.905883797714	SMIM10L2A
ENSG00000115596	-8.87826748768472	-3.62135443349753	-45.1864565288068	4.78574562572101e-161	6.34484674476526e-160	357.895542377041	WNT6
ENSG00000179583	-3.38339014778325	0.228749261083744	-45.1784033242613	5.08536440108399e-161	6.73293977818315e-160	357.834785890186	CIITA
ENSG00000072518	-2.20659704433497	4.19998669950739	-45.1472621122799	6.43179509243503e-161	8.50982665513645e-160	357.59977638957	MARK2
ENSG00000203883	-6.20525862068966	-0.233923399014778	-45.1228539524043	7.73249217390706e-161	1.02238404643093e-159	357.415502623763	SOX18
ENSG00000174502	-8.34131083743842	-2.41836330049261	-45.1089811581888	8.58607122723531e-161	1.13294398327233e-159	357.310737801795	SLC26A9
ENSG00000120915	-3.24911379310345	3.7234184729064	-45.0809633284797	1.06087768725193e-160	1.39701292212111e-159	357.099086614742	EPHX2
ENSG00000121900	-2.5921078817734	5.63366773399015	-45.0605410070617	1.23781101147624e-160	1.62781310809345e-159	356.944757782209	TMEM54
ENSG00000105492	-7.47231477832511	-5.96406034482756	-45.0186909422643	1.69821841105556e-160	2.23028119548708e-159	356.628356418161	SIGLEC6
ENSG00000197530	-1.90777290640394	5.48495049261084	-44.9605338309018	2.63626232947388e-160	3.44831582614314e-159	356.188342236484	MIB2
ENSG00000111319	-4.58836600985222	3.79605640394089	-44.9414838427469	3.04499670485053e-160	3.97497165038004e-159	356.044128416597	SCNN1A
ENSG00000161921	-2.7494881773399	3.22886477832512	-44.9234707549111	3.48974743562151e-160	4.54947594308976e-159	355.907726785772	CXCL16
ENSG00000131831	-5.37091428571429	0.70258078817734	-44.9211150496728	3.55253302478663e-160	4.62563374783347e-159	355.889885840198	RAI2
ENSG00000164825	-12.0217625615764	1.50037832512316	-44.8999622575823	4.16953605736417e-160	5.42122911729944e-159	355.729657160886	DEFB1
ENSG00000204866	-11.0542266009852	-0.244056650246305	-44.8670410439544	5.35025850678921e-160	6.94715958403154e-159	355.480184841051	IGFL2
ENSG00000186442	-6.74505369458127	-6.3190199507389	-44.8618686292896	5.56407620625638e-160	7.21999848756057e-159	355.440977948131	KRT3
ENSG00000161243	-3.99099408866995	2.57876157635468	-44.8534048997472	5.93257558961162e-160	7.69305853830061e-159	355.376816412967	FBXO27
ENSG00000160223	-4.35331527093596	0.209183251231527	-44.851614547116	6.01360568514711e-160	7.787798694443e-159	355.363243141246	ICOSLG
ENSG00000176920	-3.47540935960591	0.587416995073892	-44.8475127699676	6.20345457788871e-160	8.02833836828485e-159	355.332144817139	FUT2
ENSG00000109684	-6.06986650246304	-6.56406625615762	-44.8229841827251	7.47089350258349e-160	9.65583338806128e-159	355.146137687121	CLNK
ENSG00000184730	-5.29542216748768	-2.11334704433498	-44.7692391068957	1.12301013560569e-159	1.44570909552084e-158	354.73833728765	APOBR
ENSG00000128917	-6.91015714285714	-1.80357660098522	-44.7663420248363	1.14796674211605e-159	1.47686412603238e-158	354.716345929344	DLL4
ENSG00000007402	-3.53426453201971	-0.720222413793103	-44.7534419993935	1.26601461936628e-159	1.62766169024052e-158	354.61841211449	CACNA2D2
ENSG00000091073	-2.05225960591133	4.32959039408867	-44.7487053659066	1.31234907918779e-159	1.6861226630827e-158	354.582448059366	DTX2
ENSG00000122012	-5.60857192118226	-6.66463226600983	-44.7345011260736	1.46173694712765e-159	1.87559182014238e-158	354.474583731889	SV2C
ENSG00000170927	-5.27983596059113	-7.01913719211821	-44.7071650649939	1.7988780785706e-159	2.30515904337224e-158	354.266934894822	PKHD1
ENSG00000196734	-13.0894876847291	-0.292043349753695	-44.6683158363227	2.41634089017152e-159	3.09032288453742e-158	353.971685480826	LCE1B
ENSG00000197943	-4.04077192118227	0.521929310344828	-44.6502850118371	2.77117287089118e-159	3.5394941335265e-158	353.834595612866	PLCG2
ENSG00000198844	-8.11506650246305	-1.67936083743842	-44.6393188710096	3.01204805140846e-159	3.84464030180432e-158	353.751201199774	ARHGEF15
ENSG00000242574	-6.74702857142857	0.358195073891625	-44.6146630572413	3.63303890238394e-159	4.63425889232291e-158	353.5636511494	HLA-DMB
ENSG00000186868	-3.36530935960591	0.575430541871921	-44.6144615664608	3.6386095039538e-159	4.63833704672311e-158	353.562118181483	MAPT
ENSG00000239887	-5.77317931034483	-0.765288669950739	-44.6112775778917	3.72778182739608e-159	4.74891215586534e-158	353.537893376563	C1orf226
ENSG00000184564	-7.93102660098522	-3.00412463054187	-44.6077831446958	3.82817100554254e-159	4.87362330881513e-158	353.511305292863	SLITRK6
ENSG00000131584	-2.39435221674877	5.57596280788177	-44.5965528600959	4.1695090380795e-159	5.30472302227536e-158	353.42584812881	ACAP3
ENSG00000120471	-10.1680729064039	-0.718900492610838	-44.5555957102688	5.69401359404396e-159	7.22548140615631e-158	353.114062912933	TP53AIP1
ENSG00000101096	-5.56614679802955	-1.45053694581281	-44.5214121058683	7.38640768803277e-159	9.36698111872398e-158	352.853696081852	NFATC2
ENSG00000126895	-8.6929620689655	-3.86838940886698	-44.5163948926297	7.67406634942361e-159	9.72546073932789e-158	352.815470277978	AVPR2
ENSG00000120088	-7.97784285714284	-5.10738793103446	-44.4949948526413	9.03255927474831e-159	1.14174821052478e-157	352.652392888238	CRHR1
ENSG00000114013	-8.05422463054186	-4.4916975369458	-44.4898801871802	9.39143605275814e-159	1.18634417157724e-157	352.61340929999	CD86
ENSG00000088387	-2.24742955665025	4.79714581280788	-44.4459770435024	1.31229778520049e-158	1.65344444348085e-157	352.27866119989	DOCK9
ENSG00000168481	-8.16871674876847	-1.73153325123153	-44.4332982614183	1.44547722861623e-158	1.81889993571271e-157	352.181948762714	LGI3
ENSG00000110046	-1.97902019704433	3.86808990147783	-44.4329910853057	1.44886659016901e-158	1.82199169273377e-157	352.179605429382	ATG2A
ENSG00000277494	-8.8189448275862	-2.48309704433497	-44.4167944801711	1.63932973305809e-158	2.06017888382129e-157	352.05603236916	GPIHBP1
ENSG00000184060	-5.03162315270936	0.171622906403941	-44.3073953865328	3.77831263367534e-158	4.72700291211803e-157	351.220586520016	ADAP2
ENSG00000006704	-1.73689064039409	3.96270640394088	-44.3005609626999	3.98081379145368e-158	4.9771633469346e-157	351.168349180733	GTF2IRD1
ENSG00000146083	-1.90985172413793	4.29058891625616	-44.2949685660718	4.154578588095e-158	5.18778113537077e-157	351.125601046938	RNF44
ENSG00000104783	-5.04803497536946	1.70941009852217	-44.2912233990047	4.27517598045314e-158	5.33496098403673e-157	351.096971103615	KCNN4
ENSG00000213906	-3.7939236453202	3.12974359605911	-44.2765956421407	4.78076792796172e-158	5.96207829280332e-157	350.985133912963	LTB4R2
ENSG00000138271	-8.94319408866995	0.642847783251232	-44.1281343088883	1.48859695382807e-157	1.83998492547174e-156	349.848690705687	GPR87
ENSG00000172236	-10.113066502463	0.657314039408866	-44.0940883333804	1.93219865386926e-157	2.38528276019666e-156	349.587721919862	TPSAB1
ENSG00000125895	-6.10762906403941	-0.296798768472906	-44.0930573423187	1.94752430351969e-157	2.40268433960743e-156	349.579817121423	TMEM74B
ENSG00000276409	-8.29649852216749	1.6712354679803	-44.0857181104729	2.06019898845187e-157	2.54008887270198e-156	349.52354238071	CCL14
ENSG00000165794	-10.1702763546798	-0.0115091133004934	-44.0369908842667	2.99329523961373e-157	3.67200097756004e-156	349.149762928294	SLC39A2
ENSG00000167113	-1.09744926108374	5.42245172413793	-44.0321889198588	3.10559160880772e-157	3.80736958715938e-156	349.11291311298	COQ4
ENSG00000162777	-2.55728669950739	3.05490492610837	-44.0183152483471	3.45431821359405e-157	4.23224366959592e-156	349.006433116665	DENND2D
ENSG00000070388	-6.22882413793104	0.332322906403941	-43.9855233034836	4.44264336534802e-157	5.43632665282599e-156	348.754668710461	FGF22
ENSG00000162511	-4.02396157635468	1.49766995073892	-43.9846436906604	4.47273833553918e-157	5.46972794449979e-156	348.747913679809	LAPTM5
ENSG00000151468	-5.5722724137931	2.92653325123152	-43.8943743637524	8.94693831671245e-157	1.0893524522442e-155	348.054216264987	CCDC3
ENSG00000166126	-6.92904187192118	-0.571777586206897	-43.8161221564863	1.63311840374277e-156	1.98349284312873e-155	347.452114049457	AMN
ENSG00000163235	-7.81382610837438	-0.630212068965517	-43.8159874702856	1.63481176121102e-156	1.98431623835936e-155	347.451077118905	TGFA
ENSG00000166265	-5.91209753694581	-1.23548177339902	-43.8006274949143	1.83993314610988e-156	2.23051945045157e-155	347.332809161723	CYYR1
ENSG00000136826	-4.3220630541872	6.37056551724138	-43.7753520252125	2.2351166269062e-156	2.70456031721368e-155	347.138135605637	KLF4
ENSG00000215845	-6.32251477832512	3.0541697044335	-43.7390905941997	2.95515819091018e-156	3.56920280387928e-155	346.858719594095	TSTD1
ENSG00000010438	-4.43714827586207	4.04547167487685	-43.6989185820033	4.02732686162757e-156	4.85814947715592e-155	346.548994311552	PRSS3
ENSG00000134755	-6.47408325123152	-0.660185960591133	-43.6708070165774	5.00196051570471e-156	6.02640643636877e-155	346.332144759076	DSC2
ENSG00000187605	-2.80307931034483	2.41385443349754	-43.5715326717055	1.07608314746694e-155	1.29169636780091e-154	345.565627671676	TET3
ENSG00000166634	-10.5615221674877	-0.750773399014778	-43.5576284895305	1.1980725333458e-155	1.43724576099716e-154	345.458180332593	SERPINB12
ENSG00000185133	-4.4663921182266	-0.273460591133005	-43.5437510501766	1.33364515620884e-155	1.59890145046829e-154	345.350917498926	INPP5J
ENSG00000069812	-7.58146650246305	-0.0716874384236454	-43.5334222088343	1.4444368803094e-155	1.73066741355035e-154	345.271068458201	HES2
ENSG00000185664	-5.32110492610837	2.32409630541872	-43.5158278903266	1.6548105667732e-155	1.9803005570044e-154	345.135024041866	PMEL
ENSG00000186207	-13.0271906403941	-1.50609039408867	-43.4937817688717	1.96227934731111e-155	2.34680924144148e-154	344.964506726238	LCE5A
ENSG00000132561	-3.79512807881774	2.85156256157636	-43.4600100232364	2.54791693943798e-155	3.03976757206941e-154	344.703188274484	MATN2
ENSG00000187140	-7.23606256157634	-5.10755541871919	-43.4392363631911	2.99214823914305e-155	3.56322735462117e-154	344.542380975749	FOXD3
ENSG00000161944	-9.59149310344827	-2.72828004926108	-43.4377193729502	3.02747743945824e-155	3.60310378330651e-154	344.530636124538	ASGR2
ENSG00000113430	-9.63816650246304	-0.6684	-43.4364399218023	3.05759929749165e-155	3.63452588026654e-154	344.520730143935	IRX4
ENSG00000103089	-9.33524137931034	-2.38201674876847	-43.4118722959893	3.69791608138376e-155	4.3903205384205e-154	344.330481993286	FA2H
ENSG00000131969	-6.96646600985222	0.95834778325123	-43.4068636389422	3.84410995049206e-155	4.55834931143907e-154	344.291687142701	ABHD12B
ENSG00000168539	-8.51504778325123	-3.37139433497536	-43.4051624742013	3.89507012689482e-155	4.6159769811873e-154	344.278510012578	CHRM1
ENSG00000159023	-2.99672118226601	2.50453793103448	-43.3857394215259	4.52717937776915e-155	5.35533531479206e-154	344.128036455381	EPB41
ENSG00000186994	-5.00758325123153	-0.352214778325123	-43.3698098056543	5.12161668966466e-155	6.05484775253641e-154	344.004594667457	KANK3
ENSG00000175785	-6.50756699507388	-2.04802684729064	-43.358618965316	5.58541077769162e-155	6.59118945758754e-154	343.917857105674	PRIMA1
ENSG00000269855	-9.57776108374383	-3.19753817733989	-43.3478327515474	6.07222491054566e-155	7.16134092950412e-154	343.834242040933	RNF225
ENSG00000095917	-9.66453596059112	-4.16481674876846	-43.3402937182774	6.43751324820319e-155	7.58756838940813e-154	343.775791253297	TPSD1
ENSG00000125149	-1.41164679802956	4.01626674876848	-43.2818464266272	1.01274670954164e-154	1.19223471071462e-153	343.322421757096	PHAF1
ENSG00000185924	-5.62865862068965	0.291182512315271	-43.2276454630083	1.54219596918395e-154	1.81006568347104e-153	342.901638090759	RTN4RL1
ENSG00000129667	-2.4106881773399	3.96895837438424	-43.2172302679151	1.67206076921585e-154	1.96130921680769e-153	342.820741903749	RHBDF2
ENSG00000160190	-2.42227142857143	1.42279630541872	-43.2020393358081	1.88137174785182e-154	2.20550490081105e-153	342.702729458695	SLC37A1
ENSG00000196754	-4.91180640394088	5.37776034482759	-43.201778797821	1.88518176952097e-154	2.20864641126972e-153	342.700705207668	S100A2
ENSG00000137642	-5.12674729064039	-1.09142931034483	-43.1895579336144	2.07285784870494e-154	2.42706938762085e-153	342.605746331296	SORL1
ENSG00000114993	-1.59024532019705	4.14405812807881	-43.1762391197865	2.29877938928425e-154	2.68998483984388e-153	342.502236469456	RTKN
ENSG00000143674	-3.32525221674877	-0.484670935960591	-43.149272379659	2.83458999319732e-154	3.31499447319342e-153	342.292596146517	MAP3K21
ENSG00000138722	-7.43972266009851	-1.84527413793103	-43.1441026546514	2.95079094239249e-154	3.44882515527716e-153	342.252396922951	MMRN1
ENSG00000197641	-8.52363004926108	-0.966389408866996	-43.1439607155139	2.95404777905546e-154	3.450567943712e-153	342.251293175915	SERPINB13
ENSG00000130560	-1.4230290640394	5.3245381773399	-43.1247091817619	3.43087382094599e-154	4.00514553219394e-153	342.101567803883	UBAC1
ENSG00000139835	-2.90000640394089	3.06591650246306	-43.1236407704313	3.45948870596254e-154	4.03613900250269e-153	342.093257168663	GRTP1
ENSG00000100092	-2.05099852216749	4.0051027093596	-43.1151981706669	3.69417820846592e-154	4.30480802324633e-153	342.027581776422	SH3BP1
ENSG00000188322	-6.57869162561576	-3.6803408866995	-43.1094990275515	3.86155899530643e-154	4.49449588363777e-153	341.983243200342	SBK1
ENSG00000130545	-10.3065290640394	0.0980970443349752	-43.109293603898	3.86773203859634e-154	4.4990011606101e-153	341.981644961391	CRB3
ENSG00000101331	-8.62957635467979	-3.153460591133	-43.0757247915299	5.02163059442574e-154	5.83082026596957e-153	341.72040693034	CCM2L
ENSG00000088726	-10.1467064039409	1.0118802955665	-43.0340616842466	6.94468659258618e-154	8.04941075873779e-153	341.395996174049	TMEM40
ENSG00000186529	-7.4091566502463	-2.13931576354679	-43.0044335928943	8.74659695251093e-154	1.01259477278417e-152	341.165173909893	CYP4F3
ENSG00000185640	-11.4322571428571	-2.41234384236453	-42.9862288839776	1.00790511716052e-153	1.16409466900419e-152	341.023296785518	KRT79
ENSG00000143110	-3.44800443349754	0.691420443349754	-42.9313508543024	1.54580531713471e-153	1.77904166710522e-152	340.59537597215	C1orf162
ENSG00000136457	-3.9850157635468	0.23876551724138	-42.9166831832045	1.73309876339204e-153	1.99224800201219e-152	340.480943078767	CHAD
ENSG00000166348	-2.36993399014779	3.39685369458129	-42.9153953461275	1.75059134848954e-153	2.01117320001074e-152	340.470894555967	USP54
ENSG00000103319	-2.4555197044335	4.24330812807882	-42.8996594335832	1.97917271707678e-153	2.27244378596442e-152	340.348097411091	EEF2K
ENSG00000169035	-8.64750591133005	3.12460123152709	-42.8784792251543	2.33476194598149e-153	2.67757734438793e-152	340.182769599568	KLK7
ENSG00000188100	-13.2324118226601	0.304102955665025	-42.871710686433	2.46138355976622e-153	2.82113533870683e-152	340.129924957061	FAM25A
ENSG00000066056	-5.16452167487685	0.0100721674876849	-42.8702030584736	2.49051143603992e-153	2.85284727333483e-152	340.118153587698	TIE1
ENSG00000169469	-8.73699655172414	4.36885640394089	-42.8692282175618	2.50952928645894e-153	2.87294793883893e-152	340.11054201188	SPRR1B
ENSG00000063180	-3.45118866995074	2.51982536945813	-42.8633671351232	2.62697801859886e-153	3.00564428802452e-152	340.064776243093	CA11
ENSG00000204301	-3.48038719211823	0.914720197044333	-42.8405220869407	3.13977536874849e-153	3.59025689035008e-152	339.886354480521	NOTCH4
ENSG00000135373	-7.0224236453202	0.81393103448276	-42.8325780407018	3.34067450604352e-153	3.8177462688364e-152	339.824296583047	EHF
ENSG00000197253	-11.0288921182266	-0.0411376847290637	-42.820599250522	3.66822714065119e-153	4.18962564480454e-152	339.730705888677	TPSB2
ENSG00000177169	-2.07647980295566	4.68735270935961	-42.8063376685055	4.10042652962171e-153	4.67778956461573e-152	339.619257893475	ULK1
ENSG00000066735	-6.53682019704433	-2.60174704433497	-42.7783030246888	5.1044339445961e-153	5.81298648865367e-152	339.400110472252	KIF26A
ENSG00000090661	-4.57944679802956	3.4617145320197	-42.7640270708053	5.70689143560767e-153	6.49528668809814e-152	339.288479869799	CERS4
ENSG00000215045	-6.65974285714285	-5.23202216748767	-42.7167388430505	8.25976046325525e-153	9.395357332534e-152	338.918540752508	GRID2IP
ENSG00000095777	-7.01861625615762	-5.81700221674875	-42.679438062958	1.10586583963177e-152	1.25280175293241e-151	338.626550285667	MYO3A
ENSG00000050767	-8.51758128078817	-1.70686699507389	-42.6739375009046	1.15450913623482e-152	1.30715049480306e-151	338.583478166801	COL23A1
ENSG00000130592	-4.66537142857143	4.31537487684729	-42.6329421047266	1.59139458036156e-152	1.79867165352375e-151	338.262352786478	LSP1
ENSG00000131771	-7.70571724137931	0.895823645320197	-42.6202344637304	1.7579232683387e-152	1.98459483014875e-151	338.162771402992	PPP1R1B
ENSG00000066248	-7.95831428571428	0.0604098522167491	-42.6116721201017	1.87986780543023e-152	2.12103791303219e-151	338.095663346375	NGEF
ENSG00000134716	-6.27883842364532	-0.033048275862069	-42.5834697635987	2.34472743355321e-152	2.64248347788333e-151	337.87456458186	CYP2J2
ENSG00000188676	-7.14280837438422	-5.81268743842363	-42.5200398962049	3.8554430947974e-152	4.33504424387404e-151	337.37695228384	IDO2
ENSG00000132471	-1.43953891625616	6.47173103448276	-42.505317845167	4.3274570799866e-152	4.86018196879874e-151	337.261389396098	WBP2
ENSG00000105549	-7.78518620689654	-5.06257142857141	-42.4731677362044	5.56938633689567e-152	6.24065067635408e-151	337.008934305924	SPMAP2
ENSG00000136943	-5.56991231527094	2.14500541871921	-42.4682696777436	5.78769444445562e-152	6.47784220123435e-151	336.970462242438	CTSV
ENSG00000143772	-2.65356748768473	2.58181379310345	-42.4469131806269	6.8442751588779e-152	7.65602891555764e-151	336.802683681335	ITPKB
ENSG00000175591	-7.74122561576354	-1.81371921182266	-42.4392397079029	7.26939538032247e-152	8.12691787884792e-151	336.742387153949	P2RY2
ENSG00000128422	-6.21685369458129	5.72560073891626	-42.4379158299782	7.3453713413746e-152	8.20716104935062e-151	336.731983703768	KRT17
ENSG00000115461	-5.44463497536946	3.1798697044335	-42.4347538432085	7.53006940660474e-152	8.40872093393542e-151	336.707134984439	IGFBP5
ENSG00000140955	-9.0019566502463	-3.20254137931034	-42.4282635152476	7.92388990486802e-152	8.83839363703943e-151	336.656126569502	ADAD2
ENSG00000164120	-7.12743300492611	1.44486379310345	-42.425892945958	8.0728209945794e-152	8.99937637627329e-151	336.637494697038	HPGD
ENSG00000125457	-1.63193990147784	4.10627733990148	-42.4145774987222	8.82328754844033e-152	9.82476839154535e-151	336.548550044022	MIF4GD
ENSG00000114115	-4.83830492610837	1.88682093596059	-42.3887632282701	1.08075127332238e-151	1.20136754171023e-150	336.345581802435	RBP1
ENSG00000111275	-2.47819852216749	6.28699532019705	-42.3765219523818	1.18990664660143e-151	1.32195313745794e-150	336.249305805593	ALDH2
ENSG00000181790	-5.80081379310345	-0.833216748768474	-42.3746524235647	1.20752305631699e-151	1.34076224809924e-150	336.234600666082	ADGRB1
ENSG00000158246	-3.76221231527094	4.75894556650247	-42.3317797885156	1.69165047928006e-151	1.87404952755618e-150	335.897265271839	TENT5B
ENSG00000204642	-3.35410689655172	4.48610418719211	-42.3080402799318	2.0390322114743e-151	2.25505192284272e-150	335.710382636993	HLA-F
ENSG00000168010	-2.45430197044335	5.04601403940887	-42.2987721781168	2.19330600647497e-151	2.42155852986067e-150	335.637404158908	ATG16L2
ENSG00000213420	-3.24147536945813	1.68447512315271	-42.2698190715441	2.75472967973978e-151	3.03797558699067e-150	335.409357963628	GPC2
ENSG00000159516	-13.782854679803	0.29526921182266	-42.209169155506	4.44177370458507e-151	4.8874516742681e-150	334.931336093036	SPRR2G
ENSG00000169220	-2.97710344827586	3.46751034482759	-42.1932692416186	5.03476794812129e-151	5.53371401812071e-150	334.80594693483	RGS14
ENSG00000092009	-9.75024482758619	-3.34000862068964	-42.1650068857382	6.29142558973043e-151	6.90325878015227e-150	334.58299232255	CMA1
ENSG00000136237	-3.5655921182266	0.924953201970441	-42.1494052810759	7.1151818495317e-151	7.80274319324065e-150	334.459874964592	RAPGEF5
ENSG00000139547	-4.35823103448276	-0.710366256157635	-42.1346465391409	7.99369324905217e-151	8.76123126601107e-150	334.343382565866	RDH16
ENSG00000171243	-9.0655369458128	-1.62079261083744	-42.1003348724	1.04794278517526e-150	1.14535223198518e-149	334.072457718504	SOSTDC1
ENSG00000165548	-9.01276896551724	-2.35602290640394	-42.0959859748517	1.08454116065689e-150	1.18468995872314e-149	334.038108941118	TMEM63C
ENSG00000180071	-8.66523793103448	-3.48842339901477	-42.0584669159361	1.45849615963542e-150	1.58785136220587e-149	333.74168074071	ANKRD18A
ENSG00000134504	-2.18146256157635	4.08992438423646	-42.0362839285427	1.73783415156584e-150	1.88785203545794e-149	333.566340828546	KCTD1
ENSG00000144596	-7.17259458128079	-3.04635	-42.0175360790951	2.01532942600566e-150	2.18676111288187e-149	333.418107913725	GRIP2
ENSG00000108523	-1.11860197044335	6.46786256157635	-42.0172162029308	2.02043058048465e-150	2.19107960065655e-149	333.41557840159	RNF167
ENSG00000095370	-5.69065812807882	-0.631549753694581	-41.967509554848	2.9930354617903e-150	3.23864335516645e-149	333.022362340641	SH2D3C
ENSG00000186684	-4.44575369458128	-0.867485221674877	-41.9663067405179	3.02164398322311e-150	3.26779007859137e-149	333.012843587038	CYP27C1
ENSG00000197892	-2.50244334975369	2.70886699507389	-41.9351196166185	3.86714767803705e-150	4.17754560111664e-149	332.765977389102	KIF13B
ENSG00000107485	-8.89602463054187	2.91718177339901	-41.9150369857202	4.53329099206291e-150	4.89174889933149e-149	332.606949678629	GATA3
ENSG00000062038	-7.11982118226601	1.01053965517241	-41.9127536850806	4.61596466194895e-150	4.97821089535356e-149	332.58886596299	CDH3
ENSG00000014257	-4.94413497536946	1.2172275862069	-41.868694151381	6.54289532397933e-150	7.03307263042926e-149	332.239794429303	ACP3
ENSG00000129993	-6.85714137931034	-1.47930665024631	-41.8237794152825	9.33943332021786e-150	1.00280882386647e-148	331.88371137976	CBFA2T3
ENSG00000130762	-7.33085862068965	-0.885657389162562	-41.8145461471286	1.00485821285586e-149	1.0777683422409e-148	331.810480692962	ARHGEF16
ENSG00000196218	-6.14066699507389	-0.0626985221674879	-41.8021489763519	1.10863150666571e-149	1.18841891954259e-148	331.712140685436	RYR1
ENSG00000156521	-1.69865714285714	3.49635960591133	-41.7824139390168	1.296431452295e-149	1.38897277635685e-148	331.555555891817	TYSND1
ENSG00000122679	-7.97078571428571	-0.354677093596059	-41.7776910791275	1.34591248319024e-149	1.44040644832988e-148	331.518076215083	RAMP3
ENSG00000100033	-6.94334827586207	2.95320172413793	-41.7638222447451	1.50242493906564e-149	1.60614814875387e-148	331.408000656252	PRODH
ENSG00000157557	-3.20538719211823	5.75951625615764	-41.7355824015996	1.87977169137261e-149	2.00078967281065e-148	331.183793494421	ETS2
ENSG00000175857	-7.05268275862067	-5.7354226600985	-41.6905400392108	2.68783289155633e-149	2.85620611021173e-148	330.825989236515	GAPT
ENSG00000153902	-4.25213349753695	1.85911108374384	-41.6601118237987	3.42272226396923e-149	3.63317971116169e-148	330.584139821218	LGI4
ENSG00000066294	-7.18428522167487	-4.51505049261082	-41.6579610594683	3.48171351807312e-149	3.69379183334337e-148	330.567040975029	CD84
ENSG00000197565	-4.39682906403941	0.277108620689656	-41.6482141530047	3.76208361530812e-149	3.98907422736578e-148	330.489544976306	COL4A6
ENSG00000267748	-9.28732364532018	-4.5478120689655	-41.634360459338	4.19995156397252e-149	4.44131241683718e-148	330.379377238275	
ENSG00000166165	-3.99977487684729	5.62531157635468	-41.6140639297947	4.93531962557207e-149	5.21611769188369e-148	330.217933521542	CKB
ENSG00000114378	-3.94737536945813	2.12439852216749	-41.567735915473	7.13404341098213e-149	7.53179234669977e-148	329.849245821379	HYAL1
ENSG00000186844	-13.9083384236453	-0.290610098522168	-41.505153830098	1.17401661445255e-148	1.23679960537098e-147	329.350800610586	LCE1A
ENSG00000196557	-6.27863596059114	0.80092290640394	-41.4982545464837	1.24032798230248e-148	1.30524983468794e-147	329.295821689157	CACNA1H
ENSG00000078295	-7.3509251231527	-0.809382758620689	-41.4650477126352	1.61592826126212e-148	1.6959436134041e-147	329.031124414295	ADCY2
ENSG00000165646	-7.6240527093596	-3.26040221674876	-41.4385864453752	1.99531127697208e-148	2.09074385922726e-147	328.820103394584	SLC18A2
ENSG00000072694	-8.33591182266009	-2.64619384236453	-41.4102501740027	2.50108849505798e-148	2.61790419766594e-147	328.594037473519	FCGR2B
ENSG00000177519	-7.88048768472905	-4.64354334975368	-41.4080668544708	2.54501784708762e-148	2.66245924881083e-147	328.576615054748	RPRM
ENSG00000244474	-7.56835221674875	-5.39728645320195	-41.4030644210099	2.64860585758144e-148	2.76786393951104e-147	328.536694577837	UGT1A4
ENSG00000135604	-3.74086600985222	0.752310344827586	-41.3846840491378	3.06683874902345e-148	3.20321554427666e-147	328.389989766334	STX11
ENSG00000116819	-2.94589458128079	0.726036453201971	-41.3627736122047	3.65271862890844e-148	3.81107461004425e-147	328.215056874539	TFAP2E
ENSG00000102891	-13.8005896551724	-2.40021995073891	-41.3270249106347	4.85900993259853e-148	5.04810059026265e-147	327.929516658329	MT4
ENSG00000276644	-7.45419507389162	-4.29092463054186	-41.316149030597	5.29986431699679e-148	5.50318536040124e-147	327.842616157348	DACH1
ENSG00000100311	-5.94103694581281	-0.0789460591133006	-41.3038084927318	5.84882279021046e-148	6.06997848997837e-147	327.743995684152	PDGFB
ENSG00000186732	-7.11334137931033	-5.41693325123151	-41.3008329005087	5.98950063246696e-148	6.21267629297608e-147	327.720213268468	MPPED1
ENSG00000187223	-13.2254896551724	-0.766960098522168	-41.2914915821184	6.45354081788817e-148	6.69045595030083e-147	327.645545945759	LCE2D
ENSG00000182985	-5.1091354679803	0.0738431034482761	-41.2907916625142	6.48972724827771e-148	6.72440349341691e-147	327.639950907607	CADM1
ENSG00000280165	-6.88603399014778	-4.45009236453201	-41.2584397805337	8.4042598457659e-148	8.68973787862208e-147	327.381271777349	PCDH20
ENSG00000131187	-4.52526108374384	1.00897536945813	-41.230645585314	1.04953955071486e-147	1.08347078183148e-146	327.158935385119	F12
ENSG00000133561	-7.07047438423645	-1.93973078817734	-41.2301791288365	1.05346145816319e-147	1.08694529120513e-146	327.155203235763	GIMAP6
ENSG00000103811	-3.57832709359606	4.8734487684729	-41.2263094732681	1.08656837471292e-147	1.11992189760759e-146	327.124240863511	CTSH
ENSG00000185052	-4.23877783251232	0.365643103448276	-41.2196093678125	1.14637522174955e-147	1.18094172817237e-146	327.07062691978	SLC24A3
ENSG00000060709	-7.1410763546798	-3.07433669950738	-41.215753477215	1.18227771101315e-147	1.21728509107581e-146	327.03976982934	RIMBP2
ENSG00000115339	-3.18790344827586	1.37535960591133	-41.1918241935215	1.43169516248587e-147	1.47253615080521e-146	326.848234068893	GALNT3
ENSG00000158321	-2.54252857142857	3.49311354679802	-41.1620055258123	1.81753567661826e-147	1.86545599750389e-146	326.609462667293	AUTS2
ENSG00000145103	-7.78981527093595	-4.10720911330048	-41.1302749276374	2.34320671019378e-147	2.39868756053467e-146	326.35526505269	ILDR1
ENSG00000007866	-1.40969802955665	4.83779679802956	-41.0884280802539	3.27636476769537e-147	3.34517869855292e-146	326.019841150062	TEAD3
ENSG00000125571	-12.0652862068965	-0.649670197044335	-41.0827315339938	3.42939144949174e-147	3.49593989076514e-146	325.974164241792	IL37
ENSG00000158014	-7.60976847290639	-4.50721871921181	-41.0685657313266	3.84169966629074e-147	3.90809447572377e-146	325.860561053732	SLC30A2
ENSG00000129219	-1.69846699507389	4.78343694581281	-41.0619376820358	4.05132391886106e-147	4.11919729564947e-146	325.807398928677	PLD2
ENSG00000188373	-11.002718226601	-1.23786206896552	-41.0605080890825	4.0980189647906e-147	4.16450788403214e-146	325.795931789864	GPR15LG
ENSG00000101210	-4.87629408866995	1.12301354679803	-40.9799912807438	7.81729950456455e-147	7.90712561688408e-146	325.149691019578	EEF1A2
ENSG00000067840	-4.04375615763547	-0.0355603448275863	-40.9783283614523	7.92233356844083e-147	8.0092210343751e-146	325.136335991625	PDZD4
ENSG00000269313	-2.34360837438424	0.423800246305419	-40.9533348879661	9.68253728523181e-147	9.76347490340557e-146	324.935571695589	MAGIX
ENSG00000121104	-2.35495665024631	2.8734487684729	-40.9496543811922	9.97294579470608e-147	1.00459436453684e-145	324.90600108857	FAM117A
ENSG00000223572	-9.86289458128078	0.122294581280788	-40.9407122822286	1.07153989324673e-146	1.0782715032867e-145	324.834150071043	CKMT1A
ENSG00000174514	-4.0462315270936	0.180442857142858	-40.9272877849397	1.19352918082631e-146	1.19979152529361e-145	324.726264383207	MFSD4A
ENSG00000177685	-5.31649753694581	1.64465812807882	-40.9112848406885	1.35726169340278e-146	1.36228084296236e-145	324.597628868886	CRACR2B
ENSG00000120094	-6.52817733990146	-6.34335615763545	-40.9005968484722	1.47896846870632e-146	1.48291440818158e-145	324.511699136058	HOXB1
ENSG00000158457	-5.13271133004926	0.501911822660099	-40.8937545759307	1.56256418632642e-146	1.56592970918927e-145	324.456681185768	TSPAN33
ENSG00000174808	-8.59690935960591	-1.54361428571429	-40.8796161622665	1.75060204956446e-146	1.75078123094108e-145	324.342978011823	BTC
ENSG00000130396	-2.13587684729064	4.86821871921182	-40.8316099551135	2.57530490521633e-146	2.57030686709589e-145	323.956726387143	AFDN
ENSG00000169403	-5.42434581280787	-1.85305763546798	-40.7226558137463	6.19083261459279e-146	6.13495187395397e-145	323.079070289725	PTAFR
ENSG00000121671	-2.5494157635468	4.3380315270936	-40.6955393798849	7.70279362508921e-146	7.62553156137251e-145	322.860418401433	CRY2
ENSG00000146192	-7.41265911330049	-1.88767290640394	-40.6857416693254	8.33578795587579e-146	8.247998391581e-145	322.781393376899	FGD2
ENSG00000075651	-2.66856206896552	3.35626083743843	-40.6837808399634	8.4685965716827e-146	8.37093142153887e-145	322.765576604664	PLD1
ENSG00000175662	-1.83583990147783	4.91716379310345	-40.6749621741213	9.09259230792111e-146	8.98318700108162e-145	322.694436286143	TOM1L2
ENSG00000213203	-6.73687980295566	-2.93770541871921	-40.6294799934151	1.31218817026276e-145	1.29574437712354e-144	322.327382420224	GIMAP1
ENSG00000135636	-4.2776921182266	-0.806655418719212	-40.6169156667359	1.45219060896204e-145	1.43254461788673e-144	322.225940972538	DYSF
ENSG00000136878	-1.33069261083744	3.88859310344828	-40.6127186582913	1.50221632750608e-145	1.48039896480705e-144	322.192051074658	USP20
ENSG00000125845	-4.80956059113301	0.553414778325124	-40.5994613117685	1.67186137147379e-145	1.64509138576741e-144	322.084987074649	BMP2
ENSG00000114270	-3.31729458128079	5.81897586206897	-40.5945218679028	1.73986539359899e-145	1.71114491805292e-144	322.045091589589	COL7A1
ENSG00000167754	-8.16163793103448	3.27152339901478	-40.5833455690166	1.90414158125657e-145	1.87082628360562e-144	321.954810703539	KLK5
ENSG00000128510	-3.99849704433498	3.17869630541872	-40.5679425983006	2.15631405906111e-145	2.11539605131387e-144	321.830362613221	CPA4
ENSG00000167106	-1.88967192118227	4.422539408867	-40.5662184415349	2.18654688078561e-145	2.1439788833072e-144	321.816430535946	EEIG1
ENSG00000100368	-7.17480295566502	-2.76182561576354	-40.5402992381502	2.69574338481383e-145	2.63532852556437e-144	321.606946875111	CSF2RB
ENSG00000166501	-6.30445221674876	-1.77499310344828	-40.5392226348919	2.71929191039565e-145	2.65702012564759e-144	321.598243825162	PRKCB
ENSG00000151650	-7.09869753694581	-4.7889660098522	-40.5280761929861	2.97554747665532e-145	2.90595446220881e-144	321.508129971442	VENTX
ENSG00000074855	-2.25162512315271	2.98887463054188	-40.5171445991067	3.25035179225633e-145	3.17274599022343e-144	321.419738538246	ANO8
ENSG00000125398	-5.00320591133005	1.02487093596059	-40.5113472841036	3.40626219902008e-145	3.32327388383676e-144	321.372856371923	SOX9
ENSG00000174788	-9.78049064039408	-3.01165221674876	-40.5084735470795	3.48630285541725e-145	3.39966718565688e-144	321.349615317402	PCP2
ENSG00000177938	-8.11687536945812	-4.50961748768471	-40.5036345710733	3.62536102411338e-145	3.53350649043509e-144	321.310478346414	CAPZA3
ENSG00000140274	-8.13111970443349	-4.01831650246304	-40.5023194919102	3.66410377878086e-145	3.5694873402261e-144	321.29984168012	DUOXA2
ENSG00000172375	-1.86232315270936	3.22897881773399	-40.4979406754177	3.7961204318951e-145	3.69625239063747e-144	321.264423292124	C2CD2L
ENSG00000146826	-1.68454039408867	4.34698448275862	-40.4967293730639	3.83347416721505e-145	3.73076455058349e-144	321.2546251738	TRAPPC14
ENSG00000171126	-5.57671477832512	-6.70585295566501	-40.4926953687116	3.9605491317888e-145	3.85251623361955e-144	321.221993192831	KCNG3
ENSG00000108578	-2.45785517241379	5.67653448275862	-40.4566213441365	5.30205692447719e-145	5.14462742890434e-144	320.93009504237	BLMH
ENSG00000105514	-2.07079310344827	3.75971330049261	-40.4509096889011	5.55276735276901e-145	5.38254859165734e-144	320.883863986643	RAB3D
ENSG00000172116	-7.97009113300492	-4.56677561576353	-40.4479830283813	5.68579923620873e-145	5.50876988963763e-144	320.860173602636	CD8B
ENSG00000149300	-2.65770246305419	1.82545960591133	-40.4439899727909	5.87246964639868e-145	5.68680881218647e-144	320.827849425565	C11orf52
ENSG00000173848	-2.09295615763547	3.90767216748768	-40.4372883914861	6.19966305333898e-145	6.00068426886331e-144	320.773595148105	NET1
ENSG00000184860	-7.41748325123152	-0.454950492610837	-40.4149087061517	7.43054136583214e-145	7.18494009753051e-144	320.592375751761	SDR42E1
ENSG00000171045	-1.95768571428572	3.8198724137931	-40.3642115761237	1.12018564773099e-144	1.07942149546149e-143	320.181632625369	TSNARE1
ENSG00000233493	-5.39607339901478	-0.271864778325123	-40.3294634888597	1.48441232859773e-144	1.42757803767012e-143	319.899927980022	TMEM238
ENSG00000050628	-5.27602019704434	0.536816009852217	-40.32685129768	1.51617159521084e-144	1.45740409806248e-143	319.878744914457	PTGER3
ENSG00000152766	-9.99528472906403	-0.225713793103448	-40.3149101950279	1.67024627625915e-144	1.60392888111333e-143	319.781900334455	ANKRD22
ENSG00000163354	-5.78335467980296	0.320890640394089	-40.3116800919299	1.71455576661626e-144	1.6448624836139e-143	319.755700635295	DCST2
ENSG00000131471	-3.98975566502463	1.42086059113301	-40.2943817108461	1.97268306396702e-144	1.89156881432991e-143	319.615370246863	AOC3
ENSG00000187479	-5.22963201970444	2.39017906403941	-40.2857917444522	2.11498584515326e-144	2.02702566875846e-143	319.545672073358	C11orf96
ENSG00000069122	-5.40462758620689	-0.796434975369459	-40.2679526675634	2.44422581284272e-144	2.33798633551505e-143	319.400899023938	ADGRF5
ENSG00000243284	-7.05575024630542	-0.284385467980296	-40.2529152776072	2.76133986499954e-144	2.63744397076349e-143	319.278833209947	VSIG8
ENSG00000173064	-1.36789852216748	3.83274778325123	-40.2472233021256	2.89185469889913e-144	2.75805878603645e-143	319.232621546969	HECTD4
ENSG00000066336	-5.8714039408867	0.0375551724137931	-40.2261901702496	3.430084875925e-144	3.26979115343055e-143	319.061825079351	SPI1
ENSG00000182938	-8.49590246305417	-5.20899408866993	-40.22013085389	3.60300113821275e-144	3.43295213276224e-143	319.012611368625	OTOP3
ENSG00000145916	-1.54829901477832	4.34285246305419	-40.2187993913485	3.6421527828083e-144	3.46856479930019e-143	319.001796647646	RMND5B
ENSG00000154429	-2.15476896551724	2.05688103448276	-40.2186873387136	3.64546706956096e-144	3.47003007663713e-143	319.000886497371	CCSAP
ENSG00000188001	-4.18611083743843	2.90881699507389	-40.2158386360085	3.73074825837025e-144	3.54947821154194e-143	318.977747330085	TPRG1
ENSG00000196878	-3.14337093596059	3.70159088669951	-40.2124787621096	3.83390485280021e-144	3.64584762206432e-143	318.950454810062	LAMB3
ENSG00000100290	-8.87751822660097	-2.95012955665024	-40.1820128103688	4.90995387348524e-144	4.65778245609944e-143	318.702915194875	BIK
ENSG00000167107	-1.89511330049261	5.05068078817733	-40.1595054738587	5.89493793626021e-144	5.58946516983974e-143	318.519968223085	ACSF2
ENSG00000014216	-1.17777241379311	6.72570295566502	-40.1555241444496	6.08873979016238e-144	5.77042448978435e-143	318.487600301396	CAPN1
ENSG00000162367	-7.16144679802955	-3.57372536945812	-40.1535360101899	6.18789428401829e-144	5.86155259807491e-143	318.471436195068	TAL1
ENSG00000072134	-1.46878275862069	4.7523091133005	-40.1139722956646	8.53479946468522e-144	8.07685477670114e-143	318.14967230774	EPN2
ENSG00000151224	-8.57134778325123	-2.06073054187192	-40.0994889018991	9.60144872623066e-144	9.07309047427464e-143	318.031834357186	MAT1A
ENSG00000132514	-8.67748128078817	-3.41158596059112	-40.084680426956	1.08302757606466e-143	1.02194712175063e-142	317.911325267939	CLEC10A
ENSG00000162494	-7.87902266009851	-4.70965221674875	-40.0672460820957	1.2480484622012e-143	1.17595771689179e-142	317.769413222954	LRRC38
ENSG00000198355	-2.42571921182266	5.32534581280788	-40.0570252397649	1.35627261132905e-143	1.27731466846228e-142	317.686200516447	PIM3
ENSG00000105929	-9.45911477832512	-2.7526554187192	-40.0518982763732	1.41405167614981e-143	1.33044765793547e-142	317.644454719982	ATP6V0A4
ENSG00000154928	-3.81908226600985	0.962698275862068	-40.0456810377096	1.4874362793979e-143	1.39747498903816e-142	317.593827192583	EPHB1
ENSG00000095066	-1.92825172413793	5.19774310344827	-40.0405458869032	1.55091734588177e-143	1.45641647156279e-142	317.552007672008	HOOK2
ENSG00000146070	-7.98327832512314	-3.94545443349752	-40.0253399766059	1.75526357627464e-143	1.64751973139093e-142	317.428155400948	PLA2G7
ENSG00000177202	-7.95818916256157	-4.58093399014777	-39.9730051662416	2.68807565158975e-143	2.50981244067687e-142	317.001673739861	SPACA4
ENSG00000142632	-2.14923842364532	4.07113201970443	-39.8444823244413	7.66682612190927e-143	7.09735272734964e-142	315.952918535255	ARHGEF19
ENSG00000268104	-8.16983152709359	-3.02812068965516	-39.7695575624478	1.41373811348936e-142	1.30378811768802e-141	315.340601992458	SLC6A14
ENSG00000047597	-6.01997536945813	-4.41230394088669	-39.7252817349922	2.03025950510772e-142	1.8688333136512e-141	314.97844067544	XK
ENSG00000142661	-5.00497881773399	-1.93450172413793	-39.7090470249102	2.3185257084917e-142	2.13217079507505e-141	314.845586501642	MYOM3
ENSG00000169583	-5.29596305418719	4.44892980295566	-39.7016825106292	2.46248070915675e-142	2.26242585887829e-141	314.78530959801	CLIC3
ENSG00000185158	-1.61300049261084	3.50632536945813	-39.6869051225988	2.77891392733606e-142	2.55075321597e-141	314.664340077287	LRRC37B
ENSG00000123360	-4.63828472906404	-0.930533004926108	-39.6781588799541	2.98507231118012e-142	2.73741356663923e-141	314.592729740485	PDE1B
ENSG00000258227	-7.82688275862068	-4.06553497536945	-39.6506447832289	3.73897429328246e-142	3.42394731205838e-141	314.367395875381	CLEC5A
ENSG00000145283	-8.34166600985221	-0.766941379310344	-39.6405517876748	4.06104306383827e-142	3.71713833974367e-141	314.284713558986	SLC10A6
ENSG00000162231	-1.314678817734	6.13121822660099	-39.6287617411634	4.47263332205159e-142	4.09195694660731e-141	314.188113213471	NXF1
ENSG00000092529	-2.56104137931035	3.99546600985222	-39.5945977219428	5.91688114192881e-142	5.39056835783556e-141	313.908098797574	CAPN3
ENSG00000168671	-9.45013201970443	-2.2906802955665	-39.5910357693678	6.09210116493159e-142	5.54761607479465e-141	313.878896214012	UGT3A2
ENSG00000117480	-3.17373645320197	2.44584753694581	-39.5845262487225	6.42585966262188e-142	5.84881926068733e-141	313.825524070745	FAAH
ENSG00000081913	-1.82057438423645	2.5180315270936	-39.5359102649123	9.57198498682413e-142	8.69218079054448e-141	313.426754002005	PHLPP1
ENSG00000144668	-3.34459261083744	-1.10869039408867	-39.4697205194848	1.64753790695656e-141	1.49471614567062e-140	312.883372936835	ITGA9
ENSG00000140386	-1.90886748768473	2.98332536945813	-39.4641472554375	1.72465993564232e-141	1.56395844372725e-140	312.837595145544	SCAPER
ENSG00000072071	-2.12470197044335	2.41310566502463	-39.4509482436897	1.92204264344195e-141	1.74052628999734e-140	312.729165717158	ADGRL1
ENSG00000134438	-6.18697931034482	-6.77514433497535	-39.4410405431942	2.08494129140678e-141	1.88629271836441e-140	312.6477603322	RAX
ENSG00000150893	-5.90053596059113	-6.3716344827586	-39.4393952376008	2.11330161525963e-141	1.91106618072206e-140	312.634240724418	FREM2
ENSG00000136842	-4.87479852216749	-0.585543103448276	-39.4310169233889	2.2638273100715e-141	2.04624020783613e-140	312.565390321869	TMOD1
ENSG00000159455	-13.304181773399	1.57983571428572	-39.4231342094754	2.41524340451232e-141	2.18209369445122e-140	312.500604788528	LCE2B
ENSG00000160791	-6.03822167487684	-6.33818620689653	-39.4146424834956	2.58973029767098e-141	2.33865570596517e-140	312.430805492526	CCR5
ENSG00000090104	-6.98793891625615	0.0578300492610834	-39.4001242868721	2.91780335563618e-141	2.62884800257457e-140	312.311450130182	RGS1
ENSG00000164736	-7.44760689655172	-2.39289310344827	-39.3743762904732	3.60539870442759e-141	3.24386286749189e-140	312.099710317162	SOX17
ENSG00000186891	-9.61392660098522	-0.287451477832513	-39.3636158990463	3.93884286143645e-141	3.54061026670613e-140	312.011197767157	TNFRSF18
ENSG00000204103	-4.12220049261084	3.64662783251232	-39.36347225278	3.9434970831343e-141	3.54316413786714e-140	312.010016069766	MAFB
ENSG00000170500	-4.88529852216748	-3.37404236453202	-39.358980734879	4.09183777947955e-141	3.67306816199308e-140	311.973065595924	LONRF2
ENSG00000166743	-8.02511527093595	-4.39289162561575	-39.3496534089577	4.41799144295792e-141	3.96038480634329e-140	311.896324397494	ACSM1
ENSG00000135363	-4.30994581280788	0.584585714285714	-39.3392384474433	4.81305206262548e-141	4.31254761154641e-140	311.810622046664	LMO2
ENSG00000164520	-3.67041379310345	1.96669655172414	-39.330702940336	5.16307345841382e-141	4.61770167159373e-140	311.740375419028	RAET1E
ENSG00000124171	-4.34396650246305	-1.61248078817734	-39.3101295253522	6.1151876278186e-141	5.45925064517273e-140	311.571021065157	PARD6B
ENSG00000162881	-6.75529753694581	-2.05840591133005	-39.3015591361841	6.56198678475993e-141	5.85544957752414e-140	311.500456859502	OXER1
ENSG00000165591	-7.79478078817734	0.107078078817734	-39.2700488442242	8.50488012254968e-141	7.58222478808695e-140	311.240940032672	FAAH2
ENSG00000110675	-6.01313842364532	1.02765985221675	-39.2686048138848	8.60658995791707e-141	7.66940177645305e-140	311.229044178995	ELMOD1
ENSG00000214357	-5.14020738916257	0.613699261083744	-39.2433898127445	1.05925719366876e-140	9.41765426691302e-140	311.021283096072	NEURL1B
ENSG00000172575	-3.75414581280789	0.736360098522167	-39.2269535499713	1.21282070981853e-140	1.07780547118116e-139	310.885813293224	RASGRP1
ENSG00000132359	-3.21846551724138	0.966702216748767	-39.2138482986463	1.35109685880731e-140	1.20014249158239e-139	310.777774440423	RAP1GAP2
ENSG00000171295	-1.88167192118227	2.55483743842365	-39.1876454802767	1.6767413349702e-140	1.48872690449739e-139	310.561697079612	ZNF440
ENSG00000167614	-4.99546600985222	-0.118547290640394	-39.1823753329601	1.75118596480899e-140	1.55411789846945e-139	310.51822750291	TTYH1
ENSG00000122756	-7.1710881773399	-0.928441133004926	-39.1602427159335	2.1017411308412e-140	1.86437699404896e-139	310.335634678669	CNTFR
ENSG00000116701	-6.4427197044335	0.157443596059113	-39.1298391394777	2.70074238842516e-140	2.39138684887197e-139	310.084709150234	NCF2
ENSG00000074660	-3.07585960591133	0.298170197044336	-39.1199493249537	2.9303433560722e-140	2.59351312791499e-139	310.003062550292	SCARF1
ENSG00000188897	-6.24071133004925	-1.63139556650246	-39.1054156080477	3.30371409288781e-140	2.92264286116857e-139	309.883055898851	
ENSG00000129946	-5.13741379310345	1.51473546798029	-39.0985877751368	3.49522374452982e-140	3.09066345771953e-139	309.826668728139	SHC2
ENSG00000187244	-2.94172167487684	4.26600024630543	-39.0921219350601	3.6868233149564e-140	3.25861154323283e-139	309.773265785158	BCAM
ENSG00000011638	-1.95374088669951	5.50488078817734	-39.0700349002907	4.42427277293647e-140	3.9033471119063e-139	309.590804974033	LDAF1
ENSG00000244355	-9.34407586206895	-4.79843103448274	-39.0502362063513	5.21013542084402e-140	4.59460588421182e-139	309.427197323209	LY6G6D
ENSG00000157703	-7.68302266009851	-5.81593201970441	-39.0446027115032	5.45829610448268e-140	4.8112775134777e-139	309.380635834395	SVOPL
ENSG00000160179	-6.70239852216749	0.340546551724138	-39.0409496147129	5.62551293512984e-140	4.95420341497554e-139	309.350440486489	ABCG1
ENSG00000179344	-8.05519507389162	0.647637438423646	-39.0360404142583	5.85833763737334e-140	5.15692045538513e-139	309.309860005202	HLA-DQB1
ENSG00000176531	-3.11783300492611	4.18632339901478	-39.012034215592	7.14360771219575e-140	6.28547419683608e-139	309.111377184176	PHLDB3
ENSG00000071991	-6.52410197044335	-3.2489224137931	-39.0023236179009	7.74054516429441e-140	6.80457641028526e-139	309.031070066415	CDH19
ENSG00000175182	-1.39899753694581	4.16939039408867	-38.9902551453595	8.55254832237841e-140	7.51163592431096e-139	308.931247093964	FAM131A
ENSG00000168703	-10.8424881773399	-2.93050221674876	-38.9831078841847	9.07312246840664e-140	7.96169552211956e-139	308.872120930199	WFDC12
ENSG00000185015	-2.07901822660098	1.54272093596059	-38.9431021315724	1.26311232105335e-139	1.1068942142612e-138	308.541055158575	CA13
ENSG00000174175	-8.34182758620689	-3.41742561576354	-38.9420796741294	1.27384139947809e-139	1.1157959941103e-138	308.532591285762	SELP
ENSG00000104522	-1.48713497536946	6.02996206896551	-38.9092896694257	1.67089694364327e-139	1.46031610342919e-138	308.261088561506	GFUS
ENSG00000206069	-8.25587438423644	-5.74378990147781	-38.8860866537029	2.02472804711826e-139	1.76797298913249e-138	308.068886812329	LHFPL7
ENSG00000197694	-1.15627142857143	6.97115689655173	-38.876501273889	2.19197406331626e-139	1.91059576919386e-138	307.989467205622	SPTAN1
ENSG00000181856	-4.28183349753695	-1.00692807881773	-38.8516424492368	2.69308293226665e-139	2.34633199564667e-138	307.783446996361	SLC2A4
ENSG00000155363	-1.38397586206896	5.31594310344827	-38.8307055509581	3.20319118839722e-139	2.7895170322486e-138	307.609871301628	MOV10
ENSG00000159208	-3.54023645320197	3.14593004926108	-38.8109767887903	3.7721622505689e-139	3.28208346841574e-138	307.446262288223	CIART
ENSG00000102010	-7.60546650246305	-4.29800024630541	-38.8021595293424	4.05818681057096e-139	3.52623773464552e-138	307.373126014113	BMX
ENSG00000184545	-4.4564591133005	-0.449810344827586	-38.7990421863574	4.16442741772394e-139	3.6169440265405e-138	307.347266391197	DUSP8
ENSG00000175544	-6.97204975369457	-5.43872339901476	-38.7822117995271	4.78804366254951e-139	4.14935473408171e-138	307.207630886514	CABP4
ENSG00000163357	-7.89582463054186	-3.60789950738915	-38.7307614470696	7.33692372102347e-139	6.34416652018764e-138	306.780550407986	DCST1
ENSG00000160783	-1.09172019704433	5.20091822660099	-38.7202486904956	8.00580122842958e-139	6.91947667430212e-138	306.693245789535	PMF1
ENSG00000107262	-1.83267832512315	5.91666625615764	-38.7115920379477	8.60221176612028e-139	7.43167207486837e-138	306.621345236157	BAG1
ENSG00000092758	-4.06023399014778	1.07851108374384	-38.6934232312702	1.00027099601236e-138	8.633964577771e-138	306.47040851929	COL9A3
ENSG00000160183	-7.26777142857141	-5.11134187192116	-38.6848632134735	1.07395697389951e-138	9.26590162646545e-138	306.399282403211	TMPRSS3
ENSG00000116824	-7.29256157635466	-4.76551576354678	-38.6697637626318	1.21744170808866e-138	1.04945945564484e-137	306.273797453985	CD2
ENSG00000176153	-7.3191802955665	0.322830541871921	-38.6262429826825	1.7477878312551e-138	1.5046374360523e-137	305.91195827183	GPX2
ENSG00000130653	-3.2549881773399	2.51114088669951	-38.6171461595118	1.8850657153549e-138	1.62210278333181e-137	305.836296277327	PNPLA7
ENSG00000107099	-4.19529408866995	-0.958458866995074	-38.5607773843924	3.01235023947892e-138	2.57850847042913e-137	305.367226970056	DOCK8
ENSG00000144655	-2.93889556650246	3.75063990147783	-38.5214578044466	4.1784076264929e-138	3.57193533844813e-137	305.039799793136	CSRNP1
ENSG00000127129	-9.93097980295566	-2.36996182266009	-38.5194382561811	4.24924633351486e-138	3.6309038849824e-137	305.022977202232	EDN2
ENSG00000078114	-3.73940443349754	2.01231551724138	-38.5188806730898	4.26901548340793e-138	3.64620194828487e-137	305.018332514508	NEBL
ENSG00000124143	-8.99262561576354	-0.0173108374384235	-38.5139366615845	4.44838600607769e-138	3.79608556029564e-137	304.977147040381	ARHGAP40
ENSG00000186226	-11.3829206896552	-2.22823669950738	-38.507858508959	4.67928396893162e-138	3.99138224883726e-137	304.92650961657	LCE1E
ENSG00000144045	-5.78271625615763	-0.939210837438425	-38.4922327607333	5.32950523361744e-138	4.54403103295602e-137	304.796309750777	DQX1
ENSG00000124939	-10.1150812807882	-4.20798497536944	-38.4905675614096	5.40392774267667e-138	4.60547561916213e-137	304.782432882221	SCGB2A1
ENSG00000002745	-5.33500443349753	-0.493903694581281	-38.4771014442859	6.04531320920677e-138	5.14984789600343e-137	304.67020100333	WNT16
ENSG00000168234	-1.6132881773399	4.75884064039409	-38.4605827725915	6.93717960174851e-138	5.90188784403001e-137	304.53249741297	TTC39C
ENSG00000037280	-5.24079458128078	-1.25048497536946	-38.442452484703	8.06853434881825e-138	6.86141419689322e-137	304.381320278935	FLT4
ENSG00000197629	-6.44185812807881	-3.25082857142857	-38.4419623549498	8.10155952376798e-138	6.88650179266959e-137	304.377232830716	MPEG1
ENSG00000123338	-4.77221034482758	-1.6114184729064	-38.4403310401608	8.21245680687573e-138	6.97773177912894e-137	304.363628230565	NCKAP1L
ENSG00000171316	-2.56122660098522	1.88447733990148	-38.4376180628681	8.40026359324693e-138	7.13420039718521e-137	304.341002213181	CHD7
ENSG00000061938	-2.04697389162562	4.91618054187192	-38.426435435111	9.22090169404727e-138	7.82775242854351e-137	304.247730395017	TNK2
ENSG00000167759	-6.93614039408867	0.457516995073891	-38.4231296075219	9.47854292498166e-138	8.03948289236075e-137	304.220154266683	KLK13
ENSG00000109670	-2.42540443349754	4.70090467980296	-38.4191744616417	9.7962821601089e-138	8.30537726563332e-137	304.187159967338	FBXW7
ENSG00000184489	-3.44093251231527	2.36948990147784	-38.4076757440112	1.0781952958668e-137	9.1370739253378e-137	304.091225332228	PTP4A3
ENSG00000141441	-2.56821330049261	1.89350812807882	-38.4070605759337	1.08374003629619e-137	9.18008139978333e-137	304.086092480732	GAREM1
ENSG00000027001	-1.72923103448276	4.1138184729064	-38.4063288442571	1.09037261719172e-137	9.23226242857908e-137	304.079986982798	MIPEP
ENSG00000140287	-8.4456645320197	-2.28341945812807	-38.4040279090223	1.11149495579597e-137	9.40703093380894e-137	304.060787772616	HDC
ENSG00000101311	-2.92358916256158	2.18069901477833	-38.3824898601162	1.33020532254471e-137	1.12483221173383e-136	303.881040687585	FERMT1
ENSG00000112379	-4.54067783251231	-3.10150886699507	-38.3762811143528	1.40091399832715e-137	1.18411165031614e-136	303.829214598235	ARFGEF3
ENSG00000185811	-6.4372802955665	-3.37363325123152	-38.3639293693968	1.55297696097189e-137	1.31150716384238e-136	303.726097079635	IKZF1
ENSG00000146285	-6.7615054187192	-5.73843201970442	-38.3616644281669	1.5826043729638e-137	1.335950525117e-136	303.707186362894	SCML4
ENSG00000133067	-7.82028275862068	-2.37863546798029	-38.3338679692811	1.99581045769527e-137	1.68185114119366e-136	303.475053297256	LGR6
ENSG00000185156	-6.62538669950737	-5.69647758620688	-38.3308785520603	2.04624087985757e-137	1.7236051411283e-136	303.450082473952	MFSD6L
ENSG00000008735	-2.89365024630542	-0.805020689655173	-38.3178308258103	2.28172850988624e-137	1.91948078089526e-136	303.341080935137	MAPK8IP2
ENSG00000177646	-1.49781625615764	5.18804507389163	-38.309993143341	2.43604596995386e-137	2.04841696836654e-136	303.275594330353	ACAD9
ENSG00000186377	-7.10875615763546	-1.56477463054187	-38.3034040038178	2.57384262143582e-137	2.16335623690747e-136	303.220533874304	CYP4X1
ENSG00000162571	-6.60283399014777	-5.67746231527092	-38.3031362147677	2.5796050285088e-137	2.16726747494063e-136	303.218296050361	TTLL10
ENSG00000188624	-10.7128517241379	-0.866429310344828	-38.2902882065781	2.87180750950122e-137	2.41068996351687e-136	303.110919119073	IGFL3
ENSG00000176769	-7.18238817733989	-5.27436650246304	-38.2816928826916	3.08558204635692e-137	2.58680584941686e-136	303.03907251812	TCERG1L
ENSG00000177508	-2.40881428571428	4.88497512315271	-38.2744907751249	3.27693376855224e-137	2.74604801479622e-136	302.978864509334	IRX3
ENSG00000197329	-2.51589852216749	3.18753497536946	-38.2672822911143	3.48035981778152e-137	2.9152675336085e-136	302.918596779903	PELI1
ENSG00000175707	-6.30023497536946	0.919656403940885	-38.2464307135554	4.14286907478602e-137	3.46575117549094e-136	302.744227561398	KDF1
ENSG00000183172	-1.25911625615764	5.66275862068966	-38.2209529688572	5.12624950598677e-137	4.28657115301641e-136	302.531099572678	SMDT1
ENSG00000107165	-8.4844881773399	0.318933251231527	-38.2160956741674	5.33873541927864e-137	4.4604346970305e-136	302.490457930726	TYRP1
ENSG00000089094	-1.24553645320197	4.19786379310345	-38.2109459522533	5.57365842726299e-137	4.65074436317563e-136	302.447366326479	KDM2B
ENSG00000124743	-4.12286600985221	-2.4348078817734	-38.1958789778418	6.32217316444448e-137	5.26632173825976e-136	302.321270774333	KLHL31
ENSG00000005102	-7.48283990147783	-1.93556083743842	-38.1870131434993	6.8088603042021e-137	5.66689727703226e-136	302.247059468669	MEOX1
ENSG00000188732	-2.7644472906404	0.784619704433496	-38.1862196634719	6.8542068171596e-137	5.70220986040583e-136	302.240417184798	FAM221A
ENSG00000136944	-7.03356551724138	-3.1395330049261	-38.1757653000616	7.48069504912394e-137	6.2128237420306e-136	302.152895616659	LMX1B
ENSG00000172613	-1.58383054187192	3.98048226600985	-38.1577196480655	8.70006653808223e-137	7.2193927935118e-136	302.001789705948	RAD9A
ENSG00000133800	-5.83526748768473	-0.424531773399015	-38.1525670025732	9.08345921540654e-137	7.53433616245647e-136	301.958636455842	LYVE1
ENSG00000131183	-6.44111133004925	-6.25320394088668	-38.151524302527	9.16307880632154e-137	7.59715256822806e-136	301.949903475134	SLC34A1
ENSG00000173369	-5.08835862068966	0.479773891625616	-38.146576336893	9.55053653262677e-137	7.91168227726123e-136	301.908460684938	C1QB
ENSG00000153208	-4.09790640394089	-0.425752709359606	-38.1450754525384	9.6712785970178e-137	8.0083104382594e-136	301.895889094725	MERTK
ENSG00000169435	-6.88976157635468	-2.54800344827586	-38.1415090582683	9.96435505715359e-137	8.24400620350954e-136	301.866015424462	RASSF6
ENSG00000064547	-2.20305172413793	2.97898251231527	-38.1211147010368	1.18196364982683e-136	9.77483438210574e-136	301.695153198705	LPAR2
ENSG00000167183	-5.99538571428571	-0.698760344827587	-38.100162880095	1.40866994719432e-136	1.16398427518272e-135	301.519567017171	PRR15L
ENSG00000179144	-8.31268522167487	-2.15835689655172	-38.0839389580624	1.61374323044209e-136	1.33118489697338e-135	301.383565562717	GIMAP7
ENSG00000039987	-9.27758669950738	-1.76077512315271	-38.0665473146043	1.86691119021299e-136	1.53872536816289e-135	301.237739198802	BEST2
ENSG00000076864	-3.18851083743843	-0.186192857142857	-38.0603348434087	1.96668654391181e-136	1.6202777589007e-135	301.185639472224	RAP1GAP
ENSG00000278535	-2.06011921182266	2.90915024630542	-38.0232298145075	2.68428854439542e-136	2.20683074188369e-135	300.874365635656	DHRS11
ENSG00000164128	-6.1749133004926	-0.561906896551724	-38.0153925033807	2.8666400970503e-136	2.35575613021687e-135	300.808596686779	NPY1R
ENSG00000109062	-1.52390344827586	4.74678472906404	-38.0058591754653	3.10526443316437e-136	2.55078089755772e-135	300.728584896843	NHERF1
ENSG00000148357	-6.55822561576354	-2.08579458128079	-37.9850348498765	3.69801579454493e-136	3.03386333572616e-135	300.553770323547	HMCN2
ENSG00000105808	-2.49950197044335	3.68357118226601	-37.9599745609798	4.56355075993496e-136	3.7376743063977e-135	300.343324790687	RASA4
ENSG00000171970	-2.40880837438424	2.62332536945813	-37.956585810976	4.69522091872435e-136	3.84390478398455e-135	300.314861555108	ZNF57
ENSG00000164651	-7.8928463054187	-5.70070591133003	-37.9240787578045	6.16860043542221e-136	5.0459099920059e-135	300.041751761391	SP8
ENSG00000204161	-8.71509162561575	-2.18014285714285	-37.9016943513932	7.44457677339001e-136	6.08456375180207e-135	299.85361182867	TMEM273
ENSG00000164300	-1.48570098522167	2.98534408866995	-37.8907770715376	8.1596890761732e-136	6.66346192756275e-135	299.761830055778	SERINC5
ENSG00000205076	-13.5526645320197	1.56603374384237	-37.8907095750616	8.16431782671227e-136	6.6644569327323e-135	299.76126256572	LGALS7
ENSG00000184148	-11.6855522167488	-1.61432339901477	-37.8454565475508	1.19426841944701e-135	9.74056488014756e-135	299.380661632007	SPRR4
ENSG00000174669	-3.68058128078818	-0.38753842364532	-37.8439042313729	1.20995758677374e-135	9.86441016300897e-135	299.3676013617	SLC29A2
ENSG00000172932	-1.36775862068966	5.18916403940887	-37.8003159173874	1.74575557748185e-135	1.41793663737117e-134	299.000753083632	ANKRD13D
ENSG00000101695	-2.86538768472907	-0.33810960591133	-37.7632057891596	2.38569363714622e-135	1.9369017472834e-134	298.688240858661	RNF125
ENSG00000121807	-7.09415172413792	-5.1677147783251	-37.74503218364	2.78011752208613e-135	2.25431770193391e-134	298.535134772181	CCR2
ENSG00000127578	-4.64027339901477	-1.40068103448276	-37.7417057146028	2.85908922275907e-135	2.31739201954201e-134	298.507106030893	WFIKKN1
ENSG00000177098	-5.94097684729064	-1.9433421182266	-37.7411115931581	2.87342861182279e-135	2.32804900216588e-134	298.502099834598	SCN4B
ENSG00000119431	-1.98098866995073	3.95382093596059	-37.7236854075704	3.3276409635712e-135	2.69158773634554e-134	298.355243528172	HDHD3
ENSG00000162782	-6.57312315270935	-5.54647339901476	-37.7227796284914	3.35312531251419e-135	2.71107881080481e-134	298.347609194047	TDRD5
ENSG00000134323	-6.89502315270935	-5.51655295566501	-37.6977287141962	4.1409791572366e-135	3.34392622688916e-134	298.13642790079	MYCN
ENSG00000135924	-1.51979556650246	6.12824901477832	-37.645683445035	6.42137483861676e-135	5.15768627604803e-134	297.697432910734	DNAJB2
ENSG00000145936	-5.47948916256157	-2.30319827586207	-37.6399131044683	6.74156628542821e-135	5.41041841272436e-134	297.648740137548	KCNMB1
ENSG00000102962	-7.8714	-2.7697684729064	-37.6264993206705	7.54906562004233e-135	6.04605903060931e-134	297.535532516209	CCL22
ENSG00000171119	-8.47662068965517	-2.12091231527093	-37.6238056817639	7.72254961019084e-135	6.18246884401267e-134	297.512796456331	NRTN
ENSG00000111846	-6.53477044334975	-2.15710295566502	-37.6194135794897	8.014030093e-135	6.40794501135049e-134	297.475722331193	GCNT2
ENSG00000175985	-5.73567093596059	-3.29666009852216	-37.6190728401552	8.03709857544923e-135	6.42376197797255e-134	297.472846020082	PLEKHD1
ENSG00000107829	-1.28987487684729	4.97163891625616	-37.6066951003804	8.92175692998396e-135	7.12500915103173e-134	297.368351005777	FBXW4
ENSG00000142973	-6.93379310344828	1.10191231527094	-37.5887563235006	1.03798564037365e-134	8.2793124017069e-134	297.216874981028	CYP4B1
ENSG00000012779	-7.20785566502463	-0.598282019704434	-37.5880545164158	1.04415179319444e-134	8.32509765100196e-134	297.21094807062	ALOX5
ENSG00000167895	-7.13308128078817	-2.39324162561576	-37.5748814099546	1.16694716747755e-134	9.29277976644099e-134	297.099687025616	TMC8
ENSG00000198851	-8.0189857142857	-3.75442093596058	-37.5664037456734	1.25352213121345e-134	9.97407552450051e-134	297.028072635411	CD3E
ENSG00000185909	-1.69446157635468	4.63569433497537	-37.5209557112396	1.84000769927339e-134	1.46109022589193e-133	296.644001733505	KLHDC8B
ENSG00000154330	-4.41001921182266	0.195347536945813	-37.5199741632665	1.85532863044788e-134	1.47265768059352e-133	296.635704065147	PGM5
ENSG00000187180	-12.9069586206897	0.436252709359605	-37.5171941136115	1.89941938575442e-134	1.50704237257056e-133	296.612201833377	LCE2C
ENSG00000137216	-1.29327142857142	4.74656083743842	-37.499314041388	2.20918926250942e-134	1.75068842530247e-133	296.461022725337	TMEM63B
ENSG00000119888	-5.40933448275862	0.0228884236453203	-37.494172632773	2.30729348483141e-134	1.82769068830869e-133	296.417543868126	EPCAM
ENSG00000135503	-1.73836502463054	4.47422832512315	-37.4934681522686	2.32107152638075e-134	1.83785979613179e-133	296.411586099415	ACVR1B
ENSG00000163702	-1.42732118226601	5.27863004926108	-37.4655489514796	2.93888831406832e-134	2.32235161478056e-133	296.175424649038	IL17RC
ENSG00000115548	-1.83065221674877	4.63588325123153	-37.4530551495812	3.26635110397007e-134	2.57799003529011e-133	296.069711352266	KDM3A
ENSG00000185610	-7.1119172413793	-5.840902955665	-37.4521250501766	3.29214319377147e-134	2.59729762990238e-133	296.061840763789	DBX2
ENSG00000121966	-6.02451625615763	-0.827800492610837	-37.4224733394517	4.23059091643771e-134	3.33632799390742e-133	295.810868817234	CXCR4
ENSG00000196735	-8.54751674876847	-0.549677586206896	-37.4173203145307	4.41911134704466e-134	3.48218846548173e-133	295.767242484141	HLA-DQA1
ENSG00000171159	-1.31536551724138	6.57495960591133	-37.4059428646624	4.86569093759587e-134	3.83254060066499e-133	295.670907476815	BBLN
ENSG00000197106	-5.3686763546798	-1.53429088669951	-37.37571470044	6.28434729171066e-134	4.94399012780232e-133	295.414881698418	SLC6A17
ENSG00000188959	-6.05720837438423	-1.49127906403941	-37.3433833860411	8.26344976536275e-134	6.49052794673307e-133	295.140916876806	C9orf152
ENSG00000136828	-2.57799852216749	1.67370123152709	-37.3069621692258	1.12504832093642e-133	8.82959609949376e-133	294.832139761102	RALGPS1
ENSG00000153815	-1.51959753694581	4.29866773399015	-37.301868030594	1.17468244345513e-133	9.21543328382185e-133	294.788938765664	CMIP
ENSG00000007174	-7.4462975369458	-3.87061576354679	-37.2755752758118	1.46796237622773e-133	1.15069878685288e-132	294.565910900661	DNAH9
ENSG00000171102	-9.60549655172412	-4.85133349753693	-37.2674110897377	1.57317939693175e-133	1.23268130612832e-132	294.496640812409	OBP2B
ENSG00000167644	-9.37075763546798	3.45764088669951	-37.2662461763897	1.58879605554226e-133	1.24441893857342e-132	294.486756278475	C19orf33
ENSG00000120279	-6.80512266009852	-2.3181224137931	-37.2629783229558	1.63343825156353e-133	1.27887220801501e-132	294.459026955246	MYCT1
ENSG00000101850	-8.71477241379309	-2.86660985221674	-37.2541643416976	1.76021196082431e-133	1.377024104821e-132	294.384229414058	GPR143
ENSG00000013725	-7.32582709359605	-4.37167561576353	-37.2444289172581	1.91172669357923e-133	1.49435852183701e-132	294.301601042681	CD6
ENSG00000178226	-3.85171133004926	-0.265910837438424	-37.2164064524281	2.42480205686425e-133	1.89390414849085e-132	294.063697488567	PRSS36
ENSG00000159588	-2.90811871921182	-0.973750492610837	-37.213922840439	2.47644883317281e-133	1.93269820678366e-132	294.042607540003	CCDC17
ENSG00000116679	-1.84989556650246	5.51164679802955	-37.2012544829871	2.75754321086528e-133	2.14864072674359e-132	293.93502040458	IVNS1ABP
ENSG00000225950	-7.7001645320197	-0.23123842364532	-37.183335729508	3.21056885222051e-133	2.50063517377813e-132	293.782809682022	NTF4
ENSG00000204610	-7.70375467980294	-5.33331724137929	-37.1625040664152	3.83179495838605e-133	2.9797428204051e-132	293.605804982933	TRIM15
ENSG00000170571	-4.49336009852217	1.73805295566502	-37.1127684125674	5.846631952641e-133	4.535723764133e-132	293.182987088993	EMB
ENSG00000157554	-5.02430689655172	-1.07327807881773	-37.0922119792467	6.96288713337045e-133	5.39741135899743e-132	293.008140559124	ERG
ENSG00000169509	-8.97490591133005	2.82296625615764	-37.0837279177312	7.48367184691715e-133	5.79880710675872e-132	292.935962454249	CRCT1
ENSG00000120278	-3.37933645320197	0.604923399014778	-37.0816294459976	7.61839426509737e-133	5.89852063108292e-132	292.918108333696	PLEKHG1
ENSG00000124935	-12.6788842364532	0.122647536945812	-37.0724699496726	8.23546484380403e-133	6.37123729127547e-132	292.840171500913	SCGB1D2
ENSG00000278259	-1.58925517241379	5.17718325123153	-37.0580045288353	9.31356678577953e-133	7.19105974427908e-132	292.717066017481	MYO19
ENSG00000137441	-9.38638719211822	-1.52645812807882	-37.0567480865073	9.41363222433366e-133	7.26545027361486e-132	292.706372048998	FGFBP2
ENSG00000141736	-1.62821527093597	5.72092142857143	-37.0400499597729	1.08504271405056e-132	8.35786547811434e-132	292.564230445723	ERBB2
ENSG00000176463	-1.91092216748768	3.89577389162562	-37.0043373939336	1.47039521161161e-132	1.13083286994546e-131	292.260113085704	SLCO3A1
ENSG00000079337	-3.04462512315271	2.334889408867	-36.980693401771	1.7982746126129e-132	1.38082052965349e-131	292.058680507942	RAPGEF3
ENSG00000135144	-6.97851527093596	-1.62615566502463	-36.9766717021654	1.86092540386878e-132	1.42836623104493e-131	292.024411108865	DTX1
ENSG00000100842	-2.63806256157636	4.33672389162561	-36.9386056597444	2.57363668045538e-132	1.96922505910176e-131	291.699945717785	EFS
ENSG00000185038	-7.28799655172412	-5.68044999999998	-36.9315760150358	2.73250325020491e-132	2.08914626429986e-131	291.640007013474	MROH2A
ENSG00000174944	-7.39108325123152	-3.97120665024629	-36.928983483488	2.79354143540832e-132	2.13414334365713e-131	291.617900074984	P2RY14
ENSG00000172243	-8.01779802955665	-2.56507586206896	-36.9227963930489	2.94478605107824e-132	2.24880848027241e-131	291.565138358408	CLEC7A
ENSG00000161381	-4.28558965517242	0.671463300492611	-36.9187292218308	3.04865032130343e-132	2.32630709015664e-131	291.530452097073	PLXDC1
ENSG00000160781	-2.4301	2.12054852216749	-36.9165576565228	3.105600727336e-132	2.36883877492584e-131	291.51193138182	PAQR6
ENSG00000059728	-2.53990246305419	2.13390541871921	-36.9134945624069	3.18774839654898e-132	2.43054932365822e-131	291.485806048894	MXD1
ENSG00000158050	-4.55690985221675	2.07232684729064	-36.8690818426932	4.65522015256743e-132	3.54529665711118e-131	291.106875431438	DUSP2
ENSG00000136141	-1.38575517241379	3.05823226600985	-36.8481654927338	5.56453061245074e-132	4.2312084524713e-131	290.928331239072	LRCH1
ENSG00000106714	-7.15854926108374	-0.781406157635468	-36.8314730280598	6.41631567649179e-132	4.87699887008956e-131	290.78580339278	CNTNAP3
ENSG00000087510	-3.54001428571428	3.62231995073892	-36.8133842989558	7.48745253911115e-132	5.68895013683165e-131	290.631314328297	TFAP2C
ENSG00000115183	-1.92148719211823	4.19323768472906	-36.8088609414068	7.78221634019587e-132	5.91061297007803e-131	290.592675638547	TANC1
ENSG00000188277	-3.1402512315271	1.95346009852217	-36.8080806012036	7.83423018910835e-132	5.94780599671932e-131	290.586009684867	C15orf62
ENSG00000165105	-5.09358866995074	-2.74589778325123	-36.8045435065216	8.074397842689e-132	6.12776243269237e-131	290.555793564654	RASEF
ENSG00000130226	-6.60477980295566	-2.9053381773399	-36.7882102104329	9.28271050201198e-132	7.0420313909285e-131	290.416243859854	DPP6
ENSG00000160145	-3.43417389162562	0.489263793103449	-36.7821889476601	9.77249801431315e-132	7.41071618920092e-131	290.364790514302	KALRN
ENSG00000112799	-7.78939507389161	-4.4980463054187	-36.7761017946388	1.02939661699802e-131	7.80010418354995e-131	290.312769515678	LY86
ENSG00000196805	-10.8876206896552	-3.51789261083742	-36.7667370764659	1.11511648538878e-131	8.4398165598248e-131	290.232729306802	SPRR2B
ENSG00000152192	-5.15950295566502	-6.78767660098521	-36.7498112794871	1.28859627577029e-131	9.74525867689744e-131	290.088036796096	POU4F1
ENSG00000057704	-3.96847290640394	0.277514285714286	-36.7480843379961	1.30775049937644e-131	9.87864718160586e-131	290.073271786601	TMCC3
ENSG00000132478	-1.1919487684729	4.09178571428571	-36.7440049587332	1.35413686212506e-131	1.0225093724748e-130	290.038392418204	UNK
ENSG00000149182	-1.14721083743842	5.85481674876848	-36.7149065262254	1.73646692700437e-131	1.30918351417899e-130	289.78953569616	ARFGAP2
ENSG00000188883	-7.69813054187191	-2.78599334975369	-36.6929609169337	2.09484489896124e-131	1.57815956112184e-130	289.601781642178	KLRG2
ENSG00000161798	-10.4325206896552	-0.280832266009852	-36.6734504921482	2.47523919354662e-131	1.86401249789164e-130	289.434811096965	AQP5
ENSG00000165606	-6.79802758620689	-6.20677980295565	-36.6710568674763	2.52643981042168e-131	1.90183693279123e-130	289.414323140551	DRGX
ENSG00000137491	-5.25225123152709	-0.715731527093596	-36.6662237785804	2.63307817212114e-131	1.98134823410055e-130	289.372952686844	SLCO2B1
ENSG00000131398	-3.84553201970443	-0.961332019704434	-36.6467785919277	3.10967430522974e-131	2.33817834831857e-130	289.206475555621	KCNC3
ENSG00000137077	-7.79031477832512	0.456544581280789	-36.6342379002037	3.46196262085098e-131	2.60206436679499e-130	289.099085183786	CCL21
ENSG00000094755	-8.70827733990147	-1.61455197044335	-36.6226647846652	3.82244650291674e-131	2.86969840799074e-130	288.999963067123	GABRP
ENSG00000099954	-6.36751625615763	-4.5590172413793	-36.6220796116247	3.84164107868405e-131	2.88300115052395e-130	288.994950697166	CECR2
ENSG00000133612	-1.07619458128079	5.88241305418719	-36.6218054692298	3.85066655284955e-131	2.88866509695915e-130	288.992602482834	AGAP3
ENSG00000124019	-7.07610492610836	-4.10078201970442	-36.5788105254863	5.56442554985166e-131	4.164688015902e-130	288.624205535185	FAM124B
ENSG00000070019	-7.12610098522167	-4.98492536945811	-36.5660653559987	6.20632922258396e-131	4.64334171775405e-130	288.5149556902	GUCY2C
ENSG00000154529	-5.78250246305419	0.412684236453202	-36.5621188230313	6.41975502300596e-131	4.7993440191118e-130	288.481122432447	CNTNAP3B
ENSG00000169413	-8.3866724137931	-2.63010320197044	-36.5344846112827	8.13503098378305e-131	6.07469528028615e-130	288.244162356866	RNASE6
ENSG00000105289	-7.82013054187192	-0.483427339901478	-36.5250945382647	8.81685733563151e-131	6.57629870430958e-130	288.16362186035	TJP3
ENSG00000064218	-6.77398078817732	-5.37704605911329	-36.5231155185702	8.9677054801719e-131	6.68626098792519e-130	288.146646013649	DMRT3
ENSG00000133574	-7.44578866995073	-1.27412290640394	-36.5193873533301	9.25893811173858e-131	6.90076920593422e-130	288.114664828758	GIMAP4
ENSG00000186094	-6.65858374384235	-5.66498743842363	-36.4944020186036	1.14709736717628e-130	8.5429027246032e-130	287.900289172041	AGBL4
ENSG00000136286	-5.15770295566502	-2.20821206896552	-36.4913132733901	1.17788894694693e-130	8.76887840047121e-130	287.873782131537	MYO1G
ENSG00000102901	-1.74937142857143	5.70539507389163	-36.4851671143438	1.24164464513626e-130	9.23999225257153e-130	287.821033380767	CENPT
ENSG00000179044	-4.00922906403941	-0.960141625615763	-36.4642477901467	1.48570357928636e-130	1.10478003601271e-129	287.641460111757	EXOC3L1
ENSG00000237330	-8.09884334975368	-2.88903596059113	-36.4609362516496	1.52852121067085e-130	1.13618720041573e-129	287.613028562917	RNF223
ENSG00000181458	-2.46683645320198	7.65851034482759	-36.4560834944854	1.59350951866564e-130	1.18359418524379e-129	287.571362247007	TMEM45A
ENSG00000141750	-7.73776206896551	0.254945073891625	-36.4487915629725	1.69640497074447e-130	1.25906365128327e-129	287.508747367659	STAC2
ENSG00000132334	-2.88664285714286	0.988588916256157	-36.3884925490948	2.84679891521798e-130	2.11047588775379e-129	286.990712505563	PTPRE
ENSG00000244274	-2.1339881773399	4.73580295566502	-36.376923277616	3.14424119129758e-130	2.32921764064963e-129	286.891267713792	DBNDD2
ENSG00000183625	-7.66837931034482	-4.98964729064038	-36.3625100521697	3.55872498779919e-130	2.63426529210499e-129	286.767354006549	CCR3
ENSG00000170209	-7.02720394088669	-2.1124802955665	-36.3352611438564	4.49776009349535e-130	3.32432782704562e-129	286.533018032084	ANKK1
ENSG00000146013	-7.72232315270935	-3.61223201970442	-36.3304765853067	4.68660110448606e-130	3.46259201451292e-129	286.491862050606	GFRA3
ENSG00000184454	-6.13121773399014	-5.48247733990146	-36.3263373552906	4.85636766062742e-130	3.58666427906202e-129	286.456254766603	NCMAP
ENSG00000103534	-5.48200147783251	-2.52672980295567	-36.3151676829729	5.34585908808403e-130	3.94370624006562e-129	286.360158151171	TMC5
ENSG00000159958	-3.7440566502463	-1.03417068965517	-36.2901227368756	6.63065402193313e-130	4.88046105072005e-129	286.144630908269	TNFRSF13C
ENSG00000048707	-1.54928275862069	4.29347093596059	-36.2849141526748	6.93447961299835e-130	5.10216869718425e-129	286.099797957525	VPS13D
ENSG00000180638	-7.586660591133	-2.44146527093596	-36.2757718782065	7.50187604188405e-130	5.51548764524071e-129	286.021097507607	SLC47A2
ENSG00000146839	-5.00404827586206	-7.14966748768471	-36.2729810427105	7.68417936425627e-130	5.64527192241715e-129	285.997070765644	ZAN
ENSG00000156858	-1.14559704433497	4.77056305418719	-36.2395985251085	1.0241414153045e-129	7.49860304903729e-129	285.709599817794	PRR14
ENSG00000101445	-5.65870738916256	-3.33314827586207	-36.2372508759096	1.04504794298077e-129	7.6488115736817e-129	285.689377967935	PPP1R16B
ENSG00000164434	-10.035002955665	-1.03840591133005	-36.2267448893164	1.14397022719709e-129	8.36969905649027e-129	285.598874525708	FABP7
ENSG00000267206	-9.08959655172413	-3.5568357142857	-36.2176363950453	1.23729514521941e-129	9.04572455214277e-129	285.520398543895	LCN6
ENSG00000167393	-2.16673842364532	3.88376379310345	-36.2173794024328	1.24003608712228e-129	9.06237292989663e-129	285.518184223972	PPP2R3B
ENSG00000167208	-6.66946551724137	-4.41817955665023	-36.1947003140571	1.50749590647311e-129	1.1000554519902e-128	285.322742309548	SNX20
ENSG00000172830	-1.41554433497537	4.52034507389163	-36.1914661779005	1.55008094436382e-129	1.1298650434449e-128	285.294866198552	SSH3
ENSG00000129455	-10.1876812807882	1.94806871921183	-36.1700800638974	1.86367305536843e-129	1.3574319361912e-128	285.110499090183	KLK8
ENSG00000143502	-7.25423152709359	-1.51121379310345	-36.169566810542	1.87193321401188e-129	1.36294034531372e-128	285.106073691006	SUSD4
ENSG00000073169	-1.03086502463054	4.48388620689655	-36.1686893968728	1.88613909098277e-129	1.37277207135885e-128	285.098508333835	SELENOO
ENSG00000102984	-1.74826748768473	2.14570960591133	-36.15322158585	2.15507613779574e-129	1.56792620568892e-128	284.965123805345	ZNF821
ENSG00000176194	-9.40291379310344	-1.2907775862069	-36.1431497988999	2.35051851305332e-129	1.70948391448038e-128	284.878255032916	CIDEA
ENSG00000053747	-3.91252906403941	3.3454881773399	-36.1360029422108	2.4998812547668e-129	1.81676011456499e-128	284.816605962852	LAMA3
ENSG00000147813	-2.20431428571429	5.41813990147783	-36.1286528464583	2.66341503526008e-129	1.93416784165932e-128	284.753197070277	NAPRT
ENSG00000139626	-3.1198724137931	0.845662807881773	-36.1175963229079	2.92982087853582e-129	2.12605122942246e-128	284.657800270519	ITGB7
ENSG00000183780	-6.62236995073891	-4.73823916256156	-36.0952854099208	3.55145798913661e-129	2.57237183186463e-128	284.465252829453	SLC35F3
ENSG00000142513	-7.28076354679801	-5.61347733990146	-36.069144288519	4.4499260238068e-129	3.21599313451304e-128	284.239570609923	ACP4
ENSG00000168032	-4.34289261083744	-1.15235517241379	-36.0597439723438	4.82595402492836e-129	3.48646186895194e-128	284.158394620232	ENTPD3
ENSG00000197245	-7.9953054187192	-2.67482019704433	-36.0587169424585	4.86891913162258e-129	3.51490275841036e-128	284.149525080825	FAM110D
ENSG00000095585	-7.40298128078817	-0.841605418719212	-36.0516664910117	5.17439649428024e-129	3.72991723685815e-128	284.088633063458	BLNK
ENSG00000107104	-1.86190246305419	4.62040591133005	-36.045088473471	5.4766938551476e-129	3.94636988633091e-128	284.031815657645	KANK1
ENSG00000140057	-4.11682660098522	0.0941931034482762	-36.0367936457753	5.88323668181306e-129	4.23775198068525e-128	283.960161631741	AK7
ENSG00000180532	-7.12886256157634	-4.88662241379309	-36.0357826259247	5.93481186467434e-129	4.27332695134362e-128	283.951427450006	ZSCAN4
ENSG00000087266	-2.09335369458129	4.83476305418719	-36.0309978743392	6.18510775586248e-129	4.4519107095788e-128	283.910090332168	SH3BP2
ENSG00000183508	-3.96647142857142	-2.33737610837439	-36.0151208875313	7.09392482259996e-129	5.10229955403932e-128	283.772903015771	TENT5C
ENSG00000182107	-3.56574384236453	0.78164778325123	-36.0089775196697	7.48045693003269e-129	5.37833294064382e-128	283.719811912825	TMEM30B
ENSG00000122025	-6.32277142857141	-5.32628325123151	-36.0018822987603	7.95320692586867e-129	5.70982989512585e-128	283.658488991343	FLT3
ENSG00000108018	-6.52726600985221	-3.31851871921181	-35.9590886823225	1.151116011885e-128	8.25811641125431e-128	283.288496440415	SORCS1
ENSG00000197375	-1.98874532019704	2.37048349753695	-35.938148303869	1.37952990290876e-128	9.88587215351781e-128	283.107362799366	SLC22A5
ENSG00000146147	-7.18822167487684	-0.694983743842365	-35.934379884036	1.42521581049813e-128	1.02095188301886e-127	283.074760245425	MLIP
ENSG00000115361	-4.78487980295566	-0.846828571428571	-35.9199801619109	1.61419222860563e-128	1.1559012287069e-127	282.950164384439	ACADL
ENSG00000092929	-3.02248374384237	1.06662610837438	-35.9066712744668	1.81110464176406e-128	1.29595777771341e-127	282.834984026316	UNC13D
ENSG00000082684	-7.23343596059113	-4.27529729064038	-35.8972086416345	1.96558185122869e-128	1.40546653994552e-127	282.7530771643	SEMA5B
ENSG00000205363	-3.8312921182266	2.61057118226601	-35.8632583788694	2.6367547558931e-128	1.88056428611909e-127	282.459117348717	INSYN1
ENSG00000164050	-2.22766502463054	5.6926315270936	-35.854484081126	2.84480219237416e-128	2.02820592642743e-127	282.383121210905	PLXNB1
ENSG00000162543	-5.66622955665024	-4.28027241379309	-35.8469307842398	3.03702284218466e-128	2.16288266698151e-127	282.317692700111	UBXN10
ENSG00000263429	-7.57686798029555	-4.2949660098522	-35.826969245565	3.60999608148832e-128	2.56813044865107e-127	282.144746518614	TMEM238L
ENSG00000251322	-2.33469655172414	1.5797842364532	-35.8153419555942	3.99242945216969e-128	2.83709295833819e-127	282.043984992467	SHANK3
ENSG00000135605	-3.79701428571429	0.308533251231527	-35.8055160451789	4.34708843664426e-128	3.08687508099208e-127	281.95882091593	TEC
ENSG00000163216	-8.67864039408867	2.0749881773399	-35.7869231428561	5.10683785912328e-128	3.61979780351785e-127	281.79763759083	SPRR2D
ENSG00000204613	-6.84705270935959	-5.70245492610835	-35.7603151428816	6.43123314712249e-128	4.5535926869952e-127	281.566895338	TRIM10
ENSG00000187513	-6.23416403940886	-0.444445073891625	-35.74621700398	7.26724493164324e-128	5.13436371851671e-127	281.444601519594	GJA4
ENSG00000143409	-1.68393596059114	3.23833399014778	-35.722312555295	8.94104084753454e-128	6.31234899720087e-127	281.237186234306	MINDY1
ENSG00000161649	-7.70043546798029	-2.23757733990148	-35.7119277392041	9.78372954172918e-128	6.9047902746288e-127	281.147056423221	CD300LG
ENSG00000179094	-2.93936995073892	6.74627807881774	-35.6903672535803	1.17960011589517e-127	8.32192977069437e-127	280.959889785967	PER1
ENSG00000151117	-3.85919014778325	1.57826305418719	-35.66363742236	1.487565586155e-127	1.04794544645426e-126	280.727767082882	TMEM86A
ENSG00000266714	-3.43188029556651	3.64049827586207	-35.6632976108687	1.49195965472755e-127	1.05066218279949e-126	280.724815572121	MYO15B
ENSG00000162981	-3.08436896551724	2.97404458128079	-35.662999504409	1.49582514401466e-127	1.05300486182761e-126	280.722226288063	LRATD1
ENSG00000105609	-6.16786600985221	-2.78191871921182	-35.6582104987295	1.55931643125741e-127	1.09730506660541e-126	280.680628559422	LILRB5
ENSG00000186350	-1.61667733990148	5.31495837438423	-35.6404127044725	1.81986303110843e-127	1.27789304182253e-126	280.526010121678	RXRA
ENSG00000170667	-3.32600935960591	2.65624261083744	-35.6388630979171	1.84451471675744e-127	1.29427312728452e-126	280.512546025347	RASA4B
ENSG00000164379	-6.89415714285714	0.0922815270935962	-35.6301572261968	1.98936093983123e-127	1.39490819828424e-126	280.436897549295	FOXQ1
ENSG00000150593	-2.08888522167488	7.07313325123153	-35.6197374834136	2.17777897834203e-127	1.52538196396989e-126	280.346344124865	PDCD4
ENSG00000161940	-4.53337536945813	-1.14092266009852	-35.6113451617105	2.34245619002954e-127	1.63779173043139e-126	280.273400225798	BCL6B
ENSG00000267710	-9.60274137931034	-1.08511256157635	-35.5901238803255	2.8166955788591e-127	1.9679608509855e-126	280.088910888446	EDDM13
ENSG00000129451	-7.50930295566503	2.04583226600985	-35.5831464716797	2.99275531277062e-127	2.08947568139205e-126	280.028239743389	KLK10
ENSG00000137261	-5.51024482758621	-4.2636278325123	-35.5621826426684	3.59087527372339e-127	2.50349213696405e-126	279.845914758971	KIAA0319
ENSG00000138111	-1.83915566502463	2.59594433497537	-35.5528399107968	3.89468806649309e-127	2.71240178885987e-126	279.764642113116	MFSD13A
ENSG00000073910	-2.64670591133005	2.53123078817734	-35.5411700339724	4.31059849583778e-127	2.99991865404779e-126	279.663110193254	FRY
ENSG00000123159	-1.19438620689655	6.73126256157636	-35.5316101093035	4.68425917231054e-127	3.25648497848782e-126	279.579922845015	GIPC1
ENSG00000155974	-7.57643497536945	-1.7957302955665	-35.5052172091175	5.89305291224492e-127	4.09246766208565e-126	279.350200893368	GRIP1
ENSG00000071073	-4.30887980295566	-0.784169458128079	-35.491150587467	6.66028226541123e-127	4.62034916686781e-126	279.227730295049	MGAT4A
ENSG00000172005	-5.0721472906404	0.670282019704434	-35.456384518804	9.01376715906816e-127	6.24192196394437e-126	278.92493408438	MAL
ENSG00000131069	-1.56018226600986	4.86204679802955	-35.4441859105041	1.002379011464e-126	6.9364343633249e-126	278.818653957052	ACSS2
ENSG00000126705	-1.92203743842364	3.70590246305419	-35.4427038736137	1.0153982843002e-126	7.02404009621045e-126	278.805740468404	AHDC1
ENSG00000134909	-1.8615881773399	3.11195172413793	-35.4372892608966	1.06442068467741e-126	7.36054813162276e-126	278.758558773243	ARHGAP32
ENSG00000088827	-5.74839556650246	-3.05156822660098	-35.4357455484425	1.07882643783202e-126	7.45488905520275e-126	278.745106542391	SIGLEC1
ENSG00000106211	-1.65634039408866	10.2096879310345	-35.4350681254702	1.08520957156517e-126	7.49634692383406e-126	278.739203243534	HSPB1
ENSG00000169508	-6.82269556650246	-1.77667832512315	-35.4211307811971	1.2252667129847e-126	8.46083466612969e-126	278.61773560673	GPR183
ENSG00000256660	-7.80084532019704	-3.56354285714285	-35.3960031662921	1.52510871498732e-126	1.05238963659188e-125	278.398680204971	CLEC12B
ENSG00000175928	-6.45810098522167	-3.36171108374384	-35.3942035374863	1.54921255108387e-126	1.06864495846385e-125	278.382988511674	LRRN1
ENSG00000154265	-1.87742413793104	4.12303620689655	-35.3827630474885	1.7116247002883e-126	1.17942771131996e-125	278.283224734316	ABCA5
ENSG00000166257	-4.0840566502463	-2.06871995073892	-35.3676899983179	1.95193211626031e-126	1.34359483677207e-125	278.15175910173	SCN3B
ENSG00000281887	-8.38591576354679	-3.78799187192117	-35.3644084001447	2.00857576068684e-126	1.38209815194867e-125	278.123133549421	GIMAP1-GIMAP5
ENSG00000213853	-1.64159901477832	5.62621231527094	-35.3629808713067	2.03372746453336e-126	1.39842020098209e-125	278.110680718895	EMP2
ENSG00000184709	-8.99843645320196	-4.12897536945811	-35.360612529569	2.07615318749824e-126	1.42709059409393e-125	278.090020286044	LRRC26
ENSG00000066322	-1.55909162561576	7.18179507389163	-35.3493281238784	2.29079814957311e-126	1.57241929887452e-125	277.991570133484	ELOVL1
ENSG00000167286	-8.27336502463053	-4.48794852216747	-35.3459440714224	2.35940012914827e-126	1.61837126443719e-125	277.96204304589	CD3D
ENSG00000162444	-8.1366157635468	0.322012807881773	-35.3361850018622	2.56898086159105e-126	1.76089175718037e-125	277.876883567124	RBP7
ENSG00000112309	-2.59474679802956	-1.10577931034483	-35.2949197804651	3.68210954646757e-126	2.51769715735022e-125	277.516663327292	B3GAT2
ENSG00000228727	-3.19555665024631	2.84783300492611	-35.2897325334039	3.85261379805652e-126	2.63336057508292e-125	277.471366697599	SAPCD1
ENSG00000104859	-1.30653497536946	5.81091477832512	-35.2799749447343	4.19506819582449e-126	2.86543246007697e-125	277.386151292874	CLASRP
ENSG00000010671	-7.28020147783251	-2.21889236453202	-35.2718315138317	4.50410504030163e-126	3.07222410811778e-125	277.315023572526	BTK
ENSG00000132326	-3.0662118226601	2.17510049261084	-35.2589724361117	5.03919380435452e-126	3.4348073011753e-125	277.202690707391	PER2
ENSG00000105122	-4.67875320197044	-1.76332931034483	-35.2366512193932	6.12362751215213e-126	4.16526031473989e-125	277.00765027887	RASAL3
ENSG00000163873	-5.68692758620689	-5.58353029556649	-35.2277762753901	6.6171707899528e-126	4.49939984611195e-125	276.930084579828	GRIK3
ENSG00000165816	-7.57333349753694	-2.73272881773398	-35.2258358464159	6.73028047426693e-126	4.57471794880432e-125	276.913124200083	VWA2
ENSG00000141232	-2.02846699507389	5.59090492610838	-35.2192420826108	7.12930945764765e-126	4.84426166277296e-125	276.855487670549	TOB1
ENSG00000133597	-1.29317339901478	4.03405467980295	-35.2122995679609	7.57508241095126e-126	5.14179438953836e-125	276.79479678792	ADCK2
ENSG00000133392	-4.4382236453202	2.94389556650247	-35.2043068545661	8.12297214233181e-126	5.51177505574473e-125	276.724917662813	MYH11
ENSG00000117013	-4.45360886699507	-1.90875517241379	-35.1900739398715	9.19875484480974e-126	6.23957192562555e-125	276.600461513715	KCNQ4
ENSG00000180871	-7.87857783251231	-2.91245443349753	-35.1800255983634	1.00431342717248e-125	6.80523335430116e-125	276.512580999382	CXCR2
ENSG00000134240	-7.77086600985221	-1.08448128078818	-35.1591163436142	1.20573429543918e-125	8.16157242863614e-125	276.329672771817	HMGCS2
ENSG00000112679	-1.39484384236453	4.77946527093596	-35.1566355765714	1.23217238104717e-125	8.337642891421e-125	276.307968083386	DUSP22
ENSG00000196329	-5.74359408866995	-0.228598522167488	-35.1448071511139	1.36643960814038e-125	9.23338963425981e-125	276.204468383072	GIMAP5
ENSG00000105875	-1.60934876847291	3.25518571428572	-35.1286640211036	1.57364585524722e-125	1.06188492069203e-124	276.063186317215	WDR91
ENSG00000168675	-4.76864482758621	-0.931443596059114	-35.1238779700473	1.6409245859343e-125	1.10613826348148e-124	276.021293283901	LDLRAD4
ENSG00000182118	-2.03401527093596	3.52201403940887	-35.1183182608633	1.72270471198581e-125	1.16046520102126e-124	275.97262469267	FAM89A
ENSG00000234745	-2.38176699507388	8.70980073891626	-35.1004703540914	2.01385994268543e-125	1.35566141922007e-124	275.816361432994	HLA-B
ENSG00000006047	-4.6241960591133	-0.679014778325124	-35.0878862065222	2.24831369396122e-125	1.51192519640021e-124	275.706159772123	YBX2
ENSG00000163519	-6.44916354679802	-6.46206502463052	-35.0725020128316	2.57239823301915e-125	1.7280785929756e-124	275.5714105909	TRAT1
ENSG00000182732	-6.70983103448276	-4.4080908866995	-35.0470499475181	3.21454652866046e-125	2.15723448705641e-124	275.348412314164	RGS6
ENSG00000137875	-7.13580541871921	-1.07992684729064	-35.0384383617778	3.46635691039208e-125	2.3230297236928e-124	275.272943489652	BCL2L10
ENSG00000079805	-1.13211133004926	6.35401477832512	-35.0343060594898	3.59411222709452e-125	2.40782108816871e-124	275.236726180434	DNM2
ENSG00000185963	-1.33312118226601	5.06495418719212	-35.0298636210548	3.73672138396414e-125	2.50164471686972e-124	275.197788310845	BICD2
ENSG00000173156	-2.25356206896552	4.67476428571428	-35.0204152439327	4.05915861455279e-125	2.71564798512806e-124	275.114965266407	RHOD
ENSG00000161914	-1.71763891625616	2.39725246305419	-35.0169600750044	4.18390721442838e-125	2.79814903437233e-124	275.084674979646	ZNF653
ENSG00000163435	-5.4101684729064	1.71256403940887	-35.0115511843466	4.38695095490255e-125	2.93293860967177e-124	275.037254071653	ELF3
ENSG00000137266	-2.30252216748768	2.91578916256158	-34.9799860691058	5.78494584795726e-125	3.85702530743026e-124	274.760442654466	SLC22A23
ENSG00000116991	-2.89317290640394	1.4992302955665	-34.9792465692086	5.82256678164994e-125	3.88078444907923e-124	274.753956083838	SIPA1L2
ENSG00000007516	-3.03977586206897	-0.180098275862069	-34.979064892302	5.83184675504007e-125	3.8856443670983e-124	274.752362482731	BAIAP3
ENSG00000132017	-1.41346798029557	4.77459704433497	-34.9671735957472	6.47260257640577e-125	4.30962860470602e-124	274.648047515281	DCAF15
ENSG00000115616	-6.19998620689655	-4.24039704433497	-34.9561565598894	7.12902522675198e-125	4.74023174485155e-124	274.551386051898	SLC9A2
ENSG00000160678	-3.52686256157636	1.9844302955665	-34.945765472124	7.80915257360479e-125	5.18716721935366e-124	274.460202578974	S100A1
ENSG00000176641	-2.97268275862069	1.33494926108374	-34.9395359446905	8.24767358546263e-125	5.47472952469806e-124	274.405530970554	RNF152
ENSG00000180900	-1.60059950738916	5.59795837438424	-34.9277545920904	9.14557616169981e-125	6.06868758410654e-124	274.302122087822	SCRIB
ENSG00000105668	-6.85311231527094	-0.0336793103448275	-34.8784725719545	1.40937592448133e-124	9.32679455340813e-124	273.869368369796	UPK1A
ENSG00000121310	-1.78031428571429	5.97891330049262	-34.8634092316679	1.60864519126982e-124	1.06382891126209e-123	273.737033800938	ECHDC2
ENSG00000112812	-6.03605862068965	-0.47981157635468	-34.8585683887221	1.67849491152036e-124	1.10964639921958e-123	273.694499943471	PRSS16
ENSG00000095713	-6.97957192118226	-2.4929381773399	-34.8537868968125	1.75047019843058e-124	1.15683762657187e-123	273.652484683332	CRTAC1
ENSG00000179299	-5.72838916256157	-2.55120738916256	-34.8485901497708	1.83220660088464e-124	1.21044561847491e-123	273.606817296214	NSUN7
ENSG00000155849	-4.4545669950739	0.606416502463054	-34.8438339688405	1.91035990023061e-124	1.26079882371856e-123	273.565018494864	ELMO1
ENSG00000163590	-3.2461802955665	0.439315270935961	-34.8357235684817	2.05140900183397e-124	1.35343128676028e-123	273.493735216906	PPM1L
ENSG00000196182	-1.59788669950739	4.38277881773399	-34.8303100045623	2.15131622503715e-124	1.41886674551724e-123	273.44615016119	STK40
ENSG00000161905	-6.8710975369458	-4.6861660098522	-34.791640422683	3.0218284363105e-124	1.99031248070036e-123	273.106138759275	ALOX15
ENSG00000102245	-6.27645024630541	-6.2209581280788	-34.7770136321067	3.43643235740125e-124	2.2626267226528e-123	272.977480329251	CD40LG
ENSG00000197471	-6.71637487684728	-3.64657709359605	-34.776808170766	3.44264494671956e-124	2.26595377395735e-123	272.975672883443	SPN
ENSG00000101384	-2.95605862068966	4.7633460591133	-34.7738384414022	3.53370815749264e-124	2.32354390355724e-123	272.949547547787	JAG1
ENSG00000111405	-6.05770738916256	1.1895275862069	-34.7665118427865	3.76882291986685e-124	2.47647402488359e-123	272.885089179396	ENDOU
ENSG00000172578	-5.62902019704433	-4.91117413793102	-34.766219591362	3.77851971670214e-124	2.4820111698754e-123	272.882517853341	KLHL6
ENSG00000143614	-1.12947487684729	2.86283349753695	-34.7573193840344	4.08610302731182e-124	2.68225143969525e-123	272.804205708981	GATAD2B
ENSG00000172551	-11.3305660098522	2.26272487684729	-34.7527639915609	4.25311243966724e-124	2.79094436856874e-123	272.764119362572	MUCL1
ENSG00000016391	-5.19205566502463	-2.200710591133	-34.7511685213932	4.31320808041122e-124	2.82942975184277e-123	272.750078996992	CHDH
ENSG00000185090	-2.68467192118227	0.385950738916256	-34.7060634502042	6.41396623702898e-124	4.19905287115646e-123	272.353015714507	MANEAL
ENSG00000113263	-6.95445467980295	-4.16259334975368	-34.693149818492	7.18595156762695e-124	4.70130115616223e-123	272.239289034532	ITK
ENSG00000174775	-1.52914433497537	6.54472684729065	-34.6813246344489	7.97424697994217e-124	5.21179713986722e-123	272.13512964341	HRAS
ENSG00000099282	-3.13732512315271	1.40861674876847	-34.6641046826491	9.27965574732926e-124	6.06295662368133e-123	271.98342030213	TSPAN15
ENSG00000120963	-1.12675073891626	6.81762857142857	-34.6382545622455	1.16520593428265e-123	7.60282282729599e-123	271.755608517975	ZNF706
ENSG00000110448	-6.24957438423645	-4.50109261083742	-34.6338472829788	1.21133191844478e-123	7.90115098472891e-123	271.716759705233	CD5
ENSG00000157404	-5.84712807881773	0.171229556650246	-34.6268946335445	1.28784425875959e-123	8.391814773151e-123	271.655469279913	KIT
ENSG00000231389	-3.71197684729065	3.59687216748768	-34.6111656837988	1.47928057873869e-123	9.62640728262123e-123	271.516789818738	HLA-DPA1
ENSG00000118898	-3.48686059113301	5.71013275862069	-34.5885812279313	1.80507023168856e-123	1.17347579732727e-122	271.317612232353	PPL
ENSG00000015285	-2.93054581280788	-0.387322660098522	-34.583737757437	1.88380713885274e-123	1.22384837458312e-122	271.274888199483	WAS
ENSG00000205038	-7.31156945812808	-3.45629901477832	-34.5598867519851	2.32468581634328e-123	1.50776668513045e-122	271.06445661984	PKHD1L1
ENSG00000132692	-6.22986157635468	-1.03092832512315	-34.5538735816414	2.45128707318945e-123	1.58935142615356e-122	271.011392622269	BCAN
ENSG00000105852	-5.28814137931035	0.161605172413794	-34.5422052260058	2.71699327638156e-123	1.76046029864219e-122	270.908410766723	PON3
ENSG00000135439	-2.7350197044335	-1.32522807881773	-34.5271076067223	3.10405487670538e-123	2.01058801460314e-122	270.775137771105	AGAP2
ENSG00000154025	-6.76442216748768	-4.15103817733989	-34.520532880156	3.28943913387007e-123	2.12996088648406e-122	270.71709097123	SLC5A10
ENSG00000174611	-5.96402068965517	-0.980566502463055	-34.510862993116	3.58243537838209e-123	2.31814411140208e-122	270.631707831319	KY
ENSG00000143630	-2.1063960591133	1.83486502463054	-34.510389497794	3.59743539768021e-123	2.32707985903564e-122	270.627526662384	HCN3
ENSG00000162882	-4.4276921182266	0.301400246305419	-34.4767478680016	4.84120557123684e-123	3.12646527670557e-122	270.330384481675	HAAO
ENSG00000106852	-6.75005960591132	-2.96084704433497	-34.4759692606531	4.87459947971836e-123	3.14699118046436e-122	270.323505693328	LHX6
ENSG00000143001	-8.16795517241379	-2.84686379310344	-34.4663104614248	5.30855606981512e-123	3.4248861907008e-122	270.23816645241	TMEM61
ENSG00000186212	-5.56645073891625	-2.71931206896552	-34.4559868215135	5.8152566542924e-123	3.74807867869994e-122	270.14694014386	SOWAHB
ENSG00000187474	-6.66876305418718	-4.23228891625615	-34.438464609273	6.78862942151807e-123	4.37111684201997e-122	269.992072019924	FPR3
ENSG00000147180	-3.36694975369458	1.21192118226601	-34.4278508940572	7.45595439162806e-123	4.79921807382067e-122	269.898245144634	ZNF711
ENSG00000198938	-1.60548029556651	13.7079337438424	-34.4195233712831	8.02522751824011e-123	5.16224477160791e-122	269.824618667322	MT-CO3
ENSG00000273238	-8.0055660098522	-5.89815985221673	-34.4169848726765	8.20727060268622e-123	5.2776071772851e-122	269.80217320251	TMEM271
ENSG00000131650	-6.45783054187192	-1.14430985221675	-34.4088192178134	8.82138033833773e-123	5.67063863723013e-122	269.729966805792	KREMEN2
ENSG00000206579	-5.56135369458128	-6.59201379310343	-34.4045492579055	9.16062404423164e-123	5.8848427045488e-122	269.692205521102	XKR4
ENSG00000075461	-6.23949408866995	-5.10392881773398	-34.3972361190517	9.77227973715042e-123	6.27158918303427e-122	269.62752664515	CACNG4
ENSG00000132016	-3.31047093596059	0.884267980295565	-34.396780280374	9.81173212807999e-123	6.29484140666248e-122	269.623494893743	BRME1
ENSG00000183638	-5.47565615763546	-4.55678522167487	-34.3943388198943	1.00257696092758e-122	6.42793929476597e-122	269.601900491026	RP1L1
ENSG00000266524	-7.33376403940886	-3.94568251231526	-34.3692145080345	1.25193365130313e-122	8.01877660234865e-122	269.379635754573	GDF10
ENSG00000214128	-9.36568226600984	-4.67141305418717	-34.3569325984204	1.39556359310321e-122	8.93288691006317e-122	269.270953796952	TMEM213
ENSG00000106123	-3.65292118226601	5.3375763546798	-34.3542652691679	1.42887592213985e-122	9.1401287301005e-122	269.247348242864	EPHB6
ENSG00000169884	-6.38261773399014	-1.83033990147783	-34.3415622604881	1.59878676836937e-122	1.02169689429281e-121	269.134915845392	WNT10B
ENSG00000151948	-6.55853645320196	-3.45896773399014	-34.3156141960096	2.01137051703197e-122	1.28409678679643e-121	268.905190572979	GLT1D1
ENSG00000145506	-6.54962413793104	0.442624876847291	-34.2724996932431	2.94600965163178e-122	1.87588532460698e-121	268.523299418958	NKD2
ENSG00000173372	-6.01534827586207	0.193156403940887	-34.26364146126	3.18639629479381e-122	2.02631163009634e-121	268.444807845588	C1QA
ENSG00000082196	-2.42319704433497	1.48694137931034	-34.2628499348313	3.20880944067718e-122	2.03990091378378e-121	268.437793759992	C1QTNF3
ENSG00000100949	-1.04839064039408	4.67835886699507	-34.2511660014221	3.55863328366913e-122	2.25935060524568e-121	268.334247825788	RABGGTA
ENSG00000081237	-4.88024729064039	-1.57894827586207	-34.2440049607382	3.79166580668803e-122	2.40495726044458e-121	268.270776434118	PTPRC
ENSG00000175318	-4.30344433497537	-0.81432118226601	-34.2267226996115	4.41898260623773e-122	2.79921420068388e-121	268.117569814108	GRAMD2A
ENSG00000169994	-5.48175073891625	-1.25794187192118	-34.1936138409509	5.9258634613895e-122	3.74525303242152e-121	267.823956376309	MYO7B
ENSG00000117115	-5.71442955665024	-0.98202512315271	-34.1915559730441	6.03495354452591e-122	3.81296676906322e-121	267.805702413147	PADI2
ENSG00000173805	-6.12546502463054	-3.23188275862068	-34.1891633995317	6.16431817722379e-122	3.89344233417283e-121	267.784478833973	HAP1
ENSG00000099814	-1.56292857142857	4.3765224137931	-34.1644692185426	7.67313498975576e-122	4.84329470186715e-121	267.565384529364	CEP170B
ENSG00000104946	-1.33601773399015	5.50086650246306	-34.1634437494622	7.74323149997645e-122	4.88596157483177e-121	267.556284601602	TBC1D17
ENSG00000255152	-2.57218965517241	2.39658694581281	-34.1580433670633	8.12309934960557e-122	5.1240028240798e-121	267.508359879783	MSH5-SAPCD1
ENSG00000263155	-5.69596403940886	-0.338161330049261	-34.1522655025499	8.55021259464409e-122	5.39168294690335e-121	267.457081212338	MYZAP
ENSG00000115353	-6.19105960591133	-2.72589482758621	-34.144574796803	9.1538281173827e-122	5.77045513128686e-121	267.388819546424	TACR1
ENSG00000118513	-6.45451034482758	-1.46007783251232	-34.1189644881378	1.14889678238237e-121	7.23316395660964e-121	267.161452447922	MYB
ENSG00000240583	-4.09203743842365	4.5153	-34.1129495824165	1.21188673473484e-121	7.62727554595437e-121	267.108040479333	AQP1
ENSG00000125746	-1.14633399014779	5.29916305418719	-34.1067211249373	1.28076113194655e-121	8.05556293546813e-121	267.05272740578	EML2
ENSG00000138439	-2.04233054187192	1.13086625615764	-34.0988688206156	1.37320693413327e-121	8.63146024664919e-121	266.98298650317	FAM117B
ENSG00000154783	-4.66612857142857	-0.0634608374384236	-34.0966256157922	1.4008233208485e-121	8.80221522058565e-121	266.963061871206	FGD5
ENSG00000241404	-1.97645911330049	3.83168177339901	-34.0841081538831	1.5654608408645e-121	9.82725208871634e-121	266.851867479322	EGFL8
ENSG00000109255	-9.5018881773399	-0.157272660098523	-34.0553541636473	2.02083286376314e-121	1.26655278459459e-120	266.596367333216	NMU
ENSG00000282034	-1.48239014778325	2.36020886699507	-34.0414713988175	2.28604421985996e-121	1.43231407965705e-120	266.472971765686	
ENSG00000092445	-1.71055073891626	3.88561231527094	-34.0207537708817	2.74804962626252e-121	1.72012766804684e-120	266.288780285866	TYRO3
ENSG00000142623	-5.21965467980296	-0.340914039408867	-34.0141622345562	2.9138233783051e-121	1.82330888436882e-120	266.230166505789	PADI1
ENSG00000117154	-7.35858620689654	-4.27166798029555	-34.0050424734322	3.15982425090875e-121	1.97597713636028e-120	266.149062068669	IGSF21
ENSG00000105516	-3.25073497536946	3.85775172413793	-33.9978992808501	3.36695100346199e-121	2.10415594850189e-120	266.085528498238	DBP
ENSG00000170837	-6.38590295566502	-2.60070615763547	-33.9916242735018	3.56009528514747e-121	2.22414904291406e-120	266.029711537458	GPR27
ENSG00000164485	-5.84869113300491	-6.50301699507387	-33.9885270653572	3.65947902725469e-121	2.28550780283193e-120	266.002159672308	IL22RA2
ENSG00000100321	-2.88237290640394	3.65175640394089	-33.9797187627773	3.95757394390585e-121	2.47089169366799e-120	265.923796998594	SYNGR1
ENSG00000186832	-6.46148078817734	3.68064334975369	-33.9704947365051	4.29584389712029e-121	2.6812322400998e-120	265.841725438226	KRT16
ENSG00000198478	-2.46925123152709	1.44851034482759	-33.929183592298	6.20343440271293e-121	3.86444102957654e-120	265.47402524562	SH3BGRL2
ENSG00000153563	-6.83649901477832	-4.29141847290639	-33.9086347352156	7.44811524149086e-121	4.63686104011515e-120	265.291045380692	CD8A
ENSG00000186105	-3.98549950738916	-0.578704433497537	-33.8946221096318	8.43749425655316e-121	5.25113097966758e-120	265.166237877462	LRRC70
ENSG00000120332	-7.4151408866995	-4.51549261083743	-33.8650196025286	1.09819595514904e-120	6.830345434603e-120	264.902493738727	TNN
ENSG00000160799	-1.19161428571429	5.57799581280788	-33.8628262134522	1.11985833574091e-120	6.96286083265952e-120	264.882947327509	CCDC12
ENSG00000158869	-3.5364960591133	1.80603078817734	-33.860940735234	1.1388214903307e-120	7.07626377235056e-120	264.866144385833	FCER1G
ENSG00000060069	-1.1352960591133	3.95519926108374	-33.8569581628771	1.17993993981522e-120	7.32942984865513e-120	264.830651167643	CTDP1
ENSG00000108262	-1.18409901477833	4.62484408866995	-33.845817602391	1.30303240000581e-120	8.08890062290774e-120	264.731354452609	GIT1
ENSG00000112659	-1.48208275862069	4.6362157635468	-33.8440345824409	1.32389378242827e-120	8.21579304420874e-120	264.715460809228	CUL9
ENSG00000178075	-2.31700147783251	2.15969827586207	-33.8429157791871	1.33715428076499e-120	8.29545046181254e-120	264.705487717047	GRAMD1C
ENSG00000139116	-1.79082561576355	2.63518128078818	-33.8395798860715	1.37748753844077e-120	8.54024793026953e-120	264.67575039704	KIF21A
ENSG00000111863	-3.41593793103449	1.97917536945813	-33.8366260063722	1.41421806530016e-120	8.76519170063296e-120	264.649417315362	ADTRP
ENSG00000126262	-7.15362709359604	-4.53557758620688	-33.8339498854707	1.44834101753727e-120	8.9729672738163e-120	264.6255594391	FFAR2
ENSG00000108219	-1.37774679802956	5.32635369458129	-33.8283983347893	1.52178093002623e-120	9.42289066367951e-120	264.576063969316	TSPAN14
ENSG00000099338	-4.06326305418719	-0.0675556650246303	-33.8238547421004	1.58465408464079e-120	9.80909411531526e-120	264.535552190208	CATSPERG
ENSG00000102878	-2.51038522167488	4.59076798029557	-33.8164606396242	1.69258242392142e-120	1.04705431238596e-119	264.469619046139	HSF4
ENSG00000149179	-1.16757339901478	4.89131379310344	-33.8031771357651	1.90530615537218e-120	1.17790233749709e-119	264.351152970852	CSTPP1
ENSG00000250641	-7.52754827586205	-5.76948152709358	-33.7976391570138	2.00171769025924e-120	1.23711470914124e-119	264.301757172983	LY6G6F-LY6G6D
ENSG00000129654	-5.95116305418719	-3.36024802955664	-33.7920544464753	2.10389216431326e-120	1.29965135853608e-119	264.251940664769	FOXJ1
ENSG00000168993	-3.22605320197044	-0.870254679802955	-33.7904772097683	2.13368300274275e-120	1.31742285117216e-119	264.237870754924	CPLX1
ENSG00000163982	-6.01188325123152	-6.74454359605909	-33.7879859479964	2.18160102622684e-120	1.34615873869671e-119	264.215646551721	OTOP1
ENSG00000172987	-6.36598275862069	-2.75371699507389	-33.7725268194976	2.50401003127104e-120	1.54412634998733e-119	264.077720427938	HPSE2
ENSG00000161958	-3.92314581280788	2.0924236453202	-33.7482119157955	3.11038653279051e-120	1.91599574946357e-119	263.860722682119	FGF11
ENSG00000127951	-3.92072807881774	-0.114286699507389	-33.7481876823823	3.11105895808032e-120	1.91599574946357e-119	263.860506374724	FGL2
ENSG00000070423	-1.23783349753695	5.45301280788178	-33.7292409759663	3.68397218253519e-120	2.26532990532104e-119	263.69136562275	RNF126
ENSG00000198910	-3.97906157635468	0.064079556650246	-33.7249966287995	3.82616360163884e-120	2.35202545150129e-119	263.653469391926	L1CAM
ENSG00000124782	-1.31014236453202	3.18704852216749	-33.7024049397235	4.68084933494365e-120	2.87380325804174e-119	263.451718493022	RREB1
ENSG00000100341	-7.66484334975368	-4.81577192118225	-33.6951840795195	4.99249001590128e-120	3.06032747461552e-119	263.387220469576	PNPLA5
ENSG00000196169	-6.216121182266	-4.8560369458128	-33.6634550397929	6.62753860993431e-120	4.06004261803562e-119	263.103733667582	KIF19
ENSG00000163106	-7.93480098522167	-3.2324921182266	-33.6542686026418	7.19423371128358e-120	4.40443969880651e-119	263.021632864828	HPGDS
ENSG00000088836	-2.44916847290641	2.07571527093596	-33.6508362049562	7.41821257739716e-120	4.54014125234874e-119	262.990954214775	SLC4A11
ENSG00000234965	-6.67606551724137	-5.98830073891624	-33.6349829996837	8.54681484300913e-120	5.22923781033451e-119	262.849239701666	SHISA8
ENSG00000122224	-6.61401182266008	-5.10739113300491	-33.6253769478112	9.31277561862122e-120	5.69609581030034e-119	262.763354267159	LY9
ENSG00000112406	-1.42699753694581	3.53668448275862	-33.6176729403648	9.97647244194034e-120	6.0982240994807e-119	262.694466222261	HECA
ENSG00000175356	-3.16300246305419	1.6133066502463	-33.5931779363931	1.24182139373525e-119	7.58127887421873e-119	262.475386363328	SCUBE2
ENSG00000216921	-8.3234251231527	-3.70154655172413	-33.5888282148755	1.2910612212007e-119	7.87942485468587e-119	262.436475223384	FAM240C
ENSG00000138964	-6.31324433497536	-1.99056305418719	-33.5884556771834	1.2953682674229e-119	7.90324279799509e-119	262.433142517	PARVG
ENSG00000105538	-3.51842906403941	1.59182980295566	-33.5761592109949	1.44590521585765e-119	8.81893874166358e-119	262.32312911314	RASIP1
ENSG00000134245	-2.09566945812808	1.65889039408867	-33.5747239794189	1.46458065305142e-119	8.93005776035281e-119	262.310287223563	WNT2B
ENSG00000007255	-1.95607536945812	4.71557807881773	-33.5233318692508	2.31931214233388e-119	1.41240255174474e-118	261.850281065137	TRAPPC6A
ENSG00000160188	-4.29756305418719	-0.960258866995075	-33.5221294676027	2.34440132446711e-119	1.42723646986717e-118	261.839514523582	RSPH1
ENSG00000132517	-4.84409162561576	-0.417495073891625	-33.4984237260211	2.89849734937222e-119	1.76291426086001e-118	261.627211738689	SLC52A1
ENSG00000198502	-7.54554187192118	-0.436718719211823	-33.4972103998951	2.93014936846378e-119	1.78161104413563e-118	261.61634359936	HLA-DRB5
ENSG00000165215	-7.48358571428571	-1.38171157635468	-33.4901057756929	3.12256052083833e-119	1.8980117480007e-118	261.552701579114	CLDN3
ENSG00000104894	-2.85306403940887	0.553489655172414	-33.4690969550084	3.76880997129204e-119	2.28655959202077e-118	261.364471220062	CD37
ENSG00000148400	-2.30419655172414	3.22314556650246	-33.4633450199902	3.96803025697764e-119	2.40668054878513e-118	261.312926640811	NOTCH1
ENSG00000130669	-1.37840591133005	4.64268916256157	-33.4574043108194	4.18486820872503e-119	2.53740907647858e-118	261.25968606819	PAK4
ENSG00000120280	-5.89744187192117	-6.25244950738915	-33.4523469958737	4.37878963023775e-119	2.65334285129011e-118	261.214358990787	TASL
ENSG00000082458	-1.67094581280788	2.58137980295566	-33.450919972228	4.43511890634961e-119	2.68581015394745e-118	261.201568461596	DLG3
ENSG00000154655	-4.80432660098522	0.114453940886699	-33.443269626623	4.74971274328575e-119	2.87453968501982e-118	261.132993452899	L3MBTL4
ENSG00000136167	-4.07452610837439	1.46759556650246	-33.4429585655946	4.76296653582358e-119	2.8816684843054e-118	261.130205056499	LCP1
ENSG00000132622	-3.5545354679803	0.275686945812808	-33.438238300416	4.96869574111917e-119	3.00520743339371e-118	261.087890428015	HSPA12B
ENSG00000156218	-5.08193004926108	-2.56094729064039	-33.4302629350121	5.33672054306441e-119	3.22380812527248e-118	261.016389259593	ADAMTSL3
ENSG00000166220	-6.91328423645319	-6.09753374384235	-33.4262510895718	5.53204637962018e-119	3.34076793419461e-118	260.980419046732	TBATA
ENSG00000173714	-6.22919261083743	-4.43002241379309	-33.4256641630486	5.56121648175136e-119	3.35734607619354e-118	260.975156493979	WFIKKN2
ENSG00000091592	-1.70490591133005	4.9422775862069	-33.4165343734051	6.03531895782521e-119	3.64243987257011e-118	260.893290622409	NLRP1
ENSG00000135549	-3.6195472906404	0.135991871921182	-33.4116520363701	6.30525545406418e-119	3.80300315071982e-118	260.849506943024	PKIB
ENSG00000102572	-1.23723103448276	6.42237216748768	-33.4090124581554	6.45619563548752e-119	3.89284094750686e-118	260.825834570752	STK24
ENSG00000110848	-7.53590344827585	-3.02030197044335	-33.4059051257964	6.63852805651645e-119	4.00154581370896e-118	260.797966151665	CD69
ENSG00000179270	-5.11252512315271	-6.52283152709358	-33.4038490127237	6.76200340952253e-119	4.07471694816186e-118	260.779525034259	PCARE
ENSG00000188290	-3.35726009852216	1.75686502463054	-33.3958789465955	7.26276004028455e-119	4.37511888739953e-118	260.708037144382	HES4
ENSG00000137474	-3.97066108374384	-2.766060591133	-33.3907997184534	7.60109553429609e-119	4.57611241316125e-118	260.662474625615	MYO7A
ENSG00000240386	-12.3719285714286	-1.6968263546798	-33.3722648099022	8.97528673962554e-119	5.39677087586961e-118	260.496182445015	LCE1F
ENSG00000182601	-6.80757487684728	-5.67465935960589	-33.3584649645341	1.01576899799118e-118	6.10398455065919e-118	260.372344622024	HS3ST4
ENSG00000100592	-1.89558128078818	4.25761280788177	-33.3536319832624	1.06076830687378e-118	6.37243598307021e-118	260.328968523161	DAAM1
ENSG00000174951	-4.65255812807881	-2.05182339901478	-33.3253722576672	1.36686013053958e-118	8.2036795672618e-118	260.075278574044	FUT1
ENSG00000073734	-5.9359448275862	-5.63073596059112	-33.3138146511539	1.51623487605549e-118	9.09740925633296e-118	259.9714962399	ABCB11
ENSG00000255221	-8.00325615763546	-5.74943990147781	-33.3092429204312	1.5797394749368e-118	9.47552756881984e-118	259.930439463094	CARD17P
ENSG00000164976	-1.95601625615764	0.15382881773399	-33.3022699571398	1.6817668842022e-118	1.00813154757912e-117	259.867813210399	MYORG
ENSG00000188389	-6.23957684729063	-6.01432684729062	-33.2830753520434	1.99801709359028e-118	1.19660588547169e-117	259.695389424525	PDCD1
ENSG00000276490	-7.002360591133	-5.72800394088668	-33.2801041540499	2.05203470193137e-118	1.22858033532913e-117	259.668695253001	
ENSG00000185966	-10.1381014778325	-2.23535862068965	-33.254543481171	2.58150171641772e-118	1.54463277839054e-117	259.439004680039	LCE3E
ENSG00000033627	-1.3604566502463	5.18295197044335	-33.2448707182097	2.81582619028337e-118	1.6838089170905e-117	259.35206307703	ATP6V0A1
ENSG00000144119	-6.68927832512314	-5.79746724137929	-33.2385183670349	2.98118625311459e-118	1.78214566406746e-117	259.294959950115	C1QL2
ENSG00000185736	-6.71644778325122	-4.87310665024629	-33.2352179443302	3.07090476207182e-118	1.83465670621851e-117	259.265289506267	ADARB2
ENSG00000078596	-4.25866206896552	2.21868128078818	-33.2191631854224	3.5474437451304e-118	2.11676780663628e-117	259.120939576748	ITM2A
ENSG00000166426	-8.98081871921181	-2.63861527093596	-33.2133747071288	3.73686017100512e-118	2.22843214714013e-117	259.068886909282	CRABP1
ENSG00000198223	-7.85032955665024	-3.04612635467979	-33.2131609120148	3.74404693008624e-118	2.23203676350657e-117	259.066964284955	CSF2RA
ENSG00000188803	-6.29296896551724	-4.43107118226599	-33.1936609282017	4.46128120636793e-118	2.65556982439361e-117	258.891580164576	SHISA6
ENSG00000111261	-1.80561674876847	3.3276118226601	-33.1812768945178	4.98667945278409e-118	2.96560224790951e-117	258.780172742676	MANSC1
ENSG00000185290	-7.88691182266008	-4.11300123152708	-33.180789576009	5.00857630054958e-118	2.97771822529175e-117	258.775788408549	NUPR2
ENSG00000090659	-6.4848078817734	-4.47691133004925	-33.1759984924818	5.22905023366518e-118	3.10784974654151e-117	258.732682146572	CD209
ENSG00000158458	-4.0934197044335	-0.434433004926108	-33.1711670637754	5.46122582615527e-118	3.24485482197404e-117	258.689209993367	NRG2
ENSG00000103044	-3.33436995073892	0.563559852216749	-33.1418130304439	7.1112903612581e-118	4.22141057836287e-117	258.425026183699	HAS3
ENSG00000134533	-5.06081280788177	-0.220398522167487	-33.1344917715606	7.59543890872607e-118	4.50607368410215e-117	258.359118739641	RERG
ENSG00000166682	-3.2388802955665	-1.12287512315271	-33.1309654257424	7.84027851605276e-118	4.64991571352665e-117	258.327371481905	TMPRSS5
ENSG00000140854	-1.2481197044335	4.30063669950739	-33.1152582894891	9.03051918227346e-118	5.34933027765953e-117	258.185943240276	KATNB1
ENSG00000064687	-2.60715714285714	2.7824854679803	-33.1111736851646	9.36864869843485e-118	5.54626273446876e-117	258.149160116991	ABCA7
ENSG00000133134	-5.48424384236454	1.06152980295567	-33.080862521992	1.23075918286554e-117	7.27950845991474e-117	257.87613377732	BEX2
ENSG00000224051	-1.1590118226601	4.36165467980295	-33.073166325442	1.31907023777963e-117	7.79711753983348e-117	257.806792436162	CPTP
ENSG00000163050	-1.97128374384236	4.24669162561576	-33.0704103094106	1.35221482673988e-117	7.9857909169389e-117	257.781959435094	COQ8A
ENSG00000187045	-4.1049566502463	-1.93784088669951	-33.0703380735562	1.35309468194709e-117	7.98857289263144e-117	257.781308543335	TMPRSS6
ENSG00000146090	-6.8251133004926	-4.85965862068964	-33.0574631241652	1.51943773784909e-117	8.96794088584924e-117	257.665286541672	RASGEF1C
ENSG00000188039	-5.58498275862069	-5.81561108374384	-33.0522298515353	1.59277021352877e-117	9.3894164442773e-117	257.618121249188	NWD1
ENSG00000178776	-9.75314581280788	1.51855418719212	-33.047655737655	1.65976354824927e-117	9.78139302167893e-117	257.576893884487	C5orf46
ENSG00000181085	-5.06013842364532	0.766870197044335	-33.0417449616776	1.75053087100958e-117	1.03069823083065e-116	257.523615068911	MAPK15
ENSG00000043462	-7.13071428571428	-1.7181566502463	-33.00181868859	2.50850455717231e-117	1.47476522431592e-116	257.163611901517	LCP2
ENSG00000187170	-8.95862019704432	-5.12145443349751	-32.9873264510755	2.85857304745085e-117	1.68006720280555e-116	257.032890669161	LCE4A
ENSG00000175065	-6.27321477832512	-6.24156798029555	-32.9868348747179	2.87126927276391e-117	1.68702177174842e-116	257.028456149551	DSG4
ENSG00000204564	-1.06698275862069	3.75538448275862	-32.935127345695	4.5771292234229e-117	2.68365614413832e-116	256.561833586961	C6orf136
ENSG00000080709	-6.53255665024629	-4.8574463054187	-32.9327431733511	4.67664690466863e-117	2.74118277777548e-116	256.540310154267	KCNN2
ENSG00000174564	-2.80872906403941	5.89519852216749	-32.9250940474457	5.01079502069353e-117	2.93528046446022e-116	256.471251879302	IL20RB
ENSG00000206432	-5.75568916256157	-5.9730790640394	-32.9198240421915	5.2548252009085e-117	3.07638688065171e-116	256.423668681935	TMEM200C
ENSG00000188818	-3.44488965517242	1.0050645320197	-32.9192165132455	5.28371156846421e-117	3.09237171221706e-116	256.418183044087	ZDHHC11
ENSG00000183628	-2.42128965517241	3.4959921182266	-32.8958136662835	6.52630013094535e-117	3.8093475853923e-116	256.206833812477	DGCR6
ENSG00000139597	-2.6436960591133	3.14261551724138	-32.8863938318383	7.10553254396451e-117	4.14249155650819e-116	256.121744815515	N4BP2L1
ENSG00000011677	-5.71349064039408	-6.30952463054186	-32.8783363246187	7.64168533996228e-117	4.45240950845387e-116	256.048952910351	GABRA3
ENSG00000163932	-1.12979655172414	4.38612733990148	-32.8763080175949	7.7829179470092e-117	4.53334672192113e-116	256.030627815787	PRKCD
ENSG00000138109	-7.1971133004926	-4.06112019704432	-32.8343751453837	1.13662560796869e-116	6.61266377818524e-116	255.65166334406	CYP2C9
ENSG00000275688	-7.79596748768471	-5.64444088669949	-32.8340959528201	1.13949609948321e-116	6.62739070717291e-116	255.649139434396	CCL15-CCL14
ENSG00000142178	-6.78423546798029	2.08622068965517	-32.8253096672603	1.23363821015457e-116	7.17065969745406e-116	255.569706182845	SIK1
ENSG00000187486	-6.89695320197043	-3.22923669950738	-32.8206631956757	1.28653313369253e-116	7.47367137295464e-116	255.527695434969	KCNJ11
ENSG00000157388	-5.27328374384236	-3.96035073891625	-32.816360968443	1.33753246843898e-116	7.76531773566092e-116	255.488794755839	CACNA1D
ENSG00000205560	-2.54938916256158	2.68427142857143	-32.8146278674604	1.35864462566963e-116	7.88339369800322e-116	255.473123430738	CPT1B
ENSG00000235194	-1.73767733990148	2.93415837438424	-32.8146252137691	1.35867720677898e-116	7.88339369800322e-116	255.473099434817	PPP1R3E
ENSG00000112182	-3.78797044334975	-1.19999408866995	-32.7913727852484	1.6764320833177e-116	9.71555034762587e-116	255.262806470354	BACH2
ENSG00000143554	-2.07622068965518	4.29901428571428	-32.7898337823563	1.69991747262285e-116	9.8487362140515e-116	255.248885489999	SLC27A3
ENSG00000164849	-2.58203546798029	2.1083433497537	-32.7714728916176	2.0068714805385e-116	1.16099119220495e-115	255.082780193828	GPR146
ENSG00000163803	-3.25403201970444	0.295571674876847	-32.7711762277788	2.01226199034694e-116	1.16376513215034e-115	255.080096024073	PLB1
ENSG00000092421	-2.60660098522168	1.04082118226601	-32.7604456126849	2.2173054787519e-116	1.28196993093993e-115	254.982999684483	SEMA6A
ENSG00000134121	-6.31219310344827	-0.00453103448275889	-32.7595390517701	2.23555849743711e-116	1.29214090969879e-115	254.974795981649	CHL1
ENSG00000196411	-1.16150738916256	4.62224778325123	-32.7534390481716	2.36235353136615e-116	1.36341147991605e-115	254.919592826161	EPHB4
ENSG00000106330	-1.25252807881774	4.69322807881773	-32.7528871970991	2.37417366798784e-116	1.36982881074161e-115	254.9145985158	MOSPD3
ENSG00000007237	-3.20638916256158	3.17583793103448	-32.7237273656402	3.09080453684917e-116	1.78120030253926e-115	254.650645169584	GAS7
ENSG00000164879	-2.98704285714286	-0.114127832512315	-32.7199647451424	3.19784153739555e-116	1.84234137157381e-115	254.616578424545	CA3
ENSG00000116133	-2.17520492610837	6.64036403940887	-32.7103895367691	3.48727845738263e-116	2.0084997233767e-115	254.529876612966	DHCR24
ENSG00000165457	-7.99537192118226	-2.26450517241379	-32.7023536079589	3.7503422745954e-116	2.15810331949774e-115	254.45710391961	FOLR2
ENSG00000173320	-5.81151921182265	-1.93707438423645	-32.6962126309902	3.96469374502638e-116	2.27876603427369e-115	254.401486346502	STOX2
ENSG00000173110	-4.20378226600985	-0.641937931034482	-32.6880983493831	4.2668571524142e-116	2.44955706440888e-115	254.327989777578	HSPA6
ENSG00000203837	-7.51707438423645	-0.800195812807882	-32.6831928931982	4.46060647211991e-116	2.55928278561853e-115	254.283553759916	PNLIPRP3
ENSG00000108830	-3.54171231527094	-0.914643349753694	-32.6826623570387	4.48208193566335e-116	2.57084957988651e-115	254.278747725328	RND2
ENSG00000141505	-2.10405270935961	0.915289408866995	-32.6825033678355	4.48853776961663e-116	2.57379709782418e-115	254.277307463047	ASGR1
ENSG00000196781	-1.90445221674877	3.7001802955665	-32.6744963981963	4.82600069767132e-116	2.76486970489279e-115	254.204769320814	TLE1
ENSG00000267795	-9.4224369458128	-2.0314224137931	-32.627067229481	7.4155674041089e-116	4.23852056774192e-115	253.774927559286	SMIM22
ENSG00000107736	-3.38298128078818	-1.48993645320197	-32.6032040606674	9.20562308073477e-116	5.25551522768679e-115	253.558554565604	CDH23
ENSG00000137968	-7.10170443349753	-2.35848177339901	-32.6002496245835	9.4554439740103e-116	5.39656209521347e-115	253.531761082187	SLC44A5
ENSG00000185479	-6.6790354679803	2.81573300492611	-32.5865825694438	1.07024184832192e-115	6.10468949209192e-115	253.407801851039	KRT6B
ENSG00000166394	-1.5190921182266	4.95858842364532	-32.5865096860443	1.07094917152759e-115	6.10694155529388e-115	253.407140741638	CYB5R2
ENSG00000133135	-2.45701477832512	0.85477684729064	-32.5779153278456	1.15772526961097e-115	6.59984457956175e-115	253.329178577575	RNF128
ENSG00000143878	-2.41351477832513	6.83455738916257	-32.5297662595604	1.79161923207314e-115	1.01956386235217e-114	252.892233695871	RHOB
ENSG00000068615	-4.2369763546798	-2.08872906403941	-32.523725559357	1.89254610570719e-115	1.07637182764057e-114	252.837395051512	REEP1
ENSG00000204252	-6.57257881773399	-2.2764224137931	-32.5212331795081	1.93582984090276e-115	1.10034865476794e-114	252.814767427871	HLA-DOA
ENSG00000115468	-4.59617536945813	1.46872906403941	-32.4573853041196	3.45589593714234e-115	1.96151955863014e-114	252.234848000145	EFHD1
ENSG00000160593	-7.23820541871921	-2.31070517241379	-32.4420674173534	3.97171094765539e-115	2.25232662040283e-114	252.09564315476	JAML
ENSG00000105373	-1.6524172413793	8.49110812807881	-32.4334784570074	4.29397814200493e-115	2.43437542358748e-114	252.017576279272	NOP53
ENSG00000119912	-1.63003152709359	4.55253842364532	-32.4282374662432	4.50336058980354e-115	2.55159967080142e-114	251.969935321344	IDE
ENSG00000049246	-3.01359064039409	2.02153522167488	-32.424189494188	4.67205448828888e-115	2.64564731411595e-114	251.93313665687	PER3
ENSG00000074370	-4.06468472906404	2.08601280788177	-32.420475878499	4.83237529752994e-115	2.73484732303302e-114	251.899375722939	ATP2A3
ENSG00000205213	-1.94537290640394	2.87142389162562	-32.3921260789923	6.25236708391443e-115	3.53643292485834e-114	251.641587996436	LGR4
ENSG00000135697	-6.04747339901477	-5.65350665024629	-32.3913087250993	6.29898877574027e-115	3.56177195183786e-114	251.634154236325	BCO1
ENSG00000122574	-5.26712364532019	-3.46817216748768	-32.390023734056	6.37298934226627e-115	3.60257326371326e-114	251.622467191323	WIPF3
ENSG00000089041	-3.35016502463054	1.62256280788177	-32.3135422578108	1.27762991529331e-114	7.19522876215041e-114	250.926497355749	P2RX7
ENSG00000090776	-1.55662216748769	4.68854310344828	-32.3112733581371	1.30428001908921e-114	7.34319796399923e-114	250.905839668888	EFNB1
ENSG00000108932	-4.4834408866995	-1.2596184729064	-32.3056466748252	1.37279724567673e-114	7.72672919787289e-114	250.854607571087	SLC16A6
ENSG00000000938	-5.41694827586207	-1.05507216748769	-32.3010650456925	1.43124295648303e-114	8.05336880379828e-114	250.812888014791	FGR
ENSG00000185291	-5.0439157635468	-0.535308620689655	-32.2971072180299	1.48373356095007e-114	8.34391978362194e-114	250.776846603359	IL3RA
ENSG00000147689	-7.01456256157635	-1.79375960591133	-32.2851216595378	1.65474730314992e-114	9.30027949328608e-114	250.667689964325	FAM83A
ENSG00000173198	-6.18365763546797	-4.07828743842364	-32.2612496487258	2.0564324431357e-114	1.15446144222229e-113	250.450226410583	CYSLTR1
ENSG00000101446	-8.18509507389161	-5.82789778325121	-32.2588563277947	2.10173814709825e-114	1.17955677399753e-113	250.428420424096	SPINT3
ENSG00000174946	-6.77432709359605	-5.62249901477831	-32.2539563423986	2.19763767770744e-114	1.2330242749859e-113	250.38377355075	GPR171
ENSG00000106003	-3.22917093596059	3.62169433497538	-32.2441287176404	2.40339032270157e-114	1.34807846401361e-113	250.294218894952	LFNG
ENSG00000179913	-7.50110541871921	-3.04611576354679	-32.2432873416894	2.4218775837399e-114	1.35805829961105e-113	250.286551266004	B3GNT3
ENSG00000106302	-6.81631527093595	-5.42991428571427	-32.2337804051233	2.64093337448108e-114	1.48046815846555e-113	250.19990656004	HYAL4
ENSG00000108813	-5.33782610837438	-1.29202290640394	-32.2297781801393	2.73898678295196e-114	1.53499511650264e-113	250.163427581434	DLX4
ENSG00000136895	-2.38844039408867	1.70129901477832	-32.2051351145447	3.42842719456875e-114	1.91862325991588e-113	249.938770489312	GARNL3
ENSG00000170775	-5.80873399014778	-2.12342512315271	-32.1921782853598	3.85810611227383e-114	2.15599398473135e-113	249.820620238532	GPR37
ENSG00000174373	-1.32124827586207	3.54134236453202	-32.187369906939	4.03094224989833e-114	2.25193463257613e-113	249.776768506652	RALGAPA1
ENSG00000205420	-5.71673743842364	4.41938645320197	-32.1806616135408	4.28510288535561e-114	2.39324037112373e-113	249.715585052779	KRT6A
ENSG00000170323	-5.19390049261084	2.89851724137931	-32.1581174535868	5.26283374748534e-114	2.93176445534089e-113	249.509928807767	FABP4
ENSG00000106351	-1.88563990147783	3.84000467980295	-32.1400084840468	6.2077993387778e-114	3.45325404720739e-113	249.344686628913	AGFG2
ENSG00000205358	-9.09649507389161	-2.28773325123152	-32.1325407942851	6.64534482444466e-114	3.693496261641e-113	249.27653307862	MT1H
ENSG00000160868	-6.60337733990147	-2.76453399014778	-32.1250188995376	7.11729721151247e-114	3.95243597918092e-113	249.207877878706	CYP3A4
ENSG00000167851	-7.33995172413793	-2.51043152709359	-32.0967533170488	9.2111697429674e-114	5.10796478765803e-113	248.949824793695	CD300A
ENSG00000155918	-8.34900197044334	-2.4825369458128	-32.0944083113591	9.41041054204394e-114	5.21697142730845e-113	248.928411437897	RAET1L
ENSG00000170899	-1.60786108374384	5.39317980295567	-32.0885783930844	9.92464827287731e-114	5.50049564800251e-113	248.875172761233	GSTA4
ENSG00000158467	-1.48140935960592	3.04625886699507	-32.0767132357262	1.10598091423781e-113	6.12615618651793e-113	248.766807489356	AHCYL2
ENSG00000185518	-6.01092266009852	-4.41259137931033	-32.0702080279317	1.17364550903608e-113	6.49727493982522e-113	248.707387632746	SV2B
ENSG00000244242	-2.29540344827586	1.60204950738916	-32.0698164819904	1.17784803597654e-113	6.51869337837823e-113	248.703811008239	IFITM10
ENSG00000011201	-5.91849950738916	-2.57302512315271	-32.0671256448827	1.20713977975138e-113	6.67891437596305e-113	248.679230715263	ANOS1
ENSG00000172296	-2.38981921182266	2.87254359605912	-32.0350433538692	1.61801798333465e-113	8.94717244774358e-113	248.386096300636	SPTLC3
ENSG00000276231	-6.34422807881773	-3.29717709359605	-32.0316458728721	1.66901272411419e-113	9.22654785138315e-113	248.355046252077	PIK3R6
ENSG00000103528	-5.34013743842364	-0.823271674876846	-32.0314641921871	1.67178456762536e-113	9.23925735874852e-113	248.35338580715	SYT17
ENSG00000105048	-4.32024285714286	3.28191206896552	-32.0211643868711	1.8367030888432e-113	1.0139223661631e-112	248.259245548243	TNNT1
ENSG00000088053	-6.66396748768472	-3.49779704433497	-32.0180254244077	1.89013202690745e-113	1.0431222838132e-112	248.230552823363	GP6
ENSG00000156475	-6.80664630541871	-2.03232068965517	-31.9966207073996	2.29839667836577e-113	1.26672961130422e-112	248.034863597776	PPP2R2B
ENSG00000176058	-1.74215467980296	3.32250886699508	-31.9937402940872	2.35969673817152e-113	1.29969542438973e-112	248.008525572568	TPRN
ENSG00000179832	-1.13245615763547	3.90119261083744	-31.9798995112824	2.67787873067729e-113	1.47411566633509e-112	247.88195349567	MROH1
ENSG00000099889	-2.44708078817734	2.34873497536946	-31.9672023493374	3.0074301242193e-113	1.65506053189224e-112	247.765818950494	ARVCF
ENSG00000141506	-6.48007536945812	-2.68005197044335	-31.936760208541	3.97263383561952e-113	2.18193396334111e-112	247.487299268433	PIK3R5
ENSG00000169116	-4.18898571428572	0.511595812807882	-31.9215937220061	4.56374923341217e-113	2.50448715302838e-112	247.348496301125	PARM1
ENSG00000157353	-1.38074384236453	3.09647339901478	-31.8759692811717	6.92822553997096e-113	3.79141370770407e-112	246.930773157091	FCSK
ENSG00000124205	-6.8320896551724	-4.37675123152708	-31.8733416467594	7.09687200419101e-113	3.88261681707449e-112	246.906707568343	EDN3
ENSG00000163239	-6.81248620689654	-2.56110467980295	-31.8655369872437	7.62242202950604e-113	4.16547458894315e-112	246.835222409301	TDRD10
ENSG00000102886	-1.9658	2.7268197044335	-31.8479969486639	8.95018726027055e-113	4.88882807182635e-112	246.674540771823	GDPD3
ENSG00000002587	-5.97225024630541	-5.02757733990146	-31.8385846958723	9.75577952008747e-113	5.32534758049021e-112	246.588300976422	HS3ST1
ENSG00000166268	-7.36379359605911	-3.49354211822659	-31.8239964326717	1.11502523758064e-112	6.0746649547814e-112	246.454614481022	MYRFL
ENSG00000157837	-1.210478817734	5.62557389162562	-31.8150178235419	1.21060223290813e-112	6.58618842858873e-112	246.37232173717	SPPL3
ENSG00000117834	-5.86283743842364	-1.87807684729064	-31.8129123225324	1.23417784158608e-112	6.71258095749377e-112	246.353022499502	SLC5A9
ENSG00000105523	-7.33523251231526	-2.59611477832512	-31.8078648548327	1.29258452355742e-112	7.02829347784062e-112	246.306754679164	FAM83E
ENSG00000182566	-6.99400640394087	-5.78675246305416	-31.8047167046986	1.3304068300423e-112	7.23193609810478e-112	246.277895448636	CLEC4G
ENSG00000110324	-5.75781330049261	-1.50238793103448	-31.7935460665282	1.47378197470534e-112	8.006852196189e-112	246.175483906633	IL10RA
ENSG00000100784	-2.42177684729064	0.392491379310344	-31.7814277628934	1.64687399042316e-112	8.93978097801371e-112	246.064366932241	RPS6KA5
ENSG00000243696	-2.5567551724138	-0.348636206896552	-31.7764580077806	1.72361686749362e-112	9.3511718002666e-112	246.018792297652	
ENSG00000110921	-1.88851330049261	4.12411280788177	-31.7638610061441	1.93457056625019e-112	1.04898385143344e-111	245.903259205619	MVK
ENSG00000223865	-2.62495566502463	4.3354448275862	-31.7488862161012	2.21924110021483e-112	1.2020069174168e-111	245.765892975094	HLA-DPB1
ENSG00000204950	-6.556781773399	-4.51327463054186	-31.7465194141577	2.26792481282702e-112	1.22803509815089e-111	245.744179393	LRRC10B
ENSG00000187531	-1.31232561576355	4.47309975369458	-31.7317778444093	2.59617261756133e-112	1.40499599258885e-111	245.608921406764	SIRT7
ENSG00000095397	-2.04944778325123	2.37904753694581	-31.7182798710331	2.93830108986593e-112	1.58970874579624e-111	245.485050406732	WHRN
ENSG00000085741	-5.43973793103448	-0.528008866995073	-31.7105039279979	3.15553105389397e-112	1.70676412552439e-111	245.413680387118	WNT11
ENSG00000204257	-2.23413793103449	3.50829408866995	-31.6848828044946	3.99171269192649e-112	2.1554586743749e-111	245.178469356445	HLA-DMA
ENSG00000100280	-1.07600049261084	4.98947512315271	-31.6750092135527	4.37028456922013e-112	2.35792658894809e-111	245.087804820148	AP1B1
ENSG00000066136	-1.02871773399015	5.09402389162562	-31.6521144346713	5.39231278480688e-112	2.90694003974334e-111	244.877526926497	NFYC
ENSG00000141968	-6.50359704433497	-3.53792561576354	-31.6512520993826	5.43517015082688e-112	2.9292359373265e-111	244.869605524305	VAV1
ENSG00000105366	-6.09311034482758	-6.2670108374384	-31.6493635673915	5.53022401253808e-112	2.97964261519215e-111	244.852257172954	SIGLEC8
ENSG00000203867	-5.35883004926108	-2.45031748768473	-31.6451298380838	5.74941022129555e-112	3.09603126328349e-111	244.81336388495	RBM20
ENSG00000160570	-1.39580049261084	4.54066330049261	-31.644526713218	5.7813349569024e-112	3.1123649511787e-111	244.807823080837	DEDD2
ENSG00000163072	-3.42932512315271	1.11763842364532	-31.6300869836585	6.60099401240477e-112	3.54873796397288e-111	244.675154487531	NOSTRIN
ENSG00000159189	-6.1713472906404	-0.276280541871921	-31.6236467580983	7.00316820113071e-112	3.7639139985285e-111	244.615975093894	C1QC
ENSG00000133247	-1.65667093596059	3.20520197044335	-31.6175114868309	7.40910235182277e-112	3.97989769541838e-111	244.559593214162	KMT5C
ENSG00000187164	-1.58830492610838	3.02693719211823	-31.5921208122858	9.35534234948535e-112	5.01707190432609e-111	244.326209197395	SHTN1
ENSG00000105851	-5.36346502463054	-5.73503596059112	-31.5917581335251	9.38656758033294e-112	5.03243631426245e-111	244.322874984109	PIK3CG
ENSG00000124406	-2.71730640394089	-0.124608866995074	-31.5847806758521	1.00080384689107e-111	5.36121402849376e-111	244.258726018279	ATP8A1
ENSG00000100053	-6.60098817733989	-6.28981674876845	-31.5778219516277	1.06688828459425e-111	5.71365603111562e-111	244.194743355845	CRYBB3
ENSG00000167971	-4.49696650246305	-2.56248768472906	-31.5772049605395	1.07295443436078e-111	5.74456864555573e-111	244.189070086	CASKIN1
ENSG00000102001	-5.73701674876847	-4.89299113300491	-31.5712048216852	1.13377825493903e-111	6.0652325918474e-111	244.133896025236	CACNA1F
ENSG00000204165	-7.54367635467979	-5.28286182266008	-31.5659156405789	1.1902524593273e-111	6.36560305423482e-111	244.085255902229	CXorf65
ENSG00000129437	-5.75970147783251	-0.363224137931035	-31.5624750737397	1.22849215162036e-111	6.56831562981263e-111	244.05361408524	KLK14
ENSG00000165168	-5.5767157635468	-3.58805689655172	-31.5613975486973	1.24071931543138e-111	6.63187550934354e-111	244.043704127047	CYBB
ENSG00000172752	-7.48608177339901	-4.84072364532018	-31.5536088862304	1.3328012288549e-111	7.12017540029589e-111	243.972067866046	COL6A5
ENSG00000235863	-2.465860591133	2.62716527093596	-31.5143812525636	1.91165082125298e-111	1.01986023338591e-110	243.611158873416	B3GALT4
ENSG00000163032	-4.47336600985222	0.737605665024631	-31.5109941283794	1.97214032100236e-111	1.05184405439487e-110	243.579987243355	VSNL1
ENSG00000079313	-1.35591280788177	4.48400566502463	-31.5010488830481	2.1610548296471e-111	1.15165894412227e-110	243.488453274218	REXO1
ENSG00000101443	-6.97065714285714	0.99033645320197	-31.4931700654678	2.32350060217678e-111	1.23789118777914e-110	243.415929705799	WFDC2
ENSG00000255730	-1.32875073891625	3.84928965517242	-31.4722082961615	2.81776064161618e-111	1.49958274669018e-110	243.222942253591	
ENSG00000175463	-3.40058768472907	-0.838510591133005	-31.4719931106638	2.82334585058344e-111	1.50214605532539e-110	243.220960840306	TBC1D10C
ENSG00000125534	-1.0327330049261	8.6707566502463	-31.4554858005888	3.28656613279441e-111	1.74812398930507e-110	243.068945826901	PPDPF
ENSG00000159388	-2.86293596059113	5.1481354679803	-31.4543826410744	3.32010733635692e-111	1.76548401543094e-110	243.058785700002	BTG2
ENSG00000145990	-2.52848128078818	0.719712068965517	-31.4446741749138	3.63047410990668e-111	1.9299979612567e-110	242.96936408225	GFOD1
ENSG00000120057	-6.45852807881773	-2.92399261083743	-31.4378011910706	3.86760639715032e-111	2.05494193075344e-110	242.90605224923	SFRP5
ENSG00000168079	-5.43046256157636	0.881021428571429	-31.4349031017222	3.97218889025587e-111	2.10993518057571e-110	242.879354206965	SCARA5
ENSG00000124602	-3.78293842364532	-1.23497315270936	-31.4243245997696	4.37855083451352e-111	2.32262867557175e-110	242.781893279804	UNC5CL
ENSG00000149823	-1.12700886699508	6.38108226600985	-31.3974546725946	5.60792854472777e-111	2.97153306998563e-110	242.534276304924	VPS51
ENSG00000248098	-1.3055763546798	4.04046256157636	-31.39573239872	5.6976055876922e-111	3.01823281091572e-110	242.518401871999	BCKDHA
ENSG00000156381	-1.9360472906404	3.16850837438424	-31.3954478421574	5.7125597867175e-111	3.02533450818519e-110	242.515779040613	ANKRD9
ENSG00000185340	-1.58590738916257	4.71423349753695	-31.3786807376318	6.666771649238e-111	3.52972234000024e-110	242.361214891715	GAS2L1
ENSG00000184144	-5.51996945812807	-3.81268128078817	-31.3617087720651	7.79534266514855e-111	4.12500910810541e-110	242.204727405827	CNTN2
ENSG00000185269	-6.73749704433497	-2.94671354679802	-31.3594782740828	7.95724099777089e-111	4.20840063811742e-110	242.184158823292	NOTUM
ENSG00000198089	-1.42064778325123	3.87927216748769	-31.3397652428975	9.54273818115394e-111	5.04147579173048e-110	242.002348377839	SFI1
ENSG00000186407	-5.71580738916255	-5.81712733990146	-31.3314766902946	1.03004904693168e-110	5.43885935561713e-110	241.925890128916	CD300E
ENSG00000166224	-1.36197980295566	4.13593325123153	-31.3312743859705	1.03197200565832e-110	5.44754104121416e-110	241.924023856081	SGPL1
ENSG00000007216	-8.80752857142856	-4.17608497536944	-31.3065852577549	1.2957989931994e-110	6.83099647291683e-110	241.696227382626	SLC13A2
ENSG00000144857	-2.39969704433498	4.14513275862069	-31.3046167089192	1.31953905312486e-110	6.9505208022011e-110	241.678061197405	BOC
ENSG00000170482	-3.0688	-1.03505221674877	-31.2965429365116	1.42155018540309e-110	7.48381835214094e-110	241.603549787336	SLC23A1
ENSG00000173124	-7.22613497536944	-5.53649458128077	-31.2748180088225	1.73699964373486e-110	9.13467358392535e-110	241.403014938639	ACSM6
ENSG00000215218	-5.44310344827586	-3.05089408866995	-31.2727743560022	1.77006245211598e-110	9.3060426255718e-110	241.384147775908	UBE2QL1
ENSG00000135423	-4.92196600985221	-0.460093842364532	-31.2713875633312	1.7928566034891e-110	9.42081305334338e-110	241.371344508379	GLS2
ENSG00000125508	-5.92584581280787	-6.1956238916256	-31.2648406472821	1.90449936736494e-110	9.99670336745788e-110	241.310898346316	SRMS
ENSG00000182557	-6.5729305418719	-5.34681403940885	-31.2641526318747	1.91662888767903e-110	1.00576696356132e-109	241.304545756701	SPNS3
ENSG00000235568	-5.64560098522167	-3.81289852216748	-31.258579735484	2.0177721917284e-110	1.0582744007181e-109	241.253087923313	NFAM1
ENSG00000101336	-5.74788128078817	-1.52576280788177	-31.2425846613134	2.33874878716725e-110	1.22530372114805e-109	241.10537503037	HCK
ENSG00000183048	-1.65714532019704	3.33509778325123	-31.2384013736693	2.43082254300954e-110	1.2732011293351e-109	241.066737665102	SLC25A10
ENSG00000186998	-5.89929802955665	-1.14466527093596	-31.2357371052443	2.4913461661319e-110	1.30455216448418e-109	241.042129042503	EMID1
ENSG00000105383	-7.29478078817733	-2.79933522167487	-31.2186035311255	2.91830072972362e-110	1.52655777311952e-109	240.883853499671	CD33
ENSG00000114547	-8.03100443349753	-2.26414655172414	-31.1908471709485	3.77094577668135e-110	1.96984288607075e-109	240.627371768819	ROPN1B
ENSG00000162591	-4.5630275862069	3.32328078817734	-31.1719823078115	4.48883163531357e-110	2.34422094648043e-109	240.452998262553	MEGF6
ENSG00000149922	-2.59138128078818	0.22678275862069	-31.1686514228075	4.62911833378367e-110	2.41683757624367e-109	240.422205423873	TBX6
ENSG00000187193	-3.06709359605911	8.82699162561577	-31.1678518879246	4.66344064167552e-110	2.43410675800275e-109	240.414813810026	MT1X
ENSG00000078902	-1.17435073891626	5.46400147783251	-31.162520794523	4.89889998094708e-110	2.5556407748977e-109	240.365526444107	TOLLIP
ENSG00000135205	-2.26992758620689	2.54325344827586	-31.1547127595149	5.26541541488174e-110	2.74537748232708e-109	240.293332878865	CCDC146
ENSG00000172724	-9.32878374384236	-1.70314014778325	-31.153925278108	5.30387187856387e-110	2.76469096428101e-109	240.286051367651	CCL19
ENSG00000137225	-6.30483251231526	-3.07584778325122	-31.1425306934929	5.89286312129832e-110	3.07088882977098e-109	240.180681995054	CAPN11
ENSG00000103490	-1.75360443349754	5.59316477832512	-31.1275171909788	6.7700991842143e-110	3.52333630513757e-109	240.041823300749	PYCARD
ENSG00000112559	-4.90514926108374	1.0875539408867	-31.1132320310503	7.72593332184645e-110	4.01649877561914e-109	239.90967563042	MDFI
ENSG00000118194	-6.33739310344828	1.54192709359606	-31.1086972107071	8.05676744242446e-110	4.18515016905526e-109	239.867720216674	TNNT2
ENSG00000110077	-6.8339881773399	-0.838196551724138	-31.1016682240652	8.59781967196071e-110	4.46146022383049e-109	239.802684262792	MS4A6A
ENSG00000165312	-2.09575221674877	3.04999532019704	-31.0883814714753	9.7219487607229e-110	5.03942500482883e-109	239.679731757152	OTUD1
ENSG00000131055	-8.49795812807881	-2.40811945812807	-31.072558083935	1.12543031736521e-109	5.83218224925773e-109	239.533277938714	COX4I2
ENSG00000167210	-5.72068768472905	-6.27946403940884	-31.0702156842457	1.15008398237314e-109	5.95836192564579e-109	239.511595215583	LOXHD1
ENSG00000134817	-5.46879162561576	-2.2492697044335	-31.0644062515612	1.2135874461462e-109	6.28569463890514e-109	239.457816591055	APLNR
ENSG00000186526	-9.98719261083743	-3.4301987684729	-31.0369034559226	1.56530051119331e-109	8.09663911851238e-109	239.203164440083	CYP4F8
ENSG00000127328	-2.10395566502463	2.64325369458128	-31.0300204655886	1.66826454352509e-109	8.62694514674974e-109	239.139419575225	RAB3IP
ENSG00000100197	-2.6794197044335	0.0107463054187192	-31.0010115772879	2.18221631170741e-109	1.12757459448404e-108	238.870699030284	CYP2D6
ENSG00000064999	-1.2114842364532	3.04236773399015	-30.9930377112799	2.34944458320008e-109	1.21302103156925e-108	238.796816205043	ANKS1A
ENSG00000186472	-5.92683940886699	-2.41104088669951	-30.988961915423	2.43981877020519e-109	1.25901606568127e-108	238.759048455598	PCLO
ENSG00000120055	-4.81937438423645	-1.14852709359606	-30.9750903569931	2.77430277322482e-109	1.43048614233138e-108	238.630494706489	C10orf95
ENSG00000167074	-1.93539310344828	3.33582413793103	-30.9675659433528	2.97456815831608e-109	1.53212996704831e-108	238.560752978164	TEF
ENSG00000160307	-6.30893251231527	0.211023399014778	-30.9667420288574	2.99735817218186e-109	1.54346174969112e-108	238.553115925108	S100B
ENSG00000204472	-8.17737487684728	-1.27753571428571	-30.9656678782405	3.02733266608487e-109	1.55848616861513e-108	238.543159252752	AIF1
ENSG00000145649	-6.71336650246304	-5.73317586206895	-30.9552026561985	3.33554515180695e-109	1.71534798306872e-108	238.446146210853	GZMA
ENSG00000234469	-6.08210985221674	-6.64150517241377	-30.9517449630865	3.44413422811864e-109	1.77025962877155e-108	238.414090346196	CLDN34
ENSG00000100065	-2.22488965517241	2.51157980295566	-30.947114703993	3.59511286430577e-109	1.84688999984919e-108	238.371161500255	CARD10
ENSG00000165912	-1.82419359605911	3.97063768472906	-30.9418119431388	3.77617891283351e-109	1.93939785320874e-108	238.321994462502	PACSIN3
ENSG00000214655	-1.02446157635468	6.46026280788178	-30.9339598878938	4.0612011226111e-109	2.08468590328516e-108	238.249184211076	ZSWIM8
ENSG00000177084	-1.7360330049261	3.90798743842364	-30.9128979807634	4.93671115611785e-109	2.53277000296285e-108	238.053845385722	POLE
ENSG00000134107	-2.75791527093596	5.93113349753694	-30.9009810903592	5.51338894473093e-109	2.82789099102183e-108	237.943298387169	BHLHE40
ENSG00000178750	-7.23943103448275	-2.45050073891625	-30.8922022822484	5.98094028218661e-109	3.06529071582719e-108	237.861850845099	STX19
ENSG00000157103	-6.46229261083744	-3.47998472906403	-30.8806043233811	6.6600695058583e-109	3.41066766990259e-108	237.754233695495	SLC6A1
ENSG00000141497	-2.86610640394089	-0.947224630541873	-30.8544760857911	8.48658056014946e-109	4.34148579336232e-108	237.511731080143	ZMYND15
ENSG00000007908	-7.23908128078817	-3.88456625615762	-30.8371408907114	9.96746936088898e-109	5.09639681450791e-108	237.350793477108	SELE
ENSG00000110665	-6.46592758620689	-4.3320751231527	-30.8248133582823	1.11755339454611e-108	5.70661835281422e-108	237.236324319466	C11orf21
ENSG00000153391	-1.41895369458128	4.03913990147783	-30.8117891734216	1.26115365781192e-108	6.43484720129516e-108	237.115366417344	INO80C
ENSG00000167114	-1.77076403940887	4.43678891625615	-30.8085122719687	1.300104911849e-108	6.63185857148346e-108	237.08493004114	SLC27A4
ENSG00000127530	-7.35977438423644	-5.07289507389161	-30.8055294027479	1.33660761478615e-108	6.8162802735258e-108	237.057223559129	OR7C1
ENSG00000165140	-6.86667684729064	-2.03853546798029	-30.799281288388	1.41642933312982e-108	7.22146152570387e-108	236.999184266956	FBP1
ENSG00000165695	-3.06029556650246	0.12491724137931	-30.7944421280587	1.4815172551549e-108	7.54936380710221e-108	236.954229647117	AK8
ENSG00000105088	-3.27523694581281	4.48190024630542	-30.7927910943303	1.50440257253262e-108	7.66398203139535e-108	236.938891301723	OLFM2
ENSG00000154553	-3.43854137931034	1.22510665024631	-30.7925971930493	1.50711340256175e-108	7.67579101195248e-108	236.93708990888	PDLIM3
ENSG00000120327	-3.09561724137931	0.243187438423646	-30.786089167643	1.60099238014986e-108	8.14755028460638e-108	236.876626053428	PCDHB14
ENSG00000166391	-7.60117980295565	-4.7536120689655	-30.7523098943078	2.19097959743575e-108	1.11152968050595e-107	236.562712469507	MOGAT2
ENSG00000087495	-6.61069852216748	-2.68175566502463	-30.7513029392602	2.2115706290451e-108	1.12168474520631e-107	236.553352647588	PHACTR3
ENSG00000138018	-1.37741330049261	2.66275985221675	-30.7316125798094	2.65552661939818e-108	1.34615567305523e-107	236.370302855698	SELENOI
ENSG00000172155	-12.4299315270936	-2.79520024630541	-30.7271777864368	2.7672454158034e-108	1.40169802788051e-107	236.329068740937	LCE1D
ENSG00000156860	-1.08759901477833	5.51854827586207	-30.7164464291571	3.05744962765266e-108	1.54829439294087e-107	236.229280245284	FBRS
ENSG00000108798	-5.92137093596059	-1.65729975369458	-30.709744590715	3.25395022471265e-108	1.64737552568225e-107	236.166954331246	ABI3
ENSG00000139714	-2.5891	0.00261256157635491	-30.6970012862808	3.66315259313585e-108	1.85262235960302e-107	236.048428976813	MORN3
ENSG00000182866	-6.86028669950738	-4.07146699507388	-30.690454552422	3.89302467407109e-108	1.96735164677262e-107	235.987530288315	LCK
ENSG00000005379	-3.63975418719212	1.50408251231527	-30.6891038236713	3.94222077175929e-108	1.99169799177146e-107	235.974964969265	TSPOAP1
ENSG00000073060	-1.29542610837438	4.40665689655172	-30.67889874203	4.33459660843066e-108	2.18936900806286e-107	235.880023877083	SCARB1
ENSG00000174059	-4.60099507389162	2.71636600985222	-30.6763721902462	4.43763573137972e-108	2.24083404296182e-107	235.856516639656	CD34
ENSG00000105679	-7.3492921182266	-2.95823669950738	-30.6658474854351	4.89392267926531e-108	2.46805256769555e-107	235.758585716431	GAPDHS
ENSG00000147050	-1.43270197044335	3.72319285714286	-30.6613805726244	5.10151404439982e-108	2.57075264197167e-107	235.71701769461	KDM6A
ENSG00000171777	-5.74582364532019	-3.24872167487684	-30.6280217322541	6.95775718088516e-108	3.4962327289498e-107	235.406512671752	RASGRP4
ENSG00000204869	-8.09200985221674	-3.03870985221674	-30.6039998261359	8.7006969089123e-108	4.36755764176635e-107	235.182833513323	IGFL4
ENSG00000196150	-1.55847586206897	2.52749359605912	-30.6011032032217	8.93846208306909e-108	4.48460657323071e-107	235.155857038831	ZNF250
ENSG00000237441	-1.42921182266009	5.24805812807882	-30.5908268276426	9.83570763084753e-108	4.9309748209857e-107	235.060144250057	RGL2
ENSG00000057149	-7.03238916256157	-0.454431034482758	-30.5869627332272	1.01959535025002e-107	5.10895700886817e-107	235.02415132061	SERPINB3
ENSG00000070770	-1.32171330049261	5.69980837438424	-30.567807785385	1.2186564842914e-107	6.09078900665537e-107	234.84570209971	CSNK2A2
ENSG00000160654	-5.92048128078816	-6.45119679802954	-30.5663603562254	1.23519291521204e-107	6.17185884660538e-107	234.832215935138	CD3G
ENSG00000145335	-5.06359901477833	1.09583201970443	-30.5523375656739	1.40750330990423e-107	7.02744754270529e-107	234.701548095744	SNCA
ENSG00000004660	-1.71070640394089	2.92668423645321	-30.5519436913959	1.41267604832639e-107	7.05147262743148e-107	234.69787753799	CAMKK1
ENSG00000065491	-1.17613694581281	3.1812448275862	-30.5478698542503	1.4673072392692e-107	7.32042840689271e-107	234.659911912939	TBC1D22B
ENSG00000100365	-6.6914960591133	-1.83392586206896	-30.5216995190857	1.87240337955988e-107	9.33431297024468e-107	234.415973375388	NCF4
ENSG00000169562	-6.63681034482758	-3.95962980295565	-30.4894036112262	2.52993484208431e-107	1.25961749513405e-106	234.114824431527	GJB1
ENSG00000168961	-2.64985172413793	2.20110172413793	-30.4863838548006	2.60215909321768e-107	1.2952468925028e-106	234.086659806992	LGALS9
ENSG00000140470	-5.33353497536945	-1.45418866995074	-30.470800543067	3.00902213891979e-107	1.49586137468254e-106	233.941300277084	ADAMTS17
ENSG00000186567	-1.55764285714286	3.08473916256158	-30.444093296852	3.8599642396104e-107	1.91596192965371e-106	233.692110442939	CEACAM19
ENSG00000180999	-7.33452463054186	-5.3741844827586	-30.436308295508	4.15066445703166e-107	2.05921007411304e-106	233.619457094034	C1orf105
ENSG00000162415	-2.99104088669951	-1.60106822660099	-30.4297422347891	4.41282707767925e-107	2.18871743025401e-106	233.558173863391	ZSWIM5
ENSG00000180834	-1.57206600985222	1.08186502463054	-30.4277355183876	4.49621030000647e-107	2.22894321873989e-106	233.539443485724	MAP6D1
ENSG00000086288	-6.62506847290639	-6.24566330049258	-30.4155709121562	5.03654745152891e-107	2.49617576205372e-106	233.425890676277	NME8
ENSG00000113161	-1.64009655172414	5.07111921182266	-30.3819679694719	6.8915835333671e-107	3.40950190909012e-106	233.112126059786	HMGCR
ENSG00000102970	-8.03211379310344	-5.51324162561574	-30.3789748852693	7.08683371836871e-107	3.50521145341335e-106	233.084171868624	CCL17
ENSG00000112787	-1.21611527093596	4.66668817733991	-30.3789059045278	7.09139830219721e-107	3.50658161997819e-106	233.083527603934	FBRSL1
ENSG00000198931	-1.00262118226601	7.48778054187193	-30.3732872496735	7.47325464244996e-107	3.69446856116259e-106	233.031048722744	APRT
ENSG00000197119	-1.86338522167488	4.4282921182266	-30.3643037547332	8.12703381184351e-107	4.01665388849383e-106	232.94713404217	SLC25A29
ENSG00000196209	-6.33955320197044	-4.05548152709358	-30.3544143148277	8.9131704000588e-107	4.40296198073683e-106	232.854745839164	SIRPB2
ENSG00000172889	-2.58553694581281	3.70138916256158	-30.3498337854594	9.30266240305535e-107	4.59304266499514e-106	232.811950102149	EGFL7
ENSG00000182968	-5.05344926108374	-6.8684187192118	-30.3423451429533	9.97648807903102e-107	4.91951879990977e-106	232.741978583114	SOX1
ENSG00000186716	-1.38784433497537	4.35865714285714	-30.334823339675	1.07025070383107e-106	5.27353485987564e-106	232.671690506341	BCR
ENSG00000243056	-1.74875320197044	4.36053078817734	-30.3279966068484	1.14071391857274e-106	5.61931721622095e-106	232.607891745912	EIF4EBP3
ENSG00000119147	-5.90442660098522	0.00602955665024628	-30.3278268780626	1.14252376102727e-106	5.62681434929309e-106	232.606305486669	ECRG4
ENSG00000162645	-2.4243802955665	4.67187586206896	-30.3206148202724	1.22214330388899e-106	6.01590036387875e-106	232.53889953452	GBP2
ENSG00000152669	-3.60126699507389	-0.307323645320197	-30.3118781696356	1.32607286637335e-106	6.52584133837018e-106	232.457236021434	CCNO
ENSG00000135547	-4.35828472906404	-2.08632413793103	-30.3039166372261	1.42847080708767e-106	7.02622112059079e-106	232.382809820444	HEY2
ENSG00000112414	-3.04614630541872	1.53349039408867	-30.3006746916643	1.47240243907685e-106	7.24048527036735e-106	232.352501224337	ADGRG6
ENSG00000158813	-2.14857093596059	0.676733743842364	-30.2919317127913	1.59774135187393e-106	7.85288267060371e-106	232.270757843149	EDA
ENSG00000134532	-3.53319014778325	-0.299123645320197	-30.2832632001247	1.73255939591711e-106	8.50481680859388e-106	232.189701728675	SOX5
ENSG00000180104	-1.03993497536946	5.46582561576355	-30.2831316900838	1.73469011246161e-106	8.51313766391883e-106	232.188471957321	EXOC3
ENSG00000108405	-5.32856009852216	-1.65107512315271	-30.2738787018134	1.89138541378507e-106	9.27980260009738e-106	232.101940634348	P2RX1
ENSG00000183813	-5.63791871921181	-6.02206477832511	-30.2581084735328	2.19180552587908e-106	1.07429805835789e-105	231.954438509915	CCR4
ENSG00000133661	-6.18584532019704	-1.04039950738916	-30.2514175497748	2.33329078784011e-106	1.14335929227612e-105	231.891848034337	SFTPD
ENSG00000176040	-5.49072807881772	-5.91169802955663	-30.2394479073018	2.60960286076191e-106	1.2781167695491e-105	231.779864355488	TMPRSS7
ENSG00000141562	-1.04673399014778	5.23579014778326	-30.2387301678192	2.62717622423434e-106	1.28640134738129e-105	231.773148902479	NARF
ENSG00000177054	-1.27850492610838	3.31899975369458	-30.2321938033122	2.79276901585042e-106	1.36714158586545e-105	231.711989292945	ZDHHC13
ENSG00000157890	-5.43608078817733	-2.12136748768473	-30.2143140336791	3.30111384471519e-106	1.61477764088672e-105	231.544665564977	MEGF11
ENSG00000047617	-6.51381231527093	-3.69534655172413	-30.2049625037746	3.60289716035331e-106	1.76019540769061e-105	231.457136324267	ANO2
ENSG00000225556	-5.46841921182265	-2.04689630541872	-30.1934238959828	4.01360501065707e-106	1.96035663879681e-105	231.34912200827	C2CD4D
ENSG00000133116	-5.00168029556649	-4.25855394088669	-30.1842091371734	4.37502202435976e-106	2.13581514863948e-105	231.262850201182	KL
ENSG00000122223	-5.66751674876846	-6.26626724137929	-30.1836530923887	4.39784540331173e-106	2.14642095083711e-105	231.257643993015	CD244
ENSG00000123358	-3.81049162561576	5.02848325123153	-30.1800092663789	4.55038902672043e-106	2.21976291463232e-105	231.22352620067	NR4A1
ENSG00000197261	-6.92120541871921	-0.587561822660098	-30.1655207060548	5.21119162915597e-106	2.53957872361511e-105	231.08785167826	C6orf141
ENSG00000183248	-4.523860591133	-3.17198497536945	-30.158953153572	5.54158903545855e-106	2.69722871558981e-105	231.026343281965	PRR36
ENSG00000169418	-3.87592463054187	0.279005665024631	-30.1404438204935	6.59002690890448e-106	3.20433704537973e-105	230.852966713068	NPR1
ENSG00000109158	-6.68379310344826	-6.21665517241377	-30.1391392394908	6.67101399133286e-106	3.24290933877181e-105	230.840745199112	GABRA4
ENSG00000134996	-1.09411083743843	5.07001256157635	-30.1362679654151	6.8527877797089e-106	3.33044463544072e-105	230.813845956406	OSTF1
ENSG00000178623	-2.92984532019705	-0.372490147783251	-30.1317472347144	7.14908962309624e-106	3.47271959767703e-105	230.771491969386	GPR35
ENSG00000136546	-4.14051280788177	-2.45109926108375	-30.1270711220146	7.46908092466034e-106	3.62725595004255e-105	230.727679691611	SCN7A
ENSG00000142627	-2.45742463054187	3.76284187192118	-30.0805473484017	1.1548548792564e-105	5.5944903446774e-105	230.29164003552	EPHA2
ENSG00000011600	-7.05956157635468	0.614652709359606	-30.0755055997219	1.21072105995064e-105	5.8622177783834e-105	230.24437137262	TYROBP
ENSG00000140519	-4.67385073891626	0.778720935960591	-30.063195709066	1.35876059431788e-105	6.57087343087354e-105	230.128948002982	RHCG
ENSG00000146477	-3.66398325123153	1.09635960591133	-30.061445597992	1.38123058025216e-105	6.67788421555855e-105	230.112536680205	SLC22A3
ENSG00000130193	-1.48859162561577	3.18605344827586	-30.0575769046904	1.43223065561102e-105	6.92274337668822e-105	230.076257486504	THEM6
ENSG00000064300	-4.90298078817734	0.667298275862069	-30.0520608978077	1.50822505519742e-105	7.28826261836496e-105	230.024527333968	NGFR
ENSG00000198589	-1.16911674876847	4.16091157635468	-30.0265217994804	1.9162170768368e-105	9.25295629244989e-105	229.784970090022	LRBA
ENSG00000198883	-5.56009310344827	-5.48223522167487	-30.0172978978444	2.08932810669909e-105	1.00838848755529e-104	229.698430812606	PNMA5
ENSG00000136156	-1.25915714285714	8.92635197044334	-30.0036392528439	2.37484867696847e-105	1.14562559479926e-104	229.570266056776	ITM2B
ENSG00000088992	-7.56619113300492	-1.40182315270936	-30.0027463309526	2.39482063392242e-105	1.1549749463996e-104	229.561886633439	TESC
ENSG00000272333	-1.29243201970443	4.44755246305419	-30.0000774060967	2.45552465803706e-105	1.1836670662891e-104	229.536840152566	KMT2B
ENSG00000074211	-4.2649197044335	2.66714507389162	-29.9902242963299	2.69328336032749e-105	1.2973168209889e-104	229.444366543561	PPP2R2C
ENSG00000181409	-2.71089507389163	-0.564208128078818	-29.9793470056318	2.9826183881519e-105	1.43562385569617e-104	229.342267497224	AATK
ENSG00000005513	-4.61727290640394	-0.579149261083744	-29.9661701108411	3.37512895923191e-105	1.62375111081512e-104	229.218564701828	SOX8
ENSG00000123329	-3.4485551724138	-0.0594224137931035	-29.9634992380685	3.46078500385232e-105	1.66454985344036e-104	229.193488441887	ARHGAP9
ENSG00000142494	-3.27602807881774	1.52748300492611	-29.9337864197563	4.57387097517717e-105	2.19667207168622e-104	228.914464492529	SLC47A1
ENSG00000143793	-1.16933399014779	4.11901527093596	-29.9194304959243	5.23377160937127e-105	2.51174766184512e-104	228.779615239751	C1orf35
ENSG00000230453	-6.66878275862068	-2.40062093596059	-29.913732367432	5.5214056652378e-105	2.64913600564883e-104	228.726084394779	ANKRD18B
ENSG00000213145	-3.39399113300493	6.1354763546798	-29.9018052799008	6.17574483160956e-105	2.95872531255979e-104	228.614023493587	CRIP1
ENSG00000022556	-7.79705960591132	-2.53602980295566	-29.895257318717	6.5674319855688e-105	3.14329551462125e-104	228.552495049491	NLRP2
ENSG00000187922	-6.6201172413793	-2.73214926108374	-29.8913069966156	6.81566540480961e-105	3.25970957760131e-104	228.515373095907	LCN10
ENSG00000084628	-4.66553054187192	-1.77712487684729	-29.8669402870938	8.56867097322013e-105	4.09610978861712e-104	228.286353851523	NKAIN1
ENSG00000110514	-1.19311083743843	4.46676527093596	-29.8583938769475	9.28509081359808e-105	4.43641185035046e-104	228.206010858078	MADD
ENSG00000240654	-6.30857093596058	-5.53109334975368	-29.8547038433445	9.61267115743544e-105	4.59180688727947e-104	228.171318985778	C1QTNF9
ENSG00000114771	-7.43653152709359	-1.6659381773399	-29.844062345176	1.06236258661754e-104	5.07100382698584e-104	228.071263940118	AADAC
ENSG00000141639	-5.73706256157635	-3.71070024630541	-29.8415969794908	1.0872637739823e-104	5.18859796609576e-104	228.048081825783	MAPK4
ENSG00000196782	-2.02355369458128	1.76118177339902	-29.8340322606241	1.16737803916997e-104	5.56683788224979e-104	227.976945467228	MAML3
ENSG00000100060	-6.54786699507389	-1.54755369458128	-29.8334566553102	1.17371069795626e-104	5.59567076346945e-104	227.971532372146	MFNG
ENSG00000204859	-1.1131684729064	4.08534039408867	-29.8068666981892	1.50700999946527e-104	7.177672290897e-104	227.72143337032	ZBTB48
ENSG00000137497	-1.17784778325123	6.81777561576355	-29.8062683021609	1.5155125456516e-104	7.21640988477668e-104	227.71580404287	NUMA1
ENSG00000165209	-1.48411280788177	1.68102931034483	-29.8025647041441	1.56921577923364e-104	7.47030810177436e-104	227.68096202693	STRBP
ENSG00000168743	-3.35165369458128	0.401887438423646	-29.7959914652146	1.66926505006917e-104	7.94079299134659e-104	227.619119587569	NPNT
ENSG00000006747	-5.28436157635467	-1.25726502463054	-29.7731035265035	2.07018045640135e-104	9.83839165345212e-104	227.403745514805	SCIN
ENSG00000189337	-1.33284827586207	3.70688571428572	-29.7550954623841	2.45232838107212e-104	1.16431975760232e-103	227.234247699011	KAZN
ENSG00000114656	-6.26577192118226	-4.71204408866993	-29.7386307099965	2.86324437670666e-104	1.35875477439537e-103	227.079242876356	CFAP92
ENSG00000101280	-5.99617438423645	-3.66485073891625	-29.7294440538528	3.12179062766872e-104	1.48036962984475e-103	226.99274278406	ANGPT4
ENSG00000110693	-5.28710443349754	-1.27099704433497	-29.7284315252076	3.15168049229125e-104	1.49418098448218e-103	226.983208372532	SOX6
ENSG00000204616	-6.53343842364531	-4.12280295566501	-29.6885495256983	4.58764175964567e-104	2.17074322680377e-103	226.607566893048	TRIM31
ENSG00000174145	-4.96347733990147	-6.6144238916256	-29.6807443398397	4.9375152332761e-104	2.33516269817719e-103	226.534029524418	NWD2
ENSG00000070778	-1.53678128078818	4.08976354679803	-29.6743216657588	5.24536845864172e-104	2.48015945847511e-103	226.473512307791	PTPN21
ENSG00000163017	-4.0307275862069	2.91059039408867	-29.635914762539	7.53176611916071e-104	3.5569302440947e-103	226.111525538053	ACTG2
ENSG00000182173	-1.49131527093596	4.33704433497536	-29.6158651569412	9.09805430929944e-104	4.29247168788821e-103	225.92248889208	TSEN54
ENSG00000134463	-2.25322118226601	3.10644359605911	-29.6019595800455	1.03721347085309e-103	4.89004237573249e-103	225.791353434241	ECHDC3
ENSG00000106537	-2.85722413793104	1.49342783251231	-29.5949440142122	1.10812471874115e-103	5.22310015765547e-103	225.725185155623	TSPAN13
ENSG00000120756	-2.78143251231527	-1.04068226600985	-29.5821359754744	1.25034231549654e-103	5.88917559157226e-103	225.604369613898	PLS1
ENSG00000182334	-6.51127931034482	-5.76839482758619	-29.56032653008	1.53582951110437e-103	7.23034938713603e-103	225.398601840028	OR5P3
ENSG00000130598	-7.3150921182266	1.17403522167488	-29.5482781409614	1.72065541872897e-103	8.09267104519891e-103	225.284904006995	TNNI2
ENSG00000180644	-5.77138916256157	-4.51478423645319	-29.5459616789811	1.75866495570244e-103	8.26944912520143e-103	225.263042165628	PRF1
ENSG00000120549	-2.39265418719212	2.71860935960591	-29.521280200104	2.21975819118835e-103	1.04275275413949e-102	225.030069594053	KIAA1217
ENSG00000164362	-5.34241674876846	-6.98117339901476	-29.5122942526482	2.41618207275119e-103	1.13420682358164e-102	224.945232206224	TERT
ENSG00000144868	-6.20695073891625	-2.85093054187192	-29.5087253030776	2.49894199974509e-103	1.17249278653106e-102	224.911534736503	TMEM108
ENSG00000066084	-1.19153743842364	3.23743325123153	-29.4913056451758	2.9454785284391e-103	1.38101107012372e-102	224.747039841202	DIP2B
ENSG00000184012	-6.49261379310344	-1.48176108374384	-29.4849094838943	3.12878907287936e-103	1.46625410221124e-102	224.686631677209	TMPRSS2
ENSG00000101230	-4.28060689655172	1.20534926108374	-29.4816750407959	3.2257919101725e-103	1.51098814737754e-102	224.656082368795	ISM1
ENSG00000105479	-3.14088768472906	-1.52741674876847	-29.4754274166216	3.42177044721147e-103	1.60125091186318e-102	224.597070142345	ODAD1
ENSG00000110934	-5.97713743842364	-3.10852733990147	-29.4728587497829	3.5057639694029e-103	1.64016374168234e-102	224.572806368918	BIN2
ENSG00000151882	-2.11432857142857	1.74372339901478	-29.4557795319441	4.11924577982643e-103	1.92579667534373e-102	224.411455688527	CCL28
ENSG00000187730	-6.12498866995073	-4.61037364532018	-29.4362527276384	4.95344464982393e-103	2.31468711972404e-102	224.226940848443	GABRD
ENSG00000178980	-1.03997931034483	7.70166453201971	-29.4281730324821	5.34628336974377e-103	2.49706189320107e-102	224.150580406928	SELENOW
ENSG00000100139	-1.46924630541872	4.5186724137931	-29.4032762824909	6.76401390095193e-103	3.15395751974237e-102	223.915236134273	MICALL1
ENSG00000087258	-4.42242413793103	-1.58722487684729	-29.4016897313275	6.86618089444092e-103	3.20083270608694e-102	223.90023634001	GNAO1
ENSG00000188269	-7.88311822660097	-4.51385172413791	-29.3962093930901	7.23112628783385e-103	3.37015668773788e-102	223.848421123301	OR7A5
ENSG00000196378	-1.2755275862069	2.11073078817734	-29.3956895709531	7.26673491255561e-103	3.38594500861139e-102	223.843506156021	ZNF34
ENSG00000131126	-6.87649802955664	-4.76888349753693	-29.3857845580048	7.97980888899235e-103	3.71643053643204e-102	223.749847367619	TEX101
ENSG00000178821	-2.51736502463054	0.366227832512316	-29.3691667980367	9.33701128850315e-103	4.3454125887099e-102	223.592689464116	TMEM52
ENSG00000135597	-1.02094236453202	4.97639433497537	-29.3686107793399	9.38621641453936e-103	4.36727240887924e-102	223.587430519322	REPS1
ENSG00000027075	-2.21518472906404	3.30333571428572	-29.3627115611149	9.92453513531803e-103	4.61444838482952e-102	223.531632245504	PRKCH
ENSG00000243566	-5.11325615763547	-0.623873891625615	-29.345348816346	1.16951056524976e-102	5.43638807471713e-102	223.367381923985	UPK3B
ENSG00000188747	-4.41364532019705	-0.27180197044335	-29.3414457428717	1.21348056321675e-102	5.63943808950815e-102	223.330454347056	NOXA1
ENSG00000161405	-5.27609014778325	-5.36751059113299	-29.3323854674769	1.32203643764355e-102	6.14101166256957e-102	223.244726928072	IKZF3
ENSG00000155659	-5.80761379310344	-1.37557142857143	-29.3096864127728	1.63865166676539e-102	7.60269014053402e-102	223.029909249009	VSIG4
ENSG00000009950	-4.19684433497537	-0.449133004926108	-29.3000838317898	1.79448535238065e-102	8.31977052342177e-102	222.939015190063	MLXIPL
ENSG00000187554	-4.83602955665024	-1.58794630541872	-29.2999453337682	1.79683825851738e-102	8.32870333205565e-102	222.937704147505	TLR5
ENSG00000116833	-4.72158719211822	-3.45026009852216	-29.2998375427455	1.79867162905721e-102	8.33522432417263e-102	222.936683780369	NR5A2
ENSG00000171060	-6.45883940886698	-6.50549310344825	-29.2996532086704	1.80181122848564e-102	8.34779398460557e-102	222.934938841307	C8orf74
ENSG00000156675	-2.05141773399015	2.77343743842365	-29.2994102750432	1.80595728500522e-102	8.3650194983579e-102	222.93263918252	RAB11FIP1
ENSG00000112761	-3.40861527093596	-0.835350985221674	-29.2991523673899	1.81036935203273e-102	8.38346869133259e-102	222.93019776915	CCN6
ENSG00000074181	-2.97948226600985	4.88072487684729	-29.281904105622	2.13130693603414e-102	9.85565550023171e-102	222.766904384597	NOTCH3
ENSG00000110079	-7.09353004926107	-2.66290738916256	-29.2691126986445	2.40557962908557e-102	1.1121324133331e-101	222.64578302091	MS4A4A
ENSG00000166396	-3.27088472906404	4.86025320197044	-29.2567707305215	2.70367202305607e-102	1.24964897527346e-101	222.528899561877	SERPINB7
ENSG00000122367	-3.06793497536946	-0.380452709359605	-29.2502448175637	2.8759625852986e-102	1.32896809746761e-101	222.467089442459	LDB3
ENSG00000139890	-2.89307389162562	-0.850826108374385	-29.2362939272853	3.28204885679841e-102	1.51482755690965e-101	222.334937331149	REM2
ENSG00000151623	-2.83801625615764	-0.384421921182266	-29.2335915216866	3.36711256101589e-102	1.55372169226381e-101	222.30933576616	NR3C2
ENSG00000143303	-1.0424354679803	4.64965467980296	-29.2297707780951	3.49115862049158e-102	1.61058125027494e-101	222.273138062032	METTL25B
ENSG00000145040	-3.87441379310345	0.859739901477832	-29.2271300407754	3.57955833588233e-102	1.65097307056437e-101	222.24811875243	UCN2
ENSG00000118308	-7.21926600985221	-2.08113842364532	-29.2094363617805	4.23255443738081e-102	1.95030838989144e-101	222.080461750528	IRAG2
ENSG00000143171	-6.72424187192117	-3.61661108374384	-29.1864217957311	5.26360823661191e-102	2.42140847833969e-101	221.862332838416	RXRG
ENSG00000161395	-1.19082167487685	4.09895369458128	-29.176078205765	5.8055755571013e-102	2.67010020091489e-101	221.764277949295	PGAP3
ENSG00000163993	-5.54293004926109	2.70133399014779	-29.1749375490532	5.86866302938585e-102	2.69848030400608e-101	221.753464032395	S100P
ENSG00000104967	-4.50740541871921	-2.98111305418719	-29.1493308231432	7.48048807500908e-102	3.43557457019571e-101	221.510662061242	NOVA2
ENSG00000125813	-5.73011231527093	-6.12653793103447	-29.1470162413481	7.64641339932595e-102	3.51012944913384e-101	221.48871159183	PAX1
ENSG00000181631	-5.75481231527093	-5.17102487684727	-29.1447922679856	7.80931391291195e-102	3.58406793062765e-101	221.467619835729	P2RY13
ENSG00000185818	-3.18615123152709	-2.66805	-29.1389685613001	8.25254024022542e-102	3.785707544002e-101	221.412386189373	NAT8L
ENSG00000104419	-1.81144285714286	7.97210369458129	-29.1344584333635	8.61302881341199e-102	3.9492212358446e-101	221.369608224196	NDRG1
ENSG00000184678	-3.10862463054187	3.91664384236453	-29.1241251051263	9.4995307104585e-102	4.35365452963837e-101	221.271589214177	H2BC21
ENSG00000165269	-5.46769014778325	-0.315213054187192	-29.1209558520116	9.78931354990527e-102	4.48330830541947e-101	221.24152413722	AQP7
ENSG00000275152	-6.15863990147782	-6.28842241379309	-29.1067694449743	1.11988641458203e-101	5.12525065896065e-101	221.106930920745	CCL16
ENSG00000168269	-8.45781379310343	-5.16777684729062	-29.1028227077884	1.16259649058206e-101	5.31947099483833e-101	221.069482255938	FOXI1
ENSG00000164086	-1.59920886699507	4.75137339901478	-29.0879424033823	1.33881938681679e-101	6.120048761912e-101	220.928274319389	DUSP7
ENSG00000198734	-6.63671280788177	-3.69035197044334	-29.0791678908465	1.45502335319232e-101	6.64968811227418e-101	220.844995985825	F5
ENSG00000152213	-5.06734433497536	-5.44728546798029	-29.067600937847	1.62378181347828e-101	7.41747176227035e-101	220.735201367075	ARL11
ENSG00000078549	-4.84066748768472	-3.29157561576355	-29.0608123299451	1.73181271864184e-101	7.90726265133152e-101	220.6707561541	ADCYAP1R1
ENSG00000037637	-1.20876305418719	3.96173719211823	-29.0264687768933	2.3991234654908e-101	1.09362423052534e-100	220.344647518337	FBXO42
ENSG00000137393	-2.29356305418719	3.03402487684729	-29.0216198259319	2.51213473772685e-101	1.14487259898923e-100	220.298593570408	RNF144B
ENSG00000115085	-4.89235960591133	-1.51921674876847	-29.0004269716995	3.07203714360935e-101	1.39873601725103e-100	220.097278527164	ZAP70
ENSG00000130584	-1.56936354679803	-0.127047783251232	-28.98593905683	3.52514207865169e-101	1.60429265256198e-100	219.959625629423	ZBTB46
ENSG00000145569	-2.97997536945813	-1.00123251231527	-28.9638993631346	4.34601569100591e-101	1.97695155106233e-100	219.750175889034	OTULINL
ENSG00000113494	-3.4737157635468	-0.967130295566503	-28.9536460558882	4.79065396449214e-101	2.17769155092127e-100	219.652716882261	PRLR
ENSG00000043591	-5.46954926108374	-5.15820862068964	-28.9280122818509	6.11193042847136e-101	2.77378876993003e-100	219.409012395621	ADRB1
ENSG00000183690	-4.45045862068965	-0.725390886699508	-28.913179791325	7.03724821579958e-101	3.19224476864335e-100	219.267963470835	EFHC2
ENSG00000257365	-1.06759014778325	3.89680443349754	-28.9106912171872	7.2056985147269e-101	3.26789882512864e-100	219.244296042207	FNTB
ENSG00000100346	-4.51727931034483	-5.66064408866994	-28.908839656264	7.33364384115883e-101	3.32515238849016e-100	219.226686432966	CACNA1I
ENSG00000154645	-5.33509999999999	-2.77047266009852	-28.9065275972638	7.4966085810633e-101	3.39825388288422e-100	219.204696627509	CHODL
ENSG00000016602	-5.91373743842364	-2.25633177339901	-28.9016021794937	7.85596667223011e-101	3.56032701087015e-100	219.157849361322	CLCA4
ENSG00000069849	-1.15012857142857	7.27093965517242	-28.8557734795779	1.21468229441619e-100	5.49347868490654e-100	218.721825993708	ATP1B3
ENSG00000163219	-4.02574679802956	-0.619599014778325	-28.8410349075538	1.39750040996179e-100	6.31882300126639e-100	218.581549848148	ARHGAP25
ENSG00000172508	-2.19508620689655	-1.3612460591133	-28.8235649340233	1.65021004660546e-100	7.4545549539445e-100	218.415245499684	CARNS1
ENSG00000135587	-1.33648374384237	3.54284630541872	-28.8209591889016	1.69163886172592e-100	7.63993682363023e-100	218.390437316745	SMPD2
ENSG00000130307	-6.48364975369458	-2.42890517241379	-28.818802617832	1.72671272317015e-100	7.79293765270001e-100	218.369904948339	USHBP1
ENSG00000174132	-1.23401674876847	4.25055714285714	-28.8181169999499	1.73801524612823e-100	7.84213667509532e-100	218.363377180202	FAM174A
ENSG00000133250	-1.07886896551724	4.25782758620689	-28.8172091181293	1.75309589643068e-100	7.90835641921708e-100	218.354733155441	ZNF414
ENSG00000160703	-1.25930147783251	3.71554630541872	-28.80219722846	2.02233286249693e-100	9.11869607727619e-100	218.211790126605	NLRX1
ENSG00000204592	-1.24190443349753	8.12066600985221	-28.7689239885372	2.77598203432555e-100	1.24967152533494e-99	217.89487224153	HLA-E
ENSG00000196376	-4.79775763546797	-4.90485911330048	-28.768761754326	2.78027350521427e-100	1.2513151736273e-99	217.893326702735	SLC35F1
ENSG00000161634	-11.0525901477833	2.82962167487685	-28.7628761846113	2.94053510008083e-100	1.32283464377946e-99	217.837255291292	DCD
ENSG00000087085	-3.49325221674877	-1.76060640394089	-28.7575064450802	3.09480693840648e-100	1.39159496526322e-99	217.786094758299	ACHE
ENSG00000100055	-4.95340689655172	-2.12859901477832	-28.7515864627321	3.27429638481897e-100	1.47128765123321e-99	217.729687993527	CYTH4
ENSG00000146233	-3.47472955665025	1.74554901477832	-28.7512547105609	3.2846578058337e-100	1.47560420325522e-99	217.726526876493	CYP39A1
ENSG00000026751	-6.13436354679802	-2.97739359605911	-28.7512114883704	3.28601015414644e-100	1.47587245305285e-99	217.726115030793	SLAMF7
ENSG00000186897	-5.8028935960591	-4.96626453201969	-28.7499500901442	3.32572363776998e-100	1.49336606914754e-99	217.714095616057	C1QL4
ENSG00000085433	-1.46896995073892	3.55115443349753	-28.744898432877	3.48964337025426e-100	1.56661177903765e-99	217.665958379203	WDR47
ENSG00000113749	-6.5626251231527	-4.7958396551724	-28.7421215058546	3.58317176282987e-100	1.60786090905216e-99	217.639495822581	HRH2
ENSG00000107242	-5.56254778325122	-2.83721379310344	-28.7261122878111	4.17345851103091e-100	1.8714485135972e-99	217.486920057691	PIP5K1B
ENSG00000100385	-4.26080147783251	-0.59289236453202	-28.7253634723882	4.20333669720027e-100	1.88441398799467e-99	217.479782771535	IL2RB
ENSG00000142327	-1.00665320197044	5.23394778325123	-28.719471012637	4.44604700096884e-100	1.99185351886596e-99	217.423616972082	RNPEPL1
ENSG00000117036	-1.49974975369458	4.04689852216749	-28.7168982719801	4.55637245202502e-100	2.04081206641011e-99	217.39909287741	ETV3
ENSG00000197859	-4.47473152709359	-3.25513177339901	-28.7042991181619	5.13753878920024e-100	2.30006375758422e-99	217.278983435959	ADAMTSL2
ENSG00000181444	-2.98253251231527	1.47453374384236	-28.6930514000834	5.71880469350565e-100	2.55912253996994e-99	217.171742366185	ZNF467
ENSG00000142185	-5.61055960591132	-1.95015270935961	-28.6831986562511	6.28184497763455e-100	2.80979204744643e-99	217.077789983344	TRPM2
ENSG00000128268	-5.10221921182265	-2.06021551724138	-28.6772594631431	6.6477196613851e-100	2.97276287466333e-99	217.02115061944	MGAT3
ENSG00000147443	-6.18870689655172	-2.48143275862069	-28.6499517694426	8.62454014529399e-100	3.84972050067006e-99	216.760678797259	DOK2
ENSG00000018625	-3.08080689655173	-0.419911822660098	-28.6310063816441	1.03323178162289e-99	4.60885995810877e-99	216.579920982054	ATP1A2
ENSG00000120162	-3.18808029556651	0.319483497536946	-28.6176522491361	1.17358364423662e-99	5.22775736851427e-99	216.452485174698	MOB3B
ENSG00000154153	-3.14377783251232	1.55956477832512	-28.6148453103623	1.20543063485228e-99	5.36717372209689e-99	216.425696585728	RETREG1
ENSG00000183742	-4.75263793103448	-1.32741699507389	-28.6134731192735	1.22131271082879e-99	5.4366498849695e-99	216.412600481596	MACC1
ENSG00000198010	-4.64954876847291	-5.51967339901477	-28.5757842413806	1.74984078042558e-99	7.77698169913049e-99	216.052818031925	DLGAP2
ENSG00000101265	-3.51071231527094	-0.892963054187192	-28.5700294501899	1.84863334632949e-99	8.21231935757467e-99	215.997868169339	RASSF2
ENSG00000117266	-2.86920049261084	0.688823399014779	-28.5699529991361	1.8499826913744e-99	8.21644585337241e-99	215.997138148418	CDK18
ENSG00000111907	-3.01404975369458	4.04892733990147	-28.5478074191257	2.28544596614631e-99	1.01389750443658e-98	215.785645527045	TPD52L1
ENSG00000177494	-6.40992167487684	-3.24040517241379	-28.5395678306545	2.47248578452371e-99	1.09662544714395e-98	215.70694264117	ZBED2
ENSG00000198547	-5.19374532019703	-4.97180763546797	-28.5364723194384	2.54664971240811e-99	1.12926318765326e-98	215.677372989074	C20orf203
ENSG00000184911	-6.57431871921181	-5.56282881773397	-28.5300522369612	2.70764237214247e-99	1.20037992823067e-98	215.616042204217	DMRTC1B
ENSG00000009694	-4.1211763546798	-2.73125418719212	-28.5207563303246	2.9589803832074e-99	1.31121076300769e-98	215.527230658697	TENM1
ENSG00000148541	-3.23360049261084	0.277017487684729	-28.5010956895373	3.5701787763077e-99	1.58097515627929e-98	215.339364502788	FAM13C
ENSG00000163202	-9.52487684729064	0.235701970443349	-28.4987060463076	3.65260693316743e-99	1.61711021042043e-98	215.316527470976	LCE3D
ENSG00000100982	-1.04353201970443	4.7193236453202	-28.4769121807544	4.49804052873786e-99	1.98870380118994e-98	215.108221409898	PCIF1
ENSG00000102007	-1.32973743842364	7.77981354679804	-28.4721529410062	4.70730135714125e-99	2.08075284146696e-98	215.062725514978	PLP2
ENSG00000182253	-2.80921280788177	1.38003201970443	-28.4647287441573	5.0533707876246e-99	2.2332196275839e-98	214.991748974957	SYNM
ENSG00000185274	-4.63056157635468	-2.32755763546798	-28.4490569800802	5.86982420456216e-99	2.59285950735881e-98	214.84190426044	GALNT17
ENSG00000088881	-3.41760886699508	0.879745812807883	-28.443471239994	6.19171508758787e-99	2.73442929359643e-98	214.788489928601	EBF4
ENSG00000168394	-1.47197438423645	5.29200541871921	-28.4311207171938	6.9675829532989e-99	3.07637835683161e-98	214.670374247613	TAP1
ENSG00000116525	-1.54445320197044	2.66083448275862	-28.4292182982294	7.09545721211836e-99	3.13213067176907e-98	214.652178737395	TRIM62
ENSG00000154832	-1.17073743842365	5.94794408866995	-28.4160642193232	8.0463091177239e-99	3.54785588399279e-98	214.526356799274	CXXC1
ENSG00000115590	-2.7768960591133	2.91297512315271	-28.3702848283601	1.24663663793059e-98	5.48194715986491e-98	214.08831663244	IL1R2
ENSG00000103034	-3.00748472906404	3.34584384236453	-28.3621405086844	1.34765159382233e-98	5.92481607344792e-98	214.010363430215	NDRG4
ENSG00000110484	-11.1803935960591	1.23330911330049	-28.3581318568597	1.40034102602082e-98	6.15369110197862e-98	213.9719920054	SCGB2A2
ENSG00000259417	-3.2205290640394	-3.47573842364532	-28.3556230718508	1.43436062545262e-98	6.30177053565535e-98	213.947976631374	CTXND1
ENSG00000154162	-6.03378472906403	-5.17901453201969	-28.3503316071516	1.50885158791743e-98	6.62606241147918e-98	213.897321745663	CDH12
ENSG00000113946	-5.75175467980295	-2.83361921182266	-28.3478583654195	1.54498512672289e-98	6.78321710771034e-98	213.873644485997	CLDN16
ENSG00000161031	-5.96289261083743	-6.28540985221673	-28.3417339988963	1.63823396545951e-98	7.1893932524163e-98	213.815010751225	PGLYRP2
ENSG00000125378	-3.81544236453202	1.53068374384236	-28.3368131600535	1.71722514644653e-98	7.53266303296476e-98	213.767896406392	BMP4
ENSG00000175567	-2.96928866995074	1.41317931034483	-28.3337013813358	1.76913342233146e-98	7.75687802091125e-98	213.738101446288	UCP2
ENSG00000169181	-5.77151379310344	-5.29088004926107	-28.3280325267122	1.86776826701338e-98	8.18567559407389e-98	213.683820004544	GSG1L
ENSG00000177181	-4.96811822660098	-5.56007290640393	-28.3229926510783	1.96007353460126e-98	8.58828632582461e-98	213.635558301908	RIMKLA
ENSG00000124256	-5.73329064039408	-5.91929261083742	-28.2962059583605	2.53301482000895e-98	1.10763427193142e-97	213.379002758786	ZBP1
ENSG00000164082	-5.45540788177339	-2.61385960591133	-28.2949960718274	2.56252808069359e-98	1.12028912198913e-97	213.367412935339	GRM2
ENSG00000130244	-1.21249458128079	4.18323004926108	-28.2784427069491	3.00266744356391e-98	1.31182935797286e-97	213.208827697475	FAM98C
ENSG00000185477	-4.06496600985221	-3.81726280788177	-28.2664824270115	3.36707873584316e-98	1.47037883029826e-97	213.09422657601	GPRIN3
ENSG00000154764	-5.75729113300492	-4.46178497536945	-28.257140133469	3.68226605618878e-98	1.60694156476197e-97	213.004699567299	WNT7A
ENSG00000198929	-4.6307330049261	-2.32217487684729	-28.2497098302594	3.95390819458337e-98	1.72394631723669e-97	212.933488279596	NOS1AP
ENSG00000108551	-3.18263300492611	3.13688201970443	-28.2331351110612	4.63436206078501e-98	2.0188297679862e-97	212.774615981988	RASD1
ENSG00000006459	-1.91377586206896	2.68393768472907	-28.2185273555621	5.33065010533075e-98	2.32111328784255e-97	212.634572478529	KDM7A
ENSG00000172183	-1.9006118226601	2.0920197044335	-28.2001134275782	6.35951981803726e-98	2.76603018660325e-97	212.45800615274	ISG20
ENSG00000166831	-3.99711822660099	-0.886884236453201	-28.1965622037407	6.5797201020019e-98	2.86116800697199e-97	212.423950127136	RBPMS2
ENSG00000104450	-2.11758866995074	1.31364458128079	-28.1881805477064	7.13019004953806e-98	3.0998481412252e-97	212.343565069455	SPAG1
ENSG00000183908	-4.57255024630541	-7.18072931034482	-28.1629240160571	9.08378581361432e-98	3.94566219981443e-97	212.101293465063	LRRC55
ENSG00000263639	-9.14571477832511	-0.364012068965517	-28.1586632215308	9.46262053557723e-98	4.10930067791667e-97	212.060415201535	MSMB
ENSG00000236543	-10.022681773399	-4.90083891625614	-28.1439572645466	1.08958876590802e-97	4.72856843512646e-97	211.91931032232	
ENSG00000167632	-1.0661315270936	2.95518004926108	-28.1307756332137	1.23644173188885e-97	5.36111478246547e-97	211.792811407408	TRAPPC9
ENSG00000214193	-2.19121379310345	3.43268669950739	-28.1252119360663	1.30422632968052e-97	5.65376906269224e-97	211.739413111255	SH3D21
ENSG00000182472	-5.4767763546798	-0.471858620689655	-28.1195026047611	1.37765521303913e-97	5.96943196745249e-97	211.68461356281	CAPN12
ENSG00000113504	-1.80611674876847	2.93448251231527	-28.0947831748981	1.74642685266452e-97	7.56230302565256e-97	211.447309479344	SLC12A7
ENSG00000171124	-5.80205763546797	-2.3107263546798	-28.0768340983478	2.07474771915043e-97	8.97404159531599e-97	211.274958416848	FUT3
ENSG00000139737	-5.7545078817734	-2.01664753694581	-28.0711992768529	2.19005677128151e-97	9.47069914237292e-97	211.220844366116	SLAIN1
ENSG00000007306	-6.56670738916255	-3.69871231527093	-28.058601708594	2.47159178559325e-97	1.06739992649863e-96	211.099851036821	CEACAM7
ENSG00000125089	-2.5444315270936	1.0281236453202	-28.0576164905609	2.49508071406519e-97	1.07730595038139e-96	211.090387784095	SH3TC1
ENSG00000149295	-6.08334778325122	-4.34701477832511	-28.0560095702851	2.53387236538678e-97	1.09381342532336e-96	211.07495270765	DRD2
ENSG00000100307	-1.98030443349754	3.48708669950739	-28.0408409492286	2.9311436413194e-97	1.26446819069898e-96	210.929238549151	CBX7
ENSG00000163959	-1.29442216748769	2.24278349753695	-28.0391018645533	2.98050387974645e-97	1.2851943251987e-96	210.912530802467	SLC51A
ENSG00000248485	-4.47211822660099	-0.679300492610837	-28.0256494009268	3.3915326058071e-97	1.46178496212356e-96	210.783279107497	PCP4L1
ENSG00000170684	-2.48164088669951	1.16341108374384	-28.0220807250678	3.50979168933443e-97	1.5124222534283e-96	210.748987861933	ZNF296
ENSG00000147168	-5.83115320197044	-1.01466921182266	-28.0187983893883	3.62220362738873e-97	1.56051815005359e-96	210.717446826765	IL2RG
ENSG00000141293	-6.74805073891625	-3.67985344827586	-28.018043577448	3.64855972896112e-97	1.57152643207755e-96	210.710193427167	SKAP1
ENSG00000100558	-2.18999507389163	3.15685862068965	-28.0144870114042	3.77535306470936e-97	1.62578117211438e-96	210.676015613033	PLEK2
ENSG00000124664	-6.80879064039408	-1.87257955665025	-27.9924435748265	4.66578228568695e-97	2.00657388703553e-96	210.464152476922	SPDEF
ENSG00000104888	-2.76599753694581	-0.858572660098522	-27.9716535335983	5.69748436888312e-97	2.44865272788023e-96	210.264287717554	SLC17A7
ENSG00000102290	-4.57266256157635	-6.89993374384235	-27.9544546360281	6.72157537986367e-97	2.88687969391859e-96	210.098911029809	PCDH11X
ENSG00000125144	-3.22740246305418	3.77634556650247	-27.9376719015541	7.89833209357502e-97	3.38856653726988e-96	209.937505162842	MT1G
ENSG00000001626	-5.9796133004926	-2.74257955665024	-27.9315771214016	8.37496642258664e-97	3.59226500944223e-96	209.878881843159	CFTR
ENSG00000115165	-6.31015024630541	-2.70464852216748	-27.9232391067885	9.07402191107172e-97	3.88954894025364e-96	209.798675230668	CYTIP
ENSG00000131504	-1.05354729064039	5.16702389162562	-27.9118126872251	1.01278679201762e-96	4.33747085023192e-96	209.688747867972	DIAPH1
ENSG00000158552	-1.10647241379311	4.98382783251231	-27.902904251898	1.10337989715397e-96	4.72338443596556e-96	209.603034896848	ZFAND2B
ENSG00000166736	-6.40594137931033	-5.53237709359604	-27.8995729921644	1.13930339150036e-96	4.87609874653965e-96	209.570980812352	HTR3A
ENSG00000091879	-3.24485418719212	-1.26636995073892	-27.863975085995	1.60457738173384e-96	6.85841014738465e-96	209.228375649649	ANGPT2
ENSG00000004864	-1.26133152709359	3.24889926108375	-27.8601972494331	1.66397669439552e-96	7.11074405464185e-96	209.192008591781	SLC25A13
ENSG00000197406	-7.29942167487684	-2.93586798029556	-27.8581087329407	1.69775446381431e-96	7.2535019090204e-96	209.171902987331	DIO3
ENSG00000102796	-1.4303763546798	3.15477783251231	-27.8504691944584	1.82726388999507e-96	7.79999802059493e-96	209.09835514672	DHRS12
ENSG00000157152	-2.76847881773399	0.237012807881774	-27.8347082638407	2.12655397756989e-96	9.06766699316404e-96	208.946600728455	SYN2
ENSG00000177103	-4.94384137931034	-6.10835320197043	-27.8319029178964	2.18475624123961e-96	9.31381031114845e-96	208.919586606437	DSCAML1
ENSG00000198513	-1.89683201970443	1.78789827586207	-27.8159078150399	2.54841926655136e-96	1.08546663703022e-95	208.765545387165	ATL1
ENSG00000083097	-1.38339950738917	3.11672980295566	-27.7986345919654	3.0095074544944e-96	1.28074465757251e-95	208.59916439911	DOP1A
ENSG00000159307	-4.9564118226601	-4.41873497536945	-27.7927813069811	3.18399907854213e-96	1.35411773651513e-95	208.542776510838	SCUBE1
ENSG00000204422	-6.95339162561575	-6.32951699507387	-27.7840513989208	3.46324327066035e-96	1.47223624092331e-95	208.45866972831	
ENSG00000187068	-3.76930541871921	-2.20855320197045	-27.7794753293348	3.61928162069714e-96	1.5382340459257e-95	208.414579122943	C3orf70
ENSG00000173557	-5.75035320197044	-6.37660320197043	-27.7681053163732	4.03814219081742e-96	1.71513529000118e-95	208.305018917063	CIMIP2C
ENSG00000146067	-1.34550197044334	5.88607068965517	-27.7504660730243	4.78603772285168e-96	2.02970375824582e-95	208.135021742315	FAM193B
ENSG00000134962	-3.65898472906403	-4.00731009852216	-27.7491896083012	4.84525706635646e-96	2.05437217597609e-95	208.12271859862	KLB
ENSG00000168135	-5.75463645320196	-5.09223990147782	-27.740408358296	5.27302073533731e-96	2.23380384153396e-95	208.038076228943	KCNJ4
ENSG00000186710	-4.44779162561576	-1.86177955665025	-27.7353199797206	5.53798790741133e-96	2.34554312281388e-95	207.98902563889	CFAP73
ENSG00000049768	-2.5088921182266	-1.22940812807882	-27.7327660970601	5.67595942033598e-96	2.40345826635332e-95	207.964405861104	FOXP3
ENSG00000133874	-2.20899655172414	1.80446083743843	-27.7249135672434	6.12211956321187e-96	2.59125970336336e-95	207.888702042467	RNF122
ENSG00000140968	-6.29535911330048	-2.72605443349754	-27.7179993507298	6.54394897195248e-96	2.76860469387087e-95	207.822038769462	IRF8
ENSG00000084070	-1.01820985221675	4.38828226600985	-27.7156494385942	6.69384276758734e-96	2.83140855766649e-95	207.799380980772	SMAP2
ENSG00000170006	-2.20474137931034	3.11933866995074	-27.7106413586385	7.02486171683172e-96	2.97078224778891e-95	207.751091247055	TMEM154
ENSG00000170873	-2.82002118226601	3.80309088669951	-27.7051965360583	7.40336983488323e-96	3.12882035712128e-95	207.698587249877	MTSS1
ENSG00000009790	-4.93951576354679	-1.89932586206897	-27.6984063283433	7.90414200621839e-96	3.33829140016252e-95	207.633105385361	TRAF3IP3
ENSG00000205755	-5.45880197044334	-6.98960640394087	-27.6840249532646	9.07957200637791e-96	3.83141861689996e-95	207.494401338458	CRLF2
ENSG00000138795	-2.70524039408867	0.591213300492611	-27.6765975252115	9.75361532429109e-96	4.11496439264457e-95	207.422757407624	LEF1
ENSG00000150048	-5.35853448275862	-1.48983866995074	-27.6690496971455	1.04899310375955e-95	4.42369944619533e-95	207.349946106388	CLEC1A
ENSG00000171551	-6.06822955665024	-5.16537438423644	-27.6676192264288	1.06356274941459e-95	4.48320605027175e-95	207.336146164881	ECEL1
ENSG00000153561	-1.1631354679803	3.4273421182266	-27.6599241801332	1.14548615508076e-95	4.82749416488854e-95	207.261907297992	RMND5A
ENSG00000140022	-4.82843054187192	-0.241448768472906	-27.654113599372	1.2115079814979e-95	5.10353286795258e-95	207.205844866917	STON2
ENSG00000129244	-5.12661280788177	-2.29325073891625	-27.6522386465681	1.23361451827603e-95	5.19553769744617e-95	207.187753928664	ATP1B2
ENSG00000169474	-9.11737044334975	2.92484039408868	-27.6519112063478	1.23751640171618e-95	5.21084799016109e-95	207.18459450376	SPRR1A
ENSG00000139083	-1.44108374384236	3.16827487684729	-27.6254358763308	1.59757036651539e-95	6.71825265815447e-95	206.929100099448	ETV6
ENSG00000183484	-3.8199842364532	-1.36596256157635	-27.6137589171831	1.78807938512e-95	7.51131714187769e-95	206.816390532724	GPR132
ENSG00000204482	-5.15215862068966	-0.0404842364532018	-27.6118109735083	1.82200410362848e-95	7.65053807329347e-95	206.797586981214	LST1
ENSG00000102109	-4.1604236453202	0.0136541871921181	-27.6097158601003	1.85921148284777e-95	7.80341726757113e-95	206.777362347874	PCSK1N
ENSG00000166928	-5.75262413793103	-4.55548645320196	-27.608132560027	1.88783332380505e-95	7.92184642769987e-95	206.762078063334	MS4A14
ENSG00000178826	-4.87831280788177	-1.01251354679803	-27.5991647070989	2.05847608448636e-95	8.63234756288249e-95	206.675502468563	TMEM139
ENSG00000197093	-2.18453694581281	3.58678522167488	-27.5914512287527	2.21755389914259e-95	9.29546081017687e-95	206.601029789946	GAL3ST4
ENSG00000130768	-6.02502660098521	-3.54840443349753	-27.5588842606598	3.03666973649939e-95	1.27153631863448e-94	206.286530406577	SMPDL3B
ENSG00000144199	-1.23153251231527	3.34678399014778	-27.5571837267752	3.08693639421759e-95	1.29230743392888e-94	206.270105264423	FAHD2B
ENSG00000168795	-1.14148522167488	2.67474458128079	-27.5547691117674	3.15974532455434e-95	1.32250467193062e-94	206.246782420472	ZBTB5
ENSG00000178175	-5.4027172413793	-4.30039014778325	-27.5321090011159	3.93258608881341e-95	1.6445666027732e-94	206.027877716592	ZNF366
ENSG00000167695	-1.39274975369458	5.48349162561576	-27.526431123118	4.15424751860011e-95	1.73614852456124e-94	205.973018921373	TLCD3A
ENSG00000156968	-3.40172413793103	-1.94074581280788	-27.5192935358327	4.45072651725271e-95	1.85846362393488e-94	205.904051819078	MPV17L
ENSG00000214491	-6.50519113300492	-2.85592857142857	-27.5152574696686	4.62765725555886e-95	1.93151811380033e-94	205.865050862061	SEC14L6
ENSG00000166927	-6.1100566502463	-2.79516527093596	-27.4991430547362	5.40710172106548e-95	2.2544395526576e-94	205.709318389398	MS4A7
ENSG00000152939	-2.0264157635468	0.856262068965517	-27.4987624207929	5.42702126499801e-95	2.26226214933001e-94	205.705639547393	MARVELD2
ENSG00000110148	-6.30519605911329	-4.39201477832511	-27.4966980955731	5.53633930491913e-95	2.30733936226764e-94	205.685687497754	CCKBR
ENSG00000171236	-4.63426600985221	-1.09382118226601	-27.4952204666368	5.61593956039855e-95	2.34001473111532e-94	205.671405691005	LRG1
ENSG00000137877	-3.21886896551724	-0.789196059113301	-27.4840622709973	6.25521719213123e-95	2.60527396352575e-94	205.563550370445	SPTBN5
ENSG00000164542	-2.10519655172414	0.751859852216748	-27.4539942589849	8.36443622345508e-95	3.4763465052905e-94	205.272847337554	MATCAP2
ENSG00000106415	-1.57126305418719	2.44563694581281	-27.4006596331649	1.40081829635713e-94	5.80712582677364e-94	204.756965346699	GLCCI1
ENSG00000187173	-9.23874285714286	0.762515763546798	-27.3989791635343	1.42377049777456e-94	5.90102291993858e-94	204.740706079786	LCE2A
ENSG00000172819	-1.4733448275862	6.16458719211823	-27.3911042824337	1.53644563584251e-94	6.36667103809042e-94	204.664509285697	RARG
ENSG00000183186	-4.61921921182265	-3.66406231527093	-27.3806496166427	1.69994456173621e-94	7.04267895387937e-94	204.563340672218	C2CD4C
ENSG00000183760	-5.09049458128078	-1.29088374384236	-27.3703173818211	1.87863716184643e-94	7.78133264451102e-94	204.463345603276	ACP7
ENSG00000174567	-6.44757487684728	-4.78393325123151	-27.3582539220211	2.11120543124745e-94	8.73907573341194e-94	204.346581703093	GOLT1A
ENSG00000198625	-1.03929359605911	3.39234433497537	-27.3358799820339	2.62154681585149e-94	1.0846976048141e-93	204.129981102806	MDM4
ENSG00000108786	-1.56749014778325	1.7805697044335	-27.3274371439606	2.84475454020404e-94	1.17680341288457e-93	204.048233019205	HSD17B1
ENSG00000144749	-2.24788275862069	3.13018374384236	-27.3078356684093	3.43911554733747e-94	1.42117141099744e-93	203.858412453333	LRIG1
ENSG00000178462	-5.87050788177339	-5.08066773399013	-27.2984849587604	3.76497445950898e-94	1.55517080718082e-93	203.767846179878	TUBAL3
ENSG00000179930	-4.76556108374384	-6.9123199507389	-27.2947939531327	3.90195306227227e-94	1.61141096244558e-93	203.732094456505	ZNF648
ENSG00000175287	-1.3669157635468	4.99360665024631	-27.2880442760657	4.16547756920157e-94	1.71951336411781e-93	203.666712253214	PHYHD1
ENSG00000170074	-6.26429064039408	-1.2214724137931	-27.2714452523289	4.89185272511534e-94	2.01723118704798e-93	203.505902135868	FAM153A
ENSG00000159618	-5.34735714285713	-5.21280763546797	-27.2647677173019	5.21866980349506e-94	2.1510914427315e-93	203.441202616772	ADGRG5
ENSG00000172059	-2.31714975369457	3.05817438423645	-27.2632296380005	5.29699344050506e-94	2.18291534825706e-93	203.426299308932	KLF11
ENSG00000182162	-5.03573990147783	-5.20166551724137	-27.256849267469	5.63466760504183e-94	2.32158284498687e-93	203.364473726653	P2RY8
ENSG00000183844	-6.6575566502463	-3.23189852216748	-27.2365719044395	6.85767228137319e-94	2.82310157410143e-93	203.167958779136	FAM3B
ENSG00000180096	-1.80313596059114	1.56296896551724	-27.2260426882196	7.59418673213212e-94	3.12367074551307e-93	203.06589973366	SEPTIN1
ENSG00000154274	-4.71946798029556	-2.46944039408867	-27.2232019064439	7.80612482205146e-94	3.20949487213401e-93	203.038362249056	C4orf19
ENSG00000179163	-1.61133497536946	2.32182019704434	-27.1961191180999	1.01489270781111e-93	4.16660363362285e-93	202.775789932446	FUCA1
ENSG00000130528	-4.34109852216748	-1.56315714285714	-27.1957599831863	1.01843159127923e-93	4.18025418121796e-93	202.772307549209	HRC
ENSG00000147799	-1.43878472906404	1.39262980295566	-27.1772107355866	1.21904667161415e-93	5.00264805894242e-93	202.59242507573	ARHGAP39
ENSG00000007129	-6.06617093596058	-6.07154261083742	-27.162064381695	1.41187030244386e-93	5.78544127707231e-93	202.445516108368	CEACAM21
ENSG00000128203	-2.41500492610838	1.52926403940887	-27.1615170512897	1.41938286453848e-93	5.8150062764803e-93	202.440206947135	ASPHD2
ENSG00000265763	-4.5286330049261	-2.98586674876847	-27.1420919358179	1.71358448467841e-93	7.0100205148808e-93	202.251761394696	ZNF488
ENSG00000155846	-2.68607290640394	-0.0694945812807882	-27.1237929530838	2.0463712535402e-93	8.36736775289816e-93	202.074205164133	PPARGC1B
ENSG00000100647	-1.32859852216749	3.99685541871921	-27.1167960108474	2.1900845678132e-93	8.94807288818851e-93	202.006304297937	SUSD6
ENSG00000162739	-5.47303793103447	-5.21244852216747	-27.1045461102806	2.46644871125081e-93	1.00730074640049e-92	201.887414738289	SLAMF6
ENSG00000086548	-5.08381625615763	-0.93081354679803	-27.0686945329407	3.49269192879357e-93	1.42344495667328e-92	201.539374429246	CEACAM6
ENSG00000137880	-2.32631871921182	3.4337854679803	-27.0505987526633	4.16334649550421e-93	1.69500244198215e-92	201.363654155963	GCHFR
ENSG00000053918	-4.80867586206896	-2.7024763546798	-27.0494585051391	4.20968624586157e-93	1.71351153127738e-92	201.352580587774	KCNQ1
ENSG00000147255	-5.18534630541872	-4.85507610837437	-27.0440991334943	4.43450439795468e-93	1.80464566732258e-92	201.300531018394	IGSF1
ENSG00000203783	-8.22556453201969	-4.98558078817732	-27.023552202162	5.41357010049225e-93	2.20216459000457e-92	201.100954582029	PRR9
ENSG00000160224	-5.15291871921182	-3.8378027093596	-27.0177169202288	5.72917881297788e-93	2.32909532688192e-92	201.044267487854	AIRE
ENSG00000127324	-5.55585172413793	-0.394577586206897	-27.0160493217677	5.82271145506166e-93	2.36662702277069e-92	201.02806689515	TSPAN8
ENSG00000091181	-5.09549556650246	-6.90459901477831	-27.0106105174049	6.13851919813955e-93	2.4939489016641e-92	200.975227356841	IL5RA
ENSG00000213199	-2.16871330049261	0.910148768472906	-26.9965859656463	7.03426498193951e-93	2.85668342221658e-92	200.838960952031	ASIC3
ENSG00000078589	-5.87893596059112	-5.84188866995072	-26.9911461270106	7.41593882332672e-93	3.00918348184075e-92	200.786100602849	P2RY10
ENSG00000163788	-1.71086059113301	3.7025736453202	-26.9805020401364	8.22376990839936e-93	3.33490167150737e-92	200.682660506613	SNRK
ENSG00000100226	-1.14866748768473	4.38772142857143	-26.9797562034813	8.28357182948413e-93	3.35845561601201e-92	200.675411974612	GTPBP1
ENSG00000108840	-1.25791822660099	5.79896009852216	-26.9767735021533	8.52711133684187e-93	3.45647811127492e-92	200.646423553787	HDAC5
ENSG00000213722	-1.31313004926108	5.50025763546797	-26.9648253907426	9.57670405970478e-93	3.87951805005702e-92	200.530292628218	DDAH2
ENSG00000186260	-1.32708177339901	3.13887093596059	-26.9610987176301	9.92982901718243e-93	4.02090175411892e-92	200.494067875911	MRTFB
ENSG00000150477	-1.14946650246305	1.93854014778325	-26.94780365245	1.12992312474244e-92	4.57257355637127e-92	200.364823064896	KIAA1328
ENSG00000171044	-2.91909408866995	-0.354912561576355	-26.9434738006456	1.17848265631872e-92	4.76809690885722e-92	200.322727577921	XKR6
ENSG00000188878	-1.56905270935961	2.77983719211823	-26.9332178489039	1.30200341582976e-92	5.26567689406979e-92	200.223010065456	FBF1
ENSG00000160185	-4.96457487684729	-7.09302733990146	-26.9147457253765	1.55808834599346e-92	6.29354329421334e-92	200.043380775995	UBASH3A
ENSG00000203697	-7.08968522167487	-2.8250948275862	-26.9110374339807	1.61528226241103e-92	6.52186900248683e-92	200.00731591924	CAPN8
ENSG00000136250	-6.44669852216748	-3.78518374384235	-26.8659448187415	2.50424718079511e-92	1.01007220654485e-91	199.568658326404	AOAH
ENSG00000168071	-1.56681625615764	1.39957315270936	-26.8641008094945	2.54956716959609e-92	1.02813953009176e-91	199.550715583585	CCDC88B
ENSG00000182264	-5.85380295566501	-5.62271921182264	-26.8632282373573	2.57129754523661e-92	1.03668860385834e-91	199.542225085325	IZUMO1
ENSG00000112759	-1.55695960591133	5.07385714285714	-26.8591652854857	2.67494773522798e-92	1.07825554129177e-91	199.502689826003	SLC29A1
ENSG00000107672	-1.10634679802956	5.0255763546798	-26.8556783104604	2.76723326137961e-92	1.11522525044092e-91	199.468757885852	NSMCE4A
ENSG00000114646	-4.09670295566502	-2.38931256157635	-26.8166869257994	4.04388080982361e-92	1.62737888767654e-91	199.089247464213	CSPG5
ENSG00000137193	-1.93435467980295	5.66683399014778	-26.8123286389693	4.21908051126546e-92	1.69753492590384e-91	199.046817969054	PIM1
ENSG00000108622	-2.41929359605911	2.13144926108375	-26.8086522559351	4.37276350812393e-92	1.75864466918621e-91	199.011025573652	ICAM2
ENSG00000075035	-5.26874285714285	-4.03809211822659	-26.8020667610598	4.66220068184416e-92	1.87427948415138e-91	198.946907369407	WSCD2
ENSG00000204335	-6.9693660098522	-2.79672832512315	-26.7863345941572	5.4336785558043e-92	2.18262993499543e-91	198.793717059178	SP5
ENSG00000068745	-1.03598571428571	6.63199975369458	-26.7829790896893	5.61409456699854e-92	2.25371068258598e-91	198.761039986414	IP6K2
ENSG00000175161	-5.48741576354679	-4.737521182266	-26.7770604572134	5.94706413812106e-92	2.38639686626616e-91	198.703399535882	CADM2
ENSG00000184163	-1.95976650246306	2.08212857142857	-26.7721215110441	6.24000240322068e-92	2.50343106063926e-91	198.655297387276	C1QTNF12
ENSG00000144036	-1.18605418719212	3.84802167487685	-26.7715419713805	6.27530952847252e-92	2.51707920372352e-91	198.649652885194	EXOC6B
ENSG00000165730	-5.09236305418719	-3.5179184729064	-26.7584528073598	7.12824035756431e-92	2.85450969400659e-91	198.522160335024	STOX1
ENSG00000121989	-1.70296009852217	3.65937216748768	-26.737290616629	8.7595521355199e-92	3.50633281098586e-91	198.315997829521	ACVR2A
ENSG00000165186	-4.83470197044334	-6.76402044334974	-26.7364131805024	8.83472821560339e-92	3.53570056910345e-91	198.307448864785	PTCHD1
ENSG00000165192	-5.45049852216748	-5.46461527093595	-26.7242125420652	9.94951043688389e-92	3.97858262651085e-91	198.188568647138	ASB11
ENSG00000228486	-1.52169408866995	2.37357463054187	-26.7192238747738	1.04449307624012e-91	4.17583545333152e-91	198.139955952276	C2orf92
ENSG00000116667	-1.80160541871921	4.95079187192118	-26.68987826308	1.39017646051841e-91	5.55218238124886e-91	197.853943879992	C1orf21
ENSG00000133678	-1.20541477832512	5.07803103448276	-26.6895962674327	1.39400157683658e-91	5.56632178474469e-91	197.851195041971	TMEM254
ENSG00000165643	-5.99684827586206	-6.24404482758618	-26.6861138075887	1.44211682103475e-91	5.75609618395856e-91	197.817248059051	SOHLH1
ENSG00000118729	-4.75311576354679	-1.89041502463054	-26.6780422133073	1.56012745053344e-91	6.22458363379432e-91	197.738561615591	CASQ2
ENSG00000115687	-1.53431822660098	2.39902118226601	-26.6772986831191	1.57147291421679e-91	6.26856984887212e-91	197.731312939945	PASK
ENSG00000140538	-5.36270837438423	-1.67254137931035	-26.6749328515019	1.60812536082366e-91	6.41346649004409e-91	197.708248083426	NTRK3
ENSG00000225526	-3.49509556650246	-0.860694581280788	-26.6719510775011	1.65554170041744e-91	6.60122340533722e-91	197.679177519674	MKRN2OS
ENSG00000051382	-1.03963103448276	3.73008546798029	-26.6508231849191	2.03410797136787e-91	8.10243334212616e-91	197.473167620901	PIK3CB
ENSG00000169783	-4.26776305418719	-1.38421600985222	-26.6490250379946	2.07007656002362e-91	8.24234640097425e-91	197.455632546649	LINGO1
ENSG00000046604	-3.61554630541872	0.141563793103449	-26.6477868031645	2.09521465201123e-91	8.33903965979703e-91	197.443557407676	DSG2
ENSG00000186115	-6.6089738916256	-4.78715886699506	-26.6372178133811	2.32260546771035e-91	9.23841971300544e-91	197.340483535346	CYP4F2
ENSG00000144908	-4.36207093596059	-1.49607192118227	-26.6220197507044	2.69357680522165e-91	1.07009306622568e-90	197.192245373294	ALDH1L1
ENSG00000196421	-2.24012512315271	-2.07252167487685	-26.6149012020542	2.88718903567974e-91	1.14654436365075e-90	197.122804961925	C20orf204
ENSG00000107338	-1.51335566502463	3.12358128078818	-26.5859317115554	3.82982270933474e-91	1.51840932006126e-90	196.840160253572	SHB
ENSG00000105855	-2.56534482758621	0.76748472906404	-26.5800124391312	4.05746556193398e-91	1.60801038351884e-90	196.782397914535	ITGB8
ENSG00000161267	-1.77567290640394	4.39553054187192	-26.5641969196753	4.7343730471382e-91	1.87399469489923e-90	196.628047623927	BDH1
ENSG00000198643	-6.66908177339901	-2.65592413793103	-26.5638427056043	4.75076274879271e-91	1.88010136972271e-90	196.6245904188	FAM3D
ENSG00000270765	-5.05621576354679	-5.13262463054186	-26.5327468911168	6.43491392134393e-91	2.5429946987038e-90	196.32104063402	GAS2L2
ENSG00000189366	-7.10514285714285	-1.83122068965517	-26.5204890739272	7.25272018428085e-91	2.86444336784997e-90	196.201356760119	ALG1L1P
ENSG00000179698	-2.51610640394089	-1.47115270935961	-26.5159202558787	7.58348406861005e-91	2.99326288969456e-90	196.156743600144	WDR97
ENSG00000185519	-4.37428325123152	-1.05713866995074	-26.5134353262322	7.76967971948625e-91	3.06613653227384e-90	196.132478138149	FAM131C
ENSG00000077984	-7.08261477832512	-2.29154729064039	-26.5052408942293	8.41673325616574e-91	3.31947126724502e-90	196.052454822365	CST7
ENSG00000119787	-1.29983842364532	5.05645221674877	-26.4867667663893	1.00803473887557e-90	3.97317766581411e-90	195.87202032975	ATL2
ENSG00000112214	-5.71102857142856	-2.34573054187192	-26.4674343398966	1.21748128204007e-90	4.79291281499337e-90	195.683167284779	FHL5
ENSG00000122122	-5.34171034482758	-3.1183960591133	-26.4527764813924	1.40486744985914e-90	5.52615130940968e-90	195.539954511835	SASH3
ENSG00000137802	-1.50833793103448	4.01177980295567	-26.4503274186604	1.43887886686075e-90	5.65766012398244e-90	195.516024212037	MAPKBP1
ENSG00000162078	-5.7261802955665	1.77450935960591	-26.4455270577762	1.50795376626175e-90	5.92568520013816e-90	195.469117198062	ZG16B
ENSG00000249751	-7.54344630541871	-0.53686551724138	-26.4394868259744	1.59960559403173e-90	6.28457831093045e-90	195.41009152799	ECSCR
ENSG00000198523	-3.60724039408867	-0.543071428571428	-26.4281208658537	1.78745743077813e-90	7.0197936318863e-90	195.299012766685	PLN
ENSG00000135324	-4.0881290640394	-2.1178118226601	-26.4274147722405	1.79983071530664e-90	7.0669664132052e-90	195.292111747556	MRAP2
ENSG00000138101	-1.16840492610837	2.55552118226601	-26.4160598866653	2.01100562236973e-90	7.89296482674216e-90	195.181127915786	DTNB
ENSG00000177301	-4.61723842364532	-5.87543743842364	-26.3946022989844	2.48015109303132e-90	9.71869112893885e-90	194.971365092681	KCNA2
ENSG00000134160	-5.24629162561576	-1.10554729064039	-26.3936753480806	2.50272141014369e-90	9.80320340690079e-90	194.962302498912	TRPM1
ENSG00000186675	-4.786621182266	-7.09748103448273	-26.3922605300184	2.537567843528e-90	9.93770557078642e-90	194.948469975604	MAGEE2
ENSG00000115956	-4.30145172413793	-2.0176854679803	-26.3919015790141	2.54648564660332e-90	9.97063163813304e-90	194.944960519612	PLEK
ENSG00000215853	-6.53668866995073	-1.26689704433497	-26.3865165245343	2.68410062749968e-90	1.05052462372519e-89	194.892309465133	RPTN
ENSG00000215595	-5.39666896551723	-4.11169605911329	-26.3802801818154	2.85279977288915e-90	1.1158809680104e-89	194.831331642694	C20orf202
ENSG00000204882	-5.80786847290639	-4.90028645320196	-26.3790205434117	2.88814171292933e-90	1.12947899447799e-89	194.819014671476	GPR20
ENSG00000095637	-3.20532315270936	2.01675221674877	-26.3757874863859	2.98087141858738e-90	1.16550998923638e-89	194.787400555481	SORBS1
ENSG00000122877	-4.19618325123153	0.803466502463053	-26.3719037827602	3.09621171706785e-90	1.2101233874988e-89	194.749422823046	EGR2
ENSG00000143119	-5.08210492610837	-0.677001231527093	-26.364673613017	3.32297013647222e-90	1.29848995014877e-89	194.678716983669	CD53
ENSG00000108759	-7.36665467980295	-5.59792192118224	-26.3577171369532	3.55682371236838e-90	1.38903774954242e-89	194.610682906854	KRT32
ENSG00000242866	-4.16648768472906	-1.33763891625616	-26.3412888211338	4.17659167140823e-90	1.62977145452595e-89	194.449996061653	STRC
ENSG00000178971	-1.33075467980295	3.48715320197044	-26.3410873212929	4.18482902331609e-90	1.63265978785472e-89	194.448025011957	CTC1
ENSG00000185652	-6.70991477832512	-2.38912832512315	-26.3300121096111	4.66351079707906e-90	1.81832258572464e-89	194.339682472341	NTF3
ENSG00000172461	-4.452160591133	-7.22111477832511	-26.3249315393826	4.90107520343097e-90	1.91056875374921e-89	194.289978173001	FUT9
ENSG00000113070	-2.96503399014778	1.83418300492611	-26.3157893630794	5.35948527001736e-90	2.08885243611247e-89	194.200532063582	HBEGF
ENSG00000005001	-6.02741625615763	-0.526416502463054	-26.3147728532532	5.41303655658981e-90	2.10930329788391e-89	194.190586139917	PRSS22
ENSG00000132510	-1.48954334975369	3.0821987684729	-26.2854187098056	7.21354458675284e-90	2.80755005605106e-89	193.903331086152	KDM6B
ENSG00000160471	-4.92708522167487	-1.63674901477832	-26.2834098350249	7.35672497291103e-90	2.86213656023547e-89	193.883669529556	COX6B2
ENSG00000137265	-5.05523152709359	-1.53576009852217	-26.2808415102996	7.54393078564029e-90	2.93321717892922e-89	193.858531878296	IRF4
ENSG00000185019	-1.02308128078818	2.13537266009852	-26.2490475892811	1.02971596020594e-89	3.9965658975858e-89	193.547294436725	UBOX5
ENSG00000117394	-2.11542758620689	7.19941477832512	-26.2413337057172	1.11046980547414e-89	4.30827892367989e-89	193.471767023124	SLC2A1
ENSG00000117461	-2.74251280788178	0.201356896551724	-26.2399581817091	1.12552187081444e-89	4.36580952748231e-89	193.458298531549	PIK3R3
ENSG00000174562	-5.53267536945812	-6.90465098522165	-26.2376673429226	1.15104469965628e-89	4.46303879378632e-89	193.435867302308	KLK15
ENSG00000182256	-5.63087438423644	-6.27010221674875	-26.2278749974617	1.26683913907591e-89	4.90714974347303e-89	193.339977849048	GABRG3
ENSG00000160606	-1.26557536945813	3.57303004926108	-26.2122043234871	1.47689312682205e-89	5.7174020373131e-89	193.186507095986	TLCD1
ENSG00000183828	-1.37081083743843	3.40347438423645	-26.2044709308176	1.59306391270513e-89	6.1634636670132e-89	193.110761491667	NUDT14
ENSG00000130529	-1.18284827586207	5.04672463054188	-26.2016242586488	1.63809286747847e-89	6.33516936795255e-89	193.082878000402	TRPM4
ENSG00000148735	-5.63514827586206	-4.45920221674876	-26.1878088023492	1.87539516214637e-89	7.24717663805898e-89	192.947543023048	PLEKHS1
ENSG00000162365	-5.09270738916255	-6.4374699507389	-26.1776224018568	2.07213728525304e-89	8.00112760885496e-89	192.847746336864	CYP4A22
ENSG00000095539	-1.86112118226601	3.02400591133005	-26.1709313097653	2.21248349086586e-89	8.53967062581487e-89	192.782188005611	SEMA4G
ENSG00000174326	-3.65366305418719	0.751227093596059	-26.1695255340786	2.2431584000067e-89	8.65635889670832e-89	192.768413883281	SLC16A11
ENSG00000111404	-6.57594384236453	-1.45396699507389	-26.1684834762537	2.26617117837491e-89	8.7434387300696e-89	192.758203433531	RERGL
ENSG00000171729	-2.31408768472907	1.50042413793104	-26.1628543682035	2.3946328533065e-89	9.23725132635523e-89	192.703045668924	TMEM51
ENSG00000176974	-1.34295024630542	3.82459532019705	-26.1577822758965	2.51661477723771e-89	9.705878424468e-89	192.653343344568	SHMT1
ENSG00000166669	-2.20980295566503	0.941302955665025	-26.1304848255813	3.28824721608847e-89	1.26718452172749e-88	192.3858090009	ATF7IP2
ENSG00000164691	-4.6960251231527	-3.60214310344827	-26.1297328135368	3.31256667303685e-89	1.27630476980454e-88	192.37843775284	TAGAP
ENSG00000106066	-3.19145418719212	1.11995320197044	-26.1289837008978	3.33697136730689e-89	1.28545425704536e-88	192.371094871724	CPVL
ENSG00000178919	-5.59358325123152	-4.71366009852215	-26.1276296359539	3.38154186266341e-89	1.30211016906736e-88	192.357822049759	FOXE1
ENSG00000069188	-3.20264236453201	-3.0327960591133	-26.1077625624761	4.10836254245742e-89	1.5807367750483e-88	192.163061022311	SDK2
ENSG00000163751	-4.47573103448276	0.635882266009852	-26.0918022691731	4.80404818012897e-89	1.84757216314029e-88	192.006572005388	CPA3
ENSG00000204060	-3.89718226600985	-1.42146551724138	-26.0852595215756	5.12225355462128e-89	1.96890399221891e-88	191.942414112135	FOXO6
ENSG00000133246	-4.07593300492611	-1.14657980295567	-26.0772105134273	5.54280559456026e-89	2.12971897225515e-88	191.86348036935	PRAM1
ENSG00000114737	-2.23064581280788	2.13753226600985	-26.077181413834	5.54438707867604e-89	2.12990784925275e-88	191.863194988998	CISH
ENSG00000172554	-6.40929753694581	-2.67321379310344	-26.0683171425755	6.0477828314571e-89	2.32283357099714e-88	191.776259180665	SNTG2
ENSG00000183317	-4.97481280788177	-4.90418226600984	-26.0652409401634	6.23296832197213e-89	2.39348923065395e-88	191.746087784569	EPHA10
ENSG00000124772	-3.96850738916256	-1.77588916256158	-26.0334553625886	8.51262252861052e-89	3.26503767328963e-88	191.434282826935	CPNE5
ENSG00000151651	-2.01592167487685	0.532661330049261	-26.0316453817838	8.66508788863896e-89	3.32286396231912e-88	191.416524724191	ADAM8
ENSG00000158486	-5.95155862068965	-3.14899999999999	-26.0306916711159	8.74652108771835e-89	3.35343368836947e-88	191.407167544671	DNAH3
ENSG00000127533	-5.76951921182266	-2.98596305418719	-26.0246730136774	9.27839723724997e-89	3.55665827403568e-88	191.348114487321	F2RL3
ENSG00000164530	-5.13259014778325	1.14976403940887	-26.0204571818107	9.67012264753447e-89	3.70536346623762e-88	191.306748134434	PI16
ENSG00000131389	-2.15587044334975	3.22206477832512	-26.0172379702679	9.98035501713279e-89	3.82348750724973e-88	191.275159645476	SLC6A6
ENSG00000180667	-1.75033448275862	2.58521354679803	-26.0114039721234	1.05681800783614e-88	4.0470972974983e-88	191.217911114459	YOD1
ENSG00000168004	-5.60862413793103	-3.9961830049261	-26.0088913908776	1.0831904577691e-88	4.14727819861361e-88	191.193254387234	PLAAT5
ENSG00000185619	-1.09049064039409	5.27473694581281	-26.0067031856149	1.10669432381222e-88	4.23643887873426e-88	191.171780380247	PCGF3
ENSG00000084710	-2.40071822660098	-2.66688916256158	-25.983608517982	1.38814403911412e-88	5.3044800180618e-88	190.945113039888	EFR3B
ENSG00000204889	-6.01339064039407	-5.49700270935959	-25.9795360779221	1.44473948043533e-88	5.51858853140484e-88	190.905138086789	KRT40
ENSG00000117602	-1.36367586206897	2.26353399014778	-25.9761940508818	1.49290559213033e-88	5.70034409562543e-88	190.872331692784	RCAN3
ENSG00000169442	-7.40628177339901	-0.406530049261084	-25.9695836951381	1.59296125005125e-88	6.07882225122077e-88	190.807439288913	CD52
ENSG00000127914	-1.04065221674877	4.1009197044335	-25.9649288859497	1.66741899938536e-88	6.36171458141132e-88	190.76174161469	AKAP9
ENSG00000184613	-6.10102758620689	-0.913808866995074	-25.9598878944731	1.75198847690635e-88	6.68176401555502e-88	190.712250399215	NELL2
ENSG00000147465	-3.24849162561577	0.606479310344827	-25.9318240528257	2.30764085834209e-88	8.78891398435415e-88	190.436683356011	STAR
ENSG00000108469	-1.10030443349754	4.76733694581281	-25.8999601428263	3.15532245481471e-88	1.20010337508737e-87	190.123713852025	RECQL5
ENSG00000262560	-6.19137931034482	-5.14649310344826	-25.8970001105636	3.24838980911336e-88	1.23526043295764e-87	190.094635446305	
ENSG00000226490	-6.87209014778324	-6.45871699507387	-25.8958957010461	3.2838134862662e-88	1.24848799900027e-87	190.083785874808	C8orf90
ENSG00000142910	-3.08348374384237	3.11784236453202	-25.8734771601824	4.0926532592427e-88	1.5544923224902e-87	189.863524792774	TINAGL1
ENSG00000143434	-1.74536551724138	2.59849408866995	-25.8704220049889	4.21733706286044e-88	1.60153907661132e-87	189.83350445266	SEMA6C
ENSG00000148734	-4.25560935960591	-6.14474507389162	-25.8685364264179	4.29617952772459e-88	1.63084577177144e-87	189.81497609082	NPFFR1
ENSG00000198399	-1.09662660098522	4.19589408866995	-25.8601605557876	4.66462400005692e-88	1.77036477391945e-87	189.732667867285	ITSN2
ENSG00000179915	-5.40636798029556	-4.06400960591132	-25.8475709637239	5.27877686726678e-88	2.00267632576446e-87	189.608939994678	NRXN1
ENSG00000136856	-1.21117044334975	3.2716236453202	-25.8435871897801	5.48949518021396e-88	2.08140696181104e-87	189.569785264623	SLC2A8
ENSG00000109956	-4.89551822660098	-4.21892709359605	-25.8274331230033	6.43383222198325e-88	2.43804439173932e-87	189.410999241838	B3GAT1
ENSG00000116396	-1.42019704433498	0.569442857142857	-25.8237490910491	6.67102811052763e-88	2.52743759860277e-87	189.374783783141	KCNC4
ENSG00000072858	-5.12791133004926	-3.28699655172413	-25.7953453951103	8.81931543559539e-88	3.33747215806361e-87	189.095522730449	SIDT1
ENSG00000147036	-4.0257881773399	-3.48276305418719	-25.7742652166154	1.08501863650244e-87	4.1036257392163e-87	188.888217765836	LANCL3
ENSG00000156966	-3.5898921182266	-2.71682290640394	-25.7498525250612	1.37939913237212e-87	5.21296032582013e-87	188.648089839078	B3GNT7
ENSG00000102145	-5.29765862068964	-5.6258396551724	-25.7372068504748	1.56207467157008e-87	5.89647734823692e-87	188.523683230853	GATA1
ENSG00000158764	-6.11897093596058	-5.80984655172412	-25.7316429120177	1.64994072248249e-87	6.22694893757296e-87	188.468941278261	ITLN2
ENSG00000167536	-1.39636650246305	1.93130640394089	-25.7310052853562	1.66032101182962e-87	6.26491469650019e-87	188.462667677714	DHRS13
ENSG00000057294	-3.54780492610838	-0.762770443349754	-25.7091134939335	2.05928328176497e-87	7.75684539172148e-87	188.247252253152	PKP2
ENSG00000100100	-2.51682167487685	4.28465369458128	-25.7067514786848	2.10769617914524e-87	7.93767560856741e-87	188.224007405874	PIK3IP1
ENSG00000175084	-3.48088374384237	3.8314921182266	-25.6890260491295	2.50927638718662e-87	9.4391297706258e-87	188.049553427962	DES
ENSG00000100276	-6.2862645320197	-3.62462192118226	-25.6833388995411	2.65370254850425e-87	9.97857517853956e-87	187.993574386343	RASL10A
ENSG00000221916	-1.58247389162561	0.402336945812808	-25.6703207300223	3.01640420993044e-87	1.13380594480594e-86	187.865424570248	C19orf73
ENSG00000171345	-4.4856157635468	3.30566798029557	-25.6603422684035	3.32766968221308e-87	1.25008306285675e-86	187.767187045985	KRT19
ENSG00000120949	-4.51917192118226	-3.03488793103448	-25.653692033295	3.55277182062088e-87	1.33336406603751e-86	187.701710786316	TNFRSF8
ENSG00000198821	-5.58836502463054	-3.22701354679803	-25.6470882209283	3.79138344210893e-87	1.42236926906686e-86	187.636687651534	CD247
ENSG00000186818	-5.88113891625614	-4.92342019704432	-25.6470644526017	3.79227059463444e-87	1.42242902035213e-86	187.636453614311	LILRB4
ENSG00000239282	-1.25752019704433	3.01985812807882	-25.6456624603627	3.84496920664838e-87	1.44164213807219e-86	187.622648666556	CASTOR1
ENSG00000152932	-5.53461330049261	-5.19199876847289	-25.6295479437632	4.50597043366518e-87	1.68850765512339e-86	187.463961734195	RAB3C
ENSG00000119986	-1.6246842364532	5.42601995073892	-25.6273644462798	4.60388405013905e-87	1.72486775513453e-86	187.442458052486	AVPI1
ENSG00000213886	-6.87061133004925	-4.91406428571427	-25.6222935624114	4.83957045699868e-87	1.8128212741167e-86	187.392516947364	UBD
ENSG00000236609	-2.52644827586207	-0.45606157635468	-25.616892248748	5.10391277215791e-87	1.91037470587071e-86	187.339319034227	ZNF853
ENSG00000066382	-5.99056354679802	-3.78233842364531	-25.6127474752635	5.31651919981934e-87	1.98842905651425e-86	187.298495098662	MPPED2
ENSG00000131781	-2.20405073891626	1.73762093596059	-25.6117050142638	5.37137323305838e-87	2.00856057635719e-86	187.288227139443	FMO5
ENSG00000265203	-3.76521527093595	-7.90081945812806	-25.6093624801868	5.49671244348192e-87	2.05385763997177e-86	187.265153456377	RBP3
ENSG00000005981	-5.38538669950738	-5.30553522167487	-25.6068637962597	5.63363500917634e-87	2.10421436065222e-86	187.240541173947	ASB4
ENSG00000124159	-4.80690541871921	-2.30782807881773	-25.6013895206093	5.94566519152452e-87	2.21948785430319e-86	187.1866170661	MATN4
ENSG00000067141	-1.52805221674877	4.55785172413793	-25.5928900798216	6.46475686589795e-87	2.41188008158415e-86	187.102888389434	NEO1
ENSG00000170298	-6.99647044334974	-5.07659285714284	-25.5878784733331	6.79184788944602e-87	2.53294449342661e-86	187.053515621856	LGALS9B
ENSG00000011258	-1.17275369458128	2.99185812807882	-25.58299029439	7.1268353678303e-87	2.65686029679778e-86	187.00535666109	MBTD1
ENSG00000196544	-1.33680886699508	2.82443596059113	-25.5810883400584	7.26160179318211e-87	2.70658444101401e-86	186.986617788218	BORCS6
ENSG00000123243	-4.08492660098522	0.185598275862069	-25.5793170888627	7.38939991178086e-87	2.75369285041994e-86	186.969166368391	ITIH5
ENSG00000164270	-5.42131231527093	-6.75235566502461	-25.5766478172219	7.58625672621666e-87	2.82651342123405e-86	186.942866588106	HTR4
ENSG00000182871	-1.82341576354679	5.09515221674877	-25.5684976109504	8.22040969128863e-87	3.06162085357657e-86	186.862560360062	COL18A1
ENSG00000214787	-6.38739408866994	-3.97860492610837	-25.5672029089148	8.32592190252604e-87	3.099736441592e-86	186.849802758775	MS4A4E
ENSG00000196220	-1.86569507389163	1.31548251231527	-25.5649430841161	8.51334544281592e-87	3.16891041225731e-86	186.827534772316	SRGAP3
ENSG00000089012	-5.57283842364531	-6.68914285714284	-25.5477058574593	1.00890591812018e-86	3.75114905858155e-86	186.657666664836	SIRPG
ENSG00000112486	-5.77429162561575	-6.99723546798028	-25.5458327572817	1.02769804240764e-86	3.82029201916113e-86	186.63920618667	CCR6
ENSG00000214456	-4.71191477832512	-1.03679975369458	-25.5456706963309	1.0293403152889e-86	3.82566915963781e-86	186.637608968241	PLIN5
ENSG00000182022	-3.24471133004926	1.0955684729064	-25.5290988028964	1.2119228494912e-86	4.49998030111285e-86	186.474269613427	CHST15
ENSG00000183378	-7.0019802955665	-1.53973349753695	-25.5274764921116	1.23145314446497e-86	4.57162943562584e-86	186.458278144235	OVCH2
ENSG00000119778	-1.25502610837439	2.29882093596059	-25.5196062268616	1.330764805594e-86	4.93749873379873e-86	186.380695917983	ATAD2B
ENSG00000179403	-1.98660246305418	3.29654458128079	-25.5174748778216	1.3590127695665e-86	5.04039239758371e-86	186.359684905088	VWA1
ENSG00000183960	-5.07788522167488	-4.38858054187191	-25.5121108346382	1.4327900832102e-86	5.3120060341669e-86	186.306803947104	KCNH8
ENSG00000172264	-2.08226551724138	0.348329310344828	-25.5005883751719	1.60510873735378e-86	5.94748482088881e-86	186.193202153514	MACROD2
ENSG00000007314	-4.5182408866995	-3.87023374384236	-25.4994374957863	1.62342070837428e-86	6.0141966792512e-86	186.18185480167	SCN4A
ENSG00000107679	-1.10637487684729	4.58756871921182	-25.4892132032603	1.79556420789882e-86	6.64940605472023e-86	186.08104096673	PLEKHA1
ENSG00000268089	-4.46927586206897	-5.85148719211822	-25.4838811670093	1.89246919184697e-86	7.0016344087606e-86	186.028462218165	GABRQ
ENSG00000073737	-6.42615812807881	-3.18711896551724	-25.4808372613506	1.95011889006116e-86	7.21219215548357e-86	185.998445401521	DHRS9
ENSG00000141655	-3.47274876847291	-0.799758620689656	-25.4635201606111	2.31318238875966e-86	8.54521932724789e-86	185.827661004145	TNFRSF11A
ENSG00000161328	-1.74637389162562	0.182305172413793	-25.4591200177876	2.41575209141511e-86	8.92075347135943e-86	185.784261782894	LRRC56
ENSG00000116574	-2.32945763546798	0.625068719211822	-25.4439442006774	2.80572212617236e-86	1.03568987135739e-85	185.634567508902	RHOU
ENSG00000181847	-5.31860541871921	-5.95251305418718	-25.4183568419643	3.61115184367746e-86	1.33124182850679e-85	185.382127947008	TIGIT
ENSG00000142530	-2.13594137931035	-0.232431280788177	-25.412046167663	3.84309229386482e-86	1.41594475125766e-85	185.319859317108	GARIN5A
ENSG00000183034	-5.66794827586206	-6.63551847290638	-25.4039120648145	4.16418238131347e-86	1.53309065741575e-85	185.239593423719	OTOP2
ENSG00000189233	-4.38949261083744	-6.4196133004926	-25.384238438679	5.05624292651655e-86	1.85899636455242e-85	185.045433622494	NUGGC
ENSG00000186919	-7.0740448275862	-0.859338177339902	-25.3810767337522	5.21646971214219e-86	1.91689076936222e-85	185.014227476785	ZACN
ENSG00000125246	-1.49490935960591	2.15723004926109	-25.380415031944	5.25064080524442e-86	1.92908483955793e-85	185.007696344818	CLYBL
ENSG00000092051	-3.77588916256157	-2.74731009852217	-25.3740673943059	5.5900406409124e-86	2.05339425196823e-85	184.945041924277	JPH4
ENSG00000240053	-1.5710433497537	4.10762709359606	-25.3586481152373	6.50879135099033e-86	2.38908340685675e-85	184.792831148773	LY6G5B
ENSG00000198799	-1.10177241379311	2.51162266009852	-25.351087076412	7.01309098578363e-86	2.57273932878137e-85	184.718185102792	LRIG2
ENSG00000119844	-1.16033054187192	4.22006330049261	-25.3498958002805	7.09603709941843e-86	2.60219097385691e-85	184.706423824547	AFTPH
ENSG00000134574	-1.10529704433498	5.69610960591133	-25.3439236428799	7.5269033664899e-86	2.75812386251539e-85	184.647459812591	DDB2
ENSG00000197705	-4.32716748768472	-6.98693940886698	-25.3435696136746	7.55325205179987e-86	2.76726005992263e-85	184.643964331463	KLHL14
ENSG00000100427	-5.57974679802955	-3.85933546798028	-25.3408798157871	7.75647936238454e-86	2.84118312464327e-85	184.617406455689	MLC1
ENSG00000159398	-6.49651379310344	-4.33969729064038	-25.3381485761065	7.96843878421537e-86	2.91772963689595e-85	184.590438758989	CES5A
ENSG00000198829	-4.78534581280788	-4.86508423645319	-25.3293102936283	8.69489167654472e-86	3.18134381469831e-85	184.503166944617	SUCNR1
ENSG00000258388	-1.74724630541872	2.30521330049261	-25.3247275906296	9.09728971340965e-86	3.32795274390587e-85	184.457913312626	PPT2-EGFL8
ENSG00000177076	-2.13094285714286	-0.185364532019705	-25.3239902979986	9.16374854465164e-86	3.35163717124429e-85	184.45063246798	ACER2
ENSG00000133475	-6.55147142857141	-5.98511157635466	-25.3062968764259	1.09128906944587e-85	3.98541786490584e-85	184.275893889314	GGT2P
ENSG00000265972	-4.42597044334976	7.25296995073892	-25.306047935534	1.09397477955639e-85	3.99447966033089e-85	184.273435179027	TXNIP
ENSG00000086205	-6.17485418719211	-3.27136798029556	-25.2985531805453	1.17800547365643e-85	4.29969797650243e-85	184.199409350467	FOLH1
ENSG00000173926	-2.2096921182266	3.2792854679803	-25.2967027913268	1.19972779279786e-85	4.37816629819903e-85	184.181132275923	MARCHF3
ENSG00000186462	-2.88249162561577	-0.547524630541872	-25.2923107668538	1.25290596576755e-85	4.57052237876227e-85	184.137749214138	NAP1L2
ENSG00000187372	-2.53404236453202	-1.34242610837438	-25.2908045204892	1.27168156389698e-85	4.63814877224242e-85	184.122870593987	PCDHB13
ENSG00000143851	-5.16530295566502	-3.26790566502463	-25.2772659171086	1.45360286974728e-85	5.29770743763546e-85	183.98912821433	PTPN7
ENSG00000140009	-3.62141674876846	-2.86892068965517	-25.2616478842005	1.69605722409103e-85	6.17558231287254e-85	183.834824371554	ESR2
ENSG00000262484	-4.70938571428571	-1.04775935960591	-25.2609836001433	1.70722279878103e-85	6.21507971940741e-85	183.82826087837	CCER2
ENSG00000205832	-4.30012413793103	-4.641121182266	-25.2511535750478	1.88131623760329e-85	6.84630948142337e-85	183.731130369309	C16orf96
ENSG00000141744	-6.59094187192118	-2.96390049261083	-25.2380010973155	2.14236119416925e-85	7.79482823616749e-85	183.601157713222	PNMT
ENSG00000130518	-3.28923399014778	0.233187438423646	-25.2356335128768	2.19306517729866e-85	7.97782570639808e-85	183.577759690542	IQCN
ENSG00000181585	-5.12420049261083	-3.4151421182266	-25.2322949522419	2.26661111370335e-85	8.24383293951069e-85	183.544765027413	TMIE
ENSG00000205863	-6.18835517241379	-2.00336871921182	-25.2318275841609	2.27710199267273e-85	8.28044792348537e-85	183.540145998858	C1QTNF9B
ENSG00000244476	-4.85161428571428	-5.91789285714285	-25.2146576244815	2.69813835153014e-85	9.80238328046141e-85	183.370441224717	ERVFRD-1
ENSG00000148488	-5.35249950738915	-4.940121182266	-25.2090561346287	2.85170354710442e-85	1.03583625868986e-84	183.315071656068	ST8SIA6
ENSG00000146950	-3.57079704433498	-0.132586699507389	-25.2065909874708	2.92202905118982e-85	1.06098646819679e-84	183.290703336484	SHROOM2
ENSG00000171532	-5.03935862068965	-4.82870197044334	-25.2030007950024	3.02756633395959e-85	1.098898612523e-84	183.255212860286	NEUROD2
ENSG00000267385	-6.0818975369458	-5.01053349753693	-25.1994006207202	3.13722836004497e-85	1.13849055918289e-84	183.219622604642	
ENSG00000115598	-1.82517783251232	1.95887807881774	-25.1831597346676	3.68349750519658e-85	1.33573776668309e-84	183.059056275151	IL1RL2
ENSG00000135750	-1.64409852216749	2.79943497536946	-25.1642397625323	4.4410644869149e-85	1.60895962557084e-84	182.871974698378	KCNK1
ENSG00000137673	-5.09468128078818	1.41133522167487	-25.1569291055187	4.77393572348177e-85	1.72859462494498e-84	182.799678425496	MMP7
ENSG00000183067	-5.68809852216748	-5.94742709359604	-25.1509820419227	5.06305582170745e-85	1.83260301662913e-84	182.740863602088	IGSF5
ENSG00000196482	-4.71134334975369	-3.6830908866995	-25.1457200669985	5.333450318144e-85	1.92975904679078e-84	182.688821615404	ESRRG
ENSG00000144847	-4.7582684729064	-3.01543768472906	-25.1350746131811	5.92548950252244e-85	2.14278156658574e-84	182.583528767138	IGSF11
ENSG00000198535	-4.86670098522167	-6.644910591133	-25.1338989392976	5.99478098467948e-85	2.1674209487236e-84	182.571899735716	C2CD4A
ENSG00000106018	-5.2913527093596	-4.57610197044334	-25.1338810151636	5.99584364384393e-85	2.1674209487236e-84	182.571722440478	VIPR2
ENSG00000184481	-1.36198472906404	3.00621847290641	-25.1258940097649	6.48862867608154e-85	2.34425552945065e-84	182.492716865336	FOXO4
ENSG00000124882	-5.05102955665025	0.0179049261083743	-25.1078315848394	7.75775795749464e-85	2.79915262196012e-84	182.314027730067	EREG
ENSG00000164684	-3.31306108374385	-0.267613793103448	-25.1069556592956	7.82526195529191e-85	2.8229881692877e-84	182.30536161648	ZNF704
ENSG00000180613	-6.59461527093595	-5.82687709359604	-25.1062671040478	7.87873854904926e-85	2.84165212828687e-84	182.298549236332	GSX2
ENSG00000166143	-6.36021231527092	-5.46082832512313	-25.1011666425574	8.28642341241288e-85	2.98659694440008e-84	182.248085399264	PPP1R14D
ENSG00000198088	-5.70508965517241	-2.92315615763546	-25.1007202591329	8.32309264893302e-85	2.99926012438593e-84	182.243668788572	NUP62CL
ENSG00000166432	-2.42883694581281	0.470829802955666	-25.0992785395237	8.44263919333119e-85	3.04177830228757e-84	182.22940399939	ZMAT1
ENSG00000180720	-5.70743004926108	-2.68174310344828	-25.0949573533364	8.81134337004918e-85	3.17227841078668e-84	182.186647889167	CHRM4
ENSG00000166573	-3.75557931034483	-7.64520591133003	-25.0919090191178	9.08109546867874e-85	3.26879292040744e-84	182.156485106011	GALR1
ENSG00000186166	-1.13651428571429	4.66311773399015	-25.0909413626378	9.16844143669157e-85	3.2996258297574e-84	182.146910135165	CENATAC
ENSG00000172367	-5.40246847290639	-4.93339876847289	-25.0725830321277	1.09944538283898e-84	3.95533167736364e-84	181.965239344013	NHERF4
ENSG00000131042	-5.54165467980295	-3.96784113300492	-25.0625390077814	1.21432219984771e-84	4.3670011831844e-84	181.865833473461	LILRB2
ENSG00000205078	-3.45188325123153	-0.0838470443349753	-25.0575288444931	1.27604075476182e-84	4.58642420996054e-84	181.816244643367	SYCE1L
ENSG00000149582	-1.67073645320197	2.19177709359606	-25.0551870268703	1.30595604127326e-84	4.69298792622719e-84	181.793065436488	TMEM25
ENSG00000196812	-1.64115862068966	0.798621182266009	-25.0548511133306	1.31030431504568e-84	4.70697921408506e-84	181.789740541498	ZSCAN16
ENSG00000138606	-2.55224285714286	1.90308448275862	-25.0400836210731	1.51649375495065e-84	5.44166745487432e-84	181.64356156469	SHF
ENSG00000111266	-1.53884433497537	2.36922167487685	-25.0367116111066	1.56795697039963e-84	5.62323639485217e-84	181.610180490783	DUSP16
ENSG00000171517	-3.56053694581281	-0.0393793103448275	-25.034852508669	1.59707414889628e-84	5.72555916670906e-84	181.591775976261	LPAR3
ENSG00000000005	-6.94318128078817	-3.73883349753694	-25.0295607960744	1.68294928248389e-84	6.03231747584375e-84	181.539388147583	TNMD
ENSG00000136883	-5.53105911330048	-2.95169507389162	-25.0197235082385	1.85506208426226e-84	6.64557713119212e-84	181.441993019866	KIF12
ENSG00000188312	-1.68451330049261	2.13521674876847	-25.0180904609912	1.88529254817225e-84	6.75263690916094e-84	181.425824078398	CENPP
ENSG00000145708	-6.09120640394087	-4.99532832512314	-25.0142695718669	1.95796417578441e-84	7.0090741753396e-84	181.38799225742	CRHBP
ENSG00000101349	-4.36511379310345	-6.68790320197044	-24.9891250276617	2.51139123272185e-84	8.97870608669052e-84	181.138997925896	PAK5
ENSG00000135709	-1.41204088669951	2.2106145320197	-24.9799551651886	2.75008541529573e-84	9.82669028811651e-84	181.04818011112	KIAA0513
ENSG00000076356	-1.96135812807882	3.02197709359606	-24.9687412461196	3.07306616605182e-84	1.09767609243255e-83	180.937108592603	PLXNA2
ENSG00000127863	-2.9626842364532	3.81288349753695	-24.9683773769786	3.08415939988251e-84	1.1014371891905e-83	180.933504370467	TNFRSF19
ENSG00000167613	-5.47531773399014	-2.33348201970443	-24.9464327243428	3.83286781035801e-84	1.36807128310532e-83	180.716116405765	LAIR1
ENSG00000184313	-3.67750640394089	-1.26964384236453	-24.9413844095996	4.02939481895117e-84	1.43769277984195e-83	180.666101195191	MROH7
ENSG00000153303	-5.62484729064039	-5.95661034482757	-24.9407539300592	4.05463699212936e-84	1.4464351241364e-83	180.659854692259	FRMD1
ENSG00000141622	-5.33362807881773	-2.99525591133004	-24.9320948609139	4.41776325749712e-84	1.57540017478118e-83	180.574061278237	ARK2C
ENSG00000163995	-3.61656551724138	1.51508078817734	-24.9296930492409	4.52413209144256e-84	1.61303757217607e-83	180.550263211578	ABLIM2
ENSG00000073849	-2.13563103448276	1.32162339901478	-24.9281341508433	4.5945388434139e-84	1.63784162856611e-83	180.534816796991	ST6GAL1
ENSG00000165494	-1.19703743842364	5.44404088669951	-24.9132808598263	5.3228933696509e-84	1.89575327555528e-83	180.387632264531	PCF11
ENSG00000243716	-1.29475418719212	6.83898300492611	-24.9079608919533	5.61097982393735e-84	1.99799139430364e-83	180.334911118342	NPIPB5
ENSG00000164056	-2.30280049261084	4.80087266009852	-24.8994619376844	6.10394228706813e-84	2.1719453782572e-83	180.250681236226	SPRY1
ENSG00000204174	-6.47281871921182	-3.49570394088669	-24.8804493245642	7.36940979441178e-84	2.62080084080792e-83	180.062233060205	NPY4R
ENSG00000165949	-2.52106945812808	4.9345342364532	-24.8730010880794	7.93396588095609e-84	2.82054868556747e-83	179.98839997073	IFI27
ENSG00000184185	-3.98097192118227	-0.872610098522167	-24.8661171439135	8.49417054319694e-84	3.01805601373008e-83	179.920156581743	KCNJ12
ENSG00000186104	-1.37477142857142	3.76573497536946	-24.8634225346718	8.72408483579994e-84	3.09918316417383e-83	179.893442750503	CYP2R1
ENSG00000106686	-1.79516403940887	-0.070785960591133	-24.8582988616301	9.1785773007698e-84	3.2600464851262e-83	179.842646019025	SPATA6L
ENSG00000155629	-3.77126502463053	-2.87222266009852	-24.8552770587525	9.45765654238506e-84	3.3579492033301e-83	179.812686485647	PIK3AP1
ENSG00000128242	-5.87329655172413	-2.83970541871921	-24.8437219284329	1.06054412312913e-83	3.76410338797483e-83	179.69811678379	GAL3ST1
ENSG00000055955	-2.09561527093596	1.35245147783251	-24.8410849742388	1.08863322047056e-83	3.86239477023159e-83	179.671969725647	ITIH4
ENSG00000186973	-7.26660394088669	-1.9466197044335	-24.83981715884	1.10240196603967e-83	3.91053534586082e-83	179.659398337719	CFAP144
ENSG00000137878	-5.70005024630542	-1.4107	-24.8367484223072	1.13645493500859e-83	4.0305993357419e-83	179.628968857438	GCOM1
ENSG00000167588	-3.75337684729064	-0.435716502463054	-24.8274779074906	1.24585598730907e-83	4.41780397459514e-83	179.537038118359	GPD1
ENSG00000143556	-8.60051921182266	1.48607339901478	-24.8209515571345	1.32913742650987e-83	4.70970146670099e-83	179.472315603974	S100A7
ENSG00000135406	-5.59750197044335	-2.60064655172413	-24.8208612242797	1.33032840861754e-83	4.71306703430095e-83	179.471419739135	PRPH
ENSG00000142449	-5.45139753694581	-6.67236921182264	-24.8130747271829	1.43710675809921e-83	5.09043687996643e-83	179.394195636472	FBN3
ENSG00000186910	-5.65962709359605	-6.54790911330047	-24.8105001226787	1.47426736922883e-83	5.22017266342995e-83	179.368660413153	SERPINA11
ENSG00000214652	-5.70037487684728	-5.14652586206895	-24.7965203024201	1.69349051655196e-83	5.98989894560334e-83	179.229997579175	ZNF727
ENSG00000100330	-1.23796995073892	4.38920418719212	-24.7944206816425	1.72912245033457e-83	6.11371646904977e-83	179.209170526009	MTMR3
ENSG00000134258	-6.33076699507388	-3.27998152709359	-24.7941965892974	1.7329694844016e-83	6.12621014185529e-83	179.206947635366	VTCN1
ENSG00000227507	-3.3338645320197	-1.12413128078818	-24.7779934614904	2.03508482744479e-83	7.1864162807962e-83	179.046209480502	LTB
ENSG00000169758	-2.26274236453202	-0.362831280788178	-24.772899968225	2.14054125439668e-83	7.55744484072627e-83	178.995676668044	TMEM266
ENSG00000066583	-1.18053990147783	3.45817832512316	-24.7682798640609	2.24091962179204e-83	7.91041388169437e-83	178.949838565262	ISOC1
ENSG00000147862	-1.89432906403941	3.00340886699507	-24.7668433979327	2.27307885465358e-83	8.02248636041904e-83	178.935586397252	NFIB
ENSG00000269113	-3.79594532019704	-1.48561995073892	-24.7652992029685	2.3081652393182e-83	8.14484743711743e-83	178.920265192104	TRABD2B
ENSG00000164035	-3.40576699507389	0.586093349753694	-24.7644906021387	2.32675354164021e-83	8.20747612107094e-83	178.912242333766	EMCN
ENSG00000167608	-2.9970566502463	0.94897315270936	-24.7637558516996	2.34377404385448e-83	8.26453128202891e-83	178.904952166146	TMC4
ENSG00000145247	-1.45046600985222	4.0692433497537	-24.7594031457961	2.44719116466561e-83	8.62608400791763e-83	178.861763882678	OCIAD2
ENSG00000275342	-2.4015039408867	1.41858793103448	-24.7580605441041	2.48000282069319e-83	8.74016503552502e-83	178.848442054281	PRAG1
ENSG00000198064	-1.77423399014778	2.0442815270936	-24.7571619791819	2.50220831397503e-83	8.81683282937254e-83	178.839526054488	NPIPB13
ENSG00000122644	-1.98103448275862	4.89078866995074	-24.7550263417462	2.55578634687055e-83	9.00399797918593e-83	178.818334956852	ARL4A
ENSG00000135722	-1.11080049261084	3.89614802955665	-24.7329563569321	3.18140743909845e-83	1.12019935450202e-82	178.599321653341	FBXL8
ENSG00000205116	-6.96738226600984	-5.71175320197042	-24.7284261233946	3.32767729674677e-83	1.1708582955172e-82	178.554360677939	TMEM88B
ENSG00000134873	-6.7052763546798	-1.44006428571429	-24.7276674476493	3.35282277770638e-83	1.17949347834272e-82	178.54683092719	CLDN10
ENSG00000122254	-5.45971822660098	-2.50254975369458	-24.7258251918109	3.41467673909332e-83	1.20103694808067e-82	178.528546603652	HS3ST2
ENSG00000204396	-2.4758354679803	-0.993072906403941	-24.7205366825921	3.59865742114451e-83	1.26529261108323e-82	178.476056829277	VWA7
ENSG00000185905	-4.88498719211822	-5.93510443349752	-24.7118362973927	3.92316961113605e-83	1.37839950630746e-82	178.38969846802	C16orf54
ENSG00000168546	-5.13529507389162	-3.16829926108374	-24.7091271250682	4.03007855977029e-83	1.41570726613394e-82	178.362806506329	GFRA2
ENSG00000168309	-3.08295862068966	1.98724334975369	-24.7023498924902	4.31046625808277e-83	1.51393119366379e-82	178.295531335634	FAM107A
ENSG00000133315	-1.20697339901478	4.46667931034483	-24.6961664581172	4.5832869341126e-83	1.60888437697913e-82	178.234147391822	MACROD1
ENSG00000122547	-1.98105172413793	3.25127118226601	-24.6861331090726	5.06322460132529e-83	1.77608212455751e-82	178.13453824655	EEPD1
ENSG00000122543	-6.27693103448275	-4.67731280788176	-24.6766993440977	5.56027102895682e-83	1.95008644019875e-82	178.040874349251	OCM
ENSG00000157600	-1.32722660098522	3.49760738916256	-24.6758994857398	5.60459554714664e-83	1.96492655511912e-82	178.032932565624	TMEM164
ENSG00000154016	-3.95418177339901	-1.71791206896552	-24.6368601871442	8.2580213102782e-83	2.89208337715872e-82	177.64525019421	GRAP
ENSG00000189292	-5.95169261083744	-0.906293103448276	-24.635658663516	8.35713916230488e-83	2.92627151961588e-82	177.633316470225	ALKAL2
ENSG00000220008	-4.93732413793102	-5.50078472906402	-24.6336024722252	8.52953165120277e-83	2.9861000990291e-82	177.612893786457	LINGO3
ENSG00000196517	-2.83438275862069	4.09605049261084	-24.625909393187	9.2066945791755e-83	3.22201335004025e-82	177.536480951382	SLC6A9
ENSG00000126838	-4.88439113300492	-6.67329704433496	-24.6140474455868	1.03577570153871e-82	3.62224924113628e-82	177.41865096653	PZP
ENSG00000101180	-4.93924975369457	-6.08224802955664	-24.6124948206335	1.0518716116085e-82	3.67788066452914e-82	177.403227234357	HRH3
ENSG00000111796	-5.36292807881772	-6.37355024630539	-24.6014109543773	1.17428566181345e-82	4.10443398375216e-82	177.293114913709	KLRB1
ENSG00000165495	-3.67298719211823	-1.33577881773399	-24.5956896533032	1.24295283094277e-82	4.34211373297885e-82	177.23627305052	PKNOX2
ENSG00000171840	-1.74168325123153	1.98105443349754	-24.5931962440114	1.27412260004767e-82	4.4502062287992e-82	177.211499904029	NINJ2
ENSG00000055732	-3.07787783251232	0.728819704433497	-24.5890733639728	1.32738773495782e-82	4.63542014234199e-82	177.170536160319	MCOLN3
ENSG00000183762	-1.44956059113301	3.67126798029556	-24.5871312801837	1.35324483346384e-82	4.72487234867791e-82	177.151239715611	KREMEN1
ENSG00000261857	-6.60004039408866	-0.712479802955665	-24.5831935465008	1.40722981284006e-82	4.91160653733175e-82	177.11211368877	MIA
ENSG00000134917	-3.31553842364531	-2.7285012315271	-24.5604079040624	1.76473744281683e-82	6.15280983185129e-82	176.885687638372	ADAMTS8
ENSG00000168913	-5.08132955665024	-0.973438669950739	-24.5585707082244	1.79724786750355e-82	6.26392327924994e-82	176.867429242773	ENHO
ENSG00000129467	-2.27348029556651	2.69338694581281	-24.5521564388631	1.91552477173143e-82	6.67496167781306e-82	176.803680970278	ADCY4
ENSG00000127528	-2.5396645320197	3.72605197044335	-24.5091913651347	2.9358460720244e-82	1.02085950070286e-81	176.376589659287	KLF2
ENSG00000133019	-5.49839408866994	-3.69232266009852	-24.4972820780206	3.30481539768552e-82	1.14813693336125e-81	176.258180877505	CHRM3
ENSG00000169752	-2.25163004926109	-0.42472684729064	-24.4932477707291	3.44005133327285e-82	1.19490727257053e-81	176.218067055002	NRG4
ENSG00000079335	-1.31168177339901	0.815622660098522	-24.492993394417	3.44876169390248e-82	1.19771993997232e-81	176.215537704727	CDC14A
ENSG00000167711	-2.8355709359606	0.353126847290641	-24.4900057426637	3.55273206644471e-82	1.23360856507574e-81	176.185830092145	SERPINF2
ENSG00000113088	-5.78190985221674	-6.08096822660096	-24.4879318545665	3.62674235263777e-82	1.25908330174538e-81	176.165208051844	GZMK
ENSG00000188779	-2.13585665024631	-1.71519975369458	-24.4843980097942	3.7564258270498e-82	1.30341039616845e-81	176.130067932519	SKOR1
ENSG00000213689	-1.3287315270936	5.09844458128079	-24.4741386336963	4.15981695937764e-82	1.44286728825271e-81	176.02804449795	TREX1
ENSG00000176884	-5.02851871921182	-2.51165837438423	-24.4673219878775	4.45153798822021e-82	1.54350524069906e-81	175.960252499209	GRIN1
ENSG00000106327	-1.66947142857143	-0.002362315270936	-24.4642153881969	4.59119380940797e-82	1.59164643291557e-81	175.929355971538	TFR2
ENSG00000176476	-1.00415517241379	3.77339778325123	-24.4534964667257	5.10759826886701e-82	1.76847422697022e-81	175.822745793143	SGF29
ENSG00000134508	-1.56002216748768	3.02486330049261	-24.4511991981999	5.22562571000592e-82	1.80901997564102e-81	175.799896058247	CABLES1
ENSG00000088320	-5.01203990147783	-1.89951206896552	-24.4446609219768	5.57669816682226e-82	1.92987135781903e-81	175.73486101031	REM1
ENSG00000274322	-3.11296847290641	-0.432389655172414	-24.4330691038149	6.2581474327445e-82	2.16454366602996e-81	175.619551244963	
ENSG00000004799	-4.15370591133005	2.90101896551724	-24.4306732419435	6.40906718105221e-82	2.21595879073111e-81	175.595717094538	PDK4
ENSG00000183036	-6.80418620689654	-0.938256157635468	-24.4165023372276	7.37922304031342e-82	2.55049127438636e-81	175.454735273883	PCP4
ENSG00000180233	-1.13476945812808	1.85034187192118	-24.4077283683055	8.05222720409217e-82	2.78261050437435e-81	175.367438167117	ZNRF2
ENSG00000162482	-1.95382807881773	-0.0533391625615763	-24.4013628384702	8.57863241619281e-82	2.96294865106469e-81	175.304100291311	AKR7A3
ENSG00000110987	-1.40479162561576	2.1098578817734	-24.4006546906614	8.63928238965681e-82	2.98336908391365e-81	175.297053934925	BCL7A
ENSG00000125910	-5.62623842364531	-3.80295960591132	-24.3999790685523	8.69754663904813e-82	3.00242812966399e-81	175.290331186797	S1PR4
ENSG00000188687	-1.98063793103448	-0.171755911330049	-24.3915277512329	9.46047327071648e-82	3.26464009635072e-81	175.206233791406	SLC4A5
ENSG00000140284	-5.3098133004926	-3.16186724137931	-24.3885299190851	9.74689627895729e-82	3.36288571828007e-81	175.176401649218	SLC27A2
ENSG00000117016	-2.73334187192118	-1.11375566502463	-24.3755615862603	1.10893302501682e-81	3.82267933936826e-81	175.04734281966	RIMS3
ENSG00000182885	-5.76427980295566	-3.28233103448275	-24.3723194412552	1.14529194181648e-81	3.94662231122866e-81	175.015075504553	ADGRG3
ENSG00000254126	-6.59245467980294	-6.41782586206894	-24.371262800648	1.15739749897233e-81	3.98763433090926e-81	175.004559160215	CD8B2
ENSG00000282608	-5.74915714285713	-4.02053965517241	-24.3599273094033	1.29560278357849e-81	4.46065355826126e-81	174.891735986632	ADORA3
ENSG00000265690	-2.52112512315271	1.53268226600985	-24.3543867081743	1.36904778677752e-81	4.712688365194e-81	174.836586344231	
ENSG00000183778	-4.23762955665024	-3.55837783251231	-24.3365051057132	1.63572647150017e-81	5.62869637366725e-81	174.658581916583	B3GALT5
ENSG00000087903	-1.40887536945813	3.06434064039409	-24.3216537279833	1.89632542542369e-81	6.51970293167306e-81	174.510723896869	RFX2
ENSG00000166387	-1.43929556650246	4.79679261083743	-24.3122365562251	2.08270078303902e-81	7.15795615584743e-81	174.416959405616	PPFIBP2
ENSG00000116514	-1.25876896551724	3.56586280788177	-24.3085394927417	2.16078467886114e-81	7.42501392549751e-81	174.380146824156	RNF19B
ENSG00000160180	-5.57097733990148	0.173630049261083	-24.272622952489	3.08975163815038e-81	1.06004084467582e-80	174.022463672508	TFF3
ENSG00000021300	-2.90716551724138	0.117193596059113	-24.2674338478376	3.25361424002922e-81	1.11508469797704e-80	173.970778818471	PLEKHB1
ENSG00000171446	-8.03662315270935	-4.73777216748767	-24.2612879793016	3.45897659505484e-81	1.18505120302527e-80	173.909561751077	KRT27
ENSG00000203727	-3.71953399014777	-2.45365418719212	-24.2307949363874	4.68653311954924e-81	1.60448896675247e-80	173.605788649527	SAMD5
ENSG00000165863	-5.48249211822659	-4.27517857142856	-24.2296426866017	4.74063571765088e-81	1.62244313825453e-80	173.594308533358	SPMIP5
ENSG00000019169	-5.38246354679802	-1.99129187192118	-24.2192067937262	5.26001026962044e-81	1.79893455878409e-80	173.490328985859	MARCO
ENSG00000099337	-1.9245	3.18324802955665	-24.2161760700419	5.42124988255132e-81	1.85375442178159e-80	173.460130419656	KCNK6
ENSG00000070182	-3.0826684729064	-2.74207610837438	-24.2147435491704	5.49917479089761e-81	1.87974241321884e-80	173.445856340046	SPTB
ENSG00000125851	-6.46743990147783	-0.924876108374385	-24.2021534719406	6.23410291060735e-81	2.12983984404001e-80	173.320398423296	PCSK2
ENSG00000132481	-1.89968325123153	3.82807807881773	-24.1854419562992	7.36362298144546e-81	2.51485355301306e-80	173.153853081773	TRIM47
ENSG00000089723	-2.17221674876847	0.974009359605912	-24.1766809602382	8.03540137869305e-81	2.74380244176865e-80	173.06653365552	OTUB2
ENSG00000090238	-1.48861083743842	6.5116078817734	-24.1646657197332	9.05756430588668e-81	3.09067437865615e-80	172.946770561171	YPEL3
ENSG00000153283	-5.7035172413793	-4.35190886699507	-24.1576688475271	9.71174193292323e-81	3.31273976004863e-80	172.877023684107	CD96
ENSG00000099960	-4.56695763546797	-2.22368916256158	-24.1567071175216	9.80528158599386e-81	3.34406304979916e-80	172.867436597456	SLC7A4
ENSG00000180549	-4.94581527093595	-6.28278793103446	-24.1537587119538	1.00977054899093e-80	3.44319247398024e-80	172.838044747223	FUT7
ENSG00000127252	-5.69876699507389	-1.61269039408867	-24.1514983246111	1.03277882641187e-80	3.52041929630922e-80	172.81551113334	PLAAT1
ENSG00000004777	-1.54101428571429	2.91060221674877	-24.1312163936046	1.2641827020829e-80	4.30769980193618e-80	172.613305592264	ARHGAP33
ENSG00000144837	-5.71818226600984	-4.49601379310344	-24.1263702153839	1.32675700297078e-80	4.5193455380957e-80	172.564986036019	PLA1A
ENSG00000235098	-2.7881275862069	0.687813054187193	-24.1236868423756	1.36272864370296e-80	4.63945002704587e-80	172.538230324223	ANKRD65
ENSG00000165973	-6.30242068965516	-6.08479999999998	-24.106960883833	1.61002153210592e-80	5.47850266070241e-80	172.371445272355	NELL1
ENSG00000168769	-1.1446763546798	2.31933078817734	-24.0962268018816	1.79190200716482e-80	6.09209273208331e-80	172.26439832426	TET2
ENSG00000264717	-6.35616059113299	-5.67156453201969	-24.088103831791	1.94308670419863e-80	6.60494005452247e-80	172.183385478425	NPY4R2
ENSG00000175445	-4.02898275862069	-0.47659236453202	-24.0709734569078	2.30507520550447e-80	7.83132469853413e-80	172.012523464957	LPL
ENSG00000135426	-5.54201527093595	-3.80934704433497	-24.0654581870582	2.43542141979995e-80	8.27129047371056e-80	171.957508495464	TESPA1
ENSG00000116711	-1.76772216748768	1.5394527093596	-24.0591752373222	2.59292211134544e-80	8.80467139876849e-80	171.894833236846	PLA2G4A
ENSG00000130675	-4.8968448275862	-6.72899482758618	-24.0582686687865	2.61647436816054e-80	8.88310321448806e-80	171.885789572849	MNX1
ENSG00000164309	-2.05481330049261	1.17382733990148	-24.0521112760489	2.78220647650962e-80	9.44413391765693e-80	171.824363655162	CMYA5
ENSG00000112782	-3.78705763546797	-2.56211748768473	-24.0454236600428	2.97413331595272e-80	1.00921189894683e-79	171.757645174014	CLIC5
ENSG00000234511	-6.31707980295565	-4.73398817733988	-24.0449751630339	2.98746890128803e-80	1.01356106369741e-79	171.753170663958	C5orf58
ENSG00000253958	-2.49154975369458	2.10844975369458	-24.0342471956408	3.32491512299093e-80	1.12785091708885e-79	171.646136906791	CLDN23
ENSG00000137648	-6.12149064039408	-1.6323763546798	-24.0321152570657	3.39638779530116e-80	1.15189535397041e-79	171.624865412305	TMPRSS4
ENSG00000167680	-3.38146847290641	-0.246804187192118	-24.0297477170226	3.47756214953714e-80	1.17901664688159e-79	171.601242815563	SEMA6B
ENSG00000012822	-1.21837339901478	6.9484433497537	-24.0242795592649	3.67254369407403e-80	1.24469040703425e-79	171.546681667616	CALCOCO1
ENSG00000188257	-4.68323990147783	2.70699285714286	-24.0107175744259	4.20466591476396e-80	1.42429504777808e-79	171.411351315829	PLA2G2A
ENSG00000080854	-4.49200246305419	-0.79757118226601	-24.0049986991782	4.45157092190087e-80	1.50662623754393e-79	171.354280719296	IGSF9B
ENSG00000010610	-2.75849852216749	0.708081773399015	-24.0032905486621	4.5280945238585e-80	1.53226014173581e-79	171.337234055268	CD4
ENSG00000169710	-1.6571236453202	6.72589236453201	-23.9761173885573	5.93856236636622e-80	2.00815687426075e-79	171.066028900637	FASN
ENSG00000133962	-5.17689261083743	-4.4546645320197	-23.974350858966	6.0441897105027e-80	2.04316822907185e-79	171.04839602134	CATSPERB
ENSG00000203747	-5.08209261083743	-2.57786650246305	-23.9695400895956	6.34147317391461e-80	2.14254959828215e-79	171.000375490959	FCGR3A
ENSG00000225828	-1.74641133004926	2.44906724137931	-23.9690793143815	6.37070371623177e-80	2.15205344896459e-79	170.995776001648	FAM229A
ENSG00000005187	-2.33537339901478	0.802300492610837	-23.9538124164333	7.41935418254101e-80	2.50412814223172e-79	170.84337233768	ACSM3
ENSG00000281406	-4.62703596059113	-5.59747709359605	-23.9518837830534	7.56356993257653e-80	2.55236200349526e-79	170.824118353796	BLACAT1
ENSG00000128309	-1.03084729064039	5.76578275862069	-23.9370553631457	8.77026316956042e-80	2.95905529798946e-79	170.676074154696	MPST
ENSG00000197121	-1.35879162561577	2.18928694581281	-23.9352508954261	8.92968249185752e-80	3.01232272148938e-79	170.658057630504	PGAP1
ENSG00000130176	-3.2742157635468	2.69768374384237	-23.9292264786355	9.48322407146945e-80	3.19739759842402e-79	170.597905802943	CNN1
ENSG00000147804	-1.17847093596059	4.38021477832513	-23.9229674560632	1.00947222086587e-79	3.40239843741994e-79	170.535408823709	SLC39A4
ENSG00000162951	-5.18405960591132	-6.39615886699505	-23.922903961625	1.01011235393438e-79	3.403968894738e-79	170.534774811229	LRRTM1
ENSG00000198881	-5.29220197044334	-5.05933251231526	-23.9227092376059	1.01207804099075e-79	3.40951311269101e-79	170.532830427227	ASB12
ENSG00000107554	-1.04764236453202	4.12977684729064	-23.9227064194518	1.01210651758881e-79	3.40951311269101e-79	170.532802287003	DNMBP
ENSG00000158560	-2.30592463054187	-0.488342118226601	-23.916853104342	1.07301705333304e-79	3.61408122306693e-79	170.474353753951	DYNC1I1
ENSG00000183918	-4.97630394088669	-6.28906773399013	-23.9033417254546	1.2279960822361e-79	4.13464842161577e-79	170.339426163854	SH2D1A
ENSG00000131409	-2.41999458128079	-1.73338349753695	-23.8782016450459	1.5784420050808e-79	5.31002128822327e-79	170.088338012365	LRRC4B
ENSG00000187595	-3.87083596059113	-2.31445935960591	-23.8773858611911	1.591354659591e-79	5.35253920098578e-79	170.080189584611	ZNF385C
ENSG00000139572	-5.30148719211822	-4.05733374384236	-23.8763192136768	1.60839771652495e-79	5.4089327441629e-79	170.069535344659	GPR84
ENSG00000139445	-5.28343201970442	-6.65977955665023	-23.8734288494192	1.65550411178493e-79	5.56543288362309e-79	170.040664460595	FOXN4
ENSG00000254996	-1.13757931034483	3.35605517241379	-23.8650445547782	1.80010642649496e-79	6.04635266183644e-79	169.956913269067	ANKHD1-EIF4EBP3
ENSG00000176402	-4.57254433497537	-1.79021600985222	-23.8537720219738	2.01464055668008e-79	6.76578548868227e-79	169.84430364981	GJC3
ENSG00000150594	-4.47333103448276	0.00587684729064047	-23.8532711318372	2.02474570148658e-79	6.79855335024928e-79	169.839299686483	ADRA2A
ENSG00000185737	-5.92764137931033	-5.35029950738915	-23.8377611758679	2.36405759777095e-79	7.93241991339972e-79	169.684344481222	NRG3
ENSG00000140368	-2.45645270935961	-0.0574628078817736	-23.8353909659802	2.42070289551639e-79	8.12109458955902e-79	169.660662984878	PSTPIP1
ENSG00000169918	-2.5893960591133	-0.519265024630542	-23.8326524138956	2.48784451464243e-79	8.34347992193964e-79	169.633300787801	OTUD7A
ENSG00000107147	-3.68864137931034	-4.00255073891625	-23.8285610468092	2.59164108103022e-79	8.6900909412307e-79	169.592421003277	KCNT1
ENSG00000136111	-1.07829655172414	3.31563103448276	-23.8222083202156	2.76146197214132e-79	9.25793272595397e-79	169.528944077887	TBC1D4
ENSG00000182132	-5.81598669950738	-5.73810073891624	-23.8185310590946	2.8648052593288e-79	9.60274860682735e-79	169.492199342564	KCNIP1
ENSG00000142149	-4.64754137931034	-1.76112438423646	-23.8102437785673	3.11211775256863e-79	1.04245809257278e-78	169.409385967094	HUNK
ENSG00000169203	-1.33344876847291	5.48238201970443	-23.8100264091027	3.11888439948695e-79	1.04454565440915e-78	169.407213768043	NPIPB12
ENSG00000006062	-1.05579753694581	2.90407807881773	-23.7859146095025	3.96861813988094e-79	1.32753741337818e-78	169.166241659266	MAP3K14
ENSG00000181404	-1.43305369458128	3.71006724137931	-23.7843196925868	4.03238069681562e-79	1.34840492089615e-78	169.150300743826	WASHC1
ENSG00000215018	-2.76116699507389	-0.493434236453202	-23.7765954683295	4.35599197091147e-79	1.45562235115513e-78	169.073096028424	COL28A1
ENSG00000090539	-2.79526748768473	1.10758497536946	-23.7749334682565	4.42895128605889e-79	1.47949685525065e-78	169.056483572668	CHRD
ENSG00000187048	-4.9772738916256	-5.63686354679802	-23.7660566602149	4.83984743653013e-79	1.61592855979279e-78	168.967752617992	CYP4A11
ENSG00000163154	-4.945821182266	-2.64848694581281	-23.7629411051373	4.99293190442548e-79	1.66675564189072e-78	168.93660883173	TNFAIP8L2
ENSG00000100401	-1.15463596059114	5.93832044334975	-23.7448169446808	5.98459235288835e-79	1.99574921092396e-78	168.755422650732	RANGAP1
ENSG00000125848	-2.48554532019704	0.329542610837438	-23.7447514894115	5.98850945291617e-79	1.99671475394792e-78	168.754768258008	FLRT3
ENSG00000113645	-1.91064581280788	3.29270172413793	-23.7188810938493	7.75607339404597e-79	2.58077960610329e-78	168.496104946835	WWC1
ENSG00000065371	-6.78920788177339	-4.6181093596059	-23.7083720511024	8.61539856923754e-79	2.864275584213e-78	168.391018195788	ROPN1
ENSG00000086544	-1.41710985221675	4.7878578817734	-23.7033165172056	9.06210741554474e-79	3.01176365841114e-78	168.340461991563	ITPKC
ENSG00000185513	-1.37195123152709	2.10424655172414	-23.699335552226	9.43011993478483e-79	3.13353857788752e-78	168.300650457936	L3MBTL1
ENSG00000143536	-4.32695172413793	0.173511330049261	-23.6977793646152	9.57801141167225e-79	3.18214041154198e-78	168.285087557609	CRNN
ENSG00000099985	-5.28998226600984	-5.86217684729062	-23.6765936587113	1.183822739478e-78	3.92505327025435e-78	168.073200492334	OSM
ENSG00000126464	-1.10995172413793	3.75767931034483	-23.6535395781953	1.49082786394702e-78	4.93792510461911e-78	167.842593142603	PRR12
ENSG00000070413	-1.02806798029557	5.37113349753695	-23.6461976128948	1.60443572055082e-78	5.31061701405897e-78	167.769144908636	DGCR2
ENSG00000161618	-1.20256403940887	4.06874064039409	-23.6297405623596	1.89156135612845e-78	6.25463485980748e-78	167.604497415159	ALDH16A1
ENSG00000176945	-2.65153891625616	1.19433645320197	-23.6266619031068	1.95072760224041e-78	6.44809181376559e-78	167.573694439545	MUC20
ENSG00000099821	-1.02419408866995	4.80418916256158	-23.6182795896708	2.12137576550957e-78	7.00860950288895e-78	167.489823541207	POLRMT
ENSG00000182771	-3.74023645320197	-1.45039753694581	-23.6127507897712	2.24202906416157e-78	7.40597227380755e-78	167.434501513355	GRID1
ENSG00000074706	-4.26501231527093	-3.18548842364532	-23.6123664711858	2.25066680136298e-78	7.43324837455388e-78	167.430655887562	IPCEF1
ENSG00000125878	-5.62527635467979	-5.64069975369457	-23.5979458861318	2.60001338081127e-78	8.58122977331767e-78	167.286351493889	TCF15
ENSG00000165966	-5.1239236453202	-3.29039236453202	-23.5969210077919	2.62681447877454e-78	8.66822163867141e-78	167.276095189258	PDZRN4
ENSG00000183785	-1.73133497536946	0.69851527093596	-23.5719678591237	3.37192388624368e-78	1.11176204800024e-77	167.026359441812	TUBA8
ENSG00000172828	-2.58421477832513	-1.07523596059113	-23.5703389847918	3.42734326406561e-78	1.12984382703053e-77	167.01005595585	CES3
ENSG00000198838	-3.18120492610837	-1.65230886699508	-23.5564609935154	3.93804663081552e-78	1.29666903554165e-77	166.871143453593	RYR3
ENSG00000157087	-3.89280147783251	-4.19340320197044	-23.5413155388376	4.58268141303092e-78	1.50790975203654e-77	166.719529978524	ATP2B2
ENSG00000117472	-2.40601871921182	0.584873399014778	-23.5188606426602	5.73779997430849e-78	1.88672534238493e-77	166.494718160737	TSPAN1
ENSG00000198626	-4.20610886699507	-3.44588793103448	-23.5099569055205	6.27277330885848e-78	2.06159663642302e-77	166.405567590465	RYR2
ENSG00000099769	-4.55107339901477	-3.12792192118226	-23.489392937481	7.70694075876442e-78	2.53081895996932e-77	166.199647071362	IGFALS
ENSG00000157765	-5.5925802955665	-3.57648078817734	-23.4876593124995	7.84189885557141e-78	2.57470408997944e-77	166.182285911372	SLC34A2
ENSG00000186827	-5.17676403940886	-2.90192192118226	-23.4875583236595	7.84983306251651e-78	2.57687615836885e-77	166.181274565973	TNFRSF4
ENSG00000155926	-2.69469852216749	0.00346305418719201	-23.4582113201172	1.05316899328675e-77	3.45377218775125e-77	165.887353649236	SLA
ENSG00000105989	-5.72950541871921	-3.23910344827586	-23.457149142217	1.06443268623903e-77	3.49012475746361e-77	165.876714526396	WNT2
ENSG00000170293	-2.03262068965517	1.83161330049261	-23.4507753257257	1.13460045053191e-77	3.71894699837214e-77	165.812870786812	CMTM8
ENSG00000177238	-4.46535172413793	-5.1789133004926	-23.4426705145796	1.23054869110994e-77	4.03276580943661e-77	165.731684720922	TRIM72
ENSG00000138376	-1.79657536945813	2.08222807881773	-23.4351172256801	1.32726361751771e-77	4.34753362613661e-77	165.656019534455	BARD1
ENSG00000180089	-1.16298965517241	1.72118399014778	-23.434394883328	1.33690212502454e-77	4.37837126315227e-77	165.648783270631	TMEM86B
ENSG00000133115	-4.44042216748768	-7.47377315270933	-23.4265446734271	1.44627711269866e-77	4.73261006971823e-77	165.570139509509	STOML3
ENSG00000144057	-4.49979064039409	-4.87101157635467	-23.4249160727389	1.47006610721899e-77	4.80884363362462e-77	165.553823628154	ST6GAL2
ENSG00000100473	-4.26134876847291	-0.675700985221675	-23.4186983450416	1.5645456576806e-77	5.11618996693344e-77	165.491530763519	COCH
ENSG00000273045	-3.24989802955665	-1.75348349753695	-23.4185630740104	1.5666672870545e-77	5.1222707250492e-77	165.490175511549	C2orf15
ENSG00000069020	-1.39748177339902	2.85815517241379	-23.4049701782188	1.795225373999e-77	5.8656235175871e-77	165.353985305178	MAST4
ENSG00000110011	-1.07818078817734	5.32271108374384	-23.3882224188418	2.12321960664849e-77	6.93381643601683e-77	165.186169946188	DNAJC4
ENSG00000164715	-1.10355073891626	2.32120591133005	-23.3868753248889	2.15207288802778e-77	7.02686856772578e-77	165.172671078814	LMTK2
ENSG00000166960	-6.11299310344827	-5.42895073891624	-23.3752591232876	2.41773397390288e-77	7.88902276139759e-77	165.056263553055	CCDC178
ENSG00000165799	-6.15726699507389	-0.72436748768473	-23.3605644310405	2.80131781526839e-77	9.12845635250541e-77	164.908994057951	RNASE7
ENSG00000142197	-1.19320197044335	1.9092842364532	-23.3535981027972	3.00388382107e-77	9.78528048530587e-77	164.839173182748	DOP1B
ENSG00000113763	-4.67082068965517	-5.26792561576354	-23.3524093291139	3.03988649999438e-77	9.90091033048169e-77	164.827258253889	UNC5A
ENSG00000239998	-5.83605960591132	-4.92806428571427	-23.3375438022023	3.52828842881508e-77	1.14878061439361e-76	164.678255591263	LILRA2
ENSG00000167850	-5.31973004926107	-5.67592315270935	-23.3275903942165	3.89845634525108e-77	1.26867000664274e-76	164.57848130805	CD300C
ENSG00000142748	-5.43098177339901	-2.47519384236453	-23.2969723845881	5.2990019549141e-77	1.72329998673542e-76	164.271524262713	FCN3
ENSG00000020633	-2.20451428571428	1.87693448275862	-23.2896258509426	5.70403790756126e-77	1.85440540325341e-76	164.197863994025	RUNX3
ENSG00000177551	-5.29217783251231	-2.99379729064039	-23.2892479477656	5.72569105562913e-77	1.861135306206e-76	164.194074846224	NHLH2
ENSG00000148604	-5.53393546798029	-6.60508349753692	-23.2823178181042	6.13768406736493e-77	1.99405855435487e-76	164.124586499575	RGR
ENSG00000275385	-6.67804285714285	-4.64664655172412	-23.2801619178037	6.27180381621077e-77	2.03729371968735e-76	164.102968712421	CCL18
ENSG00000180448	-1.24935270935961	3.02487733990148	-23.2693254724638	6.99168732220039e-77	2.27000421416249e-76	163.994304519197	ARHGAP45
ENSG00000272573	-6.05488620689655	0.383747536945813	-23.2598313063473	7.69004513811083e-77	2.49466902538117e-76	163.899094407925	MUSTN1
ENSG00000065320	-3.26189704433498	0.374000738916256	-23.2578752780085	7.84237582128802e-77	2.54366320829229e-76	163.879478141154	NTN1
ENSG00000079385	-3.18821379310345	-0.659088177339901	-23.2522256227312	8.29952466684071e-77	2.6914920517657e-76	163.82281859453	CEACAM1
ENSG00000124104	-1.11216995073891	5.44399679802956	-23.2323563213634	1.01296732785128e-76	3.28227615998503e-76	163.623537096946	SNX21
ENSG00000167434	-5.53563645320196	-1.9513763546798	-23.2270146174392	1.06871872458416e-76	3.4623510138965e-76	163.569957808701	CA4
ENSG00000198576	-3.47453891625616	0.939619211822661	-23.2179195238404	1.17079960964723e-76	3.79180741990823e-76	163.478726690875	ARC
ENSG00000142046	-1.95912019704434	4.17243645320197	-23.2160912159255	1.19246908432742e-76	3.86070756228072e-76	163.460386692683	TMEM91
ENSG00000166123	-1.6725315270936	4.37655985221675	-23.215303967053	1.20192288856094e-76	3.89067038069535e-76	163.452489633816	GPT2
ENSG00000127124	-1.34100541871921	2.60433128078818	-23.2150406655236	1.20510149363039e-76	3.90031357875541e-76	163.449848392595	HIVEP3
ENSG00000117425	-1.92786059113301	-0.279384975369458	-23.2144712143966	1.21200476699022e-76	3.92200648394153e-76	163.444136076688	PTCH2
ENSG00000154263	-2.07297290640394	1.60138103448276	-23.2124511313098	1.23681429710323e-76	4.00096424333575e-76	163.423871929287	ABCA10
ENSG00000162654	-2.5182881773399	-0.663142610837438	-23.1992906329049	1.41136305236708e-76	4.56334493205782e-76	163.291848499322	GBP4
ENSG00000130303	-2.55154778325123	2.57476650246306	-23.1936702159112	1.49322658076311e-76	4.82563814143753e-76	163.235462487087	BST2
ENSG00000179593	-3.83497586206897	1.78798990147783	-23.1827334846094	1.66639180304108e-76	5.38080446381837e-76	163.125735959372	ALOX15B
ENSG00000153234	-2.35087733990148	1.4655066502463	-23.1787761670498	1.73388365687673e-76	5.59503870916199e-76	163.086031062032	NR4A2
ENSG00000182749	-1.04372709359606	3.86215172413793	-23.1769538556046	1.76587627010433e-76	5.69733433554216e-76	163.067746979555	PAQR7
ENSG00000140398	-1.46909950738916	3.89462167487685	-23.1734772215157	1.82855982229649e-76	5.89859954561207e-76	163.032863778904	NEIL1
ENSG00000198517	-1.23266059113301	4.43419975369458	-23.167582056022	1.93997967909586e-76	6.25285879744206e-76	162.973712340449	MAFK
ENSG00000277117	-3.30099704433498	-0.276807389162561	-23.1674209583759	1.94311798611552e-76	6.26194124087558e-76	162.972095875729	
ENSG00000171819	-5.03373152709359	-1.78678891625616	-23.1415619048941	2.51877896287052e-76	8.10772170851849e-76	162.712604599173	ANGPTL7
ENSG00000042493	-1.39014630541873	6.97788399014779	-23.1331857179021	2.73965756355527e-76	8.81725759337897e-76	162.628542560114	CAPG
ENSG00000121577	-2.15900837438424	0.407333743842364	-23.1286485869398	2.86728839771112e-76	9.22194698289512e-76	162.583006946725	POPDC2
ENSG00000010310	-3.12506256157636	0.137503694581281	-23.1160158449696	3.25487276671081e-76	1.04633531184508e-75	162.456215735569	GIPR
ENSG00000180176	-5.78398669950738	-4.39484507389161	-23.113802290745	3.32799537300605e-76	1.06948997828127e-75	162.433997970207	TH
ENSG00000118298	-3.59879950738916	-1.08876773399015	-23.1104824697354	3.4407551778288e-76	1.10554484848948e-75	162.400675910923	CA14
ENSG00000196843	-1.62403793103448	3.12700320197044	-23.110021374832	3.45671601311966e-76	1.11049061858268e-75	162.396047709689	ARID5A
ENSG00000145545	-1.49572019704434	3.61123103448276	-23.0985217294852	3.87965264284898e-76	1.24492893179893e-75	162.280617001911	SRD5A1
ENSG00000148120	-1.27049556650246	5.22707881773399	-23.0897882908359	4.23512112544084e-76	1.35877092486234e-75	162.192947707474	AOPEP
ENSG00000141994	-1.12659753694582	4.83157266009852	-23.0892825554743	4.25667628544245e-76	1.36546237639718e-75	162.187870825103	DUS3L
ENSG00000007171	-4.58349556650246	-5.50479950738915	-23.0809920947627	4.62609335661224e-76	1.48323406685671e-75	162.104643982874	NOS2
ENSG00000135298	-4.08704433497536	-4.1641172413793	-23.0789018098777	4.72419316578235e-76	1.51419030417777e-75	162.083659263476	ADGRB3
ENSG00000163492	-4.43331921182265	-5.54238029556649	-23.0529650667915	6.12937663444976e-76	1.96296752196685e-75	161.823255095459	CCDC141
ENSG00000162761	-4.5882133004926	-7.34486182266008	-23.05016995199	6.30383027449398e-76	2.01784522889699e-75	161.795189922839	LMX1A
ENSG00000089127	-2.5884487684729	1.65269236453202	-23.0470089059411	6.50711692595434e-76	2.08257581013756e-75	161.763449972466	OAS1
ENSG00000139915	-4.51361921182265	-6.73918152709358	-23.0352513257382	7.32252885254408e-76	2.34201078292007e-75	161.645387531582	MDGA2
ENSG00000175920	-5.4563487684729	-3.29365123152709	-23.0318384471884	7.57782609741866e-76	2.42247468666376e-75	161.611116016315	DOK7
ENSG00000167080	-5.16774975369457	-4.98160985221674	-23.0278603425935	7.88666685591518e-76	2.52038010953875e-75	161.571167767384	B4GALNT2
ENSG00000186197	-3.50761280788177	-0.592901477832512	-23.0259288965227	8.0411255857398e-76	2.56932106272935e-75	161.55177180258	EDARADD
ENSG00000135447	-4.49435566502463	-1.02927881773399	-23.0244598184076	8.16063202634044e-76	2.60707979497703e-75	161.537018886918	PPP1R1A
ENSG00000104833	-4.66588965517241	-1.80480147783251	-23.0211379869646	8.43744943051506e-76	2.69463371091886e-75	161.503659625021	TUBB4A
ENSG00000198932	-1.52891674876847	0.869514039408866	-23.0157891720784	8.90306135653674e-76	2.8414768092347e-75	161.449943209596	GPRASP1
ENSG00000136848	-1.28550886699507	3.67969729064039	-23.0148261037774	8.98958708888577e-76	2.8686236265677e-75	161.440271254661	DAB2IP
ENSG00000254413	-2.41787536945813	0.767105172413792	-23.0047594675686	9.94595077338152e-76	3.17276803809046e-75	161.339170355242	CHKB-CPT1B
ENSG00000185100	-1.89968177339901	2.30540591133005	-22.9863493634665	1.19660341167401e-75	3.81157683307799e-75	161.154259858177	ADSS1
ENSG00000127399	-2.58635665024631	1.59991527093596	-22.9820346974972	1.24960229204815e-75	3.97974706505946e-75	161.110920738449	LRRC61
ENSG00000172137	-4.13905960591133	-1.17418300492611	-22.9711417516268	1.39409201139157e-75	4.43774981049259e-75	161.001500753071	CALB2
ENSG00000132475	-1.06316354679803	9.54763004926108	-22.9689779989665	1.42472482485312e-75	4.53452321291199e-75	160.979764999946	H3-3B
ENSG00000033327	-1.37957290640394	2.53921256157636	-22.9659577755554	1.46861231212197e-75	4.6734443581644e-75	160.949425221895	GAB2
ENSG00000111276	-1.26195024630542	4.49456527093596	-22.9613176205228	1.53868943192081e-75	4.89325775078869e-75	160.902811363732	CDKN1B
ENSG00000276600	-1.7783724137931	3.51703891625616	-22.9460985290943	1.79288198228841e-75	5.69977219747522e-75	160.749915703282	RAB7B
ENSG00000204219	-1.48876945812808	4.7615472906404	-22.9415365197147	1.876967766959e-75	5.9661197303046e-75	160.704081854265	TCEA3
ENSG00000075673	-5.96484137931034	-3.13493201970443	-22.9405713874717	1.89525642489625e-75	6.02229285452397e-75	160.694385162389	ATP12A
ENSG00000079393	-5.86173399014777	-3.7048054187192	-22.9359379181393	1.98557145515976e-75	6.30824863871437e-75	160.647831938969	DUSP13B
ENSG00000130294	-3.86938719211822	-2.35196256157636	-22.9313665727707	2.07889479318988e-75	6.60152129485158e-75	160.601901722432	KIF1A
ENSG00000127329	-2.5302275862069	-0.16444433497537	-22.9266159808433	2.18053060007063e-75	6.9220157548051e-75	160.554169318801	PTPRB
ENSG00000072778	-1.06165812807883	8.29251379310344	-22.9201825330666	2.32614106827982e-75	7.3830516089531e-75	160.489526144095	ACADVL
ENSG00000119686	-1.9991472906404	1.48552142857143	-22.9117982526612	2.5306049324766e-75	8.02809766078859e-75	160.405277619557	FLVCR2
ENSG00000124102	-6.34711083743843	1.13057660098522	-22.9041065118653	2.73395887099548e-75	8.67040315757768e-75	160.327984610581	PI3
ENSG00000183655	-1.32764926108374	2.40424679802956	-22.9010439771545	2.81940604309923e-75	8.93993718874658e-75	160.297208812575	KLHL25
ENSG00000164007	-5.21589556650245	-5.40012758620689	-22.8980440889273	2.90569544508265e-75	9.21205392404365e-75	160.267062059578	CLDN19
ENSG00000241484	-5.33007536945812	-1.26845443349754	-22.8919336365263	3.08971717793512e-75	9.79387722485128e-75	160.205654817936	ARHGAP8
ENSG00000198728	-1.14123054187192	5.96771527093596	-22.8777839028633	3.56186711373474e-75	1.12850206122899e-74	160.063448676702	LDB1
ENSG00000114933	-1.15389408866995	1.67799581280788	-22.8586786765166	4.31592107297762e-75	1.36519471686838e-74	159.871422123999	INO80D
ENSG00000102383	-3.13496945812807	-3.16618866995074	-22.854881078403	4.4838528280871e-75	1.41762582052221e-74	159.833250128239	ZDHHC15
ENSG00000167749	-5.92379261083743	-4.24646280788176	-22.8542769281056	4.51116498447958e-75	1.42603018645584e-74	159.827177370035	KLK4
ENSG00000112877	-1.2894078817734	1.31632906403941	-22.8526396903214	4.58602018437769e-75	1.44945829602311e-74	159.810720192051	CEP72
ENSG00000122515	-1.00443399014778	5.50035837438423	-22.8440198995527	5.00110691090025e-75	1.58013955137935e-74	159.724073443746	ZMIZ2
ENSG00000187715	-4.29967093596059	-4.91928916256157	-22.8427226767213	5.06674901248653e-75	1.60062090530249e-74	159.71103332168	KBTBD12
ENSG00000100156	-2.90351083743842	-1.32155985221675	-22.8424104720079	5.08267548104214e-75	1.60539266608252e-74	159.707894920943	SLC16A8
ENSG00000255587	-3.51673990147783	-3.21967684729064	-22.8360549443586	5.41800219909098e-75	1.7104781740652e-74	159.644005597267	RAB44
ENSG00000139151	-5.89056748768472	-5.23095123152708	-22.8216299115457	6.26353033387773e-75	1.97677502882168e-74	159.49898905466	PLCZ1
ENSG00000163328	-1.26782216748768	1.46886871921182	-22.8039174791392	7.48443159527955e-75	2.36094854293709e-74	159.320908704361	GPR155
ENSG00000255833	-4.47538571428571	-7.58258497536944	-22.8036195209799	7.50688724711239e-75	2.36764994485265e-74	159.317912897744	TIFAB
ENSG00000007952	-5.33684285714285	-4.183410591133	-22.7893898406876	8.66159575287063e-75	2.7305195064139e-74	159.174835749756	NOX1
ENSG00000136867	-1.35898275862068	4.74269630541872	-22.786559326398	8.91166270456011e-75	2.80889858987925e-74	159.146374105416	SLC31A2
ENSG00000184792	-1.88056995073892	0.942791379310345	-22.7814790985455	9.37874055350163e-75	2.95516523535196e-74	159.095289875664	OSBP2
ENSG00000061337	-2.16071231527094	-0.158508866995074	-22.7688591924379	1.06477865334237e-74	3.35294167987085e-74	158.968384527152	LZTS1
ENSG00000101197	-5.59296748768472	-3.36925911330049	-22.7633294292752	1.12566873077351e-74	3.54346300527961e-74	158.912774777761	BIRC7
ENSG00000096433	-1.28053842364532	5.05443571428571	-22.7528155308499	1.25121538096606e-74	3.93803365676255e-74	158.807037934195	ITPR3
ENSG00000187775	-1.65931280788177	0.307321921182266	-22.7494999120545	1.29364231157856e-74	4.07091111962452e-74	158.773692008576	DNAH17
ENSG00000170615	-4.64534827586206	-3.76993374384236	-22.7407365011556	1.41283920963215e-74	4.44529123082135e-74	158.685553647839	SLC26A5
ENSG00000139437	-1.07446009852217	4.07400738916256	-22.7328112837084	1.53007098159304e-74	4.81336882200438e-74	158.605842008164	TCHP
ENSG00000111879	-2.02358078817734	-1.06874261083744	-22.7219146310422	1.70731077566033e-74	5.36834548317845e-74	158.496238422846	FAM184A
ENSG00000183303	-5.51180492610836	-6.35459408866993	-22.6918282602902	2.31076762092604e-74	7.25297475877555e-74	158.193583913385	OR5P2
ENSG00000196693	-1.22584876847291	2.27296871921182	-22.6815938531377	2.56137922778083e-74	8.03700591992503e-74	158.090620071752	ZNF33B
ENSG00000100302	-3.37263743842364	-1.86171724137931	-22.6800333484916	2.60191119312105e-74	8.16156477302915e-74	158.074920054507	RASD2
ENSG00000204385	-4.24850443349753	-2.59722315270936	-22.6707487034613	2.85668688904489e-74	8.95929629043737e-74	157.981505981664	SLC44A4
ENSG00000135638	-4.93616650246304	-5.52382610837437	-22.6653381768302	3.01651420784476e-74	9.459037331467e-74	157.927067915243	EMX1
ENSG00000198208	-2.6631078817734	-0.224369704433497	-22.6551251437654	3.34299514497088e-74	1.04777563950314e-73	157.824305332371	RPS6KL1
ENSG00000145864	-3.83690935960591	-6.77477684729063	-22.6489486148245	3.55736124499052e-74	1.1146056349143e-73	157.762155112286	GABRB2
ENSG00000152578	-4.22279507389162	-3.64747783251231	-22.6466327534059	3.64123579034336e-74	1.14070262608031e-73	157.738851673005	GRIA4
ENSG00000123836	-1.50426206896552	1.8905881773399	-22.6171367561352	4.89963210695352e-74	1.53394121490044e-73	157.442023518117	PFKFB2
ENSG00000185633	-2.76606256157635	5.95030763546798	-22.6131658256291	5.09941358992315e-74	1.59597598293207e-73	157.402059375765	NDUFA4L2
ENSG00000182389	-3.14213842364532	-1.32814359605911	-22.6129003171459	5.11305866481194e-74	1.59999027106093e-73	157.39938722365	CACNB4
ENSG00000156076	-5.51108177339901	-2.28077586206896	-22.6056120528708	5.50222595374805e-74	1.72121817813581e-73	157.326034707361	WIF1
ENSG00000171659	-4.69178275862067	-3.65916822660098	-22.5930342354679	6.24482033861125e-74	1.95195583904576e-73	157.19943942573	GPR34
ENSG00000163563	-5.70659901477832	-2.90928325123152	-22.5861412878836	6.69349033945513e-74	2.09119405617318e-73	157.130058826022	MNDA
ENSG00000182983	-1.57410344827586	2.3648315270936	-22.5831409454546	6.89872830210695e-74	2.15497040408846e-73	157.09985830342	ZNF662
ENSG00000130234	-4.98008669950738	-4.33156256157635	-22.5649040194269	8.28893025547785e-74	2.58633682025464e-73	156.916281472662	ACE2
ENSG00000183783	-4.83189655172413	-6.58632167487683	-22.5557428762527	9.08976296300777e-74	2.83530962207658e-73	156.824057261385	KCTD8
ENSG00000103710	-3.30889704433498	0.586323891625615	-22.5339640258663	1.13182883263505e-73	3.5270609228758e-73	156.604795527787	RASL12
ENSG00000163600	-4.51188128078817	-7.32393029556648	-22.5253960099815	1.23380719763925e-73	3.84178780373903e-73	156.518529462017	ICOS
ENSG00000185614	-1.92080049261084	3.60014704433497	-22.523954713237	1.25184342655548e-73	3.89732742420697e-73	156.504017584782	INKA1
ENSG00000254706	-6.5560408866995	-3.82198793103447	-22.5135348485856	1.39032669691292e-73	4.32501819660496e-73	156.399100881954	
ENSG00000167653	-2.7623157635468	1.9639775862069	-22.5104122394019	1.43473840202927e-73	4.46033373408462e-73	156.367658583786	PSCA
ENSG00000262179	-6.00250738916255	-4.13108817733989	-22.504155224473	1.52804683357358e-73	4.74965662823206e-73	156.304653792385	MYMX
ENSG00000178878	-2.1428039408867	1.75359310344828	-22.5038526622951	1.53270963864703e-73	4.76339245522268e-73	156.301607105477	APOLD1
ENSG00000185112	-1.80452512315271	3.3779354679803	-22.4842391773596	1.86741805947421e-73	5.80083988527182e-73	156.10409735452	FAM43A
ENSG00000167964	-2.6607	-0.385286945812808	-22.4725012479131	2.10175734461806e-73	6.52670300787004e-73	155.985886447184	RAB26
ENSG00000158485	-5.48299408866994	-7.00792709359604	-22.4665558887829	2.23145609948475e-73	6.92616186406146e-73	155.926009138265	CD1B
ENSG00000212123	-1.59561871921182	1.42562019704433	-22.4607063841998	2.36687636417686e-73	7.34532283765987e-73	155.86709557113	PRR22
ENSG00000173404	-4.50552660098522	-7.12887019704431	-22.4441099296735	2.79754216492621e-73	8.67357908725813e-73	155.699934782262	INSM1
ENSG00000183798	-4.02224729064039	-1.47780246305419	-22.4382145879825	2.96870584860071e-73	9.20279976100175e-73	155.640553318802	EMILIN3
ENSG00000167261	-5.17155517241379	-2.83550320197044	-22.428792147817	3.26429435680815e-73	1.01175004473822e-72	155.54564139319	DPEP2
ENSG00000213999	-1.51884334975369	0.426438423645321	-22.4238719764319	3.43016701174862e-73	1.06231891828196e-72	155.496079020851	MEF2B
ENSG00000197479	-3.43900985221674	-2.70137684729064	-22.4237798451875	3.43335213898164e-73	1.06313686420503e-72	155.495150944223	PCDHB11
ENSG00000121716	-1.49864285714286	4.29275049261083	-22.4201150015944	3.56248074733675e-73	1.10294674848629e-72	155.458233118114	PILRB
ENSG00000182809	-1.38865073891626	6.42862980295567	-22.4181087327571	3.63521697163136e-73	1.1251094402854e-72	155.438022690673	CRIP2
ENSG00000205903	-1.10743399014778	3.80782783251232	-22.410001240286	3.94460052488997e-73	1.22028468351116e-72	155.356348833556	ZNF316
ENSG00000049759	-1.93148571428571	2.64368522167488	-22.3905269859363	4.79970188265221e-73	1.48340620260619e-72	155.160155204451	NEDD4L
ENSG00000204677	-6.50136551724138	-1.31049753694581	-22.3838220898981	5.13515923652772e-73	1.58683241303328e-72	155.092602592545	FAM153CP
ENSG00000005108	-3.21139014778325	-2.76526206896552	-22.3810947874091	5.27823181619395e-73	1.63078586801679e-72	155.06512410966	THSD7A
ENSG00000153930	-2.80454433497537	-0.791401724137931	-22.358319014015	6.63987827991547e-73	2.04954195776509e-72	154.835637294952	ANKFN1
ENSG00000205089	-4.12827192118227	-0.841983251231528	-22.349898269433	7.2279274502171e-73	2.22999934057693e-72	154.750784580018	CCNI2
ENSG00000156049	-2.85270443349753	-2.27116403940887	-22.338074877441	8.14257344908715e-73	2.51100158343161e-72	154.631639226754	GNA14
ENSG00000186352	-1.5807315270936	3.5920775862069	-22.3320866012252	8.64911930618435e-73	2.66678904199203e-72	154.571292435618	ANKRD37
ENSG00000184602	-1.13519950738916	2.87529285714286	-22.3221267237275	9.56240370843027e-73	2.94512991757517e-72	154.470918299615	SNN
ENSG00000197632	-3.39318719211822	3.84486403940887	-22.3166419850448	1.01059017583826e-72	3.11154139219021e-72	154.415642033589	SERPINB2
ENSG00000265107	-4.24264532019704	-2.85263891625616	-22.2778806939403	1.49368687287228e-72	4.59245262266677e-72	154.024959976397	GJA5
ENSG00000175489	-4.65639802955664	-3.64267684729064	-22.2709116121981	1.60240073630472e-72	4.92282898740242e-72	153.954710291152	LRRC25
ENSG00000144550	-5.35344236453201	-3.73080344827585	-22.2681990907309	1.64682395967373e-72	5.05850893114494e-72	153.927366975489	CPNE9
ENSG00000165879	-1.26165615763547	1.27053448275862	-22.2671752451398	1.66391005229419e-72	5.11018862830944e-72	153.91704611305	FRAT1
ENSG00000239961	-5.35364975369457	-6.84382389162559	-22.2537427240724	1.90521025331348e-72	5.84759207951187e-72	153.781635503658	LILRA4
ENSG00000076555	-2.10472610837438	2.15428522167488	-22.2522890938929	1.93333765403102e-72	5.93112785479973e-72	153.766981270254	ACACB
ENSG00000163121	-5.90483743842363	-5.45728719211821	-22.2453473115531	2.07349625022984e-72	6.36011045706978e-72	153.696998997313	NEURL3
ENSG00000115271	-1.36525812807882	1.83242709359606	-22.2416856243508	2.15147762094651e-72	6.596199508713e-72	153.660083542199	GCA
ENSG00000163874	-1.76190098522168	4.23784950738916	-22.2180186515828	2.73133309143242e-72	8.36741045191602e-72	153.42146995233	ZC3H12A
ENSG00000130035	-4.75043103448275	-3.07726428571428	-22.2061380308132	3.07896020062531e-72	9.42349886305714e-72	153.301678851845	GALNT8
ENSG00000196743	-1.04291133004926	5.04103448275862	-22.2002594094131	3.26700370722417e-72	9.99746107838626e-72	153.242403071348	GM2A
ENSG00000074966	-4.9841093596059	-2.33248226600985	-22.1976604921761	3.3537590244357e-72	1.02597305659866e-71	153.216196993288	TXK
ENSG00000091972	-3.10344926108375	0.0265226600985221	-22.1921048761574	3.54702038113275e-72	1.08424639900041e-71	153.160176196539	CD200
ENSG00000100453	-5.98124581280788	-5.6087790640394	-22.1916591969396	3.56299852563734e-72	1.0889602312794e-71	153.155682073685	GZMB
ENSG00000198074	-3.96105073891626	0.259699753694581	-22.187834042369	3.70313016722631e-72	1.13161172365812e-71	153.117109781049	AKR1B10
ENSG00000177989	-1.91430246305419	3.41812413793104	-22.1848480698483	3.816340137612e-72	1.1660243741278e-71	153.086999244517	CIMAP1B
ENSG00000148180	-1.39055221674877	8.07044852216748	-22.1749052759193	4.21887052127944e-72	1.28860843586813e-71	152.986733424228	GSN
ENSG00000221988	-1.03220541871921	4.29064950738916	-22.1645089255721	4.68526209682189e-72	1.43083906698067e-71	152.881889357921	PPT2
ENSG00000213402	-5.90573842364531	-1.73665492610837	-22.1550981429361	5.15176924784948e-72	1.5725691134251e-71	152.786980530373	PTPRCAP
ENSG00000090530	-1.94679655172414	3.06761650246305	-22.1464951560372	5.61877896041873e-72	1.71431972590949e-71	152.700215174331	P3H2
ENSG00000111199	-1.89511921182266	1.65242660098522	-22.1251600237775	6.96797976909192e-72	2.12464129579645e-71	152.485026583667	TRPV4
ENSG00000152782	-1.30365467980296	2.4430302955665	-22.1245957638065	7.00775493829295e-72	2.13643599070391e-71	152.479335137059	PANK1
ENSG00000101049	-2.45358325123153	0.18947881773399	-22.1225219362419	7.1559023141898e-72	2.18126100489623e-71	152.458417221294	SGK2
ENSG00000166856	-4.66542807881773	-4.92716773399013	-22.1175239558698	7.52594474060017e-72	2.29369950281985e-71	152.408003751713	GPR182
ENSG00000162949	-5.41990492610836	-5.6089514778325	-22.1039503830916	8.63039074409203e-72	2.62907398162192e-71	152.271085090669	CAPN13
ENSG00000018236	-3.02764876847291	0.518619458128079	-22.1017473387098	8.82435362642514e-72	2.68690430924899e-71	152.248861940338	CNTN1
ENSG00000099875	-1.30138128078818	6.4721093596059	-22.0994344051214	9.03268602405647e-72	2.74948209162168e-71	152.225530072298	MKNK2
ENSG00000160963	-5.30406108374384	-5.95465221674876	-22.0954563162651	9.40257823580997e-72	2.86118318100589e-71	152.185400331707	COL26A1
ENSG00000170561	-1.1234684729064	3.78074753694581	-22.0908304306933	9.85180237420622e-72	2.99648127621382e-71	152.138735005997	IRX2
ENSG00000099864	-3.27368128078818	2.83174556650246	-22.0885459161774	1.00815113402314e-71	3.06539434589702e-71	152.11568880285	PALM
ENSG00000148671	-2.06473349753694	5.7995751231527	-22.061490392908	1.32458802548886e-71	4.02129861645228e-71	151.842736384221	ADIRF
ENSG00000148123	-4.84331527093595	-6.75004679802954	-22.0588211401901	1.36074893063878e-71	4.13043734118406e-71	151.815805757855	PLPPR1
ENSG00000196859	-6.12089261083743	-5.05610443349753	-22.0264644185151	1.88617316907752e-71	5.71909946782203e-71	151.489329708698	KRT39
ENSG00000167600	-3.02587389162562	-0.114614778325123	-22.0228895328177	1.9554633220057e-71	5.92735601654031e-71	151.453256928598	CYP2S1
ENSG00000108576	-3.44462610837438	-2.94526133004926	-22.0061989298567	2.31422048204902e-71	7.01154342523641e-71	151.284831904686	SLC6A4
ENSG00000112039	-1.16667044334976	3.01801305418719	-21.9839887396965	2.89574166859641e-71	8.76527008793541e-71	151.060691815499	FANCE
ENSG00000154080	-4.37913546798029	-7.02599729064037	-21.966882837802	3.44149299889011e-71	1.04011222060486e-70	150.888050013077	CHST9
ENSG00000152315	-4.36331576354679	-6.73007216748767	-21.9666473006596	3.44968507049691e-71	1.04242686945493e-70	150.885672769266	KCNK13
ENSG00000116039	-2.93548916256158	2.75596674876848	-21.966213536043	3.46482264660607e-71	1.0468392727269e-70	150.881294837406	ATP6V1B1
ENSG00000146411	-2.43890886699507	-0.30659039408867	-21.9492670134924	4.11125689975651e-71	1.24099756464383e-70	150.71025008435	SLC2A12
ENSG00000117090	-5.03670443349753	-4.90961083743841	-21.9479635739966	4.16571067480904e-71	1.25724043254237e-70	150.697093747203	SLAMF1
ENSG00000071894	-1.01798571428571	5.86248103448275	-21.9298231514348	5.00290953699653e-71	1.50851501576896e-70	150.513985732506	CPSF1
ENSG00000075884	-5.34464137931034	-2.25160098522167	-21.9061304592486	6.354883656693e-71	1.91469528860769e-70	150.274814912996	ARHGAP15
ENSG00000160111	-2.26449852216749	0.342130049261084	-21.9055277307189	6.39367419040243e-71	1.9260857257414e-70	150.268730270996	CPAMD8
ENSG00000204542	-6.55605369458127	-1.2831460591133	-21.8937372033174	7.20197953991278e-71	2.16791565263363e-70	150.149700280014	C6orf15
ENSG00000213937	-4.63669901477832	-5.34192980295565	-21.8885914068351	7.58607088116519e-71	2.28318184444371e-70	150.097749838303	CLDN9
ENSG00000090382	-4.10930985221675	-0.027258866995074	-21.8881439588822	7.62042225925952e-71	2.29316741284955e-70	150.093232489772	LYZ
ENSG00000196335	-4.5294960591133	-4.44689679802955	-21.8692112744746	9.22582809316013e-71	2.77243014910865e-70	149.902085012379	STK31
ENSG00000109107	-1.46685221674877	5.21209753694581	-21.8689778171877	9.2476031777748e-71	2.77854645295318e-70	149.899727907592	ALDOC
ENSG00000224916	-6.33716108374384	-3.3788672413793	-21.8599240447306	1.01329341754692e-70	3.04221538880042e-70	149.808314835961	APOC4-APOC2
ENSG00000152078	-2.74669064039409	-2.31247093596059	-21.8452523007184	1.17511990092947e-70	3.52373685805795e-70	149.660172576602	TLCD4
ENSG00000112972	-1.640239408867	5.24411379310344	-21.841838707207	1.21633705688034e-70	3.64677182656575e-70	149.62570402311	HMGCS1
ENSG00000171657	-4.30466256157635	-6.44044655172413	-21.8376857242559	1.26843686745231e-70	3.80122577269638e-70	149.58376896502	GPR82
ENSG00000070526	-5.24474334975369	-3.22736871921182	-21.8257349002935	1.4311545943994e-70	4.28425598709452e-70	149.463091174532	ST6GALNAC1
ENSG00000183454	-4.52073399014778	-5.16625172413792	-21.8251594748948	1.43949609065976e-70	4.30790698371715e-70	149.457280478674	GRIN2A
ENSG00000100678	-3.77368472906403	-4.33836699507388	-21.8215058563345	1.49360644370873e-70	4.46778771207042e-70	149.420385644838	SLC8A3
ENSG00000204531	-2.5819842364532	-0.723211822660099	-21.8188604605083	1.53405059640845e-70	4.58806500688919e-70	149.393671711783	POU5F1
ENSG00000100906	-1.78362413793103	6.91283719211823	-21.8147098150057	1.59972707969207e-70	4.78375923356426e-70	149.351756853939	NFKBIA
ENSG00000102003	-1.40258472906404	-0.252075123152709	-21.8124422693086	1.63678741982946e-70	4.89383411234811e-70	149.328858024002	SYP
ENSG00000214595	-2.20280640394089	-3.69458128078996e-06	-21.8118430169728	1.64672416205698e-70	4.92279081764072e-70	149.322806438689	EML6
ENSG00000198142	-1.22753694581281	3.07421034482758	-21.8009354645831	1.83851466469947e-70	5.49277688083734e-70	149.212653658228	SOWAHC
ENSG00000162924	-1.4744881773399	1.23076625615764	-21.7959493397272	1.93347913092981e-70	5.77561130795328e-70	149.16229857366	REL
ENSG00000165731	-2.95248965517241	-2.93255467980296	-21.777391802666	2.33210664423257e-70	6.95999206499587e-70	148.974877589251	RET
ENSG00000111728	-2.38515911330049	0.635711083743842	-21.7694336371545	2.52732598190657e-70	7.5414573734033e-70	148.894500798892	ST8SIA1
ENSG00000100024	-4.9736660098522	-4.76685763546797	-21.7616729031159	2.73343616281146e-70	8.15399320617639e-70	148.816115943136	UPB1
ENSG00000204687	-5.18817241379309	-7.10445517241377	-21.7479797702359	3.13895695533573e-70	9.3536896647104e-70	148.677807712495	MAS1L
ENSG00000148841	-1.34540295566503	5.13280098522168	-21.7467463657183	3.17831449232706e-70	9.46952611816671e-70	148.665349328566	ITPRIP
ENSG00000168754	-4.86048177339901	-2.29500197044335	-21.7434088908412	3.28730507718896e-70	9.7912689861952e-70	148.631637871091	FAM178B
ENSG00000213859	-1.20472167487685	4.31701798029557	-21.7336115602579	3.62933210764478e-70	1.08067054773113e-69	148.532673952953	KCTD11
ENSG00000178789	-4.44701527093596	-7.29225147783249	-21.7173185546584	4.27875150435639e-70	1.27249066958047e-69	148.36808932257	CD300LB
ENSG00000171813	-1.3791315270936	3.04819039408867	-21.7124517497079	4.49440693292552e-70	1.33621938663062e-69	148.318925313803	PWWP2B
ENSG00000165194	-3.12174778325122	-2.93533645320197	-21.7038036469405	4.90479407327778e-70	1.4577868559695e-69	148.231561036584	PCDH19
ENSG00000163817	-4.77626009852216	-5.00252955665023	-21.6925764458313	5.493992891915e-70	1.63166579169913e-69	148.118138659744	SLC6A20
ENSG00000133805	-1.12129458128079	3.09664729064039	-21.6810526469854	6.17246900504943e-70	1.83260998627584e-69	148.001715586728	AMPD3
ENSG00000136425	-1.44328965517242	1.81486945812808	-21.6770968163831	6.42420026000475e-70	1.90705941790996e-69	147.961749465322	CIB2
ENSG00000159763	-9.13752463054186	-0.100171182266009	-21.6703807672204	6.8753208667581e-70	2.04066707743297e-69	147.893895429433	PIP
ENSG00000205126	-4.482621182266	-7.35373374384234	-21.6672061885078	7.09945628049129e-70	2.10687281144056e-69	147.861821302117	ACCSL
ENSG00000139914	-2.48334679802956	-0.862257142857141	-21.6629430467354	7.41198899558474e-70	2.19928771563494e-69	147.818748440877	FITM1
ENSG00000095932	-5.950960591133	-3.40913251231526	-21.6576058348548	7.82273467772974e-70	2.32045963983295e-69	147.764822828989	SMIM24
ENSG00000070886	-4.96461477832512	-6.61329605911328	-21.6566820796957	7.89610289678141e-70	2.34186739731222e-69	147.755489386221	EPHA8
ENSG00000088280	-1.51291674876847	4.86840073891625	-21.6546346795654	8.06117820954339e-70	2.39046349879965e-69	147.734802754578	ASAP3
ENSG00000165023	-4.19154729064038	-4.3042672413793	-21.6425147482491	9.11155066625652e-70	2.70071171120863e-69	147.612341975292	DIRAS2
ENSG00000034971	-3.95366699507389	-1.46962216748769	-21.6283871941286	1.05099376285634e-69	3.11189698693008e-69	147.469590074561	MYOC
ENSG00000151704	-5.02655320197043	-3.90678251231527	-21.6282109673272	1.05286730972073e-69	3.11697212037003e-69	147.46780935034	KCNJ1
ENSG00000158714	-1.72040591133005	0.329594088669951	-21.6247953658453	1.08984728673632e-69	3.22596117500774e-69	147.433295425472	SLAMF8
ENSG00000175497	-4.58124088669951	-6.4321238916256	-21.6209108336336	1.1334859035916e-69	3.35462388732199e-69	147.394042606447	DPP10
ENSG00000103404	-1.2064197044335	2.27763793103448	-21.6130285076165	1.22748131033716e-69	3.63170927579239e-69	147.314391006868	USP31
ENSG00000120251	-5.31961477832512	-3.52240492610837	-21.6073318854804	1.30023022904215e-69	3.8452026537442e-69	147.256824921145	GRIA2
ENSG00000160999	-1.40592955665025	0.823095320197044	-21.5777891166643	1.75269329553707e-69	5.18249846896435e-69	146.958270103227	SH2B2
ENSG00000185306	-3.91467044334975	-1.67336231527094	-21.5662296984663	1.96993710067701e-69	5.82309950407354e-69	146.84144501615	C12orf56
ENSG00000256797	-5.33019261083743	-7.14433866995071	-21.5652471869174	1.98959976825357e-69	5.87944331940289e-69	146.831515089514	KLRF2
ENSG00000169087	-1.03605566502463	3.02564359605912	-21.5609891870723	2.07710804737331e-69	6.13710998817193e-69	146.788480521596	HSPBAP1
ENSG00000012223	-5.06821231527093	-2.07638251231527	-21.5589186554412	2.12104155431714e-69	6.265970378604e-69	146.767553963184	LTF
ENSG00000166148	-4.73146403940886	-2.81447586206896	-21.5436715666574	2.4745092492626e-69	7.30576518342495e-69	146.613449885519	AVPR1A
ENSG00000196337	-2.35441871921182	0.505570935960591	-21.5200974914512	3.14046236977693e-69	9.2649329151843e-69	146.375170276644	CGB7
ENSG00000170509	-3.51141527093596	-1.28581748768473	-21.5164052150499	3.25991005898818e-69	9.61587356569766e-69	146.337848370431	HSD17B13
ENSG00000184897	-1.59204334975369	6.70059458128079	-21.5148009494636	3.31321542825977e-69	9.77163536055727e-69	146.321632165	H1-10
ENSG00000156395	-4.02943349753695	-6.28224581280788	-21.5112931581221	3.43282694893546e-69	1.01228767520894e-68	146.286174514433	SORCS3
ENSG00000077943	-3.10924088669951	-1.34132832512315	-21.5031134657211	3.72879473180241e-69	1.09906646529235e-68	146.203490691718	ITGA8
ENSG00000141664	-1.17787733990148	2.9360854679803	-21.4963137363966	3.99416854794755e-69	1.17693066592266e-68	146.134754636139	ZCCHC2
ENSG00000100167	-2.5655236453202	-1.83163866995074	-21.4901474003004	4.2511220776283e-69	1.25226752549009e-68	146.072420165513	SEPTIN3
ENSG00000066230	-2.95959458128079	-2.06543669950739	-21.4865464408359	4.40875632528592e-69	1.29811535496064e-68	146.036018152931	SLC9A3
ENSG00000122733	-2.82614532019704	-2.53206921182266	-21.4830422916146	4.56776411011215e-69	1.34473103705652e-68	146.000594433176	PHF24
ENSG00000146215	-5.58771182266009	-2.21933522167487	-21.4753021046934	4.93961714920465e-69	1.4537650350867e-68	145.922347022916	CRIP3
ENSG00000082438	-1.77886551724138	3.09572044334975	-21.4699729593088	5.21309599122522e-69	1.53378985035416e-68	145.868472412661	COBLL1
ENSG00000167676	-2.93487487684729	0.447564039408867	-21.4667480483444	5.38589387251141e-69	1.5843916612467e-68	145.835870014312	PLIN4
ENSG00000163814	-2.4393842364532	2.90051280788177	-21.4633943153622	5.57167432141941e-69	1.63855018192894e-68	145.80196496917	CDCP1
ENSG00000080644	-4.51078768472906	-3.13455098522167	-21.4598453816693	5.77525333310625e-69	1.69816431892209e-68	145.766086166426	CHRNA3
ENSG00000116852	-2.37402364532019	-2.67839655172414	-21.457514938662	5.91296602905866e-69	1.73813450872239e-68	145.742525795506	KIF21B
ENSG00000183091	-2.15281773399015	1.11516502463054	-21.4540351913111	6.12473257748319e-69	1.79957185429524e-68	145.70734587291	NEB
ENSG00000135643	-1.932939408867	0.252658866995074	-21.4471533337166	6.56613996471627e-69	1.92897635584013e-68	145.63776992635	KCNMB4
ENSG00000145632	-1.79512463054187	4.86706330049261	-21.4465442572024	6.60670693628665e-69	1.94060223882329e-68	145.63161206622	PLK2
ENSG00000149575	-3.8287591133005	-5.52272487684728	-21.4453820322048	6.6848127659473e-69	1.96295433617043e-68	145.619861758336	SCN2B
ENSG00000105388	-4.68699704433497	-1.79149162561576	-21.4434010770906	6.82007504550796e-69	2.00237239392002e-68	145.599833851526	CEACAM5
ENSG00000197969	-1.03533694581281	3.47804482758621	-21.4369197040323	7.28205959872207e-69	2.13736870949575e-68	145.534304928532	VPS13A
ENSG00000171444	-1.28688472906404	3.0703960591133	-21.4149584319363	9.09302456959023e-69	2.66610481828855e-68	145.312260202419	MCC
ENSG00000120903	-5.2769763546798	-6.07091182266007	-21.4114775751786	9.41882846264085e-69	2.76038910943203e-68	145.277064942961	CHRNA2
ENSG00000115138	-2.88597438423645	1.11757044334975	-21.4102607247714	9.5354576238544e-69	2.79373182736676e-68	145.264761179554	POMC
ENSG00000198168	-1.42343300492611	2.46899827586207	-21.3931597386757	1.13358606864118e-68	3.31624834631525e-68	145.091846192165	SVIP
ENSG00000143603	-3.69399310344827	-4.46940443349753	-21.3811900368156	1.27947382388963e-68	3.74079555153368e-68	144.970810997544	KCNN3
ENSG00000100312	-5.08498965517241	-3.13991502463054	-21.3805845594427	1.28733332352011e-68	3.76321134004936e-68	144.964688431289	ACR
ENSG00000165185	-1.30026206896552	-0.293691625615764	-21.3765437192487	1.34103721487944e-68	3.91961550301734e-68	144.923827344528	KIAA1958
ENSG00000168280	-1.95811133004926	-2.09498866995074	-21.3670165058577	1.47669539523565e-68	4.31418469333159e-68	144.827486183578	KIF5C
ENSG00000171189	-3.59026256157635	-3.68664261083743	-21.365571646191	1.49843475600919e-68	4.37638798414761e-68	144.812875252598	GRIK1
ENSG00000197978	-1.39787536945813	1.60686330049261	-21.3627353237603	1.54204549572539e-68	4.50241342857696e-68	144.784193198785	GOLGA6L9
ENSG00000125355	-2.96198275862069	-1.02079926108374	-21.3499658162828	1.7546563722292e-68	5.11936321679651e-68	144.655060093463	TMEM255A
ENSG00000150556	-2.93483448275862	4.92055073891626	-21.347896056316	1.7917791047875e-68	5.22611153220258e-68	144.634129007545	LYPD6B
ENSG00000137198	-1.46919014778325	2.61945369458128	-21.3415141515661	1.91126232014732e-68	5.57377828090119e-68	144.569589326739	GMPR
ENSG00000108823	-2.53704236453202	1.48164088669951	-21.3287941800298	2.17370616069428e-68	6.33346739112682e-68	144.440950154809	SGCA
ENSG00000173267	-2.04227684729064	3.88140985221675	-21.320611394546	2.36129326627234e-68	6.87593399038802e-68	144.35819410023	SNCG
ENSG00000130427	-4.63754433497536	-3.94049433497536	-21.3070265957708	2.70915098965887e-68	7.88300009528195e-68	144.220801387113	EPO
ENSG00000102043	-4.7262448275862	-2.97171798029556	-21.2905425886122	3.20078673838408e-68	9.308002149033e-68	144.05408068918	MTMR8
ENSG00000176177	-4.21870246305418	-7.42881773399012	-21.2767403161661	3.68044486605984e-68	1.06964981517759e-67	143.914478099959	ENTHD1
ENSG00000109193	-4.95346354679803	1.35331354679803	-21.2738750754097	3.78869556228701e-68	1.10078335828446e-67	143.885497137577	SULT1E1
ENSG00000016082	-5.23755467980295	-4.85589655172412	-21.2622402891862	4.26198574288909e-68	1.23682395882891e-67	143.767813064941	ISL1
ENSG00000135898	-4.60800738916256	-5.56368891625615	-21.2578671153627	4.45479528729136e-68	1.29220141760795e-67	143.723578234796	GPR55
ENSG00000166863	-5.62902709359604	-4.69854113300492	-21.2557666132978	4.55048251825601e-68	1.31956565323874e-67	143.702331407246	TAC3
ENSG00000135097	-4.39887290640393	-3.92852216748768	-21.2440953973322	5.12085159786927e-68	1.48386242475625e-67	143.584273742858	MSI1
ENSG00000198075	-4.76839162561576	-3.7037342364532	-21.2328811758096	5.73614699289312e-68	1.66092435227615e-67	143.470835647359	SULT1C4
ENSG00000090006	-1.21907586206897	6.20107487684729	-21.2323374873253	5.76778960388566e-68	1.66983917687605e-67	143.465335859897	LTBP4
ENSG00000078487	-1.20213054187192	1.99334261083744	-21.229059830318	5.96228227996451e-68	1.72589128003357e-67	143.432179930174	ZCWPW1
ENSG00000115474	-4.80867044334975	-3.07749137931034	-21.2162836415034	6.78510412097716e-68	1.96378117198068e-67	143.302936906472	KCNJ13
ENSG00000113361	-4.3476724137931	-2.91644753694581	-21.2003875573725	7.96917055227743e-68	2.30477328596427e-67	143.142127948783	CDH6
ENSG00000110786	-4.36597832512314	-3.71512561576354	-21.1820668877589	9.59241871206708e-68	2.77259349905657e-67	142.95678407252	PTPN5
ENSG00000248712	-1.99226600985222	-0.854182266009852	-21.176597697366	1.01382878053803e-67	2.92820603447741e-67	142.901452694469	CCDC153
ENSG00000137731	-5.83709310344827	-4.04870517241378	-21.1449630895523	1.39637273703421e-67	4.02952097269971e-67	142.581394765661	FXYD2
ENSG00000180902	-1.07967536945813	4.89361748768473	-21.1379585356299	1.4989541789093e-67	4.32298739141757e-67	142.510524382722	D2HGDH
ENSG00000197870	-5.96902660098521	-5.68950738916254	-21.1356539539381	1.53432639093136e-67	4.42434799049442e-67	142.487206950637	PRB3
ENSG00000163687	-4.94694630541871	-0.885636206896551	-21.120615821539	1.78655600255534e-67	5.14939194718828e-67	142.33505045629	DNASE1L3
ENSG00000101198	-5.45238226600984	-5.17629408866993	-21.1127148703606	1.93528766283545e-67	5.57232820202303e-67	142.255106354304	NKAIN4
ENSG00000076706	-2.41387487684729	3.41272857142857	-21.1103851974702	1.98146224400242e-67	5.70443947735642e-67	142.231533801269	MCAM
ENSG00000188176	-4.72325615763546	-3.28953793103448	-21.1069304077428	2.05197336727166e-67	5.90482455355954e-67	142.196576660932	SMTNL2
ENSG00000087128	-4.67723596059112	-2.28544704433497	-21.0991486011194	2.22012772935648e-67	6.38682998484974e-67	142.117835874955	TMPRSS11E
ENSG00000002726	-3.97891428571428	-2.29015320197044	-21.0986495440898	2.23137041563667e-67	6.41822794559491e-67	142.112786086536	AOC1
ENSG00000131097	-6.37822807881773	-3.5450238916256	-21.0934167819307	2.35273773554496e-67	6.76533267039722e-67	142.059837234965	HIGD1B
ENSG00000143248	-1.86043497536945	2.28856674876847	-21.087554192418	2.49657282383848e-67	7.1768205536116e-67	142.000514667075	RGS5
ENSG00000184905	-3.73828571428571	-1.04620147783251	-21.0577683414025	3.3750619036304e-67	9.69363017647637e-67	141.699105814877	TCEAL2
ENSG00000112164	-4.38881625615763	-7.48344261083741	-21.0540683763371	3.50386401165115e-67	1.00591318518711e-66	141.661663904395	GLP1R
ENSG00000183379	-4.4510896551724	-4.39536847290639	-21.0471789615269	3.75694031998037e-67	1.07825125177054e-66	141.591945539314	SYNDIG1L
ENSG00000196208	-2.33595073891626	-0.651882758620689	-21.0450652836713	3.83819006545429e-67	1.10140837384887e-66	141.570555703513	GREB1
ENSG00000102924	-5.25178226600984	-4.55221822660098	-21.0446446631427	3.85456718612847e-67	1.10594555794043e-66	141.566299129571	CBLN1
ENSG00000185245	-2.13266650246306	-0.502745566502463	-21.0332757045799	4.32470764371621e-67	1.24010912360238e-66	141.451246824207	GP1BA
ENSG00000110195	-5.10644581280788	-2.34987413793103	-21.0299278110696	4.47378656650167e-67	1.28266926470915e-66	141.41736612306	FOLR1
ENSG00000180525	-3.04011822660098	-3.58261034482758	-21.0255829980726	4.674947383785e-67	1.33975394887706e-66	141.373396269971	DIP2C-AS1
ENSG00000091513	-2.30208275862069	0.388356650246306	-21.0227009959816	4.8133474274939e-67	1.37901239448887e-66	141.344229980287	TF
ENSG00000103037	-1.00169261083744	3.86806403940887	-21.0193523277455	4.97931323065211e-67	1.42614303317314e-66	141.310340760972	SETD6
ENSG00000181778	-4.96139655172413	-6.80825837438422	-21.0176695987784	5.06486077025272e-67	1.45043243218462e-66	141.29331111325	TMEM252
ENSG00000171714	-3.66014532019705	-5.67242044334975	-21.0033562101767	5.85459558979788e-67	1.67585333258869e-66	141.148453798814	ANO5
ENSG00000160867	-1.91956354679803	-0.0618891625615765	-21.0027512527155	5.89056105246667e-67	1.6859013486717e-66	141.142331298683	FGFR4
ENSG00000104369	-2.77802660098522	-2.47348866995074	-20.9878086282464	6.8525867520368e-67	1.95922824152601e-66	140.991101621143	JPH1
ENSG00000079156	-1.52694532019704	2.20508497536946	-20.9730113783295	7.96003888807585e-67	2.27286791278168e-66	140.841339208261	OSBPL6
ENSG00000142233	-2.43354876847291	-1.0892842364532	-20.962543135196	8.8499980423972e-67	2.52550615865254e-66	140.735388130459	NTN5
ENSG00000161509	-2.21144039408866	-2.61570443349754	-20.9572920893876	9.33322927772268e-67	2.66223860086493e-66	140.682240564412	GRIN2C
ENSG00000115290	-3.66319113300493	-0.844196551724139	-20.9570435790801	9.35674160451002e-67	2.66855581487646e-66	140.679725297581	GRB14
ENSG00000270806	-5.2375093596059	-6.26635467980294	-20.9540076781423	9.64880556165896e-67	2.75145131016984e-66	140.648997708021	C17orf50
ENSG00000187091	-1.43963694581281	4.12291108374384	-20.9468345906782	1.03756204495188e-66	2.95741503536314e-66	140.576395327586	PLCD1
ENSG00000236699	-5.05311231527093	-4.69009113300491	-20.9193022934558	1.37113215152611e-66	3.90535847618763e-66	140.297719038404	ARHGEF38
ENSG00000115221	-3.6279763546798	-0.960138916256158	-20.9173178764571	1.39896049080587e-66	3.98345998999392e-66	140.277632677934	ITGB6
ENSG00000144230	-3.51871034482758	-1.54327980295566	-20.9169008140385	1.40488059618699e-66	3.99973435470368e-66	140.273411144493	GPR17
ENSG00000188153	-1.64161330049261	3.23687216748768	-20.9098490210943	1.50885932212635e-66	4.29451338086121e-66	140.202031989864	COL4A5
ENSG00000158806	-4.81272955665025	-0.91887906403941	-20.9088834918937	1.52368281667057e-66	4.33607246299348e-66	140.19225871489	NPM2
ENSG00000124839	-2.07251280788178	0.177872167487685	-20.9030787918405	1.6159217375895e-66	4.59588743937913e-66	140.133502083867	RAB17
ENSG00000106780	-1.2178039408867	3.02758275862069	-20.8842579047919	1.9551751355339e-66	5.55510795269023e-66	139.94298855921	MEGF9
ENSG00000116299	-2.94502610837439	0.0872987684729064	-20.8818221216319	2.00399802265928e-66	5.69299743550046e-66	139.918332044004	ELAPOR1
ENSG00000197057	-3.90950394088669	-7.78892733990145	-20.8736199294826	2.17754763747864e-66	6.18152759029745e-66	139.835303649677	DTHD1
ENSG00000225940	-5.66251871921181	-6.87745147783248	-20.8721668868368	2.2098240347408e-66	6.27224129076323e-66	139.8205948127	C5orf67
ENSG00000164588	-3.69329310344828	-6.3581790640394	-20.8609490215173	2.47565947048359e-66	7.02065554668268e-66	139.707037671892	HCN1
ENSG00000144619	-4.67155517241379	-3.25115098522167	-20.8601278804948	2.49633063302628e-66	7.0772222879152e-66	139.698725280345	CNTN4
ENSG00000181392	-1.87973054187192	-0.625352463054187	-20.8538093998726	2.66127391472689e-66	7.54156247702914e-66	139.634763099783	SYNE4
ENSG00000158022	-3.58345467980295	-1.12322832512315	-20.8449546581731	2.91092853326604e-66	8.24186690772023e-66	139.545125240363	TRIM63
ENSG00000188042	-2.10145763546798	3.1547421182266	-20.8215621768852	3.68902259753843e-66	1.04328335168012e-65	139.308314035719	ARL4C
ENSG00000100433	-4.23240344827586	-7.28068349753692	-20.8173450465277	3.84998122743546e-66	1.08864611700975e-65	139.265621524279	KCNK10
ENSG00000114854	-2.40500935960591	2.19368793103448	-20.8113485262157	4.09102406807299e-66	1.15630304220831e-65	139.204914749913	TNNC1
ENSG00000085563	-3.65916354679803	-1.56026650246306	-20.7972706078289	4.71790750748914e-66	1.33252418718533e-65	139.062392573988	ABCB1
ENSG00000130755	-2.65539507389162	2.19659753694581	-20.7778698778703	5.74221975982559e-66	1.61995753640121e-65	138.865978719624	GMFG
ENSG00000177182	-2.45457832512315	-2.20505270935961	-20.7767589550532	5.80719043139395e-66	1.63805016469833e-65	138.85473153112	CLVS1
ENSG00000185739	-2.94375862068965	-2.86708522167488	-20.7717174693645	6.11139749849936e-66	1.72360989920154e-65	138.803690385693	SRL
ENSG00000139679	-1.36376009852217	3.45146083743842	-20.7651530587314	6.53151130119525e-66	1.84182963705566e-65	138.73723029057	LPAR6
ENSG00000198948	-1.70862660098522	2.38193793103448	-20.7558896112623	7.17395856905501e-66	2.02241053601375e-65	138.643443349932	MFAP3L
ENSG00000105737	-2.27612019704434	-1.05734285714286	-20.7557745655025	7.18232239274493e-66	2.02418436975802e-65	138.642278572388	GRIK5
ENSG00000169246	-1.01673793103449	5.90394384236453	-20.7553726337435	7.21161944915518e-66	2.03214805011378e-65	138.63820922429	NPIPB3
ENSG00000005421	-5.62583251231526	-4.45073497536944	-20.7338879391039	8.96468920951921e-66	2.52504982030015e-65	138.420684931155	PON1
ENSG00000108370	-3.29803201970443	-1.02125985221675	-20.7289192152444	9.42738088181951e-66	2.65460918144837e-65	138.370377672425	RGS9
ENSG00000158815	-3.79702463054186	-2.87999852216749	-20.7284997891196	9.46751454902695e-66	2.66514216820923e-65	138.366131059132	FGF17
ENSG00000034239	-2.48291921182266	0.114764039408867	-20.7233056544126	9.97891873898392e-66	2.80869984152706e-65	138.313541208015	CLXN
ENSG00000131979	-1.32997586206896	1.7224421182266	-20.7228961317401	1.00203955562779e-65	2.81996788537994e-65	138.309394836895	GCH1
ENSG00000213085	-2.00797389162562	0.0406780788177337	-20.7228264110456	1.00274740858982e-65	2.82155361535813e-65	138.308688922478	CFAP45
ENSG00000204388	-1.94539162561577	6.30652142857143	-20.7196029176411	1.03602649716401e-65	2.91435580935355e-65	138.276051338508	HSPA1B
ENSG00000169896	-4.71684433497536	-2.31530049261084	-20.7172977937021	1.06049969288038e-65	2.98276986158151e-65	138.25271208554	ITGAM
ENSG00000167302	-1.00642906403941	4.67502339901478	-20.7123049027624	1.11550926586364e-65	3.13658734870607e-65	138.202159117715	TEPSIN
ENSG00000130522	-1.35999211822661	6.73695615763547	-20.7115139843648	1.12448139199145e-65	3.16136028805884e-65	138.194151049603	JUND
ENSG00000266028	-1.02221674876847	5.31925665024631	-20.7090053475338	1.15341949480014e-65	3.24178394468351e-65	138.168750990458	SRGAP2
ENSG00000106541	-5.04799162561576	-1.92740714285714	-20.7082468187974	1.16231520220696e-65	3.2663163188853e-65	138.161070838468	AGR2
ENSG00000149599	-4.33405221674876	-2.3848763546798	-20.6930089090089	1.3562928123087e-65	3.80869006152273e-65	138.006784578531	DUSP15
ENSG00000166908	-1.11103349753694	3.95567487684729	-20.6840800181743	1.4846740148229e-65	4.16740873278786e-65	137.916376877371	PIP4K2C
ENSG00000227471	-5.14559950738915	-4.0433790640394	-20.6707629301852	1.6990768780726e-65	4.76580455738405e-65	137.781535673035	AKR1B15
ENSG00000183779	-1.47994039408867	4.89854852216749	-20.6543923248225	2.0055281944469e-65	5.62215348958276e-65	137.615773602274	ZNF703
ENSG00000103316	-3.78747733990148	-1.18665985221675	-20.6487551677442	2.12337877067167e-65	5.95082001096597e-65	137.55869337768	CRYM
ENSG00000181291	-4.23428325123153	-5.38383374384235	-20.6453271252351	2.198406651581e-65	6.16020401278978e-65	137.523981843973	TMEM132E
ENSG00000018280	-2.68978078817734	-0.61599630541872	-20.6452180977193	2.20083589956689e-65	6.16612690313063e-65	137.522877855542	SLC11A1
ENSG00000143153	-1.95932266009852	4.1344578817734	-20.642877505309	2.25363913185869e-65	6.31044790296353e-65	137.499177506022	ATP1B1
ENSG00000112562	-4.16009014778326	1.52548054187192	-20.638281726211	2.36103362635955e-65	6.60643171911774e-65	137.452641440683	SMOC2
ENSG00000140450	-1.83003990147783	3.23450467980296	-20.6211564325903	2.8082833776178e-65	7.85451177406714e-65	137.279231763865	ARRDC4
ENSG00000167508	-1.21577093596059	5.26972389162561	-20.6116208121329	3.09308137428333e-65	8.64982773558169e-65	137.182673378158	MVD
ENSG00000014914	-1.09122216748768	3.52388201970443	-20.6042026971692	3.33446729715122e-65	9.3221974135807e-65	137.107556392605	MTMR11
ENSG00000112280	-4.54274679802955	-6.39008719211821	-20.598851349949	3.52021551095325e-65	9.84008747175632e-65	137.053367490712	COL9A1
ENSG00000139549	-4.23902610837437	-4.81909384236452	-20.5955755605354	3.63899011090851e-65	1.01706442716496e-64	137.020196003233	DHH
ENSG00000243896	-3.48605812807882	1.14836354679803	-20.5859584154596	4.01135582744754e-65	1.12049622041138e-64	136.922809736382	OR2A7
ENSG00000139648	-7.30004236453201	-4.84357438423644	-20.5840479394851	4.0897458240669e-65	1.14190331324354e-64	136.90346354817	KRT71
ENSG00000135333	-3.6637724137931	-4.8919290640394	-20.5785816802974	4.3226014615651e-65	1.2062646945376e-64	136.848109997421	EPHA7
ENSG00000215187	-2.87011231527094	-0.56409802955665	-20.5745074844053	4.50474038410296e-65	1.25651779312218e-64	136.806852867741	CIMIP2B
ENSG00000077454	-1.08636009852217	4.81385689655173	-20.5618737073507	5.11980028415948e-65	1.42705943735622e-64	136.67891666063	LRCH4
ENSG00000011198	-1.17604187192118	4.53587709359606	-20.5386068145635	6.48066214578585e-65	1.80508978980825e-64	136.443300433783	ABHD5
ENSG00000166819	-3.07794581280788	-0.295428571428571	-20.5342201038467	6.77516187424969e-65	1.88684927100737e-64	136.398877150033	PLIN1
ENSG00000162747	-6.12440344827586	-2.88410714285714	-20.531922993622	6.93467878062154e-65	1.93099875649624e-64	136.375614743722	FCGR3B
ENSG00000134460	-4.6913054187192	-6.17475320197043	-20.5099793384625	8.66111324213962e-65	2.40967361870576e-64	136.153393390884	IL2RA
ENSG00000171817	-1.63583497536946	-0.258200246305419	-20.5035383231689	9.24513334449288e-65	2.5710601368732e-64	136.088165144667	ZNF540
ENSG00000163126	-1.4971921182266	1.5700960591133	-20.4977469236643	9.80380301828365e-65	2.72564971664958e-64	136.029515310584	ANKRD23
ENSG00000133124	-3.91522610837438	-7.23809778325122	-20.494317950309	1.01503652924964e-64	2.82079690765025e-64	135.994789789208	IRS4
ENSG00000132740	-1.02618177339902	3.47737216748768	-20.493926479434	1.01907020128954e-64	2.83120128996306e-64	135.990825323226	IGHMBP2
ENSG00000130037	-4.31689064039409	-5.08055517241378	-20.482254597784	1.14698945464171e-64	3.1861361652606e-64	135.872622487305	KCNA5
ENSG00000184307	-1.69440640394089	0.528497783251231	-20.4803024950258	1.16989953485899e-64	3.24885273699224e-64	135.852853169818	ZDHHC23
ENSG00000130595	-4.10070147783251	0.816441379310344	-20.4792432850005	1.18252148309423e-64	3.28343774120878e-64	135.842126336956	TNNT3
ENSG00000168333	-5.94849852216748	-3.90870788177339	-20.4758850508292	1.22344691345446e-64	3.39659036549611e-64	135.808116775357	PPDPFL
ENSG00000173175	-2.08536847290641	-0.639359113300492	-20.4740052190777	1.24697093081844e-64	3.46140709233722e-64	135.789079281554	ADCY5
ENSG00000167646	-2.87669901477833	-0.343908128078818	-20.4670774015571	1.3376380645279e-64	3.70992379463586e-64	135.718919463412	DNAAF3
ENSG00000163947	-1.56288669950739	2.38074729064039	-20.4407858807782	1.74591248255894e-64	4.8381482890197e-64	135.452655662306	ARHGEF3
ENSG00000164070	-1.66046995073892	1.9106236453202	-20.4223993019134	2.10341821773961e-64	5.8238876184567e-64	135.266445714359	HSPA4L
ENSG00000121797	-4.74689901477832	-3.63335098522167	-20.403676105054	2.54279332626679e-64	7.03344192242117e-64	135.076824840839	CCRL2
ENSG00000197461	-1.36241773399015	2.6127	-20.4019969595227	2.58642361931398e-64	7.15311213821594e-64	135.059819057388	PDGFA
ENSG00000011105	-1.05244975369458	3.98143719211823	-20.3827879584649	3.14212822273281e-64	8.682617325883e-64	134.865276256974	TSPAN9
ENSG00000065809	-1.30761034482759	3.18964950738916	-20.3780967290072	3.29508487730228e-64	9.10399387420346e-64	134.8177646928	FAM107B
ENSG00000123104	-1.1578433497537	2.36966403940887	-20.3763434301948	3.35414334859662e-64	9.26585656181443e-64	134.800007709962	ITPR2
ENSG00000179627	-1.14348325123153	0.448865763546798	-20.372943479117	3.47170164385998e-64	9.58790185476425e-64	134.76557379821	ZBTB42
ENSG00000264343	-1.02850985221675	4.2750539408867	-20.3522893507493	4.27983703464683e-64	1.18130756117328e-63	134.556392624465	NOTCH2NLA
ENSG00000196684	-4.66459113300492	-4.78604285714285	-20.3387542653483	4.90892683430211e-64	1.35322680485163e-63	134.419310954721	HSH2D
ENSG00000163273	-5.63245911330049	-6.40113891625614	-20.3384662352218	4.92327394471081e-64	1.35699040095259e-63	134.416393814575	NPPC
ENSG00000189350	-3.15879458128079	-0.83859827586207	-20.3246597836839	5.66249573549375e-64	1.55920095340311e-63	134.276563158026	TOGARAM2
ENSG00000164199	-3.26699162561575	-3.44430172413793	-20.3106698112592	6.52483846093975e-64	1.79589286202373e-63	134.134873252617	ADGRV1
ENSG00000182747	-4.04100049261083	-6.93439187192116	-20.2712401090128	9.7292511033306e-64	2.67523603575752e-63	133.735528260432	SLC35D3
ENSG00000117091	-5.3475448275862	-3.19208768472906	-20.2660539221534	1.0254189288476e-63	2.81918074107199e-63	133.683002215962	CD48
ENSG00000188282	-4.60581133004925	-7.19065886699505	-20.2639686026631	1.04731622515444e-63	2.87897786917541e-63	133.661881950563	RUFY4
ENSG00000124215	-2.34160985221675	-1.65161527093596	-20.2495248738571	1.21237789333537e-63	3.32990706838508e-63	133.515594672402	CDH26
ENSG00000251380	-4.39314532019704	-7.45227758620687	-20.2454993190713	1.26285261763258e-63	3.46805309918155e-63	133.474823478589	DCANP1
ENSG00000187855	-4.06946995073891	-7.8201123152709	-20.2383976930786	1.35707481484984e-63	3.7262829888711e-63	133.40289751223	ASCL4
ENSG00000188763	-1.90318669950739	-1.83447807881774	-20.2360393901397	1.38989392183832e-63	3.81586218327682e-63	133.379012379004	FZD9
ENSG00000171916	-5.53988522167487	-3.72330714285713	-20.2264287846173	1.53205310371725e-63	4.20437884466261e-63	133.281675145668	LGALS9C
ENSG00000042980	-2.80834581280788	-0.77692315270936	-20.2233820673254	1.58008751311966e-63	4.33498107277614e-63	133.250817658959	ADAM28
ENSG00000185442	-1.48115221674877	2.0811775862069	-20.221690721556	1.60740030814905e-63	4.40929489357787e-63	133.233687521909	FAM174B
ENSG00000232810	-4.67888029556649	-2.88487807881773	-20.2214917733351	1.61064391241568e-63	4.41757239809504e-63	133.231672552249	TNF
ENSG00000139668	-1.06974581280788	3.6366802955665	-20.2128544384754	1.75795959162852e-63	4.81891518299965e-63	133.144192654965	WDFY2
ENSG00000100505	-2.55766354679803	-1.73123177339901	-20.2053712967934	1.89644028960005e-63	5.1963314833657e-63	133.068402546137	TRIM9
ENSG00000135540	-1.38502857142857	2.72358620689655	-20.2013803315523	1.97470316131222e-63	5.4092583653439e-63	133.027981597064	NHSL1
ENSG00000139055	-4.15928719211822	-2.11676921182266	-20.2007192644692	1.98797498684442e-63	5.44485034238455e-63	133.021286234757	ERP27
ENSG00000178814	-1.10709261083744	3.26083990147783	-20.1962271213507	2.08055436049945e-63	5.69761677590811e-63	132.975789302472	OPLAH
ENSG00000141068	-1.5139527093596	3.96935172413793	-20.1954043780504	2.09797176178656e-63	5.74450948141138e-63	132.967456466016	KSR1
ENSG00000156574	-4.66918423645319	-3.4323369458128	-20.1826368014968	2.38772775824672e-63	6.53515067950383e-63	132.838145051339	NODAL
ENSG00000007968	-3.84619408866995	-0.405179802955665	-20.1727147777849	2.64026718725894e-63	7.22330972608347e-63	132.737653772703	E2F2
ENSG00000204179	-1.9807275862069	0.28511748768473	-20.1716976887268	2.66761840864348e-63	7.29609502333254e-63	132.727352594217	PTPN20
ENSG00000115523	-5.05653990147783	-2.58776798029557	-20.1633309307947	2.90363945739639e-63	7.93940426422837e-63	132.642613279803	GNLY
ENSG00000123364	-2.40413694581281	1.38055320197044	-20.1604626288043	2.98926918758094e-63	8.17125450604375e-63	132.613562863096	HOXC13
ENSG00000120594	-2.86384137931035	2.67894876847291	-20.1468849465951	3.43016830154064e-63	9.36860222902967e-63	132.476047033468	PLXDC2
ENSG00000170893	-4.63798719211822	-7.1807108374384	-20.1283148483857	4.14033719333461e-63	1.13050816588158e-62	132.287968081738	TRH
ENSG00000144406	-3.49739556650247	-6.50692931034482	-20.1195028947786	4.52703600048072e-63	1.23540479711485e-62	132.198720369082	UNC80
ENSG00000138772	-1.90965369458128	2.09789679802956	-20.1169137356977	4.64737701657409e-63	1.26806816054022e-62	132.172497324903	ANXA3
ENSG00000183784	-4.16610197044335	-6.07158842364531	-20.1160630569563	4.6876096213547e-63	1.27886733520192e-62	132.163881640404	DOCK8-AS1
ENSG00000124721	-6.08281871921182	-5.57721871921181	-20.1096512920992	5.00227204002184e-63	1.36395144699465e-62	132.098943262885	DNAH8
ENSG00000156127	-5.0509487684729	-1.72162561576355	-20.104472670075	5.2717712258177e-63	1.43703380241218e-62	132.046494233007	BATF
ENSG00000186810	-4.48151871921181	-6.88369384236451	-20.0874143763058	6.26648379369464e-63	1.70651653144343e-62	131.873728515988	CXCR3
ENSG00000135218	-3.14617783251232	2.26016428571428	-20.0745497627648	7.13898317875664e-63	1.9430363409368e-62	131.743436793374	CD36
ENSG00000254995	-3.8939763546798	0.612762068965517	-20.0621794384306	8.09232911933256e-63	2.20189773948756e-62	131.618151707116	STX16-NPEPL1
ENSG00000112041	-3.93726256157635	-2.92769679802956	-20.0591597967322	8.34376069611074e-63	2.26967944770874e-62	131.587569238948	TULP1
ENSG00000135424	-2.06453054187192	3.33584901477832	-20.054950315807	8.70735327882274e-63	2.36825466631529e-62	131.544936318051	ITGA7
ENSG00000140807	-2.65496847290641	-0.80190591133005	-20.0541926925481	8.77445550298023e-63	2.38617324574506e-62	131.537263243135	NKD1
ENSG00000008226	-2.31584137931034	-2.30752266009852	-20.0446026345945	9.66990758139861e-63	2.62785890635088e-62	131.440137019241	DLEC1
ENSG00000121413	-1.04982857142857	4.56958275862069	-20.0419313930621	9.93521831710938e-63	2.69958337531913e-62	131.413083275299	ZSCAN18
ENSG00000198840	-1.50115960591133	12.9791216748769	-20.0417272523536	9.95579070499701e-63	2.70479719111708e-62	131.411015784525	MT-ND3
ENSG00000197599	-2.71647586206897	-0.826106403940887	-20.0333428020185	1.08385805758681e-62	2.9421800474179e-62	131.326100125926	CCDC154
ENSG00000180616	-2.8053921182266	-4.22801034482758	-20.0294773380831	1.12715273275218e-62	3.05928037547821e-62	131.286951756692	SSTR2
ENSG00000100450	-5.40903201970443	-6.12354802955663	-20.0190972584814	1.25216415067839e-62	3.39669514610731e-62	131.181825462663	GZMH
ENSG00000138798	-3.11318866995074	-1.77841354679803	-20.0180731898423	1.26522501023816e-62	3.43164845941348e-62	131.171454033599	EGF
ENSG00000246922	-1.21147733990148	1.03610812807882	-20.0162133283502	1.28929484498204e-62	3.49644738560075e-62	131.152617983235	UBAP1L
ENSG00000130700	-5.07793990147782	-6.60150985221672	-20.0146580223733	1.30977440363358e-62	3.55100047111645e-62	131.136866381223	GATA5
ENSG00000188227	-1.5761118226601	0.370876108374384	-20.0105358100742	1.36564123663249e-62	3.70195048498711e-62	131.095118095006	ZNF793
ENSG00000134256	-3.07419113300493	-1.0682157635468	-20.0068801394854	1.41717562781891e-62	3.84005076522976e-62	131.058094845969	CD101
ENSG00000281106	-4.13995024630541	-7.21940467980294	-20.0053996660405	1.43859519281706e-62	3.89754987633868e-62	131.043101189962	TMEM272
ENSG00000146857	-5.01976650246304	-7.34079852216746	-19.9835818778638	1.79452296285331e-62	4.85579725008023e-62	130.82214049877	STRA8
ENSG00000120899	-1.65268719211822	4.81264458128079	-19.983326852331	1.7991661451314e-62	4.86768722250557e-62	130.819557730853	PTK2B
ENSG00000164175	-4.97845123152708	-3.99721576354679	-19.9798841419669	1.86303515746898e-62	5.03769656112616e-62	130.78469176047	SLC45A2
ENSG00000215475	-3.3274448275862	-7.67480123152708	-19.9785605346931	1.88818972881771e-62	5.10430262561289e-62	130.771286976126	SIAH3
ENSG00000077063	-3.08318866995074	-1.26559482758621	-19.9275545839396	3.16589738018125e-62	8.54411912767601e-62	130.254734332126	CTTNBP2
ENSG00000168329	-3.89810295566502	-4.06180467980295	-19.919860908806	3.4225700302601e-62	9.23427634009981e-62	130.176819678132	CX3CR1
ENSG00000102854	-4.74054187192117	-2.76493891625615	-19.9172543288085	3.51416701079058e-62	9.48010101116365e-62	130.150422666557	MSLN
ENSG00000163545	-1.72327389162561	3.30181822660098	-19.9167526677142	3.53207499968957e-62	9.52709587907986e-62	130.145342316506	NUAK2
ENSG00000120129	-1.92354827586206	8.15108004926108	-19.9096522938271	3.79554793320315e-62	1.02321144586365e-61	130.073436631847	DUSP1
ENSG00000100767	-1.84270541871921	2.92210886699507	-19.902361027762	4.0865698662409e-62	1.10136185803447e-61	129.99959817255	PAPLN
ENSG00000099622	-1.0858369458128	8.22507512315271	-19.8918598996844	4.54535505786984e-62	1.22416384427911e-61	129.893254250068	CIRBP
ENSG00000088538	-2.07473743842365	-0.456847536945813	-19.8900935943735	4.62743353974686e-62	1.2460976468752e-61	129.875367130543	DOCK3
ENSG00000130203	-2.73662068965518	6.72482610837439	-19.8863431826777	4.80665907610778e-62	1.29418202900659e-61	129.837387334834	APOE
ENSG00000169894	-4.22423793103448	-5.0526435960591	-19.8856488149314	4.84059533690837e-62	1.3031397447839e-61	129.830355600642	MUC3A
ENSG00000119121	-3.15759802955664	-3.7237960591133	-19.88144413113	5.05127269594989e-62	1.35948176593104e-61	129.787775627145	TRPM6
ENSG00000172247	-3.2734078817734	-1.69433743842365	-19.8801115413416	5.11993742198837e-62	1.37758250172789e-61	129.774280793154	C1QTNF4
ENSG00000058866	-4.00219950738916	-2.64343275862069	-19.864455685561	6.00005551442269e-62	1.61327854792031e-61	129.615738620638	DGKG
ENSG00000114631	-1.69562906403941	1.69630172413793	-19.8605624964598	6.24146303031352e-62	1.67726444634745e-61	129.576313786006	PODXL2
ENSG00000153253	-3.94882660098522	-5.17904679802955	-19.8551102761878	6.59595436564787e-62	1.7717957417662e-61	129.521101464981	SCN3A
ENSG00000182103	-3.4533487684729	-4.2292763546798	-19.8402939197154	7.66431186114758e-62	2.05792776024383e-61	129.37106386832	FAM181B
ENSG00000164638	-1.61449802955665	0.2666539408867	-19.8303188744082	8.47940514321255e-62	2.27616119929478e-61	129.270052882563	SLC29A4
ENSG00000183230	-4.39209408866995	-5.71032832512314	-19.8298895671338	8.51636797409802e-62	2.28576930297794e-61	129.265705580132	CTNNA3
ENSG00000129991	-4.29112610837438	-0.225186699507389	-19.8065826898531	1.0784701116697e-61	2.89061348542713e-61	129.029695421858	TNNI3
ENSG00000174652	-1.10754384236453	4.16035418719212	-19.8026111930651	1.12275010095923e-61	3.0084714757912e-61	128.989479786526	ZNF266
ENSG00000154856	-3.02194137931035	5.11690714285714	-19.795546655725	1.2060564847053e-61	3.22948147768031e-61	128.917944225102	APCDD1
ENSG00000092377	-5.22817290640393	-7.05347167487682	-19.7928223513426	1.23980894162497e-61	3.31940626623308e-61	128.890358037055	TBL1Y
ENSG00000153094	-1.59781871921182	1.15410935960591	-19.790981641791	1.26314727821206e-61	3.3814279603863e-61	128.871719136447	BCL2L11
ENSG00000189283	-1.6459802955665	1.92386896551724	-19.7886878261718	1.29284628631763e-61	3.46045776293922e-61	128.848492164903	FHIT
ENSG00000162873	-4.52508522167487	-4.66246477832511	-19.786922992932	1.31617074206829e-61	3.52240600403978e-61	128.830621659891	KLHDC8A
ENSG00000182759	-4.50116945812807	-5.80571921182264	-19.7854876287885	1.33545078061366e-61	3.57351487809834e-61	128.816087346981	MAFA
ENSG00000086730	-1.3021881773399	0.058158620689655	-19.7757681281619	1.47364826817998e-61	3.94115703527755e-61	128.717669521312	LAT2
ENSG00000167580	-4.80917192118226	-6.99516133004924	-19.7598687638395	1.7312130183856e-61	4.62746064906189e-61	128.556677825597	AQP2
ENSG00000132361	-1.03317881773399	5.26936280788177	-19.7553533237478	1.81225002261625e-61	4.84274441979582e-61	128.510956499196	CLUH
ENSG00000122188	-4.14511280788177	-4.49596231527093	-19.7471234594322	1.96982978838681e-61	5.25951820257617e-61	128.427625184283	LAX1
ENSG00000174226	-5.24222709359605	-6.1551805418719	-19.7463396598332	1.98553399328372e-61	5.30072476731564e-61	128.419688879703	SNX31
ENSG00000178217	-3.68539802955665	-7.54019556650244	-19.741157610463	2.09255880269239e-61	5.58568284690815e-61	128.367218607438	SH2D4B
ENSG00000178764	-1.05874236453202	2.26920862068966	-19.7351001037819	2.22499874878946e-61	5.93596253226534e-61	128.305884395858	ZHX2
ENSG00000141052	-3.24428226600985	-2.71466133004926	-19.7348244732792	2.23122054034937e-61	5.95174881238157e-61	128.303093558536	MYOCD
ENSG00000085465	-2.1078118226601	1.66461871921182	-19.7337400611929	2.25586823277514e-61	6.01667490171854e-61	128.292113586345	OVGP1
ENSG00000099840	-1.42064039408867	1.95175270935961	-19.730094025275	2.34075322889129e-61	6.24136984568067e-61	128.255196569713	IZUMO4
ENSG00000128011	-1.66223645320197	-0.989580295566503	-19.7236240212517	2.49932276260756e-61	6.66054349200559e-61	128.189686578702	LRFN1
ENSG00000162772	-3.06017783251232	4.3768091133005	-19.7207558085637	2.57301218993785e-61	6.85505169949086e-61	128.160645559217	ATF3
ENSG00000158805	-1.08977044334975	4.44894532019705	-19.6983150235888	3.22979563323683e-61	8.59900085350327e-61	127.933433349494	ZNF276
ENSG00000007312	-3.55195320197044	0.0605253694581281	-19.6973230450808	3.26241660338709e-61	8.6834847811755e-61	127.923389749865	CD79B
ENSG00000187242	-4.40789211822659	-5.67921896551723	-19.6962179936114	3.29914400357477e-61	8.78004522917855e-61	127.912201322555	KRT12
ENSG00000165813	-1.10849556650246	2.94403251231527	-19.687846885601	3.5911300791244e-61	9.55190744606628e-61	127.827446036294	CCDC186
ENSG00000113555	-1.40292413793104	-0.96546354679803	-19.6721964722415	4.2081035780039e-61	1.11884027375989e-60	127.668992210095	PCDH12
ENSG00000196890	-2.91107093596059	-2.05646206896552	-19.6675986122413	4.40874374046287e-61	1.17154841142406e-60	127.622441457427	H2BC26
ENSG00000121858	-2.99215320197044	2.91986871921182	-19.6626578646372	4.63502112700276e-61	1.23084091403571e-60	127.572419488532	TNFSF10
ENSG00000182379	-1.92911625615763	2.87766502463054	-19.6608597475148	4.72022302764425e-61	1.25312591232474e-60	127.554214766132	NXPH4
ENSG00000142512	-3.73517832512315	-2.85121034482759	-19.652613699401	5.13145738704733e-61	1.36156062807439e-60	127.470729680708	SIGLEC10
ENSG00000174871	-1.68911822660099	-0.16504433497537	-19.6337184019158	6.21396212701827e-61	1.6474460437687e-60	127.27943259038	CNIH2
ENSG00000092068	-1.62205024630542	4.0817039408867	-19.6282663388199	6.56680355903284e-61	1.74075522450651e-60	127.224236563856	SLC7A8
ENSG00000248592	-1.67880246305419	0.605330295566503	-19.6272945875007	6.63176399066155e-61	1.7574983985016e-60	127.214398717848	STIMATE-MUSTN1
ENSG00000179057	-4.03352512315271	-1.07905418719212	-19.626086075285	6.71344874404055e-61	1.77866344029339e-60	127.202163964356	IGSF22
ENSG00000167874	-2.32039162561577	-0.100283497536946	-19.6228545167949	6.93684919524768e-61	1.8376021007663e-60	127.169448373765	TMEM88
ENSG00000275302	-5.31321428571427	-4.0221554187192	-19.6198978542432	7.14775125092296e-61	1.89321435274514e-60	127.13951590793	CCL4
ENSG00000275572	-5.26722857142856	-6.98938571428569	-19.5969805236913	9.01545057959168e-61	2.38564570381016e-60	126.90751150986	GRIFIN
ENSG00000138646	-1.92004039408867	-0.493264532019704	-19.5644409657931	1.25351716043064e-60	3.31478110272471e-60	126.578110526501	HERC5
ENSG00000171722	-5.00774827586206	-6.0722411330049	-19.5613832963662	1.29294712476365e-60	3.41858648520244e-60	126.547158348964	SPATA46
ENSG00000156564	-3.77610197044334	-7.68819778325121	-19.5594597954859	1.31838448962849e-60	3.48490054055458e-60	126.527687213804	LRFN2
ENSG00000186862	-1.83718571428572	-0.110154433497537	-19.5452866189471	1.52190655797683e-60	4.01906729134908e-60	126.384217504495	PDZD7
ENSG00000109832	-4.43421871921182	-3.57886403940886	-19.5396592458904	1.6111712038468e-60	4.25364869840234e-60	126.32725469049	DDX25
ENSG00000079616	-1.11527733990148	4.66536773399015	-19.5373897197165	1.64863619563045e-60	4.35138418895331e-60	126.304281676253	KIF22
ENSG00000177303	-1.10276354679803	2.79036206896552	-19.5311306496369	1.75653540770925e-60	4.63554556886619e-60	126.240925435796	CASKIN2
ENSG00000255552	-5.44708522167487	-7.03884556650244	-19.527683256248	1.81895106903442e-60	4.79896608492922e-60	126.206030149809	LY6G6E
ENSG00000155158	-1.06384187192118	3.0913697044335	-19.5189494882163	1.98718378873531e-60	5.23998726210571e-60	126.117625944445	TTC39B
ENSG00000203685	-3.55952610837438	-0.665088177339902	-19.4758483400596	3.07481046415725e-60	8.09592375243344e-60	125.68137158595	STUM
ENSG00000105996	-1.50198866995074	-1.11250073891626	-19.473013272082	3.16437488658754e-60	8.33062293327411e-60	125.652677268248	HOXA2
ENSG00000178538	-4.54731921182265	-3.78426305418719	-19.4574393215798	3.70498393409793e-60	9.75121832190461e-60	125.495052822369	CA8
ENSG00000250673	-6.44502167487683	-4.91356798029555	-19.4310348592623	4.84078786825806e-60	1.27251380846784e-59	125.227823377568	REELD1
ENSG00000126264	-1.57269901477832	1.12154064039409	-19.4243456505848	5.1800633620924e-60	1.36151712470759e-59	125.160126697363	HCST
ENSG00000105655	-1.28825960591133	3.45374014778325	-19.4231774540994	5.2417070262194e-60	1.37753414075282e-59	125.148304313377	ISYNA1
ENSG00000127831	-4.42445418719211	-4.645860591133	-19.4075077801044	6.14307984573206e-60	1.61333243307749e-59	124.989726790366	VIL1
ENSG00000101460	-1.1382881773399	5.88253768472906	-19.404470203542	6.33497409593732e-60	1.66283497357699e-59	124.958987028526	MAP1LC3A
ENSG00000206384	-3.73568128078818	-4.00215295566502	-19.402768211243	6.44510279851987e-60	1.69151489240767e-59	124.941763239087	COL6A6
ENSG00000135409	-4.69099458128078	-5.93360960591131	-19.3974858197369	6.79924278321476e-60	1.78374013249541e-59	124.888306984962	AMHR2
ENSG00000260428	-1.46261280788177	0.41368275862069	-19.39682425212	6.84494479390735e-60	1.79548874043674e-59	124.881612156397	SCX
ENSG00000171224	-2.81754926108374	0.0255864532019703	-19.3764885570456	8.41006273805977e-60	2.20425759156604e-59	124.675826765327	FAM241B
ENSG00000171443	-1.02977635467981	4.52919064039409	-19.3749055628767	8.54595390673449e-60	2.23957397405666e-59	124.659808163475	ZNF524
ENSG00000164620	-1.1272684729064	1.49184802955665	-19.3744527791969	8.58522507213464e-60	2.24956380208709e-59	124.655226374345	RELL2
ENSG00000203857	-6.00592610837437	-6.57966059113298	-19.3666923939597	9.28705678312332e-60	2.43183255602031e-59	124.576698520504	HSD3B1
ENSG00000150471	-3.29539261083744	-1.08039236453202	-19.3520989517302	1.076593099705e-59	2.81681381101018e-59	124.429030139417	ADGRL3
ENSG00000179002	-4.41453596059112	-7.48184729064037	-19.3464165610927	1.14035205047259e-59	2.98203663459593e-59	124.371532361967	TAS1R2
ENSG00000075340	-3.80993940886699	-4.07768448275861	-19.3377348285805	1.24513045289966e-59	3.25516244957394e-59	124.283686896855	ADD2
ENSG00000085265	-5.03921182266009	-3.6838566502463	-19.3264841639966	1.39535928420483e-59	3.64693207595705e-59	124.169850466018	FCN1
ENSG00000147724	-3.70265320197044	-7.042021182266	-19.3202467724356	1.48632055723627e-59	3.88311180875817e-59	124.106740584446	FAM135B
ENSG00000175894	-4.43874729064039	-4.19599039408866	-19.3081087450562	1.68067443058864e-59	4.38911395463893e-59	123.983930740457	TSPEAR
ENSG00000142549	-3.2296684729064	-2.78481206896551	-19.2873484767213	2.07378468745712e-59	5.41211276205755e-59	123.773891162798	IGLON5
ENSG00000185347	-1.37146995073892	2.8180763546798	-19.2790024318281	2.2566226135965e-59	5.88613442537411e-59	123.689453986713	TEDC1
ENSG00000186007	-5.58776256157634	-5.04993103448275	-19.2740131059302	2.37353322461808e-59	6.18942971383595e-59	123.638977652803	LEMD1
ENSG00000154358	-1.44472315270936	1.71098916256158	-19.2703541096276	2.46310276771942e-59	6.4195724575584e-59	123.601960475469	OBSCN
ENSG00000142609	-4.341521182266	-6.49967635467979	-19.2627961073105	2.65895988232095e-59	6.92357015593818e-59	123.525499058492	CFAP74
ENSG00000100628	-2.79344088669951	-1.40338349753695	-19.2607966246109	2.71332957167539e-59	7.06325915674444e-59	123.505271296839	ASB2
ENSG00000006740	-1.35466305418719	0.297569458128079	-19.260253167973	2.7282983388843e-59	7.10127945371297e-59	123.499773436536	ARHGAP44
ENSG00000184811	-4.54599113300492	-4.1033566502463	-19.2532554773081	2.92857930497873e-59	7.62054550970632e-59	123.428982207251	TRARG1
ENSG00000240038	-2.03171231527094	3.52358472906404	-19.2429328057351	3.25116796074306e-59	8.45208517877355e-59	123.324556513837	AMY2B
ENSG00000109063	-1.40137733990148	0.721306896551724	-19.2288986691346	3.74746102195535e-59	9.73841533125684e-59	123.182589481552	MYH3
ENSG00000105339	-1.60304778325123	3.0783224137931	-19.2246655427364	3.91152991606945e-59	1.01634247599826e-58	123.139768872118	DENND3
ENSG00000187037	-5.13368128078817	-5.92204655172412	-19.2069179267928	4.68129628718294e-59	1.2147376449891e-58	122.960246243982	GPR141
ENSG00000171017	-1.19364876847291	2.45575197044335	-19.2062188066027	4.71454116265011e-59	1.2232018507768e-58	122.953174598172	LRRC8E
ENSG00000145703	-3.66620985221675	-0.192791133004926	-19.1996229074842	5.04004566294626e-59	1.30696088568598e-58	122.886457298061	IQGAP2
ENSG00000073670	-1.86652807881774	-0.976247783251232	-19.1882714031541	5.65371205798037e-59	1.46453925022604e-58	122.771639957969	ADAM11
ENSG00000170465	-5.01555073891625	-1.58775911330049	-19.1855166451076	5.81357005268013e-59	1.50554977431056e-58	122.74377686709	KRT6C
ENSG00000105486	-1.21882216748769	4.10297068965517	-19.1808418610097	6.09525527026532e-59	1.57808000121257e-58	122.696494084683	LIG1
ENSG00000123095	-1.85460837438424	1.04783866995074	-19.1688672744954	6.8806205830598e-59	1.78070570035962e-58	122.575380698492	BHLHE41
ENSG00000188086	-4.53331871921182	-5.41000763546797	-19.1667793868919	7.02756719514218e-59	1.81849467859466e-58	122.554263788671	PRSS45P
ENSG00000206549	-4.20226600985221	-3.88512315270935	-19.1643024285575	7.20597113055515e-59	1.86416584370279e-58	122.529211972407	
ENSG00000180730	-4.55786009852216	-4.18704384236452	-19.1492226527152	8.3941060982287e-59	2.17009685635118e-58	122.376699690254	SHISA2
ENSG00000163220	-3.56245320197044	4.33242413793103	-19.1402561970099	9.19146166808086e-59	2.37497744172466e-58	122.286018729114	S100A9
ENSG00000263020	-1.43264975369458	2.76228349753695	-19.1298438113318	1.02128943198557e-58	2.63750998808801e-58	122.18071745475	
ENSG00000137872	-2.24657536945813	0.0125581280788176	-19.126799214209	1.05324678313712e-58	2.71896283171276e-58	122.149927796464	SEMA6D
ENSG00000072163	-2.08746502463055	3.5778275862069	-19.1253871737989	1.06840561438323e-58	2.75736694615387e-58	122.135648086562	LIMS2
ENSG00000166866	-4.42534285714285	-4.13607536945812	-19.1238826897891	1.08479694335585e-58	2.79930039179454e-58	122.120433575016	MYO1A
ENSG00000125648	-1.17387192118226	4.31348325123153	-19.123465521729	1.0893863396054e-58	2.81077209513713e-58	122.116214859051	SLC25A23
ENSG00000213213	-1.81608768472907	0.296522660098522	-19.1209686333385	1.11726403640324e-58	2.88231997351712e-58	122.090964559052	CCDC183
ENSG00000151726	-1.27650985221675	6.41317660098522	-19.1157049937708	1.1783910258623e-58	3.03841106048304e-58	122.037735512936	ACSL1
ENSG00000121057	-1.0164315270936	4.14467438423645	-19.1139767606204	1.19918147748374e-58	3.09161008350755e-58	122.020258771179	AKAP1
ENSG00000179855	-3.22964630541871	-2.60124236453202	-19.1059093664044	1.30118840470448e-58	3.35415166926989e-58	121.938678486277	GIPC3
ENSG00000177570	-2.47341280788177	-1.74449064039409	-19.0999587041245	1.38194950131525e-58	3.56092525774033e-58	121.878504563574	SAMD12
ENSG00000181031	-1.74301921182266	1.10401403940887	-19.0889050852849	1.54550188476423e-58	3.98078263240578e-58	121.766731643055	RPH3AL
ENSG00000132965	-2.65878128078818	0.557731527093596	-19.0880408817716	1.55907639046122e-58	4.01521755698382e-58	121.757993071378	ALOX5AP
ENSG00000146276	-4.25632463054187	-7.26892881773397	-19.082016780681	1.65706998225129e-58	4.26646397801776e-58	121.697079760372	GABRR1
ENSG00000197992	-4.36259655172413	-7.29891699507387	-19.0691528903429	1.88743024093023e-58	4.85765333442099e-58	121.567008918828	CLEC9A
ENSG00000138615	-3.02258177339902	0.460605172413794	-19.0664186876951	1.94037664231157e-58	4.99260570691937e-58	121.539363188744	CILP
ENSG00000281991	-4.69478866995074	2.52562044334976	-19.0600708282072	2.06909580279587e-58	5.32169915480875e-58	121.475180389416	TMEM265
ENSG00000161835	-1.54226157635468	3.3803381773399	-19.0544153421034	2.19094880289349e-58	5.63288008237662e-58	121.417999184317	TAMALIN
ENSG00000168484	-6.20182463054187	-1.35965615763547	-19.0523008553253	2.2383279346284e-58	5.75393376723339e-58	121.396620393111	SFTPC
ENSG00000111249	-3.99093251231528	-5.91537019704433	-19.0481091591985	2.33530020260106e-58	6.00005739669075e-58	121.354240121739	CUX2
ENSG00000143595	-4.30667536945812	-7.25628546798027	-19.0403170862216	2.52686351316337e-58	6.48967890317237e-58	121.275459595184	AQP10
ENSG00000183347	-3.9818448275862	-4.00046921182266	-19.0278949758016	2.86526022791861e-58	7.35297641155424e-58	121.149871772816	GBP6
ENSG00000130032	-3.75915123152709	-2.74590221674876	-19.0246300703413	2.9614855555625e-58	7.59891684963266e-58	121.116864318771	PRRG3
ENSG00000162174	-2.4707802955665	-0.48285960591133	-19.0234763314907	2.9962562756099e-58	7.68611710921091e-58	121.105200362123	ASRGL1
ENSG00000101916	-3.78044334975369	-6.3285881773399	-19.0070474363598	3.53804174812937e-58	9.06878434443129e-58	120.939113770357	TLR8
ENSG00000130822	-3.42599064039409	-0.912895812807882	-19.0023440023405	3.71046117312632e-58	9.50823921390435e-58	120.891566394615	PNCK
ENSG00000081818	-2.3362236453202	-1.45182118226601	-19.0009442964193	3.76337558445977e-58	9.64130645929638e-58	120.877416799408	PCDHB4
ENSG00000109047	-5.29522266009851	-3.76928768472906	-18.9985963147797	3.85383813246345e-58	9.87047244883364e-58	120.853681250625	RCVRN
ENSG00000154478	-2.90648768472906	-8.03023743842363	-18.9761611692023	4.8356970962848e-58	1.23673855065564e-57	120.626895423653	GPR26
ENSG00000166401	-1.10150886699508	4.78915049261084	-18.9719190886137	5.04772067178203e-58	1.29062615946571e-57	120.584016205064	SERPINB8
ENSG00000168477	-2.57690640394089	4.05442906403941	-18.9716419374006	5.06189207138464e-58	1.29408025718209e-57	120.581214764099	TNXB
ENSG00000105519	-1.19594137931034	3.61010812807882	-18.9681153583937	5.24572574648509e-58	1.34055149127516e-57	120.545568373497	CAPS
ENSG00000058404	-1.96653694581281	-1.20599950738916	-18.9493533846739	6.34200287733213e-58	1.61837843077598e-57	120.355930856262	CAMK2B
ENSG00000116141	-1.52446699507389	-0.0266236453201971	-18.9424650729965	6.79963182741824e-58	1.73470502834735e-57	120.2863099429	MARK1
ENSG00000007062	-4.68611773399014	-2.59346083743842	-18.9276997471358	7.89485727517975e-58	2.01201487834589e-57	120.137080713539	PROM1
ENSG00000105738	-1.13415270935961	3.08051428571429	-18.9221643086036	8.34946665046085e-58	2.12731782637948e-57	120.081137461145	SIPA1L3
ENSG00000125124	-1.0117960591133	5.33462216748769	-18.9182312729611	8.68829099749886e-58	2.2133565724563e-57	120.041389355888	BBS2
ENSG00000136327	-4.40909162561576	-7.36258275862067	-18.9103275817764	9.4113123729001e-58	2.3954681323765e-57	119.961514598012	NKX2-8
ENSG00000266964	-2.69722610837438	3.51859778325123	-18.9007181209535	1.03718725204453e-57	2.63812485740651e-57	119.864404301894	FXYD1
ENSG00000088882	-3.17296551724138	-0.44615960591133	-18.8957982832531	1.09009846316861e-57	2.77126371370379e-57	119.814687188892	CPXM1
ENSG00000165152	-1.37559655172414	2.80088300492611	-18.8933572472402	1.11734410180857e-57	2.83978910619626e-57	119.790019773592	PGAP4
ENSG00000160191	-3.7351354679803	0.34258842364532	-18.8854493168391	1.21037117742426e-57	3.07422323228814e-57	119.710109191124	PDE9A
ENSG00000180785	-4.39160443349753	-6.47875098522166	-18.8847805048254	1.21858535437656e-57	3.09468420990602e-57	119.703350869244	OR51E1
ENSG00000131730	-2.06959359605911	0.281764285714286	-18.8828269220623	1.24289926585888e-57	3.156020978874e-57	119.683610076834	CKMT2
ENSG00000171227	-3.42273596059114	0.164383251231527	-18.8801426724221	1.27709983210616e-57	3.24202194323442e-57	119.656486181624	TMEM37
ENSG00000152642	-1.0032842364532	2.85351256157635	-18.8770611775559	1.31752325598742e-57	3.34290307303377e-57	119.625348512308	GPD1L
ENSG00000177398	-4.2040724137931	-6.02588349753694	-18.8538421300922	1.66620412943952e-57	4.22430735567035e-57	119.39073751915	UMODL1
ENSG00000054219	-1.78244876847291	0.906107635467981	-18.8534752380313	1.67239709139243e-57	4.23890842542034e-57	119.387030510687	LY75
ENSG00000050344	-1.32524778325123	2.58562192118227	-18.8245738372521	2.24002462125189e-57	5.67027994151612e-57	119.09503200867	NFE2L3
ENSG00000111181	-4.60986157635467	-3.84450369458127	-18.8103356489201	2.58685214263652e-57	6.54567714248385e-57	118.951191446955	SLC6A12
ENSG00000010318	-1.02858275862069	2.49842832512315	-18.8037697850753	2.76439923554167e-57	6.99131485194193e-57	118.884862766041	PHF7
ENSG00000122592	-1.41226502463054	2.74793201970443	-18.8002328613052	2.86503731740586e-57	7.24302189608607e-57	118.849133276958	HOXA7
ENSG00000243543	-5.46015073891624	-7.06773546798027	-18.7937425752848	3.05933176995308e-57	7.72921285693898e-57	118.783570613679	WFDC6
ENSG00000112333	-3.89247881773399	-7.10655566502461	-18.7916203849042	3.12567728497575e-57	7.8958099150719e-57	118.762133323174	NR2E1
ENSG00000100351	-3.9745645320197	-2.27359310344828	-18.7907077633052	3.15464878881031e-57	7.96796518430027e-57	118.752914536796	GRAP2
ENSG00000184515	-3.58204679802956	-0.37098645320197	-18.7833382341341	3.39865095343435e-57	8.58093500413618e-57	118.678472920967	BEX5
ENSG00000267706	-4.18323004926108	-6.27427019704432	-18.7809243531905	3.48260645397335e-57	8.79063489066742e-57	118.654090116749	
ENSG00000271503	-4.17136600985221	-2.06521305418719	-18.7714230041116	3.83369854973771e-57	9.67309710251444e-57	118.558118460637	CCL5
ENSG00000155090	-1.40483349753695	4.91160640394089	-18.7699632149301	3.89069075047415e-57	9.81309739878238e-57	118.543373672357	KLF10
ENSG00000169660	-1.04530049261084	3.9845724137931	-18.769223078873	3.91990947244472e-57	9.88551695838362e-57	118.535897865246	HEXD
ENSG00000144649	-1.76641133004926	-0.49122487684729	-18.7666581330502	4.02287486617504e-57	1.01438736302958e-56	118.509990580363	GASK1A
ENSG00000162374	-4.06624236453202	-6.20358866995073	-18.7631743438814	4.16706905201137e-57	1.05061106198434e-56	118.474802919471	ELAVL4
ENSG00000017427	-4.4542408866995	-1.52937955665025	-18.7150894891116	6.77497446319444e-57	1.7046034628524e-56	117.989176682655	IGF1
ENSG00000105374	-5.19500738916256	-2.87927216748768	-18.7127176546591	6.93934147059687e-57	1.74573392145216e-56	117.965225119125	NKG7
ENSG00000189319	-1.10494433497537	2.98250615763547	-18.7034784577412	7.61851956393694e-57	1.91634842731955e-56	117.871926898049	FAM53B
ENSG00000062524	-3.06823645320197	-2.5609724137931	-18.6806441113225	9.59595080666626e-57	2.41250573348607e-56	117.641358982612	LTK
ENSG00000156869	-1.38269113300493	1.6734342364532	-18.664456937197	1.13012455078602e-56	2.83977034479368e-56	117.477923704898	FRRS1
ENSG00000141469	-4.67840443349754	-1.93687561576355	-18.6526226730308	1.2736753358286e-56	3.1992497959849e-56	117.358445083917	SLC14A1
ENSG00000162836	-1.17459950738917	3.0989854679803	-18.6524354706736	1.27608681493262e-56	3.20489506970997e-56	117.356555139203	ACP6
ENSG00000096968	-1.18044285714286	2.77592438423646	-18.6520786020028	1.2806965297403e-56	3.2160590573355e-56	117.352952293164	JAK2
ENSG00000158715	-1.31209556650246	-0.167091133004926	-18.6268148513694	1.65311442624369e-56	4.14434408180297e-56	117.09791064018	SLC45A3
ENSG00000238243	-5.07206748768472	-6.46842931034481	-18.6264769888879	1.65876693840449e-56	4.15798146617504e-56	117.09450005318	OR2W3
ENSG00000063127	-1.87654236453202	-0.434654926108375	-18.6223895670319	1.72870058120095e-56	4.33272627392958e-56	117.053239558689	SLC6A16
ENSG00000142959	-2.40552463054187	-1.95994162561576	-18.6101933645126	1.95538079904286e-56	4.89772514418041e-56	116.930129346345	BEST4
ENSG00000186452	-4.13333251231527	-7.21436527093594	-18.6016564854871	2.13150232210618e-56	5.33544490567426e-56	116.843960810564	TMPRSS12
ENSG00000164764	-1.63903448275862	-0.472785221674877	-18.601391507363	2.13721565382361e-56	5.34906100243608e-56	116.841286258037	SBSPON
ENSG00000139998	-1.34567586206896	1.94005714285714	-18.5986074408302	2.19817761659675e-56	5.49952464262371e-56	116.813185516789	RAB15
ENSG00000224940	-3.22496502463054	-1.16237315270936	-18.5927699602537	2.33170116031655e-56	5.83059553101805e-56	116.754266529578	PRRT4
ENSG00000137033	-2.68763793103449	1.53828399014778	-18.5768984810977	2.73716408304793e-56	6.84185987604537e-56	116.594079959298	IL33
ENSG00000125266	-1.82946256157635	2.69823275862069	-18.5644292793613	3.1045578366044e-56	7.75623488147828e-56	116.468239714491	EFNB2
ENSG00000145949	-1.77192610837439	-1.03166305418719	-18.5567087574597	3.35634100728169e-56	8.38313087478256e-56	116.39032713274	MYLK4
ENSG00000169218	-3.36670246305419	0.409889655172414	-18.5496022630818	3.60610159610081e-56	9.00465594058293e-56	116.318613520592	RSPO1
ENSG00000120160	-4.96040147783251	-6.40557857142855	-18.5414245499043	3.91658394669935e-56	9.7762017481669e-56	116.236092846738	EQTN
ENSG00000132702	-3.75465911330049	-2.4238236453202	-18.5346518897759	4.19385146258324e-56	1.04642805518133e-55	116.167752820237	HAPLN2
ENSG00000143627	-4.32649261083743	-4.08421182266009	-18.5330212241679	4.26348938198241e-56	1.06353216112714e-55	116.151298789948	PKLR
ENSG00000082497	-2.41623497536946	0.431094827586207	-18.5152241442278	5.10293818147664e-56	1.27244631800965e-55	115.971727703228	SERTAD4
ENSG00000175895	-1.21428325123153	3.00258694581281	-18.5055441813244	5.62694261404137e-56	1.40275178675337e-55	115.874063979666	PLEKHF2
ENSG00000146221	-3.4394251231527	-3.40025492610837	-18.5051515585083	5.64929590534361e-56	1.40814465028348e-55	115.870102797971	TCTE1
ENSG00000121207	-4.09077093596059	-5.36296921182265	-18.5022951137972	5.81461678056078e-56	1.44916772255731e-55	115.841284276066	LRAT
ENSG00000137766	-4.36054827586206	-6.51224064039407	-18.4991363053794	6.00307381868297e-56	1.49575504991333e-55	115.809415678228	UNC13C
ENSG00000184221	-5.34348817733989	-4.4759593596059	-18.4872107872226	6.77126617473068e-56	1.68651648721115e-55	115.689105799108	OLIG1
ENSG00000159708	-4.41582857142857	-3.27702413793103	-18.4689339435814	8.14352949825872e-56	2.02623953978828e-55	115.504734341091	LRRC36
ENSG00000143546	-3.71003891625616	3.28871699507389	-18.4325778397959	1.17547088026398e-55	2.92141065014864e-55	115.138033468688	S100A8
ENSG00000131669	-1.24364827586207	5.5727551724138	-18.4141021557109	1.41646565685714e-55	3.51722641249075e-55	114.951706329297	NINJ1
ENSG00000215915	-2.51299310344828	-1.54985320197044	-18.4101653452211	1.47388440990519e-55	3.65840837525304e-55	114.912005857358	ATAD3C
ENSG00000196109	-3.97909113300493	-5.79114261083743	-18.4058656719723	1.53925677794255e-55	3.81921736345267e-55	114.868647024341	ZNF676
ENSG00000143125	-5.33417290640393	-3.53477709359605	-18.3834477565448	1.93007368127807e-55	4.78405630131101e-55	114.642595269563	PROK1
ENSG00000188833	-4.05822807881772	-5.68501354679802	-18.3823639963434	1.95129974091801e-55	4.8360557434394e-55	114.631667795741	ENTPD8
ENSG00000164076	-4.3623645320197	-5.08411182266009	-18.3822167949719	1.95420070437114e-55	4.84263126614517e-55	114.630183579909	CAMKV
ENSG00000162722	-4.17922019704433	-5.67119384236452	-18.3692403951182	2.22762699296764e-55	5.51600186221155e-55	114.499348337256	TRIM58
ENSG00000145020	-1.28703694581281	3.94292290640394	-18.3628089535145	2.3769991641666e-55	5.88214735546964e-55	114.434506239095	AMT
ENSG00000181449	-3.91685073891625	-3.51519729064039	-18.3405261942318	2.97631553129486e-55	7.35683760594031e-55	114.20986723218	SOX2
ENSG00000244482	-3.3184487684729	-2.86886527093596	-18.325794011965	3.45329765848036e-55	8.53368017729174e-55	114.061362265377	LILRA6
ENSG00000100626	-2.42215566502463	0.582032019704433	-18.3249507251522	3.48280431566649e-55	8.60550789439305e-55	114.052862023878	GALNT16
ENSG00000007264	-4.14204581280788	-2.00425837438424	-18.3170705873112	3.77100402448866e-55	9.31289784488278e-55	113.973432917914	MATK
ENSG00000138755	-4.53893990147783	-5.18877586206895	-18.2991949136991	4.5162361885997e-55	1.11462853747935e-54	113.793264648104	CXCL9
ENSG00000170743	-3.84600394088669	-4.83267931034482	-18.2859811922933	5.16019416753048e-55	1.27307807627674e-54	113.660095206712	SYT9
ENSG00000171903	-5.22868669950739	-4.8685330049261	-18.2823464709046	5.35289952390596e-55	1.32012067763971e-54	113.623465734427	CYP4F11
ENSG00000204634	-1.2588	4.34212955665025	-18.2784722976241	5.56622561523755e-55	1.37238431709528e-54	113.584423948777	TBC1D8
ENSG00000146469	-4.63389211822659	-4.96202635467979	-18.2734978407961	5.85264345769356e-55	1.44263822464994e-54	113.534295325381	VIP
ENSG00000125245	-4.28218275862068	-4.73202290640393	-18.2734302484644	5.85663503260112e-55	1.44344005305954e-54	113.533614192986	GPR18
ENSG00000138434	-1.01745566502463	5.7619736453202	-18.2715790035234	5.96702196439621e-55	1.4704608225502e-54	113.514959173611	ITPRID2
ENSG00000139631	-1.08698965517241	4.96629482758621	-18.2710241153095	6.0005124087602e-55	1.47852746806193e-54	113.509367594816	CSAD
ENSG00000064787	-2.49447536945813	-1.41782339901478	-18.244511333726	7.84007160008418e-55	1.92911960726322e-54	113.242219695046	BCAS1
ENSG00000205307	-3.82383251231527	-0.572797044334976	-18.2406519194482	8.15124120013051e-55	2.00492832640592e-54	113.203334775751	SAP25
ENSG00000117600	-2.53077438423645	-1.64589852216749	-18.2183963376792	1.0202190633544e-54	2.5071832163068e-54	112.979118620921	PLPPR4
ENSG00000215126	-1.09900837438424	3.15869778325123	-18.2146676334862	1.05930833461064e-54	2.60193608282568e-54	112.941556163184	ZNG1F
ENSG00000171596	-3.75636699507389	-4.77186970443349	-18.2087770450944	1.1241341042789e-54	2.76012421985405e-54	112.882216801237	NMUR1
ENSG00000261408	-1.08054532019704	1.50707216748769	-18.2025360845862	1.19714648064288e-54	2.93828642611443e-54	112.819350109396	TEN1-CDK3
ENSG00000251655	-5.87842167487684	-5.77012758620688	-18.1980088523309	1.25305884785788e-54	3.07513198604028e-54	112.773747617821	PRB1
ENSG00000260314	-3.23670541871921	-1.65867339901478	-18.1894720786611	1.36568829079376e-54	3.35069436016216e-54	112.687760523142	MRC1
ENSG00000171385	-2.63670049261084	0.39279802955665	-18.1779268116823	1.53427169218522e-54	3.76147753213945e-54	112.571476960034	KCND3
ENSG00000188305	-3.16333004926108	-3.95152610837438	-18.1704716183267	1.65402839682183e-54	4.0545688573372e-54	112.496392625797	PEAK3
ENSG00000179869	-3.32177783251231	-3.37099433497537	-18.1682037299303	1.69227942401983e-54	4.14729426939999e-54	112.4735524308	ABCA13
ENSG00000108387	-1.34645221674877	2.59526600985222	-18.1674825147718	1.70462801794383e-54	4.17703331995716e-54	112.466289043748	SEPTIN4
ENSG00000140505	-5.33544679802955	-6.6229766009852	-18.1553280677577	1.92681955415853e-54	4.71676158428737e-54	112.34388572683	CYP1A2
ENSG00000162373	-2.35972906403941	0.0226300492610838	-18.151651049203	1.99957683857582e-54	4.89425483209529e-54	112.306857439507	BEND5
ENSG00000167332	-4.07290492610837	-6.51827068965516	-18.1460425021744	2.11587620224329e-54	5.17696916792767e-54	112.250379832572	OR51E2
ENSG00000100249	-4.97045517241379	-5.56999655172413	-18.1382115324179	2.2896551042365e-54	5.59865365953324e-54	112.171525744585	C22orf31
ENSG00000129353	-1.09488325123153	5.96341108374384	-18.1293416628803	2.50377793444431e-54	6.1191631309293e-54	112.082214864847	SLC44A2
ENSG00000081985	-3.52913201970443	-2.65212315270936	-18.1292040036373	2.50725417353287e-54	6.12689271716635e-54	112.080828808574	IL12RB2
ENSG00000099812	-3.24094236453201	-2.98058990147783	-18.1234650948244	2.65655010116456e-54	6.48928775961973e-54	112.023046194018	MISP
ENSG00000186479	-4.13035615763547	-5.83373374384236	-18.1210454812873	2.72212836811105e-54	6.6486479902045e-54	111.99868473619	RGS7BP
ENSG00000242550	-4.70374827586206	-3.84220467980295	-18.0914971973521	3.66630778276132e-54	8.94469247075178e-54	111.701211623042	SERPINB10
ENSG00000128645	-3.59750985221674	-3.5412578817734	-18.037812320218	6.29691874260215e-54	1.53262406361852e-53	111.160884436022	HOXD1
ENSG00000197971	-1.52858472906404	3.74411108374384	-18.0209719323829	7.46101883996019e-54	1.81437568654184e-53	110.991426657366	MBP
ENSG00000198888	-1.19949310344828	12.8590578817734	-18.0104816187114	8.29249748727767e-54	2.01532130203184e-53	110.885876139572	MT-ND1
ENSG00000196993	-2.86172610837439	-0.119197536945813	-18.0046831582001	8.79119659130102e-54	2.135988608569e-53	110.827536720518	NPIPB9
ENSG00000105278	-4.6682251231527	-4.93364310344826	-18.0015961630048	9.06880866666553e-54	2.20289196972005e-53	110.796478752742	ZFR2
ENSG00000204065	-4.62515714285713	-5.11702438423644	-17.9989345526312	9.31518934590748e-54	2.26217758416458e-53	110.769701033827	TCEAL5
ENSG00000150656	-4.11852068965517	-4.7095278325123	-17.9961806796151	9.57715415375532e-54	2.32550629314968e-53	110.741995566744	CNDP1
ENSG00000206140	-1.76433251231527	-0.186824876847291	-17.9671991266867	1.28227928579658e-53	3.10858476653476e-53	110.450455123529	TMEM191C
ENSG00000188293	-5.53683990147783	-2.60586477832512	-17.961354765143	1.36000108025559e-53	3.29618518049793e-53	110.391670306138	IGFL1
ENSG00000148948	-3.79254137931034	-5.08450123152709	-17.9495832194783	1.53112926610565e-53	3.70956212722992e-53	110.273274430699	LRRC4C
ENSG00000140678	-2.6376039408867	-1.10350541871921	-17.9399442342387	1.68716184232027e-53	4.08505968561798e-53	110.176334245484	ITGAX
ENSG00000184160	-2.94042955665025	0.268366995073892	-17.932007048474	1.82750626477201e-53	4.42377399060754e-53	110.096513851597	ADRA2C
ENSG00000135519	-2.63860295566502	-3.22666157635468	-17.9225160395385	2.01072270756093e-53	4.86607345525147e-53	110.00107293737	KCNH3
ENSG00000165702	-4.10612068965516	-7.11872290640392	-17.9049264824444	2.40018404794428e-53	5.80212724702215e-53	109.82420958419	GFI1B
ENSG00000022567	-1.08570049261084	1.96959458128079	-17.8956358234936	2.63545111319624e-53	6.36691626333057e-53	109.730800254258	SLC45A4
ENSG00000184601	-4.58586206896551	-5.88754778325121	-17.8752638967982	3.23514848496776e-53	7.80798711785104e-53	109.525999183495	C14orf180
ENSG00000168995	-4.74982463054186	-6.50357142857141	-17.8747005709713	3.25354015016028e-53	7.85140548461746e-53	109.520336414632	SIGLEC7
ENSG00000271723	-4.24345418719211	-4.00868719211822	-17.8706072810993	3.39035489223021e-53	8.17954509925467e-53	109.479189738229	MROH7-TTC4
ENSG00000203618	-7.50023004926108	-1.33385147783251	-17.8702399715066	3.40290949598127e-53	8.20882080859968e-53	109.475497515396	GP1BB
ENSG00000113073	-4.01800985221674	-7.09173201970441	-17.8692577068448	3.43671192052272e-53	8.28933897196433e-53	109.465623764952	SLC4A9
ENSG00000213638	-1.61524778325123	2.84179433497537	-17.8651339546588	3.58232190111035e-53	8.63628603398697e-53	109.424172423941	ADAT3
ENSG00000186652	-5.05846403940886	-2.26232413793103	-17.8615600384408	3.71349479712774e-53	8.95141425008884e-53	109.388248901074	PRG2
ENSG00000140563	-1.44451083743842	1.26023078817734	-17.8506211828781	4.14556708293336e-53	9.98676922271743e-53	109.278301557863	MCTP2
ENSG00000213214	-2.74286502463054	2.15251822660098	-17.8501926019866	4.16348218009909e-53	1.00286908373594e-52	109.273994024846	ARHGEF35
ENSG00000125869	-4.24596453201969	-4.42337733990147	-17.8476789574526	4.27012349572215e-53	1.02830256750958e-52	109.248730423922	LAMP5
ENSG00000074410	-1.19410591133005	5.89512339901478	-17.8469901326853	4.29982044906717e-53	1.03532640729017e-52	109.241807408013	CA12
ENSG00000143320	-1.96645911330049	6.03247044334976	-17.8420790371657	4.51761714693766e-53	1.08750029915565e-52	109.192449524816	CRABP2
ENSG00000069535	-2.48689064039409	1.19081724137931	-17.7958957346514	7.18908555235452e-53	1.72760833576134e-52	108.728377337421	MAOB
ENSG00000271810	-5.32845467980295	-2.77294901477832	-17.7886253589543	7.73446955366375e-53	1.85821249099701e-52	108.655334868576	
ENSG00000043355	-4.30886009852216	-5.26506699507388	-17.7837387550389	8.12408124285832e-53	1.95109740258003e-52	108.606243300095	ZIC2
ENSG00000185650	-1.04954532019705	7.95447906403941	-17.7755631780076	8.82027196531597e-53	2.11777558356315e-52	108.524114042981	ZFP36L1
ENSG00000064692	-1.86768275862069	-0.392383251231527	-17.7743347326799	8.92991185105936e-53	2.14383706871501e-52	108.51177388639	SNCAIP
ENSG00000149403	-3.9691118226601	-5.56300517241378	-17.7675235714658	9.56299390849946e-53	2.29525948120728e-52	108.443355402372	GRIK4
ENSG00000129514	-4.29709113300492	-3.24357315270936	-17.7580120087496	1.0522812815894e-52	2.52408012824598e-52	108.347816860472	FOXA1
ENSG00000143845	-1.873	2.73416896551724	-17.7531892333696	1.10456774078618e-52	2.64884805380336e-52	108.299377182268	ETNK2
ENSG00000179921	-2.72274187192118	-2.23345911330049	-17.7518810809257	1.11919248857226e-52	2.68359013640235e-52	108.286238466575	GPBAR1
ENSG00000147588	-3.93483645320197	-4.50673004926107	-17.7290175218553	1.40843506650719e-52	3.3750629147374e-52	108.0566235246	PMP2
ENSG00000123843	-4.77561428571428	-4.96528645320196	-17.7237878556948	1.48446354969414e-52	3.55594345282213e-52	108.004108253711	C4BPB
ENSG00000239704	-1.5909921182266	2.08704876847291	-17.7156599100524	1.610847623377e-52	3.85821598921845e-52	107.922493049263	CDRT4
ENSG00000105649	-1.36745566502463	1.05917906403941	-17.710713601394	1.69296516140023e-52	4.05390579390801e-52	107.872828039385	RAB3A
ENSG00000096006	-4.87760197044335	-3.065321182266	-17.6959921496386	1.962959680122e-52	4.69754568564098e-52	107.725023331616	CRISP3
ENSG00000242252	-1.75124039408867	0.00746699507389155	-17.694092835136	2.00079199663107e-52	4.78690954923657e-52	107.705955221901	BGLAP
ENSG00000005844	-3.34347339901477	-2.31483620689655	-17.6689159772889	2.57684915299907e-52	6.15909811006701e-52	107.45321857289	ITGAL
ENSG00000006071	-4.71790837438423	-4.0215935960591	-17.6641188805277	2.70410886986728e-52	6.46089931959243e-52	107.405068588874	ABCC8
ENSG00000214711	-1.89564729064039	-2.36717536945813	-17.6582354112174	2.86879445568713e-52	6.85186766720092e-52	107.346016727342	CAPN14
ENSG00000130821	-1.05255517241379	4.84144556650246	-17.6480913619068	3.1766190964083e-52	7.58244660828276e-52	107.244208001543	SLC6A8
ENSG00000162931	-1.79175467980296	-0.712032512315271	-17.6449742492697	3.27768087371022e-52	7.81985589476806e-52	107.212925304018	TRIM17
ENSG00000186474	-5.07158817733989	-4.77053694581279	-17.6408288316553	3.41707665477494e-52	8.14645748293422e-52	107.171323905182	KLK12
ENSG00000117407	-1.66858177339902	-1.42431108374384	-17.6400892912965	3.44256035673596e-52	8.2062105990893e-52	107.16390237587	ARTN
ENSG00000177627	-5.47230098522167	-4.65681305418718	-17.6389878904595	3.48086581025959e-52	8.29549752001132e-52	107.152849536276	C12orf54
ENSG00000053702	-1.01873645320197	0.073946551724138	-17.6383680204527	3.50261117817304e-52	8.34630260259207e-52	107.146629022964	NRIP2
ENSG00000108556	-1.72397536945813	0.535675369458128	-17.6377093520503	3.52586639041377e-52	8.3996685360802e-52	107.140019192772	CHRNE
ENSG00000176842	-1.38544778325123	3.23376674876848	-17.6224013842963	4.11200956784262e-52	9.78291830713177e-52	106.986411005733	IRX5
ENSG00000251537	-3.37259802955664	-3.70250344827586	-17.6223521356203	4.11404440590631e-52	9.78656795863922e-52	106.985916847894	
ENSG00000056487	-3.849860591133	-5.93928546798028	-17.6153818486218	4.41242814715844e-52	1.04912605976117e-51	106.915979363931	PHF21B
ENSG00000145879	-6.06356354679802	-2.07840344827586	-17.6138242224777	4.48200929967534e-52	1.0655404590542e-51	106.900351190046	SPINK7
ENSG00000198879	-1.81974137931035	-1.15576280788177	-17.6101610391676	4.65000043875518e-52	1.10534373645729e-51	106.863598014859	SFMBT2
ENSG00000196352	-1.0019842364532	5.83767241379311	-17.6014295377549	5.07623206653239e-52	1.2063690507622e-51	106.775997992119	CD55
ENSG00000212900	-6.63825763546797	-4.82362881773397	-17.5790815720883	6.35354676465812e-52	1.50882258931764e-51	106.551816094583	KRTAP3-2
ENSG00000136634	-4.6342802955665	-6.73499926108372	-17.5659050328762	7.25237821586982e-52	1.72164692777609e-51	106.419655129057	IL10
ENSG00000149735	-4.94251674876846	-6.29298743842363	-17.5650713100566	7.31334735211509e-52	1.73590955854528e-51	106.411293335149	GPHA2
ENSG00000159450	-4.16981428571428	-2.39562389162562	-17.5621294847094	7.53260047114476e-52	1.7877347389739e-51	106.381788842421	TCHH
ENSG00000100191	-4.05576650246305	-6.0489487684729	-17.5391958918789	9.48296258661656e-52	2.24952725015369e-51	106.151804321219	SLC5A4
ENSG00000152475	-1.5790921182266	0.616475615763547	-17.5377407395429	9.62251190487061e-52	2.28235377648964e-51	106.137213067526	ZNF837
ENSG00000186088	-1.2370197044335	2.52883842364532	-17.5243003749237	1.10124684421256e-51	2.60981880058233e-51	106.002450530796	GSAP
ENSG00000184845	-3.51068325123153	-6.91022142857142	-17.5168934143485	1.18624486644968e-51	2.8102312013771e-51	105.928189389693	DRD1
ENSG00000015592	-4.25120443349753	-4.00463817733989	-17.5116361111467	1.25052316407993e-51	2.96178931916736e-51	105.875483114602	STMN4
ENSG00000101489	-3.16637339901477	-2.98649113300492	-17.5055300107173	1.32956017070998e-51	3.14860213960426e-51	105.814270181462	CELF4
ENSG00000134061	-3.38273694581281	-6.99710049261083	-17.492580314734	1.51408765972734e-51	3.58385429340984e-51	105.684461102144	CD180
ENSG00000177354	-3.43110837438425	-6.15872610837438	-17.4922691439616	1.51882322603184e-51	3.59462801055036e-51	105.681342063615	C10orf71
ENSG00000105784	-2.2015078817734	-1.90205591133005	-17.4896945338809	1.55857716957922e-51	3.68782117059174e-51	105.655535613426	RUNDC3B
ENSG00000235109	-1.59121674876847	0.471039408866994	-17.4747762138981	1.81026959767619e-51	4.28025268938755e-51	105.506013477065	ZSCAN31
ENSG00000140090	-3.30186650246305	-5.3095514778325	-17.4739903511365	1.82460089352031e-51	4.31361609740791e-51	105.498137504882	SLC24A4
ENSG00000198324	-1.00336354679803	3.60165221674877	-17.4700434597673	1.89831066328381e-51	4.48733361338965e-51	105.458582254291	PHETA1
ENSG00000100122	-4.2975133004926	-7.14782068965515	-17.4685540088742	1.92689362980049e-51	4.55434873168373e-51	105.443655499895	CRYBB1
ENSG00000159648	-3.93539211822659	-3.78085320197044	-17.4484089973289	2.358491903728e-51	5.57109256408226e-51	105.241787400175	SPMIP8
ENSG00000277075	-4.10098472906404	0.556761822660098	-17.4322506836365	2.77351047030432e-51	6.54746818201099e-51	105.079893547355	H2AC8
ENSG00000124334	-4.17829113300492	-4.7863302955665	-17.4309349264226	2.81035798053966e-51	6.63365329818891e-51	105.066711641336	IL9R
ENSG00000264324	-3.88860147783251	-4.98899729064038	-17.4205480648696	3.11894554478411e-51	7.36027458473265e-51	104.962656064364	
ENSG00000137558	-3.66514384236453	-4.73218522167487	-17.4001828938482	3.82568597207388e-51	9.01936967864252e-51	104.758664365213	PI15
ENSG00000078401	-1.81360492610837	1.78285714285714	-17.3999364562265	3.83515216323091e-51	9.04059632977787e-51	104.756196091352	EDN1
ENSG00000148204	-3.28255418719212	-6.93822733990147	-17.3969526622714	3.95164024055594e-51	9.31406990482983e-51	104.72631137255	CRB2
ENSG00000166091	-4.3363172413793	-3.21055418719211	-17.3923658998136	4.13764007264401e-51	9.75129791360458e-51	104.680373324698	CMTM5
ENSG00000151365	-5.85141477832512	-2.46344827586207	-17.3841676801286	4.49214750025527e-51	1.0584223107064e-50	104.598269754141	THRSP
ENSG00000182168	-2.76383300492611	-4.57250221674876	-17.3825568308703	4.56529231231619e-51	1.07552673137171e-50	104.582138092648	UNC5C
ENSG00000166016	-1.32311280788177	1.80217068965517	-17.35588634977	5.96477282482069e-51	1.40302829252102e-50	104.315082285375	ABTB2
ENSG00000166762	-1.72205566502463	1.09774655172414	-17.355327856519	5.99826094027181e-51	1.41073553128886e-50	104.309490662895	CATSPER2
ENSG00000104972	-4.30748866995073	-4.94474137931033	-17.3375703264704	7.16685008903903e-51	1.68436060661456e-50	104.131716858963	LILRB1
ENSG00000198300	-2.14159014778325	-1.19175615763547	-17.3372301384011	7.19132856137132e-51	1.6899103264348e-50	104.12831144509	PEG3
ENSG00000166592	-2.06197339901478	1.99396798029557	-17.3305646651516	7.68816228184394e-51	1.80601114691422e-50	104.0615895374	RRAD
ENSG00000010282	-4.47911773399014	-2.18411798029557	-17.330224278671	7.71443509017541e-51	1.81196503043519e-50	104.058182347059	HHATL
ENSG00000136999	-1.83516896551724	1.97551896551724	-17.3293446418662	7.78274625817274e-51	1.82779025810854e-50	104.049377432327	CCN3
ENSG00000124302	-3.8036763546798	-4.19190615763546	-17.3179978564446	8.72004621439894e-51	2.04594961125926e-50	103.935805451541	CHST8
ENSG00000179761	-2.69081477832512	-1.61294679802956	-17.3131945472774	9.1500474943785e-51	2.14580856996453e-50	103.887731711643	PIPOX
ENSG00000176797	-5.47573349753693	-4.93481650246304	-17.3082186843328	9.61784964579549e-51	2.25443226314184e-50	103.837933131922	DEFB103A
ENSG00000182600	-2.70414088669951	2.18301428571428	-17.3019814189983	1.0238135268494e-50	2.39896450140181e-50	103.775513509638	SNORC
ENSG00000133048	-3.55141871921182	4.5285748768473	-17.2895837382415	1.15922541035243e-50	2.71495481413076e-50	103.65145364616	CHI3L1
ENSG00000115255	-1.39510344827586	2.15264088669951	-17.2833878175778	1.23346420300743e-50	2.88813293256304e-50	103.589458086567	REEP6
ENSG00000139155	-4.3689724137931	-5.28805123152708	-17.2770649810793	1.31412276607824e-50	3.07625624038104e-50	103.52619617834	SLCO1C1
ENSG00000172893	-1.32895763546798	5.2044118226601	-17.2695251120813	1.41722376650506e-50	3.31562155453632e-50	103.450762195147	DHCR7
ENSG00000157873	-1.34740935960591	5.24919581280789	-17.2668106352649	1.45628822219837e-50	3.40660575032326e-50	103.423605977077	TNFRSF14
ENSG00000106113	-4.04388078817733	-4.62870049261083	-17.2614128927654	1.53719354424676e-50	3.59457176518728e-50	103.369607764348	CRHR2
ENSG00000196581	-3.95313793103447	-4.08269261083743	-17.2604451730712	1.5521661271629e-50	3.62914937269889e-50	103.359927119483	AJAP1
ENSG00000158517	-4.07483990147783	-2.63131600985222	-17.2396768800295	1.91105501865152e-50	4.46560291456272e-50	103.152190711179	NCF1
ENSG00000019505	-3.72226453201971	-6.1393633004926	-17.2196323135153	2.33584810272193e-50	5.4556165439694e-50	102.951730827754	SYT13
ENSG00000213316	-1.63912512315271	1.10525369458128	-17.2120863470165	2.5191677987886e-50	5.88166990727918e-50	102.876275389953	LTC4S
ENSG00000121335	-5.32313399014778	-3.63280886699507	-17.2010084531055	2.81464523178968e-50	6.56918632743748e-50	102.765512199423	PRB2
ENSG00000182836	-3.00734975369457	-3.58696551724138	-17.1732205384869	3.71727097217918e-50	8.6624027353119e-50	102.487722824751	PLCXD3
ENSG00000183807	-3.95787980295566	-1.47562610837439	-17.1685940415301	3.89344236162797e-50	9.07077379958675e-50	102.441479822327	FAM162B
ENSG00000241598	-5.06729408866994	-6.9033081280788	-17.1675634385639	3.93380885487261e-50	9.16372543115039e-50	102.431178960258	KRTAP5-4
ENSG00000228594	-1.52711724137931	2.49809802955665	-17.1521686242654	4.58903796402114e-50	1.06811552992974e-49	102.277319933748	FNDC10
ENSG00000103375	-4.30087980295565	-4.29289999999999	-17.1436315378836	4.99828703499296e-50	1.16253898164523e-49	102.192008155649	AQP8
ENSG00000164197	-1.29214039408867	0.282047536945813	-17.1291278626499	5.7788715927925e-50	1.34329378691984e-49	102.047087676371	RNF180
ENSG00000006128	-4.35048669950738	-2.38475911330049	-17.1139535251836	6.72620471230303e-50	1.56219981563853e-49	101.895487476498	TAC1
ENSG00000110900	-1.88020492610838	-0.5825960591133	-17.1138721612283	6.73168139763165e-50	1.56310025989208e-49	101.894674664203	TSPAN11
ENSG00000230657	-5.09525467980295	-6.90177266009849	-17.1081749179849	7.12645617802229e-50	1.65437403933133e-49	101.837761741848	PRB4
ENSG00000261594	-3.51553743842364	-5.02210960591132	-17.1071466852646	7.20013014590202e-50	1.6712785759736e-49	101.827490488008	TPBGL
ENSG00000170075	-2.65537389162562	-5.57077315270935	-17.081649210146	9.29158491559076e-50	2.15495077641199e-49	101.572823037604	GPR37L1
ENSG00000035720	-4.17223349753694	-6.38991330049259	-17.0783489854384	9.60334536956306e-50	2.22672728063599e-49	101.539865179914	STAP1
ENSG00000064655	-2.27793990147783	0.672924137931034	-17.0644879670531	1.10310170050283e-49	2.55533587378215e-49	101.401453046191	EYA2
ENSG00000172927	-2.40516551724138	2.04477093596059	-17.0600797696794	1.15280802112098e-49	2.66858260468445e-49	101.357438000996	MYEOV
ENSG00000139292	-3.27858620689655	-1.69340492610837	-17.0564917367078	1.194913555656e-49	2.76539563058142e-49	101.321613556164	LGR5
ENSG00000155307	-3.40951724137931	-2.23231625615763	-17.0494818144557	1.28165916634349e-49	2.9643961922931e-49	101.25162717037	SAMSN1
ENSG00000163508	-3.6360172413793	-7.02023522167486	-17.0468615784092	1.31567526641852e-49	3.04271314276339e-49	101.225468230563	EOMES
ENSG00000242515	-5.14341428571428	-6.67279039408864	-17.0464147945766	1.3215648029741e-49	3.05597200091348e-49	101.221007863631	UGT1A10
ENSG00000205869	-5.11460147783251	-6.75329334975367	-17.0460432948451	1.32648198967585e-49	3.06697953647011e-49	101.217299093768	KRTAP5-1
ENSG00000013441	-1.02200591133005	6.53959064039409	-17.0456059847983	1.33229367143416e-49	3.08005239881301e-49	101.212933341395	CLK1
ENSG00000180251	-4.02696256157635	-4.81586354679802	-17.0417231338487	1.38502382265592e-49	3.20157742398178e-49	101.174170903918	SLC9A4
ENSG00000105697	-5.2817738916256	-4.11920369458127	-17.0323540879623	1.52100309642268e-49	3.51424006979096e-49	101.080646016727	HAMP
ENSG00000041353	-2.06604778325123	1.60503325123153	-17.0290025064168	1.57282021477783e-49	3.63310314860383e-49	101.047191545574	RAB27B
ENSG00000113905	-4.2326724137931	-5.93155098522166	-17.0040927564712	2.0174180661193e-49	4.65844072410533e-49	100.798585055209	HRG
ENSG00000188038	-2.82004926108374	-0.597266009852217	-17.0013586587701	2.07329567104424e-49	4.78690264692186e-49	100.771301753055	NRN1L
ENSG00000112599	-1.83843891625616	-0.327858374384236	-16.9918720430167	2.27944156249247e-49	5.26037399790126e-49	100.676641540606	GUCA1B
ENSG00000267303	-6.51580591133004	-0.484689162561576	-16.9873363391144	2.38511780207596e-49	5.50294829848505e-49	100.631386171419	
ENSG00000008128	-1.00178177339902	5.20182142857142	-16.9693506735305	2.85459719123327e-49	6.58380010752751e-49	100.451953162199	CDK11A
ENSG00000131400	-1.5140960591133	0.0633243842364532	-16.9640393386646	3.01013981476917e-49	6.94090292155978e-49	100.398971201698	NAPSA
ENSG00000175311	-2.95143251231527	-7.61552364532019	-16.9546413533633	3.30639254860355e-49	7.62041787767549e-49	100.305230876079	ANKS4B
ENSG00000077264	-2.19684778325123	-1.6047618226601	-16.9541782566109	3.32172132313374e-49	7.65484411517448e-49	100.300611944772	PAK3
ENSG00000171791	-1.50897684729064	1.06239827586207	-16.9453081369872	3.62942188493381e-49	8.36196209330071e-49	100.212145527322	BCL2
ENSG00000158528	-2.76695615763546	-3.59264802955665	-16.9324222354546	4.12785271283869e-49	9.50695317787787e-49	100.083641974119	PPP1R9A
ENSG00000145626	-3.69429507389162	-7.31188103448274	-16.9295846471836	4.24648876619389e-49	9.77903411135528e-49	100.055346664771	UGT3A1
ENSG00000138079	-2.20410541871921	-2.81186206896552	-16.9226392921893	4.55143635907238e-49	1.04788135401735e-48	99.9860938370378	SLC3A1
ENSG00000274252	-5.41296256157635	-6.22227684729062	-16.9213532155556	4.61025884528847e-49	1.06117406778124e-48	99.9732707860183	GGTLC3
ENSG00000105963	-1.23987832512315	1.26621896551724	-16.9139138327274	4.9657336226566e-49	1.14259232843465e-48	99.8990984874212	ADAP1
ENSG00000205209	-3.64203596059113	-1.89122142857143	-16.902843555622	5.5460156291471e-49	1.27566192825792e-48	99.7887360098438	SCGB2B2
ENSG00000116741	-1.50066009852217	3.94939802955665	-16.9016904003758	5.61022843436798e-49	1.29027991131481e-48	99.777240638596	RGS2
ENSG00000103723	-1.77601133004926	0.190386945812808	-16.8999977280207	5.70583159170652e-49	1.31211297911425e-48	99.760367275315	AP3B2
ENSG00000143036	-1.36677290640394	1.36662438423645	-16.8979344158688	5.82457248414966e-49	1.33910347629709e-48	99.7397996026831	SLC44A3
ENSG00000165698	-1.05054729064039	2.68688743842364	-16.8950533098961	5.99451760614519e-49	1.37768861647994e-48	99.7110806766015	SPACA9
ENSG00000120328	-2.49616403940886	-2.68028743842365	-16.8948737503068	6.00527162397562e-49	1.37999786072121e-48	99.709290851492	PCDHB12
ENSG00000123405	-3.27804532019705	-0.435370935960591	-16.8846711149386	6.64905870869004e-49	1.52704084246352e-48	99.6075979411659	NFE2
ENSG00000141582	-1.0435842364532	4.14142955665025	-16.876260370482	7.23130286072428e-49	1.6599802713999e-48	99.5237735923474	CBX4
ENSG00000204540	-1.64100492610838	2.67324778325123	-16.8750931021371	7.31603594933086e-49	1.67903669432559e-48	99.5121407858907	PSORS1C1
ENSG00000113248	-1.80907093596059	-1.26951280788177	-16.8638458188431	8.18505752586269e-49	1.8775958935369e-48	99.4000595540506	PCDHB15
ENSG00000146151	-4.20339310344827	-5.89991527093595	-16.8444100879549	9.93672505605242e-49	2.27834660384109e-48	99.2064105212503	HMGCLL1
ENSG00000188783	-2.56136600985221	3.34416231527094	-16.8429643006752	1.0081094404795e-48	2.31117722734049e-48	99.1920069405686	PRELP
ENSG00000070985	-3.25752857142857	-7.70463669950737	-16.8333913566132	1.10913304838681e-48	2.54188788924299e-48	99.0966426105257	TRPM5
ENSG00000107014	-5.00259014778324	-5.71970098522166	-16.8274786844445	1.17651908852976e-48	2.69537350856372e-48	99.0377462926075	RLN2
ENSG00000101670	-2.6151157635468	-1.1705342364532	-16.8089656227186	1.41511752032303e-48	3.2374416509193e-48	98.8533613659248	LIPG
ENSG00000069696	-2.72278177339902	-1.26121600985222	-16.8087643160751	1.41796146449188e-48	3.24356817734991e-48	98.8513566108204	DRD4
ENSG00000169862	-4.00275320197044	-3.58148940886699	-16.8045896236975	1.47824316352354e-48	3.38067032201018e-48	98.8097830337052	CTNND2
ENSG00000161055	-5.73910837438423	-2.66086256157635	-16.758928520757	2.33056742902771e-48	5.31682800584398e-48	98.3551916268474	SCGB3A1
ENSG00000128271	-1.66005763546798	-0.508007142857143	-16.7566523666633	2.38404846050036e-48	5.43820182270316e-48	98.3325367270866	ADORA2A
ENSG00000046889	-2.65063399014778	-1.45042093596059	-16.745107623465	2.67478118706071e-48	6.09853855530748e-48	98.2176389691333	PREX2
ENSG00000131203	-4.51347586206896	-3.80855911330048	-16.7388146354693	2.84790710727501e-48	6.49023914756482e-48	98.1550149099214	IDO1
ENSG00000254415	-4.44717044334975	-6.06108620689653	-16.7134332655366	3.6674462756637e-48	8.34722048905427e-48	97.9024792746126	SIGLEC14
ENSG00000174607	-2.88914433497536	-2.85701108374384	-16.70216221183	4.1032654171516e-48	9.33263649697119e-48	97.7903593225535	UGT8
ENSG00000198947	-1.35259901477832	2.39235960591133	-16.6742887211019	5.41629848210427e-48	1.23104564942175e-47	97.5131462549543	DMD
ENSG00000171747	-2.24609852216749	-0.242241379310345	-16.6731834292528	5.47624684882359e-48	1.24452629282138e-47	97.5021554917944	LGALS4
ENSG00000137841	-1.6669315270936	0.197729310344828	-16.6719004690909	5.54666315179806e-48	1.26038245712137e-47	97.489398210184	PLCB2
ENSG00000149646	-1.30710591133005	1.44039729064039	-16.6692102419791	5.69726884332132e-48	1.29430397275268e-47	97.4626481922437	CNBD2
ENSG00000173093	-3.9971330049261	-7.56910295566499	-16.6615502602648	6.14884238250837e-48	1.39640532061567e-47	97.3864863924255	CCDC63
ENSG00000175906	-1.22033497536945	4.60169064039409	-16.6550862267146	6.55761303867657e-48	1.4887183318055e-47	97.3222208806232	ARL4D
ENSG00000142606	-4.53670295566502	-3.40403768472905	-16.653989514621	6.62961182086126e-48	1.50488876992996e-47	97.3113178262302	MMEL1
ENSG00000107159	-3.70822955665025	0.683607389162562	-16.6416365644141	7.49721137436044e-48	1.70163187779038e-47	97.1885194359814	CA9
ENSG00000107742	-1.7909	-1.26541551724138	-16.6347061710568	8.03271135501476e-48	1.82253854986298e-47	97.1196333312539	SPOCK2
ENSG00000172139	-3.53425862068965	-5.48643669950738	-16.6216125869307	9.15089928908891e-48	2.07479839781153e-47	96.9895019628177	SLC9C1
ENSG00000117245	-1.31625024630542	-0.474016748768473	-16.6022349235655	1.10972476775128e-47	2.51289008243285e-47	96.7969522281298	KIF17
ENSG00000165376	-2.90118669950738	-3.95674901477832	-16.6003465101939	1.13077486269413e-47	2.5602598038198e-47	96.7781899875668	CLDN2
ENSG00000178199	-1.60049852216749	-1.70495517241379	-16.5800710421532	1.38352348767897e-47	3.12998564438788e-47	96.5767702229407	ZC3H12D
ENSG00000105352	-4.83292463054186	-5.95452339901476	-16.5785071823009	1.40521618912086e-47	3.17869368767217e-47	96.5612365822315	CEACAM4
ENSG00000106236	-3.02809556650246	0.612566502463054	-16.5712444521201	1.51049735178014e-47	3.41447533238722e-47	96.4891004725176	NPTX2
ENSG00000212993	-2.80862660098522	-3.68714532019704	-16.5606139320478	1.67896561253395e-47	3.79354214361642e-47	96.3835254065053	POU5F1B
ENSG00000172543	-2.76653694581281	-1.79734482758621	-16.5433837623222	1.99278746634166e-47	4.50104630920583e-47	96.2124354372205	CTSW
ENSG00000167178	-3.11565812807881	-3.2516315270936	-16.5343010356324	2.18114446518052e-47	4.9230682765717e-47	96.1222610758472	ISLR2
ENSG00000174885	-3.77825467980295	-6.23877857142856	-16.5304416534859	2.26646906760412e-47	5.11388275246735e-47	96.0839476517737	NLRP6
ENSG00000188981	-1.92525960591132	-2.9191460591133	-16.5278059076754	2.32664913847191e-47	5.2490622793833e-47	96.0577827088678	MSANTD1
ENSG00000273802	-3.91989753694581	0.871616256157634	-16.5269073577857	2.34752776651645e-47	5.29555438223068e-47	96.0488630293895	H2BC8
ENSG00000117971	-4.01754778325123	-6.68411773399012	-16.5232322000381	2.43488947481481e-47	5.49199101071456e-47	96.0123816622193	CHRNB4
ENSG00000214842	-3.41775221674877	-5.58882980295566	-16.5197836690205	2.51981482807425e-47	5.68157625132423e-47	95.978151366273	RAD51AP2
ENSG00000183307	-1.62198571428571	-2.30917068965518	-16.5168514192422	2.59434923123439e-47	5.84828384782357e-47	95.9490468224559	TMEM121B
ENSG00000171860	-2.71405369458128	-1.7564854679803	-16.51577575329	2.62224007901389e-47	5.91047469712682e-47	95.938370374963	C3AR1
ENSG00000184205	-1.09107438423645	4.91881600985222	-16.5141095598287	2.66603506497599e-47	6.00849466494761e-47	95.9218329612068	TSPYL2
ENSG00000173947	-1.74386256157636	-0.444522906403941	-16.5064033752763	2.87828447328329e-47	6.48460170358566e-47	95.8453513550886	CIMAP3
ENSG00000182575	-2.5205236453202	-0.605616009852217	-16.5030795688538	2.97496441285111e-47	6.70164317647683e-47	95.8123657576221	NXPH3
ENSG00000100218	-3.87559704433497	-2.14955418719212	-16.5001660711208	3.06237361252898e-47	6.89695806569566e-47	95.7834531732986	RSPH14
ENSG00000188120	-5.83889655172413	-6.13604532019702	-16.491134054761	3.34998629826749e-47	7.54123168307145e-47	95.6938289365063	DAZ1
ENSG00000175093	-4.1981369458128	-6.41786354679801	-16.4719731681759	4.05259664436119e-47	9.11554369522402e-47	95.5037290734101	SPSB4
ENSG00000133063	-4.25581970443349	-6.20045123152708	-16.4516056506643	4.96147144763329e-47	1.11508999459057e-46	95.3017068337656	CHIT1
ENSG00000064201	-3.03142413793103	-2.20222339901478	-16.4482047189797	5.13194492656356e-47	1.15313864269179e-46	95.267978455143	TSPAN32
ENSG00000154269	-2.79909408866994	-2.95145492610837	-16.4434731653096	5.37889096279041e-47	1.20807133886737e-46	95.2210561305732	ENPP3
ENSG00000156687	-3.20132709359605	-7.16266502463053	-16.4405212569084	5.53893106153897e-47	1.24372964270475e-46	95.191783753186	UNC5D
ENSG00000173467	-5.74459556650246	-5.69427364532018	-16.4402526606058	5.55372718945127e-47	1.24690874007648e-46	95.1891202912568	AGR3
ENSG00000165917	-3.47300443349753	-3.30208497536946	-16.4208943428792	6.73094870326483e-47	1.51000114291357e-46	94.9971821903979	RAPSN
ENSG00000158445	-2.5270014778325	-3.56689187192118	-16.4128357157209	7.29167199609935e-47	1.63522898953148e-46	94.9172943777654	KCNB1
ENSG00000170525	-1.13383793103448	4.5391421182266	-16.4098090342543	7.51411900977858e-47	1.68472824333516e-46	94.8872919696899	PFKFB3
ENSG00000196666	-4.11763201970443	-1.07699975369458	-16.4029276782925	8.04541513227308e-47	1.80281507298338e-46	94.8190837855764	FAM180B
ENSG00000013573	-1.03959261083743	3.78251995073892	-16.4011459716728	8.188988315164e-47	1.83456620033171e-46	94.8014244208204	DDX11
ENSG00000196660	-3.94300295566502	-6.67462019704432	-16.3948866024978	8.71397046118987e-47	1.95128235078002e-46	94.7393878868227	SLC30A10
ENSG00000267426	-3.80144088669951	-1.46323522167488	-16.3794774548214	1.01540740786153e-46	2.27219644617314e-46	94.586688836478	
ENSG00000160883	-3.9018487684729	-3.08354458128078	-16.3727512416449	1.08550320849807e-46	2.42849498574349e-46	94.5200438273897	HK3
ENSG00000185040	-1.73190541871921	-1.52110640394089	-16.3576833792836	1.26056930305998e-46	2.81725129464754e-46	94.370768299374	SPDYE16
ENSG00000205642	-4.75595911330049	-5.99974802955664	-16.3475433281897	1.39398771657506e-46	3.11400411034635e-46	94.2703281327704	VCX3B
ENSG00000213714	-4.15997142857143	-2.59539950738916	-16.3449544951024	1.43025353736217e-46	3.1946524890995e-46	94.2446870695563	FAM209B
ENSG00000173212	-2.64322463054187	-0.729063054187192	-16.3372750340649	1.54346992773554e-46	3.44674772343822e-46	94.1686309477971	MAB21L3
ENSG00000139219	-3.73856502463054	-6.73682339901477	-16.3279825277857	1.69249940711462e-46	3.77782106383027e-46	94.0766095101097	COL2A1
ENSG00000124103	-3.52873300492611	-2.2798960591133	-16.3192400591068	1.84580235978028e-46	4.11859667901646e-46	93.9900450063808	FAM209A
ENSG00000183833	-1.74520344827586	-0.750459359605911	-16.3030650135683	2.16693343174189e-46	4.83238766667809e-46	93.8299118081099	CFAP91
ENSG00000171004	-3.23555221674876	-5.05360615763546	-16.2968915589502	2.30371525849111e-46	5.13624684328958e-46	93.7688033652981	HS6ST2
ENSG00000165841	-4.24846108374383	-7.58349605911327	-16.2708640244679	2.98182418001436e-46	6.64206179480686e-46	93.5112217557551	CYP2C19
ENSG00000182591	-6.59128965517241	-5.6324871921182	-16.2552858288181	3.47961585878179e-46	7.74648588657025e-46	93.357094095368	KRTAP11-1
ENSG00000101883	-4.99388078817733	-3.2797881773399	-16.2446771622127	3.86530590894367e-46	8.60120793356607e-46	93.2521521087648	RHOXF1
ENSG00000184261	-2.46875320197044	-4.88484704433497	-16.2411269723848	4.00368700003986e-46	8.90710967153677e-46	93.2170365652265	KCNK12
ENSG00000175556	-2.86027931034482	-2.91068793103448	-16.2391441732425	4.08311561740321e-46	9.08174884990822e-46	93.1974250737131	LONRF3
ENSG00000176083	-4.44462413793103	-6.27179876847289	-16.2380553768618	4.12739888732224e-46	9.17815533182194e-46	93.1866562138029	ZNF683
ENSG00000180440	-3.67641379310345	-7.26624827586205	-16.2370030500982	4.17065463289247e-46	9.27328852383486e-46	93.1762482084347	SERTM1
ENSG00000060140	-1.68685270935961	-1.41188990147783	-16.2353102877606	4.24118727464999e-46	9.4290422891024e-46	93.1595062997303	STYK1
ENSG00000273047	-5.93893743842364	-1.08480960591133	-16.2339151362014	4.30021393709818e-46	9.55918334191475e-46	93.1457081304662	
ENSG00000049089	-1.67979261083744	0.663467241379311	-16.2259331980431	4.65404017652435e-46	1.03421938969341e-45	93.066770993278	COL9A2
ENSG00000119630	-1.59940640394089	2.57631699507389	-16.2141457958889	5.23040940189356e-46	1.16097978795779e-45	92.9502151860821	PGF
ENSG00000162073	-1.09601379310345	3.03477192118227	-16.2121598381587	5.3343052705315e-46	1.18377235517518e-45	92.9305795095327	PAQR4
ENSG00000132854	-3.73673251231526	-3.85678645320196	-16.2005882280229	5.98199928149657e-46	1.32690385878554e-45	92.816178401341	KANK4
ENSG00000140465	-4.45413349753694	-0.795935221674877	-16.1811636220019	7.25058533151897e-46	1.6072021160225e-45	92.6241797500793	CYP1A1
ENSG00000163638	-1.6061921182266	1.06056502463054	-16.1798484646526	7.34560448824841e-46	1.62807987874958e-45	92.6111821575903	ADAMTS9
ENSG00000137267	-1.03908620689656	6.42541354679803	-16.1562670672372	9.27680395258288e-46	2.05378161143508e-45	92.3781684622344	TUBB2A
ENSG00000236279	-4.36004285714285	-6.35500172413791	-16.1404518234118	1.08484257987325e-45	2.40117722232224e-45	92.221935991302	CLEC2L
ENSG00000166523	-5.10727881773398	-4.93835714285713	-16.1384185650625	1.10688861019202e-45	2.44941877707762e-45	92.2018526969707	CLEC4E
ENSG00000183273	-4.05175763546797	-7.51723645320194	-16.1107342744032	1.45560547843654e-45	3.21744624585532e-45	91.9284598970299	CCDC60
ENSG00000107187	-3.39886847290639	-7.72628694581278	-16.109528684931	1.47306613640066e-45	3.25567274796897e-45	91.9165566190179	LHX3
ENSG00000168070	-4.56573251231527	-5.42996625615762	-16.0905618918298	1.77697930283094e-45	3.92381124699687e-45	91.7293159018654	MAJIN
ENSG00000204389	-1.4597078817734	6.3503263546798	-16.0889272261188	1.8059349039847e-45	3.98729859831308e-45	91.713180746219	HSPA1A
ENSG00000163673	-3.37017290640394	-5.15320960591132	-16.0830422446664	1.91413517806045e-45	4.22476052062993e-45	91.6550954052904	DCLK3
ENSG00000170231	-5.09369556650246	-5.12764778325121	-16.0685633599141	2.20870323341673e-45	4.87106179747543e-45	91.5122077310095	FABP6
ENSG00000198771	-1.61174581280788	-0.385140886699507	-16.0603215934961	2.39617068635805e-45	5.2839051628085e-45	91.4308852155125	RCSD1
ENSG00000132329	-1.69009261083744	2.16527832512315	-16.0587876094915	2.43277768597486e-45	5.364023642031e-45	91.4157502477309	RAMP1
ENSG00000249242	-1.92375911330049	0.149169704433497	-16.0560560099861	2.49935275827293e-45	5.51019309591264e-45	91.3887998821641	TMEM150C
ENSG00000139344	-2.60512167487685	-1.81177709359606	-16.0555303487087	2.5123714992113e-45	5.53827003244076e-45	91.3836137490163	AMDHD1
ENSG00000203710	-3.31375517241379	-5.90061699507388	-16.0498115808573	2.65845638171864e-45	5.85765639999387e-45	91.3271953141705	CR1
ENSG00000166090	-4.4516093596059	-6.92485098522165	-16.042493794542	2.85782489254435e-45	6.29481673242805e-45	91.2550084234221	IL25
ENSG00000162496	-1.30883103448276	5.39931600985222	-16.0412636756867	2.89277504951977e-45	6.3710819359535e-45	91.2428745502846	DHRS3
ENSG00000206172	-4.66269605911331	4.51979876847291	-16.0368335716258	3.02221733811847e-45	6.65541708603912e-45	91.199177823731	HBA1
ENSG00000104974	-3.67287832512315	-7.15929088669948	-16.0274478919661	3.31588076130571e-45	7.29882201367834e-45	91.1066104018709	LILRA1
ENSG00000171303	-2.69025763546797	-3.22251600985222	-16.0267038884906	3.34034360629807e-45	7.35184083278262e-45	91.0992731036873	KCNK3
ENSG00000165621	-3.68725172413793	-2.20364359605911	-16.0044772430362	4.16046796179444e-45	9.15068822840595e-45	90.8801117119329	OXGR1
ENSG00000181092	-4.24084581280788	-2.99282586206896	-15.9993173230824	4.37797976876123e-45	9.62692479364599e-45	90.8292433103056	ADIPOQ
ENSG00000182685	-1.22480443349754	1.81213965517241	-15.9740146951133	5.62052671673544e-45	1.23480981560926e-44	90.5798552372717	BRICD5
ENSG00000184381	-1.19467980295566	4.55563645320198	-15.9666399679386	6.04497152480783e-45	1.32776029603006e-44	90.5071854982475	PLA2G6
ENSG00000203734	-1.98441133004925	-3.50381206896552	-15.9665829478653	6.04837494333032e-45	1.32835854284739e-44	90.5066236590405	ECT2L
ENSG00000106952	-3.88662068965516	-4.22738078817733	-15.9469298530491	7.34311317131205e-45	1.61126339090254e-44	90.3130023912611	TNFSF8
ENSG00000160339	-4.33657192118226	-7.26680467980293	-15.9459731801324	7.41276671351019e-45	1.62618193887984e-44	90.3035787131024	FCN2
ENSG00000128040	-5.10763448275861	-4.98693251231525	-15.9397733520598	7.88043565398915e-45	1.72800127412765e-44	90.2425106805688	SPINK2
ENSG00000057657	-1.4405118226601	2.09551995073892	-15.9392714348122	7.91956148112604e-45	1.73638584611427e-44	90.2375670598741	PRDM1
ENSG00000067992	-1.12626009852217	1.5192275862069	-15.9302141568086	8.65989063445094e-45	1.89764053351021e-44	90.1483638782085	PDK3
ENSG00000138640	-1.17415812807881	4.09738201970444	-15.9160044223095	9.96305137924393e-45	2.18148963645025e-44	90.0084391438353	FAM13A
ENSG00000106536	-3.42537487684728	-7.38350073891624	-15.9021413584547	1.14228683954327e-44	2.49916809430751e-44	89.8719563288537	POU6F2
ENSG00000136541	-3.45278669950738	-3.8071145320197	-15.8769699345798	1.46408893443769e-44	3.19928725894906e-44	89.6242135560575	ERMN
ENSG00000164116	-2.18045073891626	-0.787060344827586	-15.8603755157352	1.72428396103104e-44	3.76491141524788e-44	89.4609383848645	GUCY1A1
ENSG00000187867	-2.52021083743842	-2.63281280788177	-15.8131672099285	2.74546201463498e-44	5.9852542045958e-44	88.9966709767696	PALM3
ENSG00000183837	-2.36055615763546	-2.66098990147783	-15.8109225358595	2.80683592599557e-44	6.11837006868996e-44	88.9746041199882	PNMA3
ENSG00000213366	-1.19796896551724	6.80067068965517	-15.8049499386188	2.97689315084577e-44	6.48761525078933e-44	88.9158926107283	GSTM2
ENSG00000243910	-4.21661527093595	-7.11327019704431	-15.7997586353125	3.13303939673324e-44	6.82714717785023e-44	88.8648656792559	TUBA4B
ENSG00000188011	-3.45049605911329	-7.43590862068963	-15.7884853034552	3.50085986589262e-44	7.62610673272474e-44	88.7540705429904	RTP5
ENSG00000116106	-1.11107192118227	3.1790433497537	-15.7864501528107	3.57171594695116e-44	7.77785525243141e-44	88.7340709705625	EPHA4
ENSG00000108231	-4.03264975369457	-4.68883916256156	-15.7835467555543	3.67528663370176e-44	8.0016100039884e-44	88.7055401566179	LGI1
ENSG00000185507	-1.2146802955665	3.61190566502463	-15.7760983881826	3.95490794721393e-44	8.60463272149349e-44	88.6323531028812	IRF7
ENSG00000176399	-2.67617733990147	-4.50483596059113	-15.7731106947148	4.07295054889448e-44	8.86046973466502e-44	88.6029986250629	DMRTA1
ENSG00000170290	-3.96261625615763	-1.12852389162562	-15.7725654033467	4.09487136528059e-44	8.90716565230557e-44	88.5976412120037	SLN
ENSG00000150625	-3.64166650246305	-3.06408940886699	-15.7679198448615	4.28646523215523e-44	9.32080823041923e-44	88.5520010611838	GPM6A
ENSG00000185046	-2.40988719211823	-1.53947463054187	-15.7517658236965	5.02509751823125e-44	1.09208691838607e-43	88.393321850184	ANKS1B
ENSG00000212899	-6.39525172413791	-5.84418103448273	-15.7419661358374	5.53378092058422e-44	1.20236987714095e-43	88.2970799227308	KRTAP3-3
ENSG00000169397	-4.58705369458127	-5.995252955665	-15.7389203487859	5.70212072787574e-44	1.23880870777263e-43	88.2671704841664	RNASE3
ENSG00000128602	-1.4569275862069	2.99476133004926	-15.7324643979974	6.07603520219108e-44	1.31960302201843e-43	88.2037781400647	SMO
ENSG00000135413	-4.80340049261083	-7.5289293103448	-15.7273820794224	6.38753426385357e-44	1.38694660649141e-43	88.153878269894	LACRT
ENSG00000178531	-1.26350985221675	0.955831773399015	-15.703736735395	8.05990980355315e-44	1.74813271233114e-43	87.921772707873	CTXN1
ENSG00000162676	-2.05336403940886	-3.50923472906404	-15.6981275116144	8.51694149341464e-44	1.84643965680396e-43	87.8667245345762	GFI1
ENSG00000089101	-3.71432807881773	-3.04830985221675	-15.697767493187	8.54714372846649e-44	1.85278183851017e-43	87.8631915278991	CFAP61
ENSG00000117983	-3.61411773399014	-4.28854999999999	-15.6807228459826	1.01063658087291e-43	2.19004879833871e-43	87.6959484799848	MUC5B
ENSG00000128285	-3.43100443349753	-3.48041896551724	-15.6786492901852	1.0314471784345e-43	2.2348975231142e-43	87.6756057092004	MCHR1
ENSG00000215612	-3.19840689655172	-8.2772807881773	-15.6676252348674	1.14948624184923e-43	2.4901075422035e-43	87.56746464686	HMX1
ENSG00000101470	-1.80928374384236	1.48026551724138	-15.6655237809145	1.173472840115e-43	2.5417874353278e-43	87.5468524715563	TNNC2
ENSG00000106526	-2.4012842364532	-0.365967733990148	-15.6481783632047	1.39153554069103e-43	3.01311773254118e-43	87.3767457823287	ACTR3C
ENSG00000100884	-4.32611921182266	-5.14090049261083	-15.6222409782642	1.79533066686998e-43	3.88230075157387e-43	87.1224657303142	CPNE6
ENSG00000198944	-2.89032758620689	-4.88684999999999	-15.5857382975867	2.56915667768776e-43	5.55012821085278e-43	86.764787950437	SOWAHA
ENSG00000162711	-2.878160591133	-3.37212709359606	-15.5857267216971	2.56944860453211e-43	5.55014531112705e-43	86.7646745557377	NLRP3
ENSG00000183092	-1.6456039408867	-0.635800985221675	-15.5833284648444	2.63064886175794e-43	5.68108520902571e-43	86.741182255866	BEGAIN
ENSG00000188394	-4.41654532019704	-6.34711502463052	-15.5709726233784	2.96978800545068e-43	6.40852442607301e-43	86.6201642929776	GPR21
ENSG00000184058	-2.35518866995074	1.46865738916256	-15.55640572392	3.42608886515192e-43	7.38746867514054e-43	86.4775218197376	TBX1
ENSG00000142619	-3.8710290640394	-4.12536133004925	-15.5464795880393	3.77648787601973e-43	8.13942054408046e-43	86.3803423551614	PADI3
ENSG00000198570	-3.47199901477832	-7.98528472906401	-15.5378004449679	4.112059173848e-43	8.85486064742011e-43	86.2953843152492	RD3
ENSG00000147642	-1.78329458128079	1.78422807881773	-15.525740134801	4.62833840599173e-43	9.96002523179059e-43	86.1773491010083	SYBU
ENSG00000161082	-2.94614285714285	-3.76664581280788	-15.5134689193812	5.22010069992854e-43	1.12297674898727e-42	86.0572739946564	CELF5
ENSG00000129450	-3.63369655172413	-4.14842068965516	-15.4727768154546	7.77823883914664e-43	1.67108996695914e-42	85.659273709251	SIGLEC9
ENSG00000166676	-1.0715078817734	-1.81551995073892	-15.4703645625551	7.96425603968281e-43	1.71049007063943e-42	85.6356885500672	TVP23A
ENSG00000130656	-4.6076763546798	-4.97020763546797	-15.4640170588925	8.47522791985541e-43	1.81903244382004e-42	85.5736321152979	HBZ
ENSG00000174015	-4.23803546798029	-6.51796650246303	-15.4509439782677	9.6330413699593e-43	2.06639840232431e-42	85.4458440041355	CBY2
ENSG00000158571	-2.55957783251231	-2.95242339901478	-15.4505623250855	9.66911607345815e-43	2.07390919007265e-42	85.4421138062648	PFKFB1
ENSG00000182676	-3.5806	-2.21278275862069	-15.4293963090256	1.18959649705027e-42	2.54902354663995e-42	85.235279527603	PPP1R27
ENSG00000156282	-3.93823940886699	-7.38189458128076	-15.4236829395409	1.25803166263858e-42	2.69477745821365e-42	85.1794612855565	CLDN17
ENSG00000167281	-1.88298275862069	-2.67895	-15.4217994144004	1.28144322789194e-42	2.74432477363992e-42	85.1610608946189	RBFOX3
ENSG00000164778	-2.92851034482758	-4.92376650246305	-15.4215889342528	1.28408629301105e-42	2.7496837977232e-42	85.1590047247752	EN2
ENSG00000139865	-4.78242709359606	-4.68943078817733	-15.4173970095096	1.33787394981992e-42	2.86454834308983e-42	85.118055569235	TTC6
ENSG00000162006	-3.43521379310344	-8.13447241379307	-15.4047077264567	1.51479247568327e-42	3.24086649439483e-42	84.9941172304653	MSLNL
ENSG00000277632	-4.74838916256157	-4.31698669950738	-15.3935029860614	1.69032917356871e-42	3.61484052417156e-42	84.8847011566968	CCL3
ENSG00000134198	-2.57713990147783	-1.34546798029557	-15.3800661669858	1.92780715733468e-42	4.12089340063818e-42	84.7535163885136	TSPAN2
ENSG00000133317	-4.45438275862068	-5.31498743842362	-15.3681569921078	2.16597897028295e-42	4.62849218559533e-42	84.6372716647547	LGALS12
ENSG00000186510	-4.11864285714285	-3.50601798029556	-15.3650681520935	2.2324106827922e-42	4.76888604756505e-42	84.6071256155008	CLCNKA
ENSG00000004838	-1.24428965517241	-0.713830541871921	-15.3574785085756	2.4044082864829e-42	5.134624274336e-42	84.5330601102393	ZMYND10
ENSG00000104903	-1.10336256157635	0.420844827586207	-15.3511156408177	2.55875607386155e-42	5.46304066376077e-42	84.4709739696123	LYL1
ENSG00000179023	-3.10337783251232	-7.26603472906403	-15.3308475139552	3.11946723576313e-42	6.65581708934196e-42	84.2732523389526	KLHDC7A
ENSG00000181754	-1.4456842364532	0.0839110837438423	-15.3139397742521	3.67995210952637e-42	7.84227089687723e-42	84.1083661594797	AMIGO1
ENSG00000205710	-1.06435911330049	0.931654433497536	-15.3094885337689	3.8435379230896e-42	8.18909922514358e-42	84.0649653407183	C17orf107
ENSG00000118492	-3.88773201970443	-6.16227438423643	-15.3085811982057	3.87776338436904e-42	8.26111981438349e-42	84.0561189885882	ADGB
ENSG00000082074	-2.33345763546798	-2.01816280788178	-15.2919793978265	4.56055626395971e-42	9.7125534557869e-42	83.8942796457586	FYB1
ENSG00000171223	-1.47880049261083	7.69506379310345	-15.2858750624143	4.84073864084142e-42	1.03058845755881e-41	83.8347847458567	JUNB
ENSG00000215217	-2.52362709359605	-2.49627906403941	-15.2829821989023	4.97945534076964e-42	1.0600056238488e-41	83.806592186115	CFAP90
ENSG00000147485	-3.23147093596059	-4.99697389162561	-15.2808464499801	5.08440713941784e-42	1.08211156957638e-41	83.785779060766	PXDNL
ENSG00000113916	-1.29802413793104	6.65786477832512	-15.2765170477725	5.30397956306101e-42	1.12847434536024e-41	83.7435909580796	BCL6
ENSG00000152804	-1.7421802955665	0.414357635467981	-15.2762153581728	5.31962836445926e-42	1.1316805736802e-41	83.7406512483627	HHEX
ENSG00000178568	-3.09750492610837	-3.9232263546798	-15.2593753780944	6.27029843303745e-42	1.33290734230847e-41	83.5765850545876	ERBB4
ENSG00000159212	-2.21721133004926	0.325772167487685	-15.2562606958634	6.46387831060539e-42	1.37360928605753e-41	83.5462451915983	CLIC6
ENSG00000144712	-1.34259901477833	-0.909947290640395	-15.2534150974346	6.64594437185926e-42	1.41214575312465e-41	83.5185279354108	CAND2
ENSG00000170454	-5.41352068965517	-2.43979088669951	-15.1943517906853	1.1825287615964e-41	2.50721243996061e-41	82.9435496555495	KRT75
ENSG00000153012	-2.55049852216749	-4.20740246305418	-15.1942394506641	1.18382486028518e-41	2.50968815574887e-41	82.9424566193374	LGI2
ENSG00000204851	-1.16354285714286	0.306219211822661	-15.1883002884169	1.25440443292199e-41	2.6584504314241e-41	82.8846734710394	PNMA8B
ENSG00000167103	-1.0174802955665	1.6323263546798	-15.1835804368264	1.31347704711996e-41	2.78243560485835e-41	82.8387576905966	PIP5KL1
ENSG00000176771	-2.1487078817734	-1.1535815270936	-15.1781648621161	1.38468559659402e-41	2.9323283407716e-41	82.7860786549406	NCKAP5
ENSG00000198133	-1.78796403940887	-1.26331256157636	-15.1768082856842	1.40311852397983e-41	2.97104152081632e-41	82.7728836203308	TMEM229B
ENSG00000100077	-1.09024581280788	0.41130763546798	-15.1740637024884	1.44116386158353e-41	3.05093967967341e-41	82.7461888430873	GRK3
ENSG00000152969	-3.6486645320197	-6.03511945812806	-15.1699350103403	1.50034393369949e-41	3.17587967421528e-41	82.7060342753646	JAKMIP1
ENSG00000124253	-3.18889359605911	-3.1247842364532	-15.1655160187552	1.5663750211014e-41	3.31523772606138e-41	82.6630597135212	PCK1
ENSG00000168646	-1.26768128078818	2.72402339901478	-15.1655066185014	1.56651853251718e-41	3.31523772606138e-41	82.6629683000609	AXIN2
ENSG00000184984	-1.90228275862068	-4.01256600985222	-15.1648454474383	1.57664546695306e-41	3.33630814458004e-41	82.6565387331697	CHRM5
ENSG00000116882	-5.3512896551724	-4.61283399014777	-15.157182329509	1.69889668092838e-41	3.59383404835487e-41	82.5820243615153	HAO2
ENSG00000145113	-3.15715517241379	-4.05758546798029	-15.1445544811009	1.92133276573274e-41	4.06129636646286e-41	82.4592571338074	MUC4
ENSG00000188372	-1.33060985221675	1.77213645320197	-15.1375433137623	2.05714825817798e-41	4.34744146872652e-41	82.3911073647058	ZP3
ENSG00000205436	-3.73993546798029	-2.91278990147783	-15.1215753870526	2.40330585122306e-41	5.07514620105912e-41	82.235929488596	EXOC3L4
ENSG00000151834	-3.4318527093596	-5.4951908866995	-15.1073275295102	2.76096058231214e-41	5.82664057230495e-41	82.0975064417796	GABRA2
ENSG00000171199	-4.29822561576354	-7.44211822660096	-15.0847601184233	3.43922840284008e-41	7.25255222275827e-41	81.8783316170521	OPRPN
ENSG00000162009	-3.59124581280788	-7.92006034482755	-15.0831573529141	3.49329294462293e-41	7.36417807160964e-41	81.8627690894292	SSTR5
ENSG00000183117	-3.65573793103449	-5.96663940886698	-15.0822456210092	3.5244251833392e-41	7.42820501863834e-41	81.8539165677356	CSMD1
ENSG00000125046	-3.16436650246304	-3.46713891625616	-15.077475029692	3.69189539192174e-41	7.7794931797428e-41	81.8075986776339	SSUH2
ENSG00000205838	-3.17175221674877	-2.28809729064039	-15.0667907109787	4.09634188077649e-41	8.62708406446105e-41	81.703879290725	TTC23L
ENSG00000189152	-4.40685467980295	-4.38929334975368	-15.0621031922182	4.28746515311073e-41	9.02668002823635e-41	81.6583812287225	GRAPL
ENSG00000184270	-5.15857783251231	-6.10420517241377	-15.060738122862	4.3447780452898e-41	9.14635921157527e-41	81.6451323335876	H2AC21
ENSG00000197580	-1.11440591133005	0.846295073891626	-15.0406058535737	5.28449232255156e-41	1.11162054862543e-40	81.4497753672837	BCO2
ENSG00000166546	-1.36978768472906	-0.112227832512315	-15.0339735039708	5.63651125141214e-41	1.18554195323535e-40	81.3854336331465	BEAN1
ENSG00000156042	-1.37409064039409	1.12928916256158	-15.0308390636189	5.81092543933921e-41	1.22209540395573e-40	81.3550286470593	CFAP70
ENSG00000238269	-4.77090295566502	-5.92429482758619	-14.9991198302584	7.90922168958608e-41	1.66142115723843e-40	81.0474457259701	PAGE2B
ENSG00000196091	-3.25499901477833	-0.345066009852217	-14.9975046547754	8.03432432478848e-41	1.68715630727505e-40	81.031788319259	MYBPC1
ENSG00000080546	-1.00557044334975	4.54445714285714	-14.9887688975391	8.74597731885683e-41	1.83620421965084e-40	80.9471129267971	SESN1
ENSG00000228607	-3.66916650246304	-8.0729793103448	-14.9854790836739	9.02999619926036e-41	1.89522270138488e-40	80.9152285865298	CLDN25
ENSG00000115008	-3.59678472906403	-3.15084162561576	-14.9825158351394	9.29369302478103e-41	1.94993932886269e-40	80.8865110049072	IL1A
ENSG00000154165	-4.09565566502462	-6.86294605911327	-14.9802629138279	9.49930926331616e-41	1.99286636203676e-40	80.8646784865557	GPR15
ENSG00000186451	-3.30472413793103	-6.65248128078816	-14.9645324151208	1.10672103232739e-40	2.3198050427697e-40	80.7122646501401	SPATA12
ENSG00000143869	-2.68136009852217	-1.45738694581281	-14.9632876989138	1.12017823406541e-40	2.34750917427413e-40	80.7002065061432	GDF7
ENSG00000149292	-1.15357142857143	2.49807881773399	-14.9424275588474	1.37162647839576e-40	2.87384203289482e-40	80.4981682798698	TTC12
ENSG00000120729	-2.78032955665024	-1.71513226600985	-14.9369739866022	1.4461821218221e-40	3.02907728024088e-40	80.4453620144396	MYOT
ENSG00000204382	-4.52788768472906	-6.01600098522165	-14.9219258128057	1.67355315348608e-40	3.50231052960216e-40	80.2996817787584	XAGE1B
ENSG00000204978	-3.97973891625615	-7.20518620689653	-14.9209167081036	1.69001850610461e-40	3.53638951132844e-40	80.289914257595	ERICH4
ENSG00000165188	-3.15501576354679	-2.75473891625616	-14.915044325391	1.78909589574013e-40	3.74330963539119e-40	80.2330770177123	RNF183
ENSG00000172349	-1.57689014778325	2.4490697044335	-14.9145260838644	1.79811306623585e-40	3.76177342258655e-40	80.228061411627	IL16
ENSG00000172215	-2.02101280788177	-2.49906059113301	-14.9102702306389	1.87389950926396e-40	3.91948455635623e-40	80.1868746780311	CXCR6
ENSG00000113211	-2.01786600985221	-2.32183793103448	-14.8983848023781	2.1028588997412e-40	4.39649819393844e-40	80.0718698370721	PCDHB6
ENSG00000184925	-3.7395527093596	-3.44684285714285	-14.8913624653401	2.25104538343245e-40	4.70530846967985e-40	80.0039336041365	LCN12
ENSG00000143318	-2.62206650246305	-2.14914655172414	-14.8893789866292	2.29475759912867e-40	4.79565319240428e-40	79.9847465436335	CASQ1
ENSG00000145423	-2.99540935960591	3.04882586206896	-14.8857793026808	2.37626305619671e-40	4.96492383665092e-40	79.9499271554805	SFRP2
ENSG00000174521	-3.09319359605911	-4.31258103448275	-14.8835842453242	2.42737590674644e-40	5.07009191637868e-40	79.9286958075939	TTC9B
ENSG00000087237	-3.47773201970443	-4.23641921182265	-14.8816588381414	2.47311233692583e-40	5.16507013874153e-40	79.9100733736643	CETP
ENSG00000216490	-1.26676059113301	4.49730738916256	-14.8761353417092	2.60914672692551e-40	5.44684812921464e-40	79.8566543858527	IFI30
ENSG00000112530	-2.21150344827586	-1.10943694581281	-14.8700902746795	2.7665988153818e-40	5.77492779856773e-40	79.7981979265338	PACRG
ENSG00000165804	-1.04716354679803	4.9242236453202	-14.8443394726747	3.55070659314683e-40	7.4045361480392e-40	79.5492642049895	ZNF219
ENSG00000198763	-1.13869458128079	13.0552561576355	-14.8425055890794	3.61435117427461e-40	7.53565034115805e-40	79.5315409176119	MT-ND2
ENSG00000174600	-1.93387832512315	0.0267697044334975	-14.8397909228074	3.71065902740565e-40	7.73561966221049e-40	79.505306643971	CMKLR1
ENSG00000135773	-4.02676502463054	-5.90755049261082	-14.828566684615	4.1368081645499e-40	8.62033537552081e-40	79.3968519507054	CAPN9
ENSG00000244219	-1.46228669950739	0.753343842364531	-14.8090903976622	4.99536132155829e-40	1.0401635689493e-39	79.208719976743	TMEM225B
ENSG00000243627	-3.61392758620689	-6.19477561576354	-14.8041789839906	5.23860162554591e-40	1.09034777895855e-39	79.1612897338201	SMIM34
ENSG00000278961	-3.61392758620689	-6.19477561576354	-14.8041789839906	5.23860162554591e-40	1.09034777895855e-39	79.1612897338201	
ENSG00000204195	-4.67603891625615	-7.01238399014775	-14.8015868732529	5.37170635864949e-40	1.11793275464034e-39	79.1362592528451	AWAT1
ENSG00000019186	-4.27014679802955	-3.14273793103448	-14.7954109889552	5.70259606798342e-40	1.18629052970547e-39	79.0766277212872	CYP24A1
ENSG00000171804	-3.26765615763546	-7.34282807881772	-14.7928078648257	5.84808797112191e-40	1.21616829979424e-39	79.0514953903259	WDR87
ENSG00000117400	-3.38323349753694	-6.9642502463054	-14.7742028678991	7.00159133576627e-40	1.45434840437441e-39	78.8719090738912	MPL
ENSG00000119715	-3.59907931034482	-5.51677216748767	-14.7367990200103	1.00528487852819e-39	2.08570730398109e-39	78.5110732134358	ESRRB
ENSG00000115705	-3.68561674876847	-1.6075078817734	-14.7213681498862	1.16697839146986e-39	2.42015193952075e-39	78.3622926363137	TPO
ENSG00000116544	-2.08391822660098	-3.77859064039409	-14.720062860675	1.181792033033e-39	2.45035330605102e-39	78.3497095566179	DLGAP3
ENSG00000103184	-2.17987832512315	-1.65332783251232	-14.7095678801904	1.30792481425699e-39	2.71072931596247e-39	78.2485496580101	SEC14L5
ENSG00000132554	-3.09612561576355	-2.16264556650246	-14.6928544436427	1.53709458635068e-39	3.18333005579323e-39	78.087496608649	RGS22
ENSG00000213578	-3.50829507389162	-4.42795591133004	-14.6821599229549	1.70433412325795e-39	3.52930989050619e-39	77.9844723176753	CPLX3
ENSG00000100079	-4.81720098522167	-3.94826108374383	-14.6782866529142	1.76928296181715e-39	3.66302867251094e-39	77.9471653868781	LGALS2
ENSG00000188177	-1.20629113300493	1.53224753694581	-14.6752337714941	1.82221091685479e-39	3.77180867886625e-39	77.9177624992821	ZC3H6
ENSG00000111913	-2.07788374384236	0.401622660098522	-14.6670487736706	1.97204145617703e-39	4.08151177045239e-39	77.8389405595817	RIPOR2
ENSG00000161849	-4.08209901477832	-7.42289630541869	-14.6620139218764	2.07025048146768e-39	4.28341290723573e-39	77.7904614570122	KRT84
ENSG00000256870	-3.30439950738916	-7.71169187192117	-14.6348079545063	2.69176106288433e-39	5.55991910906728e-39	77.5285927731316	SLC5A8
ENSG00000172794	-1.60798226600985	-1.18343694581281	-14.6314708025014	2.77982391178188e-39	5.73999565554115e-39	77.4964817416826	RAB37
ENSG00000081059	-1.54632512315271	0.898275862068965	-14.6169081638106	3.199006878983e-39	6.60067494763867e-39	77.3563826535742	TCF7
ENSG00000105997	-1.19054679802956	1.67543399014778	-14.6086435610946	3.46437211064395e-39	7.14670746186045e-39	77.2768929135939	HOXA3
ENSG00000176020	-5.64693152709359	-3.28416231527093	-14.5958767469641	3.91810344712783e-39	8.08015803754454e-39	77.1541282057782	AMIGO3
ENSG00000198915	-1.75348275862069	-1.68814827586207	-14.5902166023135	4.13779432041992e-39	8.53141766297173e-39	77.0997114838416	RASGEF1A
ENSG00000189060	-1.43384827586206	6.79432610837439	-14.5876023444376	4.24337159866332e-39	8.74817678880458e-39	77.0745802093461	H1-0
ENSG00000221946	-3.39025320197044	-2.20739753694581	-14.5869582710813	4.26979268576866e-39	8.79986170273056e-39	77.0683888480422	FXYD7
ENSG00000113303	-3.77799605911329	-6.99584975369456	-14.5865123516878	4.28818123272093e-39	8.8368277601848e-39	77.0641023555826	BTNL8
ENSG00000147138	-3.71145418719211	-7.48053743842361	-14.582867850416	4.44146358494344e-39	9.15077294432943e-39	77.0290703807067	GPR174
ENSG00000205667	-3.2235369458128	-8.23200689655169	-14.5782919795418	4.64168212922897e-39	9.56126827968721e-39	76.9850897267526	ARSH
ENSG00000009709	-2.74495418719211	-8.24487512315268	-14.5776055991729	4.67248191803314e-39	9.62369747493714e-39	76.9784930067453	PAX7
ENSG00000168772	-2.99716650246306	-5.13646256157634	-14.5615652938063	5.45328520995308e-39	1.12295152342364e-38	76.8243594875966	CXXC4
ENSG00000125255	-2.88469408866994	-8.12721009852215	-14.5603286380421	5.51863001169308e-39	1.13616801188902e-38	76.8124785194891	SLC10A2
ENSG00000241322	-1.72063399014778	0.0541076354679801	-14.5595742030768	5.55887740143887e-39	1.14433353185419e-38	76.8052305658001	FBXW10B
ENSG00000148513	-2.80676354679803	-8.17486256157633	-14.5562876014266	5.73765503349225e-39	1.18063867183853e-38	76.7736571492631	ANKRD30A
ENSG00000198417	-1.41082463054187	2.01313497536946	-14.5464769154819	6.30616457497179e-39	1.2968017270767e-38	76.6794222149821	MT1F
ENSG00000205978	-1.07288522167488	2.8006381773399	-14.5464284119626	6.30911049943459e-39	1.29727101620319e-38	76.6789563724702	NYNRIN
ENSG00000154721	-1.7210724137931	1.77529532019705	-14.5392723211222	6.75913890636856e-39	1.38951286038559e-38	76.6102325125145	JAM2
ENSG00000167780	-3.28777536945812	-4.5435448275862	-14.5281969651729	7.51958835015247e-39	1.5451923821102e-38	76.5038910112342	SOAT2
ENSG00000158258	-1.8421802955665	-1.10650147783251	-14.5278673954946	7.54347976402519e-39	1.54993882397834e-38	76.50072699957	CLSTN2
ENSG00000143257	-2.50019704433498	-0.936133497536946	-14.5229801719375	7.90678823759574e-39	1.62441606117637e-38	76.4538102219267	NR1I3
ENSG00000143816	-1.29971379310345	-1.14623916256158	-14.5224920769773	7.94401774933855e-39	1.63189314472379e-38	76.4491248435577	WNT9A
ENSG00000184210	-5.14716798029556	-6.120313546798	-14.5224774544683	7.94513577763049e-39	1.63195126515088e-38	76.4489844782297	DGAT2L6
ENSG00000140749	-1.30361330049261	-1.07407955665025	-14.5207750270105	8.07638136592606e-39	1.65856078870247e-38	76.4326427354155	IGSF6
ENSG00000075702	-1.71011674876847	0.72190763546798	-14.5125164457161	8.74441682061841e-39	1.79537080803241e-38	76.3533766072888	WDR62
ENSG00000162998	-2.22843842364532	0.870490147783252	-14.5108581956175	8.88505721082227e-39	1.82405492188138e-38	76.3374624065878	FRZB
ENSG00000165113	-1.11076157635468	0.257006896551724	-14.5067752904461	9.24103326241275e-39	1.89693563039989e-38	76.298281307078	GKAP1
ENSG00000130829	-3.45197142857143	-5.81571280788176	-14.4918852231941	1.06641341508497e-38	2.18699243966737e-38	76.1554205224132	DUSP9
ENSG00000270249	-4.7954802955665	-3.45982339901477	-14.4877037444205	1.11017298381852e-38	2.27601767202911e-38	76.1153103385253	
ENSG00000101746	-3.56515418719212	-7.0700332512315	-14.4797903124176	1.19795055786733e-38	2.45468698771556e-38	76.0394121527694	NOL4
ENSG00000188738	-1.57095714285714	-2.44205985221675	-14.4782306228309	1.21605113264539e-38	2.49151512205454e-38	76.0244546523289	FSIP2
ENSG00000021488	-2.94681576354679	-3.02190295566502	-14.4751694778224	1.25237361614791e-38	2.56539677219732e-38	75.9950996273368	SLC7A9
ENSG00000179934	-3.4106724137931	-7.98997512315268	-14.4745248813953	1.2601590697851e-38	2.58107415802751e-38	75.9889184877218	CCR8
ENSG00000164867	-1.36041674876847	1.46028916256158	-14.4720875130534	1.29003669272633e-38	2.64199298357347e-38	75.9655469688758	NOS3
ENSG00000198569	-3.06260591133004	-4.19209359605911	-14.4579294120612	1.47810562136781e-38	3.02557243665756e-38	75.8298123936376	SLC34A3
ENSG00000112175	-3.13605467980296	-6.7258357142857	-14.4535422824455	1.54175719998229e-38	3.1555319650245e-38	75.787761419711	BMP5
ENSG00000196277	-3.34710197044334	-7.47284556650244	-14.452862152452	1.55186693660191e-38	3.17589105404488e-38	75.7812426908318	GRM7
ENSG00000244752	-4.46614581280787	-4.30199802955664	-14.449523295521	1.60246464347294e-38	3.27875238851933e-38	75.7492427426764	CRYBB2
ENSG00000124575	-5.17343349753694	-4.5740541871921	-14.4490091709452	1.61040069969257e-38	3.294645150062e-38	75.7443155323498	H1-3
ENSG00000111215	-1.91030689655173	3.39506428571429	-14.4094180252956	2.35548054849743e-38	4.8134268408174e-38	75.3650571827773	PRR4
ENSG00000189377	-4.13495615763546	-4.60470911330048	-14.4039113406461	2.48335076253447e-38	5.07366864625704e-38	75.3123334228614	CXCL17
ENSG00000197872	-1.34160738916256	0.181116009852217	-14.4019592065549	2.53032473925841e-38	5.16909952483669e-38	75.2936442909839	CYRIA
ENSG00000152254	-3.48391231527093	-7.61783152709357	-14.4000778402206	2.57643449010573e-38	5.26274514535864e-38	75.2756334504178	G6PC2
ENSG00000120329	-3.55832463054187	-5.18533620689654	-14.3980281094698	2.62762531124516e-38	5.36562735970251e-38	75.2560116853993	SLC25A2
ENSG00000119125	-3.22298916256157	-3.09043448275862	-14.3952579536127	2.69842441529551e-38	5.50904825780451e-38	75.229494849072	GDA
ENSG00000172382	-1.43379113300493	0.872249261083744	-14.3944319748265	2.71990066110282e-38	5.55231366544149e-38	75.2215886332029	PRSS27
ENSG00000181143	-4.03647142857143	-4.53152093596058	-14.3846976017617	2.98622424894199e-38	6.09215933529851e-38	75.1284230215641	MUC16
ENSG00000249437	-1.11343596059113	2.38198103448276	-14.3840834976685	3.00387246848246e-38	6.12688401827411e-38	75.1225462539409	NAIP
ENSG00000257341	-4.79974433497537	-2.39984655172413	-14.3823636339756	3.05385392806679e-38	6.22817923839295e-38	75.1060881798934	
ENSG00000120457	-2.67508275862069	-4.21718275862069	-14.3710884839087	3.40271585153075e-38	6.93676957757292e-38	74.9982076745815	KCNJ5
ENSG00000101440	-3.40481133004926	-0.70788842364532	-14.367943139003	3.50694157241247e-38	7.14775262912854e-38	74.9681180053062	ASIP
ENSG00000162989	-3.10810197044335	-6.94068448275861	-14.3661134598601	3.56902974830204e-38	7.27354044648226e-38	74.9506155340098	KCNJ3
ENSG00000197540	-3.24350295566502	-2.69920221674877	-14.3594034394047	3.80626045320106e-38	7.75377272766133e-38	74.8864346290133	GZMM
ENSG00000147041	-2.88406453201971	-5.72602438423645	-14.3582150286489	3.84988709261269e-38	7.84182755512166e-38	74.8750685865095	SYTL5
ENSG00000184330	-4.24124532019704	-6.97142709359604	-14.3537404667335	4.01867107864929e-38	8.18391728000881e-38	74.8322763461776	S100A7A
ENSG00000213022	-4.9615093596059	-6.33378866995071	-14.3305617316969	5.018585026735e-38	1.02095761599475e-37	74.6106781658544	KLK9
ENSG00000163909	-1.59009901477833	-0.043806157635468	-14.3165301843335	5.74081732521876e-38	1.16715618153792e-37	74.4765884107814	HEYL
ENSG00000168427	-2.15516896551724	-2.94169975369458	-14.3144108103767	5.85857404613865e-38	1.19097320305463e-37	74.4563388115556	KLHL30
ENSG00000127903	-2.94948768472905	-3.88798669950738	-14.3112131726609	6.04081746490747e-38	1.22789322757668e-37	74.4257888038721	ZNF835
ENSG00000205022	-3.2791093596059	-8.24266650246302	-14.3098923471196	6.1177360427659e-38	1.24339883252971e-37	74.4131703902375	PABPN1L
ENSG00000233232	-4.20859999999999	-2.91001527093596	-14.2940999172775	7.11670851542432e-38	1.44463194981222e-37	74.2623285264769	NPIPB7
ENSG00000217236	-3.92747290640394	-5.1606660098522	-14.2852498261842	7.74605841984496e-38	1.57173163368923e-37	74.1778208762613	SP9
ENSG00000145861	-1.88585467980296	-1.37781995073892	-14.2812315191625	8.04984966541285e-38	1.63303396824974e-37	74.1394566759256	C1QTNF2
ENSG00000104371	-3.81737980295565	-7.60633669950737	-14.2771399912605	8.37139116508129e-38	1.69773480850995e-37	74.1003971138656	DKK4
ENSG00000112212	-3.85246896551723	-7.30765123152707	-14.2759755105694	8.46522461561807e-38	1.71623010103131e-37	74.0892811421529	TSPO2
ENSG00000135253	-1.95751527093596	-2.74000147783251	-14.2643884480315	9.4580138942908e-38	1.91651293573445e-37	73.9786891714672	KCP
ENSG00000127325	-3.56411182266009	-4.24723866995073	-14.2560556367218	1.02430026836366e-37	2.07514781716386e-37	73.8991757883637	BEST3
ENSG00000253649	-3.94434827586206	-6.14711798029556	-14.2407427206711	1.18588756207105e-37	2.40101686054626e-37	73.7530975012836	PRSS51
ENSG00000126733	-3.13412709359606	-6.67292463054185	-14.2092403904591	1.60268014710537e-37	3.2398443606841e-37	73.4527459209269	DACH2
ENSG00000175899	-2.03238226600985	4.2261921182266	-14.2053105517053	1.6640163031788e-37	3.36314061399525e-37	73.4152935660916	A2M
ENSG00000157470	-1.73223300492611	-0.635308128078817	-14.1970462525179	1.80075048942246e-37	3.63798884154799e-37	73.3365441624898	FAM81A
ENSG00000176435	-1.91803300492611	2.03356625615764	-14.1926372136351	1.87822619224585e-37	3.79372571047734e-37	73.2945373779377	CLEC14A
ENSG00000214336	-3.34060098522167	-8.19191034482756	-14.1876473169712	1.96992696166907e-37	3.97771364795795e-37	73.247001858799	FOXI3
ENSG00000055118	-2.01342413793103	-2.80781699507389	-14.1761317942868	2.19895773382168e-37	4.43605161911255e-37	73.1373226120932	KCNH2
ENSG00000155897	-4.25366748768472	-3.4922830049261	-14.1707398578021	2.31514605423207e-37	4.66996120889792e-37	73.0859776983558	ADCY8
ENSG00000160683	-5.80992807881773	-1.51989753694581	-14.147579167853	2.88800945997575e-37	5.82069728412192e-37	72.8655050071618	CXCR5
ENSG00000125823	-4.03240049261083	-7.77175098522164	-14.1424517958724	3.03283475354325e-37	6.11006770657137e-37	72.8167128816079	CSTL1
ENSG00000171595	-3.54476551724137	-7.3029871921182	-14.1381235187743	3.16071311439452e-37	6.36704006612697e-37	72.775529668254	DNAI2
ENSG00000163606	-3.23152807881773	-2.75318128078818	-14.1302642199858	3.40682041214249e-37	6.86139178543631e-37	72.7007601176883	CD200R1
ENSG00000183733	-3.45932610837437	-8.16601083743839	-14.1276927756959	3.49142270786764e-37	7.03105755947542e-37	72.6762997448251	FIGLA
ENSG00000183148	-4.0672172413793	-5.52368891625614	-14.1262908444739	3.5384266370233e-37	7.12424617151343e-37	72.6629647858899	ANKRD20A2P
ENSG00000118777	-1.71780246305419	-2.41270024630542	-14.1249661217888	3.58342179978721e-37	7.21409589074293e-37	72.650364640808	ABCG2
ENSG00000260691	-3.65696748768472	-3.07340591133005	-14.1186312846116	3.80660627973078e-37	7.66182922221638e-37	72.5901162377228	ANKRD20A1
ENSG00000183260	-4.7182487684729	-7.12281847290637	-14.1011178366392	4.49843321373122e-37	9.04593351129198e-37	72.4236004520978	ABHD16B
ENSG00000164100	-2.99531231527093	-6.70381182266009	-14.098698100242	4.60340356173715e-37	9.25606671503934e-37	72.4005994910696	NDST3
ENSG00000044012	-4.18033201970442	-7.32513546798027	-14.0975363400701	4.65466641500826e-37	9.35817809486538e-37	72.3895567888592	GUCA2B
ENSG00000068976	-1.63781034482759	-0.183257881773399	-14.0860777376471	5.19180433700334e-37	1.04337968278197e-36	72.2806579312328	PYGM
ENSG00000130052	-1.1883078817734	-0.199649507389163	-14.0793114136157	5.53757436968953e-37	1.11263909451442e-36	72.2163673643727	STARD8
ENSG00000174948	-3.3914960591133	-7.8327859605911	-14.073070513258	5.87682058819642e-37	1.18068086701485e-36	72.1570786284471	GPR149
ENSG00000122145	-3.56904285714285	-7.45767857142854	-14.066963142827	6.22886686899379e-37	1.25102277855988e-36	72.0990672614051	TBX22
ENSG00000164708	-3.60635960591132	-1.8206881773399	-14.0523149498179	7.16134395925241e-37	1.4371224445647e-36	71.9599658520976	PGAM2
ENSG00000177300	-4.04078768472905	-7.61585049261081	-14.0332602654022	8.58565482930608e-37	1.72188902580356e-36	71.7790953252882	CLDN22
ENSG00000186912	-2.26324137931034	-2.39530640394089	-14.0288782673917	8.95127789524594e-37	1.79484786198334e-36	71.7375127248498	P2RY4
ENSG00000188385	-1.2896078817734	-2.07234433497537	-14.019398580919	9.79624794355584e-37	1.96326815006633e-36	71.6475715869646	JAKMIP3
ENSG00000156150	-3.54241477832512	-7.82022610837436	-14.0063626199882	1.10896038927256e-36	2.22201414202444e-36	71.5239241123668	ALX3
ENSG00000053438	-1.16615467980296	0.831795073891625	-13.9930734541515	1.25834800654709e-36	2.52004885672712e-36	71.397916548723	NNAT
ENSG00000126759	-1.66588916256158	0.0853820197044333	-13.9910564681928	1.28271281032425e-36	2.56831698149145e-36	71.3787952121033	CFP
ENSG00000102683	-2.40667487684729	-0.855600492610838	-13.986727236884	1.33660961403001e-36	2.67540971805535e-36	71.3377567121782	SGCG
ENSG00000176533	-1.29492955665025	0.178497783251231	-13.9676865753398	1.6017688898985e-36	3.20386567516852e-36	71.1573159194326	GNG7
ENSG00000158008	-2.2201802955665	-0.842110344827586	-13.9674215333069	1.60580802759873e-36	3.21161605519745e-36	71.1548048339516	EXTL1
ENSG00000078328	-3.17883694581281	-4.91969137931033	-13.9660110943211	1.62747406549143e-36	3.2546150417349e-36	71.1414422072452	RBFOX1
ENSG00000169302	-1.84216798029557	-0.0868928571428571	-13.961621015735	1.69679470083606e-36	3.39254778429898e-36	71.0998532602537	STK32A
ENSG00000181541	-2.89210738916256	-4.87760886699506	-13.9479773509108	1.93159468619676e-36	3.85884516025937e-36	70.9706310015584	MAB21L2
ENSG00000143226	-1.72255369458128	0.501340394088669	-13.9477659296169	1.93547723521858e-36	3.86620628954733e-36	70.968628934735	FCGR2A
ENSG00000141485	-2.98299802955665	-4.71509162561575	-13.947052033365	1.94864486048153e-36	3.89211139242948e-36	70.9618687302498	SLC13A5
ENSG00000164946	-1.66447586206897	-0.578847290640394	-13.9353700465159	2.17726020483217e-36	4.34606934860369e-36	70.8512642037576	FREM1
ENSG00000169618	-2.89205714285714	-6.7123133004926	-13.9267855375339	2.36213534074749e-36	4.71365759510746e-36	70.7700074654993	PROKR1
ENSG00000196344	-3.76163842364531	-5.19368128078816	-13.9232172660701	2.44351354812021e-36	4.87455509977187e-36	70.7362372087983	ADH7
ENSG00000160712	-1.06912463054187	1.87930862068966	-13.9080913389448	2.82069359912803e-36	5.6218250192922e-36	70.593119132182	IL6R
ENSG00000204003	-4.03860640394088	-7.83180221674873	-13.8914183221924	3.30404592169694e-36	6.58115028048126e-36	70.4354272745685	
ENSG00000268916	-3.905360591133	-7.97964975369455	-13.8886436718198	3.39214497746855e-36	6.75525294504131e-36	70.4091914608737	CSAG3
ENSG00000105672	-1.10438275862069	1.06078793103448	-13.8786081294697	3.73080466672434e-36	7.42815942915201e-36	70.3143156993088	ETV2
ENSG00000102981	-1.48402167487685	-0.291504926108374	-13.8766777147078	3.79971565670023e-36	7.56459284466544e-36	70.2960684307792	PARD6A
ENSG00000130054	-2.86086206896552	-6.0289054187192	-13.8714089838715	3.99432515566176e-36	7.94959794194338e-36	70.246270331911	NALF2
ENSG00000188707	-1.94875763546798	0.211426600985222	-13.831055663021	5.85449634249244e-36	1.16398990258406e-35	69.8650917411208	ZBED10P
ENSG00000269242	-1.4203802955665	3.13113497536946	-13.8278391426892	6.03556012686558e-36	1.19962282342562e-35	69.8347256740341	
ENSG00000142319	-3.37300886699507	-6.761781773399	-13.8211001281425	6.43322106057025e-36	1.27801164954421e-35	69.7711132449822	SLC6A3
ENSG00000157601	-1.39607931034483	2.15568004926108	-13.8181279257521	6.61681033650486e-36	1.31434953848321e-35	69.7430609346089	MX1
ENSG00000152256	-1.03967290640394	3.3392	-13.8130599377406	6.9419835577688e-36	1.37852090931732e-35	69.6952331823093	PDK1
ENSG00000204128	-3.15657093596058	-2.3400854679803	-13.8094374805568	7.18412913526566e-36	1.42646059298274e-35	69.6610511380015	C2orf72
ENSG00000163599	-3.58867044334975	-4.66593916256157	-13.8079947169699	7.2829008996844e-36	1.44592552455179e-35	69.647437913733	CTLA4
ENSG00000179772	-3.88393349753694	-3.02471305418719	-13.8034508409689	7.60291107509667e-36	1.50915274991914e-35	69.6045674619482	FOXS1
ENSG00000274808	-1.06774236453202	1.92060517241379	-13.7994694974268	7.89480854712404e-36	1.56677514601298e-35	69.5670085980506	TBC1D3B
ENSG00000086696	-2.61387290640394	-0.719010344827586	-13.7982415159776	7.98707506906412e-36	1.58492507107688e-35	69.5554249658616	HSD17B2
ENSG00000214688	-2.85070689655172	-3.29847906403941	-13.7912069395817	8.53673884805429e-36	1.69365432049418e-35	69.4890745687017	C10orf105
ENSG00000197079	-5.43083546798029	-6.24910788177337	-13.7760016682698	9.85713614882698e-36	1.95462358823315e-35	69.3457000459908	KRT35
ENSG00000144485	-1.01133399014778	0.470825123152709	-13.7729362695257	1.01470439413404e-35	2.01190678471665e-35	69.3168025905845	HES6
ENSG00000163762	-2.8714078817734	-1.47169852216749	-13.7718725433191	1.02496197006185e-35	2.0320388372678e-35	69.3067754136659	TM4SF18
ENSG00000176956	-4.11389162561576	-5.34358916256156	-13.7574719616624	1.17444361675016e-35	2.32744926057516e-35	69.1710567563207	LY6H
ENSG00000152284	-1.25044433497537	2.32931822660099	-13.7509154705042	1.24952177082522e-35	2.47573298646117e-35	69.1092821820416	TCF7L1
ENSG00000128383	-4.23696896551723	-5.07695344827584	-13.7441834592878	1.33159192146917e-35	2.63780733191592e-35	69.0458651278666	APOBEC3A
ENSG00000187105	-2.48605911330049	-2.20343448275862	-13.7320064533549	1.49393517417074e-35	2.95760117248957e-35	68.9311840174778	HEATR4
ENSG00000152128	-3.30893497536945	-5.49954729064038	-13.7253635356479	1.59066986592154e-35	3.14783498935076e-35	68.8686378548481	TMEM163
ENSG00000182687	-3.08156502463054	-3.65237807881773	-13.7252806566031	1.59191539211065e-35	3.1499808214486e-35	68.8678575805262	GALR2
ENSG00000162399	-2.61353201970443	-8.15527536945811	-13.7237672122711	1.61483160227043e-35	3.19500244725814e-35	68.85360938998	BSND
ENSG00000225968	-1.64151083743843	-1.45301108374384	-13.7056963359858	1.91524503020294e-35	3.78593145662814e-35	68.6835275198479	ELFN1
ENSG00000186074	-3.65560394088669	-6.79707536945811	-13.6872746061432	2.27889276781919e-35	4.50294463788904e-35	68.5102288279182	CD300LF
ENSG00000205002	-2.84720344827586	-2.20338103448276	-13.6851244680302	2.3255925117863e-35	4.59429123183663e-35	68.4900074730873	AARD
ENSG00000180061	-4.21505517241379	-6.71521773399013	-13.6799695560309	2.44147752894876e-35	4.82127666438122e-35	68.4415319951609	TMEM150B
ENSG00000164265	-4.25562955665024	-6.97271527093593	-13.6784868753773	2.47586282816277e-35	4.88769687725598e-35	68.4275905010108	SCGB3A2
ENSG00000123407	-2.81686354679803	-0.869852463054188	-13.670934233644	2.65865826581144e-35	5.24644045546675e-35	68.356582507611	HOXC12
ENSG00000100095	-3.12885320197045	-5.03610689655172	-13.6695126898891	2.69453934778247e-35	5.31670920177353e-35	68.3432191509783	SEZ6L
ENSG00000080224	-3.45270492610837	-6.97974064039407	-13.666477365121	2.77277824223352e-35	5.46998106296461e-35	68.3146870250869	EPHA6
ENSG00000171195	-5.55516502463054	-3.18881108374383	-13.6549019844359	3.09250754775111e-35	6.09395810206234e-35	68.2058998449164	MUC7
ENSG00000175267	-2.34037586206896	-2.51682536945813	-13.6498052702192	3.24470147245839e-35	6.39193106600623e-35	68.1580110595678	VWA3A
ENSG00000125207	-3.32319655172413	-7.06643078817733	-13.630611257606	3.88796357017246e-35	7.65295971880642e-35	67.9777238930079	PIWIL1
ENSG00000114638	-3.50464926108374	-3.1846921182266	-13.5888190389706	5.76246571000582e-35	1.13278447746639e-34	67.5855038923484	UPK1B
ENSG00000188984	-4.59366256157635	-7.09333620689653	-13.586665418032	5.88043138150325e-35	1.15574162785212e-34	67.5653044500235	AADACL3
ENSG00000160888	-1.29392019704432	6.69187832512316	-13.5856022558766	5.93955132802377e-35	1.1672436851593e-34	67.5553331859886	IER2
ENSG00000150551	-3.9208330049261	-4.67909679802955	-13.574772161236	6.57660990467847e-35	1.29191908682375e-34	67.4537758903695	LYPD1
ENSG00000101082	-1.65251773399014	-3.33674507389162	-13.5708868220096	6.8213953650366e-35	1.33960112776148e-34	67.4173492745352	SLA2
ENSG00000054803	-2.78585714285713	-8.0185871921182	-13.5637831706528	7.29266811627531e-35	1.43186295919072e-34	67.3507598978772	CBLN4
ENSG00000120645	-2.76771182266009	-3.9846145320197	-13.5629150065489	7.3524466518712e-35	1.44345501779051e-34	67.3426226640528	IQSEC3
ENSG00000057593	-3.06514334975369	-3.50700172413793	-13.5623059443863	7.39467577644995e-35	1.45159973905962e-34	67.3369140901607	F7
ENSG00000104921	-3.80429852216748	-5.03768916256157	-13.5567074833781	7.79434987789786e-35	1.52959615699819e-34	67.2844457921797	FCER2
ENSG00000204572	-4.13083596059112	-5.00930566502462	-13.5561971985209	7.83183305123164e-35	1.53679768538175e-34	67.2796638547414	KRTAP5-10
ENSG00000015520	-2.33341231527093	-3.92351108374384	-13.5561688546565	7.83392032184433e-35	1.53705292097873e-34	67.2793982431667	NPC1L1
ENSG00000163485	-2.37459507389163	-0.445859113300493	-13.5537843838661	8.01151590763774e-35	1.57158245198812e-34	67.2570540192675	ADORA1
ENSG00000144648	-1.96189950738917	-1.1717354679803	-13.5534488328049	8.03682791187355e-35	1.57638955188029e-34	67.2539097817509	ACKR2
ENSG00000259371	-4.42947290640393	-5.56273940886697	-13.5456480762649	8.64827806657514e-35	1.69581226145908e-34	67.1808221416677	
ENSG00000140488	-1.64077832512315	-0.150513793103448	-13.541070595536	9.02844813995591e-35	1.77000334621808e-34	67.137941790453	CELF6
ENSG00000187492	-2.80456650246305	-2.4938960591133	-13.5209547378857	1.09066239252616e-34	2.13650004758883e-34	66.9495684018282	CDHR4
ENSG00000113396	-2.58692167487684	-2.34464408866995	-13.5171352694998	1.13049726425643e-34	2.21408874905785e-34	66.913813351902	SLC27A6
ENSG00000119714	-1.22780197044335	1.2509236453202	-13.5150351335197	1.15301520624569e-34	2.25796404053044e-34	66.8941550694065	GPR68
ENSG00000198156	-2.54368669950739	-0.712101477832512	-13.5014107349167	1.31036071685485e-34	2.56352679234933e-34	66.7666525136567	NPIPB6
ENSG00000267368	-1.49777931034483	4.56198275862069	-13.500397261636	1.32288667851227e-34	2.58777292006875e-34	66.7571699930291	UPK3BL1
ENSG00000132681	-3.49711625615763	-7.1970463054187	-13.4889902780016	1.47237767881527e-34	2.8793359951374e-34	66.6504598400953	ATP1A4
ENSG00000134207	-3.29067536945813	-6.2294869458128	-13.4857982208523	1.51714784352421e-34	2.96629346254628e-34	66.6206049506857	SYT6
ENSG00000136099	-3.63502118226601	-7.0328199507389	-13.4812110025517	1.58387282890611e-34	3.09644285939208e-34	66.5777060537298	PCDH8
ENSG00000120068	-3.35505123152709	-4.01520985221674	-13.4762821802748	1.65883069238601e-34	3.24201114017475e-34	66.5316187832017	HOXB8
ENSG00000156234	-4.0163251231527	-5.9924330049261	-13.4583280243596	1.96304543766987e-34	3.83311690077384e-34	66.3637921390655	CXCL13
ENSG00000163116	-3.40041625615763	-5.56095049261083	-13.4494790664326	2.13284455784596e-34	4.16300922387393e-34	66.2811081545152	STPG2
ENSG00000214534	-1.89260640394088	-3.64974655172414	-13.4485048131638	2.15241182234719e-34	4.20078216641455e-34	66.2720060896331	ZNF705EP
ENSG00000185985	-2.02533399014778	-0.720518719211823	-13.4442966279055	2.23900754987266e-34	4.36847898758102e-34	66.2326935973658	SLITRK2
ENSG00000131941	-1.83577487684729	1.2358145320197	-13.4424102364365	2.27894479961267e-34	4.44506829763758e-34	66.2150726396124	RHPN2
ENSG00000104814	-1.6915960591133	0.264622167487685	-13.4397299146665	2.33691502095878e-34	4.55677443021118e-34	66.1900371495852	MAP4K1
ENSG00000005471	-1.69412315270936	-1.40807044334975	-13.4381587992014	2.37157628804784e-34	4.6229769397537e-34	66.1753630757933	ABCB4
ENSG00000203985	-2.98475960591133	-8.14703103448273	-13.4293181350039	2.57639167771968e-34	5.020225961312e-34	66.0928044682088	LDLRAD1
ENSG00000272674	-1.46961773399015	-1.0566433497537	-13.4196073746403	2.82174016011747e-34	5.49720329070039e-34	66.0021447285471	PCDHB16
ENSG00000164398	-2.77321527093596	-4.57748497536945	-13.4057207390037	3.21359847872737e-34	6.25624043348179e-34	65.8725432244674	ACSL6
ENSG00000150510	-1.3451315270936	-1.29579039408867	-13.3911353194591	3.68369964070376e-34	7.16715037620797e-34	65.7364763107357	FAM124A
ENSG00000185272	-3.30278472906403	-2.85800615763546	-13.3847307056099	3.91122223414696e-34	7.60755498155667e-34	65.6767461148599	RBM11
ENSG00000129167	-1.31349802955665	-1.63909482758621	-13.38015616394	4.08225835518869e-34	7.93864989323289e-34	65.6340902188524	TPH1
ENSG00000101204	-3.15945320197044	-6.6931502463054	-13.378087232698	4.16204238778281e-34	8.09138801651928e-34	65.6148000763388	CHRNA4
ENSG00000007350	-3.65596650246305	-5.49806453201969	-13.3616344938257	4.8544041648618e-34	9.43177233940439e-34	65.4614408199453	TKTL1
ENSG00000171631	-2.42781527093596	-2.47126674876847	-13.3582941849692	5.00841280773793e-34	9.72713208992394e-34	65.4303141595161	P2RY6
ENSG00000078814	-1.19754137931035	-1.38334408866995	-13.3572527053944	5.05742032406868e-34	9.820360490158e-34	65.4206097582434	MYH7B
ENSG00000181577	-3.15719064039409	-6.12173374384235	-13.3465187835972	5.59122347301235e-34	1.0850415998968e-33	65.3206094556022	LINC03040
ENSG00000196664	-2.76729162561576	-7.13886305418718	-13.3408183233778	5.89717829042802e-34	1.14407483521835e-33	65.2675151625186	TLR7
ENSG00000188051	-1.91100492610837	-2.56735615763547	-13.3288385078976	6.59563183179872e-34	1.27932344671971e-33	65.1559637994864	TMEM221
ENSG00000165566	-2.65426551724139	-6.99360369458127	-13.3273309115305	6.68917875783906e-34	1.29733953241059e-33	65.1419284455838	AMER2
ENSG00000180432	-2.60608916256157	-5.46834359605911	-13.3216086091834	7.05644669808337e-34	1.368026600932e-33	65.088660902279	CYP8B1
ENSG00000077274	-2.82349655172413	-3.15742118226601	-13.3161254478271	7.42720881621093e-34	1.43904932268882e-33	65.0376279283946	CAPN6
ENSG00000177614	-2.27732709359605	-2.87763201970443	-13.3105767380974	7.82217426425299e-34	1.51512468502361e-33	64.9859933229325	PGBD5
ENSG00000143768	-3.48448374384236	-5.47811576354678	-13.300874856893	8.56373383338075e-34	1.65794022758001e-33	64.895730999694	LEFTY2
ENSG00000036530	-1.19091280788177	-1.35279137931035	-13.2962216446812	8.94386846993208e-34	1.73136282951375e-33	64.8524486591649	CYP46A1
ENSG00000112541	-2.21661083743842	-3.72334334975369	-13.2961917338772	8.94636559809804e-34	1.73167468817385e-33	64.8521704600794	PDE10A
ENSG00000214897	-3.20111083743842	-7.84126034482756	-13.2944682419547	9.09143275886795e-34	1.75923139888897e-33	64.8361407552975	PNMA6E
ENSG00000188828	-3.59184334975369	-5.23031773399013	-13.2884637727622	9.6153927902026e-34	1.8602515187223e-33	64.7803013363974	GLRA4
ENSG00000133328	-4.23695073891625	-5.40573743842363	-13.2722866723723	1.1181701443593e-33	2.16156701563651e-33	64.629909881694	PLAAT2
ENSG00000164794	-2.4892975369458	-8.07496551724137	-13.2641047976337	1.20682603945501e-33	2.33179696094818e-33	64.5538742745604	KCNV1
ENSG00000184999	-2.88565517241379	-8.31366798029553	-13.2561427416539	1.29982110823553e-33	2.51123125033503e-33	64.4798993979933	SLC22A10
ENSG00000154133	-1.28439261083744	1.78093719211823	-13.2527110924351	1.34207335987214e-33	2.59209306173368e-33	64.4480216544838	ROBO4
ENSG00000186334	-2.70005073891625	-8.03873620689652	-13.2449865575708	1.4422585269016e-33	2.7850411198331e-33	64.376277895897	SLC36A3
ENSG00000197837	-1.15478275862069	0.604829310344827	-13.2285646058577	1.68070410849351e-33	3.24356307408455e-33	64.2238099875484	H4C16
ENSG00000182324	-1.11538768472906	0.324599261083744	-13.1992996772715	2.20712172867103e-33	4.25612520442957e-33	63.952290674866	KCNJ14
ENSG00000186193	-1.86564482758621	1.28006625615763	-13.1886087501387	2.43798110889939e-33	4.69945026929493e-33	63.8531607636614	SAPCD2
ENSG00000101327	-2.98266305418719	-7.56866995073888	-13.1838303107221	2.54880420487613e-33	4.91161934441271e-33	63.8088639076632	PDYN
ENSG00000226792	-2.77708620689655	-8.38422980295563	-13.1761491267435	2.73756668186095e-33	5.27277036240161e-33	63.7376717331554	C13orf42
ENSG00000160229	-1.16818916256158	-0.341050738916256	-13.1541999345283	3.35729537585236e-33	6.45814216309743e-33	63.5343305365831	ZNF66
ENSG00000163440	-3.62715221674875	-7.58399532019701	-13.1524533618333	3.41223739429251e-33	6.56318338181735e-33	63.5181558694891	PDCL2
ENSG00000104918	-4.60146256157635	-6.56468004926106	-13.1490553820067	3.5217087473122e-33	6.77307669914132e-33	63.4866903377852	RETN
ENSG00000137675	-3.04873054187192	-2.18597709359606	-13.1482522498826	3.54809027952566e-33	6.82314310593294e-33	63.4792537592883	MMP27
ENSG00000119703	-1.06549408866995	-0.139614532019704	-13.1439703383761	3.69210453950382e-33	7.09939062392834e-33	63.4396086325226	ZC2HC1C
ENSG00000137204	-3.64096945812807	-6.88766847290638	-13.1340680295015	4.04786008017893e-33	7.77886534436589e-33	63.3479457490924	SLC22A7
ENSG00000196132	-2.53261428571428	-7.63075492610836	-13.1257903657263	4.37132531540436e-33	8.39717284121026e-33	63.271343282862	MYT1
ENSG00000182950	-2.77473399014778	-1.85758325123153	-13.1163861112332	4.77017942532051e-33	9.15975693520816e-33	63.1843390547798	CIMAP1C
ENSG00000111729	-1.11548522167488	0.734172167487685	-13.1074112596272	5.18459381618416e-33	9.95063173795628e-33	63.1013311735372	CLEC4A
ENSG00000130948	-2.98540689655172	-2.0144763546798	-13.0919459842237	5.98461640755954e-33	1.14748208238352e-32	62.9583481495144	HSD17B3
ENSG00000171786	-1.24052758620689	-2.67596527093596	-13.0861574506779	6.31473721024152e-33	1.21030398747097e-32	62.9048484502411	NHLH1
ENSG00000120875	-1.57222807881774	0.96960960591133	-13.0785505657489	6.77630871651965e-33	1.29838832177887e-32	62.8345576229952	DUSP4
ENSG00000233198	-1.98643497536946	-2.50489482758621	-13.061397089649	7.94429512542784e-33	1.52113869626799e-32	62.676113772124	RNF224
ENSG00000077327	-3.47179901477832	-4.98436157635467	-13.0602390220711	8.03001949723438e-33	1.53710099926491e-32	62.6654199677985	SPAG6
ENSG00000165935	-3.00764532019704	-2.50854532019704	-13.0413187906477	9.56857438830195e-33	1.82963875436592e-32	62.4907623940547	SMCO2
ENSG00000109321	-2.00849162561576	1.83183103448276	-13.035141188845	1.013199345636e-32	1.93661400747444e-32	62.4337579336818	AREG
ENSG00000111057	-1.96784482758621	3.31264408866995	-13.0274866511789	1.0876184514046e-32	2.0784509854634e-32	62.3631403531232	KRT18
ENSG00000173991	-1.46564334975369	0.301424137931035	-13.0206918715304	1.15822983448321e-32	2.21295731574804e-32	62.3004688964966	TCAP
ENSG00000128266	-1.2055724137931	-0.81776157635468	-13.0126881496876	1.24728610710069e-32	2.38055133362259e-32	62.2266641383909	GNAZ
ENSG00000187848	-3.68798128078817	-6.91127093596057	-12.9960057529211	1.45544614601728e-32	2.77702876249461e-32	62.072891099378	P2RX2
ENSG00000175262	-3.13367980295566	-7.19350147783248	-12.9869170417	1.58306984348887e-32	3.01994834844391e-32	61.9891486878144	C1orf127
ENSG00000112149	-1.16556650246306	1.0229566502463	-12.9693460694215	1.86227108705858e-32	3.55118087268723e-32	61.8273207150879	CD83
ENSG00000178562	-2.3642566502463	-4.44918201970443	-12.9523695763555	2.17852355671872e-32	4.15343486296558e-32	61.6710546168641	CD28
ENSG00000254827	-2.02335123152709	-1.29171945812808	-12.9506272203103	2.21386704024951e-32	4.2199950936945e-32	61.655021323529	SLC22A18AS
ENSG00000163833	-2.61426995073892	-6.44853990147783	-12.9152307614931	3.06942960804732e-32	5.83944639801994e-32	61.3294959986545	FBXO40
ENSG00000254979	-2.39550837438424	0.786610837438424	-12.8939380629317	3.73546518315143e-32	7.1037816863707e-32	61.1338569035448	
ENSG00000167755	-3.44018522167488	-0.701475369458129	-12.8436652999499	5.93581884872564e-32	1.12630131024174e-31	60.6724876885981	KLK6
ENSG00000163792	-2.53229999999999	-7.78719926108374	-12.8417541664366	6.04116206546335e-32	1.14606726612256e-31	60.6549636777624	TCF23
ENSG00000133454	-2.60538325123152	-3.5653078817734	-12.8245918987941	7.074673460763e-32	1.34122301872556e-31	60.4976451084123	MYO18B
ENSG00000082175	-1.76130985221674	-3.25030172413793	-12.8190610427623	7.4439144789547e-32	1.41095030793145e-31	60.4469653943432	PGR
ENSG00000157322	-2.72649852216748	-2.37310197044335	-12.818999156884	7.44815280274525e-32	1.41161674009551e-31	60.4463983813726	CLEC18A
ENSG00000158423	-1.57146009852217	-1.19544876847291	-12.8168699865244	7.59544524212114e-32	1.43925328150423e-31	60.4268911326054	RIBC1
ENSG00000120324	-1.50979310344828	-1.4107842364532	-12.8046327324801	8.5000559698515e-32	1.60973053360634e-31	60.3148014287385	PCDHB10
ENSG00000233670	-3.10613349753694	-7.87346477832511	-12.7910605679055	9.62938385668877e-32	1.82236509129781e-31	60.1905378468484	PIRT
ENSG00000111262	-3.20516650246305	-7.04458916256157	-12.7780824155189	1.08487994155207e-31	2.05274243007461e-31	60.0717656773537	KCNA1
ENSG00000101188	-2.91379458128079	-5.18033374384235	-12.7762516311661	1.10327758367195e-31	2.08735119954664e-31	60.0550150465483	NTSR1
ENSG00000149633	-1.65112512315271	-1.06452019704434	-12.7712031198622	1.15563679835389e-31	2.18577761454043e-31	60.0088293884706	KIAA1755
ENSG00000120440	-2.77588078817734	-7.96688029556647	-12.7702589446978	1.16570039803818e-31	2.20459858496682e-31	60.0001925928356	TTLL2
ENSG00000185338	-1.38626945812808	1.19314359605911	-12.7668603483648	1.20265302071129e-31	2.27382404515673e-31	59.9691063710212	SOCS1
ENSG00000162877	-4.25952463054187	-2.06199975369458	-12.7637947100246	1.23698558254315e-31	2.33828325150495e-31	59.9410686930666	PM20D1
ENSG00000151360	-3.50847290640393	-7.49837389162558	-12.7636789619742	1.23830082234204e-31	2.34054305737578e-31	59.94001014264	ALLC
ENSG00000157570	-1.96972610837438	0.710005418719212	-12.7606989572544	1.27264643515239e-31	2.4052279144824e-31	59.9127585319	TSPAN18
ENSG00000102313	-2.41773891625615	-8.12920049261082	-12.7603960620226	1.27619011593129e-31	2.41169202645096e-31	59.9099887622981	ITIH6
ENSG00000126785	-1.63420295566502	0.866698522167487	-12.7537556555667	1.35639744496821e-31	2.56301671529382e-31	59.8492738966219	RHOJ
ENSG00000187260	-1.20165665024631	0.333276600985222	-12.7456140270775	1.46162245256215e-31	2.7607796218799e-31	59.7748515583565	WDR86
ENSG00000177839	-1.63612610837439	-1.48163743842365	-12.7338396852323	1.62834399806471e-31	3.07450226185319e-31	59.6672589582956	PCDHB9
ENSG00000261115	-2.03924679802956	-3.90138990147783	-12.7288467709108	1.70464232896801e-31	3.21762971048903e-31	59.6216472332676	TMEM178B
ENSG00000129757	-1.4531684729064	3.31624581280788	-12.7244148981829	1.77534583946832e-31	3.3501166854857e-31	59.5811672612357	CDKN1C
ENSG00000188536	-3.70178522167488	4.64565862068966	-12.7183608275712	1.87667385582347e-31	3.53995757630331e-31	59.5258802599252	HBA2
ENSG00000203730	-2.83624679802955	-6.564692364532	-12.6968088011478	2.28646465846111e-31	4.30753806571358e-31	59.3291552903764	TEDDM1
ENSG00000171435	-2.41594285714286	-6.52928078817733	-12.6920355293406	2.38865542522358e-31	4.49875716265606e-31	59.2856048708228	KSR2
ENSG00000079435	-1.33437586206897	2.30608251231527	-12.6890020817505	2.45595037514774e-31	4.62460803923078e-31	59.2579319715389	LIPE
ENSG00000116783	-2.585739408867	-1.33825344827586	-12.6769878229392	2.7415518941702e-31	5.16091003909777e-31	59.1483590686324	TNNI3K
ENSG00000134571	-2.66000344827586	-4.01167019704432	-12.676013646713	2.76611110382498e-31	5.2061391881872e-31	59.1394763290234	MYBPC3
ENSG00000127507	-1.40907980295567	-0.0721694581280788	-12.6666953025823	3.01239072891669e-31	5.66639133934834e-31	59.0545247739902	ADGRE2
ENSG00000128052	-1.7022275862069	0.668866995073892	-12.6519952800219	3.44605641830842e-31	6.47838715984446e-31	58.9205660527352	KDR
ENSG00000179314	-1.4366354679803	-1.09449261083744	-12.6464258783681	3.62614425330892e-31	6.81563056633288e-31	58.869830823841	WSCD1
ENSG00000128253	-3.08808620689655	-7.84084753694578	-12.6318730546692	4.14220902795768e-31	7.78112552382476e-31	58.737306022651	RFPL2
ENSG00000177483	-1.22438768472906	-2.38798694581281	-12.630072943846	4.21092971344666e-31	7.90869663240505e-31	58.7209180188473	RBM44
ENSG00000064651	-1.14321970443349	3.15243054187192	-12.6257431155944	4.380911996424e-31	8.22478453589373e-31	58.6815039495165	SLC12A2
ENSG00000203907	-4.24173152709359	-4.24748990147782	-12.6143253769498	4.86265310500609e-31	9.12570507807826e-31	58.5775976576542	OOEP
ENSG00000197321	-1.01659064039409	4.00008743842365	-12.6091586344965	5.09765689361599e-31	9.56306143947813e-31	58.5305916695219	SVIL
ENSG00000229474	-1.4956842364532	-0.61159236453202	-12.5859814464461	6.29903538065728e-31	1.18100114562798e-30	58.3198345678423	PATL2
ENSG00000179796	-3.37936995073891	-7.27576231527091	-12.5821422205151	6.52364852299348e-31	1.22264447526938e-30	58.2849398418844	LRRC3B
ENSG00000182255	-2.85253004926108	-7.20477093596057	-12.5807172678979	6.60903038217725e-31	1.23852773042297e-30	58.2719896426822	KCNA4
ENSG00000182054	-1.4876236453202	5.37511330049261	-12.5780721820594	6.77048364666338e-31	1.26817589785388e-30	58.247952392861	IDH2
ENSG00000118946	-2.2224448275862	-4.27849778325123	-12.567123068108	7.48167361937901e-31	1.40098568292358e-30	58.1484759462307	PCDH17
ENSG00000154118	-2.25716896551724	-4.69853078817734	-12.5655291322908	7.59123409831408e-31	1.42136530371998e-30	58.1339976884462	JPH3
ENSG00000269502	-3.06865763546798	-8.02878793103445	-12.5651661337425	7.61640770901929e-31	1.42594212923601e-30	58.1307005635334	DMRTC1
ENSG00000166816	-1.58034236453202	0.970867733990147	-12.5595068589927	8.01980244453309e-31	1.50132176809144e-30	58.0793026818309	LDHD
ENSG00000111341	-1.80613743842365	6.51296970443349	-12.5576493840917	8.15678899978124e-31	1.52681964208549e-30	58.0624352153272	MGP
ENSG00000164406	-1.06053054187192	0.916483990147784	-12.5475714053293	8.94169012531099e-31	1.67277913487294e-30	57.9709377927596	LEAP2
ENSG00000278558	-2.88405123152709	-0.706159113300493	-12.5446110097209	9.1862378403137e-31	1.71819927139558e-30	57.9440667126976	TMEM191B
ENSG00000008056	-1.11044433497537	-1.50614039408867	-12.542343371737	9.37805597747397e-31	1.75390917706763e-30	57.9234855961408	SYN1
ENSG00000124701	-3.2616039408867	-4.12368177339901	-12.539188728176	9.65155943687447e-31	1.80454242743399e-30	57.89485675131	APOBEC2
ENSG00000198765	-3.24302758620689	-7.49797832512313	-12.5271652353828	1.07688331690943e-30	2.01093681596218e-30	57.785771169082	SYCP1
ENSG00000177947	-2.69578866995073	-7.7106002463054	-12.5235393631661	1.11303955944994e-30	2.07706446435931e-30	57.75288384206	CIMAP1A
ENSG00000244094	-4.52693940886699	-5.95697660098521	-12.5231537529696	1.11695520375993e-30	2.08417249994047e-30	57.7493865360466	SPRR2F
ENSG00000185899	-3.18854236453201	-8.13200123152706	-12.5220721728346	1.1280113909807e-30	2.10440082124534e-30	57.73957736063	TAS2R60
ENSG00000174123	-2.83945517241379	-5.42984975369457	-12.518055075874	1.17003808923208e-30	2.18218021948591e-30	57.7031484036956	TLR10
ENSG00000248405	-4.1833527093596	-4.85126009852215	-12.5026909843154	1.34567555114807e-30	2.50783822435013e-30	57.5638675554705	PRR5-ARHGAP8
ENSG00000101605	-1.31017192118227	-0.333141133004926	-12.5016293185357	1.35873997497283e-30	2.53170257350487e-30	57.554246004482	MYOM1
ENSG00000112077	-3.18953004926108	-6.36016354679801	-12.4898381004498	1.5126136938547e-30	2.81626303404236e-30	57.4474103621056	RHAG
ENSG00000019102	-1.59321773399015	-0.800968965517242	-12.489356965575	1.51924834597227e-30	2.82834630627704e-30	57.4430519432576	VSIG2
ENSG00000169507	-2.62409261083743	-2.55266945812808	-12.4772765508526	1.69567465279667e-30	3.15469098105032e-30	57.3336446722812	SLC38A11
ENSG00000171643	-2.97506945812807	-8.2939229064039	-12.4664953085625	1.87028577237261e-30	3.47755704697484e-30	57.2360435378932	S100Z
ENSG00000173890	-1.47745172413793	-1.32035837438424	-12.4659097883035	1.88026561460317e-30	3.495780671732e-30	57.2307439855382	GPR160
ENSG00000240021	-3.20362019704433	-4.14691896551723	-12.4647512936732	1.90016804083471e-30	3.53244709417731e-30	57.2202587630776	TEX35
ENSG00000265303	-5.0215369458128	-6.53376305418717	-12.4444508276998	2.28502929248423e-30	4.24468083970788e-30	57.0365958051764	
ENSG00000152270	-1.38158571428571	-2.73399729064039	-12.4395785737896	2.38840389670813e-30	4.43586665552844e-30	56.9925354561419	PDE3B
ENSG00000124260	-2.64721921182266	-8.41813817733986	-12.4376606451733	2.43036280510141e-30	4.51336595431832e-30	56.9751935405902	MAGEA10
ENSG00000174255	-2.86403004926108	-7.49088152709357	-12.4343819326126	2.50379926371452e-30	4.64885940251869e-30	56.9455502043368	ZNF80
ENSG00000203737	-3.50414581280788	-6.23836650246304	-12.4315209317081	2.56968323428023e-30	4.7707343496394e-30	56.9196863414776	GPR52
ENSG00000121933	-3.66262807881773	-3.58620615763546	-12.4097254052317	3.13166643102041e-30	5.80801228006081e-30	56.7227398590995	TMIGD3
ENSG00000183888	-2.40602709359605	-8.45848891625613	-12.4028200228401	3.33407751930021e-30	6.18164543474048e-30	56.660374761546	SRARP
ENSG00000171431	-3.28813497536945	-5.49319901477831	-12.4027325618967	3.33672302180502e-30	6.18596350366319e-30	56.6595849697673	KRT20
ENSG00000166589	-3.16128226600985	-6.41020221674875	-12.3973316819709	3.50420437055114e-30	6.49460942804538e-30	56.6108187112632	CDH16
ENSG00000086717	-2.86940295566501	-3.88801083743842	-12.3849317914313	3.92108377269665e-30	7.26173418177009e-30	56.4988926104821	PPEF1
ENSG00000105695	-3.40056650246305	-5.03193152709358	-12.3816311394447	4.04014272089108e-30	7.48151890947157e-30	56.4691082452993	MAG
ENSG00000171094	-2.90135566502463	-5.6225857142857	-12.3637197286299	4.7518758179754e-30	8.79616910437391e-30	56.3075425178513	ALK
ENSG00000158816	-2.64140689655172	-8.2149596059113	-12.3570278302629	5.04871951460058e-30	9.34299969264438e-30	56.247207124439	VWA5B1
ENSG00000142405	-2.62073399014778	-7.26218719211821	-12.3568216792689	5.05815158877055e-30	9.35956806625831e-30	56.2453486653078	NLRP12
ENSG00000047457	-1.78325369458128	1.86983374384236	-12.3561125903662	5.09072891052235e-30	9.41895705069379e-30	56.2389563095278	CP
ENSG00000277893	-2.38050788177339	-7.80195394088668	-12.3499373627141	5.38341549866554e-30	9.9567202039487e-30	56.1832944073017	SRD5A2
ENSG00000149124	-3.52074433497536	-6.22735788177338	-12.3425579401818	5.75523498820078e-30	1.06393720688128e-29	56.1167948595463	GLYAT
ENSG00000215183	-3.71231280788177	-7.67871256157632	-12.3422818109714	5.76963380775742e-30	1.0664981448278e-29	56.1143068778838	MSMP
ENSG00000161640	-3.12010197044334	-6.8690160098522	-12.341931977461	5.7879274900329e-30	1.0697784830249e-29	56.1111548416478	SIGLEC11
ENSG00000175513	-3.64875714285713	-6.02640665024629	-12.3406032440573	5.857938309397e-30	1.08261613809567e-29	56.0991831876989	TSGA10IP
ENSG00000085514	-1.17632413793104	1.57048472906404	-12.32885610742	6.514758275919e-30	1.20320769518958e-29	55.9933691905663	PILRA
ENSG00000173334	-1.12990246305419	2.96854581280789	-12.3217845196718	6.94500473160185e-30	1.28218500203083e-29	55.9296930992881	TRIB1
ENSG00000277639	-1.21783497536946	1.17169679802956	-12.3211050826046	6.98780402976134e-30	1.28996473030036e-29	55.9235759912387	CHD9NB
ENSG00000170011	-1.62847290640394	-1.53933448275862	-12.3200380340677	7.05555071592775e-30	1.30222489696506e-29	55.9139694514053	MYRIP
ENSG00000124116	-2.7069315270936	1.8325657635468	-12.3117676122507	7.60330852210723e-30	1.40266076785632e-29	55.8395245389008	WFDC3
ENSG00000182272	-1.34584236453202	0.980497044334975	-12.2865868092403	9.54571825798807e-30	1.75983420941135e-29	55.6130048474152	B4GALNT4
ENSG00000198125	-2.54338916256158	1.4285802955665	-12.2840705292393	9.76511076680889e-30	1.80011125936213e-29	55.5903807967817	MB
ENSG00000219438	-2.71053004926108	0.302292118226601	-12.2753531145157	1.05647414060604e-29	1.94696507503991e-29	55.5120184170702	TAFA5
ENSG00000221880	-5.13183645320197	-6.68148817733988	-12.2586224156867	1.22865741652008e-29	2.26257286408174e-29	55.361695114169	KRTAP1-3
ENSG00000105967	-2.72779655172413	-3.80831157635468	-12.2439738231243	1.40219822746588e-29	2.58020317901489e-29	55.2301571005739	TFEC
ENSG00000115665	-2.35999901477832	-8.35109408866993	-12.2344393197765	1.52805683148758e-29	2.81100316303589e-29	55.1445805234121	SLC5A7
ENSG00000187191	-3.38896354679802	-8.27131822660095	-12.2254205698142	1.65744153074532e-29	3.04815757517647e-29	55.0636615263607	DAZ3
ENSG00000187955	-1.78804778325123	1.45606034482759	-12.2239776328811	1.67913136159536e-29	3.08775619349738e-29	55.0507176228391	COL14A1
ENSG00000178809	-1.04663201970443	1.17514753694581	-12.2099672580519	1.90499559914887e-29	3.50079217590439e-29	54.9250741064807	TRIM73
ENSG00000132744	-3.24306699507389	-7.21378177339899	-12.2048027929264	1.99567793453934e-29	3.66674860819554e-29	54.8787766522967	ACY3
ENSG00000184293	-3.80629064039408	-6.22085862068964	-12.1986047767862	2.11020036639101e-29	3.87607252185479e-29	54.8232258506815	CLECL1P
ENSG00000198216	-2.28243300492611	-7.3866751231527	-12.1914583222761	2.25039237011598e-29	4.13086301867429e-29	54.7591908295795	CACNA1E
ENSG00000162526	-1.19046896551724	0.483908374384236	-12.1901785353838	2.27645978034667e-29	4.17832037452189e-29	54.7477252872605	TSSK3
ENSG00000185345	-1.04484630541872	0.100238916256158	-12.1886832071497	2.30729861703717e-29	4.23412804715376e-29	54.7343294330023	PRKN
ENSG00000141433	-3.4827290640394	-6.05663399014777	-12.1761933282762	2.58167883419525e-29	4.73408724573929e-29	54.622469191531	ADCYAP1
ENSG00000204595	-3.32427536945812	-8.07272733990144	-12.1737289064276	2.63953918545502e-29	4.83927899072727e-29	54.6004039847926	DPRX
ENSG00000169962	-1.46631231527093	-2.85921921182266	-12.1710096934766	2.70488113710756e-29	4.95861042977073e-29	54.5760599290245	TAS1R3
ENSG00000163464	-3.32800837438423	-5.01165640394087	-12.153866822066	3.15555652590206e-29	5.78316474061504e-29	54.4226450963853	CXCR1
ENSG00000128342	-1.52728866995074	1.12845270935961	-12.1465093199085	3.37122178281366e-29	6.17725420344534e-29	54.3568324919751	LIF
ENSG00000170819	-3.78648719211822	-7.08249187192115	-12.1431044130395	3.47593534509447e-29	6.36852883122408e-29	54.326382047391	BFSP2
ENSG00000114349	-3.03345763546797	-8.13827660098519	-12.1343664849973	3.75971773075728e-29	6.88653143635381e-29	54.2482561779857	GNAT1
ENSG00000215529	-2.74099852216749	-4.92039187192117	-12.1330080186348	3.80586279535204e-29	6.96974704777148e-29	54.2361124958513	EFCAB8
ENSG00000131480	-1.01123891625616	-0.722923891625616	-12.1302530005187	3.90118546960619e-29	7.14297446332279e-29	54.2114866395966	AOC2
ENSG00000152503	-1.51346748768473	-2.3479775862069	-12.1270497600146	4.01500927902563e-29	7.35069433489965e-29	54.1828576345795	TRIM36
ENSG00000237988	-3.15307290640393	-8.07883004926105	-12.1260640750357	4.05069548132657e-29	7.41533406052308e-29	54.1740487777209	OR2I1P
ENSG00000185940	-3.84827093596058	-7.83406699507386	-12.1181355249258	4.3494731565869e-29	7.95781335324606e-29	54.1032052757514	KRTAP5-5
ENSG00000129159	-2.34540492610838	-6.05276896551723	-12.1085783448964	4.73892810992237e-29	8.66711587497454e-29	54.0178386011224	KCNC1
ENSG00000173585	-2.94039704433497	-7.50214729064036	-12.0934412483623	5.42800717994824e-29	9.92181426532116e-29	53.8826960332579	CCR9
ENSG00000133256	-2.00528374384236	-1.53260197044335	-12.0816103986593	6.03530162204532e-29	1.10236343862052e-28	53.777126973628	PDE6B
ENSG00000092850	-2.41360985221674	-3.5703881773399	-12.0725286611972	6.54697854667136e-29	1.19537564009205e-28	53.6961219948399	TEKT2
ENSG00000198785	-1.07868275862069	-3.71367487684729	-12.0551820774332	7.647363835152e-29	1.39563675818585e-28	53.5414786522409	GRIN3A
ENSG00000120659	-3.22040738916255	-6.77044999999998	-12.0480806319554	8.14930223489965e-29	1.48668469262891e-28	53.4782003375953	TNFSF11
ENSG00000163710	-1.3453960591133	1.83380837438423	-12.0445042562631	8.41437075674195e-29	1.5344683961203e-28	53.4463393113314	PCOLCE2
ENSG00000185666	-2.8118842364532	-3.36981896551724	-12.0373879771332	8.9676083668386e-29	1.6350532067994e-28	53.3829555749462	SYN3
ENSG00000254402	-1.06295172413793	-0.343057142857143	-12.0278217329428	9.76878704184089e-29	1.78013461741565e-28	53.2977784563759	LRRC24
ENSG00000185988	-3.13103940886699	-4.3307881773399	-12.0139927902165	1.10545385709271e-28	2.01386960709478e-28	53.1747037122245	PLK5
ENSG00000105664	-2.89249162561576	3.3073	-11.999413875908	1.25927841589382e-28	2.29303194217266e-28	53.0450276622349	COMP
ENSG00000124490	-3.57786256157635	-5.09360123152708	-11.9978107180267	1.27744351272044e-28	2.32589221332179e-28	53.0307725447755	CRISP2
ENSG00000167083	-3.39450640394088	-3.47829211822659	-11.9956200300113	1.30268835025665e-28	2.37119371653461e-28	53.0112946438058	GNGT2
ENSG00000179674	-3.30082463054186	-7.1543950738916	-11.9859037500113	1.42077838442545e-28	2.58470035267567e-28	52.9249255554408	ARL14
ENSG00000248483	-2.55596157635468	-5.9455960591133	-11.980353841512	1.49295241866078e-28	2.71549480318958e-28	52.8756068677832	POU5F2
ENSG00000196224	-4.11525862068965	-7.42330665024628	-11.9700674485424	1.63651081736079e-28	2.97577876550335e-28	52.7842269061472	KRTAP5-3
ENSG00000172594	-1.04914137931034	4.98173078817734	-11.9683978451899	1.66107490305571e-28	3.02016428689195e-28	52.7693984145989	SMPDL3A
ENSG00000095587	-1.92271674876847	-4.1424539408867	-11.962970489342	1.7434894769206e-28	3.16912578904124e-28	52.7212025207264	TLL2
ENSG00000183709	-3.15575812807881	-8.32791995073888	-11.956241225031	1.85134743183518e-28	3.36423949348365e-28	52.6614600539891	IFNL2
ENSG00000177243	-4.09827487684728	-5.67584876847289	-11.9553560392176	1.86602110523288e-28	3.390588976147e-28	52.6536025712059	DEFB103B
ENSG00000128016	-1.26573054187192	8.0352578817734	-11.9532573327869	1.90127560016711e-28	3.45432575106598e-28	52.634974212956	ZFP36
ENSG00000188338	-2.55319162561576	-3.46802438423645	-11.9479308069792	1.99375733983882e-28	3.62100426906414e-28	52.5877024363362	SLC38A3
ENSG00000138190	-1.0087763546798	1.54495418719212	-11.9417095199034	2.10745869543328e-28	3.82643852328878e-28	52.5325027076441	EXOC6
ENSG00000108417	-3.32542068965517	-8.05032167487682	-11.9316755298667	2.30459686161943e-28	4.18243238017894e-28	52.4435031786184	KRT37
ENSG00000186335	-2.86496256157635	-7.10675517241377	-11.9059597987109	2.89771654845751e-28	5.25444713649037e-28	52.2155748871159	SLC36A2
ENSG00000135443	-5.19141428571428	-5.33840123152708	-11.8923724668387	3.27014411256249e-28	5.92812210089946e-28	52.0952414529306	KRT85
ENSG00000205867	-4.11285221674876	-7.09435320197042	-11.890052939645	3.33832292903768e-28	6.05059420137769e-28	52.0747056994644	KRTAP5-2
ENSG00000118160	-1.7132724137931	-2.94890812807882	-11.8867619553703	3.43749115442857e-28	6.22975536862127e-28	52.0455725660512	SLC8A2
ENSG00000184344	-2.83181231527093	-8.32526921182262	-11.8840767113112	3.52057495349992e-28	6.37973625197473e-28	52.021804595813	GDF3
ENSG00000170382	-1.74567192118226	-2.84988522167488	-11.8726426490899	3.89732226031908e-28	7.05721567931389e-28	51.9206272296022	LRRN2
ENSG00000006059	-4.38197389162561	-7.38044014778322	-11.8652952181098	4.160330778636e-28	7.52858450561206e-28	51.8556365449477	KRT33A
ENSG00000204928	-2.93811576354679	-8.3089938423645	-11.8354286059112	5.42411732942099e-28	9.80374591671707e-28	51.5916577207807	GRXCR2
ENSG00000171533	-1.19635911330049	1.49010320197044	-11.8016874442368	7.31659200565844e-28	1.32083917759425e-27	51.2938253218464	MAP6
ENSG00000176907	-1.54896256157636	1.40586748768473	-11.8013607786028	7.33780850584909e-28	1.32454695936914e-27	51.2909438925482	TCIM
ENSG00000271079	-3.42174729064039	-2.17834359605911	-11.7978088531509	7.57249214121138e-28	1.36653099476916e-27	51.2596158488683	CTAGE15
ENSG00000087250	-3.16390295566502	-0.560061822660099	-11.7793123249109	8.92084193998906e-28	1.60866561955584e-27	51.0965511744733	MT3
ENSG00000213973	-2.0852369458128	-8.36504408866993	-11.7782549115198	9.00477196153668e-28	1.62350081808608e-27	51.0872328678947	ZNF99
ENSG00000171246	-2.27521822660098	-1.93194261083744	-11.7665999000583	9.98359562805554e-28	1.79914630914295e-27	50.9845520631401	NPTX1
ENSG00000120885	-1.43301970443349	6.68814630541872	-11.765008123599	1.01252513229751e-27	1.82450586771397e-27	50.9705323859632	CLU
ENSG00000180929	-2.11592512315271	-4.50281576354679	-11.756814696771	1.08866751550561e-27	1.96080558414845e-27	50.8983830595085	GPR62
ENSG00000167550	-1.07268866995074	0.352535960591133	-11.7559035060833	1.09747984630213e-27	1.9763132285695e-27	50.8903608707108	RHEBL1
ENSG00000198723	-3.48557142857143	-4.04880640394088	-11.7480165954862	1.1767843770757e-27	2.11795176798797e-27	50.8209367909223	SAXO5
ENSG00000155761	-2.13622315270936	-2.26062192118227	-11.7411173756365	1.25081951560596e-27	2.25053985552526e-27	50.7602257141697	SPAG17
ENSG00000163083	-2.19465517241379	2.09462167487685	-11.7287768561342	1.39499301975136e-27	2.50906153630751e-27	50.6516769081095	INHBB
ENSG00000153820	-2.40301674876847	-7.06262413793104	-11.7215766701192	1.48663273184965e-27	2.67265656355159e-27	50.5883693040969	SPHKAP
ENSG00000143632	-2.47980738916256	1.81521600985222	-11.6985941884348	1.82115581032211e-27	3.2713509371555e-27	50.3864252441109	ACTA1
ENSG00000146955	-3.13253891625615	-8.08392709359603	-11.6910968418694	1.9457325261454e-27	3.49288122597221e-27	50.320589731557	RAB19
ENSG00000188263	-2.48210246305418	-7.96003694581279	-11.6828192419196	2.09314529934944e-27	3.75681901541943e-27	50.2479271259551	IL17REL
ENSG00000157017	-2.70735763546798	-2.12202955665025	-11.6817378341034	2.11320712383706e-27	3.79247806171585e-27	50.2384361854308	GHRL
ENSG00000177459	-2.19103793103448	-2.62972832512316	-11.6712212559571	2.31856661074475e-27	4.15988144575597e-27	50.1461606643415	ERICH5
ENSG00000102243	-3.79413842364531	-6.48094162561574	-11.6638912157086	2.47333259240138e-27	4.43470644285785e-27	50.0818693264271	VGLL1
ENSG00000147408	-1.34512019704434	1.01480935960591	-11.6588661653049	2.58532944092878e-27	4.63296725672904e-27	50.0378065910816	CSGALNACT1
ENSG00000131233	-2.53828226600985	-2.95225541871921	-11.6544639956362	2.6875829253438e-27	4.81576614038772e-27	49.999213470076	GJA9
ENSG00000196972	-1.1662275862069	-0.359427586206896	-11.650905088549	2.77318369989961e-27	4.96823944475964e-27	49.9680184356656	SMIM10L2B
ENSG00000169851	-1.22128275862069	1.62000197044335	-11.6449328841348	2.92297020604957e-27	5.23514652796449e-27	49.9156807593642	PCDH7
ENSG00000186326	-1.94336600985221	-4.23843325123152	-11.631240490647	3.29747085021506e-27	5.90372655564844e-27	49.7957376999878	RGS9BP
ENSG00000213088	-1.80752857142857	4.64790221674876	-11.623571979662	3.5276903079895e-27	6.31243695620647e-27	49.7285938099168	ACKR1
ENSG00000171116	-2.44183300492611	-1.54142290640394	-11.6126437748766	3.88367016681168e-27	6.9456101766115e-27	49.6329472164223	HSFX1
ENSG00000123560	-1.10699261083744	2.1210012315271	-11.5835765750677	5.0142003875482e-27	8.95517309207338e-27	49.3787640760789	PLP1
ENSG00000004848	-2.47535862068965	-7.64756847290638	-11.5818318122293	5.09164004677654e-27	9.09264642183196e-27	49.363516932397	ARX
ENSG00000100985	-2.12881674876847	-0.909867980295567	-11.5806323285949	5.14556723442663e-27	9.18810991366641e-27	49.3530355514361	MMP9
ENSG00000135094	-2.31498177339901	-3.43089285714286	-11.5782906264385	5.25249042086314e-27	9.37732210894459e-27	49.3325747682596	SDS
ENSG00000183921	-2.54331527093596	-6.99205123152707	-11.5719339857647	5.55401540426668e-27	9.91473180142317e-27	49.277043740227	SDR42E2
ENSG00000278570	-2.1410842364532	-3.93713325123153	-11.5681141417093	5.74343039040729e-27	1.02519288170752e-26	49.2436813604044	NR2E3
ENSG00000124225	-1.05006945812808	2.87279384236453	-11.5529954145779	6.55832181664129e-27	1.16979486072293e-26	49.1116897237758	PMEPA1
ENSG00000170458	-1.23654137931035	1.91500418719212	-11.5504599811321	6.70582592202864e-27	1.19577744473295e-26	49.0895631002718	CD14
ENSG00000130643	-3.10052857142857	-4.22061403940886	-11.547942687205	6.85554022810366e-27	1.22225131956575e-26	49.0675972187319	CALY
ENSG00000204379	-3.5447408866995	-7.05916798029554	-11.5320491079354	7.88066793736424e-27	1.40399318836696e-26	48.9289661859066	XAGE1A
ENSG00000196074	-1.1070275862069	-0.190212807881773	-11.5175388693763	8.94912814741113e-27	1.59289427321895e-26	48.8024861391551	SYCP2
ENSG00000189157	-1.30968226600985	-1.36189729064039	-11.4876792839286	1.16225331511257e-26	2.06723894456447e-26	48.5424675721227	FAM47E
ENSG00000161850	-4.00109408866995	-7.01396527093593	-11.4872416148355	1.16671191672582e-26	2.07498036736948e-26	48.53865889636	KRT82
ENSG00000255181	-2.95162906403941	-7.55510763546795	-11.485670953292	1.18285307417535e-26	2.10330434718241e-26	48.52499132641	CCDC166
ENSG00000011347	-1.54759113300493	0.411814778325123	-11.473893918388	1.31117455899029e-26	2.330208551454e-26	48.422540512907	SYT7
ENSG00000168589	-2.28030738916256	-0.348580295566503	-11.4619072272868	1.45600554622306e-26	2.5861898186049e-26	48.3183211925991	DYNLRB2
ENSG00000204475	-3.63192709359606	-5.59110098522166	-11.4578889364022	1.50803527154941e-26	2.67787599060595e-26	48.2833963285699	NCR3
ENSG00000187682	-3.04321921182265	-6.8770041871921	-11.4464905820129	1.66590813070309e-26	2.95526295299562e-26	48.1843620886741	ERAS
ENSG00000122852	-3.68605024630542	-4.5917093596059	-11.4409925574455	1.74783351041586e-26	3.09975156189734e-26	48.1366108000471	SFTPA1
ENSG00000262152	-2.50999113300492	-7.925242364532	-11.4302119056684	1.92028961396413e-26	3.4034372969424e-26	48.0430132758344	GREP1
ENSG00000164690	-2.72355418719212	-6.86283719211822	-11.4176530231861	2.14264330435204e-26	3.79580595174032e-26	47.9340345328214	SHH
ENSG00000174473	-2.30461330049261	-4.24697315270936	-11.4081007748165	2.32875555869309e-26	4.12327091854492e-26	47.8511870382404	GALNTL6
ENSG00000021645	-1.30643004926109	-1.21981206896552	-11.3996175139966	2.50747702851121e-26	4.43890896740339e-26	47.7776410158853	NRXN3
ENSG00000177558	-2.92161625615763	-7.46892635467977	-11.3749576106549	3.10826337445477e-26	5.49648745485433e-26	47.5640117399627	FAM187B
ENSG00000214274	-1.06216206896552	4.02230763546798	-11.3730747847095	3.15962674493597e-26	5.58630470003969e-26	47.5477106355027	ANG
ENSG00000128573	-1.11771527093596	1.24259901477833	-11.3641235288725	3.41560482599588e-26	6.0366961661944e-26	47.4702317426266	FOXP2
ENSG00000244057	-3.65172709359605	-8.06603940886696	-11.3593438101139	3.56063420318137e-26	6.29131226026857e-26	47.4288731757813	LCE3C
ENSG00000204897	-5.0754527093596	-6.12263029556648	-11.3506413563708	3.84059882472166e-26	6.78291750860467e-26	47.3535946986201	KRT25
ENSG00000162891	-3.64614630541871	-4.54365098522167	-11.3158024217136	5.19837331410582e-26	9.17426273857635e-26	47.052530129236	IL20
ENSG00000102230	-2.39739950738916	-4.9112396551724	-11.3080524386729	5.56013045741817e-26	9.81004599123022e-26	46.9856235091211	PCYT1B
ENSG00000188996	-2.65079211822659	-2.91451330049261	-11.3052432476561	5.69735325970931e-26	1.00485268412671e-25	46.9613773164649	HUS1B
ENSG00000226979	-2.65408916256157	-4.26561551724138	-11.3003931699635	5.94224432278268e-26	1.04794999147928e-25	46.9195236062025	LTA
ENSG00000272899	-1.0308118226601	-1.49800541871921	-11.2903088960982	6.48544788320593e-26	1.14281895882426e-25	46.8325315590147	SPMIP1
ENSG00000101203	-2.90761527093596	-6.838031773399	-11.2892421031655	6.54572543980787e-26	1.1533366382177e-25	46.8233312448834	COL20A1
ENSG00000183569	-1.46879852216749	2.23478448275862	-11.2880906551558	6.61141184214652e-26	1.16480535718741e-25	46.8134013538473	SERHL2
ENSG00000174672	-1.6960369458128	-2.38354753694581	-11.2849027993446	6.7967094221727e-26	1.19723540227239e-25	46.7859126014197	BRSK2
ENSG00000169282	-1.06561034482759	-0.889142610837438	-11.2813081577925	7.01185540862369e-26	1.23491058395209e-25	46.7549210392887	KCNAB1
ENSG00000204577	-1.62387536945813	-1.17554556650246	-11.2798705151699	7.09978553594071e-26	1.25017128260365e-25	46.74252771036	LILRB3
ENSG00000134827	-3.36249852216748	-3.45744532019704	-11.2717570047504	7.61699164556404e-26	1.34063992378287e-25	46.6726000087942	TCN1
ENSG00000117707	-1.15186600985221	-2.24083201970443	-11.2691411058328	7.79160643111657e-26	1.3705092068126e-25	46.6500600654293	PROX1
ENSG00000204099	-3.13809408866995	-5.82883620689654	-11.2612845749883	8.34034116472337e-26	1.46663319572594e-25	46.5823806567271	NEU4
ENSG00000132446	-2.84346256157635	-8.32702635467977	-11.2609996711414	8.36094652628155e-26	1.47012432082593e-25	46.5799268436414	FTHL17
ENSG00000111291	-3.47518078817733	-2.13293669950739	-11.2564786246308	8.69478677327397e-26	1.52868666777616e-25	46.5409924552925	GPRC5D
ENSG00000170523	-4.36134926108374	-6.2212002463054	-11.2497595409256	9.21558075558524e-26	1.61966794788782e-25	46.4831442026428	KRT83
ENSG00000138039	-2.8280802955665	-5.50194901477831	-11.2428866899674	9.78040088377058e-26	1.71862776792235e-25	46.4239909182112	LHCGR
ENSG00000148346	-2.57911625615764	1.8521275862069	-11.2381153260323	1.01926401596944e-25	1.79042313708537e-25	46.3829359346427	LCN2
ENSG00000115155	-2.26387881773398	-3.63727438423645	-11.2152859025247	1.24171526263945e-25	2.17902295819865e-25	46.1866286092641	OTOF
ENSG00000035664	-1.21404926108374	2.8055354679803	-11.2149860497147	1.24493739724766e-25	2.1844811544414e-25	46.1840516173503	DAPK2
ENSG00000169059	-3.22967192118226	-7.68356896551721	-11.214386312267	1.25140698205637e-25	2.19563613246055e-25	46.1788974693876	VCX3A
ENSG00000103175	-2.38444187192118	-0.686485467980296	-11.2056345151975	1.34971045733713e-25	2.36662555022721e-25	46.1037010661119	WFDC1
ENSG00000132749	-2.25501083743842	-1.26184630541872	-11.2031735644536	1.37871091056029e-25	2.41725898207151e-25	46.0825619083682	TESMIN
ENSG00000160716	-1.37894778325123	-4.0383921182266	-11.1983334748423	1.43756813174245e-25	2.51999967980901e-25	46.0409935233836	CHRNB2
ENSG00000250254	-3.2832369458128	-7.60097216748766	-11.1870432309923	1.58475648484147e-25	2.77627173704814e-25	45.9440659949227	PTTG2
ENSG00000256463	-2.53396600985221	-7.83925541871919	-11.1809158211125	1.67081652672596e-25	2.92651219550763e-25	45.8914834881729	SALL3
ENSG00000106031	-1.77699901477832	-3.10128226600985	-11.1788541202293	1.70080604223463e-25	2.97877322793952e-25	45.8737943970477	HOXA13
ENSG00000105707	-1.98003201970443	-2.17005837438424	-11.1774628052135	1.72134607964114e-25	3.01393648314194e-25	45.861858098179	HPN
ENSG00000171433	-3.03106600985221	-8.15598325123149	-11.1760265437832	1.74280849011808e-25	3.05124202776272e-25	45.8495370258417	GLOD5
ENSG00000213759	-2.90015566502463	-8.31196551724134	-11.1655438567051	1.907726081156e-25	3.33877691903552e-25	45.7596360463383	UGT2B11
ENSG00000138678	-1.06991822660099	0.204663054187192	-11.1629596074368	1.95071240085958e-25	3.41278618957905e-25	45.7374800653918	GPAT3
ENSG00000081248	-2.19017980295567	-6.69598201970444	-11.1625492585036	1.95762620637192e-25	3.42457535806284e-25	45.7339622027985	CACNA1S
ENSG00000179564	-2.88993497536945	-4.96774187192117	-11.1594325902617	2.01093939145515e-25	3.51657964991647e-25	45.7072457010094	LSMEM2
ENSG00000204007	-2.30269901477832	-8.68923226600981	-11.1514041354276	2.15501744614969e-25	3.76752110687577e-25	45.6384430130597	GLT6D1
ENSG00000064042	-1.45975665024631	1.72879901477833	-11.141460314587	2.34777562019215e-25	4.10304338846315e-25	45.5532625354739	LIMCH1
ENSG00000129990	-1.77787586206897	-1.38617931034483	-11.1222538408376	2.76994251444585e-25	4.83996929696896e-25	45.3888515295246	SYT5
ENSG00000164266	-3.50315763546798	0.226344334975369	-11.1202542669829	2.81801683832246e-25	4.92309002811528e-25	45.3717435239173	SPINK1
ENSG00000155875	-2.87996748768473	-5.89742167487684	-11.109247067046	3.09789924658172e-25	5.40866140236754e-25	45.2775973329818	SAXO1
ENSG00000063515	-2.77517832512315	-8.14020049261081	-11.1073790995744	3.14806759166193e-25	5.49575994963887e-25	45.26162529265	GSC2
ENSG00000165409	-2.61965073891625	-3.53964802955665	-11.0949162893731	3.50409876497848e-25	6.11348076646812e-25	45.1550990116229	TSHR
ENSG00000148826	-2.44686403940887	-5.73211822660097	-11.0919513677532	3.5945326347794e-25	6.27013806559484e-25	45.1297656989827	NKX6-2
ENSG00000168356	-1.57248669950738	-4.27554039408867	-11.0893160056769	3.67686089871749e-25	6.41203066952856e-25	45.1072513095984	SCN11A
ENSG00000105501	-2.94171428571428	-7.79959162561574	-11.0806809567092	3.95998314894503e-25	6.90453164674195e-25	45.0335006232495	SIGLEC5
ENSG00000128276	-2.93414532019704	-7.99864014778322	-11.0679541808204	4.41724224486951e-25	7.69630420374822e-25	44.9248594493958	RFPL3
ENSG00000116014	-2.87206354679803	-7.73621551724134	-11.0677852083474	4.4236536840938e-25	7.70678793746643e-25	44.9234174806572	KISS1R
ENSG00000188729	-3.51941477832512	-5.03644679802954	-11.0645797786099	4.54704766961194e-25	7.92034990280386e-25	44.8960653931132	OSTN
ENSG00000086159	-3.02184581280788	-4.74276280788176	-11.0639495208962	4.5717093171221e-25	7.96259745768272e-25	44.8906878756552	AQP6
ENSG00000188782	-2.42527980295566	-8.37630738916252	-11.0570316066475	4.85130422143355e-25	8.44580731360841e-25	44.8316733438979	CATSPER4
ENSG00000159173	-2.50757586206896	-1.57947068965517	-11.0507098042731	5.12164635504326e-25	8.91407312702667e-25	44.7777614639946	TNNI1
ENSG00000254997	-2.23533793103448	-2.69041280788177	-11.0476515761026	5.25775199833847e-25	9.15014601046669e-25	44.7516870845728	KRTAP5-9
ENSG00000182463	-1.27506403940887	1.50958226600985	-11.0358042681317	5.81983024077215e-25	1.01202280267992e-24	44.6507140305049	TSHZ2
ENSG00000128815	-2.0963960591133	-1.93487142857143	-11.0349386827055	5.86316497253504e-25	1.01946765631533e-24	44.6433390548366	WDFY4
ENSG00000214562	-1.03950492610838	1.24661157635468	-11.0311853314994	6.05481578746709e-25	1.05260395088232e-24	44.611363307776	NUTM2D
ENSG00000205445	-4.06856305418718	-7.64430270935957	-11.0296950630151	6.13262718456614e-25	1.06594147861595e-24	44.5986689662148	KRTAP10-2
ENSG00000140506	-3.01397142857143	-5.26427536945812	-11.0212952380108	6.59017371834362e-25	1.14516427888913e-24	44.5271352981351	LMAN1L
ENSG00000146755	-2.95801083743841	-6.78673940886697	-11.0210323270216	6.6050298092524e-25	1.14764374973247e-24	44.524896800704	TRIM50
ENSG00000111816	-1.0471842364532	-1.74294088669951	-11.019681191603	6.68190425219527e-25	1.16089769644737e-24	44.5133933135122	FRK
ENSG00000205403	-1.25905369458128	0.463656403940887	-11.0164739227492	6.86796687430506e-25	1.1929055964596e-24	44.4860898756657	CFI
ENSG00000142611	-1.58432512315271	-2.54141724137931	-11.0163473209619	6.87541616239093e-25	1.19409334025456e-24	44.4850122046624	PRDM16
ENSG00000156886	-2.28443940886699	-8.20168128078815	-11.01451772441	6.98397158555922e-25	1.21251574915599e-24	44.4694388994938	ITGAD
ENSG00000106328	-1.78597389162561	-2.22342241379311	-11.0077215214167	7.4023458680316e-25	1.28480897906629e-24	44.4116027207114	FSCN3
ENSG00000119535	-1.86248275862069	-0.861934975369459	-10.9941479598627	8.31397143248256e-25	1.4423972810154e-24	44.2961487234079	CSF3R
ENSG00000164047	-3.54098423645319	-6.61096256157633	-10.9562273589481	1.14959963154124e-24	1.99126715117699e-24	43.974014524366	CAMP
ENSG00000159261	-3.31791330049261	-6.1120266009852	-10.9463418252615	1.25081577758905e-24	2.164668962597e-24	43.8901370121006	CLDN14
ENSG00000241186	-2.9872172413793	-7.12119187192116	-10.915737917239	1.62380506743797e-24	2.80569395471908e-24	43.630729344242	TDGF1
ENSG00000187116	-3.50681970443349	-5.09726847290639	-10.9131906307655	1.65943433143484e-24	2.8670025377862e-24	43.6091557396884	LILRA5
ENSG00000174453	-2.08313743842364	-8.29841502463052	-10.9097966624714	1.70811676804891e-24	2.95085023702367e-24	43.5804156676832	VWC2L
ENSG00000248751	-2.33114384236453	-0.498676354679803	-10.9092057217274	1.71673708817245e-24	2.96548008283091e-24	43.5754120918434	
ENSG00000164659	-1.02184778325123	1.19524507389163	-10.8984989476587	1.88063035205013e-24	3.24715306059053e-24	43.4847821523119	ELAPOR2
ENSG00000119946	-1.1352354679803	-0.591860591133005	-10.8966716935882	1.91011528002668e-24	3.29777125207892e-24	43.4693198258367	CNNM1
ENSG00000147160	-4.63496896551723	-4.19531305418718	-10.8920323457315	1.98705784570614e-24	3.43030781102379e-24	43.4300678071077	AWAT2
ENSG00000141668	-3.32699704433497	-7.11562807881771	-10.8896392741672	2.02794321794418e-24	3.50058001634708e-24	43.4098243976845	CBLN2
ENSG00000006611	-3.09108916256157	-6.95453472906402	-10.8843598109143	2.12112416420128e-24	3.65981003150462e-24	43.3651731530579	USH1C
ENSG00000183066	-1.06287931034483	-0.886956896551724	-10.8833056550432	2.14023335394423e-24	3.69245521345265e-24	43.3562590202577	WBP2NL
ENSG00000004809	-3.41422758620689	-6.19409408866993	-10.8801051755252	2.19930495665522e-24	3.79302951751446e-24	43.329198098633	SLC22A16
ENSG00000096996	-2.06782709359606	-3.6571184729064	-10.8756120472	2.28497994703761e-24	3.9397457318695e-24	43.2912148777844	IL12RB1
ENSG00000056291	-2.85057438423645	-7.8286280788177	-10.8707645964298	2.38113508358225e-24	4.10481137997216e-24	43.2502460426457	NPFFR2
ENSG00000118491	-3.28515320197044	-6.56346921182264	-10.8667561343701	2.46367866024028e-24	4.24635812122204e-24	43.2163756314117	ZC2HC1B
ENSG00000172238	-2.29824827586206	-8.48210738916253	-10.8641105783785	2.51970891193199e-24	4.34254798103668e-24	43.1940251788782	ATOH1
ENSG00000141431	-2.03858325123153	-4.69161921182266	-10.8531662883749	2.76527719627115e-24	4.7632478598088e-24	43.1015964426021	ASXL3
ENSG00000133083	-1.52031527093596	1.69544827586207	-10.8457815415007	2.9442769798656e-24	5.07113174162995e-24	43.0392584945977	DCLK1
ENSG00000168830	-2.36820049261083	-8.54718251231524	-10.8449574272938	2.96495388068958e-24	5.10584497148711e-24	43.0323032331301	HTR1E
ENSG00000167011	-2.84525615763547	-5.76424729064038	-10.8401236176011	3.08917291027936e-24	5.31882088217438e-24	42.9915133039804	NAT16
ENSG00000101098	-1.68169458128079	-3.86721083743842	-10.8280391520057	3.4228195823119e-24	5.89120488616691e-24	42.8895830122127	RIMS4
ENSG00000109758	-2.52189162561576	-4.49329162561576	-10.8272987983097	3.44438737189216e-24	5.92780431717451e-24	42.8833403090756	HGFAC
ENSG00000113319	-1.53253448275862	-1.03793275862069	-10.8268465802907	3.45762767869416e-24	5.94954302166428e-24	42.8795272981834	RASGRF2
ENSG00000187902	-1.72939014778325	-5.38183054187192	-10.8261363524436	3.47852435718889e-24	5.9849729695532e-24	42.873538978726	SHISA7
ENSG00000099834	-1.92143103448275	-3.69001502463054	-10.823695411798	3.55130480791836e-24	6.10911959122716e-24	42.8529597329102	CDHR5
ENSG00000178662	-1.44318226600985	-1.91840738916256	-10.8149530334016	3.82461405958019e-24	6.57696303698664e-24	42.7792750155915	CSRNP3
ENSG00000125337	-2.84373842364531	-3.93517019704433	-10.7921333250662	4.64055999079256e-24	7.97380095173713e-24	42.5870959987282	KIF25
ENSG00000162771	-3.31343448275861	-7.76140197044332	-10.7895954071436	4.74137939223779e-24	8.14630174811947e-24	42.5657365528461	GARIN4
ENSG00000156959	-1.8196369458128	-4.41741305418719	-10.769522491343	5.61939959529302e-24	9.64976334720705e-24	42.3968988813429	LHFPL4
ENSG00000182175	-1.2308842364532	2.73247512315271	-10.7643211916733	5.87214848376761e-24	1.00775907323954e-23	42.3531782120966	RGMA
ENSG00000274209	-2.50301625615763	-8.34482438423642	-10.7568480668249	6.25519706184763e-24	1.07321388044448e-23	42.2903818553252	ANTXRL
ENSG00000212901	-5.14108325123152	-6.34837068965515	-10.7547601014211	6.36659024582441e-24	1.09213401144576e-23	42.2728411223663	KRTAP3-1
ENSG00000133878	-2.41852709359605	-4.08619704433498	-10.7371275806447	7.3894474796297e-24	1.26637360911097e-23	42.124788482166	DUSP26
ENSG00000232593	-1.90816403940887	-1.05000172413793	-10.7338176807621	7.59891681806315e-24	1.30215742247098e-23	42.0970118416827	KANTR
ENSG00000148798	-1.34725024630542	-1.79069901477833	-10.7311815345725	7.76996086611961e-24	1.33135094472345e-23	42.0748927654169	INA
ENSG00000081479	-2.63123694581281	-7.2989672413793	-10.7220155735489	8.39501976612779e-24	1.43820001989716e-23	41.998007758893	LRP2
ENSG00000198822	-2.48659359605912	-6.77536674876846	-10.6834599574899	1.16197607284067e-23	1.98803505650957e-23	41.6750034913905	GRM3
ENSG00000125462	-3.07196945812807	-3.04897881773398	-10.6670505269604	1.33412871437905e-23	2.28137411064013e-23	41.5377302958653	MIR9-1HG
ENSG00000168298	-3.33925566502463	-1.95648103448276	-10.6580756198847	1.43877478570912e-23	2.45902893670873e-23	41.4627010246983	H1-4
ENSG00000257008	-2.33178866995073	-8.54333965517237	-10.6491403815692	1.55105756424544e-23	2.65023755534531e-23	41.3880388252495	GPR142
ENSG00000184502	-3.01563399014778	-8.24954999999997	-10.6297671059464	1.82530445587355e-23	3.11638124031809e-23	41.2262788506233	GAST
ENSG00000158089	-1.29364187192118	0.563737192118226	-10.6219801931193	1.94865774121749e-23	3.32553223114769e-23	41.1613079125344	GALNT14
ENSG00000159289	-2.68488226600985	-4.38979039408866	-10.6063761598784	2.22132318108118e-23	3.78787937213685e-23	41.031195320074	GOLGA6A
ENSG00000154451	-1.51681527093596	-2.31225837438424	-10.6000738444142	2.34191112922612e-23	3.99316179105985e-23	40.9786749323702	GBP5
ENSG00000204913	-2.95902709359605	-7.71438497536943	-10.5989659518851	2.36377190525935e-23	4.03008467741914e-23	40.9694441367653	LRRC3C
ENSG00000105641	-2.44835172413793	-7.53117931034481	-10.5853366470199	2.6498850874249e-23	4.51513247697771e-23	40.8559317195899	SLC5A5
ENSG00000182533	-3.04632561576354	-5.73767610837437	-10.5805053378318	2.75936001635851e-23	4.70043701531364e-23	40.8157138615649	CAV3
ENSG00000124749	-1.48030738916256	1.57276798029556	-10.5778994946389	2.82026093268577e-23	4.80292280144186e-23	40.7940260656582	COL21A1
ENSG00000168229	-1.80604433497536	-2.60043399014778	-10.5774159746118	2.83170727187231e-23	4.82199577439254e-23	40.7900021815751	PTGDR
ENSG00000183549	-2.39312807881773	-0.533891133004926	-10.5754925287899	2.87769979821455e-23	4.89946066010705e-23	40.7739961826964	ACSM5
ENSG00000117560	-2.65557536945812	-7.49377389162559	-10.5740583405994	2.91247584498791e-23	4.95780513612837e-23	40.7620626326431	FASLG
ENSG00000214290	-2.11925812807882	-1.43002216748768	-10.5679217270536	3.06605388193304e-23	5.21832650764114e-23	40.7110117088293	POU2AF3
ENSG00000134321	-1.7830330049261	-2.48861108374384	-10.5536804685458	3.45417475156033e-23	5.87531403908015e-23	40.5926028664042	RSAD2
ENSG00000162755	-1.15396108374384	0.194463300492611	-10.5484708101585	3.60803587759872e-23	6.13381793127744e-23	40.5493099940135	KLHDC9
ENSG00000215174	-2.27594137931034	-7.41959926108373	-10.5221776829663	4.49483565784995e-23	7.63411076183763e-23	40.3309977859855	NLRP2B
ENSG00000171885	-2.55464975369459	-5.03541699507388	-10.5221450122356	4.49606238363527e-23	7.63553064230472e-23	40.3307267146832	AQP4
ENSG00000259132	-4.26147980295566	-0.390737438423645	-10.5161636011122	4.72635206703235e-23	8.02383564364053e-23	40.2811066720265	
ENSG00000164893	-2.2729802955665	-8.65613940886696	-10.5102477291991	4.96564137582899e-23	8.42641227565561e-23	40.2320462541855	SLC7A13
ENSG00000172014	-3.05093596059113	-5.17792266009851	-10.509788627025	4.98470710563501e-23	8.45803128056954e-23	40.2282395755764	ANKRD20A4P
ENSG00000234438	-2.35568177339901	-8.50255615763543	-10.502348399635	5.30402549532745e-23	8.995163258673e-23	40.166561716868	KBTBD13
ENSG00000115607	-2.2861802955665	-3.24789310344828	-10.4946177665651	5.65734688018657e-23	9.59103606598473e-23	40.1025030602163	IL18RAP
ENSG00000104332	-1.56816798029557	3.90458596059113	-10.489602867558	5.89895471271985e-23	9.99630358966105e-23	40.0609624129023	SFRP1
ENSG00000150275	-2.69541477832512	-7.12746403940885	-10.4872457700062	6.01602996375808e-23	1.01920466017998e-22	40.0414414699671	PCDH15
ENSG00000183795	-2.58165763546798	-8.64857906403937	-10.4813492413906	6.31911592867675e-23	1.07045911475556e-22	39.9926188342436	BPY2B
ENSG00000169245	-3.61564236453202	-5.20188275862067	-10.4746127211265	6.68398303771892e-23	1.13177711223554e-22	39.9368605212156	CXCL10
ENSG00000168243	-2.31887339901477	-3.87414556650246	-10.4618019550678	7.43656613445868e-23	1.25822835843802e-22	39.830882609049	GNG4
ENSG00000128710	-2.49750591133005	-1.55373128078818	-10.4354150087914	9.26221818926699e-23	1.56522196346122e-22	39.61283104742	HOXD10
ENSG00000186860	-4.12291231527093	-7.69147241379306	-10.4310406608203	9.60522508344533e-23	1.62290600536649e-22	39.5767139169943	KRTAP17-1
ENSG00000205678	-2.81033497536946	-6.4315408866995	-10.4200094707769	1.05272877269802e-22	1.77792979656596e-22	39.4856730488485	TECRL
ENSG00000172209	-2.50107389162561	-6.6328975369458	-10.4047791109476	1.19464887913251e-22	2.01604735716817e-22	39.3600681319746	GPR22
ENSG00000173213	-3.22028374384236	-6.56240246305417	-10.4037408519731	1.20498823305829e-22	2.03332009761032e-22	39.3515094858662	TUBB8B
ENSG00000100344	-1.12027487684729	1.67668472906404	-10.3996546793531	1.24655041786761e-22	2.10290817213129e-22	39.3178308945033	PNPLA3
ENSG00000117643	-1.45578965517241	2.20451354679803	-10.3960779649228	1.28409769643452e-22	2.16606276941937e-22	39.2883576153391	MAN1C1
ENSG00000277481	-1.96646995073892	-7.47332019704433	-10.3943314894208	1.30283780471763e-22	2.1972949322337e-22	39.2739682370654	PKD1L3
ENSG00000197993	-2.16125221674876	-3.16241477832512	-10.3771104159976	1.50280729229846e-22	2.53214865546616e-22	39.1321575311359	KEL
ENSG00000077279	-1.9415369458128	-8.77215270935958	-10.3756817567908	1.52070605031919e-22	2.56208618288969e-22	39.1203990770042	DCX
ENSG00000188375	-2.06736157635467	-3.31845221674876	-10.3729700743071	1.55526344818668e-22	2.61985676273288e-22	39.0980834081639	H3-5
ENSG00000181240	-2.70316009852216	-3.65261551724138	-10.3727777928664	1.55774327532271e-22	2.6238078853953e-22	39.0965011658314	SLC25A41
ENSG00000150394	-2.80381379310345	-3.79403349753694	-10.3706855472392	1.58498190300669e-22	2.66945758412106e-22	39.0792856352719	CDH8
ENSG00000170369	-3.14776354679802	-7.71447241379307	-10.3669277707528	1.63509718130901e-22	2.75338811866788e-22	39.0483707783437	CST2
ENSG00000170959	-2.19874532019704	-4.90113325123152	-10.3616643790913	1.70794894883985e-22	2.87581753905121e-22	39.0050803657681	DCDC1
ENSG00000178828	-2.61891231527093	-8.11812610837435	-10.359677545951	1.73627971807287e-22	2.92326856643234e-22	38.9887423711481	RNF186
ENSG00000129173	-2.23303054187192	-0.630391625615764	-10.2942502304276	2.98171795644801e-22	5.01063997806406e-22	38.4517501422325	E2F8
ENSG00000140600	-1.89310098522167	-2.48126133004926	-10.2853267001416	3.20945508855197e-22	5.38963404146109e-22	38.3786654211965	SH3GL3
ENSG00000085276	-1.14406699507389	-0.135606896551724	-10.2806698770525	3.33507882405121e-22	5.60011259491396e-22	38.340540328792	MECOM
ENSG00000156427	-2.10595763546798	-2.4786118226601	-10.2599006036175	3.95751523302823e-22	6.63558667385994e-22	38.1706276229714	FGF18
ENSG00000172602	-1.46285024630542	-1.36788571428571	-10.2597354846472	3.96289968101196e-22	6.6440447465971e-22	38.1692776025443	RND1
ENSG00000125872	-2.22413596059113	-6.08095566502463	-10.253405861946	4.17488380578046e-22	6.99824835585535e-22	38.1175359827562	LRRN4
ENSG00000214102	-2.23036009852217	-5.81160615763546	-10.2508586141612	4.26333754696978e-22	7.14529522666238e-22	38.096718779931	WEE2
ENSG00000163421	-2.9104566502463	-6.26120960591131	-10.2483018647638	4.35399279543738e-22	7.29535515805858e-22	38.075826999067	PROK2
ENSG00000168348	-2.05125270935961	-8.27251059113298	-10.2420807531103	4.58265225659593e-22	7.67585415260115e-22	38.0250057482168	INSM2
ENSG00000107018	-3.07483694581281	-7.09364014778323	-10.2414979358253	4.6046754142415e-22	7.71165570304008e-22	38.0202455559124	RLN1
ENSG00000170421	-1.35897536945813	3.8394078817734	-10.1991912293051	6.51865792907162e-22	1.08952799563734e-21	37.6751319866608	KRT8
ENSG00000158373	-1.24023842364532	3.80788177339901	-10.179274053803	7.67542193721365e-22	1.28177316268184e-21	37.5129529900645	H2BC5
ENSG00000204071	-2.97067881773399	-5.04460295566502	-10.152281788252	9.57457803468708e-22	1.59701608017971e-21	37.2934653126667	TCEAL6
ENSG00000121764	-2.56259901477832	-7.50308866995071	-10.1398914098171	1.05960871238739e-21	1.76634594024349e-21	37.1928294256126	HCRTR1
ENSG00000110777	-2.2695842364532	-4.25903546798029	-10.1322424689332	1.12799823599961e-21	1.87986879821802e-21	37.1307406473103	POU2AF1
ENSG00000124507	-1.6189724137931	-3.55885172413793	-10.1140666234926	1.30859940365183e-21	2.1791776349522e-21	36.9833143212161	PACSIN1
ENSG00000128218	-3.18465862068965	-3.49972044334974	-10.1104312767936	1.34802806905257e-21	2.24445467542177e-21	36.9538466527654	VPREB3
ENSG00000138115	-2.14135123152709	-3.32326428571429	-10.1077688001143	1.377651293729e-21	2.29319093543885e-21	36.9322689783944	CYP2C8
ENSG00000149294	-1.21180689655172	-0.228491133004926	-10.0896880885333	1.59665094898292e-21	2.65637262429969e-21	36.7858266106013	NCAM1
ENSG00000135346	-3.78629852216748	-4.1367778325123	-10.0654843606653	1.94479340497289e-21	3.23200550386769e-21	36.5900385099634	CGA
ENSG00000275718	-2.63929064039408	-8.47012364532016	-10.0628259323653	1.98735314105239e-21	3.30245366347329e-21	36.5685512888321	CCL15
ENSG00000166428	-1.72061773399014	-2.80566896551724	-10.0588966291961	2.05195782215917e-21	3.40922970248551e-21	36.5367982607728	PLD4
ENSG00000153162	-1.67245221674877	-0.0515482758620688	-10.0545120219041	2.12651256086146e-21	3.53159755794635e-21	36.5013747107978	BMP6
ENSG00000197587	-2.47999162561576	-8.18479433497534	-10.0537629245893	2.13951632849448e-21	3.55258969253455e-21	36.4953236328358	DMBX1
ENSG00000179133	-1.97290886699507	-2.86084458128079	-10.048123949174	2.23997217763975e-21	3.71781351243724e-21	36.4497817019089	C10orf67
ENSG00000133665	-2.88568866995073	-6.62475270935959	-10.0198747451894	2.81819559453937e-21	4.67355552516025e-21	36.221865754239	DYDC2
ENSG00000177791	-1.91545665024631	-1.59277413793104	-10.010560719931	3.03960010684831e-21	5.03901130709448e-21	36.1468048814067	MYOZ1
ENSG00000072952	-1.25341773399015	1.40896650246305	-10.0090706132315	3.0765895017549e-21	5.09989923176642e-21	36.1348001734555	IRAG1
ENSG00000169436	-2.19663743842365	-5.48315960591133	-10.0048580631601	3.18359383527412e-21	5.27548467132424e-21	36.1008685763379	COL22A1
ENSG00000197766	-1.61365172413793	7.10847906403941	-9.99993589244279	3.31331192977838e-21	5.48950756521655e-21	36.0612320430681	CFD
ENSG00000242366	-2.81343645320197	-8.15637586206893	-9.99717054694691	3.38847748746849e-21	5.61309036705173e-21	36.0389688670962	UGT1A8
ENSG00000235268	-2.41768866995073	-5.76980344827585	-9.98960295954852	3.60293995954653e-21	5.96531836731833e-21	35.9780630309152	KDM4E
ENSG00000176049	-2.11020738916256	-3.42153275862069	-9.98504821654988	3.73845992512627e-21	6.18812331499387e-21	35.9414188244248	JAKMIP2
ENSG00000184351	-3.73570591133004	-7.77165197044332	-9.97473194915304	4.06440409953323e-21	6.72479763890259e-21	35.8584590733125	KRTAP19-1
ENSG00000163825	-2.53456699507389	-7.84853423645317	-9.97441011182479	4.0750140293637e-21	6.7417815917563e-21	35.8558718109443	RTP3
ENSG00000185053	-2.78383940886699	-7.09142413793101	-9.96899817790738	4.25760266994778e-21	7.04087935822286e-21	35.8123726799957	SGCZ
ENSG00000206150	-2.65313743842364	-5.67637857142855	-9.96674866477483	4.33586558124923e-21	7.16848436453236e-21	35.7942961498922	RNASE13
ENSG00000128567	-1.15446798029557	2.02531330049261	-9.96593497741918	4.36452493401957e-21	7.21525643013369e-21	35.7877581715963	PODXL
ENSG00000159339	-2.95637438423645	-6.30943940886698	-9.96226118205871	4.49628084714859e-21	7.43181259536308e-21	35.7582432711236	PADI4
ENSG00000173662	-1.78191822660098	-2.75979113300493	-9.94291720322291	5.25795952633726e-21	8.68710222046693e-21	35.602945126921	TAS1R1
ENSG00000163534	-2.52864187192117	-7.87954261083741	-9.93515556015166	5.59841788808277e-21	9.24569275491536e-21	35.5406845574539	FCRL1
ENSG00000005381	-2.48994827586207	-6.28080320197043	-9.93052939653119	5.81165685370082e-21	9.59623136755567e-21	35.5035895843558	MPO
ENSG00000077522	-1.40464975369458	-1.09886822660099	-9.92586618636145	6.03476123517879e-21	9.9612555163328e-21	35.466208239106	ACTN2
ENSG00000165092	-1.36166896551724	2.30177733990148	-9.90406745824664	7.19576598010019e-21	1.18676393605467e-20	35.2916072249517	ALDH1A1
ENSG00000203952	-2.98597487684728	-5.52404162561575	-9.90212501198411	7.30939737613085e-21	1.20540289893965e-20	35.2760602446935	CCDC160
ENSG00000187957	-1.8269921182266	0.829429064039409	-9.89716657105484	7.60760207627805e-21	1.25405111577078e-20	35.2363822780583	DNER
ENSG00000146938	-1.80356354679802	-2.67003300492611	-9.88743336964155	8.22852277377081e-21	1.35594731465578e-20	35.1585316267442	NLGN4X
ENSG00000104808	-2.64391428571428	-3.87937586206896	-9.88292896951104	8.53265482180047e-21	1.40558999011738e-20	35.1225192629697	DHDH
ENSG00000196811	-2.57515073891625	-6.5358147783251	-9.86943531143565	9.51211551673866e-21	1.56654105366684e-20	35.0146987544168	CHRNG
ENSG00000256574	-2.50175566502462	-7.37896059113299	-9.86552868344306	9.81596615361867e-21	1.61617331345535e-20	34.9834999149673	OR13A1
ENSG00000269404	-2.79676650246305	-6.33461822660097	-9.8505417606663	1.10736593522247e-20	1.82202114221753e-20	34.863882935885	SPIB
ENSG00000241794	-3.00839802955665	-0.353589162561576	-9.84141697048586	1.19164291841498e-20	1.95953264150669e-20	34.7911089997157	SPRR2A
ENSG00000124391	-3.18725467980295	-6.26630517241377	-9.83840399407987	1.22084541219337e-20	2.00738418553495e-20	34.7670884134873	IL17C
ENSG00000196408	-2.15532019704433	-2.77992512315271	-9.83781963856988	1.22659081525248e-20	2.01666142618745e-20	34.762430235917	NOXO1
ENSG00000162670	-2.73664482758621	-6.57775394088669	-9.82082032845432	1.40599864487212e-20	2.30929782468406e-20	34.6269953665624	BRINP3
ENSG00000278057	-2.30936995073891	-8.76153522167484	-9.81996601005185	1.41567226513837e-20	2.32499095767157e-20	34.620192761918	TEX28
ENSG00000203908	-2.75411921182266	-7.61236108374382	-9.81778719146048	1.44064353894457e-20	2.36580302840796e-20	34.6028453343358	KHDC3L
ENSG00000156009	-2.61592413793103	-6.28664433497535	-9.79900541693577	1.67484484780838e-20	2.7490188153764e-20	34.453406411772	MAGEA8
ENSG00000189409	-1.19744384236453	0.73550566502463	-9.78159404590748	1.92553890910135e-20	3.15705020233732e-20	34.3150295970068	MMP23B
ENSG00000185303	-3.03749064039408	-3.95783793103447	-9.78103606831733	1.93416066537892e-20	3.17092011097607e-20	34.3105975959689	SFTPA2
ENSG00000141314	-1.43260837438423	-3.10445147783251	-9.77306929838945	2.06152228999197e-20	3.37915354730944e-20	34.2473348734811	RHBDL3
ENSG00000204025	-2.01596699507389	-8.3396174876847	-9.7721741762417	2.07634237931144e-20	3.40316051132301e-20	34.2402288657321	TRPC5OS
ENSG00000183715	-2.09925369458128	-5.94590517241378	-9.7705611265982	2.10331623874593e-20	3.44708201422115e-20	34.2274245465956	OPCML
ENSG00000204614	-2.01902660098522	-8.64185467980292	-9.74498190827376	2.58060770442885e-20	4.22257688687504e-20	34.0245535080035	TRIM40
ENSG00000124003	-3.04020985221675	-7.72539458128076	-9.7283823112174	2.94635316448505e-20	4.81861524314728e-20	33.8930778634449	MOGAT1
ENSG00000104081	-1.15190640394089	1.16651822660098	-9.70680745626207	3.49954680627706e-20	5.71855035439972e-20	33.7224052212109	BMF
ENSG00000157211	-2.84568719211822	-7.00094507389161	-9.70547011089491	3.5370447425791e-20	5.7788586539153e-20	33.7118336495172	CDCP2
ENSG00000204873	-4.00799704433497	-7.51387733990144	-9.68909779629502	4.02973236630262e-20	6.58216565549029e-20	33.5824861386546	KRTAP9-3
ENSG00000180767	-2.62762660098522	-6.37300344827585	-9.67880128541037	4.37385658649318e-20	7.14246723600315e-20	33.5012098464411	CHST13
ENSG00000267221	-1.80369014778325	-1.64735147783251	-9.6761534286892	4.46696700463331e-20	7.29268748575975e-20	33.4803175444812	C17orf113
ENSG00000086967	-2.40720788177339	-3.55146108374384	-9.67346228959188	4.5636142922448e-20	7.4498496783099e-20	33.459087406325	MYBPC2
ENSG00000185894	-2.14487980295567	-8.86696798029553	-9.67130622880244	4.64253971797883e-20	7.57679231407568e-20	33.442081122454	BPY2C
ENSG00000155428	-2.5460290640394	-2.52283768472906	-9.65778621038274	5.16926338635738e-20	8.43219908983272e-20	33.3354940055626	TRIM74
ENSG00000254536	-3.43799852216749	-6.1603041871921	-9.6446958899895	5.73562137686273e-20	9.35058921720627e-20	33.2323837609749	
ENSG00000254521	-2.28676256157635	-8.24967980295563	-9.64368488916455	5.78184068322819e-20	9.42515270534245e-20	33.2244239368268	SIGLEC12
ENSG00000139970	-1.10135665024631	1.05678719211823	-9.63539239921365	6.17515537061024e-20	1.00637883623105e-19	33.1591552225288	RTN1
ENSG00000141086	-1.25140935960591	-1.03998054187192	-9.63489818899119	6.19941647513968e-20	1.0102484719578e-19	33.1552664978126	CTRL
ENSG00000118307	-1.41874384236453	-2.4431118226601	-9.62994788617823	6.4477081607127e-20	1.05053454124268e-19	33.1163216553032	DNAI7
ENSG00000137285	-1.10622561576355	1.5132802955665	-9.62662223499493	6.62002689132328e-20	1.07834096449312e-19	33.0901652942875	TUBB2B
ENSG00000177984	-2.34998472906404	-7.8190017241379	-9.62185481348315	6.87504818420473e-20	1.11960159679774e-19	33.0526792927557	LCN15
ENSG00000170345	-1.67021133004927	8.02112339901478	-9.6137023573264	7.33391990780628e-20	1.19383142722491e-19	32.988604065641	FOS
ENSG00000172771	-1.3804448275862	-3.44272487684729	-9.60523877108563	7.84245628019821e-20	1.27576192980632e-19	32.9221197399144	EFCAB12
ENSG00000111339	-2.16158128078817	-4.25347044334975	-9.60491613182825	7.86251924154524e-20	1.27891918610186e-19	32.9195860312907	ART4
ENSG00000135083	-1.49284926108374	-2.48006748768473	-9.59927851611882	8.22141985995512e-20	1.33696419158894e-19	32.8753221190925	CCNJL
ENSG00000173868	-2.07181182266009	-3.55089408866995	-9.59393410850516	8.57664239760627e-20	1.39403431534577e-19	32.8333755046037	PHOSPHO1
ENSG00000214866	-2.14905369458127	-8.71163423645317	-9.58597971213727	9.13371734378684e-20	1.48408667441825e-19	32.7709712466577	DCDC2C
ENSG00000170419	-2.4875842364532	-7.46513990147781	-9.57959997085945	9.60632979426058e-20	1.56023019314694e-19	32.7209442282841	VSTM2A
ENSG00000187151	-1.74682709359606	-1.38722142857143	-9.57259907569616	1.01529058261588e-19	1.64886633137867e-19	32.6660706760058	ANGPTL5
ENSG00000099715	-1.93717389162561	-8.58134211822658	-9.57050571721148	1.03222507464066e-19	1.67553305163451e-19	32.6496677079886	PCDH11Y
ENSG00000279000	-2.57501379310344	-4.17610886699507	-9.56943392704169	1.04100360034657e-19	1.68950189834504e-19	32.6412703418024	OR10A6
ENSG00000100336	-1.4551960591133	0.87582315270936	-9.56534953312264	1.07514102275018e-19	1.74418112789174e-19	32.6092749986039	APOL4
ENSG00000126467	-1.51434187192118	-0.554460591133004	-9.55868333387693	1.13325775513921e-19	1.83770002912044e-19	32.557073535776	TSKS
ENSG00000197616	-2.34043152709359	-2.87967536945813	-9.55368202122795	1.17889582409253e-19	1.91123130864578e-19	32.5179245752348	MYH6
ENSG00000198090	-3.78837290640393	-7.65264556650243	-9.55011170659514	1.2125863857311e-19	1.96519846989195e-19	32.4899850476297	KRTAP4-6
ENSG00000197165	-2.52686748768473	-4.32138251231526	-9.5447259690701	1.2652227525634e-19	2.05016443039751e-19	32.447851461444	SULT1A2
ENSG00000099958	-1.05585073891626	-1.11203768472906	-9.54080738656512	1.30493851476962e-19	2.11399390330995e-19	32.4172051817984	DERL3
ENSG00000147481	-2.53324137931034	-7.83316600985218	-9.53814261823748	1.33265043127925e-19	2.15852919420299e-19	32.3963692467024	SNTG1
ENSG00000268221	-2.29248620689655	-8.58840812807879	-9.53385891909465	1.37842646714402e-19	2.2321188283832e-19	32.3628825800557	OPN1MW
ENSG00000168878	-2.3869290640394	-2.59891625615763	-9.52415742746544	1.48794355613214e-19	2.40806567071919e-19	32.287079158684	SFTPB
ENSG00000255524	-2.23453793103448	-1.5141078817734	-9.5224475784088	1.50812093690509e-19	2.44011420342766e-19	32.2737242010399	NPIPB8
ENSG00000135175	-2.43066600985221	-8.6845886699507	-9.51428361712143	1.60826525687571e-19	2.60128452655728e-19	32.2099797693555	OCM2
ENSG00000175329	-2.06637733990148	-8.10147733990146	-9.50955709708288	1.66922958095025e-19	2.69855099858783e-19	32.1730908969503	ISX
ENSG00000150337	-3.00376354679802	-4.36609901477832	-9.49174734864885	1.92024717486809e-19	3.10333032511349e-19	32.0341969526666	FCGR1A
ENSG00000170807	-2.14270689655172	-3.9572460591133	-9.48332179542647	2.05170858462478e-19	3.31468991077525e-19	31.9685460265154	LMOD2
ENSG00000170476	-2.70023743842364	-4.19150689655172	-9.47796340507456	2.13991735155948e-19	3.45548379475915e-19	31.9268134615203	MZB1
ENSG00000167910	-1.93627487684729	-5.7617645320197	-9.47683145457496	2.15902703298364e-19	3.48576555506992e-19	31.917999460511	CYP7A1
ENSG00000066813	-2.72508325123152	-6.64111354679801	-9.47456018876605	2.19788264962538e-19	3.54791200553272e-19	31.9003161429723	ACSM2B
ENSG00000147606	-1.48499655172413	-2.71750172413793	-9.46072827694329	2.44993776653903e-19	3.95185174029763e-19	31.7926840656941	SLC26A7
ENSG00000108684	-2.274	-5.73879014778324	-9.45926030197167	2.47831563187477e-19	3.99696658233034e-19	31.7812670294849	ASIC2
ENSG00000171942	-2.19484433497536	-8.66224039408863	-9.45726156950244	2.51747844000915e-19	4.05979234813161e-19	31.7657239020845	OR10H2
ENSG00000147166	-1.15020246305419	-1.18869630541872	-9.45699240385572	2.52279909592703e-19	4.06803696118542e-19	31.7636308983427	ITGB1BP2
ENSG00000130876	-2.51923399014778	-4.24144950738916	-9.45690967804891	2.52443659411377e-19	4.0703415777369e-19	31.7629876388441	SLC7A10
ENSG00000150244	-2.52652512315271	-8.48401034482755	-9.4464309617388	2.74060982194336e-19	4.41670766455692e-19	31.6815363852504	TRIM48
ENSG00000157119	-2.32959901477833	-5.37826600985221	-9.43531248063449	2.99007218785318e-19	4.81635267845589e-19	31.5951755823993	KLHL40
ENSG00000166006	-2.14528522167487	-8.05016280788175	-9.43248086607987	3.05712218792874e-19	4.92273251454379e-19	31.5731919587671	KCNC2
ENSG00000065675	-1.61076502463054	-3.92374162561576	-9.42886828430936	3.1448331170247e-19	5.06313468222909e-19	31.5451513439801	PRKCQ
ENSG00000165197	-1.47678275862069	-1.05482783251232	-9.4278672905144	3.16957496533756e-19	5.10254831309223e-19	31.5373829191516	VEGFD
ENSG00000038295	-1.19861280788177	-0.769968965517242	-9.42752575559567	3.17806086654762e-19	5.11578792867163e-19	31.5347324861866	TLL1
ENSG00000162344	-1.68782709359606	-8.9796189655172	-9.42247402044552	3.30624111556728e-19	5.32124558395781e-19	31.495536424915	FGF19
ENSG00000148935	-1.5300448275862	-2.9150184729064	-9.41733967349562	3.44176956963584e-19	5.53800419348074e-19	31.4557132270384	GAS2
ENSG00000104848	-1.42850837438423	-4.63004827586207	-9.41328122502628	3.5527840482479e-19	5.71428031858934e-19	31.4242448310707	KCNA7
ENSG00000187733	-2.56607192118226	-8.06473399014775	-9.40446760496225	3.80624691347669e-19	6.12043752021406e-19	31.3559358592674	AMY1C
ENSG00000197893	-1.92740492610836	-3.07967684729064	-9.39758987215719	4.01642202275631e-19	6.45733600729772e-19	31.3026593956041	NRAP
ENSG00000119614	-1.71725911330049	-8.76675615763544	-9.39487684280854	4.10245834851869e-19	6.59511690085161e-19	31.2816505695044	VSX2
ENSG00000237412	-1.80802216748768	-8.90479433497533	-9.39383180912942	4.13608406842924e-19	6.64862670603309e-19	31.2735592083052	PRSS56
ENSG00000177807	-1.54388669950739	-4.96104334975369	-9.39081845282216	4.23458158325784e-19	6.80639852772041e-19	31.2502310048455	KCNJ10
ENSG00000131044	-1.79193990147783	-4.11667881773399	-9.3864652422659	4.38099497540756e-19	7.03941817212749e-19	31.21653870842	TTLL9
ENSG00000149635	-1.74250738916256	-8.97223201970439	-9.36784364193484	5.06608601786367e-19	8.13554548123033e-19	31.0725280265843	OCSTAMP
ENSG00000116745	-1.88931724137931	-8.8075729064039	-9.36597161524281	5.14057432514e-19	8.25313041914934e-19	31.0580608758532	RPE65
ENSG00000126337	-2.94678374384236	-6.20694359605909	-9.362366670918	5.28708783295863e-19	8.48765878843978e-19	31.0302068848796	KRT36
ENSG00000145721	-2.07946256157635	-7.30310812807881	-9.33045099144466	6.77862773465568e-19	1.08713945991499e-18	30.7839098204393	LIX1
ENSG00000102076	-2.11765024630541	-8.78083251231523	-9.32721701030784	6.95128100613957e-19	1.11473767784326e-18	30.7589832282279	OPN1LW
ENSG00000168421	-1.29899064039409	-1.00480270935961	-9.32308571098777	7.17819452011842e-19	1.15093762153064e-18	30.7271485242965	RHOH
ENSG00000175003	-1.44997931034483	-1.55202463054187	-9.31262008327132	7.78641773695291e-19	1.2479469811821e-18	30.6465441428035	SLC22A1
ENSG00000196502	-1.22340098522168	0.690795073891626	-9.3124595772062	7.79613280727496e-19	1.24940156896644e-18	30.6453084118816	SULT1A1
ENSG00000179636	-3.17271871921182	-5.92167610837437	-9.30532699526031	8.24020130186401e-19	1.32013456173985e-18	30.590408874824	TPPP2
ENSG00000205916	-2.04385812807882	-8.91946600985218	-9.29685207114732	8.80053635967655e-19	1.40955726203425e-18	30.5252128854669	DAZ4
ENSG00000241106	-1.51135270935961	0.319105911330049	-9.29344484251022	9.03631245057172e-19	1.44720224478833e-18	30.4990126144246	HLA-DOB
ENSG00000162897	-2.01956600985221	-8.57324556650243	-9.29021602173928	9.26551731169224e-19	1.48378873477907e-18	30.4741900008202	FCAMR
ENSG00000205944	-2.1726039408867	-8.87949802955661	-9.28115158832438	9.94023223132518e-19	1.59079533424418e-18	30.4045342381199	DAZ2
ENSG00000138316	-1.24526995073892	-1.17981428571429	-9.2800479791686	1.00256362301638e-18	1.6042003046742e-18	30.3960565641633	ADAMTS14
ENSG00000159251	-1.85741330049261	0.370063300492611	-9.26858419044683	1.09569448319364e-18	1.75264480564543e-18	30.3080332358545	ACTC1
ENSG00000145808	-2.25637389162562	-7.29542832512314	-9.260267893523	1.1685743688387e-18	1.86860979591243e-18	30.2442219836918	ADAMTS19
ENSG00000077009	-2.77949852216748	-3.90917586206896	-9.25918483401276	1.17841269381701e-18	1.88418760125773e-18	30.2359143808245	NMRK2
ENSG00000184033	-2.42400886699507	-7.50921625615761	-9.25617880166292	1.20615120682077e-18	1.92806600275595e-18	30.2128599492962	CTAG1B
ENSG00000079689	-2.63596798029556	-7.27960270935958	-9.2560039782735	1.2077841766193e-18	1.93051843444253e-18	30.2115193111825	SCGN
ENSG00000230873	-2.54547733990147	-7.51306379310342	-9.25233119558731	1.24260158960119e-18	1.98568323362388e-18	30.1833582980829	STMND1
ENSG00000184022	-2.16660738916256	-8.76175394088666	-9.24995099824184	1.26569488311777e-18	2.022255695028e-18	30.165112066841	OR2T10
ENSG00000197768	-2.02171773399015	-2.19310862068966	-9.24671911491874	1.29773376621723e-18	2.07327610034476e-18	30.140341852959	STPG3
ENSG00000241595	-3.78687536945812	-7.50283128078814	-9.23724277714502	1.39638380778048e-18	2.22960473663259e-18	30.0677447320691	KRTAP9-4
ENSG00000170262	-3.41201576354679	-4.80829655172413	-9.20839614678107	1.74476728046545e-18	2.78268523584885e-18	29.8470542292528	MRAP
ENSG00000109471	-2.01109064039409	-8.92996009852213	-9.20807849945083	1.74904757287458e-18	2.7892841251114e-18	29.8446265951639	IL2
ENSG00000145451	-1.95510295566502	-7.84530812807881	-9.20252942050177	1.82552253032156e-18	2.91052959839634e-18	29.8022263765171	GLRA3
ENSG00000184650	-2.09041527093596	-8.71681551724134	-9.19783595013735	1.8927860494534e-18	3.0172791400945e-18	29.7663769193425	ODF4
ENSG00000215912	-1.32255960591132	-3.32373497536946	-9.19482586516033	1.93721128881234e-18	3.087341625018e-18	29.7433917450555	TTC34
ENSG00000183640	-3.62723152709359	-7.98045615763543	-9.18930480226609	2.02139807732851e-18	3.22072248081156e-18	29.7012454569296	KRTAP8-1
ENSG00000269699	-2.70008719211822	-6.86449581280786	-9.18481523436852	2.09252120771487e-18	3.33350040280134e-18	29.666985590046	ZIM2
ENSG00000118156	-1.1228197044335	-2.51372463054187	-9.18114778956566	2.15245633069963e-18	3.42870081631335e-18	29.6390075117441	ZNF541
ENSG00000259522	-1.88998226600985	-0.714792118226601	-9.16098129921346	2.51372875535094e-18	4.00222318209778e-18	29.4852935358565	
ENSG00000133636	-2.59340246305418	-7.536613546798	-9.15801447884374	2.57172040491395e-18	4.09422078638114e-18	29.4626984908654	NTS
ENSG00000117215	-1.70009901477832	-8.88277315270932	-9.15414428680337	2.64936690668296e-18	4.21714817059529e-18	29.4332307002512	PLA2G2D
ENSG00000080293	-2.94563399014778	-6.55533719211821	-9.15334467688471	2.66569649070237e-18	4.24279531041747e-18	29.4271434636906	SCTR
ENSG00000166527	-2.18268522167487	-8.25594605911326	-9.14783937815874	2.78086481935118e-18	4.42573990551028e-18	29.3852424817221	CLEC4D
ENSG00000197558	-1.47990738916256	-1.7531802955665	-9.14695800099452	2.79975518951443e-18	4.45544103530057e-18	29.3785358404668	SSPOP
ENSG00000157445	-1.06448472906404	-0.992510344827586	-9.1376971732789	3.00609200917323e-18	4.78029538963816e-18	29.3080934505808	CACNA2D3
ENSG00000235034	-3.13808719211822	-3.30703177339901	-9.13691368524364	3.02422473958394e-18	4.80873880072818e-18	29.302136019281	C19orf81
ENSG00000174225	-2.60042561576354	-5.91235073891624	-9.13077777540743	3.17003056390097e-18	5.0397605987433e-18	29.2554918929271	ARL13A
ENSG00000179165	-2.45386108374384	-6.13861970443349	-9.13061187296744	3.17406807756775e-18	5.04576900446018e-18	29.2542310188005	PXT1
ENSG00000160097	-1.13849408866995	-1.14106822660099	-9.11500098840972	3.57769298607591e-18	5.68232089839852e-18	29.1356546352271	FNDC5
ENSG00000188691	-1.99681625615763	-8.9091544334975	-9.11151191033836	3.6746374867233e-18	5.83439760851046e-18	29.1091708310462	OR56A5
ENSG00000161911	-2.83242413793103	-6.77611059113298	-9.11127548390625	3.68129999758496e-18	5.84450114166913e-18	29.1073764820212	TREML1
ENSG00000089692	-1.06328768472907	-1.11524088669951	-9.10917792590209	3.74093589931189e-18	5.93821536384964e-18	29.0914584991953	LAG3
ENSG00000254709	-3.20612906403941	-4.87323596059112	-9.10410375100306	3.88918817675343e-18	6.17304380686448e-18	29.052961558087	IGLL5
ENSG00000100604	-1.8502802955665	-2.82762438423646	-9.10106098274582	3.98086552013249e-18	6.31804385563463e-18	29.0298833872151	CHGA
ENSG00000176204	-2.03111527093596	-8.0161990147783	-9.09659007019956	4.11946994306906e-18	6.53749241736687e-18	28.9959825959088	LRRTM4
ENSG00000172995	-2.64754334975369	-4.27835344827585	-9.09531944347741	4.15972637417723e-18	6.60084229022911e-18	28.9863500569877	ARPP21
ENSG00000181333	-2.14355320197044	-3.43857561576354	-9.08524773017145	4.49291983212132e-18	7.1268556374701e-18	28.9100286363074	HEPHL1
ENSG00000273520	-1.34317931034482	-3.54518177339901	-9.08524442095896	4.4930335407651e-18	7.1268556374701e-18	28.9100035689827	SPDYE8
ENSG00000240871	-3.93497142857142	-6.33828177339899	-9.08391880498744	4.53881344466914e-18	7.19888745521665e-18	28.8999624995129	KRTAP4-7
ENSG00000163145	-1.31679852216749	-0.0383455665024631	-9.08160083400147	4.61997740126013e-18	7.32702470178749e-18	28.8824070316503	C1QTNF7
ENSG00000166118	-2.58707142857142	-7.95565344827583	-9.08027373472851	4.66709150119408e-18	7.40054382638224e-18	28.8723574045121	SPATA19
ENSG00000150681	-2.47512463054187	-5.44358251231526	-9.0767799962482	4.79341305698893e-18	7.59961690407899e-18	28.8459052925608	RGS18
ENSG00000079557	-2.12645172413793	-8.00973719211819	-9.06757633777804	5.14263278179496e-18	8.15129611662237e-18	28.776254098078	AFM
ENSG00000196990	-2.40066502463054	-7.95835024630539	-9.06273309975643	5.33640674769922e-18	8.45569291036554e-18	28.739620441701	FAM163B
ENSG00000225528	-2.33940295566502	-7.88852118226598	-9.05443640126675	5.68530149245658e-18	9.00268712143153e-18	28.6768954988429	TMA7B
ENSG00000178403	-1.79528275862069	-8.64274088669947	-9.05204468193473	5.79001030805753e-18	9.16775088640904e-18	28.6588206535734	NEUROG2
ENSG00000104826	-2.25592463054187	-1.78958694581281	-9.04647956774049	6.04110195473782e-18	9.56299833126662e-18	28.6167759468848	LHB
ENSG00000156413	-2.45714433497537	-6.71827167487683	-9.0432490600704	6.19177635858937e-18	9.79754604044967e-18	28.592377207774	FUT6
ENSG00000174776	-2.35995960591132	-7.81691674876844	-9.03782248246674	6.45330172416516e-18	1.02105434615526e-17	28.5514054996077	WDR49
ENSG00000183747	-2.35547881773399	-6.98008128078815	-9.02597870084855	7.06270559316389e-18	1.11693285345641e-17	28.4620396352574	ACSM2A
ENSG00000186198	-2.76601133004925	-6.68132192118225	-9.00518343026407	8.27368654417298e-18	1.3075971083399e-17	28.3053207206223	SLC51B
ENSG00000173908	-3.4563275862069	-7.83673226600981	-8.96711645832676	1.10469950602721e-17	1.74364249630755e-17	28.0190645117513	KRT28
ENSG00000004468	-1.84340689655172	-4.34447783251231	-8.96181287535873	1.15002711233272e-17	1.81504036740478e-17	27.9792471459045	CD38
ENSG00000165887	-1.08192463054187	-0.353387931034483	-8.96171436670244	1.15088622053433e-17	1.81624957778259e-17	27.9785077284565	ANKRD2
ENSG00000267179	-2.53015320197044	-2.43666428571429	-8.95083736961459	1.24976261808378e-17	1.97165262634967e-17	27.8968973055654	
ENSG00000187026	-2.72193103448275	-8.32450394088667	-8.92517477949184	1.5176399819965e-17	2.39136595131233e-17	27.7046143577128	KRTAP21-2
ENSG00000066032	-2.27031083743842	-5.9421790640394	-8.92085103384846	1.56806277948969e-17	2.47061862749234e-17	27.6722542786341	CTNNA2
ENSG00000185008	-1.35284926108375	-1.02312709359606	-8.9109907668523	1.68934197987776e-17	2.65977449007181e-17	27.5984969216061	ROBO2
ENSG00000180535	-3.03196256157635	-4.50992857142857	-8.90970544814305	1.70582049123304e-17	2.68506999916843e-17	27.5888864568823	BHLHA15
ENSG00000187166	-2.50939359605911	-5.67256822660097	-8.9092862409675	1.71122931214961e-17	2.69336688289528e-17	27.5857522024894	H1-7
ENSG00000169385	-2.83305911330049	-4.24002807881772	-8.90481330374576	1.7700094541162e-17	2.78543443004823e-17	27.5523159285409	RNASE2
ENSG00000167664	-2.50094334975369	-7.94043374384233	-8.90239589376718	1.80260515269007e-17	2.83558801367377e-17	27.5342499290685	TMIGD2
ENSG00000276203	-2.71273251231527	-5.52366330049259	-8.89903495834735	1.8489129772429e-17	2.90702851406233e-17	27.5091381954164	ANKRD20A3P
ENSG00000188649	-2.58663399014778	-5.89667561576354	-8.89882107740811	1.85189943419607e-17	2.91148984256312e-17	27.5075403685537	CC2D2B
ENSG00000156194	-2.14328078817734	-6.03529064039408	-8.89064888448867	1.96965877053764e-17	3.09463512573135e-17	27.4465083140088	PPEF2
ENSG00000132321	-1.63179507389162	-2.83983596059113	-8.89038710890279	1.97355099951476e-17	3.10025189972005e-17	27.4445539323471	IQCA1
ENSG00000121871	-2.08348522167488	-7.25944507389162	-8.88652903771499	2.03180620325654e-17	3.19150846588211e-17	27.4157545975896	SLITRK3
ENSG00000197360	-2.44863596059113	-7.78086034482755	-8.88062374167558	2.12428741291689e-17	3.33570306333644e-17	27.371689718047	ZNF98
ENSG00000173930	-2.25011871921182	-6.05820467980295	-8.86877472865259	2.32260697735357e-17	3.64565345794726e-17	27.2833330481968	SLCO4C1
ENSG00000151812	-2.45993251231527	-6.48469729064038	-8.86365496164427	2.41387008949779e-17	3.78768662991535e-17	27.2451802717139	SLC35F4
ENSG00000112139	-1.42080098522167	1.12605517241379	-8.86286088805346	2.42833953071849e-17	3.81008519544767e-17	27.239264129826	MDGA1
ENSG00000082556	-1.55869605911329	-8.84749532019702	-8.85400215882	2.59570195446094e-17	4.07137070343332e-17	27.1732876788651	OPRK1
ENSG00000227877	-2.88478817733989	-7.50469458128076	-8.84871007287052	2.7010796483167e-17	4.23529635620677e-17	27.1338955773592	MRLN
ENSG00000212935	-3.40922709359605	-7.92615738916253	-8.83069806270312	3.09249627448145e-17	4.84787118529733e-17	26.9999414176238	KRTAP10-3
ENSG00000184507	-1.78071034482758	-7.67883891625615	-8.82831474349434	3.14832742269256e-17	4.93420599039682e-17	26.9822307146083	NUTM1
ENSG00000116983	-2.05024384236453	-6.25599679802955	-8.82574437967072	3.20965910314189e-17	5.02992447422605e-17	26.9631337043386	HPCAL4
ENSG00000183971	-1.1760118226601	-0.0433970443349755	-8.81630381941709	3.44524445262609e-17	5.39651868332952e-17	26.8930257026886	NPW
ENSG00000171396	-3.30661773399014	-8.1223650246305	-8.81061707962324	3.59533443504181e-17	5.63026088064646e-17	26.8508191625587	KRTAP4-4
ENSG00000163793	-1.97708472906404	-8.63709310344824	-8.8099727691813	3.61274276506248e-17	5.657068839331e-17	26.8460383095783	DNAJC5G
ENSG00000134443	-2.87958571428571	-7.73963669950735	-8.80928686248517	3.63136667725109e-17	5.68577578774464e-17	26.8409490694508	GRP
ENSG00000187833	-1.73065960591132	-8.57994162561574	-8.80180459177936	3.84080494397468e-17	6.01081206175649e-17	26.7854501926651	C2orf78
ENSG00000166948	-2.19023891625615	-8.84904359605907	-8.79894864407036	3.92386238343317e-17	6.13882945297022e-17	26.7642750018092	TGM6
ENSG00000127412	-1.67919408866995	-8.69379950738913	-8.79468382370008	4.05121420825918e-17	6.3365477875621e-17	26.7326625577125	TRPV5
ENSG00000124157	-1.80142315270936	-8.73173423645316	-8.79246908585507	4.11895412924038e-17	6.44146939769651e-17	26.7162502134548	SEMG2
ENSG00000172020	-2.07083103448275	-3.46959926108374	-8.79119765559683	4.15834746263016e-17	6.50203441468384e-17	26.7068295359373	GAP43
ENSG00000206073	-3.21498571428571	-3.76318645320196	-8.78900420671619	4.22718683410723e-17	6.60808616207691e-17	26.690579334362	SERPINB4
ENSG00000182327	-1.28726748768473	-1.14974507389163	-8.7875118876929	4.27466557753875e-17	6.68123768025772e-17	26.6795250455079	GLTPD2
ENSG00000234906	-3.22426305418719	-4.76885123152708	-8.7830786514952	4.41884671994765e-17	6.90382975705285e-17	26.6466935918722	APOC2
ENSG00000127743	-2.58078177339901	-2.78850467980295	-8.78232953387769	4.44368115717847e-17	6.94152015776033e-17	26.6411469280404	IL17B
ENSG00000163431	-1.16748472906404	3.30912266009852	-8.7816257611097	4.46713820129046e-17	6.97760488606972e-17	26.6359363035229	LMOD1
ENSG00000274749	-3.33655566502462	-7.43284285714283	-8.76588870002556	5.02488650842041e-17	7.84629102257705e-17	26.5194960193845	KRTAP7-1
ENSG00000196156	-3.26709852216748	-8.1354689655172	-8.75909332429643	5.28654068001492e-17	8.25288208730241e-17	26.4692603888916	KRTAP4-3
ENSG00000186047	-2.25699162561576	-5.43444113300492	-8.75283464236447	5.53943921220025e-17	8.64699425551699e-17	26.4230159010931	DLEU7
ENSG00000248329	-2.91202610837438	-5.01429285714284	-8.74913745881458	5.694422477939e-17	8.8860819343515e-17	26.3957085772579	APELA
ENSG00000156097	-1.61836896551724	-1.88052290640394	-8.74500322072789	5.87281418152298e-17	9.16153386567591e-17	26.3651825295486	GPR61
ENSG00000234068	-2.59353891625616	-8.12723842364529	-8.73660327633179	6.25248327706525e-17	9.75070051874623e-17	26.3031901427761	PAGE2
ENSG00000180383	-3.36565714285714	-5.41174187192116	-8.71651633459491	7.26175047070541e-17	1.13138107070498e-16	26.1551122288527	DEFB124
ENSG00000165164	-1.81902857142857	-8.3202990147783	-8.69557599504195	8.48566172032996e-17	1.32090808777034e-16	26.0009923711544	CFAP47
ENSG00000256029	-3.13468522167487	-2.32180369458128	-8.69310242593716	8.64309048723686e-17	1.34519969975775e-16	25.9828038535144	
ENSG00000259120	-2.61670886699507	-5.56296083743841	-8.68277605852704	9.33212874595942e-17	1.45186259018819e-16	25.9069110130334	SMIM6
ENSG00000205795	-1.62223399014778	-1.73011551724138	-8.68234333070168	9.36216040617633e-17	1.45630294243013e-16	25.9037320686711	CYS1
ENSG00000129170	-2.44959901477832	-3.87426502463054	-8.66701852734523	1.04896746916883e-16	1.63013298469163e-16	25.7912219861181	CSRP3
ENSG00000100012	-1.96307290640394	-8.62181477832509	-8.66203597500301	1.08844472568352e-16	1.69094417913247e-16	25.75467110368	SEC14L3
ENSG00000143184	-2.41453054187192	-6.065892364532	-8.65930266486443	1.11072188479997e-16	1.72500413834228e-16	25.7346263132243	XCL1
ENSG00000264058	-2.54384581280788	-7.63045591133002	-8.65074726048548	1.18340817258216e-16	1.83730535541436e-16	25.6719132822866	
ENSG00000092054	-1.96089261083744	-1.05864482758621	-8.64303917942214	1.25291557151163e-16	1.94475584578874e-16	25.615447974924	MYH7
ENSG00000186431	-2.64004679802955	-7.33938793103445	-8.63857955183026	1.29495931493764e-16	2.00937707896707e-16	25.5827949916321	FCAR
ENSG00000185962	-2.95084285714286	-8.36275788177336	-8.62873850687599	1.39274039071427e-16	2.15990260418525e-16	25.5107809862291	LCE3A
ENSG00000109819	-1.3072275862069	1.17014630541872	-8.6279620751137	1.4007589658807e-16	2.17216566507225e-16	25.5051016925788	PPARGC1A
ENSG00000132915	-1.91668325123153	-4.70069630541871	-8.6274883990126	1.405673259939e-16	2.17961333378783e-16	25.5016371114086	PDE6A
ENSG00000175514	-1.91530689655172	-8.67310073891621	-8.6239570878633	1.4428515714178e-16	2.23690641877403e-16	25.4758123982745	GPR152
ENSG00000063015	-2.47724236453202	-6.09633448275861	-8.62176853488702	1.46637974022802e-16	2.27320267202412e-16	25.4598110371111	SEZ6
ENSG00000146966	-1.12655172413793	0.287543842364532	-8.61882583095887	1.49861487064434e-16	2.32243709771068e-16	25.4383002163917	DENND2A
ENSG00000132518	-1.77100591133004	-3.70924679802955	-8.61580304509185	1.5324572892428e-16	2.3746951349126e-16	25.4162092995219	GUCY2D
ENSG00000086506	-3.1089527093596	-6.17080197044333	-8.60580787728034	1.64983617057503e-16	2.55516709822296e-16	25.3432015188375	HBQ1
ENSG00000187272	-3.55479211822659	-7.50339458128076	-8.60271162342537	1.68797040168295e-16	2.61401993737128e-16	25.3205974426867	KRTAP9-8
ENSG00000130173	-2.76651133004926	-3.93961822660097	-8.58882395470921	1.8700264065073e-16	2.89412022142755e-16	25.2192804851247	ANGPTL8
ENSG00000242220	-1.87105369458128	-2.28936280788177	-8.57668489150433	2.04498627473326e-16	3.16414265881531e-16	25.1308134922886	TCP10L
ENSG00000278685	-2.08535517241379	-8.27250320197041	-8.57378110724271	2.08918305832036e-16	3.23150350844518e-16	25.1096641947963	IQCA1L
ENSG00000103310	-1.86086699507389	-8.6157162561576	-8.56715442193626	2.19361436190851e-16	3.39223010686208e-16	25.0614183246709	ZP2
ENSG00000215910	-1.92123990147783	-1.25684901477833	-8.5570727685253	2.36247729282531e-16	3.65191672649835e-16	24.9880681783635	C1orf167
ENSG00000171234	-2.78478866995073	-4.94054064039408	-8.53942070320065	2.68966721490151e-16	4.1540722922315e-16	24.8597835373914	UGT2B7
ENSG00000187689	-2.60834630541871	-7.87226822660095	-8.53796571251462	2.71855548724272e-16	4.19835714649101e-16	24.8492177714711	AMTN
ENSG00000171711	-3.06502610837438	-8.20303177339898	-8.5342264235642	2.79421328776575e-16	4.31383441851147e-16	24.8220697814026	DEFB4A
ENSG00000102678	-2.38124729064039	-4.86501871921181	-8.52504102745809	2.98902069627135e-16	4.61276494089353e-16	24.7554171779481	FGF9
ENSG00000125084	-1.91105221674876	-8.60374581280785	-8.52102313196797	3.07840197654133e-16	4.74882628872519e-16	24.72627760349	WNT1
ENSG00000170956	-2.48546551724137	-7.56338497536943	-8.5098383866633	3.34137889375609e-16	5.15124852806733e-16	24.6452113597163	CEACAM3
ENSG00000054938	-2.60299753694581	-3.25307709359606	-8.49837830495814	3.63387381824466e-16	5.5995239044423e-16	24.5622266990276	CHRDL2
ENSG00000121005	-1.25872709359606	-0.792539901477833	-8.49548149874737	3.7117328887246e-16	5.71859698135101e-16	24.5412627519623	CRISPLD1
ENSG00000121594	-2.35010197044335	-7.22914556650243	-8.47959101854972	4.16911157706357e-16	6.41972881876734e-16	24.4263536730753	CD80
ENSG00000181625	-1.13706059113301	2.60855640394089	-8.47615410331869	4.27514137646898e-16	6.58247815781255e-16	24.4015200776026	SLX1B
ENSG00000134398	-2.29459064039408	-3.9028775862069	-8.47312671903461	4.37074365258815e-16	6.72914775536735e-16	24.3796514130708	ERN2
ENSG00000183313	-1.73838866995074	-8.92504999999996	-8.47148034050755	4.42361944781536e-16	6.80948178410459e-16	24.3677609043444	OR52L1
ENSG00000172350	-1.21159950738916	-2.82370763546798	-8.46027631823941	4.80064355753708e-16	7.38636142047002e-16	24.2868860321008	ABCG4
ENSG00000146038	-1.87432561576355	-5.49018004926108	-8.45961057560583	4.82402066764627e-16	7.42174554299664e-16	24.2820828137985	DCDC2
ENSG00000150201	-2.28254532019704	-8.53084605911326	-8.45311902396204	5.05795096534483e-16	7.77797275454584e-16	24.2352612973951	FXYD4
ENSG00000183682	-1.17936502463054	-2.88550467980296	-8.4462073033949	5.31936072119626e-16	8.17803062022007e-16	24.1854369841983	BMP8A
ENSG00000169704	-1.95045024630542	-8.71081724137927	-8.44154543805174	5.5031789086984e-16	8.45797264913756e-16	24.1518473082646	GP9
ENSG00000204930	-1.98453645320197	-7.89806921182263	-8.44049577825473	5.54542590093052e-16	8.52223285278266e-16	24.1442860966503	FAM221B
ENSG00000187122	-1.30313694581281	-4.9058527093596	-8.43850167227902	5.62657062446808e-16	8.64557659564045e-16	24.1299233993339	SLIT1
ENSG00000204583	-2.60188669950739	-4.39445418719211	-8.43526565260597	5.76075769054821e-16	8.85106744152002e-16	24.1066208045485	LRCOL1
ENSG00000236761	-2.36482364532019	-7.92091379310342	-8.43523545042856	5.7620248651279e-16	8.8523183894913e-16	24.1064033481172	CTAGE9
ENSG00000221864	-3.26958768472906	-8.1813426108374	-8.43508862807523	5.76818893064736e-16	8.86109174457282e-16	24.10534623131	KRTAP12-2
ENSG00000205186	-3.5896369458128	-7.80123226600981	-8.43503209839954	5.7705639631754e-16	8.86404346552222e-16	24.1049392226886	FABP9
ENSG00000177291	-2.16820640394089	-7.56197512315268	-8.43411632843375	5.80917404917782e-16	8.92265026086873e-16	24.0983460279362	GJD4
ENSG00000146453	-2.6940645320197	-3.73028842364532	-8.42880402177568	6.03824035181741e-16	9.2723002479346e-16	24.0601093792245	PNLDC1
ENSG00000187175	-3.40534778325122	-7.87029211822657	-8.42736202532383	6.10194575776386e-16	9.36938980107028e-16	24.049733176509	KRTAP12-1
ENSG00000239886	-3.44154433497537	-7.88259187192115	-8.4241674377839	6.24545522659847e-16	9.58823835636636e-16	24.0267502698324	KRTAP9-2
ENSG00000135902	-2.13525960591133	-7.0454687192118	-8.42267289674431	6.31373515489711e-16	9.69230262348777e-16	24.0160001595658	CHRND
ENSG00000197177	-1.6693118226601	-8.28810221674875	-8.40089642621944	7.39653647474929e-16	1.13473948649357e-15	23.8595162789329	ADGRA1
ENSG00000212658	-2.37099999999999	-8.70302709359602	-8.39888804489253	7.50519878777205e-16	1.15122915785433e-15	23.8450986073239	KRTAP29-1
ENSG00000176919	-1.69597438423646	-1.54817980295567	-8.36540674245061	9.56753136445902e-16	1.46504229685205e-15	23.605103335415	C8G
ENSG00000215568	-1.48211773399014	-8.98150862068962	-8.34511605751566	1.10804843185655e-15	1.69498884190535e-15	23.459989017503	GAB4
ENSG00000135077	-1.5418	-0.838372413793104	-8.34247181133788	1.12943153024641e-15	1.72756347558511e-15	23.4410963653996	HAVCR2
ENSG00000156885	-2.54715812807881	-1.77755541871921	-8.30506555854117	1.4794421033989e-15	2.25975125720036e-15	23.1742909358451	COX6A2
ENSG00000165383	-2.43293251231527	-5.70984802955663	-8.3015771429011	1.51709558163246e-15	2.31708338071602e-15	23.1494527496961	LRRC18
ENSG00000163618	-1.12537980295567	-0.384070197044335	-8.29114001293644	1.63550217968211e-15	2.49636675742778e-15	23.0751827323419	CADPS
ENSG00000123901	-1.4430763546798	-5.14727118226601	-8.29049564300724	1.64310466743261e-15	2.50777502428679e-15	23.0705996127287	GPR83
ENSG00000256453	-1.89620738916256	-2.66624113300493	-8.2886728297064	1.66480051623169e-15	2.5406897062241e-15	23.0576361177949	DND1
ENSG00000189253	-1.2613487684729	-9.29185172413789	-8.28274551869659	1.73732604010205e-15	2.65075152058668e-15	23.0154962656085	TRIM64B
ENSG00000136383	-1.07022266009852	-1.96795911330049	-8.27372446073581	1.85374094896604e-15	2.82749029228024e-15	22.9514028374575	ALPK3
ENSG00000127472	-1.38316699507389	-0.975342118226601	-8.26475160460658	1.9771761428221e-15	3.01435295545557e-15	22.8877012850872	PLA2G5
ENSG00000084453	-1.92514433497537	-7.09431699507388	-8.25955476299643	2.05234588420734e-15	3.12846671366458e-15	22.8508295808445	SLCO1A2
ENSG00000233041	-3.39940985221674	-3.32402857142856	-8.23919687419501	2.37500560853786e-15	3.61748710849937e-15	22.706549479678	PHGR1
ENSG00000150783	-2.1289724137931	-3.12826256157635	-8.23746290654446	2.4047000562783e-15	3.66243071465907e-15	22.6942722936809	TEX12
ENSG00000143194	-2.36572807881773	-6.74250197044333	-8.22684526910391	2.59469895871376e-15	3.94995770438454e-15	22.6191354827996	MAEL
ENSG00000165443	-1.86077142857143	-3.44739655172414	-8.22639131808536	2.60314484841758e-15	3.96250635829385e-15	22.6159245973211	PHYHIPL
ENSG00000187416	-2.16044482758621	-7.08777118226598	-8.21955792428263	2.73361422772733e-15	4.16013466538801e-15	22.5676059769911	LHFPL3
ENSG00000147896	-1.86593004926108	-8.69854532019701	-8.21447844387841	2.83476392303961e-15	4.31272530821644e-15	22.5317078338894	IFNK
ENSG00000120907	-2.38136650246304	-3.43951527093596	-8.21344902319858	2.85570950465259e-15	4.3442530857793e-15	22.5244345606189	ADRA1A
ENSG00000104112	-1.61541034482759	-4.7336948275862	-8.20838658729541	2.96096110019139e-15	4.50261472414133e-15	22.4886759103829	SCG3
ENSG00000167311	-1.99432758620689	-3.18673571428571	-8.20113721522285	3.1183876112679e-15	4.74163793179251e-15	22.4374973042231	ART5
ENSG00000174498	-1.83564433497537	-7.9038384236453	-8.19606814871398	3.23335267174101e-15	4.9152997208217e-15	22.4017303362129	IGDCC3
ENSG00000147003	-1.00055862068966	-1.88421330049261	-8.1944868693924	3.27006540179415e-15	4.97072324843352e-15	22.3905761903905	CLTRN
ENSG00000162728	-1.52804975369458	-4.92432093596059	-8.19164436730497	3.33709878104211e-15	5.07143513330158e-15	22.3705294217064	KCNJ9
ENSG00000187510	-1.85121133004926	-8.23161108374382	-8.191305808924	3.34517279333409e-15	5.08331000990161e-15	22.3681420687501	PLEKHG7
ENSG00000204001	-1.69596502463054	-8.75996477832509	-8.18526586760499	3.49250208883493e-15	5.30512831869508e-15	22.325563177096	LCN8
ENSG00000021461	-2.06351133004925	-8.29981182266007	-8.17928797659397	3.64462714939469e-15	5.5349163625638e-15	22.2834439264099	CYP3A43
ENSG00000089558	-1.6728921182266	-6.02952635467979	-8.17241769570043	3.82756131817541e-15	5.81092318829893e-15	22.2350643554448	KCNH4
ENSG00000132855	-2.08740197044335	-4.90056502463054	-8.16512274438291	4.03173871188166e-15	6.11947478893913e-15	22.1837263144622	ANGPTL3
ENSG00000130383	-1.85314532019704	-8.680195320197	-8.14758967425673	4.56753400490891e-15	6.92680036659398e-15	22.0604727362839	FUT5
ENSG00000167641	-1.3395315270936	2.85444359605912	-8.14208114783772	4.74996405757207e-15	7.20178428218429e-15	22.0217884231942	PPP1R14A
ENSG00000168314	-2.22308719211823	-4.29824655172413	-8.13497269156916	4.99605416944868e-15	7.57137577195549e-15	21.9718962771518	MOBP
ENSG00000160255	-1.1065802955665	1.96494630541872	-8.13204748522235	5.10094354257766e-15	7.72913380701347e-15	21.951374248768	ITGB2
ENSG00000145920	-2.11103497536946	-4.9177475369458	-8.12025634587606	5.54625452289306e-15	8.39997720579525e-15	21.86870653692	CPLX2
ENSG00000161609	-2.40024532019704	-6.50528866995072	-8.1127256691182	5.85053963509555e-15	8.86013992165509e-15	21.8159542665705	KASH5
ENSG00000070915	-1.921660591133	-8.12478940886697	-8.10966544854431	5.97885200576537e-15	9.05235344360942e-15	21.7945275751275	SLC12A3
ENSG00000149305	-1.60559704433497	-8.93279211822656	-8.09317871552902	6.71947018747947e-15	1.01697557623702e-14	21.6791932918635	HTR3B
ENSG00000081138	-1.58655911330049	-8.8300687192118	-8.09223998310379	6.76426546190791e-15	1.02359998202555e-14	21.6726314220727	CDH7
ENSG00000101282	-1.34014876847291	-0.383795566502463	-8.08273601939887	7.23472768126146e-15	1.09394187826688e-14	21.6062284298914	RSPO4
ENSG00000130182	-2.15699901477831	-7.20645665024628	-8.06365460652552	8.27901973361023e-15	1.25116853788733e-14	21.4730797518599	ZSCAN10
ENSG00000162896	-1.80941527093596	-3.10070418719212	-8.05851160195822	8.58509658534709e-15	1.29732413757232e-14	21.4372312983122	PIGR
ENSG00000145248	-1.78841182266009	-4.85344384236453	-8.0531178094796	8.9181079859431e-15	1.34712581171292e-14	21.39965260317	SLC10A4
ENSG00000186393	-2.72497192118226	-8.36082635467976	-8.04946485495754	9.15085441761567e-15	1.38185609326208e-14	21.3742127477143	KRT26
ENSG00000004939	-2.22171231527093	-6.80581379310343	-8.04408138000196	9.50483658203828e-15	1.43497772316279e-14	21.3367365074639	SLC4A1
ENSG00000185247	-2.14556354679802	-8.10074876847288	-8.03857937767798	9.88058396419485e-15	1.49135994306245e-14	21.2984539814673	MAGEA11
ENSG00000184923	-1.13225221674877	-0.335612807881774	-8.03509952333538	1.01257679992548e-14	1.52813157959253e-14	21.2742512410882	NUTM2A
ENSG00000254440	-1.31284827586207	-9.1994807881773	-8.02834378665843	1.06190464163953e-14	1.60183253623463e-14	21.2272861654077	PBOV1
ENSG00000116748	-2.16111083743842	-5.81019039408865	-8.01815514512302	1.14082008125806e-14	1.72007607653306e-14	21.1565103115048	AMPD1
ENSG00000064886	-1.31252955665025	1.47684458128079	-8.01572234989012	1.16050370888103e-14	1.74961915437071e-14	21.1396204673901	CHI3L2
ENSG00000196436	-1.58710886699508	1.84570812807882	-8.00414144955831	1.25889978394488e-14	1.89650166341743e-14	21.0592704828265	NPIPB15
ENSG00000180209	-1.62930098522167	0.0603751231527093	-7.99729291432656	1.32091808992651e-14	1.98947062145232e-14	21.011794185847	MYL11
ENSG00000187980	-1.55497881773399	-8.9512662561576	-7.98998533546514	1.39042211814326e-14	2.09350712942103e-14	20.9611683366699	PLA2G2C
ENSG00000153898	-1.24673793103448	0.169306403940887	-7.98420736953625	1.44792362824289e-14	2.17941335154606e-14	20.9211633347057	MCOLN2
ENSG00000106178	-2.82225418719212	-3.86411280788176	-7.97795664319549	1.51277577582297e-14	2.27667802935175e-14	20.8779088681859	CCL24
ENSG00000104938	-1.81789556650246	-8.64172512315267	-7.96282635267372	1.68186825674003e-14	2.53018240748373e-14	20.7733110969272	CLEC4M
ENSG00000106631	-2.89033891625615	-1.52579507389162	-7.9561357181639	1.7624685459424e-14	2.65062031128262e-14	20.7271041242548	MYL7
ENSG00000146352	-1.86875221674877	-5.81324556650245	-7.95360144971285	1.79398406077864e-14	2.69780965877155e-14	20.709609337754	CLVS2
ENSG00000196433	-2.13007389162561	-3.44612610837438	-7.94528381149364	1.90138126096513e-14	2.85865460853827e-14	20.6522189513919	ASMT
ENSG00000197769	-1.85385123152709	-0.781091133004926	-7.93149861220264	2.09352090749891e-14	3.1463189705717e-14	20.5572001315297	MAP1LC3C
ENSG00000168334	-1.56473004926108	-4.03355418719212	-7.9265184322126	2.16754813972475e-14	3.25657151891298e-14	20.5229024182069	XIRP1
ENSG00000134020	-1.63702167487685	-1.55879359605911	-7.92381115206707	2.20886832681335e-14	3.31814165905039e-14	20.5042644362838	PEBP4
ENSG00000100665	-2.15404482758621	-7.37291945812805	-7.91526987665155	2.34439455027354e-14	3.52010436430622e-14	20.4454935559686	SERPINA4
ENSG00000004846	-2.55500837438423	-4.26318201970443	-7.9133409388874	2.37611978617664e-14	3.56691756502257e-14	20.4322273446731	ABCB5
ENSG00000145192	-2.20774581280788	-5.35134285714285	-7.90877260306567	2.45295557330289e-14	3.68169414850116e-14	20.400818222827	AHSG
ENSG00000203909	-1.8235236453202	-8.89438103448272	-7.90150380385778	2.58029640725492e-14	3.87193061434198e-14	20.3508698093799	DPPA5
ENSG00000164334	-2.15576157635467	-7.88341921182263	-7.89527946984795	2.69451032988485e-14	4.04176549482727e-14	20.3081253899138	FAM170A
ENSG00000269433	-1.58026009852217	-9.10799113300489	-7.892353441489	2.74991231189874e-14	4.12455187651587e-14	20.288040009468	OPN1MW3
ENSG00000166823	-1.23774778325123	-1.50021724137931	-7.89180478138885	2.76042523570769e-14	4.13968459490444e-14	20.2842744057661	MESP1
ENSG00000153157	-1.22067093596059	-1.65564926108375	-7.88640098395165	2.86611085765585e-14	4.29685756657542e-14	20.247196960526	SYCP2L
ENSG00000169427	-2.25773497536945	-6.57506551724136	-7.88325800477642	2.92940698673859e-14	4.39107703726667e-14	20.2256404173212	KCNK9
ENSG00000268738	-2.79864778325123	-4.30902339901476	-7.88044047797429	2.98732057412316e-14	4.47617072991219e-14	20.2063214084691	HSFX2
ENSG00000188778	-1.65454778325122	-8.7505926108374	-7.8728584792547	3.14883906142365e-14	4.71710332988432e-14	20.1543589742328	ADRB3
ENSG00000073861	-1.91233891625616	-5.20968571428571	-7.86452315142387	3.33636312649196e-14	4.99610790941807e-14	20.0972761987257	TBX21
ENSG00000009765	-1.78662857142857	-4.32188325123152	-7.86385916164257	3.35176670237539e-14	5.01878974008274e-14	20.0927309177371	IYD
ENSG00000138311	-1.08164827586207	-1.87810246305419	-7.85118887585387	3.6595184418767e-14	5.47750531488622e-14	20.0060518649616	ZNF365
ENSG00000138944	-1.37844334975369	-2.08377339901478	-7.84616345474798	3.7891639138557e-14	5.67068779327371e-14	19.9717008743423	SHISAL1
ENSG00000260325	-1.16496157635468	-3.367260591133	-7.8458770430094	3.79668776576104e-14	5.68151254449055e-14	19.9697436115369	HSPB9
ENSG00000144834	-2.28723251231527	-3.81287536945812	-7.83883335384633	3.98643232982158e-14	5.96408364640739e-14	19.9216254855525	TAGLN3
ENSG00000116329	-1.46906108374383	-7.98456305418719	-7.82730911607884	4.31725098875691e-14	6.456548467306e-14	19.8429678736587	OPRD1
ENSG00000101405	-2.32581625615763	-2.92497413793103	-7.82457848278596	4.39952506602738e-14	6.5790877594358e-14	19.8243427246051	OXT
ENSG00000172482	-2.20279999999999	-5.26376108374383	-7.81952156661629	4.55599676197699e-14	6.81203433225358e-14	19.7898631168084	AGXT
ENSG00000186977	-2.9796842364532	-8.32139581280784	-7.80142983918146	5.16209623041558e-14	7.71236120296492e-14	19.6666432469844	KRTAP19-5
ENSG00000049540	-1.46116108374384	4.31462881773399	-7.8006358231715	5.19044596324235e-14	7.75353118893762e-14	19.6612401717763	ELN
ENSG00000249222	-2.34866600985221	-7.31199064039406	-7.79514762750058	5.39064299073903e-14	8.05012573169968e-14	19.6239055494577	ATP5MGL
ENSG00000124713	-1.04627536945813	-1.37375443349754	-7.79124206922043	5.5377305542802e-14	8.26788375672272e-14	19.5973490152895	GNMT
ENSG00000140986	-1.18905172413793	-2.99181403940887	-7.79121031818089	5.53894241527158e-14	8.2690613200334e-14	19.5971331589069	RPL3L
ENSG00000111537	-1.69179408866995	-8.95888522167484	-7.7896832091305	5.59753850753183e-14	8.35590081080032e-14	19.5867520251376	IFNG
ENSG00000213417	-3.3328960591133	-7.35418793103445	-7.78326716265458	5.85048250377787e-14	8.73215680812856e-14	19.5431528745842	KRTAP2-4
ENSG00000188133	-1.29103448275862	-8.99975123152707	-7.77705937929981	6.10593979709282e-14	9.10996148379813e-14	19.500994307578	TMEM215
ENSG00000110975	-1.26982660098522	-9.18308325123149	-7.77157616377536	6.34071418596553e-14	9.45735281805361e-14	19.4637772213817	SYT10
ENSG00000136931	-1.99191527093596	-6.14603201970443	-7.76822097450497	6.48874240403081e-14	9.67740243147143e-14	19.4410136314838	NR5A1
ENSG00000153266	-1.57577931034483	-8.82209359605907	-7.76734741452218	6.52783933856209e-14	9.73496919674759e-14	19.4350880811766	FEZF2
ENSG00000133980	-1.46709261083743	-8.75235221674875	-7.75880093958241	6.92281679813291e-14	1.0320848784644e-13	19.3771415680708	VRTN
ENSG00000130751	-1.07779458128079	2.52101502463054	-7.75585823958807	7.06419872175952e-14	1.05308239698394e-13	19.3572005471418	NPAS1
ENSG00000007038	-2.08338472906404	-1.641210591133	-7.73803186807307	7.98362776303341e-14	1.18923739420077e-13	19.2365215420083	PRSS21
ENSG00000090534	-1.58326206896551	-2.5474960591133	-7.73015885082189	8.42637188281405e-14	1.2546145473063e-13	19.1832894575368	THPO
ENSG00000198691	-1.21664827586207	-1.0411197044335	-7.72970165695361	8.45281380089759e-14	1.25845563992946e-13	19.1801994577038	ABCA4
ENSG00000160994	-1.54553103448276	-8.87612561576351	-7.72435590828549	8.76812677959008e-14	1.30520059054501e-13	19.144079674489	TEKTL1
ENSG00000160856	-1.80144137931034	-8.08296896551722	-7.71993994880995	9.03732610903543e-14	1.3451704381352e-13	19.114256270998	FCRL3
ENSG00000101448	-2.00179359605911	-7.41438152709357	-7.71397839749912	9.41371807733198e-14	1.40087479947625e-13	19.0740148037399	EPPIN
ENSG00000170801	-1.09696354679803	2.94258177339902	-7.70900042473553	9.73982491748125e-14	1.44885178151342e-13	19.0404304186644	HTRA3
ENSG00000130957	-2.38347536945813	-6.65897561576352	-7.69171169112823	1.09613570588321e-13	1.62956895887179e-13	18.9239159666729	FBP2
ENSG00000176358	-2.65159802955665	-6.1812108374384	-7.68080982431805	1.18080665025642e-13	1.75451061126149e-13	18.8505451778312	TAC4
ENSG00000231852	-1.38562463054187	-1.62955665024631	-7.66866434680284	1.28274634934719e-13	1.90525417336345e-13	18.7688963947174	CYP21A2
ENSG00000160801	-1.15219113300492	1.95137339901478	-7.66611495851313	1.30522139585613e-13	1.93848886744342e-13	18.7517702385621	PTH1R
ENSG00000172322	-2.19006157635468	-2.6371869458128	-7.65504169295746	1.40743399940132e-13	2.0894989908304e-13	18.6774322757427	CLEC12A
ENSG00000157782	-1.34794039408867	-1.06425541871921	-7.65056601662012	1.45095203558745e-13	2.15377931480819e-13	18.6474086370372	CABP1
ENSG00000165349	-1.91556502463053	-7.35225049261082	-7.63549208953137	1.60750970292874e-13	2.38490393369522e-13	18.546386867051	SLC7A3
ENSG00000171587	-1.45310246305419	-8.27671379310344	-7.62983597498436	1.67045602118638e-13	2.47735080564804e-13	18.508519535311	DSCAM
ENSG00000072182	-1.22504729064039	-3.60399458128079	-7.62560905642842	1.71907803903071e-13	2.54926567299575e-13	18.4802343330364	ASIC4
ENSG00000055957	-2.28201773399014	-4.40133940886699	-7.62306774924511	1.74897953924964e-13	2.59341058927206e-13	18.4632343737716	ITIH1
ENSG00000198271	-2.75264926108374	-8.32026600985217	-7.62119071520347	1.7713938168063e-13	2.62624823367185e-13	18.4506807718187	KRTAP4-5
ENSG00000278224	-1.21584581280788	-0.806049014778325	-7.61170559280228	1.88906371087989e-13	2.79942997179152e-13	18.3872798047498	PRICKLE4
ENSG00000198443	-3.04264384236453	-7.76055985221671	-7.60755725066555	1.94291874105094e-13	2.87902017270379e-13	18.3595698845206	KRTAP4-1
ENSG00000221878	-2.39849359605911	-5.01300394088669	-7.60521399202464	1.97400580299914e-13	2.92463768330296e-13	18.3439225042601	PSG7
ENSG00000164303	-1.72713152709359	-5.49588054187192	-7.6031083389093	2.00235870578227e-13	2.96619874381421e-13	18.3298648546018	ENPP6
ENSG00000121053	-1.69563300492611	-5.70839334975368	-7.60038277408307	2.03965575942093e-13	3.02076186817763e-13	18.3116729309694	EPX
ENSG00000266265	-1.52090049261084	-4.40640147783251	-7.59101320759959	2.17317105751704e-13	3.21679357718512e-13	18.2491727110777	KLF14
ENSG00000185915	-1.64400640394088	-6.5706514778325	-7.57218724680258	2.46802239523399e-13	3.64992384196024e-13	18.1237686284627	KLHL34
ENSG00000255223	-1.47781133004926	-9.16738399014774	-7.57129706299487	2.48290087031581e-13	3.67137173181837e-13	18.1178447185691	OR5M11
ENSG00000222047	-1.04744137931034	-1.60024630541872	-7.56513544983704	2.58833802986436e-13	3.82640909142971e-13	18.076855404132	C10orf55
ENSG00000270276	-1.26371231527094	0.889299999999999	-7.56420003408461	2.60472609300544e-13	3.84976231353142e-13	18.0706348753963	H4C15
ENSG00000138207	-1.17643793103448	1.13137167487685	-7.55240437540261	2.8203700596082e-13	4.1669064568582e-13	17.9922433798186	RBP4
ENSG00000171360	-2.71289014778324	-6.50550763546796	-7.54466798897797	2.97126395722351e-13	4.38884657989885e-13	17.9408791222098	KRT38
ENSG00000146926	-1.70464433497537	-8.56240197044331	-7.54029770025105	3.05999291189155e-13	4.51888320744991e-13	17.9118810041373	ASB10
ENSG00000184005	-1.42016600985222	-1.93712783251232	-7.53999367316491	3.06626177165162e-13	4.52779866568051e-13	17.9098641696371	ST6GALNAC3
ENSG00000124251	-1.0208960591133	-2.12704950738916	-7.53757304227747	3.11662749050414e-13	4.60182352999108e-13	17.8938085434306	TP53TG5
ENSG00000106341	-1.43582857142857	-8.93758768472903	-7.52927293469272	3.2955976898687e-13	4.86460986897909e-13	17.8387849594845	PPP1R17
ENSG00000053328	-1.95639950738916	-3.78132389162561	-7.52607436368176	3.36723832149537e-13	4.96960737698532e-13	17.8175930341896	METTL24
ENSG00000183423	-1.24047487684729	-2.14820886699508	-7.52195767321592	3.46170578133169e-13	5.10748617431362e-13	17.7903281942332	LRIT3
ENSG00000178084	-1.38285960591133	-9.0909834975369	-7.51858435367136	3.54105815718582e-13	5.22377583662153e-13	17.7679951150651	HTR3C
ENSG00000114124	-1.65416256157636	-5.61197586206896	-7.51401208768303	3.65148253751373e-13	5.38545447155421e-13	17.7377365102372	GRK7
ENSG00000215186	-2.22654926108374	-7.0091293103448	-7.51007148749998	3.74936970721959e-13	5.52940780457967e-13	17.7116693623133	GOLGA6B
ENSG00000215455	-2.6699842364532	-8.20973497536942	-7.49359670188124	4.18739641057537e-13	6.16980326136348e-13	17.6028005505472	KRTAP10-1
ENSG00000157851	-1.66130985221675	-7.31620024630541	-7.48985789267908	4.29361789460637e-13	6.32535852969451e-13	17.5781189586835	DPYSL5
ENSG00000159409	-1.89351083743842	-5.86133325123151	-7.48934357242302	4.30843624477247e-13	6.3467104700244e-13	17.574724426145	CELF3
ENSG00000100373	-1.86501970443349	-8.63889507389159	-7.48536336166862	4.42482924900683e-13	6.51620295283282e-13	17.5484608693776	UPK3A
ENSG00000272804	-2.78199556650246	-7.96880369458124	-7.47994516423924	4.58826727500474e-13	6.75638000814879e-13	17.5127257369591	KRTAP10-7
ENSG00000138075	-1.7197	-7.07003423645319	-7.47116462521702	4.86584820545608e-13	7.1629684091166e-13	17.4548563637489	ABCG5
ENSG00000257743	-1.87279605911329	-6.474421182266	-7.46992009561354	4.90650776861675e-13	7.22227891038781e-13	17.4466582941205	MGAM2
ENSG00000239605	-2.09839852216749	-3.96508596059113	-7.4656179677135	5.04965697472209e-13	7.43187201385895e-13	17.418326950223	STPG4
ENSG00000187144	-2.02413793103448	-7.64277487684726	-7.45157710683302	5.54609228053968e-13	8.15943200679865e-13	17.3259482363627	SPATA21
ENSG00000107807	-1.62484827586207	-8.49915615763544	-7.44229177145124	5.90049374561568e-13	8.6749510063814e-13	17.264930116634	TLX1
ENSG00000250424	-2.41770394088669	-6.71175788177337	-7.43611886783594	6.14835354819073e-13	9.03731666331276e-13	17.2243972386155	
ENSG00000023445	-1.16611280788177	1.50529088669951	-7.42054920969137	6.82000651978359e-13	1.00162759213596e-12	17.1222766766639	BIRC3
ENSG00000198083	-2.80831822660098	-8.12454482758617	-7.41844185473533	6.9162991735069e-13	1.01561706078052e-12	17.1084671840058	KRTAP9-9
ENSG00000172468	-1.66731133004926	-8.25052413793101	-7.41630193203661	7.01545046277054e-13	1.03002954484629e-12	17.0944473359063	HSFY1
ENSG00000221859	-2.87451477832512	-8.00158349753691	-7.4163008359123	7.01550160776999e-13	1.03002954484629e-12	17.0944401553644	KRTAP10-10
ENSG00000169877	-2.77247684729064	-7.04606798029554	-7.39523843019963	8.06926840360984e-13	1.18376730833529e-12	16.9566131259651	AHSP
ENSG00000107518	-1.3333724137931	-3.75520886699507	-7.39062445647573	8.32014501465813e-13	1.22029626145639e-12	16.9264604274926	ATRNL1
ENSG00000183397	-1.01013596059113	0.290879310344828	-7.38885428603485	8.41842087883347e-13	1.23443221140665e-12	16.9148960345485	TEKTIP1
ENSG00000204571	-2.41407438423645	-8.36405295566499	-7.3876787234308	8.48431639607742e-13	1.24400143316435e-12	16.9072173406017	KRTAP5-11
ENSG00000241123	-2.78848275862069	-8.26943891625612	-7.38325405820757	8.73692530887339e-13	1.28084766981248e-12	16.8783241053426	KRTAP10-5
ENSG00000130208	-1.03555418719212	3.9603302955665	-7.38283724089102	8.76110024819648e-13	1.28429540957359e-12	16.8756029541794	APOC1
ENSG00000214700	-1.9422369458128	-3.91053866995074	-7.37577144989936	9.18107824029485e-13	1.34525478722233e-12	16.8294925042847	C12orf71
ENSG00000172938	-1.9259078817734	-8.241774137931	-7.36970626153829	9.55735408215169e-13	1.39986368965229e-12	16.7899388011483	MRGPRD
ENSG00000074317	-2.02481527093596	-3.62448596059112	-7.36892258801854	9.60706702372421e-13	1.40693423094738e-12	16.7848299454748	SNCB
ENSG00000140675	-1.39226009852217	-1.91577438423645	-7.36867645986134	9.62273285056649e-13	1.40912285774275e-12	16.7832254941867	SLC5A2
ENSG00000130561	-1.6670527093596	-8.57963128078815	-7.35801532588071	1.03260006273808e-12	1.5117673378804e-12	16.7137674637464	SAG
ENSG00000175344	-1.68330344827586	-3.67576748768472	-7.34226163081813	1.14588058433207e-12	1.6767351837527e-12	16.6112721080378	CHRNA7
ENSG00000139800	-1.16963645320196	-8.9287147783251	-7.33938782090794	1.16782686546732e-12	1.70846478551897e-12	16.5925929350275	ZIC5
ENSG00000122194	-1.78022364532019	-2.41061477832513	-7.3381796031511	1.17717673110572e-12	1.72201419861277e-12	16.5847414430242	PLG
ENSG00000262633	-2.56063891625615	-7.19049334975367	-7.33082677320749	1.23568744247234e-12	1.80706458136605e-12	16.5369811377604	
ENSG00000184032	-2.02857438423645	-8.91382266009848	-7.32860132262553	1.25395464934841e-12	1.83364125692657e-12	16.5225329679937	KRTAP20-2
ENSG00000168903	-1.58208522167488	-8.52844556650243	-7.32800877975914	1.25886309545391e-12	1.84068107829108e-12	16.5186866023621	BTNL3
ENSG00000179331	-1.89974827586206	-7.49317167487682	-7.31712393526575	1.3524710339255e-12	1.97696080073095e-12	16.4480724472708	RAB39A
ENSG00000143195	-1.74879458128078	-6.64364014778325	-7.31662110204492	1.35695711754339e-12	1.98336993201443e-12	16.44481232397	ILDR2
ENSG00000146216	-1.44756354679803	-7.28954433497537	-7.31394216535797	1.38110568714917e-12	2.01836429391782e-12	16.427446317795	TTBK1
ENSG00000135625	-1.84245763546797	-7.18273128078815	-7.30676333030908	1.44792353228833e-12	2.11506366183125e-12	16.3809341580184	EGR4
ENSG00000118785	-1.26185714285714	-1.15777832512315	-7.29609963063823	1.55309322763143e-12	2.26733511537229e-12	16.3119081663031	SPP1
ENSG00000125931	-1.4327842364532	-2.2458802955665	-7.29530221728555	1.56125324292416e-12	2.27907752843983e-12	16.3067496365086	CITED1
ENSG00000160321	-1.71358128078817	-2.5418960591133	-7.29398375837799	1.57483787199351e-12	2.29873630822357e-12	16.2982213737322	ZNF208
ENSG00000275713	-2.89414039408867	-3.52672980295566	-7.29284323205571	1.58668302676899e-12	2.31568033675278e-12	16.2908449993535	H2BC9
ENSG00000135100	-2.03027832512315	-7.50150172413791	-7.28071136536891	1.71823879276006e-12	2.50655587400097e-12	16.2124369035109	HNF1A
ENSG00000171217	-1.21347832512315	-2.47190467980296	-7.27713683728819	1.7590087693747e-12	2.56545633040678e-12	16.1893539526033	CLDN20
ENSG00000213416	-3.01728719211822	-7.23697955665021	-7.27568692666888	1.77581620921405e-12	2.5895828938483e-12	16.1799934678919	KRTAP4-12
ENSG00000175206	-2.24266354679803	-0.0198706896551727	-7.26753123445744	1.87334549854894e-12	2.73119350437506e-12	16.1273678843381	NPPA
ENSG00000100362	-2.47284039408866	-7.36827980295564	-7.26625427272007	1.8890860889909e-12	2.75393661701306e-12	16.1191322556277	PVALB
ENSG00000175868	-2.09534778325123	-7.16414187192116	-7.26598563954201	1.89241396152782e-12	2.75858224945373e-12	16.1173998766335	CALCB
ENSG00000145087	-1.52983300492611	-7.1413460591133	-7.2622285933006	1.93956619467964e-12	2.82668376287789e-12	16.0931763704718	STXBP5L
ENSG00000173826	-1.6909842364532	-8.06744384236451	-7.26162216340518	1.947284753167e-12	2.83772100271361e-12	16.0892673274874	KCNH6
ENSG00000163288	-1.76870985221674	-8.63296724137927	-7.26025504585613	1.96479634399077e-12	2.86281316390305e-12	16.0804558207959	GABRB1
ENSG00000145242	-1.56359310344828	-5.48756748768472	-7.25170424099819	2.07789577906206e-12	3.02715366888555e-12	16.0253722140916	EPHA5
ENSG00000259803	-1.54156206896552	-0.568692857142857	-7.24959997164668	2.10669684891469e-12	3.0688833262386e-12	16.0118243601358	SLC22A31
ENSG00000197683	-2.78971280788177	-8.12478990147779	-7.24848485157988	2.12211840787093e-12	3.09088752527493e-12	16.0046461467813	KRTAP26-1
ENSG00000170255	-1.60787832512315	-9.0191623152709	-7.24623377370995	2.15358908967111e-12	3.13649113059717e-12	15.9901581820001	MRGPRX1
ENSG00000198574	-1.83311477832512	-6.50708596059112	-7.24221665840343	2.2108949694843e-12	3.21947164632356e-12	15.9643126135711	SH2D1B
ENSG00000189013	-1.58125862068965	-8.87526133004922	-7.2388228817972	2.26047641742441e-12	3.29118090815884e-12	15.942486148608	KIR2DL4
ENSG00000106038	-1.59634679802956	-8.54772068965514	-7.22313588226658	2.50425130039128e-12	3.64312356973472e-12	15.8417007888104	EVX1
ENSG00000219435	-2.76384039408867	-6.52236305418717	-7.22084867302557	2.54189123835338e-12	3.69733074655019e-12	15.8270201204898	CATSPERZ
ENSG00000069482	-2.27219852216749	-0.546927832512315	-7.21734770700717	2.60058668575856e-12	3.7812994801409e-12	15.8045558070702	GAL
ENSG00000171873	-1.19524975369458	-2.92980911330049	-7.21647899660699	2.61535641464949e-12	3.80249200618112e-12	15.7989829416728	ADRA1D
ENSG00000196188	-2.12782709359605	-6.57758546798028	-7.21627658381667	2.61880965963401e-12	3.80722945756344e-12	15.7976845176494	CTSE
ENSG00000188710	-1.46141970443349	-2.67840541871921	-7.21544650639638	2.63301812131669e-12	3.82731628434772e-12	15.7923600873614	QRFP
ENSG00000174898	-1.951960591133	-7.89168078817731	-7.20919076675378	2.74256641999932e-12	3.98507197409672e-12	15.7522486603943	CATSPERD
ENSG00000005961	-1.15333054187192	-2.39933522167488	-7.20503681987517	2.81777467640683e-12	4.09313556279954e-12	15.7256286859666	ITGA2B
ENSG00000182931	-2.10728177339901	-2.20287832512315	-7.20410588290438	2.83490595308444e-12	4.11771459307092e-12	15.7196645395064	WFDC10B
ENSG00000152785	-1.27312709359606	-3.80222413793103	-7.2018351537155	2.87712348402277e-12	4.1784146198553e-12	15.7051193760337	BMP3
ENSG00000161992	-1.76337931034482	-7.32421970443347	-7.18689251375412	3.17078829931558e-12	4.60182287005014e-12	15.6094928895241	PRR35
ENSG00000162975	-1.8005724137931	-7.34849852216746	-7.18383817063997	3.23434927412058e-12	4.6919793270629e-12	15.5899653609516	KCNF1
ENSG00000239732	-2.30288078817733	-4.83929507389162	-7.1751831738201	3.42134971220689e-12	4.96030982090267e-12	15.534665795054	TLR9
ENSG00000185863	-2.09283940886699	-8.17859852216746	-7.1558837423914	3.87749307011699e-12	5.61829684705466e-12	15.4115419313729	TMEM210
ENSG00000125740	-1.80354039408867	4.36757955665025	-7.15281129875656	3.95543294891349e-12	5.7295286255776e-12	15.3919645544451	FOSB
ENSG00000144410	-1.63868669950738	-3.65287339901477	-7.15264020521556	3.95981816842559e-12	5.73545557718447e-12	15.390874551543	CPO
ENSG00000189099	-1.70710049261083	-8.7898083743842	-7.15120127504201	3.99688852214085e-12	5.78871974354677e-12	15.3817082158955	PRSS48
ENSG00000163217	-2.02940098522167	-7.32112512315268	-7.14928463197364	4.04679672577515e-12	5.86013350241555e-12	15.3695009598609	BMP10
ENSG00000171989	-1.23706748768473	-3.22630615763547	-7.14060289254433	4.28065176325123e-12	6.19694027390589e-12	15.3142381286938	LDHAL6B
ENSG00000121905	-1.57907389162561	-2.30295221674877	-7.13213054043138	4.52166868128313e-12	6.54439707966486e-12	15.2603585141937	HPCA
ENSG00000184388	-1.72166305418719	-8.07542315270932	-7.1245832574574	4.74758202169918e-12	6.8693356928806e-12	15.2124037900118	PABPC1L2B
ENSG00000183571	-2.0367684729064	-7.72115763546795	-7.11193213430392	5.15142697051125e-12	7.44925158041519e-12	15.1321084878817	PGPEP1L
ENSG00000111245	-2.0755802955665	0.556146798029556	-7.10585356472296	5.35730302817308e-12	7.74466753784275e-12	15.0935680410707	MYL2
ENSG00000166947	-2.08924039408867	-6.64223694581279	-7.10547930567606	5.37024008486057e-12	7.76279545368336e-12	15.0911959361188	EPB42
ENSG00000036565	-1.37429901477832	-9.0855859605911	-7.10496078021254	5.38821481597083e-12	7.7882022140312e-12	15.0879096119681	SLC18A1
ENSG00000231861	-2.26152709359606	-5.04027586206895	-7.103553420993	5.43729990188482e-12	7.85798807000689e-12	15.0789909571681	OR5K2
ENSG00000167633	-1.41621330049261	-8.99529778325119	-7.09311357479784	5.81540890824255e-12	8.39847498731817e-12	15.0128750743614	KIR3DL1
ENSG00000168081	-1.87782857142857	-8.16949261083741	-7.09088167719267	5.89953830568236e-12	8.51845556152243e-12	14.9987502436081	PNOC
ENSG00000185686	-1.62468128078817	-4.14730418719212	-7.09034830689325	5.91981979652047e-12	8.54710886321412e-12	14.9953752597646	PRAME
ENSG00000187135	-1.75687783251232	-8.08452364532016	-7.08994905738515	5.93504619216463e-12	8.56845986164902e-12	14.9928490759044	VSTM2B
ENSG00000154485	-1.74475566502463	-5.61915615763546	-7.08521892824099	6.11840003092754e-12	8.83055933562673e-12	14.9629284376887	MMP21
ENSG00000120500	-2.2952487684729	-5.14598152709358	-7.07758873172906	6.42597769977016e-12	9.27174071241202e-12	14.9146961781265	ARR3
ENSG00000186288	-1.31064581280788	-9.13722192118223	-7.07668319086691	6.46347527672548e-12	9.3244672861191e-12	14.9089747382518	PABPC1L2A
ENSG00000114113	-2.22824137931034	-7.76924137931031	-7.04153580420171	8.09761526161121e-12	1.16655803496061e-11	14.6873471571005	RBP2
ENSG00000129673	-1.87383152709359	-3.96880689655172	-7.03903299350446	8.22837323966209e-12	1.18522053401251e-11	14.6715982350363	AANAT
ENSG00000140015	-1.39879408866995	-8.74439802955662	-7.03822311583661	8.27112784650583e-12	1.19120333389651e-11	14.6665030240191	KCNH5
ENSG00000185559	-1.57262660098522	-2.98822906403941	-7.03732936064125	8.31856406923091e-12	1.19794678733169e-11	14.6608806447818	DLK1
ENSG00000213648	-1.00874532019704	1.53859285714286	-7.01029737625761	9.88679128472215e-12	1.42273693141414e-11	14.4910941991167	SULT1A4
ENSG00000235118	-1.68372463054187	-8.98238842364528	-6.99570878873746	1.08503884014146e-11	1.56036713621638e-11	14.3996772495354	FAM237A
ENSG00000162490	-1.18873743842365	-5.91175935960591	-6.99394430988825	1.09730193095347e-11	1.57765408583672e-11	14.3886305829946	DRAXIN
ENSG00000126952	-1.4862354679803	-8.78960492610833	-6.98156319247635	1.18726739281319e-11	1.70650039646627e-11	14.3111792085621	NXF5
ENSG00000165181	-1.27509408866995	-2.62700812807882	-6.97662797889403	1.22511594893495e-11	1.7605129696365e-11	14.2803365610161	SHOC1
ENSG00000273274	-1.12416256157635	-8.90492315270934	-6.95835844238987	1.37583329493317e-11	1.97578881904645e-11	14.1663104595617	ZBTB8B
ENSG00000186838	-1.73996256157635	-8.5554807881773	-6.95485184422009	1.40677909621277e-11	2.01993218943351e-11	14.1444515914081	SELENOV
ENSG00000169676	-1.23830591133004	-9.06348596059109	-6.95386280409004	1.41563041651631e-11	2.03249207255615e-11	14.1382878423291	DRD5
ENSG00000180083	-1.86218325123152	-8.63809458128075	-6.95224564325712	1.43022111467827e-11	2.05313898648664e-11	14.1282111014547	WFDC11
ENSG00000261582	-2.31928275862068	-2.90201822660098	-6.94926849696833	1.4574697421945e-11	2.0917944845744e-11	14.1096649457177	
ENSG00000212657	-2.62226945812808	-7.80340024630538	-6.94480079177295	1.49932094872283e-11	2.15154427815696e-11	14.0818450969547	KRTAP16-1
ENSG00000187398	-1.81163645320197	-6.2460448275862	-6.94376608931736	1.50918072003243e-11	2.16553415308568e-11	14.0754041451832	LUZP2
ENSG00000198336	-1.75683645320197	-1.8582039408867	-6.94108524080028	1.5350242047088e-11	2.20213206639402e-11	14.0587195694342	MYL4
ENSG00000212721	-2.4013921182266	-8.33934482758617	-6.93055841264058	1.64077777500661e-11	2.35315421100683e-11	13.9932538051696	KRTAP4-11
ENSG00000170683	-2.04644778325123	-5.05017610837437	-6.92627430020176	1.68583794277872e-11	2.41724595185133e-11	13.9666336068903	OR10A3
ENSG00000112936	-1.27648275862069	2.1226921182266	-6.92175179859245	1.73472511990008e-11	2.48697808620698e-11	13.9385462367985	C7
ENSG00000132671	-1.27796453201971	-9.17080492610833	-6.91967351580462	1.75765556086398e-11	2.51966732470686e-11	13.9256437506566	SSTR4
ENSG00000140623	-2.30347931034482	-6.90128497536944	-6.90887434507933	1.88168745430965e-11	2.69648282115709e-11	13.8586491710034	SEPTIN12
ENSG00000155622	-2.40348374384236	-7.20083891625613	-6.90849463775284	1.88620154932532e-11	2.70275338590083e-11	13.8562950945324	XAGE2
ENSG00000102104	-1.36757192118227	-8.65993916256155	-6.88775379090703	2.14963149642742e-11	3.07729094595155e-11	13.7278633365784	RS1
ENSG00000182521	-1.70855369458128	-8.3989399014778	-6.8848500607665	2.1892855452222e-11	3.13359833917324e-11	13.7099072161981	TBPL2
ENSG00000163395	-1.40680443349753	-3.10418596059114	-6.87223963628988	2.36999952571833e-11	3.39077024171517e-11	13.6319963295533	IGFN1
ENSG00000188848	-1.26243004926108	-8.67130221674875	-6.86900557425934	2.41865845586349e-11	3.46013349520382e-11	13.6120335912726	BEND4
ENSG00000135702	-2.01826995073891	-5.35371674876846	-6.85946253066209	2.56803415772269e-11	3.67248616979267e-11	13.5531711508219	CHST5
ENSG00000187005	-1.47463793103448	-9.16295295566498	-6.84300967452824	2.84713224752003e-11	4.06864046662058e-11	13.4518408337087	KRTAP21-1
ENSG00000276289	-1.94547586206896	-7.05853596059111	-6.84189148409819	2.86714667345292e-11	4.09664255996323e-11	13.4449611039696	
ENSG00000282815	-1.13328768472905	-8.91971625615762	-6.840681687184	2.88895643006412e-11	4.12720129807099e-11	13.4375187660836	TEX13C
ENSG00000069764	-1.993960591133	-7.56234581280785	-6.84056283175997	2.89110788194656e-11	4.12997296995612e-11	13.436787656611	PLA2G10
ENSG00000268651	-1.6955078817734	-8.03322832512312	-6.83959144475363	2.90875046438649e-11	4.15487183502966e-11	13.4308127902293	CTAG1A
ENSG00000182271	-1.4931197044335	-8.80660862068962	-6.83592731049325	2.9762563823451e-11	4.2506761838623e-11	13.4082812783758	TMIGD1
ENSG00000186583	-1.84487832512315	-6.9440963054187	-6.8348814464631	2.99580551128293e-11	4.27765828594849e-11	13.4018518065733	SPATC1
ENSG00000161652	-1.82696896551724	-8.35867709359602	-6.83458124741903	3.00144004663497e-11	4.28539061820271e-11	13.4000064708617	IZUMO2
ENSG00000089116	-1.28376600985221	-8.83216133004923	-6.8190575027158	3.30744227306658e-11	4.71850174479977e-11	13.3046692246049	LHX5
ENSG00000177108	-1.44322955665025	-8.16395714285713	-6.81831996470848	3.32271908536957e-11	4.73995009608674e-11	13.3001440130562	ZDHHC22
ENSG00000182261	-1.04184876847291	1.19501995073892	-6.81566295096823	3.37833126069622e-11	4.81893062018435e-11	13.2838449645867	NLRP10
ENSG00000188155	-2.11505960591132	-8.55435344827583	-6.81432843097289	3.40660709249199e-11	4.85855464906425e-11	13.2756604610841	KRTAP10-6
ENSG00000186777	-1.08065763546798	-2.95576083743842	-6.80546254312832	3.60044902360986e-11	5.13351633002946e-11	13.221319081423	ZNF732
ENSG00000243489	-2.38492068965517	-8.44699334975366	-6.79398120615322	3.8676423228545e-11	5.51287135472084e-11	13.1510306627613	KRTAP10-11
ENSG00000146910	-1.3175157635468	-9.03186379310341	-6.79207641816731	3.91381523762628e-11	5.57827856273742e-11	13.1393787515651	CNPY1
ENSG00000146809	-1.62546403940887	-7.68472413793102	-6.79131600724205	3.93239875385181e-11	5.60394781942478e-11	13.1347279163018	ASB15
ENSG00000150045	-1.62962068965517	-3.10973940886699	-6.78003638402127	4.21845231084254e-11	6.00765158566425e-11	13.0657880989913	KLRF1
ENSG00000198390	-2.15774581280788	-8.75605812807878	-6.7783604729158	4.26266160422761e-11	6.0697269797301e-11	13.0555529138754	KRTAP13-1
ENSG00000244025	-2.44007536945813	-8.46277709359602	-6.74885950112489	5.11967973037654e-11	7.28316090056187e-11	12.8757143479682	KRTAP19-3
ENSG00000138622	-1.20693891625616	-8.51859852216748	-6.74505397113195	5.24187704042315e-11	7.45591099235383e-11	12.8525613982444	HCN4
ENSG00000164411	-1.99540591133004	-6.16511527093594	-6.73438604678753	5.59989907741739e-11	7.95993801068451e-11	12.7877131323787	GJB7
ENSG00000118271	-2.21482758620689	-3.6972408866995	-6.72481029896711	5.94164277548094e-11	8.44263674241609e-11	12.7295739584464	TTR
ENSG00000114248	-1.61085566502463	-8.3132189655172	-6.72095821309511	6.08482018531463e-11	8.64356735199669e-11	12.7062046928091	LRRC31
ENSG00000167014	-1.24990689655172	-9.22792044334971	-6.71841699718844	6.18112267748656e-11	8.77909000388418e-11	12.6907938905148	TERB2
ENSG00000156738	-2.03307192118226	-4.76377044334974	-6.70771939282256	6.6031924228876e-11	9.37378950516268e-11	12.6259711655047	MS4A1
ENSG00000113492	-1.40902807881773	-8.68155098522164	-6.70672324010495	6.64390562267971e-11	9.43090024539892e-11	12.6199391367571	AGXT2
ENSG00000235169	-1.50987438423645	-0.298982512315271	-6.70454804879392	6.73366501627231e-11	9.5562296113285e-11	12.6067701422171	SMIM1
ENSG00000075043	-1.71573842364532	-6.13334901477832	-6.69090920923157	7.3242238083053e-11	1.03898070312066e-10	12.5242762815126	KCNQ2
ENSG00000253831	-1.46836600985222	-8.48901256157632	-6.6887837652804	7.42072177290175e-11	1.05236389612515e-10	12.5114327757248	ETV3L
ENSG00000234776	-1.70855911330049	-2.95445886699507	-6.67688460211048	7.98445458468908e-11	1.13148811815804e-10	12.4395897364247	FREY1
ENSG00000143167	-1.69207881773399	-7.04340344827584	-6.6679374427062	8.43581457218769e-11	1.19501767574985e-10	12.3856375593269	GPA33
ENSG00000164438	-1.34736995073892	-8.9228583743842	-6.66356620398847	8.66534488544232e-11	1.2273550029087e-10	12.3592997391862	TLX3
ENSG00000075290	-1.71299064039408	-5.50540615763546	-6.66157400250184	8.77197634706958e-11	1.24227814895597e-10	12.3473008270286	WNT8B
ENSG00000258691	-2.5345763546798	-3.54781280788176	-6.66043943705407	8.83327769434262e-11	1.25077829652086e-10	12.340468695487	
ENSG00000267060	-1.57597733990147	-3.15033596059113	-6.65851690836011	8.9381143240967e-11	1.26543961545677e-10	12.3288937395455	PTGES3L
ENSG00000163046	-1.26672068965517	-9.10910862068961	-6.65105058009641	9.35696120871175e-11	1.32464311750685e-10	12.2839667552673	ANKRD30BL
ENSG00000215454	-2.30780246305418	-8.33892142857139	-6.64449880024305	9.74032658380438e-11	1.3785158031627e-10	12.2445762770101	KRTAP10-4
ENSG00000069206	-1.10089655172413	-9.32603596059109	-6.62440022376016	1.10150719987719e-10	1.55734725075966e-10	12.1239350963706	ADAM7
ENSG00000106689	-1.59177142857143	-0.764015763546798	-6.60404390725039	1.24726829512347e-10	1.76177210143135e-10	12.0020472021597	LHX2
ENSG00000185069	-1.08735566502463	-9.24808620689651	-6.59929729991943	1.28388670272309e-10	1.81297159799224e-10	11.9736693750384	KRT76
ENSG00000243955	-2.10042807881773	-3.22648990147783	-6.59581041199759	1.31145669422749e-10	1.85176927157468e-10	11.9528333385395	GSTA1
ENSG00000198049	-1.3042	-8.97209950738912	-6.592791433075	1.33579549528349e-10	1.88586299442494e-10	11.9348004937998	AVPR1B
ENSG00000182896	-1.42042758620689	-8.95973399014774	-6.58099796668363	1.43519210678568e-10	2.02487359402251e-10	11.864420153506	TMEM95
ENSG00000133742	-2.03454532019704	-4.18500467980295	-6.57857395078324	1.45650303735605e-10	2.05448596748263e-10	11.8499668749444	CA1
ENSG00000113196	-1.65148128078818	-7.87643423645317	-6.55355584070893	1.69540568280823e-10	2.38958657435545e-10	11.7010472024236	HAND1
ENSG00000189169	-2.35421724137931	-8.44834556650243	-6.55297175040562	1.70141920157122e-10	2.39771645179958e-10	11.697575906154	KRTAP10-12
ENSG00000243709	-1.70437783251231	-3.95206133004925	-6.5437999443238	1.7986369790568e-10	2.53344124583596e-10	11.6430999808	LEFTY1
ENSG00000221837	-2.35980098522167	-8.34888374384233	-6.54178153829372	1.82075165847136e-10	2.56422087848425e-10	11.6311199609054	KRTAP10-9
ENSG00000174038	-1.22476403940887	-3.87031009852217	-6.53989795440057	1.84162954659675e-10	2.59306323219206e-10	11.6199428641447	C9orf131
ENSG00000249693	-1.69307142857142	-4.63504408866995	-6.53212190633674	1.93033338671912e-10	2.71678610322398e-10	11.5738277874434	SPMAP2L
ENSG00000106819	-1.05932610837439	1.07803152709359	-6.52451324354242	2.02117773322739e-10	2.84382282833391e-10	11.5287484396132	ASPN
ENSG00000268975	-1.88548472906404	-8.16532758620687	-6.51254325040523	2.17264418640241e-10	3.05473866398129e-10	11.4579156411828	MIA-RAB4B
ENSG00000244537	-2.63799162561576	-7.95670172413789	-6.50055399031623	2.3354939652247e-10	3.28181657211627e-10	11.3870747095894	KRTAP4-2
ENSG00000221932	-1.75308965517241	-4.57315467980295	-6.49487024049806	2.41682002469094e-10	3.39511874937174e-10	11.3535282004285	HEPN1
ENSG00000177414	-1.87441280788177	-8.06512315270933	-6.49213142096883	2.45699333355095e-10	3.45080952452585e-10	11.3373717130461	UBE2U
ENSG00000248713	-1.189260591133	-8.62818546798028	-6.49182805370593	2.46148322593091e-10	3.45686706440113e-10	11.3355824692042	C4orf54
ENSG00000109265	-1.17542167487684	-3.43230591133005	-6.49000068736594	2.48869922358344e-10	3.49433540934528e-10	11.3248061985672	CRACD
ENSG00000185467	-1.55517733990148	-8.27114975369455	-6.48937124024706	2.49814206597452e-10	3.50734192494246e-10	11.3210948197381	KPNA7
ENSG00000147257	-1.14861083743843	2.38814926108374	-6.48580320537742	2.55233655879626e-10	3.582400418875e-10	11.3000623197843	GPC3
ENSG00000273291	-1.5373881773399	-1.54520689655172	-6.48394129807494	2.58107276919943e-10	3.62195347233199e-10	11.2890906678833	
ENSG00000188694	-2.04032266009852	-8.70293571428567	-6.48367902698421	2.58514599391347e-10	3.62740884706376e-10	11.2875453902157	KRTAP24-1
ENSG00000091482	-2.11358620689655	-4.93469704433496	-6.48218579605273	2.60845709215769e-10	3.65933011449717e-10	11.2787483767823	SMPX
ENSG00000196361	-1.61321428571428	-6.55369926108374	-6.47595460277639	2.70797730874157e-10	3.79839883487136e-10	11.2420565837382	ELAVL3
ENSG00000164822	-2.68891970443349	-6.14755344827584	-6.47205594797557	2.7721266480662e-10	3.88782108199438e-10	11.2191143285356	DEFA6
ENSG00000107317	-1.0018802955665	5.73410960591133	-6.46451700411775	2.90042687002765e-10	4.06659075147657e-10	11.1747821188375	PTGDS
ENSG00000234224	-1.14269655172413	-9.11129064039405	-6.46130500316633	2.95684141853885e-10	4.14509289821278e-10	11.1559069649467	TMEM229A
ENSG00000205927	-1.5134408866995	-8.11427906403938	-6.43161138560856	3.53197154748692e-10	4.94602565252521e-10	10.981776152599	OLIG2
ENSG00000166111	-1.30954088669951	-7.99933399014778	-6.42863790725002	3.59527139079359e-10	5.0343073601955e-10	10.9643749739564	SVOP
ENSG00000103313	-1.19901674876847	-4.15310049261084	-6.42378355337466	3.70100809238533e-10	5.18013895870177e-10	10.9359807857506	MEFV
ENSG00000153404	-1.28300197044335	-3.16887783251231	-6.42143949594857	3.75315096432606e-10	5.25236867264823e-10	10.9222761463851	PLEKHG4B
ENSG00000249139	-1.36573004926108	-8.95608669950735	-6.41419533767261	3.91888639598337e-10	5.48313008880267e-10	10.8799486653338	EPPIN-WFDC6
ENSG00000240403	-1.17855862068966	-9.18514975369454	-6.40237279531505	4.20489175164507e-10	5.879928058007e-10	10.810953631161	KIR3DL2
ENSG00000104879	-1.15444482758621	1.22020763546798	-6.40092042885057	4.24140717775905e-10	5.92971663097492e-10	10.8024849600447	CKM
ENSG00000120498	-1.53710689655172	-8.11374950738912	-6.39665062605491	4.3505671771219e-10	6.08189310932943e-10	10.7775970684414	TEX11
ENSG00000145794	-1.56879162561576	-3.21491699507389	-6.38810108609178	4.57747768160035e-10	6.39681556449041e-10	10.7278042180283	MEGF10
ENSG00000154620	-2.54392955665024	-3.82538399014777	-6.37848821561072	4.84646923241328e-10	6.76884660804891e-10	10.6718835902064	TMSB4Y
ENSG00000148795	-1.63814137931034	-1.5169184729064	-6.37426764235868	4.96940650720801e-10	6.9395556641317e-10	10.6473531764554	CYP17A1
ENSG00000259384	-2.85043891625615	-2.71460960591132	-6.36821274471832	5.15112445242542e-10	7.19126118369036e-10	10.6121847060358	GH1
ENSG00000178171	-1.05445566502463	-8.88731157635466	-6.34788223573552	5.81018064550701e-10	8.10439330296202e-10	10.4943001170012	AMER3
ENSG00000165694	-1.65142758620689	-5.29646945812807	-6.33634493338163	6.22020128980822e-10	8.67074496079836e-10	10.4275396849591	FRMD7
ENSG00000120937	-2.45746945812807	-4.65945443349752	-6.33173413243729	6.39187217671094e-10	8.90687151150066e-10	10.4008872394243	NPPB
ENSG00000196711	-1.6934157635468	-8.35946847290637	-6.3256562271075	6.6252711069246e-10	9.22881516654932e-10	10.3657786377053	ALKAL1
ENSG00000092067	-1.49152561576355	-8.4043214285714	-6.32542716825486	6.63422850226156e-10	9.2399752969279e-10	10.3644560366472	CEBPE
ENSG00000243509	-2.40694778325123	0.820275862068966	-6.31620482627352	7.00488859740277e-10	9.74996673578667e-10	10.3112383152929	TNFRSF6B
ENSG00000177468	-1.03743694581281	-9.35499778325119	-6.3152905761498	7.04271986133631e-10	9.80122714216167e-10	10.3059660926834	OLIG3
ENSG00000102837	-1.41854827586207	-4.05484064039409	-6.30759927282621	7.36900400176755e-10	1.02494716158393e-09	10.261637363692	OLFM4
ENSG00000105467	-2.03085714285714	-6.87072758620687	-6.30747234981071	7.37451063858924e-10	1.02564007472287e-09	10.2609062171334	SYNGR4
ENSG00000157335	-1.98046502463054	-5.3054738916256	-6.30582092052667	7.44652723648763e-10	1.03543500252911e-09	10.2513941769442	CLEC18C
ENSG00000183434	-1.13094384236453	-9.15775665024626	-6.3035942358729	7.54472098271181e-10	1.04893950942056e-09	10.2385719768954	TFDP3
ENSG00000114279	-1.12055566502463	-2.58314581280788	-6.29851837675797	7.77332211924248e-10	1.08041437307423e-09	10.2093569434832	FGF12
ENSG00000156925	-1.17483990147783	-8.91596379310342	-6.29847609632685	7.77525449042414e-10	1.0806060966636e-09	10.2091136720797	ZIC3
ENSG00000183019	-2.00006748768473	-5.61535344827585	-6.29277306585996	8.04025986259335e-10	1.11711879299537e-09	10.1763121293062	MCEMP1
ENSG00000111700	-1.27093103448276	-8.83889507389159	-6.29143905213448	8.10351276370143e-10	1.1256670914718e-09	10.1686429478843	SLCO1B3
ENSG00000266202	-1.57199507389162	-8.92689753694578	-6.28916609812239	8.21240984978985e-10	1.1407130093439e-09	10.1555789273808	
ENSG00000241233	-1.83827044334975	-3.83615886699507	-6.28899888779222	8.22047721607081e-10	1.14175242186536e-09	10.1546180235197	KRTAP5-8
ENSG00000115593	-1.43949852216748	-5.04566600985221	-6.28453821852416	8.43857736229133e-10	1.17162826866001e-09	10.1289917630397	SMYD1
ENSG00000173825	-1.15573004926108	-4.00141280788177	-6.28094416254211	8.61841679413447e-10	1.19617259226545e-09	10.1083550363343	TIGD3
ENSG00000182674	-1.20287586206897	-8.66058669950737	-6.26113985912296	9.67874276842417e-10	1.34209885177425e-09	9.99481516813638	KCNB2
ENSG00000153446	-1.30909556650246	-1.95254975369458	-6.256410909114	9.95023345519073e-10	1.37945134918656e-09	9.96774740778636	C16orf89
ENSG00000181656	-1.45222512315271	-7.02999039408866	-6.25630143299162	9.95660597283651e-10	1.38023688672179e-09	9.9671209836582	GPR88
ENSG00000179914	-1.94322266009852	-4.78344187192117	-6.25170195948837	1.02279770699494e-09	1.4175540985883e-09	9.94081089632048	ITLN1
ENSG00000171405	-1.27478374384236	-9.32840812807878	-6.24927022574722	1.03743620894981e-09	1.43753658053585e-09	9.92690725237386	XAGE5
ENSG00000188000	-1.63475467980295	-4.9832	-6.23950224931617	1.09833117494036e-09	1.52116143307473e-09	9.87110302321888	OR7D2
ENSG00000203661	-1.29598669950739	-9.02769285714282	-6.2375228511333	1.11109052625967e-09	1.53839670286003e-09	9.85980355142273	OR2T5
ENSG00000244734	-1.72312660098523	3.96634556650246	-6.22227679399764	1.21435010160575e-09	1.68041564123917e-09	9.7728701428567	HBB
ENSG00000141161	-1.29909852216749	-6.04067241379309	-6.2161601132146	1.25836660192511e-09	1.74070928964539e-09	9.73804211608919	UNC45B
ENSG00000243772	-1.21749064039409	-9.0187004926108	-6.20924102032689	1.31004032861914e-09	1.81167702935922e-09	9.69867935906587	KIR2DL3
ENSG00000124780	-1.53085960591133	-8.16609285714282	-6.20495152688799	1.34311189455725e-09	1.85675528037902e-09	9.67429462494969	KCNK17
ENSG00000256188	-1.79714679802955	-6.68671330049259	-6.19874607137448	1.39240520831527e-09	1.92449130637931e-09	9.63904279842702	TAS2R30
ENSG00000147117	-1.36586748768473	-4.83158842364532	-6.19644859660853	1.41110061135856e-09	1.95019293827221e-09	9.62599875873498	ZNF157
ENSG00000214946	-1.83035024630541	-6.23557955665023	-6.19361419182357	1.43450379889765e-09	1.98211647020136e-09	9.60991178750941	TBC1D26
ENSG00000173867	-1.51071773399015	-0.942850985221675	-6.17868519550275	1.56417719557897e-09	2.16022266826885e-09	9.52528131766622	
ENSG00000113924	-1.44990049261084	-2.1199315270936	-6.17783720531323	1.57187737537785e-09	2.17055028756599e-09	9.52047925678577	HGD
ENSG00000215277	-1.43231231527093	-9.00389359605907	-6.1758346918435	1.5902086697558e-09	2.19555304679721e-09	9.50914144614995	RNF212B
ENSG00000205439	-2.04918275862069	-8.83426822660094	-6.17352117355532	1.61164736319791e-09	2.22483842692947e-09	9.49604658657383	KRTAP12-3
ENSG00000153347	-2.02640098522167	-7.27641576354677	-6.16875487287084	1.65671020241311e-09	2.28672346203963e-09	9.46908144024236	FAM81B
ENSG00000095596	-1.94311330049261	-6.70753201970441	-6.15983014470621	1.74442651114114e-09	2.40643674154455e-09	9.41863663860781	CYP26A1
ENSG00000146049	-1.09153842364532	-9.1849307881773	-6.12418281690075	2.14236760215189e-09	2.95122992254704e-09	9.2177542021869	KAAG1
ENSG00000115297	-1.69879655172414	-5.6368554187192	-6.11891841794425	2.20820157913615e-09	3.04084809100689e-09	9.18817003150982	TLX2
ENSG00000183318	-1.17792561576355	-9.25756034482754	-6.11304454880002	2.28399294051828e-09	3.14455333546627e-09	9.1551858321074	SPDYE4
ENSG00000145198	-1.26625418719211	-3.91489753694581	-6.11006478366534	2.32340767770387e-09	3.19814276521019e-09	9.13846330259636	VWA5B2
ENSG00000259916	-1.31333645320197	-9.0783110837438	-6.10128969871426	2.44338209887316e-09	3.36139197297988e-09	9.08925670576389	AQP7B
ENSG00000188771	-1.58199852216748	-8.24602389162558	-6.09399842872239	2.54765824468695e-09	3.50361276690164e-09	9.04841546665798	PLET1
ENSG00000077080	-1.72801477832512	-7.80652512315268	-6.09251129791952	2.56945439073736e-09	3.53333880119552e-09	9.04009046520731	ACTL6B
ENSG00000268655	-2.25331921182266	-5.69802512315269	-6.09051053162311	2.59906643379242e-09	3.57355633920858e-09	9.0288927891451	SAXO3
ENSG00000170608	-1.64969753694581	-6.7307911330049	-6.08998971132976	2.60682931392233e-09	3.5839776595378e-09	9.02597842037943	FOXA3
ENSG00000187766	-2.02238620689655	-8.7699610837438	-6.08876261507559	2.62520902209257e-09	3.60899294475786e-09	9.0191127447303	KRTAP10-8
ENSG00000177462	-1.28408325123152	-8.99802832512312	-6.04019011932756	3.46382021044718e-09	4.75517910450008e-09	8.74827445111609	OR2T8
ENSG00000092200	-1.37995123152709	-4.22074507389162	-6.03245326950591	3.619609580872e-09	4.96730410318824e-09	8.7053014450105	RPGRIP1
ENSG00000164458	-1.0797960591133	-9.19584876847287	-6.03192121657818	3.63057105532467e-09	4.98199702009372e-09	8.70234794108954	TBXT
ENSG00000180386	-1.89695911330049	-8.75314211822656	-6.03118192782623	3.64585590630473e-09	5.00262014611762e-09	8.69824440243078	KRTAP9-7
ENSG00000158748	-1.50248177339901	-7.26133596059111	-6.00259436574468	4.28763808117139e-09	5.87786905522632e-09	8.53988759649089	HTR6
ENSG00000183476	-1.45604137931034	-7.15513251231525	-5.98925857050744	4.62356904557371e-09	6.33439331804553e-09	8.46623145481531	SH2D7
ENSG00000255192	-1.87992807881773	-4.77508423645319	-5.98011480897687	4.86861736801477e-09	6.66871245571911e-09	8.41580810953387	NANOGP8
ENSG00000268902	-1.24215862068965	-9.34472068965513	-5.97607022305744	4.98101421930477e-09	6.82218810440523e-09	8.39352482768533	CSAG2
ENSG00000140798	-1.46476206896552	-8.05287118226599	-5.95575016075515	5.58516878613189e-09	7.64323308253427e-09	8.28176483634243	ABCC12
ENSG00000255245	-1.20665172413793	-9.28941600985218	-5.94926490376033	5.79263345004676e-09	7.9249259927761e-09	8.24616335663232	FXYD6-FXYD2
ENSG00000149021	-2.36372955665025	-6.51413522167485	-5.94240958324445	6.02011521996104e-09	8.2326866080111e-09	8.20856582626422	SCGB1A1
ENSG00000135226	-1.25971133004927	-9.08035270935956	-5.93881340667151	6.14291211670081e-09	8.4000271908591e-09	8.1888574215001	UGT2B28
ENSG00000182816	-2.11389753694581	-8.36183743842361	-5.92580728663635	6.60777808283586e-09	9.02938251134735e-09	8.11766277436039	KRTAP13-2
ENSG00000130487	-1.38702512315271	-3.9165657635468	-5.92553183539456	6.61798557818704e-09	9.04269851551749e-09	8.11615639279574	KLHDC7B
ENSG00000260097	-1.11855763546798	-1.10253793103448	-5.91058665113186	7.19550037061844e-09	9.82699477549973e-09	8.03451289677972	SPDYE6
ENSG00000259288	-2.1608448275862	-5.86091748768471	-5.90837798109014	7.28491720024277e-09	9.94772080552346e-09	8.02246196408912	BUB1B-PAK6
ENSG00000168509	-1.57238719211822	-4.97450295566502	-5.89992773232116	7.63714199884114e-09	1.04257791785787e-08	7.97639080787286	HJV
ENSG00000134028	-1.64104285714286	-4.12025443349753	-5.88917556179598	8.10941550851443e-09	1.10689528439889e-08	7.91784984076159	ADAMDEC1
ENSG00000269720	-1.54032660098523	-8.39759137931031	-5.88820152578832	8.15358006885313e-09	1.1126903750386e-08	7.91255108042713	CCDC194
ENSG00000134640	-1.07658078817734	-9.28401354679799	-5.88155412454193	8.46131463019094e-09	1.15436337966484e-08	7.8764089311544	MTNR1B
ENSG00000233436	-1.15607931034483	-4.94842290640394	-5.88018147459273	8.52625737521557e-09	1.16297983964865e-08	7.86895007747853	BTBD18
ENSG00000174429	-1.46225960591133	-5.82879187192118	-5.87389374745342	8.83001199556521e-09	1.20390772634714e-08	7.83480192940649	ABRA
ENSG00000169953	-1.69313990147783	-6.68389408866993	-5.87247949793414	8.89977394256655e-09	1.21333460573207e-08	7.82712550110509	HSFY2
ENSG00000184672	-1.51497142857143	-7.85062463054184	-5.8718772851361	8.92964281627976e-09	1.21723688557296e-08	7.82385721410753	RALYL
ENSG00000163221	-2.4063684729064	-3.87375073891624	-5.86640068656664	9.20580183719828e-09	1.2546187286598e-08	7.79414799463978	S100A12
ENSG00000174527	-1.16857733990148	-3.40564926108375	-5.86496759958503	9.27943032590705e-09	1.26438870052207e-08	7.78637771026567	MYO1H
ENSG00000137270	-1.14003448275862	-8.70342512315269	-5.848280978023	1.01801923324595e-08	1.38606088316674e-08	7.69601993323796	GCM1
ENSG00000268173	-1.66182068965517	-8.5624004926108	-5.8429339785188	1.0486471160003e-08	1.42766211097101e-08	7.66711206656307	
ENSG00000267140	-2.16602364532019	-7.30303448275859	-5.82233416014469	1.175270378641e-08	1.59915984816894e-08	7.55595094541612	
ENSG00000183542	-1.93367389162561	-7.43066502463051	-5.82177883289302	1.17888246420325e-08	1.60362808822636e-08	7.55295887871588	KLRC4
ENSG00000143340	-1.03528768472906	-8.9390320197044	-5.80360604000238	1.30324831709557e-08	1.77181568197312e-08	7.45517848944472	FAM163A
ENSG00000273079	-1.27875862068965	-7.32498177339901	-5.79443914378434	1.37074705992388e-08	1.86293476910998e-08	7.40595348454922	GRIN2B
ENSG00000154864	-1.03311280788177	-1.63830123152709	-5.78364066720861	1.45463932470081e-08	1.97612524736206e-08	7.3480517863844	PIEZO2
ENSG00000253457	-1.63713004926108	-7.93652315270933	-5.78290235148561	1.46055457924822e-08	1.98388528446992e-08	7.34409626650742	SMIM18
ENSG00000158865	-1.63158719211823	-4.90849753694581	-5.76754229351543	1.58907286169263e-08	2.1569536614015e-08	7.26190213726239	SLC5A11
ENSG00000166159	-1.31542167487684	-8.23940985221672	-5.76731889219069	1.59102109524446e-08	2.15944813469004e-08	7.26070805073265	LRTM2
ENSG00000204880	-2.34530492610837	-7.46253325123149	-5.75533279288195	1.69903349247617e-08	2.305089732711e-08	7.19669962618533	KRTAP4-8
ENSG00000144035	-1.7592566502463	-7.28552733990146	-5.7368888052615	1.87933738496027e-08	2.54741008371322e-08	7.09842582503416	NAT8
ENSG00000164972	-1.34143694581281	-1.21181650246305	-5.73527203913593	1.89600325845935e-08	2.56964391960695e-08	7.08982411651088	SPMIP6
ENSG00000178522	-1.13115911330049	-9.28373177339897	-5.73195555506372	1.93064205120725e-08	2.61586403416016e-08	7.07218582684449	AMBN
ENSG00000169006	-1.47088078817734	-8.04098768472903	-5.72971530877839	1.95438831315291e-08	2.64748762065952e-08	7.06027628214392	NTSR2
ENSG00000277288	-1.86529162561576	-4.87392660098521	-5.72232791884295	2.03472762339446e-08	2.75517234038072e-08	7.02103169960577	LINC02881
ENSG00000163914	-1.2160236453202	-8.39147093596056	-5.71945943251709	2.06678265671408e-08	2.79799561326682e-08	7.00580484718363	RHO
ENSG00000183753	-1.00974334975369	-9.46092832512311	-5.71610106181004	2.10493765208003e-08	2.84945217490635e-08	6.98798579421737	BPY2
ENSG00000166160	-1.01709556650246	-9.40645517241375	-5.71342474940242	2.13583424953096e-08	2.89047596290402e-08	6.97379203276832	OPN1MW2
ENSG00000101076	-1.3782290640394	-6.34413916256157	-5.69542056524533	2.35547243225209e-08	3.18595253814163e-08	6.87845452800703	HNF4A
ENSG00000178690	-1.58250738916256	-7.97609507389159	-5.69464217194042	2.36544855145245e-08	3.19900315518919e-08	6.87433849042426	DYNAP
ENSG00000196468	-1.58084334975369	-7.54399852216746	-5.69095772495813	2.41323074990779e-08	3.26249431440319e-08	6.8548621492196	FGF16
ENSG00000174576	-1.31509950738916	-4.43698669950738	-5.68852548764669	2.44528733871646e-08	3.30468915443964e-08	6.84201100149144	NPAS4
ENSG00000130167	-1.68799704433497	-7.4027384236453	-5.66813232110364	2.73089467093381e-08	3.6886330978289e-08	6.73444467390753	TSPAN16
ENSG00000187323	-1.48991921182265	-6.72639014778324	-5.64800017032441	3.04460310012326e-08	4.10923639634013e-08	6.62857887185949	DCC
ENSG00000105205	-1.53491871921182	-8.4682623152709	-5.64107907171026	3.16034886546779e-08	4.26427794855841e-08	6.59225836882794	CLC
ENSG00000101892	-1.05512118226601	-8.74194334975368	-5.63195940579817	3.3194226983015e-08	4.47613568660004e-08	6.54445842031924	ATP1B4
ENSG00000176136	-1.92378226600985	-7.32475073891623	-5.63157073483996	3.32637266458733e-08	4.48519799981823e-08	6.54242270529412	MC5R
ENSG00000164123	-1.63649655172414	-7.4913596059113	-5.62881410046447	3.37607320754654e-08	4.55127087623306e-08	6.52798792313329	SPMIP2
ENSG00000184908	-1.35069852216748	-4.44509507389162	-5.6267085381649	3.41452154585643e-08	4.60278540726538e-08	6.51696647672781	CLCNKB
ENSG00000182783	-1.09682561576355	-9.12727339901474	-5.6244411688833	3.45640119204e-08	4.65795407867359e-08	6.50510200883824	OR2T29
ENSG00000129221	-1.11828571428571	-8.95435665024627	-5.61976993524999	3.54426386461766e-08	4.77504339485407e-08	6.48067174394962	AIPL1
ENSG00000099617	-1.58807339901477	-7.91987118226598	-5.60514796243397	3.83357888433672e-08	5.1619788160758e-08	6.40431214600132	EFNA2
ENSG00000256407	-1.49701921182266	-6.37111009852215	-5.60039417308568	3.93249675125529e-08	5.29480856504278e-08	6.37952339926344	
ENSG00000105261	-1.64850443349753	-8.00645320197041	-5.59779630484872	3.98759890616524e-08	5.36825970131449e-08	6.36598437446004	OVOL3
ENSG00000205784	-1.51479408866995	-6.74196403940884	-5.59046167975353	4.14725696746419e-08	5.58127509525412e-08	6.32778839306511	ARRDC5
ENSG00000197110	-1.01358669950739	-9.39748103448272	-5.58479487889391	4.27485361801427e-08	5.75101124901796e-08	6.29830723694491	IFNL3
ENSG00000198842	-1.37696502463054	-6.22926773399014	-5.58237753967082	4.33043873869419e-08	5.82498856219452e-08	6.28573899669455	STYXL2
ENSG00000205669	-1.31553596059113	-8.80034384236449	-5.57226274598101	4.57074728837699e-08	6.14527303126681e-08	6.23320078325552	ACOT6
ENSG00000124194	-1.40371625615764	-4.87962857142857	-5.57222445371329	4.57168124129816e-08	6.14610586251023e-08	6.23300204118492	GDAP1L1
ENSG00000212725	-2.70040689655172	-6.29193251231525	-5.57037581476752	4.61699129975108e-08	6.2065931058496e-08	6.22340874909137	KRTAP2-1
ENSG00000144460	-1.01680344827586	-8.63054162561575	-5.5579978858885	4.93182984252865e-08	6.62572657656366e-08	6.15924541471006	NYAP2
ENSG00000159495	-1.3919921182266	-8.8087807881773	-5.54304052763991	5.34021722816195e-08	7.17142145909434e-08	6.08187483577144	TGM7
ENSG00000183114	-1.15953694581281	-3.74343497536946	-5.53677081825567	5.52102116924478e-08	7.41320569529899e-08	6.04949657477807	FAM43B
ENSG00000168843	-1.29352758620689	-6.95108546798029	-5.53138689400555	5.68102132199809e-08	7.62489826061035e-08	6.0217178808266	FSTL5
ENSG00000279073	-1.61916650246305	-7.92297093596056	-5.52783352529291	5.78908167485215e-08	7.7677246583746e-08	6.00339679441066	
ENSG00000258728	-1.97261871921182	-6.84334187192116	-5.52121608543252	5.99567502944304e-08	8.04224596234305e-08	5.96930444356504	
ENSG00000236980	-1.10164433497536	-9.25194975369454	-5.5146937984279	6.20630567254448e-08	8.32363087316342e-08	5.93573672455749	C3orf84
ENSG00000177212	-1.04041871921182	-9.25914975369454	-5.50699104121795	6.46433460539171e-08	8.66611969942819e-08	5.89613760085204	OR2T33
ENSG00000179603	-1.66327733990148	-7.06894064039406	-5.4797436521656	7.46349379402754e-08	9.99736758673563e-08	5.75644447006474	GRM8
ENSG00000261701	-1.76596896551724	-3.85018990147782	-5.47388189981928	7.6972870186963e-08	1.03084143996274e-07	5.72647032342141	HPR
ENSG00000196260	-1.74081576354679	-8.0068477832512	-5.4684707476625	7.91941679082768e-08	1.06037165417167e-07	5.69882491353693	SFTA2
ENSG00000184486	-1.08474088669951	-7.28785024630542	-5.46169962363419	8.20616275707368e-08	1.09838926437489e-07	5.66426471303622	POU3F2
ENSG00000236125	-1.40782709359606	-8.00199876847288	-5.44854648481054	8.79229388830455e-08	1.17627854566473e-07	5.59723609832849	USP17L4
ENSG00000212122	-1.47068669950738	-6.44594285714284	-5.43890538633154	9.24755731652744e-08	1.23684734158907e-07	5.54819364797025	TSSK1B
ENSG00000170162	-1.58045763546798	-5.86744950738915	-5.43798854867501	9.29202527082768e-08	1.24270981277385e-07	5.54353377920887	VGLL2
ENSG00000267120	-1.35852167487684	-2.4144854679803	-5.43601298008833	9.3885505119018e-08	1.25536130074297e-07	5.53349517250179	
ENSG00000171773	-1.58304778325123	-7.93841059113297	-5.427478591577	9.81684968786431e-08	1.31218109849688e-07	5.49016500385692	NXNL1
ENSG00000124449	-1.54350591133004	-7.03643620689653	-5.41928008411753	1.02461361495638e-07	1.36937486414153e-07	5.4485956424027	IRGC
ENSG00000121380	-1.54815467980295	-6.60157241379308	-5.40617868439768	1.09702627050266e-07	1.46555150247218e-07	5.38227984376006	BCL2L14
ENSG00000128322	-1.3122684729064	-8.80646379310341	-5.40549850468926	1.10091839746149e-07	1.47065057920517e-07	5.3788407523457	IGLL1
ENSG00000070031	-1.6055921182266	-8.56836945812804	-5.40468438023975	1.10559462006893e-07	1.47679631342359e-07	5.37472490906807	SCT
ENSG00000205864	-1.40749064039408	-9.05037142857139	-5.40422198793532	1.10825912434456e-07	1.4801530759938e-07	5.37238750289359	KRTAP5-6
ENSG00000189052	-2.27953497536946	-6.18806699507387	-5.40174688678736	1.12262811673884e-07	1.49924134882186e-07	5.35987874336356	CGB5
ENSG00000118733	-1.08096551724138	-8.74845369458124	-5.39864957952174	1.14086433232271e-07	1.52307492705632e-07	5.34423245142767	OLFM3
ENSG00000168530	-1.7339566502463	-1.79195073891626	-5.39764285945246	1.14685337745886e-07	1.5309658243255e-07	5.33914860068218	MYL1
ENSG00000124818	-1.21053448275862	-8.50531551724135	-5.36033157417354	1.3916871997369e-07	1.85488686790742e-07	5.15131004787874	OPN5
ENSG00000163958	-1.8223684729064	-6.13681182266008	-5.34426358862415	1.51211632673568e-07	2.01402516746651e-07	5.0707665765051	ZDHHC19
ENSG00000276076	-1.28883399014778	-8.68078842364528	-5.33580700012991	1.57950050756622e-07	2.1033457525628e-07	5.02846093591445	
ENSG00000170627	-2.05364532019705	-5.41172463054186	-5.31708944277585	1.73917227242889e-07	2.3139232399105e-07	4.93503019652847	GTSF1
ENSG00000276070	-1.90656009852217	-4.88199482758619	-5.31386384752661	1.76822652839036e-07	2.35177858965523e-07	4.91895815201678	CCL4L2
ENSG00000214872	-1.03181477832512	-3.51250443349753	-5.31340238564954	1.77242142241414e-07	2.35719745724902e-07	4.91665953870244	SMTNL1
ENSG00000178172	-2.12338620689655	-5.39071379310343	-5.29932774424639	1.90510763809253e-07	2.53262676623158e-07	4.84663509148377	SPINK6
ENSG00000260802	-1.09502955665024	-8.42775221674875	-5.29429242851146	1.95487847276006e-07	2.59808454261949e-07	4.82162258989503	SERTM2
ENSG00000089169	-1.41147093596059	-6.33817339901477	-5.2720062686489	2.1907258309455e-07	2.90975084539774e-07	4.7111669703928	RPH3A
ENSG00000185527	-1.17145320197044	-2.09288768472906	-5.26857741776073	2.22937934532611e-07	2.96068849244736e-07	4.69420883550012	PDE6G
ENSG00000173610	-1.78294334975369	-4.50643275862068	-5.26519364629771	2.26817271397885e-07	3.01138876123206e-07	4.67748309138639	UGT2A1
ENSG00000065609	-1.34451083743842	-5.5026475369458	-5.25361482939272	2.40593396459715e-07	3.19255527508369e-07	4.62032079797446	SNAP91
ENSG00000132026	-1.62858571428571	-7.29000714285712	-5.24941670059677	2.45785882111832e-07	3.26035005988964e-07	4.59962262962339	RTBDN
ENSG00000244411	-1.74055615763547	-5.39928004926107	-5.24430159492275	2.5225950329445e-07	3.3455413731796e-07	4.57442299891971	KRTAP5-7
ENSG00000099399	-1.07549359605911	-8.8371650246305	-5.24411866183303	2.52494056717362e-07	3.34842484824286e-07	4.5735221744054	MAGEB2
ENSG00000183654	-1.54264433497537	-8.0277911330049	-5.22306566058451	2.80948116163652e-07	3.72222921089498e-07	4.47003359139309	MARCHF11
ENSG00000179284	-1.40698719211822	-6.60182758620687	-5.22035179020527	2.8483485630536e-07	3.77346807804173e-07	4.45671972569361	DAND5
ENSG00000166961	-1.22322118226601	-8.59008448275858	-5.21695077912533	2.89779333253459e-07	3.83819149412979e-07	4.44004339267311	MS4A15
ENSG00000188784	-1.08974926108374	-9.39298251231522	-5.1968364130028	3.20767995796965e-07	4.24576549299938e-07	4.34161024693627	PLA2G2E
ENSG00000100565	-1.22355665024631	-8.83498965517237	-5.19142572067706	3.29637393076132e-07	4.36139061306281e-07	4.31518892924242	LRRC74A
ENSG00000179938	-1.49917093596059	-5.239210591133	-5.19008282618741	3.31875252367041e-07	4.39010775181528e-07	4.30863508577757	GOLGA8J
ENSG00000197046	-1.0687802955665	-3.45435960591133	-5.18337319992266	3.43278806181179e-07	4.53972689341044e-07	4.27591178062914	SIGLEC15
ENSG00000261459	-1.89618226600985	-1.82043546798029	-5.17373152515738	3.60332692081139e-07	4.76332372904662e-07	4.22895365932202	
ENSG00000197272	-1.57749310344827	-7.71873472906401	-5.17032125700804	3.66558920212208e-07	4.84464657026036e-07	4.21236289007373	IL27
ENSG00000157330	-1.74384433497537	-7.40331576354678	-5.16926322534543	3.6851169196115e-07	4.86979678408493e-07	4.20721757387066	CFAP107
ENSG00000079101	-1.31477881773398	-3.03845443349753	-5.1599898478802	3.8606398380977e-07	5.09967714722896e-07	4.16215972885321	CLUL1
ENSG00000162763	-1.0557354679803	-8.96004359605907	-5.14900383299908	4.07907000320459e-07	5.38675402099095e-07	4.10887235496826	LRRC52
ENSG00000073754	-1.39859852216748	-7.15317167487682	-5.14862840240692	4.08674214186243e-07	5.39615641461321e-07	4.10705310095185	CD5L
ENSG00000261678	-1.08353842364532	-6.2312751231527	-5.1375994527856	4.31846460064305e-07	5.69904343772058e-07	4.05366122835946	SCRT1
ENSG00000187672	-1.34278472906404	-4.72330172413793	-5.1354612186006	4.36483904624661e-07	5.75985445619226e-07	4.04332153704463	ERC2
ENSG00000196071	-1.06856009852217	-8.88441551724134	-5.13531702944923	4.36798354340807e-07	5.76361474714925e-07	4.04262442899862	OR2L13
ENSG00000185056	-1.05608719211823	-8.69673620689652	-5.13427573465003	4.3907574520337e-07	5.79327406168676e-07	4.03759061508945	C5orf47
ENSG00000277971	-1.60870492610837	-8.27098448275858	-5.13421177263186	4.39216009150129e-07	5.79473349366178e-07	4.03728143996876	
ENSG00000116690	-1.02988374384237	-0.64650197044335	-5.12943258696301	4.49820037288163e-07	5.93343447093167e-07	4.01418972345059	PRG4
ENSG00000181867	-1.24167192118226	-8.73622709359602	-5.12704343082985	4.55213592372282e-07	6.00417388103343e-07	4.00265306206435	FTMT
ENSG00000137976	-1.32111133004926	-8.42937487684726	-5.12104733248215	4.69027071750876e-07	6.18511845344195e-07	3.97372015477792	DNASE2B
ENSG00000188770	-1.43887044334975	-7.99050960591129	-5.11587737950846	4.81262362770491e-07	6.34561034563183e-07	3.94879754121253	OPTC
ENSG00000124232	-1.48497044334975	-5.28745517241379	-5.10748506845639	5.01784339512893e-07	6.6126303612927e-07	3.90838816934933	RBPJL
ENSG00000139540	-1.16270591133004	-3.03243374384236	-5.09653851333092	5.2982856518709e-07	6.9774983630205e-07	3.85576774399447	SLC39A5
ENSG00000187959	-1.50008768472906	-7.91988571428568	-5.07919120587468	5.77403262014857e-07	7.60095287726125e-07	3.77258234595606	CPSF4L
ENSG00000164756	-1.63556009852217	-7.13431157635466	-5.07649143053029	5.85169588770824e-07	7.7026701493732e-07	3.75965860811158	SLC30A8
ENSG00000104818	-1.73435862068965	-7.96882266009849	-5.07440471193185	5.91241514183757e-07	7.78207157687006e-07	3.74967370260187	CGB2
ENSG00000152954	-1.40157142857143	-7.72161477832509	-5.05900780444896	6.37966137600533e-07	8.39368091361316e-07	3.67611170490384	NRSN1
ENSG00000149516	-1.22561822660098	-8.67384753694578	-5.00497092205283	8.31916835489961e-07	1.09212137573188e-06	3.41950120237838	MS4A3
ENSG00000101638	-1.14164581280788	-4.34080123152709	-5.00094469488383	8.48455291154012e-07	1.11353346539501e-06	3.40047895192861	ST8SIA5
ENSG00000165553	-1.0993881773399	-8.62536847290636	-4.98634664289176	9.11125945203069e-07	1.19482104557498e-06	3.33162282238129	NGB
ENSG00000186439	-1.10681428571428	-3.57652586206896	-4.98504327631302	9.16934037280561e-07	1.20235690508869e-06	3.32548376347842	TRDN
ENSG00000281593	-2.07328522167487	-3.53448399014777	-4.98231816243969	9.29193583854505e-07	1.21826910537972e-06	3.31265264540922	
ENSG00000170091	-1.44290541871921	-5.16812315270935	-4.97007160322188	9.86270428024944e-07	1.29223578306828e-06	3.25506679535636	NSG2
ENSG00000170373	-1.73926157635468	-8.21688004926105	-4.96923020072012	9.90313872888704e-07	1.29727267086681e-06	3.25111495618481	CST1
ENSG00000214402	-1.01406847290641	-1.42868596059114	-4.96832292167105	9.94691839201037e-07	1.30283297062109e-06	3.24685437701311	LCNL1
ENSG00000140873	-1.30484334975369	-5.89345418719211	-4.95213692940767	1.07601090573185e-06	1.40792802944839e-06	3.17096090318195	ADAMTS18
ENSG00000183145	-1.35376305418719	-6.20940911330047	-4.94608716704397	1.10802402643978e-06	1.44884613748318e-06	3.14265093292426	RIPPLY3
ENSG00000168634	-1.48829359605912	-6.19186206896549	-4.93423644020226	1.17342039060647e-06	1.53363973202458e-06	3.08728422327657	WFDC13
ENSG00000144407	-1.44141871921182	-6.44293300492609	-4.92916907896725	1.20250758249563e-06	1.57092072846644e-06	3.06364544091064	PTH2R
ENSG00000162039	-1.08884532019704	-2.83620197044335	-4.92653596660623	1.21789557133228e-06	1.59070413413818e-06	3.05137072281935	MEIOB
ENSG00000049247	-1.29001970443349	-8.74477487684726	-4.89976074834722	1.38556340977854e-06	1.80824630385282e-06	2.92688419128686	UTS2
ENSG00000145850	-1.6681236453202	-6.17968990147782	-4.8851939245291	1.48592374582982e-06	1.93741138517523e-06	2.85941169991742	TIMD4
ENSG00000101951	-1.09990591133005	-9.12747463054183	-4.88415219672205	1.49336360655813e-06	1.94698189334572e-06	2.85459333725753	PAGE4
ENSG00000147378	-1.51206108374383	-7.0365305418719	-4.87849456647113	1.53440149238637e-06	1.99995157501597e-06	2.82844074674218	FATE1
ENSG00000162992	-1.00635960591133	-8.60293891625613	-4.87832089621579	1.5356782756879e-06	2.00148225046638e-06	2.82763837671289	NEUROD1
ENSG00000187862	-1.51098571428571	-7.35991551724135	-4.85996435430856	1.67657030676582e-06	2.18336245067424e-06	2.7429731323764	TTC24
ENSG00000176160	-1.05032463054187	-7.55497413793103	-4.84726231179411	1.7812768820387e-06	2.31802043209698e-06	2.68455437877689	HSF5
ENSG00000241119	-1.0106551724138	-9.22266403940883	-4.84271884336975	1.82023965833661e-06	2.36840824310634e-06	2.66369131504862	UGT1A9
ENSG00000120210	-1.06990443349754	-9.04424827586202	-4.81892740135207	2.03806344758524e-06	2.64953671452307e-06	2.55472877521123	INSL6
ENSG00000212722	-2.14446009852217	-6.95399704433495	-4.81798604023054	2.04717956920276e-06	2.66103386599444e-06	2.55042727782192	KRTAP4-9
ENSG00000134200	-1.45571625615763	-8.43594827586203	-4.81345330542919	2.0916276397793e-06	2.71790593367691e-06	2.52972569898423	TSHB
ENSG00000158578	-1.60327389162561	-5.19070985221674	-4.81308903375765	2.0952398023406e-06	2.72223763162955e-06	2.52806277879017	ALAS2
ENSG00000115718	-1.09048226600985	-2.60059433497537	-4.80729606716181	2.15349818224834e-06	2.79718587421051e-06	2.50163266952652	PROC
ENSG00000111218	-1.22120591133004	-7.65071330049258	-4.80643045677247	2.16233639425076e-06	2.80847918492945e-06	2.49768580774155	PRMT8
ENSG00000091010	-1.44226945812807	-6.61411305418717	-4.79847679400056	2.24519971811935e-06	2.9149410637449e-06	2.46144977375938	POU4F3
ENSG00000163554	-1.46078275862069	-6.70024556650245	-4.7957413910899	2.2743987518113e-06	2.95265398311941e-06	2.44899996044508	SPTA1
ENSG00000180509	-1.00415123152709	-3.46729433497537	-4.79102703651414	2.32558304776888e-06	3.01830005442648e-06	2.42755810478855	KCNE1
ENSG00000156222	-1.11240295566502	-8.24829802955662	-4.77886871178614	2.46276224111192e-06	3.1959160446118e-06	2.37234653101316	SLC28A1
ENSG00000166926	-1.1411763546798	-9.03986995073888	-4.7733993023106	2.52698442680896e-06	3.2790391546282e-06	2.34755056841424	MS4A6E
ENSG00000140557	-1.26444729064039	-7.29993004926107	-4.76154031068277	2.67182198631977e-06	3.46491109275074e-06	2.29387421953093	ST8SIA2
ENSG00000180245	-1.21336551724137	-3.85200049261083	-4.75845444207324	2.71080238632106e-06	3.5142961545367e-06	2.27992650283812	RRH
ENSG00000253506	-1.19798226600985	-3.2578078817734	-4.74281260773159	2.91696449128952e-06	3.779559745974e-06	2.20935200075949	NACA2
ENSG00000164326	-1.49011625615763	-6.98482857142855	-4.73511980475167	3.02381654432575e-06	3.91749024855568e-06	2.17471913634993	CARTPT
ENSG00000067842	-1.00133251231527	-5.33994408866994	-4.73464743816243	3.03049902726825e-06	3.92588743724735e-06	2.17259419153364	ATP2B3
ENSG00000163885	-1.55534778325123	-7.31703497536943	-4.73459253055446	3.03127671690715e-06	3.92663460173668e-06	2.17234720154978	CFAP100
ENSG00000112818	-1.11784039408867	-8.03659014778323	-4.72017420265847	3.24228165871453e-06	4.19662658462043e-06	2.10757832528665	MEP1A
ENSG00000206199	-1.50926699507389	-5.97496502463053	-4.71161441051838	3.37416471954455e-06	4.3644378441448e-06	2.06921048918511	ANKUB1
ENSG00000260007	-1.9287197044335	-3.83456871921181	-4.70987499577456	3.40158845359808e-06	4.3993277008745e-06	2.06142148939375	
ENSG00000182585	-1.28018571428571	-0.789096798029557	-4.69199906761598	3.69614050609685e-06	4.77458869448338e-06	1.98152365556944	EPGN
ENSG00000204278	-1.01024876847291	-8.73230615763543	-4.68647234688488	3.79207058799679e-06	4.89753773251161e-06	1.95687674829043	TMEM235
ENSG00000188931	-1.22771034482758	-8.73497093596056	-4.67819721407787	3.94019797453214e-06	5.08783856338755e-06	1.92002182531551	CFAP126
ENSG00000132437	-1.68703054187192	-6.01202019704432	-4.66662517808951	4.15670569440111e-06	5.36492587543666e-06	1.86858163745925	DDC
ENSG00000108878	-1.4509487684729	-6.84315467980293	-4.65853888436989	4.3147402105665e-06	5.56705751979998e-06	1.83270429074785	CACNG1
ENSG00000163352	-1.57098719211822	-7.2146660098522	-4.65617442469244	4.36203138660201e-06	5.62770300105477e-06	1.82222420360959	LENEP
ENSG00000115194	-1.09044236453202	-4.80692216748768	-4.64766803208475	4.53632292578811e-06	5.85140743338292e-06	1.78456056114271	SLC30A3
ENSG00000182083	-1.0528118226601	-8.71324729064035	-4.64427827726083	4.60762669318436e-06	5.94259773219435e-06	1.76956905143357	OR6B2
ENSG00000182583	-1.36518325123153	-8.060224137931	-4.63971401175143	4.70534049315329e-06	6.06662030198598e-06	1.7493987052016	VCX
ENSG00000167751	-1.54501773399015	-3.62633990147783	-4.62791703615532	4.96721156262693e-06	6.39876389959496e-06	1.69734835071126	KLK2
ENSG00000163630	-1.36117192118227	-7.09577216748766	-4.62156013685276	5.11407408504117e-06	6.58621561683634e-06	1.66935004906786	SYNPR
ENSG00000143452	-2.12927290640394	-3.43834137931034	-4.61871235104257	5.18121137135733e-06	6.67136012512783e-06	1.65681851452531	HORMAD1
ENSG00000279686	-1.62595172413793	-7.42987389162558	-4.61808508694513	5.19611270535052e-06	6.69010637027012e-06	1.65405920625536	
ENSG00000229894	-1.27387832512315	-6.32117216748766	-4.6076870331778	5.44921225689053e-06	7.01366699098694e-06	1.60836779862371	GK3
ENSG00000196136	-1.06720640394089	1.35803078817734	-4.5905702330241	5.89185050213361e-06	7.57639945467493e-06	1.53335490831562	SERPINA3
ENSG00000206047	-1.95441034482758	-3.43964113300492	-4.58980532771297	5.91241618027143e-06	7.6023448476684e-06	1.53000865358596	DEFA1
ENSG00000179399	-1.34593103448276	-5.8843620689655	-4.58861275783732	5.94461791619931e-06	7.64324780040575e-06	1.52479248492582	GPC5
ENSG00000197520	-1.21822413793103	-8.37449433497534	-4.5820819266707	6.12397234397802e-06	7.87022672274223e-06	1.49624903592057	FAM177B
ENSG00000205929	-1.18373152709359	-6.41945295566502	-4.57806710376977	6.23679778006927e-06	8.01206299093569e-06	1.47872018077635	C21orf62
ENSG00000184724	-1.10673004926108	-9.30585418719207	-4.57070595356265	6.44886850878884e-06	8.28232047836169e-06	1.44661716803512	KRTAP6-1
ENSG00000179774	-1.15878078817734	-4.65031798029556	-4.54903089824988	7.11428881546054e-06	9.13092289713187e-06	1.35236013051327	ATOH7
ENSG00000204887	-1.20294926108374	-9.13010566502459	-4.51907393401481	8.14328459570082e-06	1.04454261614168e-05	1.22275475603236	KRTAP1-4
ENSG00000184647	-1.02436256157636	-8.67850689655169	-4.51632841968503	8.24442676474718e-06	1.05737735667579e-05	1.2109153502409	PRSS55
ENSG00000165204	-1.09678226600985	-8.65157586206893	-4.49953510318012	8.88980687819809e-06	1.13932716430841e-05	1.13863975074716	OR1K1
ENSG00000165131	-1.19238275862068	-8.53292290640391	-4.49823078847907	8.94191125158207e-06	1.14592976377741e-05	1.13303640300275	LLCFC1
ENSG00000185028	-1.16120147783251	-8.13231502463051	-4.49038647805557	9.26150497336872e-06	1.1865752979058e-05	1.09936821013387	LRRC14B
ENSG00000142515	-1.64710197044335	-3.7729475369458	-4.48746023629532	9.38350843076901e-06	1.20181230668559e-05	1.08682226024042	KLK3
ENSG00000100652	-1.16283940886699	-6.83452068965515	-4.46153869700531	1.053366392226e-05	1.34770761011395e-05	0.976010150192678	SLC10A1
ENSG00000177511	-1.25510295566503	-7.93486379310343	-4.45959685446211	1.06250614235964e-05	1.35922329366274e-05	0.967732397701946	ST8SIA3
ENSG00000165682	-1.22561921182265	-7.88273226600982	-4.45650362527565	1.07722231857997e-05	1.37777855551344e-05	0.954553226605039	CLEC1B
ENSG00000197561	-1.01807881773399	0.0286581280788176	-4.44573314718669	1.13000260973611e-05	1.44462324999758e-05	0.908728725999762	ELANE
ENSG00000272647	-1.3945	-2.33828004926108	-4.43053192735607	1.20872890343143e-05	1.5445615792099e-05	0.844224327594365	
ENSG00000091138	-1.36756108374384	-5.66447660098521	-4.41999105109916	1.26637568671208e-05	1.6179075359393e-05	0.799613323486346	SLC26A3
ENSG00000127588	-1.22923842364532	-8.01081822660096	-4.4151904289349	1.29349383925524e-05	1.6522293356903e-05	0.779328175694827	GNG13
ENSG00000237763	-1.20257044334975	-8.18184532019701	-4.41416402669307	1.29936359179449e-05	1.65951005233958e-05	0.77499368744413	AMY1A
ENSG00000150750	-1.20336157635468	-8.00597684729061	-4.410764302751	1.31898851553797e-05	1.68435428155545e-05	0.760643223459285	POU2AF2
ENSG00000165325	-1.24500935960591	-7.58322438423643	-4.40323068167217	1.36349263613828e-05	1.74084496899348e-05	0.728879121578679	DEUP1
ENSG00000259823	-1.31852019704433	-7.27487586206894	-4.40135543394313	1.37479192657747e-05	1.75481279093252e-05	0.720980166073616	LYPD8
ENSG00000212659	-1.02273990147783	-9.32959261083739	-4.39824446048368	1.39373504330898e-05	1.77852750531175e-05	0.707882811857106	KRTAP9-6
ENSG00000169194	-1.33405369458128	-5.36800467980295	-4.37954841154267	1.51294888410278e-05	1.9290172305824e-05	0.629348999069265	IL13
ENSG00000268361	-1.608960591133	-7.49612857142854	-4.36690270810185	1.59905037564681e-05	2.03773344903097e-05	0.576402673418508	
ENSG00000107593	-1.24492758620689	-7.76723472906401	-4.36419857979211	1.61806102565568e-05	2.06155617181923e-05	0.565098848478442	PKD2L1
ENSG00000042813	-1.22707733990147	-8.16500517241376	-4.34793795548584	1.73701687857244e-05	2.21109847844337e-05	0.497260553716325	ZPBP
ENSG00000111732	-1.29352709359606	-6.89496354679802	-4.31181626266486	2.03190664799116e-05	2.58310692915972e-05	0.347389563003574	AICDA
ENSG00000175229	-1.09609655172414	-4.99717684729064	-4.31075977992962	2.04121359252371e-05	2.59460101633266e-05	0.34302332967833	GAL3ST3
ENSG00000198099	-1.01132463054187	-2.74337216748769	-4.30544775004025	2.08862992363072e-05	2.65400910121539e-05	0.321084570496975	ADH4
ENSG00000167355	-1.15235615763547	-8.13531600985218	-4.28534936871177	2.27773427257141e-05	2.89204620587294e-05	0.238301600334294	OR51B5
ENSG00000143297	-1.05299753694582	-7.06619975369456	-4.28342060886378	2.29671815570464e-05	2.91596064181263e-05	0.230375869765872	FCRL5
ENSG00000137745	-1.32357832512316	-6.06268472906403	-4.26770696765087	2.45711120065492e-05	3.11737110194108e-05	0.165926357135701	MMP13
ENSG00000197408	-1.07821428571428	-8.1790268472906	-4.26613285139922	2.47375534773969e-05	3.13828401749734e-05	0.159482054959076	CYP2B6
ENSG00000196860	-1.57366108374384	-6.13537684729062	-4.25243160866194	2.62324447037346e-05	3.32512443666331e-05	0.103482160929717	TOMM20L
ENSG00000182508	-1.24357339901477	-6.1196541871921	-4.23544437902287	2.82057726110621e-05	3.5731700270023e-05	0.0342807108266978	LHFPL1
ENSG00000164089	-1.32817684729064	-5.97891157635466	-4.23527364699933	2.82263067867304e-05	3.57553955549546e-05	0.0335864815026969	ETNPPL
ENSG00000140839	-1.01361330049261	-2.09177807881774	-4.22775669881865	2.91446534026211e-05	3.69067403313907e-05	0.00304653157103196	CLEC18B
ENSG00000180287	-1.02282561576355	-4.01449458128078	-4.21170359093189	3.12022183985279e-05	3.94739271019636e-05	-0.0620077740093041	PLD5
ENSG00000261793	-1.06212118226601	-9.05477142857139	-4.21123798430102	3.1263915935301e-05	3.95468603280246e-05	-0.0638912330678121	
ENSG00000196570	-1.05758522167488	-8.84962118226597	-4.20425097080618	3.22038539162781e-05	4.07252775015795e-05	-0.0921319763836017	PFN3
ENSG00000179751	-1.71283842364532	-2.77317487684728	-4.19124143414974	3.4026233602077e-05	4.29992664932611e-05	-0.144600492788378	SYCN
ENSG00000105251	-1.01613201970443	-8.60066305418716	-4.18117661088392	3.55031352334981e-05	4.48395442857248e-05	-0.185090366994167	SHD
ENSG00000178055	-1.27930935960591	-6.37136059113299	-4.14987578727875	4.04966284313011e-05	5.108017251691e-05	-0.310439367060313	PRSS42P
ENSG00000281039	-1.68915517241379	-3.53780221674876	-4.14906071248324	4.06351964726759e-05	5.12483387847068e-05	-0.313691898794447	
ENSG00000122585	-1.43665467980295	-7.32436280788175	-4.13618777282953	4.28844740026171e-05	5.40676381263964e-05	-0.36498308624668	NPY
ENSG00000154975	-1.10479359605911	-7.63711059113298	-4.13119234856863	4.37888474376224e-05	5.5190045574074e-05	-0.384847476188815	CA10
ENSG00000155714	-1.12816502463054	-5.00556625615763	-4.12235358744618	4.54336757756851e-05	5.72372931929112e-05	-0.419940856365425	PDZD9
ENSG00000269067	-1.16591330049261	-7.12153596059111	-4.11994865609344	4.58912932373898e-05	5.7810072355126e-05	-0.429477417221518	ZNF728
ENSG00000173262	-1.1912881773399	-3.92025837438423	-4.11931741153214	4.60121332342898e-05	5.79585605043504e-05	-0.431979717988458	SLC2A14
ENSG00000156206	-1.26969261083744	-6.25498669950737	-4.11847603776416	4.61736694598834e-05	5.81582886616204e-05	-0.435314438098956	CFAP161
ENSG00000255819	-1.45768078817734	-5.42576256157634	-4.11820058167862	4.62266717385195e-05	5.82212953798754e-05	-0.436406050859601	KLRC4-KLRK1
ENSG00000277611	-1.08999458128079	-8.80175985221671	-4.1007333263647	4.97084835369363e-05	6.25662234496206e-05	-0.505490260876332	
ENSG00000179826	-1.27997438423645	-7.36098226600983	-4.09209795028211	5.15206194436058e-05	6.48262150001252e-05	-0.539543881290456	MRGPRX3
ENSG00000107105	-1.06118965517241	-4.13535985221675	-4.07605636305768	5.50549917728999e-05	6.92287915337501e-05	-0.602628330011099	ELAVL2
ENSG00000198019	-1.3668960591133	-4.93175492610836	-4.06424617747012	5.78031563151439e-05	7.26610884285696e-05	-0.648926552283468	FCGR1BP
ENSG00000273542	-1.74878325123153	-7.24093004926105	-4.05951906659776	5.89392624849733e-05	7.40654020629765e-05	-0.667423025129025	H4C12
ENSG00000181781	-1.11729162561576	-5.08231379310344	-4.04586326712122	6.23416971297449e-05	7.82806300398043e-05	-0.720744550793805	CIMAP1D
ENSG00000260851	-1.42948177339901	-7.2816399014778	-4.01989943930696	6.93319374972841e-05	8.69240214648057e-05	-0.821667439300779	
ENSG00000280148	-1.04229113300493	-8.76068940886696	-4.01544806829725	7.0602753791368e-05	8.84832305900669e-05	-0.83890990183923	
ENSG00000165828	-1.24362413793103	-3.82074999999999	-3.96335128334973	8.72177203847966e-05	0.000109019361120615	-1.03939412038485	PRAP1
ENSG00000234602	-1.03197438423645	-7.92364532019701	-3.95617867021873	8.97766930644684e-05	0.000112182117518118	-1.06680672171803	MCIDAS
ENSG00000154252	-1.20287684729064	-6.05739162561575	-3.95359405624241	9.07161302704491e-05	0.000113334267852264	-1.07667343861858	GAL3ST2
ENSG00000197213	-1.09129014778325	-7.08828201970441	-3.94310179728892	9.46263497095868e-05	0.000118158985688482	-1.11666609606199	ZSCAN5B
ENSG00000196431	-1.10749458128079	-8.27471773399011	-3.92587940300688	0.000101393075998127	0.00012651152414477	-1.18209802037976	CRYBA4
ENSG00000186790	-1.02552118226601	-6.04382216748767	-3.9105953213973	0.000107779848465569	0.000134411856969633	-1.23994337447615	FOXE3
ENSG00000196104	-1.13718374384236	-6.24067660098521	-3.89979245509153	0.000112521873235497	0.000140262961457427	-1.28070247316038	SPOCK3
ENSG00000153002	-1.09246108374384	0.32672315270936	-3.89829911058691	0.00011319272495427	0.000141072208613287	-1.28632861279323	CPB1
ENSG00000261130	-1.24644679802956	-8.06768842364529	-3.89764453987431	0.000113487968274031	0.000141431150820172	-1.28879406172206	
ENSG00000109205	-1.13484137931034	-8.14693645320194	-3.89333255701959	0.000115451178432502	0.000143859397368358	-1.30502559443392	ODAM
ENSG00000140932	-1.0491645320197	-3.37334679802955	-3.87609704166882	0.000123624062351827	0.00015385692437138	-1.36973834071773	CMTM2
ENSG00000153802	-1.09931724137931	-4.68742955665024	-3.85812738264543	0.000132726254863613	0.000165016953336602	-1.43692343189476	TMPRSS11D
ENSG00000136352	-1.12573891625616	-6.61412561576352	-3.85224345141491	0.000135841904055689	0.000168847633192741	-1.45885924196804	NKX2-1
ENSG00000093134	-1.34445024630542	-5.81627044334973	-3.84416510361034	0.000140232333812258	0.000174238318117951	-1.48892530986342	VNN3P
ENSG00000274512	-1.45910098522168	2.4918539408867	-3.83347989991255	0.000146245864566685	0.000181629277747833	-1.52860340116712	TBC1D3L
ENSG00000169248	-1.24699359605911	-6.90164211822658	-3.81586721924415	0.000156693111380303	0.000194455882555019	-1.59378139256393	CXCL11
ENSG00000186231	-1.01217586206896	-4.64951650246305	-3.80318587784631	0.000164647586960414	0.000204210659074665	-1.64053725243998	KLHL32
ENSG00000240247	-1.77202068965517	-4.94247635467978	-3.78946894042577	0.000173680244685511	0.000215304449482635	-1.69094806716272	DEFA1B
ENSG00000148377	-1.04535024630542	-8.19790369458125	-3.78821551753875	0.000174528550156577	0.000216342336007601	-1.69554602919217	IDI2
ENSG00000242441	-1.24395123152709	-3.62448645320196	-3.78401615688148	0.000177399228900756	0.000219886828059024	-1.71094031387564	GTF2A1L
ENSG00000217442	-1.50739852216749	-4.35294901477831	-3.78035684970646	0.000179937006701673	0.000222975839249468	-1.72434185638408	SYCE3
ENSG00000174876	-1.0301763546798	-8.14021773399011	-3.77355829795252	0.000184743097601646	0.000228858929529722	-1.74920820851916	AMY1B
ENSG00000181074	-1.16550443349754	-4.52802857142856	-3.768661264308	0.000188279716643323	0.000233151398684736	-1.76709371192979	OR52N4
ENSG00000158525	-1.08507142857143	-3.98304605911329	-3.76423501097624	0.000191531205237885	0.000237110541699272	-1.78324113622347	CPA5
ENSG00000229972	-1.06041083743842	-8.54733940886696	-3.72422334937466	0.000223424382004671	0.000276024735942299	-1.92840384925172	IQCF3
ENSG00000276966	-1.74540837438423	-3.28615344827585	-3.71847182209896	0.000228400667387459	0.000282012121190733	-1.94915133377627	H4C5
ENSG00000204909	-1.05119408866994	-8.52624039408864	-3.71432553315507	0.000232052647289326	0.000286448918787695	-1.96408965300825	SPINK9
ENSG00000213424	-1.1044842364532	-4.59152536945812	-3.70705814478196	0.000238586662410129	0.00029434725737492	-1.9902351381782	KRT222
ENSG00000170324	-1.10020295566502	-6.83003546798028	-3.66739534065645	0.000277408441167687	0.000341745934394437	-2.13208367576588	FRMPD2
ENSG00000163263	-1.16867881773399	-8.19693054187189	-3.65743491213654	0.000288051786879186	0.000354634159843322	-2.16748138680955	CFAP141
ENSG00000230257	-1.03368325123152	-7.86949729064037	-3.62768507791757	0.000322172943352424	0.000396093341238948	-2.27267029433831	NFE4
ENSG00000272968	-1.24063004926108	-4.19608054187191	-3.57912919058054	0.000386133616525335	0.000473656589927695	-2.44262206757166	RBAK-RBAKDN
ENSG00000168828	-1.06327142857143	-6.83484655172411	-3.57060737265084	0.000398520588308736	0.000488759215308731	-2.47222770509566	OR13J1
ENSG00000158639	-1.16606403940886	-7.90538620689652	-3.53377197848338	0.000456473802267566	0.000559028078204723	-2.59943437690669	PAGE5
ENSG00000228570	-1.03121625615763	-4.1635830049261	-3.5136559219882	0.000491365406062011	0.000601155873365293	-2.66837892739127	NUTM2E
ENSG00000249961	-1.01788719211822	-5.91902980295565	-3.4882924249163	0.00053891923032282	0.000658569720481309	-2.75478002128019	TERB1
ENSG00000184544	-1.02181477832512	-8.02419211822657	-3.46528182112801	0.000585752692621263	0.000715021495359155	-2.83265564505757	DHRS7C
ENSG00000255104	-1.07779802955665	-5.93780689655171	-3.42956399765322	0.000666040493729905	0.000811456566612831	-2.95257374469824	ZNF286A-TBC1D26
ENSG00000131738	-1.54478177339901	-5.80164162561574	-3.40503311647318	0.000727008647949794	0.000884577734775847	-3.03425361989303	KRT33B
ENSG00000127362	-1.03119064039409	-4.42131699507388	-3.40005026788522	0.000740012212095698	0.000900007384165679	-3.05077720534449	TAS2R3
ENSG00000205426	-1.1575118226601	-1.78068990147783	-3.38418044208785	0.000782886364368043	0.000951263155660032	-3.10325059142297	KRT81
ENSG00000108825	-1.13800147783251	-4.68938497536945	-3.3809894918786	0.000791781863716973	0.000961832608985957	-3.1137734048579	PTGES3L-AARSD1
ENSG00000134545	-1.03117980295567	-7.28487709359603	-3.37538293389347	0.000807639845026922	0.000980852517029153	-3.13223944500903	KLRC1
