logFC	AveExpr	t	P.Value	adj.P.Val	B	HGNC_symbol
ENSG00000255248	5.58194230769231	0.979651923076923	18.7923367136204	9.74904119344742e-26	1.88185742157116e-21	45.9169240905051	MIR100HG
ENSG00000213949	2.64078461538462	0.738196153846154	8.54579157954483	1.0523182843699e-11	8.36909104402231e-08	16.3868674412085	ITGA1
ENSG00000168621	5.32462307692308	-1.88226538461538	8.45761199228615	1.46370434848462e-11	8.36909104402231e-08	16.0731813458734	GDNF
ENSG00000148516	2.84937307692308	0.425155769230769	8.41234178222335	1.73425706761069e-11	8.36909104402231e-08	15.9119002584987	ZEB1
ENSG00000138685	3.99051538461539	-0.995511538461538	8.25604470106502	3.11790585646995e-11	1.20369873494879e-07	15.3538935212915	FGF2
ENSG00000134343	5.99291153846155	-5.37779038461538	8.2062076735137	3.76033629312262e-11	1.2097628577691e-07	15.1756029136487	ANO3
ENSG00000169129	3.48003461538462	2.72852115384615	7.91795033784206	1.11416317582994e-10	3.07238454043504e-07	14.141312648511	AFAP1L2
ENSG00000116132	2.85581923076923	2.73166730769231	7.7821566567925	1.86094354325831e-10	4.05674524001957e-07	13.6525083774535	PRRX1
ENSG00000139926	2.74519230769231	3.70813461538462	7.76892433336304	1.95640328619131e-10	4.05674524001957e-07	13.6048315800306	FRMD6
ENSG00000141338	4.70888076923077	-1.36075961538462	7.74223583267284	2.16413457830656e-10	4.05674524001957e-07	13.5086486226839	ABCA8
ENSG00000176697	5.28931923076923	-2.47149807692308	7.7247854351202	2.31177524945424e-10	4.05674524001957e-07	13.4457429130488	BDNF
ENSG00000154262	3.96656153846154	-0.7674	7.66682692770892	2.87852045230271e-10	4.63034002423326e-07	13.2367258294715	ABCA6
ENSG00000145431	3.42501153846154	0.0329365384615384	7.63072199256997	3.29997120619453e-10	4.899949553321e-07	13.1064564156586	PDGFC
ENSG00000182621	3.35418846153846	-0.481198076923077	7.53175496726685	4.80002859381101e-10	6.61821085330957e-07	12.7491533118589	PLCB1
ENSG00000106278	4.26165384615385	3.57898846153846	7.49427288587988	5.53224413179451e-10	6.69006427739423e-07	12.6137552122113	PTPRZ1
ENSG00000129244	4.36639615384616	0.924563461538461	7.47658499035786	5.91564061000167e-10	6.69006427739423e-07	12.5498477017007	ATP1B2
ENSG00000009694	4.85410000000001	-6.35083461538462	7.46277172958492	6.23346180249928e-10	6.69006427739423e-07	12.4999341319867	TENM1
ENSG00000126500	4.04623076923077	-1.31489230769231	7.46255981532781	6.23846847604498e-10	6.69006427739423e-07	12.4991683541717	FLRT1
ENSG00000175785	5.8780576923077	-1.43226346153846	7.43088155047553	7.03403912977639e-10	6.9960701079368e-07	12.3846835343237	PRIMA1
ENSG00000187678	2.44318846153846	4.50928269230769	7.4229487361901	7.24868684446646e-10	6.9960701079368e-07	12.3560109922988	SPRY4
ENSG00000137642	3.74628846153846	0.303478846153846	7.39851676233825	7.95184695455675e-10	7.19559770651044e-07	12.2676953921312	SORL1
ENSG00000127564	-1.39927307692308	4.968275	-7.39037698056948	8.20096096685643e-10	7.19559770651044e-07	12.238269474227	PKMYT1
ENSG00000127863	2.69989615384616	3.78107884615385	7.3374755519434	1.00216635269983e-09	8.11270088694924e-07	12.0469983925315	TNFRSF19
ENSG00000156103	5.14266153846154	-0.905476923076923	7.33576723296362	1.00867648182553e-09	8.11270088694924e-07	12.0408210185489	MMP16
ENSG00000175155	2.11761153846154	1.28746346153846	7.3163691147912	1.08563555319285e-09	8.38240923331261e-07	11.9706734208785	YPEL2
ENSG00000113369	3.32880384615385	3.40509423076923	7.29437478172714	1.1800257569595e-09	8.50148683215161e-07	11.8911312795182	ARRDC3
ENSG00000104044	-5.02844230769231	1.92260576923077	-7.28194294691969	1.23696547610425e-09	8.50148683215161e-07	11.8461691656844	OCA2
ENSG00000072134	1.41737692307692	3.11868461538462	7.27350567306804	1.27716726047501e-09	8.50148683215161e-07	11.8156531731755	EPN2
ENSG00000197977	4.83866923076923	1.39709615384615	7.26488425995067	1.31959687485966e-09	8.50148683215161e-07	11.7844704233753	ELOVL2
ENSG00000150893	5.36329615384616	-2.63608653846154	7.26455014917045	1.3212692584808e-09	8.50148683215161e-07	11.7832619647663	FREM2
ENSG00000104332	5.06046538461539	1.93561730769231	7.19524719594754	1.71825979093784e-09	1.06992157240236e-06	11.5325780273376	SFRP1
ENSG00000145623	2.66304615384615	1.53866538461538	7.18415521271342	1.79205108993362e-09	1.08099881840589e-06	11.4924532189714	OSMR
ENSG00000119801	1.31903846153846	4.79647692307692	7.0778617291985	2.6812677008553e-09	1.40547784494642e-06	11.107932635858	YPEL5
ENSG00000092096	3.40940384615385	2.69580192307692	7.07725443557396	2.68744677082112e-09	1.40547784494642e-06	11.1057357848548	SLC22A17
ENSG00000131773	2.49978076923077	4.431175	7.06823121960617	2.78095039712591e-09	1.40547784494642e-06	11.073095007417	KHDRBS3
ENSG00000109670	1.61855769230769	2.371975	7.06707241790058	2.79319178133496e-09	1.40547784494642e-06	11.0689031625798	FBXW7
ENSG00000172164	2.73738846153846	2.28015961538462	7.06666806387377	2.7974759700222e-09	1.40547784494642e-06	11.0674404555519	SNTB1
ENSG00000137460	2.85453846153846	2.12113846153846	7.05158263648045	2.9620887413689e-09	1.40547784494642e-06	11.0128712214662	FHDC1
ENSG00000112769	2.21009230769231	4.87083846153846	7.0510983464003	2.96753073147422e-09	1.40547784494642e-06	11.0111193991505	LAMA4
ENSG00000164283	2.68818461538462	-0.259534615384615	7.04629924564336	3.02200144239597e-09	1.40547784494642e-06	10.9937596988206	ESM1
ENSG00000186908	1.91916538461539	2.13160576923077	7.04341659589344	3.05519918868967e-09	1.40547784494642e-06	10.9833324186229	ZDHHC17
ENSG00000116001	2.13709230769231	3.66783076923077	7.04316814281044	3.05807747436925e-09	1.40547784494642e-06	10.9824337031543	TIA1
ENSG00000150764	2.26886923076923	1.03407692307692	7.02965495520175	3.21877579199374e-09	1.44493090960128e-06	10.9335539078073	DIXDC1
ENSG00000156265	2.18839615384615	0.842863461538462	7.02131649675013	3.3221181069076e-09	1.45742831403721e-06	10.9033928452179	MAP3K7CL
ENSG00000114698	2.82011923076923	1.32975576923077	6.99842508411352	3.62318253900333e-09	1.55418427889736e-06	10.8205955942452	PLSCR4
ENSG00000128512	2.14780769230769	1.06519615384615	6.97849954127276	3.90734192433804e-09	1.62943446726942e-06	10.7485303462401	DOCK4
ENSG00000185716	1.70514230769231	2.49509807692308	6.97219565640988	4.00179722667749e-09	1.62943446726942e-06	10.7257319135798	MOSMO
ENSG00000037757	1.30060384615385	3.05515961538462	6.96434440008934	4.12263320293004e-09	1.62943446726942e-06	10.6973380279168	MRI1
ENSG00000198121	3.17329230769231	-0.219907692307692	6.9634732622253	4.13626321795584e-09	1.62943446726942e-06	10.6941876290522	LPAR1
ENSG00000147408	2.99566538461539	2.95571346153846	6.92555724673124	4.77522513816315e-09	1.84352341683927e-06	10.5570782595513	CSGALNACT1
ENSG00000147894	2.01988076923077	0.832378846153846	6.90971808491336	5.07050813162076e-09	1.91127606500281e-06	10.4998086334179	C9orf72
ENSG00000144445	2.04553461538462	1.35995576923077	6.90460846377358	5.16960117929746e-09	1.91127606500281e-06	10.4813347408104	KANSL1L
ENSG00000164414	1.59471153846154	3.25287884615385	6.90064650040404	5.24776622520588e-09	1.91127606500281e-06	10.4670105507573	SLC35A1
ENSG00000119844	1.33498461538462	3.52505	6.89243756534194	5.4134948190314e-09	1.92632019265562e-06	10.4373326936959	AFTPH
ENSG00000132549	1.64085769230769	2.07095961538462	6.88879681149602	5.48866034274771e-09	1.92632019265562e-06	10.4241706543168	VPS13B
ENSG00000163389	1.72221538461538	2.34190384615385	6.87010907542378	5.89119623339705e-09	2.02877936770186e-06	10.3566150617548	POGLUT1
ENSG00000109381	1.81817692307692	2.83978076923077	6.86568178263783	5.99080059881914e-09	2.02877936770186e-06	10.3406116126145	ELF2
ENSG00000185432	2.30884615384615	2.13378846153846	6.84668296622658	6.43767410879748e-09	2.14252454003651e-06	10.2719410585358	TMT1A
ENSG00000047346	1.67197692307692	2.44793076923077	6.8206943711851	7.10331994347907e-09	2.32398957405045e-06	10.1780200410593	ATOSA
ENSG00000033170	2.18280769230769	3.09177692307692	6.81509829312198	7.25540753692811e-09	2.33418552808872e-06	10.1577984165851	FUT8
ENSG00000196323	1.65303076923077	2.10191538461539	6.81060146580312	7.37997183170319e-09	2.33533764372732e-06	10.1415495673584	ZBTB44
ENSG00000184564	5.44750384615385	-3.502725	6.80101466913595	7.65270162155702e-09	2.38258224840186e-06	10.1069104136301	SLITRK6
ENSG00000249437	1.85656923076923	1.52064230769231	6.78921011418615	8.00237842347215e-09	2.45190334457592e-06	10.0642614958331	NAIP
ENSG00000103479	2.18531923076923	3.25413269230769	6.75698791881067	9.04016388333647e-09	2.62492951182103e-06	9.94786588852619	RBL2
ENSG00000134884	2.33830769230769	4.55503076923077	6.75578974138504	9.08124158584913e-09	2.62492951182103e-06	9.94353834427007	ARGLU1
ENSG00000170242	1.67255	4.04647115384615	6.75291704099874	9.18048782893453e-09	2.62492951182103e-06	9.93316298808245	USP47
ENSG00000185305	2.10456153846154	2.39106153846154	6.74840009803945	9.3387323401508e-09	2.62492951182103e-06	9.91684963662571	ARL15
ENSG00000102710	1.41193461538462	3.94634038461538	6.7457850607232	9.431587090938e-09	2.62492951182103e-06	9.90740548947659	SUPT20H
ENSG00000019144	1.57804615384615	5.57203846153846	6.74354001310905	9.51203869150687e-09	2.62492951182103e-06	9.89929772785141	PHLDB1
ENSG00000113580	1.97978846153846	2.63382884615385	6.74334692013802	9.51899009622711e-09	2.62492951182103e-06	9.89860039982096	NR3C1
ENSG00000175309	1.19468076923077	3.59335961538461	6.72889479129189	1.00539161771032e-08	2.69161633011527e-06	9.84641206231113	PHYKPL
ENSG00000187605	1.57089230769231	0.879965384615385	6.72571171092828	1.01757055568603e-08	2.69161633011527e-06	9.83491852449113	TET3
ENSG00000113240	1.89349230769231	1.85943076923077	6.72156418908588	1.03366065353282e-08	2.69161633011527e-06	9.81994307873874	CLK4
ENSG00000069424	-2.45443461538462	5.54739038461538	-6.71789514272833	1.0481059488838e-08	2.69161633011527e-06	9.80669575734427	KCNAB2
ENSG00000235750	2.32310769230769	1.12320384615385	6.71771401431853	1.04882425687409e-08	2.69161633011527e-06	9.80604179399165	KIAA0040
ENSG00000100201	1.46883461538462	6.32503653846154	6.71497503857262	1.0597463663097e-08	2.69161633011527e-06	9.79615287330156	DDX17
ENSG00000109929	1.96588461538462	3.08552307692308	6.70549839023454	1.09841878054558e-08	2.72297610571542e-06	9.7619399996186	SC5D
ENSG00000174718	1.79571153846154	3.239525	6.70504439981833	1.10030635779828e-08	2.72297610571542e-06	9.76030107048715	RESF1
ENSG00000145416	2.28172307692308	-0.539538461538462	6.6936520057294	1.1487469222999e-08	2.79372524766099e-06	9.7191763819347	MARCHF1
ENSG00000118785	4.18817692307692	6.41083461538461	6.7044872942934	1.17548190270416e-08	2.79372524766099e-06	9.70090268634005	SPP1
ENSG00000186812	1.63861153846154	2.60188269230769	6.6852403339266	1.18587308864963e-08	2.79372524766099e-06	9.68881469034729	ZNF397
ENSG00000144224	1.846	4.15486153846154	6.67984734656532	1.21030291850422e-08	2.79372524766099e-06	9.66935025742321	UBXN4
ENSG00000119778	1.73780769230769	0.464119230769231	6.67811292533253	1.21826588187665e-08	2.79372524766099e-06	9.66309059986824	ATAD2B
ENSG00000156475	4.20781538461539	-0.0522923076923076	6.67603331283038	1.22788257166919e-08	2.79372524766099e-06	9.65558527329157	PPP2R2B
ENSG00000085224	2.15524230769231	2.26869423076923	6.67553332710136	1.23020590608291e-08	2.79372524766099e-06	9.65378084844716	ATRX
ENSG00000163873	5.39970769230769	-2.08078846153846	6.66146933635064	1.2973853290387e-08	2.91202662865511e-06	9.60302857231061	GRIK3
ENSG00000115392	1.49965384615385	3.8522	6.6555709042552	1.32663781061468e-08	2.93349811340665e-06	9.58174542495196	FANCL
ENSG00000070961	2.36306538461539	2.62827115384615	6.6505691026432	1.3519582525466e-08	2.93349811340665e-06	9.56369866720063	ATP2B1
ENSG00000164106	6.60880384615385	-1.71020192307692	6.649991505637	1.35491306229238e-08	2.93349811340665e-06	9.56161473322396	SCRG1
ENSG00000186814	1.69784230769231	2.02426730769231	6.64749863177012	1.36773988606226e-08	2.93349811340665e-06	9.55262075692358	ZSCAN30
ENSG00000156313	1.69584230769231	2.13015576923077	6.62355518152727	1.49727337079138e-08	3.15946370505868e-06	9.46624904979451	RPGR
ENSG00000111145	2.11377307692308	3.32750576923077	6.62204680430177	1.50583153326114e-08	3.15946370505868e-06	9.46080866994045	ELK3
ENSG00000139826	1.97528076923077	1.41754423076923	6.60763398049668	1.59010567004189e-08	3.30040965041061e-06	9.40882988039139	ABHD13
ENSG00000155792	1.94763461538462	1.28587115384615	6.60042022530928	1.63403479735395e-08	3.33213621411574e-06	9.38281749064995	DEPTOR
ENSG00000064012	1.80536923076923	2.79748846153846	6.59946919428634	1.63991576615549e-08	3.33213621411574e-06	9.37938830337445	CASP8
ENSG00000088448	1.72927692307692	5.06825384615385	6.59405117632131	1.67382432302735e-08	3.36560738618719e-06	9.35985303531115	ANKRD10
ENSG00000188895	1.19072307692308	4.98238846153846	6.59109321483865	1.69263064895834e-08	3.36833499142709e-06	9.34918834684227	MSL1
ENSG00000096968	2.06042307692308	0.681265384615385	6.58547198416496	1.72895200947891e-08	3.38340174306528e-06	9.32892258203198	JAK2
ENSG00000161048	2.04297307692308	2.45513269230769	6.58450811231642	1.73525758982263e-08	3.38340174306528e-06	9.32544776218793	NAPEPLD
ENSG00000198920	1.62431538461539	1.54688076923077	6.57617825496065	1.79071470189806e-08	3.45661658907383e-06	9.2954199248388	KIAA0753
ENSG00000111341	4.06180769230769	5.76751923076923	6.58406463999161	1.84742143323044e-08	3.53076989362844e-06	9.269350412152	MGP
ENSG00000176204	6.88278461538462	-4.95572692307692	6.56140833277302	1.89342502426002e-08	3.56561514636269e-06	9.24218486450816	LRRTM4
ENSG00000178695	2.32354230769231	2.56489807692308	6.5601284124343	1.9025973168697e-08	3.56561514636269e-06	9.23757216444287	KCTD12
ENSG00000072210	1.60306153846154	4.08745	6.55559167582085	1.93546700820766e-08	3.59020868958743e-06	9.22122289009033	ALDH3A2
ENSG00000151687	2.04659615384615	-0.835578846153846	6.55321405522689	1.95291878157115e-08	3.59020868958743e-06	9.21265494404856	ANKAR
ENSG00000183722	1.78422692307692	3.66916346153846	6.54645923327089	2.00335951118656e-08	3.64258850475486e-06	9.18831495195506	LHFPL6
ENSG00000058272	2.09228076923077	2.806975	6.54437912697793	2.01915230797684e-08	3.64258850475486e-06	9.1808200644215	PPP1R12A
ENSG00000038427	2.61679230769231	2.6022	6.53779831367583	2.06993747173008e-08	3.64928748031337e-06	9.15711001275683	VCAN
ENSG00000182667	2.40273846153846	0.241988461538461	6.53712096834312	2.07523635293417e-08	3.64928748031337e-06	9.15466972749399	NTM
ENSG00000168300	1.87601153846154	3.09795192307692	6.53218621289254	2.11425110126346e-08	3.64928748031337e-06	9.13689190446868	PCMTD1
ENSG00000084636	1.84206153846154	4.70417692307692	6.5320652585062	2.11521650075026e-08	3.64928748031337e-06	9.1364561731929	COL16A1
ENSG00000104327	3.58406923076924	-6.19889230769231	6.52834320950176	2.14513977295542e-08	3.64928748031337e-06	9.12304807758539	CALB1
ENSG00000198743	2.75685769230769	1.45983269230769	6.52817312348253	2.14651720481376e-08	3.64928748031337e-06	9.1224353868082	SLC5A3
ENSG00000136156	1.65531153846154	8.37351730769231	6.52710313495699	2.15520267707467e-08	3.64928748031337e-06	9.11858106546152	ITM2B
ENSG00000118276	2.63256153846154	2.06330769230769	6.518758659673	2.22414998491897e-08	3.73328410077311e-06	9.08852460403107	B4GALT6
ENSG00000205213	2.51925	1.33841730769231	6.5098417023913	2.30025772791878e-08	3.78094519811503e-06	9.05641019689781	LGR4
ENSG00000115318	3.235	2.66115	6.50735896904887	2.32190625489662e-08	3.78094519811503e-06	9.04746940178759	LOXL3
ENSG00000107201	2.54240384615385	1.41469423076923	6.50705672401311	2.32455554138139e-08	3.78094519811503e-06	9.04638098282181	RIGI
ENSG00000185201	1.82194230769231	7.76945576923077	6.50633498275106	2.33089405053975e-08	3.78094519811503e-06	9.04378193009127	IFITM2
ENSG00000205403	3.27158076923077	1.98919807692308	6.5025414730939	2.36449374612385e-08	3.78411482028597e-06	9.03012164211217	CFI
ENSG00000149212	2.79540384615385	1.84444423076923	6.50100712522705	2.37822034458282e-08	3.78411482028597e-06	9.02459673659285	SESN3
ENSG00000188994	2.15814230769231	0.552098076923077	6.49951344490959	2.39165936939796e-08	3.78411482028597e-06	9.01921839212443	ZNF292
ENSG00000185942	5.45787307692308	-4.25285192307692	6.48614204368095	2.51538550213574e-08	3.94751921526229e-06	8.97107707358869	NKAIN3
ENSG00000132424	1.85555384615385	3.90795384615385	6.48319865229797	2.54346566486748e-08	3.9593965910433e-06	8.96048127398759	PNISR
ENSG00000109472	2.19271538461539	1.60018846153846	6.47351739263974	2.63804651518794e-08	4.05850193197611e-06	8.92563357411661	CPE
ENSG00000112697	1.79629615384615	4.42129423076923	6.47240057607848	2.64918014520536e-08	4.05850193197611e-06	8.9216139391454	TMEM30A
ENSG00000182700	2.14687307692308	1.18270961538462	6.45662411941188	2.8115493147899e-08	4.27333357664484e-06	8.86483925713184	IGIP
ENSG00000196914	1.66116538461539	3.56242884615385	6.44938374744149	2.88934779047595e-08	4.30339829370068e-06	8.83878828720584	ARHGEF12
ENSG00000164176	4.0597	-0.487419230769231	6.44869513223122	2.89685774253492e-08	4.30339829370068e-06	8.83631080280627	EDIL3
ENSG00000158352	1.95136538461538	0.571771153846154	6.44857118450052	2.89821156390762e-08	4.30339829370068e-06	8.83586486946713	SHROOM4
ENSG00000125124	1.53197307692308	3.99908653846154	6.44329298808791	2.95645120878033e-08	4.34797235383562e-06	8.81687608341649	BBS2
ENSG00000143248	2.05457307692308	2.31139423076923	6.4417870337065	2.9732805818075e-08	4.34797235383562e-06	8.8114585870959	RGS5
ENSG00000136044	1.90814615384615	3.83887692307692	6.43128422305034	3.09333433982039e-08	4.48952126026715e-06	8.77367980554682	APPL2
ENSG00000153993	4.94600384615385	-1.40573269230769	6.42845781635274	3.12645814792516e-08	4.49067271226441e-06	8.76351433742154	SEMA3D
ENSG00000002587	2.86347692307692	-0.990242307692308	6.42725545680075	3.14065594029786e-08	4.49067271226441e-06	8.7591900758872	HS3ST1
ENSG00000244754	1.59866923076923	4.32096538461539	6.42274757215002	3.19446015615451e-08	4.53401944075372e-06	8.7429783654233	N4BP2L2
ENSG00000088451	2.52817307692308	3.01590192307692	6.41003808395	3.3511471166109e-08	4.72169290452119e-06	8.6972781251983	TGDS
ENSG00000172020	4.53863076923077	-3.1603	6.39744339884395	3.51396400734268e-08	4.89226581907858e-06	8.65200090588843	GAP43
ENSG00000150907	1.99885769230769	1.88101730769231	6.39676924902298	3.52289773015553e-08	4.89226581907858e-06	8.64957766399921	FOXO1
ENSG00000082196	3.67223461538462	1.004475	6.39363152814191	3.56477671668366e-08	4.91506321158176e-06	8.63829947002118	C1QTNF3
ENSG00000102908	2.14904230769231	0.972067307692307	6.38216307437657	3.72210534965825e-08	5.08079448663827e-06	8.59708290157087	NFAT5
ENSG00000100505	3.40515769230769	1.45185192307692	6.38105837906753	3.73762014765909e-08	5.08079448663827e-06	8.59311319059515	TRIM9
ENSG00000083097	1.85925	0.769290384615385	6.36906603749325	3.91024447506072e-08	5.27828315399281e-06	8.55002413139912	DOP1A
ENSG00000172469	2.3832	0.632111538461539	6.36303318300348	4.00006175520889e-08	5.35767744942057e-06	8.52835149615844	MANEA
ENSG00000102313	5.14621923076923	0.242428846153846	6.36141025262688	4.02457250254356e-08	5.35767744942057e-06	8.52252165188726	ITIH6
ENSG00000162144	-1.4225	6.12606538461539	-6.3557825666378	4.11072975180617e-08	5.41513914709788e-06	8.50230745003143	CYB561A3
ENSG00000158528	4.51633846153846	-1.80728461538462	6.35412377708061	4.13647354763081e-08	5.41513914709788e-06	8.49634962939313	PPP1R9A
ENSG00000228594	-2.21611538461539	4.24914230769231	-6.35088543312232	4.18719469928111e-08	5.41513914709788e-06	8.48471912827521	FNDC10
ENSG00000136161	1.86769615384615	2.63458653846154	6.34909190270522	4.21555202473814e-08	5.41513914709788e-06	8.47827798618859	RCBTB2
ENSG00000165868	2.02090769230769	2.88604615384615	6.34880758757747	4.22006481815322e-08	5.41513914709788e-06	8.47725694026794	HSPA12A
ENSG00000139178	1.92854615384615	2.25523461538462	6.34780250119036	4.23605662960048e-08	5.41513914709788e-06	8.47364747213637	C1RL
ENSG00000147601	1.60728846153846	3.408075	6.34457628826425	4.28779711145346e-08	5.44522023963066e-06	8.46206197148408	TERF1
ENSG00000154114	1.69362307692308	1.39778076923077	6.34261236458266	4.31960103186372e-08	5.44975547176898e-06	8.45500977849703	TBCEL
ENSG00000054267	2.1461	2.05487692307692	6.34031548894921	4.35709472929234e-08	5.4613636077617e-06	8.4467623459532	ARID4B
ENSG00000184384	2.07908846153846	1.63253269230769	6.33535119328477	4.43924080303528e-08	5.48561987338652e-06	8.4289382455048	MAML2
ENSG00000101972	1.71500384615385	3.46048653846154	6.33475314610264	4.44924035286721e-08	5.48561987338652e-06	8.42679110060831	STAG2
ENSG00000123384	1.40082307692307	5.06365384615385	6.33400972166984	4.46170191225034e-08	5.48561987338652e-06	8.42412204937433	LRP1
ENSG00000123607	1.72158076923077	1.54759423076923	6.3317780547059	4.49931894290385e-08	5.49685781992867e-06	8.41611013083396	TTC21B
ENSG00000186469	2.55256538461538	4.39782115384615	6.3263350789674	4.59239458050571e-08	5.57528255267306e-06	8.39657078483952	GNG2
ENSG00000163728	2.05182692307692	2.49785576923077	6.3235978301857	4.6399233853224e-08	5.58808824582894e-06	8.38674534520124	TTC14
ENSG00000106546	2.84617692307692	3.19513461538462	6.3224019653784	4.6608413592626e-08	5.58808824582894e-06	8.38245292267515	AHR
ENSG00000114933	1.52335769230769	0.449817307692308	6.31976452699498	4.70730747928847e-08	5.60896026374724e-06	8.3729865031288	INO80D
ENSG00000164751	1.80356538461539	4.13013653846154	6.31782427277144	4.74178466581178e-08	5.61373133177183e-06	8.36602277574498	PEX2
ENSG00000012983	2.02600384615385	2.88962115384615	6.31627604349734	4.76947592814889e-08	5.61373133177183e-06	8.36046625575077	MAP4K5
ENSG00000173598	1.86081923076923	4.69555576923077	6.30774865200711	4.92490341010975e-08	5.76154003183931e-06	8.32986503619632	NUDT4
ENSG00000138468	2.16489615384615	1.15250192307692	6.29953977995933	5.07928289306522e-08	5.90634925812276e-06	8.3004119710979	SENP7
ENSG00000185129	1.72799230769231	1.42879230769231	6.29639853820179	5.13962377439324e-08	5.94072800701274e-06	8.28914267800307	PURA
ENSG00000177200	1.87880769230769	2.45561923076923	6.29419159054103	5.18244355398846e-08	5.95456594777614e-06	8.28122563815788	CHD9
ENSG00000113621	1.35073846153846	4.95843846153846	6.29050276315792	5.25480889810867e-08	6.00198675504093e-06	8.26799344015782	TXNDC15
ENSG00000119878	1.32321923076923	2.92435576923077	6.28748026279924	5.31485116267946e-08	6.03485717607069e-06	8.2571521992041	CRIPT
ENSG00000137760	1.78644230769231	0.767451923076923	6.27608307773922	5.54745967375694e-08	6.23655787305245e-06	8.21627858661624	ALKBH8
ENSG00000139597	2.22046538461538	2.11235576923077	6.2756208146661	5.55710487574481e-08	6.23655787305245e-06	8.2146209895616	N4BP2L1
ENSG00000175893	2.09051538461539	-0.133992307692308	6.26472167128269	5.78941342829446e-08	6.4305461500093e-06	8.17554335636406	ZDHHC21
ENSG00000132256	1.97558076923077	2.477625	6.26408607895003	5.80325488981219e-08	6.4305461500093e-06	8.17326480126852	TRIM5
ENSG00000121067	1.52948846153846	3.85159038461538	6.26286678858854	5.82989989251219e-08	6.4305461500093e-06	8.16889381814426	SPOP
ENSG00000118495	2.07595384615385	-0.233134615384615	6.25321498468184	6.0451583184117e-08	6.60452253339079e-06	8.13429764418182	PLAGL1
ENSG00000198734	4.60867692307693	-0.735157692307692	6.25162496921633	6.08137008773516e-08	6.60452253339079e-06	8.12859906704818	F5
ENSG00000166479	1.66961923076923	3.22675961538462	6.25123558251633	6.09027099903414e-08	6.60452253339079e-06	8.12720354548952	TMX3
ENSG00000164975	1.61216538461539	2.63250192307692	6.24859998336102	6.15085919238064e-08	6.6329628486326e-06	8.11775815266466	SNAPC3
ENSG00000156381	-1.34986538461538	3.21275576923077	-6.2447704027182	6.23996487215279e-08	6.69166899595363e-06	8.10403480023688	ANKRD9
ENSG00000129116	2.42147692307692	2.91012307692308	6.2407900186842	6.33394003506827e-08	6.72108923106015e-06	8.08977230408876	PALLD
ENSG00000112701	1.75643846153846	3.63578846153846	6.24029473049302	6.34573160152059e-08	6.72108923106015e-06	8.08799767975604	SENP6
ENSG00000120686	1.51374230769231	4.195025	6.23920067129393	6.37185582181012e-08	6.72108923106015e-06	8.08407772177883	UFM1
ENSG00000147100	2.18443461538462	0.358859615384615	6.2321033851953	6.54394309870843e-08	6.86467269713517e-06	8.05865089359621	SLC16A2
ENSG00000157734	2.78577692307692	0.721461538461538	6.23067611919151	6.57910401994512e-08	6.86467269713517e-06	8.05353805306522	SNX22
ENSG00000171867	2.20748076923077	5.93570576923077	6.22878720998129	6.62592656705983e-08	6.87487838430811e-06	8.04677174476723	PRNP
ENSG00000143952	1.4079	3.17315769230769	6.22741629570655	6.66011634391347e-08	6.87487838430811e-06	8.04186114411564	VPS54
ENSG00000140262	1.92591923076923	3.72489807692307	6.21918603445947	6.86909317489814e-08	7.01847943813661e-06	8.01238372504484	TCF12
ENSG00000176399	4.87710384615385	-4.32699807692308	6.21797843722692	6.9002992182182e-08	7.01847943813661e-06	8.00805908406999	DMRTA1
ENSG00000120324	2.35386538461539	-0.511317307692308	6.21751058698867	6.91242698553639e-08	7.01847943813661e-06	8.00638365414756	PCDHB10
ENSG00000137414	1.69089615384615	2.81988653846154	6.21533363188608	6.96913804715863e-08	7.01847943813661e-06	7.99858794934024	FAM8A1
ENSG00000275052	1.76116153846154	3.58832692307692	6.21487940585297	6.98102912563969e-08	7.01847943813661e-06	7.99696141031665	PPP4R3B
ENSG00000023516	1.97563461538462	1.49893653846154	6.21031689584923	7.10159462645852e-08	7.03639608696016e-06	7.9806244754995	AKAP11
ENSG00000174405	2.30165	1.05691346153846	6.20957335233586	7.12143818230278e-08	7.03639608696016e-06	7.97796224370892	LIG4
ENSG00000145332	1.72738846153846	1.17287884615385	6.20944390441975	7.12489849464147e-08	7.03639608696016e-06	7.9774987647293	KLHL8
ENSG00000011405	2.30622692307692	2.04930961538462	6.20870585240235	7.1446595505579e-08	7.03639608696016e-06	7.97485624962495	PIK3C2A
ENSG00000150776	1.55744615384616	3.01223846153846	6.2029100209116	7.30174657988193e-08	7.15459970718075e-06	7.95410651828393	NKAPD1
ENSG00000168876	1.72113846153846	1.83506153846154	6.19615650648553	7.48912617769992e-08	7.29588690189617e-06	7.929931806143	ANKRD49
ENSG00000134313	1.67864230769231	3.34866730769231	6.19500556844459	7.52153288855275e-08	7.29588690189617e-06	7.92581232911793	KIDINS220
ENSG00000109220	1.28055769230769	2.97176730769231	6.18870880605945	7.70131268638396e-08	7.43292193926348e-06	7.90327677400575	CHIC2
ENSG00000196950	1.83234615384615	2.12987307692308	6.18458246757962	7.82143455985223e-08	7.51130106014068e-06	7.88851084773768	SLC39A10
ENSG00000134352	2.0856	3.36039230769231	6.18148194390271	7.91291770421969e-08	7.56153715072043e-06	7.87741673770064	IL6ST
ENSG00000187607	1.4957	2.47593461538462	6.17542557001949	8.09469418084386e-08	7.69713703314428e-06	7.8557486227194	ZNF286A
ENSG00000083535	1.9915	1.91333461538462	6.16888661543847	8.29561673803058e-08	7.84952401442178e-06	7.83235761236493	PIBF1
ENSG00000137504	1.83478076923077	2.98903653846154	6.15920724106839	8.60216833398651e-08	8.0998856268752e-06	7.79773978224905	CREBZF
ENSG00000157827	2.51048461538462	3.01596538461539	6.15580615512446	8.71253432709821e-08	8.10760069123213e-06	7.78557796362489	FMNL2
ENSG00000177853	1.97116538461538	0.666390384615384	6.15525357511237	8.73059808309339e-08	8.10760069123213e-06	7.78360211207372	ZNF518A
ENSG00000133858	1.70116538461539	2.63182884615385	6.15507733674859	8.73636711276114e-08	8.10760069123213e-06	7.78297194519662	ZFC3H1
ENSG00000102755	1.86606153846154	0.930719230769231	6.1531958365746	8.79819320749343e-08	8.12591021455721e-06	7.77624453330924	FLT1
ENSG00000196136	4.67191923076923	3.15431346153846	6.16418334715174	8.85042273402158e-08	8.13252048444296e-06	7.77396113638	SERPINA3
ENSG00000006459	1.83870769230769	0.706484615384615	6.15000001797361	8.90420588176233e-08	8.13252048444296e-06	7.76481843978812	KDM7A
ENSG00000196470	1.58391923076923	3.64599423076923	6.14779028234231	8.97824926199096e-08	8.13252048444296e-06	7.7569184602684	SIAH1
ENSG00000139746	1.73008846153846	3.155525	6.1473665439441	8.992517560188e-08	8.13252048444296e-06	7.75540361312063	RBM26
ENSG00000139218	1.40244230769231	3.66504807692308	6.14585365889584	9.04364415218422e-08	8.13252048444296e-06	7.74999524642982	SCAF11
ENSG00000146247	1.89241538461539	1.32142307692308	6.14485992985828	9.07738340419032e-08	8.13252048444296e-06	7.74644290917186	PHIP
ENSG00000205423	1.42622692307692	2.56637115384615	6.14418803875718	9.10026640749977e-08	8.13252048444296e-06	7.74404111496754	CNEP1R1
ENSG00000144366	2.77661923076923	2.50275961538461	6.14268900053881	9.15152688158821e-08	8.14064163111969e-06	7.73868268618827	GULP1
ENSG00000172766	1.65569230769231	1.44909615384615	6.13851071235783	9.2959252480859e-08	8.23115803044964e-06	7.72374816505388	NAA16
ENSG00000120159	1.91365	2.23767115384615	6.13612749632149	9.37929892012077e-08	8.26444413715266e-06	7.71523052275934	CAAP1
ENSG00000130150	1.97030384615385	2.22657115384615	6.13499590808804	9.4191457813479e-08	8.26444413715266e-06	7.71118639780358	MOSPD2
ENSG00000171150	1.92990769230769	1.77100384615385	6.13247794325691	9.50841600967432e-08	8.3050205536083e-06	7.7021880007947	SOCS5
ENSG00000132122	1.90696923076923	1.79954615384615	6.12855705047632	9.64910123471996e-08	8.38993698800898e-06	7.68817716935903	SPATA6
ENSG00000151292	1.98608461538461	2.57406538461538	6.12640998015874	9.72701445334697e-08	8.41975605349581e-06	7.68050548639573	CSNK1G3
ENSG00000236287	1.69884615384615	3.39716153846154	6.11774875151515	1.00477121203784e-07	8.62914374104875e-06	7.64956251927241	ZBED5
ENSG00000146006	4.25777692307692	-2.86285	6.11746699769352	1.00583191303733e-07	8.62914374104875e-06	7.64855604935316	LRRTM2
ENSG00000164764	2.33437692307692	-2.56871923076923	6.11597735321988	1.01145840111262e-07	8.63901837021099e-06	7.64323492538492	SBSPON
ENSG00000162687	3.27432692307693	-6.16035192307693	6.11404112447583	1.01881842796919e-07	8.66354718726401e-06	7.63631888400686	KCNT2
ENSG00000085274	1.78501538461538	1.89173461538462	6.11070536400818	1.03162338403127e-07	8.73395885173495e-06	7.62440467584614	MYNN
ENSG00000164144	1.50237307692308	3.60126730769231	6.1086965381082	1.039411648989e-07	8.76146858534268e-06	7.61723034301597	ARFIP1
ENSG00000134986	2.26712692307692	3.387475	6.10115963486372	1.06915663933829e-07	8.95370415670023e-06	7.59031646226236	NREP
ENSG00000127311	1.85101538461538	-1.19901538461539	6.10057613902659	1.07149441029775e-07	8.95370415670023e-06	7.58823305845022	HELB
ENSG00000109686	2.03418076923077	2.38319423076923	6.09901559260252	1.07777170624959e-07	8.96632301518817e-06	7.58266120422515	SH3D19
ENSG00000138448	2.38556153846154	3.40007692307692	6.09789678031365	1.08229459801007e-07	8.96632301518817e-06	7.57866668546854	ITGAV
ENSG00000183718	1.93484615384615	1.71581923076923	6.09610163910649	1.08959103317968e-07	8.98819474934501e-06	7.57225770980939	TRIM52
ENSG00000147162	1.82694615384615	4.06438846153846	6.09015109963125	1.11412849105644e-07	9.15149883526063e-06	7.55101546615901	OGT
ENSG00000198169	1.55781538461538	2.44835	6.08168517826107	1.14998704984807e-07	9.40601695899035e-06	7.52079979886724	ZNF251
ENSG00000110888	1.49216923076923	2.79462692307692	6.07747842813372	1.16822930581625e-07	9.51490729543084e-06	7.50578814810171	CAPRIN2
ENSG00000174738	2.12363076923077	1.95843846153846	6.07014696419306	1.20071115242655e-07	9.7383728467604e-06	7.4796302706064	NR1D2
ENSG00000111877	1.64926538461538	1.16234423076923	6.06842622806491	1.20846386989816e-07	9.7602418747465e-06	7.47349164812466	MCM9
ENSG00000181004	1.62863846153846	1.27805769230769	6.06535374554649	1.22243066813997e-07	9.83190799462741e-06	7.46253149224535	BBS12
ENSG00000138735	1.93628846153846	-0.0317019230769231	6.05834286434245	1.25490363598847e-07	1.00512053466745e-05	7.43752585526675	PDE5A
ENSG00000168216	1.63802692307692	3.72350576923077	6.05531006525281	1.26921502791514e-07	1.00898923629864e-05	7.42671034804861	LMBRD1
ENSG00000120458	1.62185769230769	1.22054423076923	6.05510511810961	1.27018797296053e-07	1.00898923629864e-05	7.4259795034623	MSANTD2
ENSG00000171469	1.55415384615385	2.99329615384615	6.05092535499256	1.29019292041829e-07	1.02068007962435e-05	7.41107534160659	ZNF561
ENSG00000177189	2.04710384615385	3.34862115384615	6.04669859747298	1.31074093480576e-07	1.02853163882758e-05	7.39600542821804	RPS6KA3
ENSG00000189079	1.37001153846154	1.70225961538462	6.04669176667898	1.31077440372784e-07	1.02853163882758e-05	7.39598107546284	ARID2
ENSG00000163558	1.68212692307692	2.00761346153846	6.04343184994781	1.32684428310924e-07	1.03692612133027e-05	7.38435955606522	PRKCI
ENSG00000111875	1.69558076923077	2.09570576923077	6.04146746738072	1.3366220776774e-07	1.04035548247608e-05	7.37735711263475	ASF1A
ENSG00000103489	2.81856923076923	1.30693076923077	6.03830275473965	1.35252525657184e-07	1.04766685053274e-05	7.36607668795726	XYLT1
ENSG00000185591	1.19098076923077	3.83482115384615	6.03533528420289	1.36760788217893e-07	1.04766685053274e-05	7.35550026607521	SP1
ENSG00000074527	2.9541	-0.179007692307692	6.03518338040931	1.36838443375807e-07	1.04766685053274e-05	7.35495888735957	NTN4
ENSG00000101856	2.05916923076923	5.09376153846154	6.0337289499363	1.37584186676284e-07	1.04766685053274e-05	7.3497754803336	PGRMC1
ENSG00000171819	5.54439230769231	0.400292307692308	6.03362840209624	1.37635890350009e-07	1.04766685053274e-05	7.3494171486552	ANGPTL7
ENSG00000183098	3.33267692307692	-1.73249615384615	6.03283617761057	1.38043943114453e-07	1.04766685053274e-05	7.34659386160348	GPC6
ENSG00000178338	2.01001153846154	1.01824807692308	6.03214526954095	1.3840079100961e-07	1.04766685053274e-05	7.3441316941075	ZNF354B
ENSG00000102174	3.33573076923077	-3.09704230769231	6.03097510995811	1.39007258417748e-07	1.04814730829601e-05	7.33996174690103	PHEX
ENSG00000078674	1.52622307692308	4.74152692307692	6.02917875350135	1.39943407639272e-07	1.05110023255286e-05	7.33356058158822	PCM1
ENSG00000165156	1.71541153846154	3.05360576923077	6.02775882523876	1.40687812950132e-07	1.05259567960326e-05	7.32850102613734	ZHX1
ENSG00000166025	1.72876923076923	3.01707307692308	6.02467014450278	1.42320674968842e-07	1.05436040199482e-05	7.31749602538222	AMOTL1
ENSG00000101974	1.95247307692308	1.72979038461538	6.0245978858864	1.42359099593385e-07	1.05436040199482e-05	7.31723857923132	ATP11C
ENSG00000102531	2.06471153846154	3.13169423076923	6.02421602764585	1.42562329648577e-07	1.05436040199482e-05	7.3158780871785	FNDC3A
ENSG00000138193	2.32922307692308	-1.16990769230769	6.01688842700386	1.46518449636163e-07	1.07824220319596e-05	7.2897741553575	PLCE1
ENSG00000138688	1.76780769230769	2.73144615384615	6.01402593380388	1.48093324542847e-07	1.07824220319596e-05	7.27957832415064	BLTP1
ENSG00000197121	2.42376923076923	0.878088461538462	6.01385659125314	1.48187017438831e-07	1.07824220319596e-05	7.27897517520884	PGAP1
ENSG00000158290	1.65483076923077	3.64675769230769	6.01363815979536	1.48307956877422e-07	1.07824220319596e-05	7.27819719036824	CUL4B
ENSG00000094841	1.19725	2.47143269230769	6.01118898697388	1.49670722813418e-07	1.07824220319596e-05	7.26947434829585	UPRT
ENSG00000111647	1.97084615384615	1.46785384615385	6.01112590180676	1.49705988315398e-07	1.07824220319596e-05	7.26924967603327	BLTP3B
ENSG00000166734	2.11855769230769	3.38260192307692	6.01092645551095	1.49817535891395e-07	1.07824220319596e-05	7.26853936843126	GOLM2
ENSG00000198887	2.08670769230769	1.61826538461538	6.01013652856202	1.50260142288614e-07	1.07824220319596e-05	7.26572616615791	SMC5
ENSG00000147905	1.41822692307692	2.53936346153846	6.00305898034177	1.5428414842438e-07	1.10301737667993e-05	7.24052356557588	ZCCHC7
ENSG00000129675	2.4415	1.47301153846154	6.00104049598903	1.55451255042129e-07	1.10726036017646e-05	7.23333688841601	ARHGEF6
ENSG00000032219	1.95038461538462	1.05702692307692	5.99895183229402	1.56668166178947e-07	1.11182559255596e-05	7.22590080645225	ARID4A
ENSG00000138386	1.83994230769231	3.39370961538461	5.99729788478571	1.57638504624928e-07	1.11461393947802e-05	7.2200127410282	NAB1
ENSG00000145349	1.86443846153846	3.10829615384615	5.9956012130478	1.58640107015825e-07	1.11760218457171e-05	7.21397288574412	CAMK2D
ENSG00000133110	3.19799615384615	5.23836730769231	5.9948442785585	1.61511911078886e-07	1.13369615256572e-05	7.19801598536037	POSTN
ENSG00000140285	2.53835	-1.10813269230769	5.9885589380444	1.62865360498427e-07	1.13905436728302e-05	7.18890697004649	FGF7
ENSG00000196782	2.26967692307692	1.68873846153846	5.98228775364323	1.66721882649508e-07	1.15618812932403e-05	7.16659020978313	MAML3
ENSG00000108854	1.81218461538462	2.03902692307692	5.98158136195926	1.6716192436363e-07	1.15618812932403e-05	7.16407670183224	SMURF2
ENSG00000005302	1.27716923076923	3.33071538461539	5.98096220183533	1.67548573624916e-07	1.15618812932403e-05	7.16187362962537	MSL3
ENSG00000077458	1.94965769230769	2.11320576923077	5.98070241347954	1.6771106885496e-07	1.15618812932403e-05	7.16094927310706	FAM76B
ENSG00000144810	3.45121538461538	-0.096373076923077	5.97452141761179	1.71623689810492e-07	1.17670785142424e-05	7.13895879136073	COL8A1
ENSG00000155508	1.47855384615385	3.81904615384615	5.97407967865598	1.71906757551487e-07	1.17670785142424e-05	7.13738735386321	CNOT8
ENSG00000163104	1.79389615384615	2.60085576923077	5.97209148033835	1.73186547861659e-07	1.18024316923849e-05	7.13031482714364	SMARCAD1
ENSG00000005206	1.04208461538462	4.76768461538462	5.97138111160797	1.73646096494706e-07	1.18024316923849e-05	7.12778797187557	SPPL2B
ENSG00000125772	1.62788076923077	1.787075	5.97012923256507	1.7445890390324e-07	1.18160709545412e-05	7.1233350453557	GPCPD1
ENSG00000198945	2.03718846153846	0.0624903846153846	5.9686015658509	1.7545588831758e-07	1.18420454971826e-05	7.11790138096803	L3MBTL3
ENSG00000197461	2.63671538461539	2.99323461538461	5.96560715020661	1.77426532448934e-07	1.19138563994816e-05	7.10725148514238	PDGFA
ENSG00000115464	1.20641153846154	4.62522115384616	5.96341430687861	1.78883573293485e-07	1.19138563994816e-05	7.09945308834269	USP34
ENSG00000082258	1.83492307692308	2.09943076923077	5.96329960186321	1.78960115294588e-07	1.19138563994816e-05	7.0990451784028	CCNT2
ENSG00000005812	2.02363076923077	2.83468461538462	5.96325681799205	1.78988673048214e-07	1.19138563994816e-05	7.09889303228467	FBXL3
ENSG00000128606	2.83151923076923	-2.12666346153846	5.96037509111363	1.80922639692097e-07	1.19645783322865e-05	7.08864563683024	LRRC17
ENSG00000113658	1.83892692307692	2.57090192307692	5.96027474207715	1.80990357614238e-07	1.19645783322865e-05	7.088288813413	SMAD5
ENSG00000086065	1.76202692307692	5.11560961538461	5.9588508106321	1.81953975381712e-07	1.19872272586798e-05	7.08322568773393	CHMP5
ENSG00000099250	1.81292307692308	2.15598076923077	5.9541408096476	1.85177790410209e-07	1.21340451447389e-05	7.06647979824396	NRP1
ENSG00000239713	2.68565384615385	2.78857692307692	5.95376168076967	1.85439740853649e-07	1.21340451447389e-05	7.06513195674049	APOBEC3G
ENSG00000070081	1.8607	4.98403461538462	5.9523891028343	1.86391171044159e-07	1.21550972117074e-05	7.06025244005348	NUCB2
ENSG00000101966	1.44550384615385	2.62779807692308	5.95081182907002	1.87490472422795e-07	1.21814106572601e-05	7.05464549418395	XIAP
ENSG00000084207	-1.72315	9.75867115384615	-5.95000284439181	1.88056798210823e-07	1.21814106572601e-05	7.05176979823021	GSTP1
ENSG00000026103	2.39601153846154	1.45349038461538	5.94202998466629	1.93729748722986e-07	1.24840683262833e-05	7.0234326965244	FAS
ENSG00000168795	1.51520769230769	1.37259615384615	5.94036440548254	1.94936132102747e-07	1.24840683262833e-05	7.01751382395302	ZBTB5
ENSG00000139324	2.00144615384615	0.812569230769231	5.9372005048895	1.97248316248453e-07	1.24840683262833e-05	7.00627133390445	TMTC3
ENSG00000152409	2.02355	0.453548076923077	5.9364472488058	1.97802794972996e-07	1.24840683262833e-05	7.00359491136127	JMY
ENSG00000241484	-3.61360769230769	0.778323076923076	-5.93615480477207	1.98018482190147e-07	1.24840683262833e-05	7.00255583514418	ARHGAP8
ENSG00000150938	2.45832692307692	1.30665192307692	5.9360339540356	1.98107681753177e-07	1.24840683262833e-05	7.00212644604242	CRIM1
ENSG00000164331	1.47784230769231	2.57086730769231	5.93578569184958	1.98291048399184e-07	1.24840683262833e-05	7.00124436257909	ANKRA2
ENSG00000165092	2.72837692307692	3.29063461538461	5.93564105885968	1.98397952050748e-07	1.24840683262833e-05	7.00073048024319	ALDH1A1
ENSG00000135205	1.85706153846154	0.367415384615385	5.93543559919252	1.98549913286483e-07	1.24840683262833e-05	7.00000048433092	CCDC146
ENSG00000166783	1.09373461538462	3.920225	5.92701351689485	2.04879402929074e-07	1.28402179049998e-05	6.97008113872165	MARF1
ENSG00000052841	1.18985	4.25148653846154	5.92444560377696	2.06848804174069e-07	1.28892720755292e-05	6.96096030327187	TTC17
ENSG00000010282	6.70448846153846	-2.00138653846154	5.9242525967701	2.06997582936023e-07	1.28892720755292e-05	6.96027480301814	HHATL
ENSG00000156273	2.12549230769231	2.60751923076923	5.923369795669	2.07679441338285e-07	1.28901487336106e-05	6.95713942647703	BACH1
ENSG00000080503	1.48827307692308	4.54834423076923	5.92188435043642	2.08831802638288e-07	1.29201291228426e-05	6.95186389152484	SMARCA2
ENSG00000164118	2.16393846153846	1.05164615384615	5.92102523161754	2.09501172488968e-07	1.29201314139123e-05	6.94881286301624	CEP44
ENSG00000124370	1.24555384615384	2.81528846153846	5.91683515165792	2.12796438472484e-07	1.30596709081759e-05	6.93393368211121	MCEE
ENSG00000120688	1.53600769230769	2.16407692307692	5.91600584145157	2.13454714265457e-07	1.30596709081759e-05	6.93098900592667	WBP4
ENSG00000028203	1.63656153846154	3.12027307692308	5.91558001507065	2.13793503962264e-07	1.30596709081759e-05	6.92947703293592	VEZT
ENSG00000153339	1.70745384615385	3.32042307692308	5.91265876571502	2.16132089350356e-07	1.31338739948697e-05	6.91910519089974	TRAPPC8
ENSG00000113583	1.75091923076923	4.88409038461538	5.91209798519931	2.16583912535884e-07	1.31338739948697e-05	6.91711426560584	C5orf15
ENSG00000169507	4.42781153846154	-4.53828653846154	5.91110357504137	2.17387417755832e-07	1.31338739948697e-05	6.91358392733258	SLC38A11
ENSG00000074266	1.39676538461539	3.44759423076923	5.91068086719849	2.17729869883349e-07	1.31338739948697e-05	6.91208327257401	EED
ENSG00000102543	1.25754615384615	2.53654615384615	5.905987403137	2.21568370394388e-07	1.32985622708144e-05	6.8954224372699	CDADC1
ENSG00000131507	1.14198846153846	4.692125	5.90566087269147	2.21837903496982e-07	1.32985622708144e-05	6.89426341874793	NDFIP1
ENSG00000117069	4.01437692307693	-2.1673	5.90319000391817	2.23888039725708e-07	1.33799096929577e-05	6.88549349251147	ST6GALNAC5
ENSG00000131149	1.23622692307692	2.63218269230769	5.90122907297332	2.25528434048782e-07	1.34363437112458e-05	6.87853402308626	GSE1
ENSG00000050344	2.18647307692308	2.97515576923077	5.89772496065416	2.28489496386082e-07	1.35298364971248e-05	6.86609885236323	NFE2L3
ENSG00000137040	1.81240384615385	1.875775	5.89675723012361	2.29314025685985e-07	1.35298364971248e-05	6.86266489187661	RANBP6
ENSG00000155850	1.95505	2.48947884615385	5.89650057652275	2.2953319526937e-07	1.35298364971248e-05	6.86175418378558	SLC26A2
ENSG00000125848	4.76512307692308	-1.41110384615385	5.89571345310633	2.30206656461429e-07	1.35298364971248e-05	6.85896120927024	FLRT3
ENSG00000144566	1.26955769230769	4.46352884615385	5.89525209910767	2.30602300551938e-07	1.35298364971248e-05	6.85732420722016	RAB5A
ENSG00000132535	1.71878076923077	2.55768269230769	5.89174353693741	2.33633290907739e-07	1.35606127980911e-05	6.84487577125753	DLG4
ENSG00000152601	1.69091923076923	3.93944038461539	5.89162660746999	2.33734981809565e-07	1.35606127980911e-05	6.8444609292094	MBNL1
ENSG00000132950	1.71603846153846	1.9356	5.89120561686091	2.34101471437694e-07	1.35606127980911e-05	6.8429673535672	ZMYM5
ENSG00000132485	1.84395769230769	4.20168653846154	5.8908303926164	2.34428599858175e-07	1.35606127980911e-05	6.84163616430106	ZRANB2
ENSG00000184205	1.29475	3.85084807692308	5.8902651002157	2.34922289851815e-07	1.35606127980911e-05	6.83963069928095	TSPYL2
ENSG00000177034	1.96778461538462	1.28435769230769	5.88905900658756	2.35979063717377e-07	1.35606127980911e-05	6.835352019075	MTX3
ENSG00000136144	1.62025384615385	2.40465	5.88898456440471	2.36044443877046e-07	1.35606127980911e-05	6.8350879373185	RCBTB1
ENSG00000162944	2.98376153846154	0.557207692307692	5.88788421540099	2.37012942598094e-07	1.35651882638913e-05	6.83118455555558	RFTN2
ENSG00000120327	2.12898846153846	0.0870326923076923	5.88670767712537	2.38052860930823e-07	1.35651882638913e-05	6.82701106237618	PCDHB14
ENSG00000110841	2.19822307692308	4.66677307692308	5.88650513694233	2.38232338054144e-07	1.35651882638913e-05	6.82629261562529	PPFIBP1
ENSG00000168016	2.51528076923077	0.077701923076923	5.88571294013531	2.38935617939767e-07	1.35652183326216e-05	6.8234825978442	TRANK1
ENSG00000162407	2.15404615384615	1.99824230769231	5.88484448872572	2.39708959366465e-07	1.35692142013222e-05	6.82040218353423	PLPP3
ENSG00000108474	1.20922692307692	2.83162884615385	5.88139516870253	2.42805105214367e-07	1.37042893156518e-05	6.80816828504724	PIGL
ENSG00000174796	1.48109615384615	1.85490961538462	5.88039665439622	2.43708760744205e-07	1.37151901126688e-05	6.80462706903681	THAP6
ENSG00000165359	2.44813461538462	0.905621153846154	5.879539125517	2.4448748584689e-07	1.37190172654143e-05	6.80158595307868	INTS6L
ENSG00000169439	2.72512307692308	4.33536923076923	5.87483262529244	2.48805615737214e-07	1.39052277381567e-05	6.78489656006897	SDC2
ENSG00000183054	2.08274615384615	1.12770384615385	5.87376750815269	2.49793287460774e-07	1.39052277381567e-05	6.78111999990343	RGPD6
ENSG00000121989	1.56969230769231	1.19430769230769	5.87269865508533	2.50788331529594e-07	1.39052277381567e-05	6.77733033377088	ACVR2A
ENSG00000179941	2.00286153846154	1.52734230769231	5.87156084994579	2.51851885253007e-07	1.39052277381567e-05	6.77329634973275	BBS10
ENSG00000177694	2.67155384615385	-0.607511538461538	5.87074477627547	2.52617456207975e-07	1.39052277381567e-05	6.77040313355238	NAALADL2
ENSG00000121964	1.37893076923077	3.23727307692308	5.87056129950624	2.52789895981312e-07	1.39052277381567e-05	6.76975266688784	GTDC1
ENSG00000170903	1.95389230769231	2.03462307692308	5.87049895403173	2.52848517644563e-07	1.39052277381567e-05	6.7695316390194	MSANTD4
ENSG00000110422	1.71166923076923	2.60513461538462	5.86965269121298	2.53645568850007e-07	1.39094329986127e-05	6.76653150617949	HIPK3
ENSG00000109689	1.76920769230769	3.3915	5.86686783874814	2.56286106902291e-07	1.39640516769014e-05	6.75665939804551	STIM2
ENSG00000108848	1.6005	5.20380384615385	5.86612359639917	2.569963851801e-07	1.39640516769014e-05	6.75402127340294	LUC7L3
ENSG00000106415	1.99796153846154	0.749557692307693	5.8659585143415	2.57154197877665e-07	1.39640516769014e-05	6.75343611439245	GLCCI1
ENSG00000055917	1.36075384615385	4.05512692307692	5.865341825097	2.57744581686743e-07	1.39640516769014e-05	6.75125019343024	PUM2
ENSG00000058091	2.60094230769231	-0.443728846153846	5.86480600603225	2.58258635893581e-07	1.39640516769014e-05	6.74935096379579	CDK14
ENSG00000126858	1.52976923076923	3.28528461538462	5.86374759367087	2.5927704480234e-07	1.39799575302222e-05	6.74559948853521	RHOT1
ENSG00000139372	1.30976923076923	2.61839230769231	5.86064842811798	2.62282030820703e-07	1.41025906432647e-05	6.7346154949838	TDG
ENSG00000141068	1.87096153846154	1.88906538461538	5.85846495355986	2.64419861129674e-07	1.41780460538503e-05	6.72687759205356	KSR1
ENSG00000165288	1.71564615384615	0.192980769230769	5.8573731199409	2.65495340898891e-07	1.41962785744357e-05	6.72300852254152	BRWD3
ENSG00000196646	1.83854615384615	0.910515384615385	5.85555435517544	2.67296501041982e-07	1.42531059657828e-05	6.71656379911942	ZNF136
ENSG00000188766	2.2555	-0.747896153846154	5.8541644557999	2.68681108666238e-07	1.42874695332903e-05	6.71163902321347	SPRED3
ENSG00000113532	1.91792307692308	-0.728119230769231	5.85028553318461	2.72582988984196e-07	1.44551358141811e-05	6.69789627226028	ST8SIA4
ENSG00000143127	3.53242307692308	0.58276923076923	5.84817291970181	2.74731682033912e-07	1.45291661871249e-05	6.69041222745427	ITGA10
ENSG00000150527	1.08891923076923	2.71081730769231	5.84681431322099	2.76122353607722e-07	1.45628136384969e-05	6.68559958979064	MIA2
ENSG00000166471	1.2649	2.49588846153846	5.84271411656654	2.80361771364715e-07	1.47199083394663e-05	6.67107674005099	TMEM41B
ENSG00000159579	1.73194230769231	2.88653269230769	5.84188734566989	2.81224400073417e-07	1.47199083394663e-05	6.66814858510103	RSPRY1
ENSG00000138449	2.29885384615385	1.40511153846154	5.84173015541252	2.81388705240795e-07	1.47199083394663e-05	6.66759187789742	SLC40A1
ENSG00000176907	1.72615384615385	0.0586615384615384	5.84078898885844	2.8237446435972e-07	1.47315521230694e-05	6.66425869498023	TCIM
ENSG00000145439	1.48883461538462	2.58295576923077	5.83615763790099	2.87275341664013e-07	1.494683536426e-05	6.64785820307122	CBR4
ENSG00000083223	1.34075	2.20516346153846	5.83515047833614	2.88352224734845e-07	1.496253493026e-05	6.64429202215277	TUT7
ENSG00000126785	1.81050384615385	3.75765192307692	5.83368802119384	2.89923052125248e-07	1.49773360577758e-05	6.63911394065292	RHOJ
ENSG00000144134	1.27676153846154	2.10688461538462	5.83269482122216	2.90994683083031e-07	1.49773360577758e-05	6.63559750104367	RABL2A
ENSG00000155893	1.69635	1.718425	5.83249504000283	2.91210714463344e-07	1.49773360577758e-05	6.63489018785676	PXYLP1
ENSG00000174485	1.42633461538462	1.52792115384615	5.83200517773458	2.9174109504863e-07	1.49773360577758e-05	6.6331558821007	DENND4A
ENSG00000084093	1.76715769230769	1.56586346153846	5.82909869716621	2.94907733279301e-07	1.50985629794426e-05	6.62286642690261	REST
ENSG00000145632	1.98331153846154	4.78910192307692	5.82840656232795	2.95666829313025e-07	1.50985629794426e-05	6.6204163071178	PLK2
ENSG00000132669	2.27145384615385	1.84562692307692	5.82412319444147	3.00407863000946e-07	1.5268660461239e-05	6.605254789073	RIN2
ENSG00000005889	1.57232307692308	1.85288076923077	5.82396915889085	3.00579753161209e-07	1.5268660461239e-05	6.60470960498755	ZFX
ENSG00000106829	2.73008461538462	1.29221153846154	5.82147001390986	3.03382239788421e-07	1.53705705371021e-05	6.59586471128398	TLE4
ENSG00000090989	1.48066923076923	3.31672307692308	5.81888421255286	3.06309161789242e-07	1.54403588175313e-05	6.58671397716457	EXOC1
ENSG00000092758	3.29205769230769	3.62920576923077	5.81883995564529	3.06359499928223e-07	1.54403588175313e-05	6.58655736664981	COL9A3
ENSG00000112773	2.01093846153846	1.63786153846154	5.81784060630513	3.07498352724872e-07	1.54573976631463e-05	6.58302106853308	TENT5A
ENSG00000183340	1.71031538461539	1.82094615384615	5.81627512686497	3.09290804259232e-07	1.55071179080934e-05	6.57748172294822	JRKL
ENSG00000147654	1.47794615384616	3.37783076923077	5.81485025629812	3.10931260622494e-07	1.55489795953264e-05	6.57244018968732	EBAG9
ENSG00000176714	2.05084615384615	0.165030769230769	5.80996583678186	3.16620421268347e-07	1.5792568454116e-05	6.55515995303016	CCDC121
ENSG00000100941	1.41996923076923	4.15951538461539	5.80764753511109	3.19356662447763e-07	1.58879939567762e-05	6.54695929181906	PNN
ENSG00000156172	1.79573846153846	-0.544723076923077	5.8067028239517	3.2047839327093e-07	1.58938066095528e-05	6.5436177129857	CFAP418
ENSG00000143384	1.33729615384615	6.03343653846154	5.8061637141074	3.2112027030646e-07	1.58938066095528e-05	6.5417108566526	MCL1
ENSG00000108599	1.59874230769231	2.17220576923077	5.80495568707984	3.22563205690742e-07	1.59243927351621e-05	6.53743814805905	AKAP10
ENSG00000165899	3.80098846153847	-5.107725	5.80128454838756	3.26987769568504e-07	1.61016451938287e-05	6.52445476103883	OTOGL
ENSG00000134899	1.20457692307692	4.22737307692308	5.80043531521973	3.28019825378676e-07	1.61113656215893e-05	6.52145160722121	ERCC5
ENSG00000026950	1.74391153846154	3.93263653846154	5.79755911246573	3.31539254029805e-07	1.62428990368968e-05	6.51128116336904	BTN3A1
ENSG00000184351	-5.72158076923077	-0.0652096153846154	-5.79633845589611	3.3304418098541e-07	1.62721869339821e-05	6.50696517152742	KRTAP19-1
ENSG00000177707	3.40078846153846	-0.442901923076923	5.79518148524969	3.34476838497172e-07	1.62721869339821e-05	6.50287454234481	NECTIN3
ENSG00000134294	1.89705384615385	4.83673461538461	5.79502907398124	3.34666021488417e-07	1.62721869339821e-05	6.50233568453196	SLC38A2
ENSG00000124222	1.29037692307692	4.25269615384616	5.79359365556906	3.36452967991134e-07	1.631796894757e-05	6.49726084078918	STX16
ENSG00000137462	2.29478461538462	0.794615384615385	5.79115581751424	3.39509511615954e-07	1.64210293752829e-05	6.48864262434342	TLR2
ENSG00000147606	3.74673076923077	-4.90559230769231	5.79043960055279	3.40412717016465e-07	1.64210293752829e-05	6.48611081287672	SLC26A7
ENSG00000167842	1.48594230769231	2.59429423076923	5.78987213916643	3.41130020177611e-07	1.64210293752829e-05	6.48410489767822	MIS12
ENSG00000158301	1.95358846153846	1.21134807692308	5.78792158887357	3.43607066126808e-07	1.64950933327453e-05	6.47721023891646	GPRASP2
ENSG00000182919	1.53396538461538	2.33667115384615	5.78731759916595	3.44377693265107e-07	1.64950933327453e-05	6.47507540442381	C11orf54
ENSG00000166266	1.53792692307692	1.90757884615385	5.78658879052286	3.45309856408214e-07	1.64988023719004e-05	6.47249945551352	CUL5
ENSG00000164808	1.46852307692308	4.11756923076923	5.78219097247244	3.50988062179551e-07	1.67286976895108e-05	6.4569570290123	SPIDR
ENSG00000243943	1.35318076923077	3.52736730769231	5.77963285717446	3.54333406523033e-07	1.68465461726949e-05	6.44791753073494	ZNF512
ENSG00000096093	1.51870769230769	2.28685769230769	5.77839408705387	3.55964727036222e-07	1.6882523651057e-05	6.44354046020204	EFHC1
ENSG00000101347	2.21022307692308	3.1852	5.77630581262452	3.58731610505668e-07	1.69720496999777e-05	6.43616221916805	SAMHD1
ENSG00000188501	3.12608076923077	-1.10605576923077	5.77530342274374	3.60067296791963e-07	1.69935917603307e-05	6.43262080835573	LCTL
ENSG00000134900	1.42657692307692	3.72039230769231	5.77460217556652	3.61004637873433e-07	1.69962744509046e-05	6.43014340560883	TPP2
ENSG00000121864	1.65401153846154	3.04117115384615	5.77232260508109	3.64068421754677e-07	1.70389880588316e-05	6.4220904791836	ZNF639
ENSG00000121022	1.29793846153846	5.08653076923077	5.77207984396436	3.64396210947645e-07	1.70389880588316e-05	6.42123293039085	COPS5
ENSG00000127951	3.14706153846154	1.17392692307692	5.77159160682448	3.65056340742497e-07	1.70389880588316e-05	6.41950826663605	FGL2
ENSG00000143153	2.57717307692308	3.79901730769231	5.77130623447378	3.65442732029026e-07	1.70389880588316e-05	6.41850022360964	ATP1B1
ENSG00000152952	2.67554615384615	2.62693461538462	5.76981065753438	3.67474363652249e-07	1.70566378625929e-05	6.41321746112389	PLOD2
ENSG00000065559	1.37973846153846	2.75259230769231	5.76972685939774	3.67588527733442e-07	1.70566378625929e-05	6.41292147353017	MAP2K4
ENSG00000164949	2.10927307692308	1.86499423076923	5.7684680020868	3.6930779211117e-07	1.70953196909398e-05	6.4084751154045	GEM
ENSG00000083799	1.7862	2.53970384615385	5.76636763602058	3.72194084952744e-07	1.71703180187808e-05	6.40105697856463	CYLD
ENSG00000164306	1.59145	2.55347884615385	5.76599607391957	3.72707001495578e-07	1.71703180187808e-05	6.39974474674272	PRIMPOL
ENSG00000172795	1.3214	2.11486153846154	5.76406695064489	3.75381303422977e-07	1.72523459523184e-05	6.39293203754868	DCP2
ENSG00000198718	1.89472307692308	1.62708461538462	5.76322370956542	3.76556232690163e-07	1.72652374337725e-05	6.38995428665368	TOGARAM1
ENSG00000115966	1.61668846153846	3.00458653846154	5.76185228256592	3.78474894655371e-07	1.72654595382048e-05	6.38511155174131	ATF2
ENSG00000136560	1.65350384615384	3.64398653846154	5.76106633935487	3.79578811592425e-07	1.72654595382048e-05	6.38233637257993	TANK
ENSG00000144182	1.45415384615385	1.97781538461539	5.76058835290008	3.80251739033457e-07	1.72654595382048e-05	6.38064863542774	LIPT1
ENSG00000101665	1.81281538461539	2.22977307692308	5.7600816558053	3.80966376808359e-07	1.72654595382048e-05	6.3788595571495	SMAD7
ENSG00000084676	1.41658076923077	2.34048269230769	5.75970698644161	3.81495660166434e-07	1.72654595382048e-05	6.37753667338654	NCOA1
ENSG00000120337	3.38449615384616	-4.71908269230769	5.75940150500951	3.81927742983654e-07	1.72654595382048e-05	6.37645809282563	TNFSF18
ENSG00000121690	2.39493846153846	0.349361538461538	5.75833311983991	3.83442717527458e-07	1.72911442567844e-05	6.37268598553935	DEPDC7
ENSG00000154727	1.81546153846154	2.06131153846154	5.75773920613437	3.84287462371679e-07	1.72911442567844e-05	6.37058914450645	GABPA
ENSG00000154678	3.56620384615385	-4.04915576923077	5.75545118901234	3.87559057322003e-07	1.73977964732247e-05	6.362511642365	PDE1C
ENSG00000188554	1.39215	4.97036346153846	5.75373439577424	3.9003197278298e-07	1.74681836905565e-05	6.35645123353035	NBR1
ENSG00000108733	1.69751538461538	1.74056923076923	5.75224958623595	3.9218333287574e-07	1.75163414996949e-05	6.35121007201957	PEX12
ENSG00000144357	1.56887307692308	2.43575961538462	5.75174154943539	3.92922129688021e-07	1.75163414996949e-05	6.34941684589546	UBR3
ENSG00000156466	3.47416923076924	-6.69716153846154	5.74564796464877	4.01891695302857e-07	1.78512254969451e-05	6.32791099716185	GDF6
ENSG00000198707	2.17606923076923	0.609803846153846	5.74538470446073	4.02283743002183e-07	1.78512254969451e-05	6.32698199928145	CEP290
ENSG00000114127	2.01487692307692	1.27222307692308	5.74281692821992	4.06127602836704e-07	1.79474094601498e-05	6.31792128343935	XRN1
ENSG00000186376	1.80150769230769	0.892188461538461	5.74229235038601	4.06917338679923e-07	1.79474094601498e-05	6.31607035850344	ZNF75D
ENSG00000151892	4.05262307692308	-1.22410769230769	5.74198511007626	4.07380585643151e-07	1.79474094601498e-05	6.31498630694246	GFRA1
ENSG00000141425	1.48795384615385	3.48705769230769	5.74146209318967	4.08170375226946e-07	1.79474094601498e-05	6.31314095018135	RPRD1A
ENSG00000137269	2.02169615384615	1.93863269230769	5.74045782491308	4.09691139812314e-07	1.79733365268116e-05	6.30959770441789	LRRC1
ENSG00000121741	1.79073076923077	3.50113076923077	5.73952024646191	4.11115980543778e-07	1.79949473297881e-05	6.30628987972515	ZMYM2
ENSG00000133103	1.91240384615385	2.28321730769231	5.73841938204098	4.12795232903515e-07	1.80077043836687e-05	6.30240613037742	COG6
ENSG00000021574	1.77272307692308	1.35503461538462	5.73754508546065	4.14133718446022e-07	1.80077043836687e-05	6.29932181233001	SPAST
ENSG00000111817	2.09778846153846	0.475901923076923	5.73749787229848	4.1420612062109e-07	1.80077043836687e-05	6.29915525815013	DSE
ENSG00000023287	1.95138461538462	2.67628461538462	5.7353905128394	4.17450591272991e-07	1.80455016978249e-05	6.29172143004219	RB1CC1
ENSG00000150961	1.68431153846154	3.25609807692308	5.73524181244399	4.17680477340917e-07	1.80455016978249e-05	6.29119690457965	SEC24D
ENSG00000182359	1.79886923076923	0.954430769230769	5.7343663842239	4.19036405470378e-07	1.80455016978249e-05	6.28810898372656	KBTBD3
ENSG00000123901	3.9007576923077	-5.409175	5.73405584061805	4.19518445181106e-07	1.80455016978249e-05	6.28701362095792	GPR83
ENSG00000198399	1.32317692307692	3.02354230769231	5.73390692502549	4.19749793416741e-07	1.80455016978249e-05	6.28648836426965	ITSN2
ENSG00000164946	4.14577692307692	-1.68430769230769	5.73102825591948	4.24246868553066e-07	1.81983051192885e-05	6.27633530316427	FREM1
ENSG00000130413	4.71768461538462	-4.87661153846154	5.72972970700321	4.26291055091155e-07	1.82454462004979e-05	6.27175570451194	STK33
ENSG00000152404	1.64809230769231	1.21062692307692	5.72838434696796	4.28419220420933e-07	1.82594223003579e-05	6.26701126724299	CWF19L2
ENSG00000090905	1.44168076923077	2.86614423076923	5.72832744028671	4.28509470137394e-07	1.82594223003579e-05	6.26681059039124	TNRC6A
ENSG00000133961	1.28322307692308	4.21131153846154	5.72731428887192	4.30119407253108e-07	1.82876540048606e-05	6.26323786953436	NUMB
ENSG00000134758	1.76435	2.66305192307692	5.72636327813509	4.31636049995111e-07	1.83118036770454e-05	6.25988440987535	RNF138
ENSG00000176731	1.19315	5.80400576923077	5.72530265116287	4.33333752735874e-07	1.83435119058346e-05	6.25614457143968	RBIS
ENSG00000135324	4.43304615384615	-2.34268846153846	5.72405198334229	4.353441437266e-07	1.83882888541675e-05	6.25173484112265	MRAP2
ENSG00000134901	2.26127692307692	1.53208461538462	5.72288205416245	4.37233110992626e-07	1.84057296483302e-05	6.24760998756208	POGLUT2
ENSG00000197619	1.74664230769231	0.487532692307692	5.72261582990554	4.37664088928332e-07	1.84057296483302e-05	6.246671379975	ZNF615
ENSG00000000971	2.08907692307692	2.37338076923077	5.7219037549348	4.38818902105125e-07	1.84141766681201e-05	6.24416091815938	CFH
ENSG00000104369	4.02511923076923	-2.06940961538462	5.72085843795178	4.40519621158876e-07	1.84454452217566e-05	6.24047572242718	JPH1
ENSG00000182050	4.80183846153847	-6.8818	5.7185340035513	4.4432487976969e-07	1.85304797201707e-05	6.23228163894169	MGAT4C
ENSG00000084234	1.37508846153846	6.59361346153846	5.71844550528689	4.44470398924469e-07	1.85304797201707e-05	6.23196968051311	APLP2
ENSG00000135643	2.85707692307692	-1.4356	5.71426547856118	4.51397708598056e-07	1.87787283816127e-05	6.21723625973103	KCNMB4
ENSG00000008086	1.85753846153846	-0.660496153846154	5.71252740871842	4.54309478585357e-07	1.88415127153076e-05	6.21111078494033	CDKL5
ENSG00000176597	2.45414615384615	0.516288461538461	5.71171167448177	4.55682474632226e-07	1.88415127153076e-05	6.20823604384949	B3GNT5
ENSG00000154734	2.25199230769231	2.71794230769231	5.7116210997842	4.55835177850523e-07	1.88415127153076e-05	6.20791685408773	ADAMTS1
ENSG00000140836	1.74450769230769	0.152711538461538	5.71098634991422	4.56906748746371e-07	1.88454507928444e-05	6.20567999675284	ZFHX3
ENSG00000135407	2.06972692307692	0.123851923076923	5.7095882324322	4.59275825575083e-07	1.89027745438717e-05	6.20075323685634	AVIL
ENSG00000066422	1.68969615384615	1.43809038461538	5.70871770135515	4.60757059761868e-07	1.89233904778369e-05	6.19768575516561	ZBTB11
ENSG00000187944	3.88851538461539	-3.97633846153846	5.70691877664002	4.63832986077676e-07	1.89927894251796e-05	6.19134724650811	C2orf66
ENSG00000254004	1.73285769230769	1.13584423076923	5.70657990602707	4.6441468210562e-07	1.89927894251796e-05	6.19015328839765	ZNF260
ENSG00000167635	1.49593461538462	4.29910192307692	5.70541999278057	4.66411230279112e-07	1.90140408884585e-05	6.18606663868395	ZNF146
ENSG00000172007	1.88735384615385	0.406857692307692	5.70480064896939	4.67480779142626e-07	1.90140408884585e-05	6.18388462265274	RAB33B
ENSG00000068305	1.81471538461539	3.09888461538462	5.70452740326	4.67953420613374e-07	1.90140408884585e-05	6.18292196566122	MEF2A
ENSG00000071054	1.3026923076923	5.20028461538462	5.70399571894756	4.68874447645768e-07	1.90140408884585e-05	6.18104884858838	MAP4K4
ENSG00000166261	1.19561153846154	1.631625	5.70233135705177	4.71769210068944e-07	1.90913229810499e-05	6.17518558606602	ZNF202
ENSG00000114439	1.95790384615385	2.29086730769231	5.70087029972183	4.74324952471681e-07	1.91545911246043e-05	6.17003886006123	BBX
ENSG00000136110	3.15312692307693	-8.12312884615385	5.69937104873366	4.76961754780676e-07	1.92208616963077e-05	6.16475791339978	CNMD
ENSG00000115421	1.42848076923077	1.352225	5.69836967121695	4.78731002251265e-07	1.92519677842837e-05	6.16123085228372	PAPOLG
ENSG00000105767	2.55004230769231	3.57598269230769	5.69639095182276	4.82246157147932e-07	1.93530095040053e-05	6.15426181543066	CADM4
ENSG00000165322	1.63567692307692	3.14280384615385	5.69483450471405	4.85029098667153e-07	1.94243084887387e-05	6.14878041762589	ARHGAP12
ENSG00000253797	1.94071923076923	1.71351730769231	5.69324490044183	4.87887736289098e-07	1.94983374194378e-05	6.14318261200914	UTP14C
ENSG00000129292	1.78943846153846	3.04036538461538	5.69221965581254	4.8974030900814e-07	1.9514279781181e-05	6.1395723987386	PHF20L1
ENSG00000067900	1.96918461538462	2.07379230769231	5.69190595817998	4.90308537215604e-07	1.9514279781181e-05	6.13846779989341	ROCK1
ENSG00000135315	1.75388461538462	0.736511538461538	5.69054245528884	4.92785963852225e-07	1.95324777433514e-05	6.13366677068169	CEP162
ENSG00000115524	1.18029615384615	6.45233653846154	5.69054048714508	4.92789548827235e-07	1.95324777433514e-05	6.1336598408476	SF3B1
ENSG00000109458	1.72517307692308	2.13262115384615	5.68877238530354	4.96020599779934e-07	1.95615454616536e-05	6.12743458248534	GAB1
ENSG00000036054	1.61324230769231	2.939225	5.68855105876852	4.96426528684493e-07	1.95615454616536e-05	6.12665535243925	TBC1D23
ENSG00000136870	1.52729615384615	1.98649038461538	5.68847664248327	4.96563087406634e-07	1.95615454616536e-05	6.12639335470863	ZNF189
ENSG00000003436	1.76253846153846	0.815484615384616	5.68638788715959	5.00411297016417e-07	1.96729923957391e-05	6.11903979497817	TFPI
ENSG00000118094	3.61338846153847	-6.649225	5.68529119050164	5.02443596068525e-07	1.97127413311194e-05	6.1151790790428	TREH
ENSG00000177981	1.19614230769231	3.35379807692308	5.68355987236544	5.05668560860448e-07	1.9781572695309e-05	6.10908465504128	ASB8
ENSG00000197329	1.70771923076923	2.393275	5.682528931214	5.07598642630769e-07	1.97942961589934e-05	6.10545584122559	PELI1
ENSG00000122641	2.45755	-0.278975	5.68149275749265	5.09545868485165e-07	1.98301691519539e-05	6.10180876641019	INHBA
ENSG00000138439	1.58011923076923	0.715309615384615	5.68044242970493	5.11527239712785e-07	1.98672239601124e-05	6.09811203371627	FAM117B
ENSG00000150433	1.19671538461539	3.80803461538462	5.67811657054853	5.15941997243464e-07	1.99984505477723e-05	6.08992651938468	TMEM218
ENSG00000122257	1.18125769230769	3.92368269230769	5.67559912013143	5.20762927518999e-07	2.01301764658117e-05	6.08106762620663	RBBP6
ENSG00000168564	1.78083461538462	2.32527884615385	5.67525461706342	5.214261116358e-07	2.01301764658117e-05	6.07985539466607	CDKN2AIP
ENSG00000125962	1.67695769230769	2.209025	5.67264454334951	5.26477856011576e-07	2.02846348395039e-05	6.07067168135976	ARMCX5
ENSG00000135968	1.88889230769231	1.80375	5.671128719286	5.29433907929669e-07	2.03578938740367e-05	6.06533861890909	GCC2
ENSG00000169045	1.46015	6.96256730769231	5.66251185251526	5.4655270654614e-07	2.09743675834198e-05	6.03502872762422	HNRNPH1
ENSG00000079134	1.34732307692308	3.54681153846154	5.66197380069871	5.47639622612241e-07	2.09743802287383e-05	6.03313649328797	THOC1
ENSG00000138078	1.61586153846154	3.37412692307692	5.6606974384221	5.50226560367769e-07	2.10317292965922e-05	6.02864792289171	PREPL
ENSG00000048392	1.68535	2.70284038461538	5.65901828133045	5.53648314452136e-07	2.11206984463826e-05	6.02274321906582	RRM2B
ENSG00000123106	1.72299230769231	3.09734230769231	5.65777659312552	5.56192139303003e-07	2.1151440007166e-05	6.01837713249619	CCDC91
ENSG00000164164	1.51886923076923	2.68912307692308	5.65755580292246	5.56645678062495e-07	2.1151440007166e-05	6.01760080306287	OTUD4
ENSG00000269226	3.52873461538462	-3.09951346153846	5.65700996484718	5.57768489205303e-07	2.11524659079174e-05	6.01568159092557	TMSB15C
ENSG00000131115	1.46919230769231	2.27475	5.65444812781586	5.63068311374305e-07	2.12892745126533e-05	6.00667455593508	ZNF227
ENSG00000075292	1.26484230769231	5.06844423076923	5.65420119132632	5.63581789150176e-07	2.12892745126533e-05	6.00580641634727	ZNF638
ENSG00000156735	1.73446923076923	2.03897692307692	5.65358868623544	5.64857428489117e-07	2.12957869963387e-05	6.00365310905257	BAG4
ENSG00000203880	1.87791923076923	4.04543269230769	5.6524063401193	5.67327939417585e-07	2.13472343364087e-05	5.99949664280331	PCMTD2
ENSG00000143971	1.89860384615385	1.30546730769231	5.6476574492816	5.77358927103448e-07	2.16824112254433e-05	5.98280432712	ETAA1
ENSG00000116285	2.18011923076923	2.40275576923077	5.6454378774405	5.82107276367373e-07	2.18182849625619e-05	5.97500371710775	ERRFI1
ENSG00000174720	1.58123846153846	4.02576923076923	5.64480396915127	5.83470482109285e-07	2.18269975119293e-05	5.97277600484184	LARP7
ENSG00000196459	1.21993846153846	2.14292307692308	5.64038042621015	5.93071551290286e-07	2.21432498153895e-05	5.95723226571544	TRAPPC2
ENSG00000123609	2.18963076923077	2.71055	5.63838729081094	5.97448477454152e-07	2.22209152177109e-05	5.9502296262072	NMI
ENSG00000164941	1.3575	3.82570769230769	5.63808159219769	5.98122612891742e-07	2.22209152177109e-05	5.94915564471953	INTS8
ENSG00000131171	1.23876538461538	5.76464807692308	5.63786297002257	5.98605186406758e-07	2.22209152177109e-05	5.94838758922864	SH3BGRL
ENSG00000136158	2.10509615384616	4.873475	5.63717878560798	6.00117904951733e-07	2.22343107855726e-05	5.94598398446327	SPRY2
ENSG00000109270	1.16443076923077	4.57226153846154	5.6345783318494	6.05902046649911e-07	2.24056076752552e-05	5.9368489954611	LAMTOR3
ENSG00000170160	4.29800384615385	-3.56859423076923	5.63274772755896	6.1000687584662e-07	2.25142690716392e-05	5.9304189875914	CCDC144A
ENSG00000181690	2.84848461538462	-0.977792307692308	5.6318155970859	6.12107585459563e-07	2.25486884010037e-05	5.92714507115037	PLAG1
ENSG00000136869	2.11368076923077	-0.183332692307692	5.63050272753195	6.15078498973064e-07	2.2614971934623e-05	5.92253411288012	TLR4
ENSG00000110367	1.25939615384615	4.114775	5.62779633200317	6.21247937035652e-07	2.27461977596999e-05	5.913029755751	DDX6
ENSG00000033867	2.12798076923077	1.59379038461538	5.6276430033457	6.21599288356344e-07	2.27461977596999e-05	5.91249132774029	SLC4A7
ENSG00000136603	1.62506923076923	1.42508076923077	5.62738859900705	6.2218268751601e-07	2.27461977596999e-05	5.91159797093788	SKIL
ENSG00000172845	1.72546923076923	3.61602692307692	5.62620858389081	6.24895785868692e-07	2.28021991580782e-05	5.90745440398968	SP3
ENSG00000088854	1.40914615384615	1.98614230769231	5.62485026364227	6.28033338750243e-07	2.28387882038901e-05	5.90268499246194	DNAAF9
ENSG00000163539	1.80941153846154	3.27668653846154	5.62475030006653	6.28264857082611e-07	2.28387882038901e-05	5.90233400588319	CLASP2
ENSG00000152749	2.09101923076923	1.53594423076923	5.62239825792664	6.33736682632599e-07	2.2994396964017e-05	5.89407609035029	GPR180
ENSG00000035115	1.29789230769231	3.14693076923077	5.62072577287803	6.37656233532403e-07	2.30303680838198e-05	5.88820458926522	SH3YL1
ENSG00000155330	1.7648	1.34388076923077	5.62071219068556	6.37688162039567e-07	2.30303680838198e-05	5.88815690878073	C16orf87
ENSG00000149294	4.43281153846154	-0.122467307692308	5.62025670896502	6.38759807711691e-07	2.30303680838198e-05	5.88655795008956	NCAM1
ENSG00000151414	2.08635	3.02398653846154	5.61994235290611	6.39500455521287e-07	2.30303680838198e-05	5.88545442869006	NEK7
ENSG00000145715	1.83708846153846	2.816525	5.61417238317479	6.53246868463217e-07	2.34379633865158e-05	5.86520213947038	RASA1
ENSG00000181450	1.83375384615385	-0.260065384615385	5.61363062076108	6.54552480883475e-07	2.3441236620582e-05	5.86330084747953	ZNF678
ENSG00000104497	1.61196153846154	1.29361923076923	5.6130887770745	6.55860871130572e-07	2.34445970285804e-05	5.86139931593799	SNX16
ENSG00000060749	1.73588846153846	1.81063269230769	5.61244729124851	6.57413212303812e-07	2.34566492367846e-05	5.85914816205065	QSER1
ENSG00000145687	2.15226923076923	2.72556923076923	5.61143059731164	6.59880973741408e-07	2.35012591072517e-05	5.85558042882992	SSBP2
ENSG00000164463	1.73736153846154	1.37063076923077	5.6100387732528	6.63274131687986e-07	2.35786014069488e-05	5.85069656838684	CREBRF
ENSG00000110060	1.15639615384615	2.69309423076923	5.6068592090172	6.71090547899344e-07	2.37521119547635e-05	5.83954072671793	PUS3
ENSG00000139350	1.73834230769231	1.99235961538462	5.60611845111538	6.72924621810469e-07	2.37521119547635e-05	5.83694192530055	NEDD1
ENSG00000168769	2.15434230769231	-0.0915788461538461	5.60561905756669	6.74163888712796e-07	2.37521119547635e-05	5.83518995107128	TET2
ENSG00000197385	4.44798076923077	-2.89832884615385	5.60495894482573	6.7580545221189e-07	2.37521119547635e-05	5.83287420113836	ZNF860
ENSG00000072415	1.73212692307692	1.91754423076923	5.6043197167806	6.77398847836367e-07	2.37521119547635e-05	5.83063178214952	PALS1
ENSG00000137965	2.4485	3.50109230769231	5.60403101493823	6.78119708912144e-07	2.37521119547635e-05	5.829619033921	IFI44
ENSG00000147027	2.78428076923077	-1.12222115384615	5.60355290818258	6.79315165253687e-07	2.37521119547635e-05	5.82794189370553	TMEM47
ENSG00000166263	1.72728846153846	-0.111155769230769	5.60349210608517	6.79467343924233e-07	2.37521119547635e-05	5.82772860992987	STXBP4
ENSG00000126804	1.67255769230769	2.79231346153846	5.60325205973668	6.80068473921533e-07	2.37521119547635e-05	5.82688657241398	ZBTB1
ENSG00000015479	1.85227692307692	6.04715	5.60297141721337	6.80771932921693e-07	2.37521119547635e-05	5.82590214260528	MATR3
ENSG00000170325	1.49964230769231	0.211436538461539	5.60260542463443	6.81690412005334e-07	2.37521119547635e-05	5.82461834288887	PRDM10
ENSG00000186318	1.46326923076923	3.18581538461539	5.60074488708153	6.8637852367452e-07	2.38723687252059e-05	5.81809242228826	BACE1
ENSG00000101751	1.75095384615385	2.37547692307692	5.59542391621085	6.99962844672338e-07	2.43010481847305e-05	5.79943188082228	POLI
ENSG00000133704	1.58653461538461	3.28946730769231	5.59493108389805	7.01234409288621e-07	2.43014861804278e-05	5.79770375344755	IPO8
ENSG00000197857	1.61531538461538	1.19288461538462	5.59145532987791	7.10267366607356e-07	2.45704139383903e-05	5.78551703597302	ZNF44
ENSG00000166341	1.82610384615385	0.665817307692308	5.590090459044	7.13845843510855e-07	2.45927604355024e-05	5.78073203773206	DCHS1
ENSG00000188488	4.19778846153846	-0.213698076923077	5.58999789655308	7.14089172451486e-07	2.45927604355024e-05	5.7804075405375	SERPINA5
ENSG00000104043	2.00830384615385	-1.67919423076923	5.58975219932536	7.14735461032837e-07	2.45927604355024e-05	5.77954620404954	ATP8B4
ENSG00000176566	3.15651923076923	-7.672775	5.58665558085961	7.22930651061019e-07	2.47706929961477e-05	5.76869126449529	DCAF4L2
ENSG00000087502	1.70563076923077	4.8447	5.58639011081585	7.23637526443781e-07	2.47706929961477e-05	5.76776075218494	ERGIC2
ENSG00000121310	2.16596153846154	3.14386153846154	5.58632358278498	7.23814779802821e-07	2.47706929961477e-05	5.76752756321812	ECHDC2
ENSG00000163510	1.59415384615385	2.48168461538462	5.58586427253909	7.25039711072033e-07	2.47706929961477e-05	5.76591764328375	CWC22
ENSG00000005700	1.46818076923077	2.63694038461538	5.58521860955895	7.26765092464288e-07	2.4774503109043e-05	5.76365459858159	IBTK
ENSG00000137492	1.62921538461539	3.12888076923077	5.58486261474321	7.27718140331937e-07	2.4774503109043e-05	5.7624068673771	THAP12
ENSG00000149313	1.46775	3.69697115384615	5.58218145220601	7.34935807171859e-07	2.49761723342225e-05	5.75301027243367	AASDHPPT
ENSG00000239305	1.26217692307692	2.87251153846154	5.58084554722433	7.38558431755372e-07	2.50551729493391e-05	5.74832879209113	RNF103
ENSG00000102466	2.96238461538462	-5.63963076923077	5.57899401007342	7.43608530978866e-07	2.51822376727808e-05	5.74184082724222	FGF14
ENSG00000113712	1.39423461538462	5.69658269230769	5.57723451095475	7.48439234100935e-07	2.52716813265767e-05	5.73567588110198	CSNK1A1
ENSG00000120837	1.62369230769231	2.70243846153846	5.57707883247096	7.48868140641448e-07	2.52716813265767e-05	5.7351304375584	NFYB
ENSG00000091879	2.56188076923077	0.308125	5.57652978903448	7.50382739926776e-07	2.52786003993134e-05	5.73320681034505	ANGPT2
ENSG00000180855	1.85361153846154	-0.535948076923077	5.57440978433116	7.56259500092945e-07	2.54321901224636e-05	5.72577962119275	ZNF443
ENSG00000040341	1.60205	3.27244423076923	5.57187578002088	7.63343625665669e-07	2.56257774021294e-05	5.71690298035789	STAU2
ENSG00000085365	1.76343076923077	2.72473846153846	5.5705851368817	7.66976962195087e-07	2.56650296042917e-05	5.71238224264344	SCAMP1
ENSG00000197601	1.77297307692308	2.74586730769231	5.57051600841764	7.67172050027267e-07	2.56650296042917e-05	5.71214011383918	FAR1
ENSG00000117616	1.63081538461538	4.18919615384615	5.56837585731632	7.73236117769179e-07	2.57161083586922e-05	5.7046444190527	RSRP1
ENSG00000155111	1.53305	2.07643269230769	5.56829365983607	7.73469965149147e-07	2.57161083586922e-05	5.70435654420314	CDK19
ENSG00000165338	2.16791538461538	0.192665384615385	5.56784518927204	7.74747071789555e-07	2.57161083586922e-05	5.70278591434877	HECTD2
ENSG00000152219	1.52534615384616	3.12003846153846	5.56779106758297	7.74901334693904e-07	2.57161083586922e-05	5.70259637201945	ARL14EP
ENSG00000134318	1.61736153846154	1.98085	5.56676772545295	7.77823887143197e-07	2.57161083586922e-05	5.69901256241312	ROCK2
ENSG00000197978	2.11932692307692	-0.939521153846154	5.56613995458375	7.79622122683822e-07	2.57161083586922e-05	5.69681415245894	GOLGA6L9
ENSG00000108590	1.07348076923077	3.19535576923077	5.56608549323336	7.79778319640616e-07	2.57161083586922e-05	5.69662343559988	MED31
ENSG00000149231	1.86548076923077	2.88707884615385	5.56566439395194	7.8098709139524e-07	2.57161083586922e-05	5.69514881461802	CCDC82
ENSG00000113916	1.57016538461539	3.07723269230769	5.56530464628466	7.82021219839007e-07	2.57161083586922e-05	5.69388905971002	BCL6
ENSG00000189007	1.46078461538462	1.30585	5.56344299954814	7.87394369366328e-07	2.58487644759834e-05	5.6873703290639	ADAT2
ENSG00000135932	1.53029615384615	3.827925	5.56110245352176	7.94201557693728e-07	2.60279671785434e-05	5.67917548505815	CAB39
ENSG00000120519	1.45241923076923	0.925017307692308	5.55993866896804	7.9760790775333e-07	2.60952973616314e-05	5.67510111192569	SLC10A7
ENSG00000198932	2.06583846153846	-0.656115384615385	5.55946075459062	7.99010924153126e-07	2.60969676293194e-05	5.67342801248886	GPRASP1
ENSG00000173905	1.93467307692308	2.97880961538462	5.5588256134531	8.00879289203368e-07	2.61085877695707e-05	5.67120454558531	GOLIM4
ENSG00000066777	1.48308076923077	3.58151730769231	5.55842098060681	8.02071830666499e-07	2.61085877695707e-05	5.66978806356834	ARFGEF1
ENSG00000101745	1.58717307692308	1.47765192307692	5.55716473717209	8.0578545300433e-07	2.61853141403074e-05	5.6653905523041	ANKRD12
ENSG00000133111	1.63359230769231	0.279376923076923	5.55461552618341	8.13373587579696e-07	2.63505642718228e-05	5.65646776678222	RFXAP
ENSG00000044524	3.13812307692308	-2.76525	5.55370189558377	8.16110317693997e-07	2.63505642718228e-05	5.65327012181586	EPHA3
ENSG00000171659	2.89271538461539	-0.707761538461538	5.55361829024034	8.16361207090605e-07	2.63505642718228e-05	5.65297751561031	GPR34
ENSG00000077684	1.32175384615385	2.60884230769231	5.55314964001067	8.17768981449444e-07	2.63505642718228e-05	5.65133733100598	JADE1
ENSG00000128699	1.02856923076923	4.88439615384615	5.55311853789202	8.17862493716793e-07	2.63505642718228e-05	5.6512284809136	ORMDL1
ENSG00000134897	1.98260384615385	2.12696730769231	5.55272015629468	8.19061211370962e-07	2.63505642718228e-05	5.64983425310869	BIVM
ENSG00000197566	1.86742692307692	-0.160436538461538	5.55081114965606	8.24829500230177e-07	2.6491986427526e-05	5.6431536067105	ZNF624
ENSG00000132294	1.54081538461539	3.11161923076923	5.55020027874442	8.26683787119211e-07	2.65074371142228e-05	5.64101596512584	EFR3A
ENSG00000147044	1.32971923076923	2.64695576923077	5.54932099771951	8.29360065259405e-07	2.65190664710477e-05	5.63793917417166	CASK
ENSG00000168944	1.73504615384615	1.24553461538462	5.54917865085699	8.29794132959272e-07	2.65190664710477e-05	5.63744108420529	CEP120
ENSG00000171608	-1.36936923076923	4.19845384615385	-5.54677625927674	8.37153878050531e-07	2.67100517487759e-05	5.62903530895434	PIK3CD
ENSG00000102158	1.5986	4.09717307692308	5.54626498808319	8.3872846992941e-07	2.67161314439726e-05	5.62724653443444	MAGT1
ENSG00000032742	1.61720384615385	2.41209423076923	5.54484958633655	8.43102854422805e-07	2.68112263573697e-05	5.62229472025208	IFT88
ENSG00000080298	1.54543076923077	-0.467515384615385	5.54376060879252	8.46483750207811e-07	2.68744668260878e-05	5.61848513273977	RFX3
ENSG00000180776	1.96115769230769	3.13693653846154	5.541789813523	8.52636494058346e-07	2.69950875027943e-05	5.61159116500061	ZDHHC20
ENSG00000081923	2.02246923076923	-0.498192307692308	5.54164829486933	8.53080007082035e-07	2.69950875027943e-05	5.61109614835861	ATP8B1
ENSG00000137145	1.85653846153846	1.88810384615385	5.54043809696397	8.56882038175496e-07	2.70199394087484e-05	5.60686314456419	DENND4C
ENSG00000182224	1.17022307692308	2.29249230769231	5.54035819748842	8.57133643861114e-07	2.70199394087484e-05	5.60658368243418	CYB5D1
ENSG00000168538	1.44757692307692	3.10921538461538	5.54006273514896	8.5806469758912e-07	2.70199394087484e-05	5.60555026134771	TRAPPC11
ENSG00000036257	1.13545	4.76870192307692	5.53960382069842	8.59512800365328e-07	2.70214586082279e-05	5.60394517211454	CUL3
ENSG00000133739	2.77419615384615	0.711436538461538	5.53782199690228	8.65158274379472e-07	2.71547157241414e-05	5.5977134338964	LRRCC1
ENSG00000076716	3.28626923076923	0.151896153846154	5.5363132246244	8.69967269136495e-07	2.72613282404899e-05	5.59243707500942	GPC4
ENSG00000148700	2.14721538461538	3.15901538461538	5.53582798374797	8.71519513159179e-07	2.72657069084467e-05	5.59074020920551	ADD3
ENSG00000046651	1.26790384615384	2.98049807692308	5.53340405236994	8.79314552434639e-07	2.74650627923072e-05	5.58226441358881	OFD1
ENSG00000111731	1.59733846153846	2.81398461538462	5.52628136191966	9.02621178792213e-07	2.814749049148e-05	5.55736405401989	C2CD5
ENSG00000091136	1.85421538461539	5.81234615384615	5.52435413264473	9.09031667465279e-07	2.82361588940424e-05	5.55062806843331	LAMB1
ENSG00000129317	1.86648076923077	-0.0253942307692307	5.52421594200914	9.09493052280895e-07	2.82361588940424e-05	5.55014509313348	PUS7L
ENSG00000164117	1.29473461538462	3.07614807692308	5.52410820641078	9.09852915717472e-07	2.82361588940424e-05	5.54976856019122	FBXO8
ENSG00000182220	1.23604230769231	6.29911346153846	5.52290603689575	9.13878017363193e-07	2.82910443847993e-05	5.54556714271415	ATP6AP2
ENSG00000258465	4.91346538461539	-6.15054423076923	5.5227050286416	9.14552748076193e-07	2.82910443847993e-05	5.54486467006583	
ENSG00000111790	1.4614	3.87604230769231	5.52124660869585	9.19463040257292e-07	2.83974321057384e-05	5.53976806661944	FGFR1OP2
ENSG00000012822	1.04196923076923	4.99941923076923	5.51980341195131	9.24347726395642e-07	2.85001413937213e-05	5.53472501343118	CALCOCO1
ENSG00000075407	1.56822307692308	1.15153846153846	5.51939299169008	9.25741524833614e-07	2.85001413937213e-05	5.53329091994127	ZNF37A
ENSG00000164125	2.71978076923077	2.42994038461538	5.51800399902549	9.30474010169069e-07	2.86002226405948e-05	5.5284377015313	GASK1B
ENSG00000164073	1.34405	1.46336730769231	5.51738527375066	9.32589780827657e-07	2.86196828923947e-05	5.52627594507635	MFSD8
ENSG00000134186	1.42951538461538	3.57306153846154	5.51657221761259	9.35377309234899e-07	2.86253890301713e-05	5.52343531638835	PRPF38B
ENSG00000104613	1.20617692307692	4.97636538461538	5.51646613394854	9.35741619335757e-07	2.86253890301713e-05	5.52306469299129	INTS10
ENSG00000112531	2.11988461538461	4.24455	5.51592973733161	9.37585848654358e-07	2.86364234755935e-05	5.52119071870557	QKI
ENSG00000144283	1.02487307692308	3.89098653846154	5.51534340121324	9.39605888730655e-07	2.86527843130614e-05	5.51914232944044	PKP4
ENSG00000169432	3.88944230769231	-4.85969423076923	5.51444204094463	9.42719638809274e-07	2.87023930409076e-05	5.51599350337956	SCN9A
ENSG00000163629	2.23808846153846	1.58584038461538	5.51127090972883	9.5375558262923e-07	2.89508096105256e-05	5.50491651347924	PTPN13
ENSG00000178904	1.58852692307692	2.41235192307692	5.5107834743927	9.55463203302791e-07	2.89508096105256e-05	5.50321401734316	DPY19L3
ENSG00000197841	2.01298461538462	1.45101153846154	5.51045197379949	9.56626267312312e-07	2.89508096105256e-05	5.50205618727106	ZNF181
ENSG00000136104	1.10777307692307	4.13007115384615	5.51029723967125	9.57169628133662e-07	2.89508096105256e-05	5.50151575470125	RNASEH2B
ENSG00000188647	1.79370384615385	2.40190576923077	5.50995348678187	9.58377834591819e-07	2.89508096105256e-05	5.5003151597417	PTAR1
ENSG00000169860	3.00189615384615	-1.39064807692308	5.50874425839802	9.62639961760879e-07	2.90341237216723e-05	5.49609195488977	P2RY1
ENSG00000165494	1.37813846153846	3.52323461538462	5.50590304959569	9.72728127780172e-07	2.92926225437452e-05	5.48617006761194	PCF11
ENSG00000138767	1.4646	1.78834615384615	5.50367904253217	9.80697654535632e-07	2.94866149929927e-05	5.4784044887383	CNOT6L
ENSG00000013441	1.45520769230769	4.75428076923077	5.50294119613353	9.83355887440932e-07	2.95205578464577e-05	5.47582833177303	CLK1
ENSG00000132952	1.59939230769231	2.02624230769231	5.50016860483147	9.93408477254608e-07	2.97760308019343e-05	5.46614878454007	USPL1
ENSG00000198105	1.74331923076923	1.08256730769231	5.49971822742446	9.9505097125824e-07	2.97790215475935e-05	5.46457657069428	ZNF248
ENSG00000151623	2.16509230769231	-1.60588846153846	5.49835123716959	1.00005273742477e-06	2.98823807902638e-05	5.45980478260528	NR3C2
ENSG00000049323	2.05258846153846	1.81635961538462	5.49606418124437	1.00847660020923e-06	3.00569465415191e-05	5.45182201134375	LTBP1
ENSG00000171681	1.14320769230769	3.06233461538462	5.49554594641522	1.01039512544758e-06	3.00569465415191e-05	5.45001328171497	ATF7IP
ENSG00000086712	1.28234230769231	2.10609807692308	5.49549979745559	1.01056614544091e-06	3.00569465415191e-05	5.44985221605325	TXLNG
ENSG00000096654	1.77627692307692	1.35235	5.49464251666846	1.01374828429861e-06	3.01052048181787e-05	5.44686026479511	ZNF184
ENSG00000182580	2.53440384615385	2.28635576923077	5.49170253653368	1.02473657391692e-06	3.03847773983383e-05	5.43660054900717	EPHB3
ENSG00000077943	1.98177307692308	-2.87450961538462	5.48989194551067	1.03156219680451e-06	3.05018954538641e-05	5.4302828262527	ITGA8
ENSG00000061987	1.55960384615385	2.74559807692308	5.48981672225012	1.03184674565473e-06	3.05018954538641e-05	5.43002036077511	MON2
ENSG00000145246	1.81053076923077	1.83032307692308	5.48770309633454	1.03987379003869e-06	3.06880731077318e-05	5.4226459941233	ATP10D
ENSG00000144821	3.56608846153846	-5.45359807692308	5.48695097536198	1.04274502314987e-06	3.06880731077318e-05	5.42002205596096	MYH15
ENSG00000022267	2.0233	1.61448846153846	5.48690668049274	1.04291436350163e-06	3.06880731077318e-05	5.41986752668099	FHL1
ENSG00000151743	1.36721153846154	2.48162884615385	5.48588201985559	1.04683925887049e-06	3.07099778483597e-05	5.41629293910245	AMN1
ENSG00000119707	1.22076538461538	4.41275576923077	5.4858184130701	1.04708338100051e-06	3.07099778483597e-05	5.41607104913925	RBM25
ENSG00000056097	1.65888846153846	4.04322115384615	5.48546739101168	1.04843161177377e-06	3.07099778483597e-05	5.41484653397647	ZFR
ENSG00000145425	1.32055	10.061975	5.48473176183264	1.05126263532662e-06	3.07462464389543e-05	5.4122804135361	RPS3A
ENSG00000135473	1.28840384615385	3.55005576923077	5.48088210722055	1.06620142854262e-06	3.11359851363966e-05	5.39885305623051	PAN2
ENSG00000261115	3.48210384615385	-1.04575961538462	5.4795878980962	1.07127063225781e-06	3.12367628617409e-05	5.39433951069046	TMEM178B
ENSG00000167528	1.31210384615385	1.66799807692308	5.47802708376323	1.07741576636667e-06	3.13599136276679e-05	5.38889656744191	ZNF641
ENSG00000147862	1.79189615384615	1.33549038461539	5.47736571998597	1.08003013631444e-06	3.13599136276679e-05	5.3865903568482	NFIB
ENSG00000147647	3.66547692307693	-3.48105	5.47728037750472	1.08036795121997e-06	3.13599136276679e-05	5.38629276861697	DPYS
ENSG00000145348	1.23318076923077	2.63156346153846	5.4764060766469	1.08383475297528e-06	3.14133066616844e-05	5.38324416462433	TBCK
ENSG00000126226	1.20262307692308	4.19005	5.47521844596878	1.08856158856092e-06	3.14593809606192e-05	5.37910322205823	PCID2
ENSG00000157107	1.74826153846154	1.39852307692308	5.47500878694692	1.08939815540707e-06	3.14593809606192e-05	5.37837222399446	FCHO2
ENSG00000092140	1.91646153846154	0.992615384615384	5.47474918208173	1.09043489283302e-06	3.14593809606192e-05	5.37746709512822	G2E3
ENSG00000162928	1.27533461538462	2.18293653846154	5.4743718553921	1.09194349290861e-06	3.14593809606192e-05	5.37615154254061	PEX13
ENSG00000117152	2.41563846153846	-0.734180769230769	5.47272994507055	1.09853210146104e-06	3.1601031488946e-05	5.37042729732022	RGS4
ENSG00000075420	1.66669615384615	2.90144423076923	5.47228710651145	1.10031582520684e-06	3.1601031488946e-05	5.36888349528206	FNDC3B
ENSG00000068885	1.83201923076923	2.28655961538462	5.47192625044559	1.10177144444183e-06	3.1601031488946e-05	5.36762552185791	IFT80
ENSG00000124209	1.20869615384615	2.57018653846154	5.46911710384483	1.11316819838268e-06	3.18805426311288e-05	5.35783338636269	RAB22A
ENSG00000083642	2.05166538461539	2.70305576923077	5.46849190408445	1.11572044415675e-06	3.19062988645299e-05	5.35565424976587	PDS5B
ENSG00000102471	2.04082307692308	3.20366923076923	5.46755696689947	1.11954791676975e-06	3.196277768572e-05	5.35239564946353	NDFIP2
ENSG00000107036	1.46840769230769	1.73021923076923	5.46720135754995	1.1210071228945e-06	3.196277768572e-05	5.3511562600894	RIC1
ENSG00000114857	1.73119615384615	2.71645576923077	5.46476509458166	1.13105472567165e-06	3.21261602716859e-05	5.34266585700744	NKTR
ENSG00000003096	3.54845	-2.20396346153846	5.46469257690225	1.13135516149498e-06	3.21261602716859e-05	5.34241314803831	KLHL13
ENSG00000089335	1.77244615384615	2.52111538461538	5.46407268446911	1.13392655283685e-06	3.21261602716859e-05	5.34025298998701	ZNF302
ENSG00000158711	1.32324615384615	2.33861153846154	5.46353241651159	1.13617235964813e-06	3.21261602716859e-05	5.33837035673906	ELK4
ENSG00000203965	1.80175384615385	1.15997692307692	5.46349119433691	1.13634389387662e-06	3.21261602716859e-05	5.33822671486747	EFCAB7
ENSG00000152818	1.98657692307692	2.69379615384615	5.46340006914192	1.13672317596029e-06	3.21261602716859e-05	5.33790918310115	UTRN
ENSG00000164329	1.5566	3.21238846153846	5.46224015506762	1.14156192043628e-06	3.22157452488033e-05	5.33386751318319	TENT2
ENSG00000154447	2.12242692307692	1.33701730769231	5.46146484744841	1.14480756392276e-06	3.22601757757678e-05	5.33116611940767	SH3RF1
ENSG00000146373	2.58392692307692	-0.804040384615384	5.46016959588107	1.15025017646476e-06	3.23662961462088e-05	5.32665332771474	RNF217
ENSG00000109046	1.68927692307692	4.35971153846154	5.45729311964373	1.16242862421111e-06	3.2550077831908e-05	5.31663244012913	WSB1
ENSG00000151320	2.58171538461538	0.539838461538462	5.45726862165594	1.16253288901366e-06	3.2550077831908e-05	5.31654710183554	AKAP6
ENSG00000137628	2.6638	2.14317692307692	5.45723280352102	1.16268534962009e-06	3.2550077831908e-05	5.3164223302064	DDX60
ENSG00000102595	1.65759615384615	2.64611346153846	5.45703525194659	1.16352658674903e-06	3.2550077831908e-05	5.31573416801558	UGGT2
ENSG00000129534	1.93983461538462	1.95248653846154	5.45450479910265	1.17435537213706e-06	3.28054728630416e-05	5.30692005624417	MIS18BP1
ENSG00000132824	1.25239230769231	5.28482692307692	5.4522547946388	1.18406757793319e-06	3.30289833191393e-05	5.29908375670293	SERINC3
ENSG00000196466	1.77872692307692	-0.175348076923077	5.45145628919107	1.18753338661805e-06	3.30633115404865e-05	5.29630294295533	ZNF799
ENSG00000125629	1.71792307692308	2.57532692307692	5.45118252258481	1.18872393975536e-06	3.30633115404865e-05	5.29534957038858	INSIG2
ENSG00000165516	1.33106153846154	3.92930384615384	5.45038565415135	1.19219606590406e-06	3.31017811326931e-05	5.29257460880941	KLHDC2
ENSG00000115232	3.08996153846154	-0.210665384615385	5.44966326993174	1.19535230315027e-06	3.31017811326931e-05	5.29005912335984	ITGA4
ENSG00000164066	2.14099615384615	-0.357032692307692	5.44952980476497	1.1959363409917e-06	3.31017811326931e-05	5.28959438124601	INTU
ENSG00000213463	1.30896538461539	2.47526730769231	5.44929456141248	1.19696644203594e-06	3.31017811326931e-05	5.28877524267295	SYNJ2BP
ENSG00000177119	1.66901923076923	3.28388269230769	5.44872042589283	1.1994841898682e-06	3.31239532432415e-05	5.28677609222599	ANO6
ENSG00000083828	1.15822692307692	1.25569807692308	5.44784436063527	1.20333606859186e-06	3.31828516171838e-05	5.28372572962166	ZNF586
ENSG00000107779	1.65766538461539	1.37184423076923	5.4473539422615	1.20549766812617e-06	3.3195037785791e-05	5.28201820643469	BMPR1A
ENSG00000159917	1.55373846153846	0.299492307692308	5.4463429026675	1.20996610079844e-06	3.32706205750888e-05	5.2784981356107	ZNF235
ENSG00000134970	1.63286153846154	3.97069615384616	5.44548172724232	1.21378508527077e-06	3.33281557624207e-05	5.27549998044774	TMED7
ENSG00000114166	2.20833076923077	3.52912307692308	5.44367444269728	1.22183845067774e-06	3.35016301327164e-05	5.26920840525262	KAT2B
ENSG00000122862	1.9991	4.83448846153846	5.44285363196316	1.22551343494971e-06	3.35547316806161e-05	5.26635116549838	SRGN
ENSG00000066654	1.44588846153846	2.99539038461538	5.44232535006492	1.22788446266549e-06	3.35720308538695e-05	5.26451228128567	THUMPD1
ENSG00000170949	1.42961153846154	2.22463653846154	5.44013030934964	1.23778482773305e-06	3.37733280221652e-05	5.25687214823004	ZNF160
ENSG00000254685	1.74628846153846	1.96472115384615	5.43991810381955	1.23874611405963e-06	3.37733280221652e-05	5.25613358408063	FPGT
ENSG00000082269	1.64424230769231	0.820148076923077	5.43855119055415	1.24495589444375e-06	3.38220408122685e-05	5.25137634613248	FAM135A
ENSG00000164171	2.95452692307692	0.0599211538461538	5.43807552698596	1.24712399884484e-06	3.38220408122685e-05	5.24972098311918	ITGA2
ENSG00000162630	3.27385384615385	-3.54980384615385	5.43805118291241	1.24723506090275e-06	3.38220408122685e-05	5.2496362640788	B3GALT2
ENSG00000151572	4.7122076923077	-1.61126538461538	5.43798403043509	1.24754147325987e-06	3.38220408122685e-05	5.24940256941619	ANO4
ENSG00000109618	1.72731538461538	0.642296153846154	5.43746724898946	1.24990200177643e-06	3.38385109961997e-05	5.24760416588496	SEPSECS
ENSG00000115239	1.33493846153846	2.41628076923077	5.43551187949295	1.25887362625025e-06	3.40072599645858e-05	5.24079989733867	ASB3
ENSG00000142065	1.67088076923077	-0.178705769230769	5.4349932630823	1.26126379228219e-06	3.40072599645858e-05	5.23899533787623	ZFP14
ENSG00000186088	2.09925384615385	1.92935	5.43488843853541	1.26174744507862e-06	3.40072599645858e-05	5.2386305999212	GSAP
ENSG00000109083	1.24673076923077	4.27375384615385	5.43457771689875	1.2631821682955e-06	3.40072599645858e-05	5.23754945276779	IFT20
ENSG00000185246	1.62164615384615	2.71703076923077	5.43369115656663	1.26728462549948e-06	3.40319906744039e-05	5.23446478637548	PRPF39
ENSG00000094975	1.74048846153846	2.85139807692308	5.43361732601536	1.26762686084528e-06	3.40319906744039e-05	5.23420790935256	SUCO
ENSG00000113851	1.57036923076923	3.29108461538462	5.43241631044867	1.27320690276607e-06	3.41343233945742e-05	5.23002937963007	CRBN
ENSG00000106993	1.53994615384616	1.83427692307692	5.43138729301442	1.27800711220898e-06	3.4215494156685e-05	5.22644946573079	CDC37L1
ENSG00000273259	6.65718076923077	3.21710192307692	5.46560530681671	1.28214652404173e-06	3.42787733429053e-05	5.23541469545345	
ENSG00000183715	3.88873461538462	-7.02964423076923	5.42938749314905	1.28738704213309e-06	3.43712753448063e-05	5.21949278014568	OPCML
ENSG00000111727	1.78259230769231	0.888769230769231	5.428808478642	1.29011553965799e-06	3.43965473232296e-05	5.21747870207119	HCFC2
ENSG00000243244	2.2439	1.10682307692308	5.42821639392923	1.29291153290861e-06	3.44235466479103e-05	5.21541922229644	STON1
ENSG00000151458	1.85774615384615	2.36601923076923	5.42616668788107	1.30263711969312e-06	3.46347166961933e-05	5.20829010889111	ANKRD50
ENSG00000164190	1.24782692307692	3.75247115384615	5.42457367147274	1.31024562941422e-06	3.47890940640752e-05	5.20274993838548	NIPBL
ENSG00000156162	1.82862692307692	2.43004807692308	5.42303069255088	1.31765698000261e-06	3.49378196222396e-05	5.19738422490551	DPY19L4
ENSG00000174106	1.6108	2.05934230769231	5.42264798083733	1.31950164660005e-06	3.49387383872712e-05	5.19605341053054	LEMD3
ENSG00000132958	3.3198	-5.61703846153846	5.42096237337916	1.32765665056489e-06	3.51065155148685e-05	5.19019231523885	TPTE2
ENSG00000146350	2.29205	-0.842867307692308	5.41967426628035	1.3339220652023e-06	3.52050138668064e-05	5.18571373198647	TBC1D32
ENSG00000086205	2.71701153846154	-0.309294230769231	5.41944725559135	1.33502927785848e-06	3.52050138668064e-05	5.18492447611733	FOLH1
ENSG00000151617	1.84929230769231	-0.596880769230769	5.41852847547221	1.33951977401088e-06	3.52752390146413e-05	5.18173021721774	EDNRA
ENSG00000150681	3.33039615384615	-3.04458269230769	5.41812469329581	1.34149795500762e-06	3.52792030320327e-05	5.18032646430805	RGS18
ENSG00000146757	1.77987692307692	0.888730769230769	5.4174656926826	1.34473268088208e-06	3.53161563796828e-05	5.17803550548133	ZNF92
ENSG00000188629	2.01816153846154	-0.343107692307692	5.41685999804814	1.34771254366218e-06	3.53463250411834e-05	5.17592992990319	ZNF177
ENSG00000034677	1.73778461538462	3.61034230769231	5.41621358635956	1.35089991559744e-06	3.53603267313139e-05	5.17368288325899	RNF19A
ENSG00000165813	1.96191153846154	-0.0293173076923076	5.41600902626386	1.35191012421435e-06	3.53603267313139e-05	5.17297181034531	CCDC186
ENSG00000173575	1.02666538461538	3.847025	5.41499938442769	1.35690711966362e-06	3.54371097772865e-05	5.16946229817936	CHD2
ENSG00000174373	1.20474615384615	2.38822692307692	5.41453145818686	1.35922919525716e-06	3.54371097772865e-05	5.16783585082637	RALGAPA1
ENSG00000174579	1.31603461538462	2.40914423076923	5.41430523559797	1.36035322721697e-06	3.54371097772865e-05	5.16704954647491	MSL2
ENSG00000078177	2.08406538461538	-0.672401923076923	5.41344807531184	1.36462053101733e-06	3.55003640299563e-05	5.16407031381942	N4BP2
ENSG00000204370	1.36414615384615	5.38746538461539	5.41306525922023	1.36653061682245e-06	3.5502207936102e-05	5.16273980290078	SDHD
ENSG00000126653	1.26661153846154	3.82870192307692	5.41006304408818	1.38160216852131e-06	3.58455197029125e-05	5.15230626793037	NSRP1
ENSG00000186106	1.46720769230769	2.21474230769231	5.4094801461273	1.38454736678233e-06	3.58737151959723e-05	5.15028072577778	ANKRD46
ENSG00000115904	1.53007307692308	2.39825961538462	5.40847558299942	1.38963765755282e-06	3.59573400854452e-05	5.14679006341666	SOS1
ENSG00000136147	1.53794230769231	3.28020576923077	5.40784646466832	1.39283490976401e-06	3.59918236454815e-05	5.14460409305022	PHF11
ENSG00000147121	1.43938461538462	2.44975	5.40695028125661	1.39740196186913e-06	3.60615642646521e-05	5.14149028827955	KRBOX4
ENSG00000002822	-1.43958461538462	7.25658076923077	-5.40609354820146	1.40178179092989e-06	3.61262936052333e-05	5.1385136920074	MAD1L1
ENSG00000146215	4.22784615384616	-3.95485769230769	5.4049142738151	1.40783270276833e-06	3.6233859548716e-05	5.13441669216059	CRIP3
ENSG00000172260	2.68905384615385	-1.0052	5.40290720560982	1.41819040408433e-06	3.64518367111051e-05	5.12744438253154	NEGR1
ENSG00000104375	1.55267307692308	2.95479807692308	5.40157941914263	1.42508390245607e-06	3.65803119270073e-05	5.12283222137109	STK3
ENSG00000154188	3.53806923076923	-1.48254615384615	5.40050653684056	1.43067816188386e-06	3.66751401843879e-05	5.11910572488871	ANGPT1
ENSG00000107290	1.26368461538462	3.3081	5.39875750869539	1.43984451454948e-06	3.68611653373324e-05	5.11303119111122	SETX
ENSG00000153914	1.77386923076923	3.46822307692308	5.39635158497543	1.45254832890244e-06	3.71371395931175e-05	5.10467612067789	SREK1
ENSG00000085719	1.42728461538461	3.99983461538462	5.39486636050086	1.46044581048773e-06	3.72574546449496e-05	5.09951890327076	CPNE3
ENSG00000188906	2.86880769230769	-0.037526923076923	5.39474096924047	1.4611144985871e-06	3.72574546449496e-05	5.09908351973922	LRRK2
ENSG00000162927	1.69419615384615	0.612201923076923	5.3942336240845	1.46382316174737e-06	3.72739027495084e-05	5.09732194557564	PUS10
ENSG00000138081	1.3791	3.83451153846154	5.39348413060445	1.46783370154987e-06	3.72739027495084e-05	5.0947196852812	FBXO11
ENSG00000163001	1.37305769230769	3.94362115384615	5.39335121336088	1.46854607314884e-06	3.72739027495084e-05	5.09425820410405	CFAP36
ENSG00000112715	2.17506538461538	4.34400192307692	5.39285330841843	1.47121763555808e-06	3.72739027495084e-05	5.09252953527616	VEGFA
ENSG00000176142	1.35179230769231	3.03436538461539	5.39281665558606	1.47141448972312e-06	3.72739027495084e-05	5.09240228266133	TMEM39A
ENSG00000170234	1.4183	1.91092307692308	5.39166030652903	1.47763834817817e-06	3.7347504039634e-05	5.08838775636665	PWWP2A
ENSG00000065534	1.99987692307692	2.58620384615385	5.3915581270103	1.47818956049735e-06	3.7347504039634e-05	5.08803302905569	MYLK
ENSG00000240303	1.44262692307692	2.20851730769231	5.39104639043532	1.48095320300524e-06	3.73540196763156e-05	5.08625650899743	ACAD11
ENSG00000160551	1.42824615384615	2.39503846153846	5.39079407263834	1.48231772636677e-06	3.73540196763156e-05	5.08538059254819	TAOK1
ENSG00000197961	1.28636538461539	1.91832884615385	5.38937818190897	1.48999785151049e-06	3.74986030348201e-05	5.08046557375833	ZNF121
ENSG00000139620	1.17517307692308	3.75974038461538	5.3885846365615	1.49431938922381e-06	3.7558394752848e-05	5.07771108157644	KANSL2
ENSG00000119681	1.79483076923077	1.87800384615385	5.38690506844743	1.50350692683594e-06	3.76884917896326e-05	5.07188148267227	LTBP2
ENSG00000196338	2.44474230769231	-0.146663461538462	5.38673288811776	1.5044519288357e-06	3.76884917896326e-05	5.0712838930405	NLGN3
ENSG00000116044	1.46032692307692	5.43895961538461	5.38635278092519	1.506540201763e-06	3.76884917896326e-05	5.06996466710794	NFE2L2
ENSG00000165806	1.66298846153846	2.67044807692308	5.3860095379348	1.50842840428337e-06	3.76884917896326e-05	5.06877340768206	CASP7
ENSG00000138764	1.98075384615385	2.83202692307692	5.38560291657665	1.51066827808072e-06	3.76884917896326e-05	5.06736221560561	CCNG2
ENSG00000100852	1.65542307692308	3.85838461538462	5.38550460652107	1.51121031161869e-06	3.76884917896326e-05	5.06702103211802	ARHGAP5
ENSG00000139505	1.89956538461539	1.98970192307692	5.3849144962654	1.51446792724985e-06	3.77209992254244e-05	5.0649731016561	MTMR6
ENSG00000185561	1.4698	0.0816692307692308	5.38359011043822	1.52180425474838e-06	3.7854880836866e-05	5.06037716266498	TLCD2
ENSG00000047932	1.54283076923077	2.44037307692308	5.38259164381118	1.52735835840035e-06	3.79441420749061e-05	5.05691245824168	GOPC
ENSG00000187210	2.55643461538462	-0.845751923076923	5.37879986631225	1.54863346912785e-06	3.83873946050352e-05	5.04375658987745	GCNT1
ENSG00000146426	1.67950384615385	1.682175	5.37870351618482	1.54917786858636e-06	3.83873946050352e-05	5.04342233058942	TIAM2
ENSG00000156687	3.20101923076924	-7.28304807692308	5.37821480293765	1.55194211608788e-06	3.84065880344159e-05	5.04172690610885	UNC5D
ENSG00000153250	1.3056	4.05030769230769	5.37743875134115	1.55634160463736e-06	3.84386167715699e-05	5.0390347507563	RBMS1
ENSG00000078018	2.60113461538462	2.25537115384615	5.37728424176999	1.55721899784322e-06	3.84386167715699e-05	5.03849876407062	MAP2
ENSG00000171433	3.55879230769232	-8.18640384615385	5.37566572083722	1.56643926956382e-06	3.86154984798298e-05	5.03288445727588	GLOD5
ENSG00000127914	1.63778076923077	3.31923653846154	5.37532523282655	1.56838578501718e-06	3.86154984798298e-05	5.031703438897	AKAP9
ENSG00000180376	1.42171153846154	1.62225192307692	5.37426878534207	1.57444053202992e-06	3.87151918341063e-05	5.02803917840667	CCDC66
ENSG00000138398	1.75803461538461	3.52757115384615	5.37354191322078	1.57861979518388e-06	3.87422809395416e-05	5.02551816309445	PPIG
ENSG00000181381	1.94973076923077	2.10395769230769	5.37337929491219	1.57955629173803e-06	3.87422809395416e-05	5.02495416653637	DDX60L
ENSG00000215301	1.41804615384615	5.38188076923077	5.37258941223543	1.58411292261505e-06	3.87763441391269e-05	5.02221474793716	DDX3X
ENSG00000125845	2.41208461538462	-2.28032307692308	5.37244234842399	1.58496272733622e-06	3.87763441391269e-05	5.02170472394689	BMP2
ENSG00000187801	1.66998076923077	-0.128882692307692	5.37168845260044	1.58932616569545e-06	3.88009529002057e-05	5.0190902427666	ZFP69B
ENSG00000182400	1.43858846153846	2.65867884615385	5.37157414477195	1.58998879677059e-06	3.88009529002057e-05	5.01869383702602	TRAPPC6B
ENSG00000169946	2.13548846153846	-2.56831346153846	5.37113800635232	1.59251955314692e-06	3.88136425939331e-05	5.01718138425078	ZFPM2
ENSG00000197208	2.20848846153846	-0.606363461538462	5.36887730683245	1.60570142935305e-06	3.90654834215907e-05	5.00934224221091	SLC22A4
ENSG00000104320	1.64232692307692	3.19545961538462	5.368525135832	1.60776456753668e-06	3.90654834215907e-05	5.00812115000004	NBN
ENSG00000147789	1.20715384615385	3.46182692307692	5.36832742589948	1.60892396623139e-06	3.90654834215907e-05	5.00743563515098	ZNF7
ENSG00000174501	2.37409615384615	-1.28658269230769	5.36680583497714	1.61787443886405e-06	3.92334551424533e-05	5.00216010656795	ANKRD36C
ENSG00000182923	1.44166538461539	3.21949423076923	5.36544350318273	1.62592977708892e-06	3.93706487254568e-05	4.99743711822344	CEP63
ENSG00000113649	1.24238461538461	4.03249615384615	5.36515998997989	1.62761113209939e-06	3.93706487254568e-05	4.99645426696503	TCERG1
ENSG00000198900	1.39289230769231	4.48103846153846	5.36435226134942	1.63241072203996e-06	3.94373268680067e-05	4.99365420870056	TOP1
ENSG00000144645	2.64302307692308	2.43148461538462	5.36370534812767	1.63626480304952e-06	3.9481024366581e-05	4.99141171934451	OSBPL10
ENSG00000113593	1.38678461538462	3.10596538461538	5.35921789478448	1.66324774594311e-06	4.00712569146607e-05	4.97585838870158	PPWD1
ENSG00000129353	1.37506923076923	5.28269615384615	5.35894900960522	1.66487841504211e-06	4.00712569146607e-05	4.97492656485436	SLC44A2
ENSG00000134504	1.26213846153846	3.76960384615385	5.35793416074136	1.67104724707819e-06	4.01696450938359e-05	4.97140972127161	KCTD1
ENSG00000066739	1.66146923076923	1.74423846153846	5.35678523859783	1.67805827495872e-06	4.02880085591146e-05	4.96742849809752	ATG2B
ENSG00000091317	1.42555	4.03131730769231	5.35484856827625	1.68994210314267e-06	4.05229222570968e-05	4.96071815311918	CMTM6
ENSG00000136866	2.74695384615385	-1.38645769230769	5.35340287941369	1.69886725417326e-06	4.06479919318528e-05	4.95570946917679	ZFP37
ENSG00000157315	1.56905384615385	-1.5614	5.35332174864098	1.69936950158033e-06	4.06479919318528e-05	4.95542839809171	TMED6
ENSG00000080200	1.69675	1.31619038461538	5.35143021241719	1.71112084053358e-06	4.08784227534896e-05	4.94887567764279	CRYBG3
ENSG00000118412	1.89226538461538	0.403440384615385	5.34995845611405	1.72031968554667e-06	4.10473805810968e-05	4.94377764463619	CASP8AP2
ENSG00000081154	1.49068846153846	5.21011346153846	5.3494568774805	1.72346581102309e-06	4.10716796915787e-05	4.942040315381	PCNP
ENSG00000138036	1.32778846153846	3.14679038461538	5.34869137744931	1.72827831523308e-06	4.11355811577608e-05	4.93938892832509	DYNC2LI1
ENSG00000112309	2.44058846153846	-4.39076730769231	5.3479916889733	1.73268867468855e-06	4.11421241173633e-05	4.93696558430857	B3GAT2
ENSG00000114841	1.67196538461539	-0.0955788461538462	5.34760665116194	1.73512042519601e-06	4.11421241173633e-05	4.93563206067722	DNAH1
ENSG00000144642	2.30191923076923	0.885659615384615	5.34747877248237	1.73592880226244e-06	4.11421241173633e-05	4.93518917735726	RBMS3
ENSG00000153774	1.12372307692308	5.33285769230769	5.34729696093024	1.73707875230022e-06	4.11421241173633e-05	4.93455951324994	CFDP1
ENSG00000163785	1.56554615384615	3.84715	5.34614172388753	1.74440315446046e-06	4.12649682482234e-05	4.93055875310665	RYK
ENSG00000178202	1.91375769230769	2.78350192307692	5.34457900476379	1.75435956761255e-06	4.14308550104373e-05	4.92514722803462	POGLUT3
ENSG00000149346	1.39272307692308	0.425038461538461	5.34436796939218	1.75570840794372e-06	4.14308550104373e-05	4.92441647156276	SLX4IP
ENSG00000169062	1.21729615384615	4.40609423076923	5.34363435338736	1.76040530642876e-06	4.14909690231922e-05	4.92187623099976	UPF3A
ENSG00000166037	1.57618461538462	3.30755	5.34104081828955	1.77710972829355e-06	4.18335964454273e-05	4.91289660799859	CEP57
ENSG00000198042	1.54744230769231	2.39444038461539	5.33928602020138	1.78850061137182e-06	4.20504595631062e-05	4.90682168634405	MAK16
ENSG00000105339	1.34924230769231	1.44524807692308	5.33756403723617	1.79974849160723e-06	4.22120840018157e-05	4.90086094358561	DENND3
ENSG00000132530	2.68256923076923	2.80904230769231	5.33656242007842	1.80632305828829e-06	4.2271526241246e-05	4.89739405133298	XAF1
ENSG00000169504	1.85998461538462	5.49819230769231	5.33651078181075	1.80666265083292e-06	4.2271526241246e-05	4.89721532131221	CLIC4
ENSG00000184898	2.38431153846154	1.00624038461538	5.33570086588046	1.81199720830598e-06	4.23360385979861e-05	4.89441211314215	RBM43
ENSG00000154144	1.01175	3.45435192307692	5.33542672847849	1.81380634722761e-06	4.23360385979861e-05	4.89346332211017	TBRG1
ENSG00000123066	1.46020384615385	2.17258269230769	5.3346692471421	1.81881452877842e-06	4.24016628611231e-05	4.89084175056959	MED13L
ENSG00000096872	1.78415769230769	1.61354038461538	5.33377046091426	1.8247746622598e-06	4.24892946991566e-05	4.88773127993968	IFT74
ENSG00000151702	1.48658461538462	1.27793461538462	5.33297347411124	1.83007584529277e-06	4.25613904116704e-05	4.88497324189439	FLI1
ENSG00000123505	1.53069615384615	4.90079038461538	5.33063618750326	1.8457101382505e-06	4.27735874875375e-05	4.87688557923825	AMD1
ENSG00000198825	1.48168076923077	4.27561730769231	5.33048718744868	1.84671126626494e-06	4.27735874875375e-05	4.87637003342634	INPP5F
ENSG00000115365	1.51408461538462	3.68042307692308	5.33020066814401	1.84863788854719e-06	4.27735874875375e-05	4.87537867791225	LANCL1
ENSG00000153162	2.03591538461538	-1.43146538461538	5.32995676398295	1.85027951883613e-06	4.27735874875375e-05	4.8745347831443	BMP6
ENSG00000171604	1.82202692307692	4.90186346153846	5.32855387919532	1.85974978554117e-06	4.29410886486857e-05	4.86968110420156	CXXC5
ENSG00000178913	1.33384615384615	5.12648461538462	5.32807036505559	1.86302484579643e-06	4.29653149323876e-05	4.86800833800362	TAF7
ENSG00000105497	1.62972307692308	0.396611538461539	5.32690032656804	1.87097360383108e-06	4.30971401846675e-05	4.86396065905454	ZNF175
ENSG00000112763	1.33539615384616	3.71492115384615	5.32628245933317	1.87518462535959e-06	4.30987163552409e-05	4.86182329121406	BTN2A1
ENSG00000113384	1.30959230769231	4.60057692307692	5.32594663962968	1.87747729577852e-06	4.30987163552409e-05	4.86066163226778	GOLPH3
ENSG00000158636	1.39672307692308	1.75338076923077	5.32590814607548	1.87774027118881e-06	4.30987163552409e-05	4.86052847774844	EMSY
ENSG00000213995	1.06538846153846	4.23574038461539	5.32478820524551	1.8854072671749e-06	4.32232974801391e-05	4.85665457394768	NAXD
ENSG00000162613	1.30784230769231	4.96995576923077	5.32445041475786	1.88772579997413e-06	4.32251140176756e-05	4.8554861959701	FUBP1
ENSG00000171055	1.38532307692308	4.02865384615385	5.32389608795895	1.89153669426599e-06	4.3261057831062e-05	4.85356889223234	FEZ2
ENSG00000119900	1.66572692307692	0.870455769230769	5.3230889685235	1.89709906253884e-06	4.32953605390827e-05	4.85077733714383	OGFRL1
ENSG00000132680	1.33207692307692	3.74978461538462	5.32281717875093	1.89897576558105e-06	4.32953605390827e-05	4.8498373361558	KHDC4
ENSG00000087338	1.71300384615385	1.94294423076923	5.32270290923998	1.8997653409627e-06	4.32953605390827e-05	4.84944213259887	GMCL1
ENSG00000164754	1.73845	5.20051346153846	5.32230972173086	1.90248464866467e-06	4.33062042136487e-05	4.84808230460302	RAD21
ENSG00000089682	1.83036153846154	0.897315384615385	5.32131153516583	1.90940542142977e-06	4.33809469769728e-05	4.844630239713	RBM41
ENSG00000127081	1.98697307692308	-0.638755769230769	5.32118810784388	1.91026290889638e-06	4.33809469769728e-05	4.84420340002004	ZNF484
ENSG00000089048	1.75480769230769	2.33843461538462	5.32074180672289	1.9133666704467e-06	4.34003492948295e-05	4.84266001425786	ESF1
ENSG00000145864	2.95108461538462	-7.94219230769231	5.32041909637156	1.91561402886571e-06	4.34003492948295e-05	4.84154405077645	GABRB2
ENSG00000109920	1.37127307692308	3.96535576923077	5.31960470362973	1.92129705035147e-06	4.34780738135221e-05	4.83872789263242	FNBP4
ENSG00000156531	1.84280384615385	2.05916346153846	5.31771466255109	1.93455034971272e-06	4.37267276352512e-05	4.83219265771523	PHF6
ENSG00000160961	1.1407	2.09185769230769	5.31636271508895	1.9440857161864e-06	4.38908614965452e-05	4.82751842907718	ZNF333
ENSG00000119041	1.2015	3.04700769230769	5.31589255922667	1.94741260435071e-06	4.39104320059731e-05	4.82589299414388	GTF3C3
ENSG00000274349	1.76312307692308	-0.0112	5.31559766778561	1.94950216179448e-06	4.39104320059731e-05	4.82487350996673	ZNF658
ENSG00000069509	1.09406538461538	3.79825961538462	5.31461465617579	1.95648362118012e-06	4.40163209086713e-05	4.82147521367842	FUNDC1
ENSG00000145241	1.63931153846154	1.46273653846154	5.31183016729866	1.97639349376188e-06	4.44124838301345e-05	4.81185019315703	CENPC
ENSG00000170035	1.37184230769231	5.74173269230769	5.31027408146158	1.98760683520492e-06	4.4612528767396e-05	4.80647200274217	UBE2E3
ENSG00000118873	1.51006923076923	2.60203461538462	5.30916059994087	1.99566920352991e-06	4.47387151794072e-05	4.80262384686307	RAB3GAP2
ENSG00000116991	1.60745769230769	3.12496730769231	5.30864550999796	1.99940970914297e-06	4.47387151794072e-05	4.80084379533236	SIPA1L2
ENSG00000139318	1.68876153846154	6.17603461538461	5.30818575564858	2.00275421499383e-06	4.47387151794072e-05	4.79925501706563	DUSP6
ENSG00000048028	1.60641923076923	1.99752115384615	5.30798955257143	2.00418318304117e-06	4.47387151794072e-05	4.79857700856262	USP28
ENSG00000067167	1.34371923076923	5.97368269230769	5.30790252789342	2.00481731493484e-06	4.47387151794072e-05	4.79827628445459	TRAM1
ENSG00000115760	1.17216153846154	3.49470384615385	5.3075794263786	2.00717342428122e-06	4.47395711419173e-05	4.79715978185856	BIRC6
ENSG00000198040	1.38264230769231	2.14521730769231	5.30567617533588	2.02110776148552e-06	4.49028506138922e-05	4.79058336640283	ZNF84
ENSG00000164758	1.33031923076923	2.44797884615385	5.30556007531565	2.02196084876449e-06	4.49028506138922e-05	4.79018222228263	MED30
ENSG00000198001	1.47032307692308	2.12664230769231	5.30554766487688	2.02205205999743e-06	4.49028506138922e-05	4.7901393423911	IRAK4
ENSG00000124383	1.44312307692308	3.44456923076923	5.3053094588234	2.02380355561758e-06	4.49028506138922e-05	4.78931631132678	MPHOSPH10
ENSG00000104331	1.49407307692308	3.95881346153846	5.30450526209559	2.02972775956678e-06	4.49316887621436e-05	4.78653779595729	BPNT2
ENSG00000163848	1.92308076923077	1.27091346153846	5.30439737974433	2.03052378658474e-06	4.49316887621436e-05	4.7861650700449	ZNF148
ENSG00000147679	1.48231153846154	2.32375192307692	5.30418572266681	2.0320864264286e-06	4.49316887621436e-05	4.7854338164533	UTP23
ENSG00000148943	1.50538846153846	2.01137884615385	5.30304319973551	2.04054204127087e-06	4.50670286300361e-05	4.78148666921805	LIN7C
ENSG00000185989	1.49650769230769	4.11741538461539	5.30235727386087	2.04563511741132e-06	4.50934182576782e-05	4.77911708106581	RASA3
ENSG00000080345	1.72902692307692	1.48302884615385	5.30225318600325	2.04640907598436e-06	4.50934182576782e-05	4.7787575090096	RIF1
ENSG00000168385	1.42235384615385	6.67907307692308	5.30177074895164	2.05000007064026e-06	4.51210391830888e-05	4.77709095564288	SEPTIN2
ENSG00000166164	1.15256538461538	4.896125	5.3011051677637	2.05496449050148e-06	4.51787922097382e-05	4.77479181610732	BRD7
ENSG00000168158	3.23882692307693	-6.9757826923077	5.30035324093237	2.06058720517437e-06	4.52508701040738e-05	4.77219451540507	OR2C1
ENSG00000053900	1.45750384615385	2.92484807692308	5.29935851900514	2.06804879309268e-06	4.53144853078848e-05	4.76875872555515	ANAPC4
ENSG00000044459	1.62395	0.607082692307692	5.2993411762607	2.06817912014953e-06	4.53144853078848e-05	4.76869882510074	CNTLN
ENSG00000125676	1.45907307692308	3.98918269230769	5.29881066507066	2.07216971478722e-06	4.53504444495893e-05	4.76686651062106	THOC2
ENSG00000171448	1.87212692307692	0.144405769230769	5.29763416685233	2.0810466412658e-06	4.54931407886227e-05	4.76280324274378	ZBTB26
ENSG00000147117	3.43713076923077	-5.06451538461538	5.29710729589876	2.08503413930636e-06	4.55067668906976e-05	4.76098367936749	ZNF157
ENSG00000120662	1.57931923076923	1.73362884615385	5.29692903752996	2.08638495043607e-06	4.55067668906976e-05	4.76036807164786	MTRF1
ENSG00000136100	1.597	3.17715384615385	5.29556345590223	2.09676175705578e-06	4.56814810343653e-05	4.75565230274243	VPS36
ENSG00000005483	1.44685769230769	3.71276346153846	5.2948565898752	2.10215307447111e-06	4.57473064222276e-05	4.75321142480342	KMT2E
ENSG00000107077	1.42890769230769	2.08168461538462	5.29361494616952	2.11165628975734e-06	4.59023663977319e-05	4.7489241474908	KDM4C
ENSG00000164167	1.04679230769231	3.99002307692308	5.29176802388977	2.12587056480418e-06	4.61593695302757e-05	4.74254746870026	LSM6
ENSG00000162599	2.00582692307692	0.924640384615385	5.29015318882048	2.1383759232726e-06	4.62038339327211e-05	4.73697265055295	NFIA
ENSG00000274286	3.60264615384615	-3.01692307692308	5.29015006038385	2.13840022028433e-06	4.62038339327211e-05	4.736961850905	ADRA2B
ENSG00000076053	1.81953461538462	2.43271346153846	5.28996140520914	2.1398659144418e-06	4.62038339327211e-05	4.7363105996834	RBM7
ENSG00000178567	1.35570384615385	1.71424423076923	5.28991173692392	2.14025196048569e-06	4.62038339327211e-05	4.73613914237415	EPM2AIP1
ENSG00000163596	1.88993461538462	-1.16299038461539	5.28982019024477	2.14096368568039e-06	4.62038339327211e-05	4.73582312012482	ICA1L
ENSG00000164330	1.64116923076923	-0.727261538461538	5.28965095292594	2.14228002744575e-06	4.62038339327211e-05	4.73523891154937	EBF1
ENSG00000188452	2.41384230769231	-0.236717307692308	5.28865775729817	2.15002128260869e-06	4.63190410917362e-05	4.73181050754824	CERKL
ENSG00000181322	3.31426923076923	-4.36330769230769	5.28745855797786	2.15940495097151e-06	4.6456607657051e-05	4.72767126361802	NME9
ENSG00000108423	1.42678076923077	1.27330192307692	5.287227167781	2.16122020805221e-06	4.6456607657051e-05	4.72687261339742	TUBD1
ENSG00000163714	1.47335384615385	4.12331923076923	5.28636948982353	2.16796182789187e-06	4.6549685387983e-05	4.72391240552992	U2SURP
ENSG00000136404	2.03486923076923	-0.813730769230769	5.28520534572402	2.17714554791335e-06	4.66949339015238e-05	4.71989468937207	TM6SF1
ENSG00000137075	1.44691153846154	2.63209423076923	5.28487062790522	2.17979316745729e-06	4.66998307563019e-05	4.71873955511168	RNF38
ENSG00000071991	2.87468076923077	3.42490576923077	5.28335838240723	2.191794658249e-06	4.69048916720405e-05	4.71352097142806	CDH19
ENSG00000170921	1.79957692307692	1.81678461538461	5.28281679398798	2.19610863867643e-06	4.69451661709536e-05	4.71165212412935	TANC2
ENSG00000136146	1.12408461538462	4.91960384615385	5.28060067818172	2.21384831088293e-06	4.72221809990051e-05	4.70400563491766	MED4
ENSG00000188641	2.12303461538462	0.501201923076923	5.28058675573563	2.21396020328962e-06	4.72221809990051e-05	4.70395760000598	DPYD
ENSG00000145012	1.25656923076923	1.95534230769231	5.28012721048964	2.21765662345306e-06	4.72423406253001e-05	4.70237210914565	LPP
ENSG00000177409	2.74208076923077	1.50193653846154	5.27986106521605	2.21980018376145e-06	4.72423406253001e-05	4.7014538927443	SAMD9L
ENSG00000033178	1.83512692307692	2.09114038461538	5.27910583334985	2.2258940238034e-06	4.7298918852793e-05	4.69884837717445	UBA6
ENSG00000166974	1.24959230769231	4.11700769230769	5.27892453601356	2.22735933467279e-06	4.7298918852793e-05	4.69822292668315	MAPRE2
ENSG00000124151	1.31884615384615	2.26893461538462	5.27734796297278	2.2401419255925e-06	4.7518087461222e-05	4.69278424863465	NCOA3
ENSG00000117335	1.7566	4.69949230769231	5.27446236451502	2.26372545756959e-06	4.79656339269657e-05	4.682831143748	CD46
ENSG00000120868	1.48088076923077	1.41085961538461	5.27351405424049	2.27152914801203e-06	4.80782095878029e-05	4.67956056609266	APAF1
ENSG00000140943	1.04164230769231	4.88935576923077	5.2726466106022	2.27869060235091e-06	4.81769602378747e-05	4.67656904412795	MBTPS1
ENSG00000115942	1.25188846153846	2.06779423076923	5.27125945746234	2.29018896017266e-06	4.83241158850369e-05	4.67178553444143	ORC2
ENSG00000075945	1.39150384615385	3.96156730769231	5.27120305197023	2.29065772340096e-06	4.83241158850369e-05	4.67159103190629	KIFAP3
ENSG00000164187	1.95963076923077	0.135146153846154	5.27029638984689	2.29820561686763e-06	4.84304181467204e-05	4.66846468561715	LMBRD2
ENSG00000120616	1.24506923076923	2.69491153846154	5.26968637714482	2.30329771695825e-06	4.84847937082279e-05	4.66636133747868	EPC1
ENSG00000121274	1.52690384615385	1.07450192307692	5.26849789575588	2.31325056407086e-06	4.85694328573335e-05	4.66226362259344	TENT4B
ENSG00000256683	1.38713461538462	1.71007884615385	5.26846889758012	2.31349393613093e-06	4.85694328573335e-05	4.66216364458084	ZNF350
ENSG00000176624	1.46894230769231	3.63844423076923	5.26830534785304	2.31486702734014e-06	4.85694328573335e-05	4.6615997717254	MEX3C
ENSG00000067066	1.38800384615385	4.95524807692308	5.26512428867179	2.34173411567856e-06	4.89928041742559e-05	4.65063346476466	SP100
ENSG00000118007	1.59777307692308	2.31472884615385	5.26501535352054	2.34265959969114e-06	4.89928041742559e-05	4.65025796070731	STAG1
ENSG00000129003	1.48157307692308	2.85206730769231	5.26400060531151	2.35129796889118e-06	4.91202431747906e-05	4.64676019667804	VPS13C
ENSG00000135365	1.24648076923077	3.25909038461538	5.26281504475522	2.36143020697277e-06	4.92785808488599e-05	4.64267391987656	PHF21A
ENSG00000104442	1.55631538461539	3.31394615384615	5.26217459244029	2.36692163952134e-06	4.93360772655733e-05	4.64046658898048	ARMC1
ENSG00000142875	1.86074230769231	2.85324038461539	5.26188226215278	2.36943234997598e-06	4.93360772655733e-05	4.63945909491336	PRKACB
ENSG00000164588	4.24867307692308	-4.86149807692308	5.26160069934132	2.37185306441755e-06	4.93360772655733e-05	4.63848872657689	HCN1
ENSG00000076321	1.63646923076923	2.51815769230769	5.25850450202852	2.39863368811344e-06	4.98394252762689e-05	4.62781916447559	KLHL20
ENSG00000112419	2.11680384615385	0.212186538461538	5.25794093391587	2.40354024180436e-06	4.98876745027415e-05	4.62587730699416	PHACTR2
ENSG00000120328	2.37650384615385	-1.80401346153846	5.25452182373545	2.43352055963536e-06	5.04556899706138e-05	4.61409764657703	PCDHB12
ENSG00000173681	1.44338076923077	0.687671153846154	5.25343931336701	2.44308909429249e-06	5.05997304582918e-05	4.61036863511714	BCLAF3
ENSG00000116194	3.33266923076923	-3.30836153846154	5.25182257275699	2.45744888264875e-06	5.0842589262346e-05	4.60479976413599	ANGPTL1
ENSG00000257591	1.77331153846154	0.222290384615385	5.24995533050506	2.47413714252756e-06	5.10094384310328e-05	4.59836870580303	ZNF625
ENSG00000108306	1.03632307692308	1.20573461538461	5.24973833898492	2.47608370770749e-06	5.10094384310328e-05	4.59762140132707	FBXL20
ENSG00000139323	1.72728846153846	1.652675	5.24663822763255	2.50405923288423e-06	5.15207416348061e-05	4.5869458786054	POC1B
ENSG00000115446	1.04497307692308	4.54637115384615	5.2463978550929	2.50624133010843e-06	5.15207416348061e-05	4.58611821587507	UNC50
ENSG00000028528	1.18333846153846	6.00198076923077	5.24526969466714	2.51650781001643e-06	5.16608806205524e-05	4.58223383643967	SNX1
ENSG00000203668	2.20492307692308	1.30278076923077	5.24506104939047	2.51841105858881e-06	5.16608806205524e-05	4.58151547669915	CHML
ENSG00000119699	1.66460384615385	2.00888653846154	5.24167789145998	2.54947071188265e-06	5.22424980376548e-05	4.56986861262636	TGFB3
ENSG00000170946	1.51591153846154	1.82664807692308	5.2412533236726	2.5533950884322e-06	5.22674288356381e-05	4.56840716174006	DNAJC24
ENSG00000131650	-2.42219230769231	1.00995384615385	-5.23981333803354	2.56674958561083e-06	5.24399874964763e-05	4.5634507080823	KREMEN2
ENSG00000073849	2.00819230769231	4.05352307692308	5.23947823307638	2.56986722356077e-06	5.24399874964763e-05	4.56229733290992	ST6GAL1
ENSG00000139163	1.64170769230769	3.04906538461538	5.23929757687505	2.57154950030029e-06	5.24399874964763e-05	4.56167555413526	ETNK1
ENSG00000171634	1.27684230769231	4.22658653846154	5.23917498326396	2.57269171419795e-06	5.24399874964763e-05	4.56125361782559	BPTF
ENSG00000174799	1.70101153846154	0.247701923076923	5.2353265949962	2.6088027058602e-06	5.31199563620459e-05	4.54801001689513	CEP135
ENSG00000196981	1.33545384615385	1.10387307692308	5.23387900534146	2.62251490113494e-06	5.33428926623896e-05	4.54302916744064	WDR5B
ENSG00000180626	1.83575384615385	-0.144476923076923	5.23259915477723	2.63469733053462e-06	5.35342763908525e-05	4.53862583493027	ZNF594
ENSG00000100811	1.32573846153846	4.18751923076923	5.23151380331777	2.64507207334675e-06	5.36885659640508e-05	4.53489194423722	YY1
ENSG00000122008	1.90453461538462	1.57330961538462	5.23054906486321	2.65432767480658e-06	5.38056032278995e-05	4.53157319917171	POLK
ENSG00000126777	1.56812307692308	4.85981538461539	5.23020305176698	2.65765505762066e-06	5.38056032278995e-05	4.53038294522976	KTN1
ENSG00000188785	1.42123461538462	1.80651730769231	5.22995990876456	2.65999566388715e-06	5.38056032278995e-05	4.52954657006586	ZNF548
ENSG00000121350	1.3333	1.95907307692308	5.22975312784921	2.66198783000798e-06	5.38056032278995e-05	4.52883528466486	PYROXD1
ENSG00000198894	1.33847692307692	2.83315769230769	5.22794766655768	2.67944454939579e-06	5.41017972144215e-05	4.522625233607	CIPC
ENSG00000138593	1.77679230769231	3.02838461538462	5.22747035771719	2.68407839209348e-06	5.41387306192062e-05	4.52098359922409	SECISBP2L
ENSG00000151746	1.65379230769231	3.31957307692308	5.22541750681704	2.70409818662322e-06	5.4485602605833e-05	4.51392365856136	BICD1
ENSG00000135976	1.71262307692308	0.3911	5.22456673232997	2.71243815512523e-06	5.45966566302213e-05	4.51099802565155	ANKRD36
ENSG00000158473	2.02730769230769	-1.7294	5.22215464977183	2.7362213248315e-06	5.501800024294e-05	4.5027042079931	CD1D
ENSG00000134326	2.59661153846154	0.655625	5.22100594550047	2.74761966549837e-06	5.51508998079632e-05	4.49875487724703	CMPK2
ENSG00000068912	1.60649615384616	4.40829423076923	5.22091289037049	2.74854507668552e-06	5.51508998079632e-05	4.49843495888356	ERLEC1
ENSG00000109536	1.09703076923077	4.76555769230769	5.21960810491405	2.76155324132072e-06	5.53543740573352e-05	4.49394937006818	FRG1
ENSG00000144746	1.39235384615385	5.98361538461539	5.21727133923604	2.7850015612701e-06	5.57544171681253e-05	4.48591693382101	ARL6IP5
ENSG00000171988	1.64662692307692	2.90331730769231	5.21704455945713	2.78728760126617e-06	5.57544171681253e-05	4.48513745833198	JMJD1C
ENSG00000196569	2.10843461538462	-0.583001923076923	5.21614211832099	2.79640293349908e-06	5.58788466100754e-05	4.48203574229411	LAMA2
ENSG00000170017	2.56893461538462	1.67420192307692	5.21562743821118	2.801614731815e-06	5.59250973818251e-05	4.48026684863376	ALCAM
ENSG00000139679	1.8822	3.15711538461539	5.21406205276551	2.81752515341728e-06	5.61845950789397e-05	4.47488714935083	LPAR6
ENSG00000111011	1.34468076923077	4.917875	5.21324030107967	2.82591294793571e-06	5.62691411117012e-05	4.4720632736435	RSRC2
ENSG00000180801	2.73173461538462	-1.40419423076923	5.2130026282967	2.82834350730901e-06	5.62691411117012e-05	4.47124655901992	ARSJ
ENSG00000120322	2.96393461538462	-2.10415576923077	5.21279093932922	2.8305100771622e-06	5.62691411117012e-05	4.47051914255764	PCDHB8
ENSG00000181904	1.66593076923077	3.51762307692308	5.2119931836686	2.838689554094e-06	5.6373687718803e-05	4.46777793854737	C5orf24
ENSG00000180660	4.14622307692308	-5.47933461538462	5.2109112563664	2.8498198863087e-06	5.65365603961118e-05	4.46406049389988	MAB21L1
ENSG00000137601	1.66951153846154	1.40765961538462	5.20925643967697	2.86692703062283e-06	5.68175487393352e-05	4.45837510938227	NEK1
ENSG00000168807	1.67455769230769	1.90529807692308	5.20665186315612	2.89405769773893e-06	5.729640588662e-05	4.4494278460563	SNTB2
ENSG00000138604	1.61140384615385	3.25825576923077	5.20547688642763	2.90637951173989e-06	5.74813972490933e-05	4.4453920255158	GLCE
ENSG00000136636	1.49908461538462	3.94420384615385	5.20473065161844	2.91423198560361e-06	5.75393219857723e-05	4.44282900325975	KCTD3
ENSG00000197062	1.34946153846154	2.58441538461539	5.20463215501739	2.91527000477052e-06	5.75393219857723e-05	4.44249071509102	ZSCAN26
ENSG00000135111	2.55526153846154	1.45238461538462	5.20317852047933	2.93063173369665e-06	5.77834365225194e-05	4.43749842276988	TBX3
ENSG00000153902	3.09445769230769	2.77056730769231	5.20249039851856	2.93793145080927e-06	5.78682559132361e-05	4.43513532610643	LGI4
ENSG00000182504	1.79009615384615	0.425713461538461	5.20198880047449	2.94326377197116e-06	5.79141902042398e-05	4.43341283912874	CEP97
ENSG00000113391	1.56106153846154	2.11580384615385	5.19991679009997	2.96539182040956e-06	5.82810024737163e-05	4.42629812434213	FAM172A
ENSG00000147475	1.42429615384615	3.34929807692308	5.19964718288975	2.96828311297928e-06	5.82810024737163e-05	4.42537243424183	ERLIN2
ENSG00000198774	3.10467307692308	-4.79576730769231	5.19939748281451	2.97096339605952e-06	5.82810024737163e-05	4.42451510860623	RASSF9
ENSG00000137500	1.42817692307692	4.15753846153846	5.19881482983602	2.97722687281949e-06	5.83097796626819e-05	4.4225146668211	CCDC90B
ENSG00000100523	1.58699615384615	0.736378846153846	5.19869915804203	2.97847188247445e-06	5.83097796626819e-05	4.42211753560362	DDHD1
ENSG00000135945	1.39862307692308	3.00958846153846	5.19791619166257	2.98691267348755e-06	5.84157804826041e-05	4.41942948412825	REV1
ENSG00000029725	1.22628461538462	3.65795	5.1972952100466	2.99362393159159e-06	5.84877760642839e-05	4.41729764555099	RABEP1
ENSG00000180530	1.85927692307692	1.46273846153846	5.19642986166692	3.00300095725001e-06	5.86116556903913e-05	4.41432702935135	NRIP1
ENSG00000164284	1.31082307692308	1.65624615384615	5.19473418144173	3.02145952220753e-06	5.89123567244161e-05	4.40850646621651	GRPEL2
ENSG00000164114	3.82336153846154	-1.96917692307692	5.19441222567301	3.02497681764225e-06	5.89214202935906e-05	4.40740139554928	MAP9
ENSG00000109180	1.19608461538462	6.12938076923077	5.1935430981097	3.03449199216538e-06	5.90471763354519e-05	4.40441834034961	OCIAD1
ENSG00000117643	1.99160769230769	2.0869	5.192168624237	3.04959987822944e-06	5.9281396223024e-05	4.39970114394639	MAN1C1
ENSG00000149948	3.90385	-0.359363461538462	5.19110555222883	3.06133569089122e-06	5.93308086080573e-05	4.3960529559495	HMGA2
ENSG00000156219	4.10323846153846	-0.8645	5.19097100704044	3.06282417336633e-06	5.93308086080573e-05	4.3955912489032	ART3
ENSG00000118096	1.3425	3.30788076923077	5.19083191479404	3.06436370952114e-06	5.93308086080573e-05	4.39511394218088	IFT46
ENSG00000115750	1.49453846153846	2.07303846153846	5.19082534748762	3.06443641828903e-06	5.93308086080573e-05	4.39509140601973	TAF1B
ENSG00000112983	1.15129230769231	4.22235769230769	5.18935028785063	3.08081039847614e-06	5.95880592402654e-05	4.39002987169924	BRD8
ENSG00000103852	1.09733076923077	3.10249615384615	5.18787626959807	3.09725887941649e-06	5.98462343837602e-05	4.38497237596093	TTC23
ENSG00000133114	1.39646538461539	2.60850576923077	5.18748042453143	3.10169080163008e-06	5.98719375438654e-05	4.38361427344384	GPALPP1
ENSG00000040608	-1.86556538461538	2.71545961538461	-5.18655728828116	3.11205060879831e-06	6.00119010006331e-05	4.38044722117303	RTN4R
ENSG00000198551	1.47148846153846	1.88114807692308	5.1857348767241	3.12130873873091e-06	6.01303618600027e-05	4.37762588433091	ZNF627
ENSG00000115020	1.56798846153846	1.66345961538462	5.18431458654756	3.13736127172836e-06	6.03793465884074e-05	4.37275382736999	PIKFYVE
ENSG00000181555	1.2654	2.85813846153846	5.18402287172062	3.14066836705591e-06	6.03827903279684e-05	4.37175320430538	SETD2
ENSG00000166004	1.68631538461539	1.14955769230769	5.18265294660984	3.15624482210453e-06	6.06218843791877e-05	4.36705441218742	CEP295
ENSG00000168813	1.45785769230769	1.35810576923077	5.18201519976131	3.16352211915994e-06	6.06404959741046e-05	4.36486710186002	ZNF507
ENSG00000110583	1.09276923076923	2.78428076923077	5.18169525035353	3.16717926697868e-06	6.06404959741046e-05	4.36376978929566	NAA40
ENSG00000020922	1.59179230769231	1.86685	5.18153701643227	3.16898948131529e-06	6.06404959741046e-05	4.36322711141694	MRE11
ENSG00000104447	1.89724615384615	-0.194107692307692	5.1814679569004	3.16977984965402e-06	6.06404959741046e-05	4.36299026704902	TRPS1
ENSG00000013392	1.41566153846154	0.217988461538462	5.1805043228154	3.18082866255827e-06	6.07435107235411e-05	4.35968552540755	RWDD2A
ENSG00000122435	1.86492307692308	1.26720384615385	5.18027483947928	3.18346545296287e-06	6.07435107235411e-05	4.35889855164898	TRMT13
ENSG00000142556	1.74599230769231	0.276269230769231	5.18011466487694	3.18530715319674e-06	6.07435107235411e-05	4.3583492670306	ZNF614
ENSG00000196199	1.21876923076923	3.72429230769231	5.17990217702528	3.18775197445719e-06	6.07435107235411e-05	4.35762059381417	MPHOSPH8
ENSG00000102580	1.57136153846154	3.42641153846154	5.17858172618557	3.2029861549473e-06	6.09736111922561e-05	4.35309266047968	DNAJC3
ENSG00000163681	1.64059230769231	3.00011923076923	5.17796327089151	3.21014596773468e-06	6.10497020839236e-05	4.35097205621043	SLMAP
ENSG00000168566	1.53602692307692	1.53830192307692	5.17728790389821	3.2179826449132e-06	6.1138502947598e-05	4.34865640322048	SNRNP48
ENSG00000143337	1.46725384615385	4.22593461538461	5.17623501043568	3.23023757241361e-06	6.12569801981115e-05	4.34504650916718	TOR1AIP1
ENSG00000031003	1.83690384615385	2.69073269230769	5.17606864820531	3.23217810931949e-06	6.12569801981115e-05	4.34447615044232	FAM13B
ENSG00000196526	1.95181153846154	2.13636730769231	5.17593490925787	3.23373894326662e-06	6.12569801981115e-05	4.34401764219566	AFAP1
ENSG00000167799	-1.41806538461538	3.77660961538461	-5.17412800426531	3.25489977153329e-06	6.14798918478611e-05	4.33782325982506	NUDT8
ENSG00000173230	1.25348461538462	3.48564615384615	5.17363392795183	3.26070964270927e-06	6.14798918478611e-05	4.33612960377604	GOLGB1
ENSG00000120699	1.07577307692308	3.99899423076923	5.17344710100024	3.26290921082624e-06	6.14798918478611e-05	4.33548918894404	EXOSC8
ENSG00000147687	1.35543461538462	3.92280192307692	5.17330218657802	3.26461633653099e-06	6.14798918478611e-05	4.3349924491908	TATDN1
ENSG00000137776	1.00699615384616	4.84560576923077	5.1717983088044	3.28238436641108e-06	6.17542548000322e-05	4.32983770352495	SLTM
ENSG00000155100	2.06829230769231	1.75587307692308	5.17098146331413	3.29207510838132e-06	6.18762666183881e-05	4.32703805973109	OTUD6B
ENSG00000122085	1.06687307692308	3.72794807692308	5.17061964638424	3.29637656269179e-06	6.18968451261086e-05	4.32579802009822	MTERF4
ENSG00000077092	2.98197692307692	-0.171923076923077	5.16777016166873	3.33044656424879e-06	6.24758114963017e-05	4.31603309571672	RARB
ENSG00000147124	1.51030384615385	0.546336538461539	5.16721266705282	3.3371527105978e-06	6.25408337598731e-05	4.31412281862479	ZNF41
ENSG00000198160	1.61787307692308	2.29747115384615	5.16665109228034	3.34392137790087e-06	6.26069004438607e-05	4.31219862898272	MIER1
ENSG00000133019	3.74518846153846	-3.161325	5.16545003628613	3.35844311858268e-06	6.28178561220944e-05	4.30808353976169	CHRM3
ENSG00000125266	1.60023076923077	1.01842307692308	5.16196729787826	3.40090420314691e-06	6.35328159127323e-05	4.29615266602681	EFNB2
ENSG00000090060	1.21028461538461	5.12483076923077	5.16177615414065	3.40324983959826e-06	6.35328159127323e-05	4.29549793830517	PAPOLA
ENSG00000267680	1.72686538461539	2.05432115384615	5.16148033819717	3.40688310989431e-06	6.35391929181544e-05	4.2944846908973	ZNF224
ENSG00000144048	1.11023461538462	3.476375	5.16063820360297	3.41724729641911e-06	6.36709696551911e-05	4.29160026293965	DUSP11
ENSG00000151500	1.00894230769231	4.674575	5.15979312979244	3.42767885624548e-06	6.37659296896218e-05	4.28870592332833	THYN1
ENSG00000197162	1.31017692307692	1.91904230769231	5.15969027077726	3.42895068216481e-06	6.37659296896218e-05	4.28835364649251	ZNF785
ENSG00000131051	1.13620769230769	6.4676	5.15901668228112	3.43729092496796e-06	6.38177728997754e-05	4.28604676313858	RBM39
ENSG00000198690	1.47018846153846	2.28752884615385	5.15885365643007	3.43931247924629e-06	6.38177728997754e-05	4.28548845255217	FAN1
ENSG00000176406	3.66763846153846	-2.58546153846154	5.1586647179635	3.44165681959624e-06	6.38177728997754e-05	4.28484140693897	RIMS2
ENSG00000133812	1.23816923076923	2.92820769230769	5.15776912023043	3.45279077625228e-06	6.39627834491341e-05	4.28177441617967	SBF2
ENSG00000204130	1.46393846153846	1.01563076923077	5.156767855308	3.46528035659751e-06	6.41326047204235e-05	4.27834577383789	RUFY2
ENSG00000144893	3.21186153846154	-4.50657692307692	5.15587128270233	3.47650176014276e-06	6.42786527548234e-05	4.27527581666799	MED12L
ENSG00000111615	1.65920384615385	3.62434423076923	5.15477987116386	3.49021002999468e-06	6.44079907406866e-05	4.27153894838262	KRR1
ENSG00000122877	1.82346923076923	1.15978076923077	5.15477041826946	3.4903289916848e-06	6.44079907406866e-05	4.27150658389295	EGR2
ENSG00000119048	1.32943461538462	5.43422884615384	5.15451800294748	3.49350703546075e-06	6.44079907406866e-05	4.27064238037087	UBE2B
ENSG00000129636	1.54268461538462	4.90683846153846	5.15364433494491	3.50452899026633e-06	6.45101105810161e-05	4.26765127924402	ITFG1
ENSG00000182957	1.84716153846154	2.17105384615385	5.15354929977099	3.50572999013034e-06	6.45101105810161e-05	4.26732592567795	SPATA13
ENSG00000152520	1.47375	2.65522115384615	5.15315086972963	3.5107695311814e-06	6.45380034399129e-05	4.26596191927005	PAN3
ENSG00000160862	2.74274230769231	3.87885192307692	5.15278754731791	3.51537122936766e-06	6.45380034399129e-05	4.26471813252181	AZGP1
ENSG00000197223	1.42363461538461	3.49599423076923	5.15263729101633	3.51727605132821e-06	6.45380034399129e-05	4.26420375819321	C1D
ENSG00000067113	1.21361153846154	4.31082884615385	5.151994150757	3.52544072582758e-06	6.46263839797243e-05	4.26200214385774	PLPP1
ENSG00000197579	1.74431153846154	2.02493653846154	5.14843165631284	3.57100565844775e-06	6.53711960309506e-05	4.24980856626657	TOPORS
ENSG00000096060	2.28191538461539	2.57713076923077	5.14828884989107	3.57284421139993e-06	6.53711960309506e-05	4.24931983175807	FKBP5
ENSG00000106443	1.1355	3.82114615384615	5.14752533072459	3.58268991336725e-06	6.54606866124528e-05	4.24670687299712	PHF14
ENSG00000100483	1.22838846153846	1.63009423076923	5.14738381363088	3.58451773037158e-06	6.54606866124528e-05	4.2462225792382	VCPKMT
ENSG00000105810	2.09615384615385	1.88404615384615	5.14648836795289	3.59610449088546e-06	6.56102126536502e-05	4.2431583254878	CDK6
ENSG00000101342	2.40106153846154	-1.94504230769231	5.14528362504893	3.61175163383621e-06	6.57927237985537e-05	4.23903592200527	TLDC2
ENSG00000057663	1.557	2.48238846153846	5.14489158644664	3.61685784902574e-06	6.57927237985537e-05	4.23769450868824	ATG5
ENSG00000110429	1.69291923076923	3.03267884615385	5.14475255789459	3.61867037100798e-06	6.57927237985537e-05	4.23721881175824	FBXO3
ENSG00000176105	1.53376538461539	2.70714038461538	5.14464019720215	3.62013587601738e-06	6.57927237985537e-05	4.23683436408479	YES1
ENSG00000139793	2.34742692307692	3.40470961538462	5.14421438419053	3.62569500000074e-06	6.57927237985537e-05	4.23537744905396	MBNL2
ENSG00000108799	1.06641923076923	3.30325192307692	5.14409901717639	3.62720259902858e-06	6.57927237985537e-05	4.23498272883708	EZH1
ENSG00000139651	1.21037692307692	2.4301	5.14364590145204	3.63312982102752e-06	6.57927237985537e-05	4.23343245331455	ZNF740
ENSG00000074660	1.15700769230769	0.302223076923077	5.14362715051684	3.63337530794479e-06	6.57927237985537e-05	4.2333683004461	SCARF1
ENSG00000102910	1.38169230769231	4.86086538461539	5.14262468785494	3.64652332654383e-06	6.59689219983839e-05	4.22993867223668	LONP2
ENSG00000129083	1.27434230769231	5.08866730769231	5.14077525135676	3.67090301968418e-06	6.62909065295105e-05	4.22361195724	COPB1
ENSG00000113248	2.13201538461539	-0.295430769230769	5.14057765703313	3.67351721931375e-06	6.62909065295105e-05	4.22293605391107	PCDHB15
ENSG00000131503	1.03383846153846	4.35477692307692	5.14049403128698	3.67462415099084e-06	6.62909065295105e-05	4.22265000112727	ANKHD1
ENSG00000183354	1.37493076923077	1.96629230769231	5.13897601249546	3.69477492154673e-06	6.65921945010425e-05	4.2174576886161	KIAA2026
ENSG00000106823	1.91343076923077	-1.08425769230769	5.13814004162141	3.70591831927117e-06	6.66892161840058e-05	4.21459850703214	ECM2
ENSG00000125249	1.69523846153846	2.60571923076923	5.13791726953974	3.70889342346099e-06	6.66892161840058e-05	4.21383660967894	RAP2A
ENSG00000126562	2.95519230769231	0.814065384615384	5.13779535166722	3.71052262247435e-06	6.66892161840058e-05	4.21341964599761	WNK4
ENSG00000171951	2.4591	1.10870769230769	5.13729125295775	3.71726641689512e-06	6.67402378732005e-05	4.21169564453413	SCG2
ENSG00000116473	1.33858076923077	4.69246346153846	5.13706654480435	3.72027643120571e-06	6.67402378732005e-05	4.21092716798584	RAP1A
ENSG00000147853	1.39910384615384	3.828075	5.13665900219143	3.72574167422407e-06	6.67762224118358e-05	4.20953344676382	AK3
ENSG00000164985	1.62238461538462	3.97321923076923	5.13556153676353	3.74049826460083e-06	6.69483535543999e-05	4.20578049882083	PSIP1
ENSG00000120805	1.2813	4.68242692307692	5.13542915144472	3.74228220925232e-06	6.69483535543999e-05	4.20532780539169	ARL1
ENSG00000164172	1.10139230769231	4.54514615384615	5.13311372492011	3.77361923361474e-06	6.74464556170975e-05	4.19741080159698	MOCS2
ENSG00000134851	1.20485	4.85294038461539	5.13177705410744	3.7918271829227e-06	6.76816051866605e-05	4.19284094293656	TMEM165
ENSG00000180917	1.73757307692308	2.03479038461538	5.13142100928377	3.79669174166942e-06	6.76816051866605e-05	4.19162375100474	CMTR2
ENSG00000113597	1.61180384615385	2.45887115384615	5.13111147620474	3.80092581124843e-06	6.76816051866605e-05	4.19056558927887	TRAPPC13
ENSG00000153487	1.17559230769231	2.86175384615385	5.13106221477535	3.80160008149188e-06	6.76816051866605e-05	4.19039718740563	ING1
ENSG00000043093	1.57651538461538	2.28895769230769	5.13023340681865	3.81296213120074e-06	6.77731197224382e-05	4.1875639601987	DCUN1D1
ENSG00000128052	1.58569230769231	1.09853076923077	5.12990032106794	3.8175377801145e-06	6.77920255469643e-05	4.18642537086625	KDR
ENSG00000112406	1.25141538461538	1.77866538461538	5.12958754516589	3.8218393486955e-06	6.78060339594386e-05	4.18535622932942	HECA
ENSG00000167220	1.35549615384615	4.00138653846154	5.12921695823892	3.82694215919327e-06	6.78342190072615e-05	4.18408950433541	HDHD2
ENSG00000138434	1.77174615384615	4.83478846153846	5.12844687819532	3.83756725616798e-06	6.79601474732206e-05	4.18145734628544	ITPRID2
ENSG00000115504	1.75718076923077	4.36601346153846	5.12726819381581	3.85388627204909e-06	6.81243867903318e-05	4.1774288217362	EHBP1
ENSG00000118432	4.32584230769231	-4.07642884615385	5.12726720929439	3.85389993136001e-06	6.81243867903318e-05	4.17742545695418	CNR1
ENSG00000162378	1.49252307692308	1.74803846153846	5.12559505998006	3.87716832185677e-06	6.84729918726452e-05	4.17171089309043	ZYG11B
ENSG00000125827	2.07437307692308	4.07153269230769	5.12460480950516	3.8910130303677e-06	6.86546842094951e-05	4.16832701032748	TMX4
ENSG00000188931	3.98931923076924	-6.95313269230769	5.12367756236091	3.90402098529455e-06	6.87750045246649e-05	4.16515862119386	CFAP126
ENSG00000141441	2.49865	0.674986538461539	5.12357424858419	3.90547297706091e-06	6.87750045246649e-05	4.16480561152389	GAREM1
ENSG00000189376	1.25221923076923	3.77530576923077	5.12335749837845	3.908520953404e-06	6.87750045246649e-05	4.16406501216368	C8orf76
ENSG00000132640	1.67763461538462	3.36385961538461	5.12291321041031	3.91477592052231e-06	6.87812172119353e-05	4.16254698701276	BTBD3
ENSG00000205413	2.42748461538462	1.11917692307692	5.12282631052124	3.91600050333714e-06	6.87812172119353e-05	4.16225007615296	SAMD9
ENSG00000111860	1.94696538461539	-0.314767307692308	5.12205209227366	3.92692734592404e-06	6.89104350530651e-05	4.15960487920262	CEP85L
ENSG00000164074	1.55433846153846	0.495057692307692	5.12165889348597	3.93248819470486e-06	6.89453402564831e-05	4.15826152614658	ABHD18
ENSG00000145147	2.25925769230769	-1.02620961538462	5.12089587834606	3.94330132023605e-06	6.90721827445703e-05	4.1556548042991	SLIT2
ENSG00000079387	1.23561538461538	1.93585	5.11989435425345	3.95753890655793e-06	6.92096113168006e-05	4.15223345194849	SENP1
ENSG00000145734	1.62108076923077	1.59549423076923	5.11958805265154	3.96190335725352e-06	6.92096113168006e-05	4.15118712591547	BDP1
ENSG00000206538	2.13417692307692	-2.42810769230769	5.11529895103314	4.02351796115811e-06	7.01589586307453e-05	4.13653777039515	VGLL3
ENSG00000165572	1.56958461538462	1.52300384615385	5.11474675896822	4.03151860286619e-06	7.01984160671616e-05	4.13465206793905	KBTBD6
ENSG00000124380	1.09908846153846	4.53652884615385	5.11414344314169	4.04027786457292e-06	7.02534380582488e-05	4.13259185936274	SNRNP27
ENSG00000182179	2.0747	3.66801923076923	5.11392222899696	4.0434942590641e-06	7.02534380582488e-05	4.1318364757406	UBA7
ENSG00000003756	1.17942692307692	5.40783653846154	5.11207083779987	4.07051194859121e-06	7.05967766205183e-05	4.12551493148144	RBM5
ENSG00000042980	2.05231153846154	-0.691790384615384	5.11206687402223	4.0705699828336e-06	7.05967766205183e-05	4.12550139805749	ADAM28
ENSG00000162753	4.57444615384616	-6.58111153846154	5.11161505314918	4.07719049539215e-06	7.06481222015751e-05	4.12395878089498	SLC9C2
ENSG00000124356	1.15586538461538	4.65755961538462	5.11117507128585	4.08364771229671e-06	7.06965486909986e-05	4.12245662898422	STAMBP
ENSG00000100796	1.11519230769231	4.55359615384615	5.11086027525663	4.08827386319784e-06	7.06980092141493e-05	4.12138190361958	PPP4R3A
ENSG00000154736	1.82993461538461	-2.41119807692308	5.11067104910356	4.09105715651478e-06	7.06980092141493e-05	4.12073588924438	ADAMTS5
ENSG00000104205	1.94877692307692	2.80700384615385	5.10901138586717	4.11554885965713e-06	7.10576383166025e-05	4.11507017776116	SGK3
ENSG00000173451	1.34834230769231	0.639909615384616	5.10742207591736	4.13913754221941e-06	7.14010473435757e-05	4.10964521944553	THAP2
ENSG00000188051	2.65580769230769	-3.58219230769231	5.10703355596162	4.14492419300922e-06	7.14370283014795e-05	4.10831913038248	TMEM221
ENSG00000054803	3.89335384615385	-7.14801153846154	5.10623147148358	4.15689569790354e-06	7.14801506793878e-05	4.10558157860115	CBLN4
ENSG00000147533	1.24096923076923	4.95616923076923	5.10612178795846	4.15853542003588e-06	7.14801506793878e-05	4.10520723492001	GOLGA7
ENSG00000256043	1.85799230769231	3.46418076923077	5.10537098545997	4.16977669683003e-06	7.160960816629e-05	4.10264486147135	CTSO
ENSG00000166598	1.26541538461538	8.25237307692308	5.10440093018315	4.1843449759172e-06	7.17959209512264e-05	4.09933440098694	HSP90B1
ENSG00000144228	1.62726153846154	1.04667692307692	5.10395839548301	4.19100757768089e-06	7.18463759076147e-05	4.09782425512892	SPOPL
ENSG00000076067	1.04274615384615	2.31050769230769	5.10330027154498	4.20093529890474e-06	7.19526655499185e-05	4.09557849492841	RBMS2
ENSG00000119138	1.99709615384615	2.19263269230769	5.10254441375385	4.21236586930251e-06	7.20795663958422e-05	4.09299935213398	KLF9
ENSG00000137770	1.95034615384615	2.04353461538462	5.10231689171933	4.21581259187203e-06	7.20795663958422e-05	4.09222302536226	CTDSPL2
ENSG00000171509	2.88280769230769	-4.88135	5.10195207502232	4.22134497764043e-06	7.21102850472507e-05	4.09097826068554	RXFP1
ENSG00000129473	1.28562692307692	3.79880192307692	5.10074146916	4.23975484072582e-06	7.2360731821866e-05	4.08684785636558	BCL2L2
ENSG00000123570	2.69217307692308	-0.794632692307692	5.0997986766611	4.25414671074047e-06	7.25212351851462e-05	4.08363142128706	RAB9B
ENSG00000138032	1.30053846153846	3.30275769230769	5.09963350469631	4.25667302827388e-06	7.25212351851462e-05	4.08306794066633	PPM1B
ENSG00000255529	1.32125	3.11879807692308	5.09864524835898	4.27181934289221e-06	7.26897075958814e-05	4.07969665487883	POLR2M
ENSG00000062194	1.29947692307692	4.60452692307692	5.0979134717661	4.28306892224791e-06	7.2737610111354e-05	4.07720045373041	GPBP1
ENSG00000089050	1.36878461538462	2.36799230769231	5.09777138929173	4.28525652778885e-06	7.2737610111354e-05	4.07671580294348	RBBP9
ENSG00000135870	1.42413076923077	0.984734615384616	5.09739318013428	4.29108507045208e-06	7.2737610111354e-05	4.07542573401913	RC3H1
ENSG00000163644	2.03091923076923	1.77922115384615	5.09722714564648	4.29364627349704e-06	7.2737610111354e-05	4.07485940176618	PPM1K
ENSG00000170448	1.50801923076923	1.08692115384615	5.09709079618526	4.29575068781762e-06	7.2737610111354e-05	4.07439432779551	NFXL1
ENSG00000243978	2.72903846153846	-4.66860384615385	5.09629904114483	4.30799068244303e-06	7.28171139607686e-05	4.07169381653675	RTL9
ENSG00000166046	1.88178076923077	0.025451923076923	5.09466358905265	4.33338237998864e-06	7.30915460781436e-05	4.06611608277437	TCP11L2
ENSG00000034713	1.17314615384615	6.27163076923077	5.09458628633351	4.33458620305746e-06	7.30915460781436e-05	4.06585245578548	GABARAPL2
ENSG00000102547	1.33181923076923	1.88346346153846	5.0943346628917	4.33850697381203e-06	7.30915460781436e-05	4.06499434883117	CAB39L
ENSG00000138050	1.20504615384615	2.02108846153846	5.09426540374248	4.33958677490512e-06	7.30915460781436e-05	4.06475815811867	THUMPD2
ENSG00000170153	3.16788846153846	0.338440384615385	5.09379384160386	4.34694580623265e-06	7.30915460781436e-05	4.06315004446869	RNF150
ENSG00000137962	2.05749615384615	0.033875	5.0935113847719	4.35135960419075e-06	7.31020839335892e-05	4.06218683899742	ARHGAP29
ENSG00000146592	2.22701538461538	0.950223076923077	5.09241622326758	4.36851481268086e-06	7.33264708079814e-05	4.05845240311641	CREB5
ENSG00000014123	1.58909615384615	2.25769807692308	5.09179433973385	4.37828593246289e-06	7.34266319325206e-05	4.05633193898355	UFL1
ENSG00000185238	1.48863076923077	2.68623461538462	5.09096424642182	4.39136197782511e-06	7.35819967516997e-05	4.05350167030863	PRMT3
ENSG00000151694	1.68769615384616	2.57304807692308	5.09071128039889	4.39535445639243e-06	7.35850191428821e-05	4.05263919398876	ADAM17
ENSG00000120370	1.76183461538462	2.13460961538462	5.08969334409265	4.41145632753557e-06	7.37905905462904e-05	4.04916873365034	GORAB
ENSG00000173875	1.31901538461538	1.89861153846154	5.08920210747776	4.41924752450409e-06	7.38569133900455e-05	4.04749404056887	ZNF791
ENSG00000136021	1.54203846153846	2.80538076923077	5.08788886424627	4.44014257032465e-06	7.41040494888033e-05	4.04301728520285	SCYL2
ENSG00000102893	1.35131538461538	3.22211538461538	5.0877904117887	4.44171295956823e-06	7.41040494888033e-05	4.04268168349301	PHKB
ENSG00000069431	2.02648846153846	-2.29820192307692	5.08696501138328	4.4549002106466e-06	7.42598780363655e-05	4.03986817130686	ABCC9
ENSG00000091009	1.50217307692308	1.65134038461538	5.08669166079733	4.45927595867826e-06	7.42686832013516e-05	4.03893644556506	RBM27
ENSG00000135837	1.34001538461539	2.53719615384615	5.08629570241406	4.46562188838483e-06	7.43102580271486e-05	4.03758683690995	CEP350
ENSG00000015153	1.26390769230769	2.23645384615385	5.08557960379958	4.47712119392803e-06	7.44186891598878e-05	4.03514613408956	YAF2
ENSG00000035681	1.11601538461538	3.87122692307692	5.08541002722653	4.47984856259595e-06	7.44186891598878e-05	4.03456817781413	NSMAF
ENSG00000163605	1.58011153846154	3.61121346153846	5.08495113031193	4.48723738454429e-06	7.44773372604114e-05	4.03300418381792	PPP4R2
ENSG00000198908	1.95523846153846	-0.448480769230769	5.08430603048027	4.49764458122344e-06	7.45859393052886e-05	4.03080566224151	GPRASP3
ENSG00000082898	1.34536153846154	5.02128846153846	5.08357627062248	4.50944619095979e-06	7.47058274867072e-05	4.02831873164877	XPO1
ENSG00000104695	1.29278076923077	5.11385961538462	5.08338068518033	4.51261435266542e-06	7.47058274867072e-05	4.02765222163121	PPP2CB
ENSG00000197705	3.90733846153846	-4.82314615384615	5.0830421187914	4.51810374537509e-06	7.47326106229437e-05	4.02649848633679	KLHL14
ENSG00000139154	1.31545769230769	3.10343269230769	5.08276964906981	4.52252623964359e-06	7.47417157567125e-05	4.02557000828905	AEBP2
ENSG00000169967	1.53782692307692	1.67626346153846	5.08231176353892	4.52996783495377e-06	7.48006579282401e-05	4.02400973879377	MAP3K2
ENSG00000138231	1.26430384615385	2.54363653846154	5.08035311872911	4.56193606635826e-06	7.52072217873147e-05	4.01733609570866	DBR1
ENSG00000113971	1.98053846153846	1.92449230769231	5.08032590221692	4.56238184287134e-06	7.52072217873147e-05	4.01724336776158	NPHP3
ENSG00000011258	1.59607692307692	1.25245769230769	5.07982455734389	4.57060098701499e-06	7.52274677315272e-05	4.01553529251171	MBTD1
ENSG00000118518	1.27166153846154	3.37822307692308	5.07977559734308	4.57140442672545e-06	7.52274677315272e-05	4.01536848954744	RNF146
ENSG00000180263	1.61076923076923	-1.32889615384615	5.07883672554487	4.5868383275093e-06	7.53779049225819e-05	4.01216993218565	FGD6
ENSG00000105176	1.21387692307692	4.74663076923077	5.07874456304894	4.58835612516364e-06	7.53779049225819e-05	4.01185596306182	URI1
ENSG00000163029	1.44102692307692	2.72868269230769	5.07842356509414	4.59364640533892e-06	7.54006433352527e-05	4.0107624375708	SMC6
ENSG00000092108	1.06574615384615	4.64060769230769	5.07766067866473	4.60624341053178e-06	7.55179988885611e-05	4.00816365100121	SCFD1
ENSG00000129315	1.26805769230769	2.08775576923077	5.07751694635474	4.60862056109025e-06	7.55179988885611e-05	4.00767403927821	CCNT1
ENSG00000101752	1.674	1.99010769230769	5.07657517409593	4.62422616055778e-06	7.57094466304044e-05	4.0044660911394	MIB1
ENSG00000173275	1.53450384615385	0.793232692307692	5.07535696169595	4.64448960817479e-06	7.59767651750831e-05	4.00031681163496	ZNF449
ENSG00000006468	2.38842307692308	3.32993846153846	5.07482468369093	4.65337077920221e-06	7.60575919991028e-05	3.99850395929396	ETV1
ENSG00000196670	1.21713846153846	2.55863846153846	5.07430554041852	4.66204888133303e-06	7.61349657837321e-05	3.99673590475138	ZFP62
ENSG00000137672	2.00052307692308	-2.41745769230769	5.07372526497731	4.67176771839975e-06	7.62085362352749e-05	3.99475972510409	TRPC6
ENSG00000134245	1.54206538461539	-1.80886730769231	5.07356532945791	4.67444992501505e-06	7.62085362352749e-05	3.99421506414195	WNT2B
ENSG00000182552	1.27963461538462	3.34087884615385	5.07326985157755	4.67940923542365e-06	7.62250096804917e-05	3.99320882875583	RWDD4
ENSG00000197020	1.69095384615385	-0.373869230769231	5.07297204763305	4.68441282187028e-06	7.62421759701198e-05	3.99219469249706	ZNF100
ENSG00000114978	1.27212307692308	4.1153	5.07133303171558	4.71204523819807e-06	7.66273034818343e-05	3.98661358397293	MOB1A
ENSG00000173227	3.05789230769231	-2.77371153846154	5.07065806235449	4.72347118760863e-06	7.6671527773019e-05	3.9843153872456	SYT12
ENSG00000185946	1.62054230769231	1.88390192307692	5.0704814779438	4.72646491981964e-06	7.6671527773019e-05	3.98371415408363	RNPC3
ENSG00000196357	1.12374615384615	0.114357692307692	5.07046875294277	4.72668072578835e-06	7.6671527773019e-05	3.98367082838282	ZNF565
ENSG00000092148	1.13114230769231	4.79254807692308	5.06810040313457	4.76701524936349e-06	7.72608693186091e-05	3.97560779559453	HECTD1
ENSG00000138768	1.62724230769231	3.75502884615385	5.06621491592167	4.79936812090876e-06	7.76792986158753e-05	3.96918959582161	USO1
ENSG00000159164	3.09011538461538	0.0784076923076923	5.06612706138312	4.80088086042269e-06	7.76792986158753e-05	3.96889055903707	SV2A
ENSG00000185658	1.29948846153846	2.46512115384615	5.06532748648362	4.81467005613446e-06	7.78371659075071e-05	3.96616907110952	BRWD1
ENSG00000135637	1.06780384615385	1.54542884615385	5.0650595985624	4.8192986635492e-06	7.78467967384856e-05	3.96525730264474	CCDC142
ENSG00000143702	1.59194230769231	4.35728653846154	5.06482585088087	4.82334096509878e-06	7.78469487034296e-05	3.96446174563251	CEP170
ENSG00000116754	1.62004615384615	5.24024230769231	5.06410846865402	4.83576780000681e-06	7.79823106462251e-05	3.96202022442916	SRSF11
ENSG00000153561	1.26345769230769	2.89964423076923	5.06209225643003	4.87086240123363e-06	7.84826852512628e-05	3.95515893794252	RMND5A
ENSG00000139631	1.79403846153846	2.95720769230769	5.06107493479226	4.8886650449596e-06	7.87038376671019e-05	3.95169729299976	CSAD
ENSG00000166845	1.60457307692308	-0.134355769230769	5.06069007092006	4.89541664573597e-06	7.87468562605346e-05	3.95038777782912	C18orf54
ENSG00000064933	1.37169230769231	1.96996538461538	5.05984526699992	4.91026906179799e-06	7.89200030806717e-05	3.94751341879197	PMS1
ENSG00000146021	1.91617307692308	-1.61353269230769	5.05822103920108	4.93894903556905e-06	7.92249463004902e-05	3.94198761734371	KLHL3
ENSG00000152683	1.33520769230769	2.42836923076923	5.05798791080961	4.94307901815671e-06	7.92249463004902e-05	3.94119453946891	SLC30A6
ENSG00000162852	1.57853461538462	2.63830576923077	5.05777312599372	4.94688704053643e-06	7.92249463004902e-05	3.94046387570982	CNST
ENSG00000171872	3.36152307692308	-4.51402692307692	5.05772352730023	4.94776680926012e-06	7.92249463004902e-05	3.94029515037965	KLF17
ENSG00000173157	3.84461538461539	-6.63921538461538	5.05761099093186	4.94976352061292e-06	7.92249463004902e-05	3.93991232517001	ADAMTS20
ENSG00000083750	1.10955	2.97305192307692	5.05694269880454	4.96163723260656e-06	7.92576455367322e-05	3.93763899594346	RRAGB
ENSG00000108021	1.61585	2.50875961538462	5.05691155074022	4.96219133049665e-06	7.92576455367322e-05	3.93753304212278	TASOR2
ENSG00000168056	1.32636923076923	5.45122692307692	5.05678548205347	4.96443460799958e-06	7.92576455367322e-05	3.93710420690634	LTBP3
ENSG00000256436	3.81178846153847	-5.04017115384615	5.0565663378703	4.96833645246274e-06	7.92576455367322e-05	3.93635877494152	TAS2R31
ENSG00000076513	1.09089615384615	3.95784807692308	5.05634186165336	4.9723363593733e-06	7.92576455367322e-05	3.93559521738381	ANKRD13A
ENSG00000134444	1.44998846153846	2.73056730769231	5.05484473137362	4.99909458282621e-06	7.95284676653834e-05	3.93050301868096	RELCH
ENSG00000113231	1.61543461538461	-1.30370192307692	5.05458473962457	5.00375582337743e-06	7.95284676653834e-05	3.92961876052781	PDE8B
ENSG00000134321	2.81281153846154	0.245463461538462	5.0545838487384	5.00377180290011e-06	7.95284676653834e-05	3.92961573056132	RSAD2
ENSG00000143633	1.38260769230769	2.87723461538462	5.05432006876857	5.00850534191183e-06	7.95284676653834e-05	3.92871860450796	C1orf131
ENSG00000162642	1.27561538461539	3.17313846153846	5.0542409057925	5.00992678242274e-06	7.95284676653834e-05	3.92844937128936	C1orf52
ENSG00000255837	3.12477307692308	-3.65583653846154	5.05377718512719	5.01826126257801e-06	7.95953140111285e-05	3.92687228714057	TAS2R20
ENSG00000138071	1.18754230769231	5.74564807692307	5.05348317716059	5.02355254544402e-06	7.96138216623201e-05	3.92587241104051	ACTR2
ENSG00000131263	1.27920769230769	2.55847692307692	5.05210663716611	5.04839928579324e-06	7.99092732748248e-05	3.92119127850031	RLIM
ENSG00000143079	1.47586153846154	1.74309615384615	5.05199195749921	5.05047471353087e-06	7.99092732748248e-05	3.92080131297652	CTTNBP2NL
ENSG00000155744	1.43360769230769	0.387307692307692	5.04976509184524	5.09094234885602e-06	8.04185695381106e-05	3.91322951983236	HYCC2
ENSG00000115457	2.38278846153846	5.80929038461538	5.04976216190559	5.09099580249553e-06	8.04185695381106e-05	3.91321955821202	IGFBP2
ENSG00000147050	1.60449615384615	2.36944038461538	5.04892948843566	5.10620942797855e-06	8.05929358857481e-05	3.91038859967407	KDM6A
ENSG00000055208	1.53581923076923	3.27803269230769	5.04804037181326	5.12250365822413e-06	8.07840589172389e-05	3.90736592309256	TAB2
ENSG00000170558	3.90419615384615	0.256778846153846	5.04557946640407	5.16786998319373e-06	8.14329749270111e-05	3.89900069922904	CDH2
ENSG00000123268	1.59646923076923	2.79133461538462	5.04516128051609	5.17561832370303e-06	8.14885485338006e-05	3.89757932398483	ATF1
ENSG00000111653	1.22292307692308	4.55010769230769	5.04476577376518	5.18295696219375e-06	8.15375861786682e-05	3.89623507091873	ING4
ENSG00000182612	-2.50846538461538	5.77149038461539	-5.0458325687626	5.19328802556615e-06	8.16335820500842e-05	3.89498545890415	TSPAN10
ENSG00000111961	1.42629230769231	2.74068076923077	5.04262641907091	5.22283040895214e-06	8.20311597917032e-05	3.88896444542832	SASH1
ENSG00000171155	1.28965384615385	3.43196153846154	5.04201354780253	5.2343086081553e-06	8.21247159984525e-05	3.88688179306104	C1GALT1C1
ENSG00000178105	1.02373846153846	3.27251153846154	5.04185425259617	5.23729603657955e-06	8.21247159984525e-05	3.8863404923597	DDX10
ENSG00000112144	1.58520384615385	2.16211346153846	5.04129583695283	5.247781827003e-06	8.21620659640672e-05	3.88444298863534	CILK1
ENSG00000074695	1.43455	4.17324423076923	5.04127407864016	5.24819081664482e-06	8.21620659640672e-05	3.88436905509131	LMAN1
ENSG00000180245	2.21603076923077	-3.66304615384615	5.03812250253935	5.30776293596222e-06	8.29466079575164e-05	3.87366135469874	RRH
ENSG00000115738	1.39084230769231	4.07141730769231	5.03772622618419	5.31530036470722e-06	8.29466079575164e-05	3.87231514419988	ID2
ENSG00000150093	1.58790384615385	6.47141730769231	5.03771612569003	5.31549261997865e-06	8.29466079575164e-05	3.87228083178446	ITGB1
ENSG00000042429	1.45320769230769	3.28019230769231	5.0368441887647	5.33211506973174e-06	8.31387860993795e-05	3.86931886353731	MED17
ENSG00000172716	2.43418461538462	1.17056538461538	5.03649914210791	5.33870707839721e-06	8.31743847734475e-05	3.86814679032365	SLFN11
ENSG00000173193	1.99803846153846	2.92834230769231	5.03578050451755	5.35246215114378e-06	8.33214329867165e-05	3.86570577364004	PARP14
ENSG00000157106	1.44567307692308	2.39737115384615	5.03343484057878	5.39760215387415e-06	8.38897215218993e-05	3.85773904195396	SMG1
ENSG00000132670	1.07519230769231	5.45838076923077	5.03343183859357	5.39766016319737e-06	8.38897215218993e-05	3.85772884695128	PTPRA
ENSG00000116962	2.28077692307692	3.82832692307692	5.03312463198056	5.40359975851688e-06	8.39144699425995e-05	3.85668555789897	NID1
ENSG00000249242	1.83848846153846	-0.357825	5.03251734989979	5.41535998141804e-06	8.40005430123332e-05	3.85462326340651	TMEM150C
ENSG00000049089	2.02247307692308	1.13883653846154	5.03238915534803	5.41784572607133e-06	8.40005430123332e-05	3.85418793338096	COL9A2
ENSG00000157426	1.28129230769231	1.59873846153846	5.03177343141397	5.42980050175016e-06	8.41183299239834e-05	3.85209707895383	AASDH
ENSG00000030066	1.47167307692308	3.15601346153846	5.02971619470672	5.46993174165263e-06	8.46042407124365e-05	3.84511183749979	NUP160
ENSG00000069122	1.37592692307692	0.335759615384615	5.02887165913589	5.48649066657581e-06	8.4792417403453e-05	3.84224455167462	ADGRF5
ENSG00000089472	2.00315	-0.278140384615385	5.02861647419096	5.49150379818306e-06	8.4801998253062e-05	3.84137820570652	HEPH
ENSG00000181315	1.4841	2.64698076923077	5.02816173074076	5.50044843667846e-06	8.48275564599379e-05	3.83983440243441	ZNF322
ENSG00000173198	1.77420384615385	-2.22553653846154	5.02808556850902	5.5019479193826e-06	8.48275564599379e-05	3.83957584496766	CYSLTR1
ENSG00000150687	2.43657307692308	4.94464423076923	5.02770926601884	5.50936246438085e-06	8.48405002160824e-05	3.83829838404026	PRSS23
ENSG00000146243	1.63997307692308	-0.958913461538461	5.02737418551871	5.51597304932826e-06	8.48405002160824e-05	3.8371608907209	IRAK1BP1
ENSG00000182405	1.64349230769231	-1.39071923076923	5.02641362337054	5.53496658909399e-06	8.50648567430583e-05	3.83390023136884	PGBD4
ENSG00000163946	1.52592692307692	3.65486730769231	5.02571456720453	5.54882967316948e-06	8.52100709476455e-05	3.83152740076457	TASOR
ENSG00000152583	2.11292307692308	3.72082307692308	5.02525924077112	5.55787766368427e-06	8.52811705422078e-05	3.82998193309675	SPARCL1
ENSG00000178700	1.41538076923077	1.26211730769231	5.02496836053228	5.56366546064808e-06	8.53021718720333e-05	3.82899465410667	DHFR2
ENSG00000071073	1.61843461538462	1.63430961538462	5.02447493450156	5.57349696693537e-06	8.53850888513916e-05	3.8273199589441	MGAT4A
ENSG00000155545	1.51959615384615	1.48756346153846	5.02372768483072	5.58841842132461e-06	8.55457896802767e-05	3.82478389323174	MIER3
ENSG00000090863	1.22489230769231	5.20319230769231	5.02331107408664	5.59675455098115e-06	8.56055095860453e-05	3.82337002979794	GLG1
ENSG00000154258	2.78750384615385	-2.215975	5.02301536006132	5.60267902459683e-06	8.56282764938975e-05	3.82236648205578	ABCA9
ENSG00000184454	3.2687	-6.30906538461539	5.02120356663049	5.63911213547039e-06	8.60602842559743e-05	3.81621835856316	NCMAP
ENSG00000184939	1.31660769230769	2.48001153846154	5.02116638860241	5.63986217602484e-06	8.60602842559743e-05	3.81609220719176	ZFP90
ENSG00000127603	1.07292307692308	5.47009230769231	5.02077141591747	5.64783652777903e-06	8.61138929666024e-05	3.81475201811212	MACF1
ENSG00000198948	1.80341923076923	2.67771730769231	5.02023947443779	5.6585937412339e-06	8.62098145122636e-05	3.81294713665308	MFAP3L
ENSG00000112739	1.40283076923077	3.86850384615385	5.01965012050612	5.6705354934315e-06	8.62900548560454e-05	3.81094753335388	PRPF4B
ENSG00000100532	1.54828461538461	2.59830769230769	5.0195384451395	5.67280109891321e-06	8.62900548560454e-05	3.81056864233548	CGRRF1
ENSG00000165300	4.02296538461539	-6.50242115384615	5.01852073001195	5.69348895090864e-06	8.65365489916452e-05	3.8071158866375	SLITRK5
ENSG00000243927	1.20976923076923	6.13641153846154	5.01817789689376	5.70047465484772e-06	8.65745572482498e-05	3.80595282819652	MRPS6
ENSG00000105974	1.72727307692308	6.49353653846154	5.0160687761196	5.74363661129864e-06	8.71614917514919e-05	3.79879827348397	CAV1
ENSG00000196757	1.53425769230769	1.76644038461538	5.01466294347721	5.77258437701771e-06	8.73946637094689e-05	3.79403000369867	ZNF700
ENSG00000263956	1.67485384615385	1.79766538461538	5.01400473282067	5.78618694558842e-06	8.75319487544618e-05	3.79179766346677	NBPF11
ENSG00000139668	1.32224230769231	1.44568653846154	5.01253129196281	5.81675131835738e-06	8.79254116666034e-05	3.78680082396524	WDFY2
ENSG00000109927	2.14898846153846	-3.04652115384615	5.01217822010034	5.82409880677478e-06	8.7967589410934e-05	3.78560353855274	TECTA
ENSG00000119608	3.07064230769231	-5.45166730769231	5.01180179285103	5.83194236955249e-06	8.79838536862632e-05	3.78432708679846	PROX2
ENSG00000170571	2.16422307692308	0.387780769230769	5.01168914081809	5.834291701726e-06	8.79838536862632e-05	3.78394509428459	EMB
ENSG00000168556	1.16705384615385	2.92016538461539	5.01123601247445	5.84375098573954e-06	8.80577090380408e-05	3.78240860925968	ING2
ENSG00000174197	1.49679230769231	1.25491153846154	5.0081399599028	5.9087871129527e-06	8.89682664908938e-05	3.77191171764727	MGA
ENSG00000253251	1.81500384615385	-0.101305769230769	5.00782716546103	5.91539713904717e-06	8.89983717654151e-05	3.77085134428128	SHLD3
ENSG00000174953	1.51246153846154	4.16380384615385	5.00543240527927	5.96624494021796e-06	8.96934782562517e-05	3.76273388768306	DHX36
ENSG00000018408	1.54033076923077	4.59895769230769	5.00502779747982	5.97487825842629e-06	8.97533657761888e-05	3.76136253579436	WWTR1
ENSG00000164938	1.83607692307692	1.90875384615385	5.00441407158702	5.9879970681162e-06	8.98804878739091e-05	3.75928248784867	TP53INP1
ENSG00000064313	1.53787307692308	2.70589038461538	5.00361863824982	6.00504211543971e-06	9.00078020368494e-05	3.7565867300456	TAF2
ENSG00000175879	1.23236923076923	2.73441923076923	5.00337214866184	6.01033371814974e-06	9.00078020368494e-05	3.75575139726701	HOXD8
ENSG00000128881	1.53746153846154	0.568011538461539	5.00298196635258	6.01871946261169e-06	9.00078020368494e-05	3.75442913180213	TTBK2
ENSG00000240857	1.03078461538461	3.70594615384615	5.00273721977952	6.02398538781628e-06	9.00078020368494e-05	3.75359974358613	RDH14
ENSG00000153214	1.47654615384615	2.31496153846154	5.00263873246499	6.02610570098483e-06	9.00078020368494e-05	3.75326599747283	TMEM87B
ENSG00000136436	1.32225384615385	4.76945	5.0026266958064	6.02636488601293e-06	9.00078020368494e-05	3.75322520874594	CALCOCO2
ENSG00000180914	2.36305769230769	-2.47477884615385	5.0024988154726	6.02911920601183e-06	9.00078020368494e-05	3.75279186174005	OXTR
ENSG00000197479	2.40133076923077	-1.52248461538462	5.00187327838536	6.04261001889833e-06	9.01394908769664e-05	3.75067216651577	PCDHB11
ENSG00000103540	1.78610384615385	1.03392884615385	5.00163775642243	6.04769714812381e-06	9.01457127801035e-05	3.74987410123638	CCP110
ENSG00000166478	1.23193461538461	2.67649807692308	5.00104215009353	6.06058066012456e-06	9.02680466685064e-05	3.74785595136291	ZNF143
ENSG00000158092	1.44190769230769	3.32563076923077	5.00036115205548	6.07534431614821e-06	9.0418173735242e-05	3.74554856585512	NCK1
ENSG00000154274	3.92399230769231	0.0197730769230769	4.99845754216399	6.11680119772941e-06	9.09650335283288e-05	3.739099272776	C4orf19
ENSG00000163960	1.33683846153846	1.72902692307692	4.99763239067076	6.13485760404968e-06	9.11633228106012e-05	3.73630399199929	UBXN7
ENSG00000186470	1.50227307692308	5.000675	4.99655970631127	6.15840895890391e-06	9.14428985644016e-05	3.73267041663306	BTN3A2
ENSG00000075089	1.40488076923077	3.22554038461538	4.99618878741051	6.16657332924884e-06	9.14937470979941e-05	3.7314140432738	ACTR6
ENSG00000147854	1.49753076923077	2.97126923076923	4.99446535437267	6.20464785684668e-06	9.19879551311149e-05	3.72557688395921	UHRF2
ENSG00000110852	1.97965	2.18391730769231	4.99381155698361	6.21915206013063e-06	9.21322273343833e-05	3.7233627022337	CLEC2B
ENSG00000144744	1.37979230769231	4.14343461538462	4.99149995042932	6.2707015897793e-06	9.27535270402375e-05	3.7155349381674	UBA3
ENSG00000121005	2.47168846153846	2.28847115384615	4.99106187101256	6.28051809672602e-06	9.27589968571397e-05	3.71405162203829	CRISPLD1
ENSG00000062725	1.54727307692308	2.40925961538462	4.99105455243317	6.2806822199804e-06	9.27589968571397e-05	3.71402684207266	APPBP2
ENSG00000005801	1.33990384615385	2.54381346153846	4.98937628710808	6.31842973457411e-06	9.32451446226942e-05	3.70834475112059	ZNF195
ENSG00000153015	1.23794615384615	2.98815384615385	4.98897195372662	6.32755725515051e-06	9.32676103973431e-05	3.7069759051482	CWC27
ENSG00000091986	2.18356923076923	4.03314615384615	4.98881071612974	6.33120068333877e-06	9.32676103973431e-05	3.70643005623442	CCDC80
ENSG00000107099	1.78686153846154	1.20265	4.98866711366427	6.33444735175448e-06	9.32676103973431e-05	3.70594391410551	DOCK8
ENSG00000164163	1.31880384615385	4.170075	4.98807236614425	6.34791125599195e-06	9.33946120231803e-05	3.7039305494378	ABCE1
ENSG00000163602	1.33668076923077	2.41044807692308	4.98760241190296	6.35856996665512e-06	9.34801797915794e-05	3.7023397013747	RYBP
ENSG00000075568	1.14585769230769	3.44018653846154	4.98704028887273	6.37134218631788e-06	9.35259983879853e-05	3.70043692241461	TMEM131
ENSG00000156049	2.21702307692308	-1.87204230769231	4.98703876354225	6.37137687821585e-06	9.35259983879853e-05	3.70043175929627	GNA14
ENSG00000163428	1.39340769230769	2.55563461538461	4.98613472125389	6.39197096521586e-06	9.37570026911563e-05	3.69737175045705	LRRC58
ENSG00000120451	1.33481923076923	3.48745192307692	4.98565916548581	6.40283035735182e-06	9.38449767562355e-05	3.69576216604824	SNX19
ENSG00000147588	4.92591153846154	-2.19137115384615	4.98486104660212	6.42109627246339e-06	9.40412908553572e-05	3.69306094634992	PMP2
ENSG00000183044	1.71038846153846	-0.0803365384615385	4.98461921181191	6.42664105122343e-06	9.40511389020211e-05	3.69224249140028	ABAT
ENSG00000174652	1.36847307692308	3.24665576923077	4.98401020031043	6.44062528694351e-06	9.41843862983868e-05	3.69018144325042	ZNF266
ENSG00000175073	1.49898076923077	1.45835576923077	4.98294808190906	6.4650854005588e-06	9.44705098311783e-05	3.68658718458232	VCPIP1
ENSG00000124766	1.43598846153846	3.75335576923077	4.98205824519122	6.4856481691956e-06	9.46277147467745e-05	3.68357614793616	SOX4
ENSG00000125247	1.50568461538462	2.11188461538462	4.98140191808093	6.50085603854536e-06	9.47779638308467e-05	3.68135538731291	TMTC4
ENSG00000118454	1.53015769230769	2.26903269230769	4.98090204183494	6.51246224981972e-06	9.48376756166817e-05	3.67966406758818	ANKRD13C
ENSG00000122299	1.32742307692308	4.58263846153846	4.98080241200538	6.51477790331658e-06	9.48376756166817e-05	3.67932697968572	ZC3H7A
ENSG00000152558	1.99004615384615	4.57104230769231	4.97928792166653	6.55007830102132e-06	9.5202319271722e-05	3.67420314780089	TMEM123
ENSG00000174780	1.26205384615384	5.22026923076923	4.97917020762398	6.55282988621067e-06	9.5202319271722e-05	3.67380492059278	SRP72
ENSG00000187546	3.31998846153846	-1.814225	4.97909353562824	6.55462271730397e-06	9.5202319271722e-05	3.67354554066845	AGMO
ENSG00000165997	1.68108846153846	0.968298076923077	4.97732358768407	6.5961438256439e-06	9.57333565912814e-05	3.66755824131069	ARL5B
ENSG00000167904	1.48095384615385	3.00981153846154	4.97639239192022	6.61809229089316e-06	9.59076843026357e-05	3.66440854371288	TMEM68
ENSG00000162819	1.16321153846154	3.66995192307692	4.97556368324579	6.63768542683033e-06	9.60474076417585e-05	3.6616056800945	BROX
ENSG00000173611	1.42825384615385	-0.574057692307692	4.97469917841467	6.65818560428381e-06	9.62718776925021e-05	3.65868192658036	SCAI
ENSG00000124459	1.60413846153846	1.77486153846154	4.97367388430389	6.68257922652284e-06	9.64944286315346e-05	3.65521462257593	ZNF45
ENSG00000164961	1.22535	4.44805576923077	4.97363210263496	6.68357514792321e-06	9.64944286315346e-05	3.65507333226993	WASHC5
ENSG00000145681	3.92038076923077	-4.029125	4.97264199385619	6.70721840405677e-06	9.67634057201105e-05	3.65172527277819	HAPLN1
ENSG00000137441	3.49101538461538	1.48691923076923	4.97222937505077	6.7170957466556e-06	9.68335318877469e-05	3.65033007084234	FGFBP2
ENSG00000127995	1.50785384615385	2.72569615384615	4.97172247242136	6.72924962851078e-06	9.6936347447122e-05	3.64861612128519	CASD1
ENSG00000166091	6.21017692307692	-0.856853846153846	4.97490674112227	6.74608119006567e-06	9.7106342439849e-05	3.64781565643216	CMTM5
ENSG00000139278	1.70617307692308	1.34572884615385	4.96929496751948	6.78775334008981e-06	9.76333850400548e-05	3.64040907078532	GLIPR1
ENSG00000135341	1.46054230769231	2.66109423076923	4.96692618622241	6.84532320813006e-06	9.8233629193037e-05	3.63240195970284	MAP3K7
ENSG00000163660	1.37052307692308	4.33984230769231	4.96682649004571	6.84775666855505e-06	9.8233629193037e-05	3.63206499052392	CCNL1
ENSG00000047634	2.08675769230769	0.823071153846154	4.96661185723125	6.85299847375269e-06	9.8233629193037e-05	3.63133954834933	SCML1
ENSG00000241399	2.34955769230769	0.551290384615384	4.96651177393047	6.85544407487516e-06	9.8233629193037e-05	3.63100127849447	CD302
ENSG00000197372	1.50513076923077	0.401523076923077	4.96631271218454	6.86031082709999e-06	9.8233629193037e-05	3.63032848043533	ZNF675
ENSG00000198856	1.04095384615384	6.34852307692308	4.96613456424925	6.86466914572464e-06	9.8233629193037e-05	3.629726376152	OSTC
ENSG00000115963	1.82175769230769	3.77391730769231	4.96595474802888	6.86907103559282e-06	9.8233629193037e-05	3.62911864136546	RND3
ENSG00000171657	2.46213461538462	-4.10875192307692	4.96578175523406	6.87330850449029e-06	9.8233629193037e-05	3.62853397564013	GPR82
ENSG00000155307	2.11459615384615	0.314863461538462	4.96570108736427	6.8752853463085e-06	9.8233629193037e-05	3.62826134405164	SAMSN1
ENSG00000082996	1.62822307692308	4.76825	4.96521658022133	6.88717040120323e-06	9.82739126690509e-05	3.6266238988364	RNF13
ENSG00000141219	1.27490384615385	2.54952884615385	4.96517110331461	6.88828699379505e-06	9.82739126690509e-05	3.62647020760903	C17orf80
ENSG00000112282	1.29547307692308	2.16229807692308	4.96437844396435	6.90777770296364e-06	9.84791971937276e-05	3.62379146238524	MED23
ENSG00000163328	2.43648461538462	1.54231538461538	4.96345044115167	6.93066519786449e-06	9.86431488611114e-05	3.62065552979248	GPR155
ENSG00000187187	1.66244615384615	-0.642423076923077	4.96337955682485	6.93241648843286e-06	9.86431488611114e-05	3.62041600430394	ZNF546
ENSG00000065150	1.35949230769231	4.87821153846154	4.96324793862956	6.93566944176493e-06	9.86431488611114e-05	3.61997125608195	IPO5
ENSG00000104643	1.47923846153846	0.838261538461539	4.96287966975702	6.94477920030078e-06	9.86431488611114e-05	3.61872686945411	MTMR9
ENSG00000213186	1.97790769230769	-0.434784615384615	4.96287764716476	6.94482926499769e-06	9.86431488611114e-05	3.61872003517418	TRIM59
ENSG00000185745	2.4598	2.89340384615385	4.96177939071157	6.97206652876699e-06	9.8889061892043e-05	3.61500920871041	IFIT1
ENSG00000172466	1.28203846153846	3.89804230769231	4.96137266021193	6.98218022592427e-06	9.8889061892043e-05	3.61363500973543	ZNF24
ENSG00000255423	3.02465	-2.68949038461538	4.96135440977712	6.98263437594439e-06	9.8889061892043e-05	3.6135733489126	EBLN2
ENSG00000173698	3.04421923076923	-3.900375	4.96052063342662	7.00341331187507e-06	9.90202872094749e-05	3.61075644472115	ADGRG2
ENSG00000104343	1.54441153846154	2.54689423076923	4.96027973814945	7.00942807455259e-06	9.90202872094749e-05	3.60994261483368	UBE2W
ENSG00000198015	1.15658076923077	4.517025	4.96017666479708	7.01200319749386e-06	9.90202872094749e-05	3.60959440080901	MRPL42
ENSG00000168092	1.10671923076923	4.30061730769231	4.96016000718262	7.01241944854956e-06	9.90202872094749e-05	3.60953812642475	PAFAH1B2
ENSG00000113638	1.84458461538462	1.34785769230769	4.95764324997727	7.0755893421666e-06	9.9839255169475e-05	3.60103656319583	TTC33
ENSG00000182141	1.76097307692308	0.035625	4.95738050646747	7.08221625313509e-06	9.98597664969077e-05	3.60014911088101	ZNF708
ENSG00000159885	1.48101923076923	0.865994230769231	4.95646223412583	7.1054248024174e-06	0.000100113879533623	3.59704765480409	ZNF222
ENSG00000135164	1.70084615384615	3.48774615384615	4.95598097585516	7.11761800234881e-06	0.000100212531217607	3.59542229343202	DMTF1
ENSG00000169379	1.68026538461539	0.934313461538461	4.95471246578374	7.14985561017202e-06	0.000100593048719497	3.59113841023771	ARL13B
ENSG00000145908	2.20276538461539	0.107271153846154	4.95398907259243	7.16830389447469e-06	0.000100732447050897	3.588695619898	ZNF300
ENSG00000278662	3.1351	-2.54795384615385	4.95378331154086	7.17355983345148e-06	0.000100732447050897	3.58800081951555	GOLGA6L10
ENSG00000091513	4.14232692307692	1.252125	4.95415429551515	7.17541909003698e-06	0.000100732447050897	3.58793546168097	TF
ENSG00000136111	1.77811153846154	2.07808269230769	4.95316502805219	7.18937598058305e-06	0.000100855032378775	3.58591310404916	TBC1D4
ENSG00000144034	1.0427	4.30804615384616	4.95212371261928	7.21609102162538e-06	0.000101156285396104	3.58239718123603	TPRKB
ENSG00000185219	1.25700384615385	0.801725	4.95143566181788	7.23379647903353e-06	0.00010118544764376	3.58007417826662	ZNF445
ENSG00000124193	1.12378076923077	5.58555961538461	4.95143175224306	7.23389720501418e-06	0.00010118544764376	3.58006097906468	SRSF6
ENSG00000130224	3.70063461538462	-4.31957115384615	4.94983876574	7.27505358346088e-06	0.000101679270018652	3.57468317992508	LRCH2
ENSG00000215114	1.41394230769231	2.50832884615384	4.94734706725346	7.33989052410702e-06	0.000102371319932686	3.56627267127531	UBXN2B
ENSG00000115808	1.38011923076923	1.43714807692308	4.94698101479051	7.34946331150362e-06	0.00010239645022209	3.56503722436474	STRN
ENSG00000028116	1.28393846153846	3.08309615384615	4.94687256744482	7.35230171516428e-06	0.00010239645022209	3.56467121513678	VRK2
ENSG00000164134	1.37298076923077	2.60293653846154	4.94640297550029	7.36460481864042e-06	0.000102493847739161	3.56308637876356	NAA15
ENSG00000152804	1.69733846153846	1.38611153846154	4.94616650755657	7.37080782462577e-06	0.000102506270489014	3.56228833871857	HHEX
ENSG00000081665	1.21878076923077	1.80479807692308	4.9455615397779	7.38670064205833e-06	0.000102653335128619	3.56024673670543	ZNF506
ENSG00000151773	1.40419230769231	1.30966538461538	4.94515097389513	7.39750557900728e-06	0.000102729532511926	3.5588612405728	CCDC122
ENSG00000077097	1.38907307692308	5.04263269230769	4.94113296785882	7.50407049877475e-06	0.000104134488021459	3.54530430505669	TOP2B
ENSG00000189050	1.50249230769231	2.57474230769231	4.93859229110551	7.57223014254261e-06	0.000104789337557847	3.53673403962896	RNFT1
ENSG00000268043	1.36768846153846	1.47107115384615	4.93847860614913	7.57529417317871e-06	0.000104789337557847	3.53635059305877	NBPF12
ENSG00000115145	1.34195384615385	2.15322692307692	4.93828736383395	7.5804512714314e-06	0.000104789337557847	3.53570556158286	STAM2
ENSG00000102805	1.33306538461538	3.63114807692308	4.93826690145951	7.58100327008803e-06	0.000104789337557847	3.53563654562648	CLN5
ENSG00000077232	1.44933461538461	4.48590961538461	4.9379875636445	7.58854271117487e-06	0.000104789337557847	3.5346943993113	DNAJC10
ENSG00000185650	1.29889230769231	5.50406153846154	4.93785831503713	7.59203367383814e-06	0.000104789337557847	3.53425847823292	ZFP36L1
ENSG00000163606	2.28020769230769	-2.35407692307692	4.93770600544529	7.59614952967311e-06	0.000104789337557847	3.53374478400582	CD200R1
ENSG00000170542	2.10696153846154	1.53298076923077	4.93755923654007	7.60011773200983e-06	0.000104789337557847	3.53324978236912	SERPINB9
ENSG00000173674	1.48133846153846	4.3609	4.93686439125368	7.61893195674389e-06	0.000104973764140633	3.53090637903816	EIF1AX
ENSG00000102024	1.44957307692308	5.89598269230769	4.93612775047745	7.63892779903809e-06	0.000105174196365786	3.52842215104213	PLS3
ENSG00000147649	1.84015	4.39096730769231	4.93586888626828	7.64596679744379e-06	0.000105196077755565	3.52754919667217	MTDH
ENSG00000250486	3.68192692307692	-3.45053653846154	4.93533441673676	7.66052016569492e-06	0.000105321239856417	3.52574688621224	FAM218A
ENSG00000102921	1.17121538461539	3.48072692307692	4.93474064864141	7.67672009266475e-06	0.000105393832111456	3.5237446967097	N4BP1
ENSG00000091164	1.03131923076923	5.28609038461539	4.9337594602447	7.70356383519813e-06	0.000105687201642381	3.52043631868711	TXNL1
ENSG00000172247	3.13187307692308	-2.55024038461539	4.93300907944926	7.72415520763835e-06	0.000105894437480854	3.51790634342368	C1QTNF4
ENSG00000088205	1.24749230769231	4.11896923076923	4.93264573033627	7.73414535886572e-06	0.000105956144685724	3.51668133084472	DDX18
ENSG00000079819	1.90493846153846	3.10526538461538	4.93242661822139	7.74017589546842e-06	0.000105963556957608	3.51594262190455	EPB41L2
ENSG00000154803	1.06196923076923	3.98480384615385	4.9302343711133	7.8007669209959e-06	0.000106717366318911	3.50855240473541	FLCN
ENSG00000130844	1.41256538461538	1.67649038461538	4.92977441667204	7.81353845971441e-06	0.000106722716332238	3.50700202069007	ZNF331
ENSG00000115540	1.44308846153846	3.482325	4.9296685108239	7.81648204925615e-06	0.000106722716332238	3.50664504783793	MOB4
ENSG00000120697	1.08947307692308	4.89305961538461	4.92962310398867	7.81774443836628e-06	0.000106722716332238	3.50649199759884	ALG5
ENSG00000062370	1.84508076923077	-0.0403980769230768	4.92892917021279	7.83706192262128e-06	0.000106910817167745	3.50415305940772	ZNF112
ENSG00000069345	1.25706538461538	4.46635192307692	4.92848035758255	7.84958075246916e-06	0.000107005972644712	3.50264037913421	DNAJA2
ENSG00000150401	1.27363461538462	1.97107115384615	4.9281792234008	7.85799135532015e-06	0.000107045029733059	3.50162546362791	DCUN1D2
ENSG00000121892	1.29700769230769	3.42343461538461	4.92684941101997	7.89523858140887e-06	0.000107476579927317	3.49714385866666	PDS5A
ENSG00000020181	1.83435	2.68921730769231	4.92649157755341	7.90529082919884e-06	0.000107537582012703	3.49593799951252	ADGRA2
ENSG00000198087	1.65008076923077	2.44430576923077	4.92593850880517	7.9208523378612e-06	0.000107638226644532	3.49407428297613	CD2AP
ENSG00000133138	2.28193461538461	-0.366398076923077	4.925832379697	7.92384189306736e-06	0.000107638226644532	3.49371666077074	TBC1D8B
ENSG00000134086	1.51188461538462	3.06212307692308	4.9239493556241	7.97706938659973e-06	0.000108285070583358	3.48737192859205	VHL
ENSG00000047188	1.49317692307692	1.85416923076923	4.9229891604774	8.0043461843175e-06	0.000108578984115166	3.48413695764009	YTHDC2
ENSG00000166454	1.14101923076923	3.75340192307692	4.92230488397859	8.02384064849888e-06	0.000108766991599701	3.48183172074568	ATMIN
ENSG00000083896	1.11224615384615	4.30914230769231	4.92197093232024	8.03337156366871e-06	0.00010881976932877	3.48070672507258	YTHDC1
ENSG00000120708	1.91325769230769	6.00150192307692	4.92129466598248	8.05270611699163e-06	0.000108929755285129	3.478428647789	TGFBI
ENSG00000132406	1.30924230769231	4.12621346153846	4.92129217812211	8.05277732952798e-06	0.000108929755285129	3.47842026737349	TMEM128
ENSG00000155903	1.52776923076923	1.29665	4.92084096640494	8.06570304376509e-06	0.000109028197376609	3.47690037625568	RASA2
ENSG00000164136	2.26648846153846	-0.137159615384615	4.91988226027116	8.09323441459666e-06	0.000109323795594793	3.47367117972822	IL15
ENSG00000110077	1.86343076923077	3.99278846153846	4.91929683688764	8.11009147570683e-06	0.000109474892136762	3.47169942139555	MS4A6A
ENSG00000154229	2.07083846153846	1.53955	4.9183739016808	8.13673707815865e-06	0.000109757816785253	3.46859107039268	PRKCA
ENSG00000135919	2.1752	9.14656538461539	4.9191498198917	8.15814766665064e-06	0.000109969779615473	3.46672378756681	SERPINE2
ENSG00000124788	1.17865	2.36429038461538	4.91716541209363	8.17175671118507e-06	0.000110076357150039	3.46452132988362	ATXN1
ENSG00000119772	1.15323461538462	2.94631346153846	4.91632097716054	8.19631450469017e-06	0.000110330166585798	3.46167781026078	DNMT3A
ENSG00000167232	1.35127692307692	1.84814615384615	4.91603812794742	8.20455648559811e-06	0.000110364149018467	3.46072539474676	ZNF91
ENSG00000106723	1.35416923076923	3.66255	4.91463057258361	8.24569252514731e-06	0.00011078493330371	3.45598615000813	SPIN1
ENSG00000183808	1.59251538461539	1.69535769230769	4.91431798950343	8.25485524546083e-06	0.00011078493330371	3.45493375015645	RBM12B
ENSG00000139687	1.72059615384615	3.34027115384615	4.91424384188928	8.25703019367332e-06	0.00011078493330371	3.45468411478637	RB1
ENSG00000019991	2.04478461538462	-1.34118461538462	4.91418369230069	8.25879495539757e-06	0.00011078493330371	3.45448160809149	HGF
ENSG00000106460	1.48633846153846	3.2982	4.91392369397532	8.26642744742761e-06	0.000110810311817844	3.45360627771982	TMEM106B
ENSG00000104408	1.13303461538462	7.664775	4.91193492653271	8.32503897945652e-06	0.000111518547828209	3.44691131196949	EIF3E
ENSG00000005436	1.05321538461538	3.34867692307692	4.9106840894143	8.36211145526338e-06	0.000111859901192619	3.44270102552522	GCFC2
ENSG00000151090	2.88354615384615	-2.4025	4.90985582039998	8.38674890218077e-06	0.000112111782589193	3.43991331325018	THRB
ENSG00000124831	1.20248846153846	4.62723269230769	4.90962263466936	8.39369801674391e-06	0.000112127026171078	3.43912850970301	LRRFIP1
ENSG00000171189	2.66382307692308	-7.04359615384615	4.90904918684289	8.41081124481707e-06	0.000112277931852492	3.4371985885857	GRIK1
ENSG00000107864	1.80681538461538	-1.58855769230769	4.90789351542229	8.44540368225455e-06	0.000112661801851112	3.43330946795557	CPEB3
ENSG00000109586	2.21754230769231	1.63085961538462	4.90759855852034	8.4542548955996e-06	0.000112670381874472	3.43231691978553	GALNT7
ENSG00000115827	1.45838076923077	1.46690961538462	4.90748314581932	8.45772073439935e-06	0.000112670381874472	3.4319285550034	DCAF17
ENSG00000108510	1.46826538461538	2.12600192307692	4.90723993642872	8.46502886780863e-06	0.000112681621884368	3.431110164397	MED13
ENSG00000101596	1.80276923076923	2.28746153846154	4.90706665565238	8.47023951480176e-06	0.000112681621884368	3.43052709025305	SMCHD1
ENSG00000145781	1.49115769230769	3.25695961538462	4.90650461011257	8.48716219787104e-06	0.000112713049497337	3.42863591087855	COMMD10
ENSG00000118620	1.53843076923077	0.296980769230769	4.90638694397305	8.49070921631491e-06	0.000112713049497337	3.42823999633112	ZNF430
ENSG00000172318	2.77054230769231	-1.34028653846154	4.90635844812575	8.49156843577146e-06	0.000112713049497337	3.4281441160922	B3GALT1
ENSG00000101782	1.29401923076923	3.82453653846154	4.90621289647596	8.49595850482437e-06	0.000112713049497337	3.4276543803733	RIOK3
ENSG00000213626	1.52778461538462	3.42813076923077	4.90542129675514	8.51987343005871e-06	0.000112885285565066	3.42499099049024	LBH
ENSG00000163069	1.9354	2.87052692307692	4.90423039603345	8.55597607244183e-06	0.000113206165943162	3.42098442918071	SGCB
ENSG00000268350	1.34363461538462	2.90434038461538	4.9042102907975	8.55658685753889e-06	0.000113206165943162	3.42091679202829	FAM156A
ENSG00000087470	1.22975	4.09256346153846	4.90354273455844	8.5768911290007e-06	0.000113388416545927	3.41867108765115	DNM1L
ENSG00000174460	3.01408076923077	-5.45667884615385	4.90337138865064	8.58211037525773e-06	0.000113388416545927	3.41809468690407	ZCCHC12
ENSG00000132912	1.23712692307692	3.83900192307692	4.90251437183713	8.60826216540643e-06	0.000113656145402763	3.41521183016882	DCTN4
ENSG00000168310	1.14009615384615	3.71610576923077	4.90170774111632	8.63294784989754e-06	0.000113904164283371	3.41249863626068	IRF2
ENSG00000138380	1.70218461538462	-0.248323076923077	4.90129045011831	8.64574564132953e-06	0.000113995101171164	3.41109509642101	CARF
ENSG00000095564	1.49078076923077	1.62718269230769	4.90049251130188	8.67026927289326e-06	0.000114240414863248	3.4084113893544	BTAF1
ENSG00000122545	1.15662692307692	6.44107884615384	4.89964865597936	8.69627834263747e-06	0.000114440945238609	3.40557342985656	SEPTIN7
ENSG00000198586	1.47106538461539	2.70112884615385	4.89961407446026	8.69734583562343e-06	0.000114440945238609	3.405457133089	TLK1
ENSG00000221944	1.39636153846154	0.609319230769231	4.89910366259871	8.71311664198783e-06	0.000114570361403468	3.40374066687036	TIGD1
ENSG00000226763	1.64845384615385	-2.19324230769231	4.8987870885619	8.72291230300028e-06	0.000114621086579179	3.40267609245807	SRRM5
ENSG00000250722	2.02108076923077	3.27789423076923	4.8985755911771	8.72946262647115e-06	0.000114629127264471	3.40196488396515	SELENOP
ENSG00000267281	1.57329615384615	0.0176788461538462	4.89815758632501	8.74242292742277e-06	0.000114721271086364	3.40055928066928	ATF7-NPFF
ENSG00000120925	1.48230384615385	2.09689423076923	4.89744283064256	8.76462778256461e-06	0.000114934517722041	3.39815591318605	RNF170
ENSG00000005379	2.77176923076923	0.477846153846154	4.89534557757127	8.83010165361317e-06	0.000115714495736385	3.39110465687209	TSPOAP1
ENSG00000070761	1.07382307692308	4.85222307692308	4.89504552810923	8.83950800933316e-06	0.000115759174426159	3.39009594182089	CFAP20
ENSG00000091039	1.70394230769231	2.66989807692308	4.8944718125183	8.85752099675964e-06	0.000115916425627425	3.38816727279056	OSBPL8
ENSG00000159110	1.17031538461539	3.68384230769231	4.89307868082929	8.9014112719165e-06	0.000116314548610347	3.38348431376374	IFNAR2
ENSG00000206418	1.18231923076923	4.00643269230769	4.89299756151505	8.90397347920792e-06	0.000116314548610347	3.38321164975867	RAB12
ENSG00000175518	2.97074230769231	-4.51388269230769	4.89293278724047	8.90601993711302e-06	0.000116314548610347	3.38299392708596	UBQLNL
ENSG00000170293	2.14140384615385	0.141563461538462	4.8927359037259	8.91224304567934e-06	0.000116317124753718	3.38233215860902	CMTM8
ENSG00000029363	1.46812307692308	4.37430769230769	4.89161968247972	8.94760538363993e-06	0.000116611460420399	3.37858048509303	BCLAF1
ENSG00000145284	2.72451538461538	0.425592307692308	4.89156486778831	8.94934547632156e-06	0.000116611460420399	3.378396258582	SCD5
ENSG00000170802	1.65089615384615	2.05174423076923	4.8914466096071	8.95310071372114e-06	0.000116611460420399	3.37799880771226	FOXN2
ENSG00000124491	2.16650769230769	1.23566923076923	4.89119186505994	8.96119526890813e-06	0.000116611460420399	3.37714265564865	F13A1
ENSG00000152382	1.2278	2.37754615384615	4.89107218399312	8.96500063533507e-06	0.000116611460420399	3.37674043423015	TADA1
ENSG00000075539	1.36656153846154	2.79936153846154	4.88849528520496	9.0473210330608e-06	0.000117573314441171	3.36808095211947	FRYL
ENSG00000163378	1.49496923076923	2.73961153846154	4.88825133798159	9.05515236949745e-06	0.000117573314441171	3.36726127438394	EOGT
ENSG00000164252	1.47941538461538	2.69485	4.88818696406307	9.05722004735126e-06	0.000117573314441171	3.36704497661874	AGGF1
ENSG00000151967	3.70783076923077	-1.81141538461538	4.88780803232543	9.06940065229739e-06	0.000117652312359742	3.36577177955424	SCHIP1
ENSG00000153201	1.48663461538462	2.78044038461539	4.88737043130425	9.08348715187569e-06	0.000117735371217189	3.36430150219658	RANBP2
ENSG00000185261	1.92956153846154	-2.38631923076923	4.88723031634254	9.08800202629703e-06	0.000117735371217189	3.36383074631352	KIAA0825
ENSG00000173226	1.55916153846154	2.27237692307692	4.8869594201733	9.09673726008662e-06	0.000117769496533502	3.3629206084002	IQCB1
ENSG00000164168	1.35014615384615	3.14036538461538	4.88649109869081	9.11185804038367e-06	0.000117886190183328	3.36134721977041	TMEM184C
ENSG00000106780	1.89934230769231	2.46153653846154	4.88548085135978	9.14456008468384e-06	0.000118221557611915	3.35795335293791	MEGF9
ENSG00000181827	1.55671153846154	0.980275	4.88531225328484	9.15002885935873e-06	0.000118221557611915	3.35738698340398	RFX7
ENSG00000144747	1.94355384615385	2.14419615384615	4.88509974800671	9.15692641162826e-06	0.000118231538811813	3.35667312744982	TMF1
ENSG00000140280	1.52252307692308	2.79853461538462	4.88415004601455	9.18781447129793e-06	0.000118551057980925	3.35348299534273	LYSMD2
ENSG00000159882	1.50735384615385	-0.0843499999999999	4.88346889400264	9.21003114028694e-06	0.00011875833740879	3.35119509067842	ZNF230
ENSG00000173406	3.65819230769231	-5.72448461538462	4.8821689483896	9.25257691882063e-06	0.000119227297906538	3.34682907079962	DAB1
ENSG00000171109	1.64586923076923	3.08237692307692	4.88186605370579	9.26251798538956e-06	0.00011924341092396	3.34581182670545	MFN1
ENSG00000133107	2.39465	-4.05278653846154	4.88175448687648	9.26618227145729e-06	0.00011924341092396	3.34543714573826	TRPC4
ENSG00000071189	1.59625769230769	2.61412884615385	4.8810202712099	9.29033224657546e-06	0.000119474539210957	3.34297147016521	SNX13
ENSG00000083520	1.67776923076923	2.79026538461539	4.88049086380309	9.307783921488e-06	0.000119516813980733	3.3411936779811	DIS3
ENSG00000175787	1.72031153846154	-0.614732692307692	4.88037853956819	9.31149077174647e-06	0.000119516813980733	3.3408164936659	ZNF169
ENSG00000071243	1.50907692307692	2.18993461538462	4.880357223752	9.31219438569247e-06	0.000119516813980733	3.34074491561504	ING3
ENSG00000168301	1.07682692307692	2.03900192307692	4.87945396661349	9.34205798206283e-06	0.000119820428722763	3.33771190658226	KCTD6
ENSG00000186564	1.70496153846154	-0.205857692307692	4.87853163918487	9.37264901107731e-06	0.000120132964051013	3.3346150819731	FOXD2
ENSG00000224389	2.03836923076923	3.20217307692308	4.87831926265755	9.37970685277352e-06	0.000120140676906144	3.33390203385532	C4B
ENSG00000123728	1.57130384615385	2.46025192307692	4.87813908772137	9.3856986361946e-06	0.000120140676906144	3.33329711089574	RAP2C
ENSG00000162894	-2.02686923076923	3.38381538461538	-4.87792574247264	9.39279836515807e-06	0.000120151879948738	3.33258083222626	FCMR
ENSG00000143889	1.10213076923077	3.69530384615385	4.87691443451313	9.42652452283533e-06	0.00012050344560549	3.32918566030146	HNRNPLL
ENSG00000141429	1.31302307692308	4.0636	4.8766768495591	9.43446496809078e-06	0.000120525133870984	3.32838807679323	GALNT1
ENSG00000164619	2.99472307692308	-3.05999615384615	4.8762047188267	9.45026376126021e-06	0.0001206471173172	3.32680315623321	BMPER
ENSG00000112146	1.13011153846154	4.83554423076923	4.87539914349642	9.47728045812165e-06	0.000120912058614093	3.32409901251502	FBXO9
ENSG00000151917	2.28965769230769	-1.45682115384615	4.87333267385552	9.54693082470715e-06	0.000121698072314611	3.31716309350139	BEND6
ENSG00000133872	1.40531538461539	6.62219615384615	4.87319766562563	9.55149870779854e-06	0.000121698072314611	3.31670998946872	SARAF
ENSG00000133121	2.26382307692308	1.67159230769231	4.87274132057697	9.56695460919677e-06	0.000121801878678365	3.31517847536072	STARD13
ENSG00000108443	1.25694615384615	2.54162692307692	4.87233427140789	9.58076160942425e-06	0.000121801878678365	3.31381244644965	RPS6KB1
ENSG00000113282	1.37507692307692	4.20657692307692	4.87221067442634	9.58495785289842e-06	0.000121801878678365	3.31339767210774	CLINT1
ENSG00000166225	1.61193461538462	1.97350192307692	4.87217436907129	9.5861907991609e-06	0.000121801878678365	3.31327583712834	FRS2
ENSG00000162694	1.63750384615385	2.89209038461538	4.8720270340794	9.591195958717e-06	0.000121801878678365	3.31278140794807	EXTL2
ENSG00000101986	-1.45171538461539	5.17345384615384	-4.87093597438965	9.62834051184551e-06	0.000121991361335739	3.30912018912075	ABCD1
ENSG00000157181	1.30314230769231	2.64184423076923	4.87078984987799	9.63332594439358e-06	0.000121991361335739	3.30862986952689	ODR4
ENSG00000010539	1.23800384615385	1.66690576923077	4.87074458103262	9.63487092694082e-06	0.000121991361335739	3.30847797142619	ZNF200
ENSG00000141380	1.10911538461538	4.56518846153846	4.87070238457399	9.63631127068338e-06	0.000121991361335739	3.3083363831009	SS18
ENSG00000009413	1.67494615384615	2.64888076923077	4.87066124640604	9.6377156937783e-06	0.000121991361335739	3.30819834627228	REV3L
ENSG00000110344	1.44054230769231	2.809675	4.8703024367826	9.64997367216456e-06	0.000122066475618475	3.306994399418	UBE4A
ENSG00000111850	1.05235384615385	1.18655769230769	4.86994482536037	9.66220592969286e-06	0.000122141166379084	3.30579450661874	SMIM8
ENSG00000163807	1.25080384615385	2.81596730769231	4.86915188047356	9.68938322827035e-06	0.000122385749031727	3.30313406018548	KIAA1143
ENSG00000116774	2.12935	2.94352884615385	4.86901056306665	9.69423458889867e-06	0.000122385749031727	3.30265993688709	OLFML3
ENSG00000198843	1.53666538461539	5.16637884615385	4.86848324658857	9.71235815493052e-06	0.000122534411414787	3.30089082373101	SELENOT
ENSG00000138379	3.39507307692308	-5.286425	4.86747655817425	9.74704977658791e-06	0.000122811554724201	3.29751365119061	MSTN
ENSG00000096717	1.44953846153846	1.74722692307692	4.86623925810803	9.7898550357849e-06	0.000123270431673683	3.29336320273075	SIRT1
ENSG00000105894	2.8023	0.402403846153846	4.86574180710538	9.8071166101258e-06	0.000123407282871746	3.29169464684321	PTN
ENSG00000174606	1.33969230769231	3.04253461538462	4.86546560406526	9.81671375244485e-06	0.000123447573656966	3.29076823153922	ANGEL2
ENSG00000146072	1.77265	4.04284038461538	4.86482224526438	9.8391040688468e-06	0.000123648584531868	3.28861041339296	TNFRSF21
ENSG00000149571	2.14080384615385	0.0151480769230769	4.86360147173423	9.88172745602947e-06	0.000123961936162659	3.28451625242282	KIRREL3
ENSG00000168497	2.21150769230769	-1.72668461538462	4.86320040471372	9.89577021293611e-06	0.000123961936162659	3.28317126230467	CAVIN2
ENSG00000198162	1.49585	2.15380961538462	4.86306251319841	9.90060279560624e-06	0.000123961936162659	3.28270884882251	MAN1A2
ENSG00000205302	1.30294615384615	4.75265769230769	4.86303306306124	9.90163521281016e-06	0.000123961936162659	3.28261008965747	SNX2
ENSG00000170965	3.62738846153846	-4.00960192307692	4.86300640510903	9.90256983695905e-06	0.000123961936162659	3.28252069410457	PLAC1
ENSG00000172765	1.14712692307692	2.38384038461538	4.86132209225892	9.96179735135572e-06	0.00012462253679405	3.27687285032426	TMCC1
ENSG00000172687	1.37594615384615	1.02445384615385	4.85916251399335	1.00382456312908e-05	0.000125346134447757	3.26963244021458	ZNF738
ENSG00000069869	1.67290384615385	0.797036538461539	4.85901902782462	1.00433453205894e-05	0.000125346134447757	3.26915141830272	NEDD4
ENSG00000141646	1.88449230769231	3.59032692307692	4.85877369897032	1.00520705200371e-05	0.000125346134447757	3.26832899236958	SMAD4
ENSG00000149403	2.74628076923077	-5.10559807692308	4.85869098249074	1.00550140333532e-05	0.000125346134447757	3.26805170212383	GRIK4
ENSG00000123552	1.51798461538462	0.827861538461539	4.85859023493057	1.0058600334641e-05	0.000125346134447757	3.26771396877463	USP45
ENSG00000171962	1.29402307692308	0.427015384615385	4.85742031817498	1.01003377084939e-05	0.000125703945059354	3.26379228464723	DRC3
ENSG00000114757	3.63773076923077	-3.59775769230769	4.85697452188745	1.01162863598545e-05	0.00012582131160069	3.26229802380008	PEX5L
ENSG00000111885	1.74800769230769	0.157269230769231	4.85566265122418	1.0163362771582e-05	0.000126244138725771	3.25790108056694	MAN1A1
ENSG00000175745	2.67924615384615	0.898557692307693	4.85452708081136	1.02042860500796e-05	0.000126670954099477	3.25409540358606	NR2F1
ENSG00000164830	1.93357307692308	2.56155192307692	4.85376150377857	1.02319667746409e-05	0.000126853365914438	3.25152989120448	OXR1
ENSG00000230797	1.94362692307692	-0.538517307692308	4.8537571594804	1.02321240599275e-05	0.000126853365914438	3.25151533354283	YY2
ENSG00000164327	1.68482692307692	1.22801346153846	4.85346690208646	1.02426381991341e-05	0.000126902211269502	3.25054269779546	RICTOR
ENSG00000159873	1.26464615384615	2.17374615384615	4.85225001545626	1.02868335131895e-05	0.000127350628718963	3.24646522420527	CCDC117
ENSG00000186446	1.73403461538462	-0.307651923076923	4.85210737649585	1.02920261514574e-05	0.000127350628718963	3.24598730351618	ZNF501
ENSG00000168672	2.58346153846154	1.80863846153846	4.85154884039731	1.03123838826575e-05	0.000127520785449672	3.24411594561556	LRATD2
ENSG00000070018	1.41163076923077	2.22615	4.85136653395029	1.03190371982077e-05	0.000127521366861077	3.24350515143327	LRP6
ENSG00000170881	1.24066153846154	3.71524615384615	4.85080637298597	1.03395067449605e-05	0.00012769257754189	3.24162845974404	RNF139
ENSG00000042493	-2.33519230769231	7.65790769230769	-4.85301800125606	1.03630747305401e-05	0.000127901810437094	3.24067226786049	CAPG
ENSG00000038219	1.44206153846154	3.07384615384615	4.84961061742055	1.03833356410777e-05	0.000128069985865637	3.23762263195474	BOD1L1
ENSG00000171522	1.88108076923077	-0.332894230769231	4.84900895152216	1.04054577716223e-05	0.000128184245919437	3.23560717139294	PTGER4
ENSG00000152578	3.39556923076924	-6.41161538461538	4.84899746369143	1.04058806069397e-05	0.000128184245919437	3.23556869039107	GRIA4
ENSG00000157259	1.28098076923077	3.44115192307692	4.848580518934	1.04212385981837e-05	0.00012829156164588	3.23417206646818	GATAD1
ENSG00000117569	1.66133461538462	1.89285192307692	4.84737591332461	1.04657347157194e-05	0.000128757219386572	3.23013730481194	PTBP2
ENSG00000172172	1.26192307692308	4.67505384615385	4.84702235580989	1.04788298599561e-05	0.000128836211966072	3.22895315622489	MRPL13
ENSG00000118523	1.84601923076923	4.103725	4.84639546117928	1.05020884314628e-05	0.000128998906878545	3.22685361812625	CCN2
ENSG00000271723	2.92803846153846	-5.41844230769231	4.84630555377181	1.05054282553527e-05	0.000128998906878545	3.22655251704705	MROH7-TTC4
ENSG00000145868	1.31065384615385	2.99226153846154	4.8453619874891	1.05405421316985e-05	0.000129343147317691	3.22339263111044	FBXO38
ENSG00000198625	1.31395384615385	1.98938846153846	4.84519243879529	1.05468639008468e-05	0.000129343147317691	3.22282485879102	MDM4
ENSG00000079785	1.04576538461539	5.52528269230769	4.84468735713665	1.05657183437525e-05	0.000129492102342511	3.22113352350703	DDX1
ENSG00000151876	1.18395769230769	2.63428653846154	4.84389754565607	1.05952678621474e-05	0.000129687655040271	3.21848886760913	FBXO4
ENSG00000167377	1.36566923076923	1.79722692307692	4.84380586478234	1.05987031973847e-05	0.000129687655040271	3.21818188820829	ZNF23
ENSG00000110330	1.57693846153846	3.74043076923077	4.84372244991118	1.06018297494456e-05	0.000129687655040271	3.21790258820164	BIRC2
ENSG00000165487	1.44396923076923	3.80425384615385	4.84198745013285	1.06670662974821e-05	0.000130403027701265	3.2120936677684	MICU2
ENSG00000060339	1.36256538461539	4.06234423076923	4.84099528299996	1.07045487942913e-05	0.00013077842112418	3.20877217256209	CCAR1
ENSG00000162999	1.63704615384615	-0.518934615384615	4.83892363550863	1.07832290722827e-05	0.000131573116802953	3.20183772996696	DUSP19
ENSG00000118965	1.36864230769231	1.90662115384615	4.83844380573014	1.08015335031816e-05	0.000131713203545113	3.2002317554724	WDR35
ENSG00000172465	1.48735384615384	3.50661923076923	4.83616069722015	1.08890470715477e-05	0.00013269651238768	3.19259111035242	TCEAL1
ENSG00000135828	1.52446538461538	1.55144423076923	4.83593436096313	1.08977605125563e-05	0.000132718909257965	3.19183373005075	RNASEL
ENSG00000147251	1.63566153846154	1.11378461538462	4.83462365373304	1.09483543721877e-05	0.000133250999020391	3.18744803083024	DOCK11
ENSG00000187601	1.19457692307692	3.88637307692308	4.83253358584115	1.10295085612111e-05	0.000134074157949294	3.18045550051026	MAGEH1
ENSG00000135414	1.75812692307692	3.13107884615385	4.83252406877799	1.10298794396456e-05	0.000134074157949294	3.18042366290834	GDF11
ENSG00000169288	1.18016153846154	3.37892692307692	4.83201051812282	1.10499105640234e-05	0.000134148694098958	3.17870570875795	MRPL1
ENSG00000070269	1.19354615384615	2.05085384615385	4.83126211258654	1.10791661006075e-05	0.000134388653232895	3.1762022336654	TMEM260
ENSG00000134744	1.24271153846154	3.56995576923077	4.8311488482842	1.10836002666305e-05	0.000134388653232895	3.1758233688171	TUT4
ENSG00000124333	1.26522307692308	4.28644615384615	4.83089375941044	1.10935930713375e-05	0.000134425377938498	3.17497011871267	VAMP7
ENSG00000164332	1.46026153846154	3.52760384615385	4.83011909966639	1.11239936089607e-05	0.000134709189858072	3.17237905640329	UBLCP1
ENSG00000135999	1.32580769230769	2.90019230769231	4.82966839692359	1.11417184240214e-05	0.000134770653113854	3.17087163150161	EPC2
ENSG00000081189	1.72571538461538	2.63577307692308	4.82962098043981	1.11435847836173e-05	0.000134770653113854	3.17071304503095	MEF2C
ENSG00000137968	3.32210384615385	-3.86191346153846	4.8293607840274	1.11538318269059e-05	0.000134770653113854	3.16984281769358	SLC44A5
ENSG00000161381	1.62687692307692	1.40182307692308	4.82928047261203	1.11569965122488e-05	0.000134770653113854	3.16957421970752	PLXDC1
ENSG00000198498	1.03053461538462	3.50350576923077	4.82804598722137	1.12057525038507e-05	0.000135189233563948	3.16544575609515	TMA16
ENSG00000102786	1.2458	2.80636538461538	4.82787153469475	1.12126593242439e-05	0.000135189233563948	3.16486237123873	INTS6
ENSG00000179195	1.22503076923077	4.67645	4.82693796676029	1.12496915588139e-05	0.000135495050049775	3.16174057578762	ZNF664
ENSG00000152193	1.47769615384615	1.948225	4.82687829527212	1.12520626446557e-05	0.000135495050049775	3.16154104587275	OBI1
ENSG00000136450	1.0007	6.11632307692308	4.82653427137603	1.1265742215845e-05	0.000135575200743427	3.160390715209	SRSF1
ENSG00000146278	1.08624230769231	5.24400576923077	4.82509984490609	1.13229558193009e-05	0.000136020600553877	3.15559469222116	PNRC1
ENSG00000178974	1.11476923076923	2.55669615384615	4.82508760184526	1.13234453702093e-05	0.000136020600553877	3.15555375977999	FBXO34
ENSG00000109576	2.56369615384615	0.646336538461538	4.8249002470083	1.13309395270493e-05	0.000136020600553877	3.15492737809121	AADAT
ENSG00000157216	1.02421923076923	4.52869038461538	4.82422520045692	1.13579815888154e-05	0.000136116658134668	3.15267057971567	SSBP3
ENSG00000205707	1.01455384615385	3.50381538461538	4.82419608849246	1.13591492226531e-05	0.000136116658134668	3.15257325610488	ETFRF1
ENSG00000171365	1.27506923076923	1.92803846153846	4.82417248108307	1.13600961640651e-05	0.000136116658134668	3.15249433482699	CLCN5
ENSG00000110696	1.49999230769231	6.30264615384615	4.8232213603854	1.13983119756528e-05	0.000136489836269247	3.1493147945831	C11orf58
ENSG00000196376	3.63096153846154	-0.239676923076923	4.82298102211782	1.14079886363702e-05	0.000136521019620492	3.14851139660919	SLC35F1
ENSG00000156011	2.34414615384615	-0.259865384615385	4.82216166628524	1.14410386412218e-05	0.000136831703154588	3.14577258746432	PSD3
ENSG00000167380	1.32698076923077	3.19240576923077	4.82197839779557	1.14484438957264e-05	0.000136835487627992	3.14516001223629	ZNF226
ENSG00000100519	1.26683076923077	4.93695384615385	4.82034591664966	1.15146145063277e-05	0.000137440349925819	3.13970384177989	PSMC6
ENSG00000074356	1.09532692307692	3.40763653846154	4.82025727936893	1.15182180173774e-05	0.000137440349925819	3.13940761388445	NCBP3
ENSG00000166265	1.40973846153846	-0.0127423076923077	4.82020336019646	1.15204106190735e-05	0.000137440349925819	3.13922741576978	CYYR1
ENSG00000196659	1.52784615384615	0.743888461538461	4.81978422333338	1.15374686067978e-05	0.000137488632899378	3.13782668531499	IFT70B
ENSG00000115461	2.94028461538462	4.11443461538461	4.82272230873415	1.15514599147655e-05	0.000137488632899378	3.13807234575132	IGFBP5
ENSG00000068366	1.75642692307692	2.83099038461539	4.81936780399019	1.1554440508679e-05	0.000137488632899378	3.13643508370405	ACSL4
ENSG00000158163	1.40802692307692	1.29255576923077	4.81922978687364	1.1560071035367e-05	0.000137488632899378	3.13597386465953	DZIP1L
ENSG00000169251	1.52500384615385	3.45936730769231	4.81823641975511	1.16006756982344e-05	0.000137886602834371	3.13265442966977	NMD3
ENSG00000111142	1.25581153846154	4.96929807692308	4.81799141913014	1.16107117592504e-05	0.000137920965593114	3.1318357767849	METAP2
ENSG00000177565	1.38734615384615	3.56273461538462	4.8175896805125	1.16271867608339e-05	0.000138031725734549	3.1304934297587	TBL1XR1
ENSG00000115548	1.26126923076923	3.80091538461539	4.81492580796499	1.17370112445291e-05	0.000139249863585216	3.12159362080951	KDM3A
ENSG00000137876	1.22403846153846	4.9082	4.81439733361816	1.17589193812504e-05	0.000139424091410489	3.1198282542688	RSL24D1
ENSG00000145780	1.4017	2.05387692307692	4.81417820904007	1.17680150351486e-05	0.000139446282519014	3.1190962916742	FEM1C
ENSG00000089177	1.53968076923077	1.99011346153846	4.81395479675173	1.17772957658443e-05	0.000139452729205757	3.1183500198495	KIF16B
ENSG00000256806	1.23228461538462	0.912169230769231	4.81381737618434	1.17830078917572e-05	0.000139452729205757	3.11789099588506	C17orf100
ENSG00000066651	1.49302307692308	1.61469615384615	4.81315834923275	1.18104392484614e-05	0.00013969173334133	3.11568972878295	TRMT11
ENSG00000234545	1.27577307692308	3.16156730769231	4.81272844728622	1.18283672147961e-05	0.000139818109214457	3.1142538434576	FAM133B
ENSG00000107560	1.72721538461539	1.04965	4.8121609520159	1.18520740016347e-05	0.000140012597584795	3.11235846919323	RAB11FIP2
ENSG00000162804	2.3097	0.945592307692308	4.81197481440307	1.1859859928171e-05	0.000140018884522009	3.11173680828093	SNED1
ENSG00000074966	2.28608461538462	-2.49351538461538	4.81007866285285	1.19394599337315e-05	0.000140700485409536	3.10540459308	TXK
ENSG00000104067	1.58308461538462	3.88605	4.80961295957281	1.19590899867962e-05	0.000140845829173354	3.10384952233656	TJP1
ENSG00000050165	2.46002307692308	2.81549615384615	4.80922487060512	1.19754726416835e-05	0.000140952773416107	3.10255366544197	DKK3
ENSG00000169519	1.35878461538462	1.42752692307692	4.80862342168066	1.20009054583849e-05	0.000141166043914201	3.10054546534273	METTL15
ENSG00000126775	1.0763	2.45993846153846	4.80838084060296	1.20111781916473e-05	0.000141200835952112	3.09973553026361	ATG14
ENSG00000177463	1.26272692307692	2.70245192307692	4.80799774298695	1.20274190177511e-05	0.000141305702556086	3.09845646808659	NR2C2
ENSG00000144285	3.16288076923078	-7.87630961538462	4.80735077508301	1.20548950788661e-05	0.000141510822860474	3.09629650317773	SCN1A
ENSG00000105971	1.61785	4.30135192307692	4.80724154212787	1.2059540154664e-05	0.000141510822860474	3.09593182964583	CAV2
ENSG00000196911	1.6483	0.456142307692308	4.80633598708026	1.20981160166058e-05	0.00014187723783022	3.09290876504498	KPNA5
ENSG00000167384	1.58118846153846	0.503021153846154	4.80583511327444	1.21195047124077e-05	0.000142013877765553	3.09123676627626	ZNF180
ENSG00000165392	1.5186	1.13100384615385	4.80571494970285	1.21246415370516e-05	0.000142013877765553	3.0908356507752	WRN
ENSG00000173588	1.59029230769231	1.69595769230769	4.80554667095138	1.21318388040924e-05	0.000142013877765553	3.09027392961898	CEP83
ENSG00000102753	1.31755384615384	3.00986153846154	4.80443512752304	1.21794846731792e-05	0.000142312707413061	3.08656374754416	KPNA3
ENSG00000183508	2.26240769230769	-0.495884615384615	4.80402821114933	1.21969727866692e-05	0.000142360182031287	3.0852055998672	TENT5C
ENSG00000165525	1.40001538461538	3.83453846153846	4.8039694022486	1.21995022606378e-05	0.000142360182031287	3.08500931960929	NEMF
ENSG00000214787	1.88856538461539	-2.73591346153846	4.80375424276869	1.22087610281038e-05	0.000142360182031287	3.0842912125799	MS4A4E
ENSG00000148143	1.23278461538462	2.12735769230769	4.80365467922773	1.2213047787588e-05	0.000142360182031287	3.08395891786397	ZNF462
ENSG00000170185	1.43881153846154	1.75264807692308	4.80132376386037	1.23138290116634e-05	0.000143448305016378	3.07618022888291	USP38
ENSG00000164219	1.45441923076923	2.04041730769231	4.8008046186977	1.23363858667084e-05	0.00014362440071476	3.07444794915872	PGGT1B
ENSG00000187688	-1.41105384615385	6.73813846153846	-4.79910577709899	1.24104838867967e-05	0.000144064550655576	3.06877978253309	TRPV2
ENSG00000162614	2.38143846153846	-0.954596153846154	4.79882491856912	1.24227759654623e-05	0.000144064550655576	3.0678427771767	NEXN
ENSG00000001631	1.42768076923077	3.26343653846154	4.79877022503218	1.24251710746994e-05	0.000144064550655576	3.06766031011251	KRIT1
ENSG00000185950	1.4265	2.95441538461538	4.79875283059057	1.24259328973192e-05	0.000144064550655576	3.06760227942952	IRS2
ENSG00000196628	1.66606538461538	0.630251923076923	4.79874637049723	1.24262158410348e-05	0.000144064550655576	3.06758072752976	TCF4
ENSG00000107679	1.47557692307692	2.29811153846154	4.7987413644101	1.24264351055035e-05	0.000144064550655576	3.06756402643406	PLEKHA1
ENSG00000145919	1.11963846153846	4.66822307692308	4.79835168941053	1.24435143393611e-05	0.000144151822505702	3.06626403027547	BOD1
ENSG00000078142	1.14675	4.73476346153846	4.7981422978027	1.24527013515426e-05	0.000144151822505702	3.06556549536267	PIK3C3
ENSG00000104064	1.02358076923077	2.99205576923077	4.79805880655986	1.24563663647884e-05	0.000144151822505702	3.06528697012787	GABPB1
ENSG00000138381	1.07398076923077	4.06295576923077	4.79643268138866	1.25279594374046e-05	0.000144725124797461	3.05986262767868	ASNSD1
ENSG00000197044	1.95595384615385	0.0142961538461539	4.79642809087382	1.25281621125409e-05	0.000144725124797461	3.05984731590778	ZNF441
ENSG00000146250	4.02409615384616	-4.34831346153846	4.79642272832468	1.25283988777163e-05	0.000144725124797461	3.05982942900553	PRSS35
ENSG00000001629	1.53617692307692	2.97061923076923	4.79569223940271	1.25606921423608e-05	0.000145011387813392	3.05739294062114	ANKIB1
ENSG00000077009	-5.46133846153846	-1.96164615384615	-4.79492958662424	1.25944943086337e-05	0.000145314718254367	3.05484932841719	NMRK2
ENSG00000111785	1.17013461538462	2.12884423076923	4.79471172033615	1.26041668949919e-05	0.000145339446579468	3.05412272646849	RIC8B
ENSG00000111886	2.94294615384616	-4.86281153846154	4.79428970486576	1.26229237764011e-05	0.000145468834421416	3.05271530730684	GABRR2
ENSG00000165478	3.90168846153847	-6.64738653846154	4.79378202374312	1.2645524386561e-05	0.000145642337251663	3.05102225848259	HEPACAM
ENSG00000081307	1.30248846153846	3.49943269230769	4.79319365548534	1.26717665678077e-05	0.00014585754922981	3.04906021737983	UBA5
ENSG00000197557	1.52372307692308	0.223473076923077	4.79292967935112	1.2683557662803e-05	0.000145873873717096	3.04817996281946	IFT70A
ENSG00000138801	1.25526923076923	4.91055384615385	4.79282360110867	1.26882989157646e-05	0.000145873873717096	3.04782623980822	PAPSS1
ENSG00000116539	1.46805769230769	2.23269807692308	4.79174403292918	1.27366499449615e-05	0.000146310837457439	3.04422654358599	ASH1L
ENSG00000138758	1.50172692307692	4.41374038461538	4.7916367218541	1.27414659776177e-05	0.000146310837457439	3.04386874462617	SEPTIN11
ENSG00000116747	1.77237692307692	2.74637307692308	4.79084704978246	1.27769607153801e-05	0.000146631196604626	3.04123589994024	RO60
ENSG00000107186	1.49525769230769	2.69076730769231	4.79030111596408	1.28015563458882e-05	0.000146826168832252	3.0394158029576	MPDZ
ENSG00000127947	1.50475	4.72291730769231	4.78901438770493	1.28597101727168e-05	0.000147344056369559	3.03512628474535	PTPN12
ENSG00000137801	2.12141923076923	2.85917884615385	4.78896435479164	1.28619766348602e-05	0.000147344056369559	3.03495950108783	THBS1
ENSG00000117500	1.82586153846154	3.40510769230769	4.78783192134871	1.29133799992919e-05	0.000147743225512137	3.03118474260601	TMED5
ENSG00000107938	1.15601538461538	2.28773076923077	4.78762576977246	1.29227592486121e-05	0.000147743225512137	3.03049761228219	EDRF1
ENSG00000171204	1.10951538461538	4.57483846153846	4.78758118992198	1.29247883691781e-05	0.000147743225512137	3.03034902331622	TMEM126B
ENSG00000083844	1.05939230769231	1.16688076923077	4.78752301941865	1.2927436558566e-05	0.000147743225512137	3.03015513620968	ZNF264
ENSG00000141655	2.13195	-1.29637115384615	4.78680415300979	1.29602065713917e-05	0.000148030099081405	3.0277591719109	TNFRSF11A
ENSG00000161905	3.97214615384616	-5.04835769230769	4.78630434805205	1.29830384589095e-05	0.00014820318827459	3.02609341809085	ALOX15
ENSG00000171295	1.36711923076923	1.34849423076923	4.78549925466324	1.30198992821148e-05	0.000148502097051984	3.0234103415318	ZNF440
ENSG00000171928	1.23048076923077	3.78490576923077	4.78319272761552	1.31260709955861e-05	0.000149511954599399	3.0157245361074	TVP23B
ENSG00000170836	1.27312307692308	2.07988846153846	4.78313644338668	1.31286723849133e-05	0.000149511954599399	3.01553700426454	PPM1D
ENSG00000143341	2.59399615384615	4.54402115384615	4.78354092178162	1.31498289276387e-05	0.000149664591857435	3.01438380164654	HMCN1
ENSG00000198597	5.25293846153847	-3.72110384615385	4.78210791578897	1.31762987178183e-05	0.000149877486240452	3.01211023621607	ZNF536
ENSG00000166147	1.82068846153846	2.615225	4.78125445151692	1.32159471181421e-05	0.000150117938637063	3.00926695256474	FBN1
ENSG00000157741	1.22264230769231	0.475028846153846	4.78120074252502	1.3218446119004e-05	0.000150117938637063	3.00908802984649	UBN2
ENSG00000198862	1.78175769230769	1.28564423076923	4.78115083691756	1.32207685687721e-05	0.000150117938637063	3.00892177819643	LTN1
ENSG00000183023	2.19106153846154	-2.49873076923077	4.78049003836316	1.32515577589805e-05	0.000150379082552382	3.00672051038126	SLC8A1
ENSG00000187690	3.33489615384616	-7.51795576923077	4.78007607629611	1.32708816385227e-05	0.000150509887349239	3.00534157169253	EZHIP
ENSG00000120690	1.65742692307692	4.08257115384615	4.77969858940284	1.3288526902539e-05	0.000150563254442238	3.00408417589689	ELF1
ENSG00000104671	1.15009230769231	4.48677692307692	4.77964172104021	1.32911871506799e-05	0.000150563254442238	3.00389475276594	DCTN6
ENSG00000151135	1.61903076923077	3.68652692307692	4.77913145977343	1.3315080038262e-05	0.000150745448667784	3.00219516087381	TMEM263
ENSG00000003393	1.15292692307692	2.56939038461538	4.77869765455382	1.33354259665233e-05	0.000150887296267174	3.00075028754946	ALS2
ENSG00000173889	1.35092692307692	1.38898269230769	4.77835801343587	1.33513767474629e-05	0.000150944084107891	2.99961908261534	PHC3
ENSG00000138411	1.52788076923077	-1.67616730769231	4.77825785067779	1.33560843214152e-05	0.000150944084107891	2.99928548774946	HECW2
ENSG00000132356	1.50297692307692	2.95553846153846	4.77804387430982	1.33661464957225e-05	0.000150969412408971	2.99857284278849	PRKAA1
ENSG00000188419	1.52882307692308	2.37712692307692	4.77745151632687	1.33940406938186e-05	0.000151196004393439	2.99660006994908	CHM
ENSG00000172071	1.50448076923077	2.60684807692308	4.77721912517435	1.34049995813731e-05	0.00015123127230815	2.99582614737373	EIF2AK3
ENSG00000198890	1.26713846153846	2.72545384615385	4.77620005864403	1.34531595586821e-05	0.00015168594565493	2.99243256940366	PRMT6
ENSG00000125814	1.15526153846154	1.63550769230769	4.77582059726377	1.34711357545697e-05	0.000151799961161973	2.99116900443999	NAPB
ENSG00000158411	1.01868846153846	4.05532115384615	4.77528780971905	1.34964151682888e-05	0.000151975328784204	2.98939494753495	MITD1
ENSG00000165973	5.31695	-2.57078653846154	4.77516087728405	1.35024446389115e-05	0.000151975328784204	2.98897230407665	NELL1
ENSG00000196937	1.66954615384616	4.81082692307692	4.77353612739005	1.35798559497801e-05	0.00015275755209709	2.98356281396511	FAM3C
ENSG00000186009	3.68921923076924	-7.10024038461539	4.77307119594672	1.36020875073724e-05	0.000152918517853703	2.98201499249884	ATP4B
ENSG00000188321	1.27641538461538	2.91007307692308	4.77276932890365	1.36165409185575e-05	0.000152991902998205	2.98101006727971	ZNF559
ENSG00000197106	-2.33854230769231	3.03428653846154	-4.7719385365393	1.36563970083039e-05	0.000153350454596446	2.97824446325732	SLC6A17
ENSG00000144909	1.32463846153846	1.70388076923077	4.7714317491294	1.36807654964534e-05	0.000153480113081039	2.97655752553132	OSBPL11
ENSG00000116209	1.14562307692308	7.77665	4.77074243776514	1.37139788727807e-05	0.000153728765494359	2.9742631370109	TMEM59
ENSG00000186889	1.44411923076923	1.58270192307692	4.76988369477233	1.37554665234368e-05	0.000154104335636623	2.97140497648678	TMEM17
ENSG00000135297	1.07601153846154	2.70278653846154	4.76931673215146	1.37829249962937e-05	0.000154280316031918	2.969518063233	MTO1
ENSG00000152422	1.5829	1.94847692307692	4.76922939087289	1.37871597759446e-05	0.000154280316031918	2.96922738991954	XRCC4
ENSG00000162601	1.20038846153846	1.958075	4.76878530215229	1.38087113267533e-05	0.000154431955237728	2.96774948771133	MYSM1
ENSG00000073921	1.41155769230769	5.78477884615385	4.76847330433405	1.38238722553817e-05	0.000154511989661629	2.96671120944054	PICALM
ENSG00000205221	3.69810384615385	-3.273275	4.76702546957651	1.38944405760677e-05	0.000155210871782311	2.96189340471187	VIT
ENSG00000140006	1.10889615384616	1.97271730769231	4.76648046195811	1.39210958554297e-05	0.000155345827322003	2.96007999265947	WDR89
ENSG00000080608	1.01862692307692	4.21595576923077	4.76644288337649	1.39229355961616e-05	0.000155345827322003	2.95995495993325	PUM3
ENSG00000133773	1.24791538461539	4.16311923076923	4.76628505489325	1.39306650310515e-05	0.000155345827322003	2.95942983197516	CCDC59
ENSG00000167785	1.58607692307692	2.36251538461538	4.76588883043142	1.39500881047594e-05	0.000155435871195356	2.95811154199594	ZNF558
ENSG00000036565	3.74952307692308	-6.08509615384615	4.76579188236525	1.39548445724267e-05	0.000155435871195356	2.95778898992587	SLC18A1
ENSG00000070540	-1.11948461538462	6.22569615384615	-4.76552998613704	1.39677016707342e-05	0.000155489357180036	2.95691765847812	WIPI1
ENSG00000152413	2.09089615384615	0.0752673076923076	4.7639621978255	1.4044910975737e-05	0.000156258741535822	2.95170201115149	HOMER1
ENSG00000111801	1.54449230769231	3.74587307692308	4.763776313944	1.40540929170357e-05	0.000156270826945587	2.95108366658541	BTN3A3
ENSG00000129071	1.16313076923077	3.37428846153846	4.76346634752028	1.4069417128267e-05	0.000156351156492192	2.95005258169538	MBD4
ENSG00000189184	1.63449230769231	-0.421892307692308	4.76237994421034	1.41232563322582e-05	0.000156823028119162	2.94643893768813	PCDH18
ENSG00000138802	1.46128461538462	2.74131153846154	4.76228184987967	1.41281275397204e-05	0.000156823028119162	2.94611266811842	SEC24B
ENSG00000120802	1.46717307692308	3.91525961538462	4.7617654961588	1.41537959731911e-05	0.000157017657281901	2.94439527882396	TMPO
ENSG00000169398	1.12933846153846	5.16056153846154	4.76087309776237	1.41982656424958e-05	0.000157420517919067	2.94142734314088	PTK2
ENSG00000168438	1.44736923076923	1.77431153846154	4.76057965537564	1.4212918222717e-05	0.000157492514611427	2.94045146210586	CDC40
ENSG00000250317	1.59807307692308	3.81022115384615	4.76018558103646	1.4232618995264e-05	0.000157620335321618	2.93914095428091	SMIM20
ENSG00000115841	1.50916538461539	1.48509807692308	4.75995173831062	1.42443220224436e-05	0.000157640042044917	2.93836332277958	RMDN2
ENSG00000136143	1.50511153846154	3.47074038461538	4.75982374443283	1.42507316670145e-05	0.000157640042044917	2.93793769245746	SUCLA2
ENSG00000182568	2.06996923076923	0.947226923076923	4.75896872303965	1.42936217110265e-05	0.000158023928916349	2.935094525515	SATB1
ENSG00000257103	1.08103846153846	5.28178461538462	4.75866286524337	1.43089949869032e-05	0.000158103337282308	2.93407751910138	LSM14A
ENSG00000131013	1.66271538461538	2.52178461538462	4.75838299448251	1.43230762648301e-05	0.000158107803174269	2.93314694503888	PPIL4
ENSG00000080822	1.13111538461539	4.85870384615385	4.7583292706605	1.432578085022e-05	0.000158107803174269	2.93296831511661	CLDND1
ENSG00000136237	1.63623461538462	0.205644230769231	4.75780899024401	1.43519988908682e-05	0.000158306648337388	2.93123844189279	RAPGEF5
ENSG00000198000	1.3759	3.17256923076923	4.75743032017707	1.43711104177327e-05	0.000158382629029462	2.92997945470775	NOL8
ENSG00000152443	1.43240384615385	1.64509423076923	4.75734742605339	1.43752974179981e-05	0.000158382629029462	2.92970385698636	ZNF776
ENSG00000179833	1.21772692307692	3.28549423076923	4.75678715447881	1.4403628191649e-05	0.000158604241291158	2.92784117513853	SERTAD2
ENSG00000133641	1.36208846153846	2.49169807692308	4.75645705349448	1.4420345711049e-05	0.00015869779547342	2.92674376088936	RLIG1
ENSG00000196865	1.37038461538462	0.8754	4.75480471910808	1.45043119160337e-05	0.000159530901945982	2.92125106739719	NHLRC2
ENSG00000121749	1.47124615384615	3.59405769230769	4.75421436493208	1.45344276892433e-05	0.000159593760226041	2.91928879671324	TBC1D15
ENSG00000138594	1.35464230769231	2.65634038461539	4.75420647952592	1.45348303619841e-05	0.000159593760226041	2.91926258717547	TMOD3
ENSG00000179331	3.0081	-3.86341538461539	4.75398830346182	1.45459759793777e-05	0.000159623833367328	2.91853741981796	RAB39A
ENSG00000135363	1.27278076923077	1.74283269230769	4.75382922196454	1.45541080001294e-05	0.000159623833367328	2.91800867772384	LMO2
ENSG00000114120	1.58634615384615	3.70765384615385	4.75245557569684	1.46245122539493e-05	0.000160304917681989	2.91344336035788	SLC25A36
ENSG00000196678	1.48339615384615	2.21131346153846	4.75163758330968	1.46665955546212e-05	0.00016053330495276	2.91072501240157	ERI2
ENSG00000120526	1.61569230769231	2.65075384615385	4.75161344523996	1.46678391864349e-05	0.00016053330495276	2.91064479975642	NUDCD1
ENSG00000164040	1.09814230769231	5.26297115384616	4.75125265675127	1.46864398927532e-05	0.000160618894759102	2.90944589165811	PGRMC2
ENSG00000249853	4.16296538461539	-5.82181346153846	4.75079855373177	1.4709884323201e-05	0.000160668470216223	2.90793694940125	HS3ST5
ENSG00000016864	1.08533461538462	5.54295576923077	4.7507879450004	1.47104324685313e-05	0.000160668470216223	2.90790169826391	GLT8D1
ENSG00000131791	1.69571923076923	2.12809807692308	4.75068130877778	1.47159433944093e-05	0.000160668470216223	2.90754736471314	PRKAB2
ENSG00000163395	3.21835384615385	-5.31733076923077	4.74939629537917	1.47825116148488e-05	0.00016109761243579	2.90327774136855	IGFN1
ENSG00000073584	1.01308461538462	6.03340384615385	4.74934314198139	1.47852714879626e-05	0.00016109761243579	2.90310114234383	SMARCE1
ENSG00000154589	2.20181153846154	4.07680576923077	4.74927547519155	1.47887856668491e-05	0.00016109761243579	2.90287632458313	LY96
ENSG00000083168	1.26653846153846	2.1769	4.74911778943318	1.4796978026662e-05	0.00016109761243579	2.90235243065598	KAT6A
ENSG00000100697	1.36589230769231	2.39583076923077	4.74839290765485	1.48346955143363e-05	0.000161417208293818	2.89994417928405	DICER1
ENSG00000037749	1.78432307692308	2.21117692307692	4.74752615062185	1.487991870951e-05	0.000161818068084322	2.89706477482012	MFAP3
ENSG00000187735	1.23100769230769	5.05461538461538	4.74729101201855	1.48922103609486e-05	0.000161860549885918	2.89628367072067	TCEA1
ENSG00000163513	1.77231153846154	4.15379038461539	4.74709969077223	1.49022188344994e-05	0.000161878182421126	2.89564813448236	TGFBR2
ENSG00000006837	1.46374615384615	0.186746153846154	4.74692897161545	1.49111551224274e-05	0.000161884154852765	2.89508104355816	CDKL3
ENSG00000187257	1.55307692307692	2.09964230769231	4.74593458279315	1.49633107315877e-05	0.000162359070855445	2.89177806939411	RSBN1L
ENSG00000198876	1.12734615384615	3.53622307692308	4.74558418110286	1.49817317891673e-05	0.000162467622879942	2.89061423733966	DCAF12
ENSG00000203791	1.25976153846154	2.10948076923077	4.74501779247409	1.50115545055003e-05	0.000162654543875443	2.88873309473622	EEF1AKMT2
ENSG00000040275	1.44314230769231	2.30778653846154	4.74483177771359	1.50213616272995e-05	0.000162654543875443	2.8881153049772	SPDL1
ENSG00000154059	1.29836538461539	3.17500576923077	4.74477706090056	1.50242476159102e-05	0.000162654543875443	2.88793358208317	IMPACT
ENSG00000055609	1.21912307692308	2.56675	4.74449674169699	1.50390413131833e-05	0.000162690086174556	2.88700261245796	KMT2C
ENSG00000131375	1.30452692307692	2.87704038461538	4.74439551350799	1.50443870808467e-05	0.000162690086174556	2.88666642842831	CAPN7
ENSG00000165895	2.09954615384615	1.21383846153846	4.74407463487955	1.50613446828471e-05	0.000162782271227882	2.88560079311528	ARHGAP42
ENSG00000105856	1.34361153846154	4.77689807692308	4.74284609706106	1.51264428453446e-05	0.000163394362755281	2.88152109808962	HBP1
ENSG00000129515	1.59784230769231	4.38790192307692	4.74197786859613	1.51726148425517e-05	0.000163801445361172	2.87863816603021	SNX6
ENSG00000152242	1.18332692307692	2.453725	4.74082414326267	1.52341829528492e-05	0.000164357440358777	2.87480757848364	ARK2N
ENSG00000154380	2.00745384615385	4.35965	4.74067450498259	1.52421862369401e-05	0.000164357440358777	2.87431077854248	ENAH
ENSG00000111802	1.19359615384615	3.87828269230769	4.74051427871298	1.52507603739782e-05	0.000164357440358777	2.87377883344634	TDP2
ENSG00000183379	3.15585384615385	-4.97082692307692	4.74033682630388	1.52602618378112e-05	0.000164357440358777	2.873189706711	SYNDIG1L
ENSG00000117475	1.44720769230769	2.95149230769231	4.74011471529205	1.527216265536e-05	0.000164357440358777	2.87245232982534	BLZF1
ENSG00000077254	1.39373076923077	3.52053076923077	4.74005799462007	1.5275203232847e-05	0.000164357440358777	2.8722640275231	USP33
ENSG00000228486	2.35983846153846	0.532442307692307	4.73975208473201	1.52916121062509e-05	0.000164429405274559	2.87124847811526	C2orf92
ENSG00000074935	1.04441153846154	1.93907884615385	4.73958229761484	1.53007268577651e-05	0.000164429405274559	2.87068483596909	TUBE1
ENSG00000138750	1.41679615384615	3.30221346153846	4.73945718789403	1.53074465771322e-05	0.000164429405274559	2.87026951456471	NUP54
ENSG00000175106	1.19076923076923	0.973411538461539	4.73838873372428	1.53649517019191e-05	0.000164955318521771	2.866722793569	TVP23C
ENSG00000144824	2.14566153846154	0.451338461538462	4.73798663825723	1.53866475441178e-05	0.000165096418868319	2.8653881262462	PHLDB2
ENSG00000075711	1.43328846153846	3.20433653846154	4.73683737780441	1.54488235934055e-05	0.000165671467679726	2.8615736622457	DLG1
ENSG00000136936	1.11475769230769	2.54987884615385	4.73617606558744	1.54847125921575e-05	0.000165872035053505	2.85937889745683	XPA
ENSG00000196150	1.14221538461538	1.81856923076923	4.73556307611309	1.55180520171707e-05	0.000166136970653049	2.85734461721502	ZNF250
ENSG00000178691	1.55879615384615	2.57471346153846	4.73454961213157	1.55733267157838e-05	0.000166636322391782	2.85398154765519	SUZ12
ENSG00000120992	1.85961538461538	4.04967307692308	4.73431325329013	1.55862455000015e-05	0.000166682158939905	2.85319725862047	LYPLA1
ENSG00000165671	1.08741538461538	2.74143461538462	4.73402949061931	1.56017691153326e-05	0.000166755785843447	2.85225569454808	NSD1
ENSG00000198342	1.96990384615385	-1.95549423076923	4.73377896155263	1.56154872194564e-05	0.000166810044160026	2.8514244232308	ZNF442
ENSG00000118733	4.37796538461539	-6.84924038461539	4.73256026486435	1.56823874028896e-05	0.000167432037631625	2.84738096500037	OLFM3
ENSG00000111224	1.62824230769231	0.926009615384615	4.73207094363508	1.57093274796908e-05	0.000167549882049894	2.84575758726642	PARP11
ENSG00000114098	1.06571153846154	3.34072115384615	4.73193540435979	1.57167977394408e-05	0.000167549882049894	2.84530793266036	ARMC8
ENSG00000055044	1.20392692307692	4.91480576923077	4.73188702197225	1.57194651811821e-05	0.000167549882049894	2.84514742426369	NOP58
ENSG00000185619	1.00278076923077	4.33714038461538	4.73143237546041	1.57445526321215e-05	0.000167724668574967	2.84363916864669	PCGF3
ENSG00000174456	1.21065384615385	3.89441923076923	4.73040247538119	1.58015276602737e-05	0.000168002272729802	2.84022277025245	C12orf76
ENSG00000147548	1.08410384615385	3.69320192307692	4.73029454204357	1.58075103014642e-05	0.000168002272729802	2.83986474982335	NSD3
ENSG00000058063	1.4386	2.73403846153846	4.73029416694517	1.58075310966732e-05	0.000168002272729802	2.83986350560845	ATP11B
ENSG00000162086	1.08925384615385	3.12562692307692	4.73019457542312	1.58130533326014e-05	0.000168002272729802	2.83953315836511	ZNF75A
ENSG00000139168	1.28066153846154	4.74231153846154	4.7301751824824	1.58141288685723e-05	0.000168002272729802	2.83946883188795	ZCRB1
ENSG00000164169	1.18059615384615	1.70595961538462	4.72898812655204	1.58800996971442e-05	0.000168610321481835	2.83553156575002	PRMT9
ENSG00000205581	1.00022692307692	6.74726730769231	4.72833875822435	1.59163023411687e-05	0.000168901805437921	2.83337788951312	HMGN1
ENSG00000198677	1.65772307692308	3.26480384615385	4.72799927095326	1.59352610841372e-05	0.000169010079509396	2.83225200370823	SKIC3
ENSG00000143819	-1.74593846153846	6.22609230769231	-4.72717861267497	1.59811822643518e-05	0.000169367422266466	2.82953048370499	EPHX1
ENSG00000128872	2.28816153846154	0.249423076923077	4.72708369715591	1.59865017546237e-05	0.000169367422266466	2.82921573112792	TMOD2
ENSG00000172348	1.70051538461538	0.21645	4.72576148843363	1.60607846957112e-05	0.000170011724921673	2.82483137733219	RCAN2
ENSG00000257594	1.53945384615385	0.0629076923076923	4.72568784091336	1.60649322000276e-05	0.000170011724921673	2.82458718186467	GALNT4
ENSG00000075303	1.66339615384615	2.74340192307692	4.72497328937518	1.61052270565467e-05	0.000170344765957545	2.82221800064371	SLC25A40
ENSG00000165113	2.52488076923077	-0.956221153846154	4.72400349403386	1.6160073826729e-05	0.000170831273317278	2.81900276142396	GKAP1
ENSG00000109047	2.91172692307692	-2.62707884615385	4.72361392333174	1.61821574196102e-05	0.000170971091773801	2.81771126255438	RCVRN
ENSG00000147677	1.05611153846154	7.57604807692308	4.72299405977771	1.62173565164212e-05	0.00017124925209873	2.81565638979956	EIF3H
ENSG00000166130	1.36444230769231	3.32273653846154	4.72269376646758	1.62344356724958e-05	0.000171335873037828	2.81466094485284	IKBIP
ENSG00000095261	1.27771538461539	2.97045	4.7220654764635	1.62702265712587e-05	0.000171619772407107	2.81257830424183	PSMD5
ENSG00000139613	1.10885384615385	4.44595769230769	4.7214536206985	1.63051554917991e-05	0.000171894274417366	2.81055024804923	SMARCC2
ENSG00000136451	1.57102307692308	3.77941153846154	4.72022137967744	1.63757230988654e-05	0.000172162183116265	2.80646618919892	VEZF1
ENSG00000087303	1.14171538461538	1.39343076923077	4.72020680492679	1.63765595470511e-05	0.000172162183116265	2.80641788620384	NID2
ENSG00000198642	1.49210384615385	2.39748653846154	4.72018146090702	1.63780141455506e-05	0.000172162183116265	2.80633389231751	KLHL9
ENSG00000186166	1.24423846153846	2.78483461538462	4.71979885572576	1.63999888123746e-05	0.000172162183116265	2.80506590367153	CENATAC
ENSG00000178694	1.21225384615385	1.25806153846154	4.71972953325878	1.6403973386958e-05	0.000172162183116265	2.80483616715011	NSUN3
ENSG00000165355	1.30493461538462	1.76727115384615	4.71970150049126	1.64055849467376e-05	0.000172162183116265	2.80474326619517	FBXO33
ENSG00000179119	1.45611153846154	1.85781346153846	4.71961147674241	1.64107613183846e-05	0.000172162183116265	2.80444492784757	SPTY2D1
ENSG00000113595	1.71565	1.07661730769231	4.71942354176091	1.6421572743965e-05	0.000172162183116265	2.8038221195492	TRIM23
ENSG00000125304	1.31273076923077	5.74735769230769	4.71933484423433	1.64266777096562e-05	0.000172162183116265	2.8035281833474	TM9SF2
ENSG00000182836	3.90478846153847	-7.18132115384615	4.71930012415155	1.64286764389038e-05	0.000172162183116265	2.80341312450448	PLCXD3
ENSG00000178947	2.25265	-1.63919038461538	4.71903909265631	1.6443710847858e-05	0.000172226234669671	2.80254810359541	SMIM10L2A
ENSG00000113810	1.61200384615385	3.21326730769231	4.71807960187297	1.64990896058028e-05	0.000172623728264792	2.79936865677233	SMC4
ENSG00000177807	4.14330384615385	-0.708794230769231	4.718071669676	1.64995481867348e-05	0.000172623728264792	2.79934237309885	KCNJ10
ENSG00000112200	1.37158076923077	2.52360576923077	4.71729653592953	1.65444208944798e-05	0.000172999434737889	2.79677402140034	ZNF451
ENSG00000244731	1.8497	3.40089230769231	4.71651561038961	1.65897496409415e-05	0.000173379500443473	2.7941866533849	C4A
ENSG00000117000	1.58313846153846	1.42768846153846	4.7162867298667	1.66030580008316e-05	0.000173424690795483	2.7934283579993	RLF
ENSG00000185664	-2.73811538461539	11.5025846153846	-4.72349325480299	1.66262793208045e-05	0.000173573320567598	2.79544395126376	PMEL
ENSG00000172264	2.84374230769231	-0.781975	4.71304025550395	1.67929544097906e-05	0.000175218594039021	2.78267420785158	MACROD2
ENSG00000156469	1.06556153846154	3.90446153846154	4.71245570869419	1.68273714193326e-05	0.00017548284738378	2.78073818183672	MTERF3
ENSG00000197321	1.88091153846154	3.42892115384615	4.71126900193991	1.6897454878662e-05	0.000176118559137588	2.77680809740975	SVIL
ENSG00000166200	1.41094230769231	4.48308653846154	4.71096413743301	1.69155053506829e-05	0.000176211548723277	2.77579852570855	COPS2
ENSG00000001561	2.42483461538462	-2.15665192307692	4.71059428280007	1.69374290982236e-05	0.000176280997006523	2.77457377239972	ENPP4
ENSG00000156256	1.42500769230769	3.39438461538461	4.71051981770499	1.69418465013737e-05	0.000176280997006523	2.77432719009219	USP16
ENSG00000241058	1.18461538461539	1.35231538461538	4.71038968350938	1.69495690019223e-05	0.000176280997006523	2.77389627001369	NSUN6
ENSG00000114646	2.55387307692308	0.431701923076923	4.70953009143587	1.70006660039765e-05	0.000176622096810957	2.77104998100376	CSPG5
ENSG00000198924	1.51392692307692	1.10479423076923	4.7088409244028	1.70417412016835e-05	0.000176953593553576	2.76876815876869	DCLRE1A
ENSG00000152620	1.30708846153846	2.34165192307692	4.70755883814881	1.71184136014806e-05	0.000177558698414498	2.76452355391394	NADK2
ENSG00000139921	1.64157307692308	3.61481730769231	4.70733146088167	1.71320465977999e-05	0.000177604669966344	2.76377082517783	TMX1
ENSG00000182150	1.76289230769231	1.90135384615385	4.70684864259047	1.71610304608249e-05	0.000177809646261569	2.7621725125861	ERCC6L2
ENSG00000138018	1.15883076923077	2.0593	4.70651016098176	1.71813783078986e-05	0.000177866226027992	2.76105204956485	SELENOI
ENSG00000162616	1.57671923076923	2.38449807692308	4.70634273744823	1.71914517093147e-05	0.000177866226027992	2.76049784592749	DNAJB4
ENSG00000146414	1.95636923076923	-0.119384615384615	4.70617666038703	1.72014498058079e-05	0.000177866226027992	2.7599481073669	SHPRH
ENSG00000112305	1.13153846153846	3.13102692307692	4.70614512530443	1.72033489091986e-05	0.000177866226027992	2.75984372268349	SMAP1
ENSG00000168404	1.44725769230769	1.40984423076923	4.70391716018952	1.73380417153787e-05	0.000178999145893169	2.75246963396396	MLKL
ENSG00000140199	1.36454615384615	1.18762307692308	4.7038726166949	1.7340745108026e-05	0.000178999145893169	2.75232221914107	SLC12A6
ENSG00000198604	1.16372692307692	3.04598653846154	4.70271445801251	1.74111799350026e-05	0.000179630147667213	2.74848954313681	BAZ1A
ENSG00000186020	1.38285	1.44084038461538	4.7024575399805	1.74268426058713e-05	0.00017969569595146	2.74763938100104	ZNF529
ENSG00000182132	4.25141538461539	-2.71044615384615	4.70186991604161	1.74627181634688e-05	0.000179850991753771	2.74569495862816	KCNIP1
ENSG00000114742	1.11073076923077	3.4356	4.70175316032268	1.74698549209097e-05	0.000179850991753771	2.74530863087429	WDR48
ENSG00000168228	1.06697692307692	1.61613076923077	4.70071955412006	1.75331592317689e-05	0.00018037005120928	2.7418887499148	ZCCHC4
ENSG00000159459	1.48861538461538	1.77859230769231	4.70047278073434	1.75483062824964e-05	0.00018037005120928	2.74107229941578	UBR1
ENSG00000009724	2.56186923076923	-2.45841538461538	4.70019125828809	1.75656018768985e-05	0.000180451736577846	2.74014090309249	MASP2
ENSG00000186340	2.23029230769231	2.82820769230769	4.69973001233264	1.75939750019589e-05	0.000180618792471148	2.73861495439457	THBS2
ENSG00000153317	1.43071923076923	4.300875	4.69954500608437	1.76053680863142e-05	0.000180618792471148	2.73800291206136	ASAP1
ENSG00000121940	1.00246923076923	3.33667692307692	4.69947088589903	1.76099345920687e-05	0.000180618792471148	2.73775770858033	CLCC1
ENSG00000112343	1.09917307692308	1.93030576923077	4.69895916559252	1.7641493040886e-05	0.000180750392870606	2.73606488524973	TRIM38
ENSG00000198420	1.43501153846154	3.31777115384615	4.69812479287011	1.76930685633337e-05	0.000181182653834498	2.73330485746486	TCAF1
ENSG00000272674	2.34419615384615	0.116263461538462	4.69656214704066	1.77900583111405e-05	0.000181987886390251	2.72813631309804	PCDHB16
ENSG00000136381	1.46012307692308	2.59601538461538	4.69549093626348	1.78568461048125e-05	0.000182569226886226	2.7245936291513	IREB2
ENSG00000092208	1.19559230769231	2.48211153846154	4.69428757985223	1.79321654418957e-05	0.000183131652977491	2.7206143138602	GEMIN2
ENSG00000130449	1.35400769230769	1.25644230769231	4.69415762744592	1.79403178666754e-05	0.000183131652977491	2.7201846063485	ZSWIM6
ENSG00000120727	1.08939615384615	5.67814423076923	4.69285104246085	1.80224868033264e-05	0.000183811458477461	2.71586445618807	PAIP2
ENSG00000198315	1.32719230769231	2.40074615384615	4.6927959552021	1.80259592238426e-05	0.000183811458477461	2.71568232416095	ZKSCAN8
ENSG00000111554	1.35664230769231	1.69900961538462	4.69182119823497	1.80875112932335e-05	0.000184341726765199	2.7124596839684	MDM1
ENSG00000256294	1.49891923076923	0.153836538461538	4.69091201700956	1.81451077849288e-05	0.000184737554481686	2.70945409285608	ZNF225
ENSG00000213516	1.42126923076923	2.17563461538462	4.69083424064196	1.81500432271125e-05	0.000184737554481686	2.70919698922489	RBMXL1
ENSG00000187987	4.32587692307693	-5.20069615384615	4.69061506989295	1.81639581738362e-05	0.000184737554481686	2.70847249077178	ZSCAN23
ENSG00000065923	2.33650384615385	-0.511375	4.69060447147602	1.81646313218795e-05	0.000184737554481686	2.70843745663084	SLC9A7
ENSG00000072756	1.35351538461538	2.72461538461538	4.69002305022778	1.82015971313471e-05	0.000185016023921218	2.70651555994254	TRNT1
ENSG00000014914	1.37911153846154	2.10171730769231	4.68980443797791	1.82155151650063e-05	0.000185060046963219	2.70579295934793	MTMR11
ENSG00000141279	1.24979230769231	4.84156538461538	4.68956005908679	1.82310859640884e-05	0.000185120806083534	2.70498520622911	NPEPPS
ENSG00000153234	1.62536923076923	1.91088076923077	4.68913959188913	1.82579068464441e-05	0.000185295676055158	2.70359546372969	NR4A2
ENSG00000140030	2.09365769230769	-1.68797115384615	4.68803591358024	1.83284923333982e-05	0.000185816642600622	2.69994779391692	GPR65
ENSG00000102606	1.12848076923077	3.88844038461538	4.68764411869008	1.83536136178481e-05	0.000185973650218017	2.69865299266667	ARHGEF7
ENSG00000155868	1.10806923076923	2.38993461538462	4.68719312873592	1.83825720925806e-05	0.000186150528173703	2.69716261941677	MED7
ENSG00000119787	1.21214615384615	3.53463461538461	4.68707201078187	1.83903567956924e-05	0.000186150528173703	2.69676237458719	ATL2
ENSG00000108654	1.17605769230769	7.722775	4.68676940209428	1.84098206801363e-05	0.000186249878715237	2.69576239653855	DDX5
ENSG00000116266	1.39918461538462	3.60934230769231	4.68377462563226	1.86035352039767e-05	0.000188111073882851	2.68586752466715	STXBP3
ENSG00000168386	1.37167307692308	0.868025	4.68358196250236	1.8616065472946e-05	0.000188139220850407	2.68523104706309	FILIP1L
ENSG00000242419	2.75303461538462	-4.41771730769231	4.68325857796171	1.86371160521297e-05	0.000188253401964552	2.68416274554269	PCDHGC4
ENSG00000122707	1.64298846153846	1.25247115384615	4.68192259432652	1.87243283564712e-05	0.000189035413318496	2.67974964514	RECK
ENSG00000120137	1.50771153846154	2.22998653846154	4.68161894574667	1.87442059713785e-05	0.000189044371872342	2.67874668801507	PANK3
ENSG00000145331	1.44024230769231	0.542690384615385	4.68160983406066	1.87448027645269e-05	0.000189044371872342	2.67871659235744	TRMT10A
ENSG00000164031	1.4802	2.50145384615385	4.68141501966701	1.87575670777657e-05	0.00018907431712904	2.67807313139131	DNAJB14
ENSG00000087301	1.70968076923077	0.536413461538461	4.6809693660796	1.87867984427773e-05	0.000189270130658106	2.67660120450341	TXNDC16
ENSG00000138698	1.30985384615385	3.88553846153846	4.680676230931	1.88060500833527e-05	0.000189365250265497	2.67563305484243	RAP1GDS1
ENSG00000134982	1.5056	1.22651923076923	4.68049370198486	1.88180474109649e-05	0.00018938726234299	2.67503022161192	APC
ENSG00000175538	1.58620769230769	-0.0401192307692308	4.68004544606928	1.88475423059793e-05	0.00018950839055504	2.67354982080569	KCNE3
ENSG00000242220	2.10035769230769	-1.74006346153846	4.67994991122197	1.885383426754e-05	0.00018950839055504	2.67323431698913	TCP10L
ENSG00000103528	2.11511538461539	-1.10565	4.67973172606949	1.88682117287893e-05	0.00018950839055504	2.672513770594	SYT17
ENSG00000196792	1.54283076923077	2.48221538461538	4.67969960536101	1.8870329250271e-05	0.00018950839055504	2.67240769461542	STRN3
ENSG00000163947	1.41878076923077	1.93176730769231	4.67956552501071	1.88791708562059e-05	0.00018950839055504	2.67196490863364	ARHGEF3
ENSG00000123560	2.13844230769231	6.76975961538462	4.6784494734801	1.8952923564695e-05	0.000190149835534983	2.66827947268678	PLP1
ENSG00000077380	1.04606538461538	5.28325192307692	4.6775115576019	1.90151222539217e-05	0.000190674755775299	2.66518256056923	DYNC1I2
ENSG00000104218	1.58465769230769	1.33854038461538	4.67671955215513	1.90678001782486e-05	0.000191103710716891	2.66256763238651	CSPP1
ENSG00000118407	1.36991538461539	-3.05011923076923	4.67609780025794	1.9109254150573e-05	0.000191415842140243	2.66051495163243	FILIP1
ENSG00000121879	1.77509230769231	1.66596538461538	4.67595516388789	1.91187765449095e-05	0.000191415842140243	2.66004406127176	PIK3CA
ENSG00000117533	1.35404230769231	2.41913269230769	4.67481934556863	1.91947694703163e-05	0.00019207705292147	2.6562945584891	VAMP4
ENSG00000204381	2.14277692307692	0.455746153846154	4.67439053929189	1.92235358698312e-05	0.000192265239842151	2.65487910471418	LAYN
ENSG00000186300	1.37196153846154	0.498580769230769	4.67384552133242	1.92601591588435e-05	0.000192531772264711	2.65308012389896	ZNF555
ENSG00000198393	1.61902692307692	1.29142884615385	4.67274740290824	1.93341561872201e-05	0.000193171437309477	2.6494557491497	ZNF26
ENSG00000158987	1.6382	0.812803846153846	4.67194693301312	1.93882711885501e-05	0.00019361189795788	2.64681399646908	RAPGEF6
ENSG00000155511	3.44255384615385	-6.38639230769231	4.6715801460899	1.94131169205602e-05	0.000193759770381372	2.64560357007985	GRIA1
ENSG00000198730	1.40702307692308	3.51318846153846	4.67123962726037	1.94362111482755e-05	0.0001938900174652	2.64447986598302	CTR9
ENSG00000178033	1.64738076923077	-2.469675	4.67090337261736	1.94590425361646e-05	0.000194017509336562	2.64337026711908	CALHM5
ENSG00000147996	1.07005384615385	4.00679230769231	4.66940899761331	1.95608269009339e-05	0.000194760005270655	2.63843941694295	ZNG1E
ENSG00000156017	1.44302307692308	1.41423461538462	4.66932008893942	1.9566898998249e-05	0.000194760005270655	2.63814607401225	CARNMT1
ENSG00000023445	2.36817307692308	0.989782692307692	4.66923652031959	1.95726080720813e-05	0.000194760005270655	2.63787035204014	BIRC3
ENSG00000142102	1.38713076923077	2.88197692307692	4.66921805342077	1.95738698764478e-05	0.000194760005270655	2.63780942358933	PGGHG
ENSG00000183735	1.31222307692308	2.76336153846154	4.66788961409528	1.9664848303154e-05	0.000195564434206997	2.6334267236338	TBK1
ENSG00000024048	1.16754615384615	2.53856153846154	4.66773022257086	1.96757920042523e-05	0.000195572509298703	2.63290090454997	UBR2
ENSG00000173517	1.28948846153846	2.36929038461538	4.66557907409309	1.98240719973083e-05	0.00019694041849994	2.62580518244192	PEAK1
ENSG00000188529	1.19656153846154	4.86977692307692	4.66533696477393	1.98408289896151e-05	0.00019694041849994	2.62500665255706	SRSF10
ENSG00000186260	1.30878846153846	1.42948653846154	4.66529088594967	1.98440197887574e-05	0.00019694041849994	2.62485467640318	MRTFB
ENSG00000176533	1.58821538461539	4.06179615384615	4.66492826263539	1.98691477144279e-05	0.000197088467796301	2.62365870215167	GNG7
ENSG00000145569	2.02191538461538	-0.521869230769231	4.66373605878653	1.99519807609971e-05	0.000197808466681832	2.61972694796048	OTULINL
ENSG00000139155	3.57568846153846	-3.08617115384615	4.66347584243955	1.99701051511463e-05	0.000197886519369906	2.6188688396088	SLCO1C1
ENSG00000110321	1.35873076923077	7.48507692307692	4.66330933207297	1.99817112485482e-05	0.000197899934443676	2.61831975342427	EIF4G2
ENSG00000048991	1.06231153846154	3.01170192307692	4.66285273838366	2.0013570565086e-05	0.00019811382185531	2.61681412778049	R3HDM1
ENSG00000114331	1.47472692307692	2.31065961538462	4.66191962087602	2.00788343770413e-05	0.000198657990763725	2.61373734845755	ACAP2
ENSG00000133131	1.60895384615385	2.14901538461538	4.66167154895774	2.00962199271863e-05	0.000198728142036105	2.6129194213845	MORC4
ENSG00000153989	1.35050769230769	2.99247692307692	4.65965751164065	2.02379149382297e-05	0.00020002686741047	2.60627953950869	NUS1
ENSG00000127328	1.71277307692308	1.02419807692308	4.65909285176952	2.02778158537214e-05	0.000200318669101527	2.60441818362074	RAB3IP
ENSG00000278053	1.24031923076923	2.54769423076923	4.65875409841143	2.03017902936853e-05	0.000200452919713047	2.6033015557789	DDX52
ENSG00000176623	1.15938461538462	4.65927692307692	4.65841947066578	2.03254999589223e-05	0.000200538382240169	2.60219856055517	RMDN1
ENSG00000111644	1.95056923076923	-0.709565384615385	4.65819227845784	2.03416128283817e-05	0.000200538382240169	2.60144971176004	ACRBP
ENSG00000135362	1.35257307692308	0.913136538461539	4.65779647809305	2.03697135158064e-05	0.000200712904540893	2.60014514978982	PRR5L
ENSG00000127990	2.22062692307692	4.03256346153846	4.65698018386469	2.04277879522869e-05	0.000201036862571221	2.59745478267009	SGCE
ENSG00000205269	1.81430384615385	-0.410686538461538	4.6558267482234	2.05101240038555e-05	0.000201684627430678	2.59365359204899	TMEM170B
ENSG00000242852	2.0775	-1.27835	4.65556069593237	2.05291616926978e-05	0.000201733215924454	2.59277686279415	ZNF709
ENSG00000197213	2.97127692307693	-7.58310769230769	4.65530132514484	2.05477379073235e-05	0.000201733215924454	2.59192217152587	ZSCAN5B
ENSG00000164756	3.68829230769231	-6.88253461538462	4.65519678459425	2.05552297786025e-05	0.000201733215924454	2.59157769005854	SLC30A8
ENSG00000255690	2.34211923076923	-0.621763461538462	4.65514202466685	2.05591552001549e-05	0.000201733215924454	2.59139724673283	TRIL
ENSG00000102763	1.21038076923077	1.63421730769231	4.6550281643391	2.05673195326802e-05	0.000201733215924454	2.59102206033415	VWA8
ENSG00000155729	1.4234	1.97083076923077	4.65434940088671	2.06160559377044e-05	0.000202108546351198	2.58878551565827	KCTD18
ENSG00000163138	1.23783846153846	2.72446538461539	4.65403274339226	2.06388311015726e-05	0.00020222745318969	2.58774216716628	PACRGL
ENSG00000163322	1.41126923076923	1.30933461538462	4.65388955274137	2.0649137970102e-05	0.00020222745318969	2.58727038092497	ABRAXAS1
ENSG00000122482	1.26862307692308	3.07969615384615	4.653363197064	2.06870683313886e-05	0.000202496186612979	2.58553619046214	ZNF644
ENSG00000164221	1.56745384615385	1.51830769230769	4.65300354202908	2.07130250332527e-05	0.000202647502390713	2.58435127804053	CCDC112
ENSG00000205730	1.55455	2.61467884615385	4.65218734555928	2.07720489980226e-05	0.000202922907689137	2.58166239597902	ITPRIPL2
ENSG00000119684	1.17089615384615	3.26370961538462	4.65212377814127	2.07766528265884e-05	0.000202922907689137	2.58145298745741	MLH3
ENSG00000177683	1.61535769230769	2.41813269230769	4.65204689919938	2.07822220661524e-05	0.000202922907689137	2.58119972873002	THAP5
ENSG00000213639	1.37022307692308	4.91541538461538	4.65100611715725	2.08577618184767e-05	0.000203547713034406	2.57777130199829	PPP1CB
ENSG00000136536	1.52332307692308	3.98015769230769	4.65068598138909	2.08810511356365e-05	0.000203672021258813	2.57671681177401	MARCHF7
ENSG00000169871	1.09356923076923	2.53999615384615	4.650491654923	2.08952004418825e-05	0.000203707098045281	2.57607673774612	TRIM56
ENSG00000253731	2.51954230769231	-1.04100961538462	4.65014707425212	2.09203131096168e-05	0.000203747645823052	2.57494178291809	PCDHGA6
ENSG00000117906	1.66140384615385	5.154625	4.65004282559983	2.09279164500993e-05	0.000203747645823052	2.57459842323912	RCN2
ENSG00000156052	1.16937692307692	3.21838461538461	4.65000021091424	2.09310253156044e-05	0.000203747645823052	2.57445806586081	GNAQ
ENSG00000135974	1.09812307692308	2.33290384615385	4.64880680734621	2.10182711524431e-05	0.000204493794382867	2.57052764556263	C2orf49
ENSG00000182272	2.71566153846154	2.26234230769231	4.6482698004707	2.10576458396317e-05	0.000204773671356378	2.56875917644821	B4GALNT4
ENSG00000083857	1.38501538461538	5.07768076923077	4.64783947506776	2.1089250403387e-05	0.000204874585071253	2.5673420924766	FAT1
ENSG00000058673	1.09282307692308	5.24418076923077	4.64714190364801	2.11405809461319e-05	0.00020526993662132	2.56504507086038	ZC3H11A
ENSG00000113657	1.61640769230769	2.92278846153846	4.64592473800732	2.12304382295627e-05	0.000205968139187367	2.56103743379821	DPYSL3
ENSG00000108582	1.36576153846154	2.68282307692308	4.64587890977568	2.12338287822028e-05	0.000205968139187367	2.56088654850226	CPD
ENSG00000136897	1.21485769230769	2.46147884615385	4.64563716863004	2.125172250289e-05	0.000206038171508431	2.56009064809184	MRPL50
ENSG00000065613	1.42233846153846	2.35215384615385	4.64531878887507	2.12753115156428e-05	0.000206163322382758	2.55904245194777	SLK
ENSG00000156239	1.14839230769231	1.73443461538462	4.6440401486642	2.13703050395657e-05	0.00020697992884031	2.55483311215807	N6AMT1
ENSG00000102362	1.99182692307692	-0.109205769230769	4.64354942864834	2.14068718834907e-05	0.000207126239582467	2.55321777010966	SYTL4
ENSG00000174236	3.27516153846154	-0.833003846153846	4.6419464980809	2.15267436468966e-05	0.000208181729767557	2.54794177834183	REP15
ENSG00000116574	1.71024230769231	-0.572359615384615	4.64178358370554	2.15389635168181e-05	0.000208189868170815	2.54740559424105	RHOU
ENSG00000253485	2.72479615384615	-2.69959038461539	4.64160319557983	2.15525019659545e-05	0.000208189868170815	2.54681190977216	PCDHGA5
ENSG00000134363	2.41160384615385	1.579525	4.6415041203328	2.15599412771828e-05	0.000208189868170815	2.54648584236989	FST
ENSG00000169629	2.26662692307692	-1.81484807692308	4.641015377251	2.15966765084172e-05	0.000208440323320988	2.54487737881152	RGPD8
ENSG00000260314	1.98903846153846	-0.0875038461538462	4.64030762293831	2.16499816627014e-05	0.000208712424213811	2.54254827162667	MRC1
ENSG00000135521	1.18052692307692	3.56374807692308	4.64017765420837	2.16597843395546e-05	0.000208712424213811	2.54212058146432	LTV1
ENSG00000135655	1.17550384615385	3.78975576923077	4.64000603392434	2.16727351621209e-05	0.000208712424213811	2.54155583562833	USP15
ENSG00000140416	1.34045	4.97102115384615	4.63975805094428	2.16914618411823e-05	0.000208712424213811	2.54073982090284	TPM1
ENSG00000055211	1.25309615384615	3.41830576923077	4.6396404047432	2.17003515398598e-05	0.000208712424213811	2.54035269984483	GINM1
ENSG00000164741	1.70854230769231	3.10009423076923	4.63963769746574	2.17005561517442e-05	0.000208712424213811	2.54034379145373	DLC1
ENSG00000198408	1.09653846153846	4.41293846153846	4.63895986335989	2.1751845194515e-05	0.000208997445390604	2.53811342380045	OGA
ENSG00000100234	1.86003076923077	6.11007307692308	4.63743827207377	2.18674098633927e-05	0.000210003289847298	2.53310723168255	TIMP3
ENSG00000185728	1.37878076923077	3.834225	4.63677297778178	2.19181272139492e-05	0.000210385683545928	2.53091856323693	YTHDF3
ENSG00000163625	1.12615384615385	2.32336153846154	4.63653375279956	2.1936392126207e-05	0.000210456350503068	2.53013159938654	WDFY3
ENSG00000135541	1.35211923076923	1.90544038461538	4.63636408760756	2.19493551386647e-05	0.000210476106429034	2.52957347255759	AHI1
ENSG00000126070	1.28673461538462	1.00959038461538	4.6359872370873	2.1978174618839e-05	0.00021056429467238	2.52833382442717	AGO3
ENSG00000178988	1.06656923076923	5.12155384615385	4.63595856873549	2.19803685315674e-05	0.00021056429467238	2.52823952175597	MRFAP1L1
ENSG00000102218	1.55310384615385	1.63772884615385	4.63455029062559	2.20884041917966e-05	0.000211494278826513	2.5236073869175	RP2
ENSG00000113361	1.97514615384615	-1.95428846153846	4.63272229210948	2.2229412806358e-05	0.000212633476412849	2.51759558920514	CDH6
ENSG00000129518	1.00382307692308	4.58651153846154	4.6323131995524	2.22610897443373e-05	0.000212831013043557	2.51625033098774	EAPP
ENSG00000106560	2.60144230769231	1.34680192307692	4.63198591260283	2.22864640513132e-05	0.000212933622445668	2.51517411825438	GIMAP2
ENSG00000155096	1.373	5.03082307692308	4.63189027082456	2.22938844201779e-05	0.000212933622445668	2.51485962692832	AZIN1
ENSG00000171466	1.28799230769231	2.0303	4.63152715224386	2.2322078970858e-05	0.000212964274254517	2.51366563778101	ZNF562
ENSG00000196428	1.19605769230769	2.87702115384615	4.6314241780898	2.2330080797722e-05	0.000212964274254517	2.51332705032004	TSC22D2
ENSG00000140396	1.42316153846154	1.96181923076923	4.63142275068991	2.23301917365768e-05	0.000212964274254517	2.51332235693462	NCOA2
ENSG00000109606	1.13886153846154	5.38880769230769	4.63081790859252	2.23772491289143e-05	0.000213307674042189	2.51133365126387	DHX15
ENSG00000119820	1.06132692307692	4.01818653846154	4.63060928641165	2.23935026333342e-05	0.000213357246461624	2.5106477323191	YIPF4
ENSG00000186298	1.06614230769231	5.666025	4.62955256781063	2.24760076817815e-05	0.000214035203665108	2.50717359896721	PPP1CC
ENSG00000079215	1.97724615384615	0.804815384615384	4.62941416247931	2.24868358821343e-05	0.000214035203665108	2.50671859397994	SLC1A3
ENSG00000065243	1.61310384615385	2.45217884615385	4.6289495081288	2.2523225610144e-05	0.000214275911262991	2.50519109357348	PKN2
ENSG00000187260	1.51790769230769	-1.15691538461539	4.62843753800079	2.25633875372473e-05	0.00021441190959623	2.50350812311491	WDR86
ENSG00000156650	1.23380384615385	0.963378846153846	4.62836888360588	2.25687785072222e-05	0.00021441190959623	2.50328244541588	KAT6B
ENSG00000040933	1.1166	2.22745769230769	4.6283425845958	2.25708439257908e-05	0.00021441190959623	2.50319599684646	INPP4A
ENSG00000160145	1.86542692307692	0.997090384615385	4.62747818688476	2.26388331442121e-05	0.000214951990252202	2.5003547153471	KALRN
ENSG00000147118	1.33326923076923	0.87375	4.62614517263833	2.27440738372579e-05	0.000215633034027794	2.49597353001227	ZNF182
ENSG00000168172	1.40756923076923	1.42540769230769	4.62591614965181	2.27622031238946e-05	0.000215698972459763	2.4952208597783	HOOK3
ENSG00000144040	1.20972692307692	1.93947115384615	4.62568925558124	2.27801778104732e-05	0.000215763381882023	2.49447520172288	SFXN5
ENSG00000111215	2.30546538461538	2.97095961538461	4.62523574115931	2.28161470741749e-05	0.00021599808090868	2.49298483177073	PRR4
ENSG00000131089	1.11468461538462	2.86355384615385	4.62469225771688	2.28593250890989e-05	0.000216292647973037	2.49119888137673	ARHGEF9
ENSG00000126821	1.44062692307692	2.01270192307692	4.62456215935695	2.28696728235491e-05	0.000216292647973037	2.49077137613722	SGPP1
ENSG00000204271	1.93809230769231	0.311353846153846	4.62341049920028	2.29614731136573e-05	0.000217054512983804	2.48698722607408	SPIN3
ENSG00000154548	2.59553846153846	-2.37731153846154	4.62298276173427	2.29956602208909e-05	0.000217271282057688	2.48558185914557	SRSF12
ENSG00000164022	1.22025769230769	4.21847884615384	4.62107143438444	2.31490325063177e-05	0.000218506491183106	2.4793027111272	AIMP1
ENSG00000240344	1.00288846153846	3.847875	4.62047521629893	2.31970795254885e-05	0.000218791562547486	2.47734422455344	PPIL3
ENSG00000124486	1.12403846153846	3.67612692307692	4.62041543145493	2.3201902737124e-05	0.000218791562547486	2.47714784629017	USP9X
ENSG00000217128	1.40248846153846	1.91513653846154	4.61965591233763	2.32632631805048e-05	0.000219263070885393	2.474653110196	FNIP1
ENSG00000113083	2.1542	1.16251538461538	4.6192869827226	2.32931256478146e-05	0.000219437386227313	2.47344137755587	LOX
ENSG00000213625	1.16793076923077	4.51707692307692	4.61898559254396	2.33175490264284e-05	0.000219508915327702	2.472451505767	LEPROT
ENSG00000167601	1.96373846153846	2.03258461538461	4.61891267250062	2.3323461914579e-05	0.000219508915327702	2.47221201472971	AXL
ENSG00000124795	1.71238461538462	4.70753461538462	4.61802352683125	2.33956782565368e-05	0.000220081275529206	2.46929192651427	DEK
ENSG00000168610	1.09744230769231	5.34765961538462	4.61726098761302	2.34577856054606e-05	0.00022055410652526	2.46678782400052	STAT3
ENSG00000118058	1.19637307692308	1.99225961538462	4.61712603230526	2.34687942186646e-05	0.00022055410652526	2.46634466264962	KMT2A
ENSG00000122133	-6.18762307692308	1.76783461538462	-4.63494564783724	2.35811828743375e-05	0.000221394733960767	2.47051041515098	PAEP
ENSG00000115325	1.04796153846154	2.77533461538462	4.61523523200242	2.36235628796472e-05	0.00022168480032369	2.46013630264223	DOK1
ENSG00000111490	1.45456923076923	-1.68162307692308	4.61503214641492	2.36402453299496e-05	0.000221733554715266	2.45946954459549	TBC1D30
ENSG00000119922	2.04884230769231	2.29147884615385	4.61373790932932	2.37468310392801e-05	0.000222625099344936	2.4552206799238	IFIT2
ENSG00000046653	1.72038846153846	5.64225576923077	4.61319722134111	2.37914978022895e-05	0.000222744110316302	2.45344580042543	GPM6B
ENSG00000118482	1.40287692307692	2.58726153846154	4.61316522428706	2.37941436808897e-05	0.000222744110316302	2.4533407686703	PHF3
ENSG00000114107	1.55458846153846	1.67278269230769	4.61145130556005	2.39362907349167e-05	0.000223966175499804	2.44771520940286	CEP70
ENSG00000107249	2.11448461538461	-1.82325769230769	4.6108383117874	2.39873316512161e-05	0.00022433501107724	2.44570341000138	GLIS3
ENSG00000094916	1.02821153846154	3.74683653846154	4.61034600390095	2.40284006267234e-05	0.000224610274720407	2.44408777546261	CBX5
ENSG00000197872	1.56238461538462	-0.7284	4.61013799475951	2.40457736591179e-05	0.000224663876544991	2.44340516233001	CYRIA
ENSG00000113522	1.53884230769231	2.47867115384615	4.60854766797324	2.41790047173136e-05	0.000225690197320263	2.43818670278716	RAD50
ENSG00000135338	2.19181153846154	-1.39056346153846	4.60679989762621	2.43262574903389e-05	0.000226954929113587	2.43245250147982	LCA5
ENSG00000176853	1.47603846153846	3.66630384615385	4.60607682165167	2.43874337739365e-05	0.000227415765284202	2.43008045833903	FAM91A1
ENSG00000100281	1.28090384615385	2.41052115384615	4.60570654229062	2.44188196400059e-05	0.000227598491313874	2.4288658225992	HMGXB4
ENSG00000180182	1.08850769230769	3.31351538461538	4.60524871379149	2.44576809584208e-05	0.000227850683175867	2.4273640553524	MED14
ENSG00000212916	2.84236153846154	-2.40281153846154	4.60449048809012	2.45221734455242e-05	0.00022834129957499	2.42487706724723	MAP10
ENSG00000047365	2.20825769230769	0.268898076923077	4.60391660491902	2.45710967001881e-05	0.000228686537899581	2.42299484137031	ARAP2
ENSG00000121039	1.83909615384615	1.62935961538462	4.60362282629422	2.45961780619116e-05	0.000228809650664616	2.42203134323155	RDH10
ENSG00000137055	1.21028846153846	2.99524423076923	4.60314180091245	2.46372996268997e-05	0.000228971494799252	2.42045379374792	PLAA
ENSG00000003402	1.06425384615385	3.9096	4.6023476632971	2.47053352997778e-05	0.000229452286970838	2.41784953017382	CFLAR
ENSG00000166436	1.28607307692308	0.336309615384615	4.60226058642598	2.47128065384848e-05	0.000229452286970838	2.41756398545657	TRIM66
ENSG00000138459	1.47958461538462	3.65650384615385	4.59998286968815	2.49090214766089e-05	0.00023106661859783	2.41009566262939	SLC35A5
ENSG00000167100	1.30737307692308	-0.945478846153846	4.59996442432009	2.49106166555501e-05	0.00023106661859783	2.41003518926708	SAMD14
ENSG00000135317	1.12636153846154	4.56718461538461	4.59939506404735	2.49599047590696e-05	0.000231398077082116	2.40816858600581	SNX14
ENSG00000144895	1.05923846153846	5.25114230769231	4.59927482678451	2.49703255743691e-05	0.000231398077082116	2.40777441022079	EIF2A
ENSG00000137727	3.24608076923077	-1.73949038461538	4.59844184720057	2.50426356661065e-05	0.000231956812026322	2.40504376134052	ARHGAP20
ENSG00000107854	1.43379615384615	2.66174807692308	4.5982490684716	2.50593997068588e-05	0.00023200076380887	2.40441183016686	TNKS2
ENSG00000172888	1.18554230769231	2.619275	4.59775153581071	2.51027158146461e-05	0.000232290375536967	2.4027809643245	ZNF621
ENSG00000165675	1.2852	2.75327692307692	4.59692832664075	2.5174546559574e-05	0.000232768328199959	2.40008272792821	ENOX2
ENSG00000170271	1.41833076923077	3.35590384615385	4.59688327270732	2.51784836181689e-05	0.000232768328199959	2.39993506045055	FAXDC2
ENSG00000169436	4.14404615384615	1.10451923076923	4.59817516761975	2.52453487457333e-05	0.000233274756744322	2.39837058344424	COL22A1
ENSG00000170962	3.02913076923077	0.313653846153846	4.59569607909042	2.52824440361584e-05	0.000233505749870797	2.39604417332093	PDGFD
ENSG00000266714	1.63122692307692	2.88767115384615	4.59500527226672	2.53431295621342e-05	0.000233862958293644	2.39378033460043	MYO15B
ENSG00000214954	2.86199615384615	-1.75072884615385	4.59498001638488	2.53453509169716e-05	0.000233862958293644	2.39369757148597	LRRC69
ENSG00000263465	1.01269615384615	3.83443269230769	4.59448949272014	2.53885321457467e-05	0.000234060110379503	2.39209017227758	SRSF8
ENSG00000145723	1.13274615384615	0.7599	4.59446183724199	2.5390968820115e-05	0.000234060110379503	2.3919995501185	GIN1
ENSG00000159086	1.36660384615385	2.44384038461538	4.59369989537375	2.5458192044879e-05	0.000234381196806903	2.38950289250654	PAXBP1
ENSG00000118707	1.21276538461539	3.31452884615385	4.59365422256236	2.54622270996258e-05	0.000234381196806903	2.389353241914	TGIF2
ENSG00000086619	1.40956923076923	0.535542307692307	4.5930556230187	2.55151693287279e-05	0.000234756584152734	2.38739194228217	ERO1B
ENSG00000156136	1.62106923076923	2.50524230769231	4.59249556573574	2.55648000782932e-05	0.000235101160510383	2.38555702540417	DCK
ENSG00000172262	1.26750769230769	3.58198461538461	4.59179000587211	2.56274590826658e-05	0.000235565163177475	2.38324553548255	ZNF131
ENSG00000186532	1.00633076923077	1.76825	4.59165180972713	2.56397494886857e-05	0.00023556596115188	2.38279280800601	SMYD4
ENSG00000164440	2.48373076923077	-3.22894615384615	4.59065546932445	2.57285290329881e-05	0.000236269170277721	2.37952899315649	TXLNB
ENSG00000164197	2.44860769230769	-2.45405769230769	4.59024816583579	2.57649084488064e-05	0.000236426718988179	2.37819483520669	RNF180
ENSG00000104093	1.47516153846154	3.2049	4.59018917353826	2.5770181668711e-05	0.000236426718988179	2.37800160504947	DMXL2
ENSG00000159921	1.38560769230769	2.60360769230769	4.58980850763008	2.58042340898763e-05	0.000236540764545665	2.37675475392599	GNE
ENSG00000028839	1.14876923076923	3.14222692307692	4.58977626171863	2.58071206617195e-05	0.000236540764545665	2.37664913619336	TBPL1
ENSG00000116984	1.38672307692308	2.63590384615385	4.58955604597571	2.58268422455482e-05	0.000236609176965267	2.37592785370483	MTR
ENSG00000154153	2.07411538461539	1.61498076923077	4.58762781753735	2.60001559440376e-05	0.000237971081170108	2.36961287922603	RETREG1
ENSG00000163637	2.09362307692308	0.468030769230769	4.58674080084875	2.6080263972641e-05	0.000238556041849536	2.36670827255191	PRICKLE2
ENSG00000151304	1.60347307692308	1.32605961538462	4.58648963121754	2.61029912922587e-05	0.000238556041849536	2.36588584173483	SRFBP1
ENSG00000169851	2.78055	3.01457884615385	4.58641784842494	2.61094901781224e-05	0.000238556041849536	2.36565079945744	PCDH7
ENSG00000153130	1.30432692307692	4.46069807692308	4.58637355220965	2.61135013432145e-05	0.000238556041849536	2.3655057587593	SCOC
ENSG00000077264	2.8952076923077	-5.32223846153846	4.58612897262735	2.61356596486248e-05	0.000238645524218261	2.364704933902	PAK3
ENSG00000137177	1.38758461538462	4.59876923076923	4.58572356165247	2.61724293252654e-05	0.000238843098707989	2.36337754085604	KIF13A
ENSG00000145817	1.35861153846154	4.00082884615385	4.58554851427111	2.61883212574598e-05	0.000238843098707989	2.36280441794848	YIPF5
ENSG00000100580	1.03329230769231	2.11756923076923	4.58548139313975	2.61944174462422e-05	0.000238843098707989	2.36258465905632	TMED8
ENSG00000153140	1.29589230769231	3.81423461538462	4.58515548746781	2.6224037105304e-05	0.00023900027773545	2.36151764274956	CETN3
ENSG00000165506	1.33341153846154	1.45227115384615	4.58445631628269	2.62876910622493e-05	0.000239467343357526	2.35922866455378	DNAAF2
ENSG00000170759	1.42963846153846	4.08659230769231	4.5843185306131	2.63002531311705e-05	0.000239468767071219	2.35877759342351	KIF5B
ENSG00000114790	1.89252307692308	1.22565	4.58404317856634	2.63253748396005e-05	0.000239584493412923	2.3578761866426	ARHGEF26
ENSG00000139977	1.27952307692308	2.19690384615385	4.58361771434158	2.63642380918388e-05	0.000239825112104979	2.35648341091078	NAA30
ENSG00000140367	1.38603461538462	3.38398653846154	4.58295611687159	2.64247818125278e-05	0.000240262629923328	2.35431775386041	UBE2Q2
ENSG00000118946	1.68538461538462	-1.81436153846154	4.58161842191137	2.65476111904355e-05	0.000241152253557165	2.34993938936142	PCDH17
ENSG00000185551	1.45397307692307	3.63949423076923	4.58141549435478	2.65662929681838e-05	0.000241208444574248	2.34927524235318	NR2F2
ENSG00000116678	1.95054615384615	-1.24318076923077	4.58106782916103	2.65983293213342e-05	0.000241385778509504	2.348137423566	LEPR
ENSG00000175691	1.05702307692308	1.01063076923077	4.58044123993228	2.66561630051758e-05	0.000241796952297419	2.34608685262955	ZNF77
ENSG00000144320	1.57779615384615	3.01499423076923	4.57969992405672	2.67247444347356e-05	0.000242305186389714	2.34366098520516	LNPK
ENSG00000186130	1.5372	0.876380769230769	4.57927142774163	2.67644644940765e-05	0.000242551388793032	2.34225885997529	ZBTB6
ENSG00000146276	3.44213846153846	-6.39098076923077	4.57858219610565	2.68284747224638e-05	0.00024297725038362	2.34000367625064	GABRR1
ENSG00000125703	1.40723461538462	2.14502115384615	4.57849448318238	2.68366314986208e-05	0.00024297725038362	2.33971668786098	ATG4C
ENSG00000178852	2.37092692307692	-0.523325	4.57816322087375	2.68674587530911e-05	0.000243142314257346	2.33863285043057	EFCAB13
ENSG00000113838	1.14462692307692	2.293725	4.57788918769568	2.68929863947901e-05	0.000243259286025601	2.33773628330223	TBCCD1
ENSG00000196954	1.01821538461538	5.51684230769231	4.57775343061952	2.69056416553826e-05	0.00024325976621726	2.3372921291712	CASP4
ENSG00000137992	1.55953846153846	0.649076923076924	4.57668654015975	2.70052996728945e-05	0.000243932288060778	2.33380180069684	DBT
ENSG00000119906	1.10631538461538	2.51136153846154	4.57635246517656	2.70365795736427e-05	0.00024410060594482	2.33270894814767	SLF2
ENSG00000196476	1.01912307692308	2.72345	4.57530139590386	2.71352235257181e-05	0.000244876680559577	2.3292708330497	C20orf96
ENSG00000179630	1.35636538461538	0.60794423076923	4.57425289883664	2.72339761236241e-05	0.000245538272356056	2.32584147363066	LACC1
ENSG00000053254	1.22416538461538	2.58813653846154	4.57361921932647	2.72938291784967e-05	0.000245865572769233	2.32376903944805	FOXN3
ENSG00000100320	1.22925	4.21010961538461	4.57359887259756	2.72957531183995e-05	0.000245865572769233	2.32370249800972	RBFOX2
ENSG00000092978	1.30298076923077	1.467125	4.57256209819584	2.73939635722397e-05	0.000246635111396895	2.32031202705604	GPATCH2
ENSG00000175395	1.65612692307692	0.648755769230769	4.5717047764471	2.74754355234781e-05	0.000247253301589603	2.31750865664102	ZNF25
ENSG00000139726	1.09817307692308	4.30971730769231	4.571450691632	2.74996268081459e-05	0.000247347097716378	2.31667786447659	DENR
ENSG00000183831	3.77230384615385	-2.60644038461538	4.57129882030823	2.75140963261216e-05	0.000247347097716378	2.31618129380099	ANKRD45
ENSG00000188487	4.22769615384616	-1.41744423076923	4.57119089489505	2.75243834212293e-05	0.000247347097716378	2.3158284165668	INSC
ENSG00000114744	1.41349230769231	2.91414230769231	4.57105738778064	2.75371140751435e-05	0.000247347097716378	2.31539190139852	COMMD2
ENSG00000155090	1.36441923076923	3.700925	4.56986522365661	2.76510487556162e-05	0.000248024253777723	2.31149424485459	KLF10
ENSG00000221886	1.60325384615385	0.599057692307692	4.56918511259157	2.77162527274478e-05	0.000248410731706588	2.30927089079128	FAM200C
ENSG00000159256	1.45508461538462	2.6322	4.56901336409321	2.77327424145313e-05	0.000248410731706588	2.30870944981406	MORC3
ENSG00000169359	1.3767	3.02499230769231	4.56744109257142	2.78841430473925e-05	0.000249651026550936	2.30357016608197	SLC33A1
ENSG00000131023	1.30797307692308	1.29482115384615	4.56703161871778	2.79237052450278e-05	0.000249870111905887	2.30223184546169	LATS1
ENSG00000137494	1.01141923076923	1.74649038461538	4.56691996424303	2.79345024862926e-05	0.000249870111905887	2.30186692406672	ANKRD42
ENSG00000185013	2.92509615384616	-5.35065961538462	4.5664899524458	2.79761236877454e-05	0.000250126500946989	2.3004615487037	NT5C1B
ENSG00000163635	1.13982307692308	1.4817	4.56600139904597	2.80234846385867e-05	0.000250433946286407	2.2988649162218	ATXN7
ENSG00000169989	2.47061923076923	-2.42633269230769	4.56557978980951	2.80644188474115e-05	0.000250683700606934	2.29748712262838	TIGD4
ENSG00000123636	1.87432307692308	1.77083461538461	4.56490608052844	2.81299507277706e-05	0.000251152839453356	2.29528559646569	BAZ2B
ENSG00000176641	1.98883846153846	-1.55990384615385	4.56431652582836	2.81874193956594e-05	0.000251433344082446	2.29335918431277	RNF152
ENSG00000113441	1.26299615384615	1.61135576923077	4.56408733132262	2.82097917614188e-05	0.000251516679155043	2.29261030418143	LNPEP
ENSG00000143933	1.04989615384615	8.22148269230769	4.5637982211609	2.82380373972664e-05	0.000251652278799369	2.2916656764306	CALM2
ENSG00000175928	3.47492307692308	-4.48326923076923	4.56356213451972	2.8261123187134e-05	0.000251741790900438	2.2908943151249	LRRN1
ENSG00000145293	1.03989230769231	4.516	4.56335299384079	2.82815894471138e-05	0.000251789386724478	2.29021100839007	ENOPH1
ENSG00000091428	2.34953076923077	0.216992307692308	4.56324100473846	2.82925545151216e-05	0.000251789386724478	2.28984512197914	RAPGEF4
ENSG00000172201	2.70305	1.83566730769231	4.56306825580373	2.83094768328358e-05	0.000251823885393654	2.2892807311104	ID4
ENSG00000150048	1.53258076923077	-0.410071153846154	4.56230508352372	2.83843547541497e-05	0.000252373652611401	2.286787470137	CLEC1A
ENSG00000166439	1.32074615384615	1.14734230769231	4.56143793254872	2.84696690696826e-05	0.000253015663928215	2.28395473495797	RNF169
ENSG00000170959	2.84123076923077	-5.99269615384615	4.56120357562798	2.84927691145656e-05	0.000253104428080285	2.28318919804914	DCDC1
ENSG00000054965	1.13143846153846	3.47907307692308	4.56085075642249	2.8527580231961e-05	0.00025329709347633	2.2820367314341	FAM168A
ENSG00000146376	1.55603076923077	2.24006153846154	4.56027694178638	2.85842846719508e-05	0.000253683883688582	2.28016247730848	ARHGAP18
ENSG00000133401	2.20389615384615	-1.21242115384615	4.55982515156433	2.86290080355684e-05	0.000253964035896405	2.27868686478004	PDZD2
ENSG00000185689	2.65776538461539	-6.38957115384616	4.5584728180865	2.87632860365308e-05	0.00025503799281725	2.27427032918288	TEX56P
ENSG00000151612	2.25544615384615	1.28927307692308	4.55712283954681	2.88979432221163e-05	0.000256005289074424	2.2698620561319	ZNF827
ENSG00000142188	1.16898076923077	4.03418653846154	4.55709336480072	2.89008901114358e-05	0.000256005289074424	2.26976581451032	TMEM50B
ENSG00000110090	1.60402692307693	2.65997884615385	4.55691728608569	2.89185005969361e-05	0.000256005289074424	2.26919088389984	CPT1A
ENSG00000188916	2.78501923076923	-6.43461346153846	4.55684805164394	2.89254279371766e-05	0.000256005289074424	2.26896482289716	INSYN2A
ENSG00000164934	1.16089230769231	4.77546923076923	4.55660160930739	2.89500991840866e-05	0.000256106216567563	2.26816016331548	DCAF13
ENSG00000198146	1.96119615384615	1.73320961538462	4.55625623478009	2.89847090561232e-05	0.000256294933078491	2.26703251201484	ZNF770
ENSG00000137710	1.76026153846154	4.35589230769231	4.55607482072974	2.90029046737572e-05	0.000256338401519018	2.26644020831078	RDX
ENSG00000248383	2.87132307692308	-6.96145769230769	4.55556370373274	2.90542290828064e-05	0.00025664858581083	2.26477150396203	PCDHAC1
ENSG00000102081	1.29856153846154	3.48890384615385	4.55546061653343	2.90645914408369e-05	0.00025664858581083	2.26443495287848	FMR1
ENSG00000113300	1.2012	2.38075384615385	4.55476580371274	2.91345283902555e-05	0.000257148514639736	2.26216666895596	CNOT6
ENSG00000189403	1.06549615384616	7.80138653846154	4.55443632350782	2.91677498686549e-05	0.000257324074823878	2.26109110181805	HMGB1
ENSG00000110435	1.19731538461538	3.46508076923077	4.55371240230152	2.92408727251218e-05	0.000257851332212438	2.25872802692338	PDHX
ENSG00000136895	1.52553461538462	1.23340961538462	4.55357309830793	2.925496425109e-05	0.000257857796775703	2.25827331984653	GARNL3
ENSG00000164347	1.19405	3.45535576923077	4.55333031751557	2.9279538985615e-05	0.000257885137366629	2.25748086507688	GFM2
ENSG00000151718	1.60849230769231	1.61983076923077	4.55327850809166	2.92847858419754e-05	0.000257885137366629	2.25731175761798	WWC2
ENSG00000138131	4.16894615384616	2.07135769230769	4.55870655436389	2.93504884032632e-05	0.000258228111963623	2.25801141222386	LOXL4
ENSG00000172175	1.40364230769231	1.58205576923077	4.55134231628323	2.9481527583723e-05	0.000259262836878635	2.25099257657041	MALT1
ENSG00000157764	1.22136923076923	2.50546153846154	4.55009465602539	2.96089885262028e-05	0.000260265166448676	2.24692119204251	BRAF
ENSG00000168785	1.97832692307692	0.579775	4.54987601461822	2.96313802361117e-05	0.00026034343773221	2.24620776842626	TSPAN5
ENSG00000038945	1.92992692307692	1.791675	4.54973744990816	2.96455796098672e-05	0.000260349692087929	2.24575564165751	MSR1
ENSG00000118762	1.68637307692308	3.49108269230769	4.54917811841023	2.9702964453456e-05	0.000260714060963362	2.2439306443225	PKD2
ENSG00000198964	1.63869230769231	0.918246153846154	4.54885455606737	2.97362099391104e-05	0.000260714060963362	2.24287496400892	SGMS1
ENSG00000164305	1.26413846153846	3.18110384615385	4.54883376694971	2.97383472269648e-05	0.000260714060963362	2.2428071369026	CASP3
ENSG00000183148	3.68490384615385	-5.04440961538462	4.54880703911601	2.97410952826671e-05	0.000260714060963362	2.24271993418968	ANKRD20A2P
ENSG00000198795	2.54671923076923	0.142217307692308	4.54866321703243	2.97558867852551e-05	0.000260725321205529	2.24225070152613	ZNF521
ENSG00000038274	1.14753461538461	4.50548269230769	4.54842195729149	2.97807154682872e-05	0.000260824478531918	2.24146358425479	MAT2B
ENSG00000138760	1.24992307692308	6.25306153846154	4.54793957246521	2.98304196136295e-05	0.000261110152462576	2.2398898440281	SCARB2
ENSG00000183309	1.07566153846154	2.66111153846154	4.54784292912905	2.98403873145336e-05	0.000261110152462576	2.23957456202944	ZNF623
ENSG00000213047	1.98785	0.0381826923076923	4.54700320734854	2.99271323307861e-05	0.000261750537100663	2.23683524036864	DENND1B
ENSG00000163406	2.15296923076923	-2.16411923076923	4.54652375848357	2.99767707060506e-05	0.000262065944265804	2.23527129269004	SLC15A2
ENSG00000155393	1.16977307692308	2.63709807692308	4.54516174996181	3.01182210813858e-05	0.000263150520430961	2.23082885774191	HEATR3
ENSG00000008441	1.71581923076923	4.29726346153846	4.54506689229193	3.01280966768079e-05	0.000263150520430961	2.2305194842527	NFIX
ENSG00000101266	1.02960384615385	5.03045961538461	4.54479576314285	3.01563412539544e-05	0.000263159066557451	2.22963522591772	CSNK2A1
ENSG00000188107	2.34017307692308	-6.24885961538462	4.54347541544929	3.02942566998026e-05	0.000264243125655802	2.22532938677333	EYS
ENSG00000091157	1.13425	1.80158269230769	4.54323381512028	3.03195593181392e-05	0.000264269569302585	2.22454155379032	WDR7
ENSG00000166801	1.61024615384615	2.82681538461538	4.54318504445645	3.03246695335038e-05	0.000264269569302585	2.2243825200787	FAM111A
ENSG00000138814	1.25628846153846	2.44732115384615	4.54301602200998	3.03423862969788e-05	0.000264304640203331	2.22383136942286	PPP3CA
ENSG00000049130	2.12344230769231	-0.280967307692308	4.54221166081993	3.04268371223057e-05	0.000264920720330115	2.22120862141145	KITLG
ENSG00000180532	3.58375384615385	-6.90514615384615	4.5416395123252	3.04870472070373e-05	0.000265325280539874	2.21934316443455	ZSCAN4
ENSG00000101888	1.69277692307692	2.21591923076923	4.54096414423343	3.05582692287871e-05	0.000265764819064102	2.21714129917356	NXT2
ENSG00000182600	2.86202692307692	0.490386538461538	4.54089956302595	3.05650882413256e-05	0.000265764819064102	2.21693075619031	SNORC
ENSG00000177485	1.28134615384615	2.54514615384615	4.53973870766673	3.06879143544133e-05	0.000266693810927287	2.21314644454915	ZBTB33
ENSG00000138738	3.19051538461539	-1.14052692307692	4.53962885749299	3.06995621344056e-05	0.000266693810927287	2.212788362343	PRDM5
ENSG00000166971	1.30589615384616	2.95428653846154	4.53922382964113	3.07425458715893e-05	0.000266827051690327	2.21146811281171	AKTIP
ENSG00000166927	1.66904230769231	1.85692115384615	4.53885832182769	3.07813859308888e-05	0.000266954942734217	2.21027672941177	MS4A7
ENSG00000177483	2.39931923076923	-4.20709423076923	4.53882489564102	3.07849402956207e-05	0.000266954942734217	2.21016777789097	RBM44
ENSG00000184575	1.29478076923077	4.02250576923077	4.53820698723262	3.0850717590871e-05	0.000267405209544941	2.20815379014921	XPOT
ENSG00000109756	1.67971538461539	3.14423076923077	4.53628809958849	3.10558614368931e-05	0.000269062519441808	2.20190021025176	RAPGEF2
ENSG00000104412	1.28625769230769	4.80921346153846	4.53586737809615	3.11010173699363e-05	0.000269332857017443	2.20052925138452	EMC2
ENSG00000212127	2.34628846153846	-1.06288269230769	4.53562303761191	3.11272717708403e-05	0.000269439339458534	2.19973307168818	TAS2R14
ENSG00000156966	2.05841923076923	1.55710576923077	4.53358845982495	3.13467285542023e-05	0.000271217347055924	2.19310416712129	B3GNT7
ENSG00000166068	1.78939615384615	3.31164807692308	4.53341856612134	3.13651220274178e-05	0.000271254906135863	2.19255069200383	SPRED1
ENSG00000132664	1.13739230769231	2.28301153846154	4.5328778482778	3.14237327380977e-05	0.000271640086450291	2.19078921705026	POLR3F
ENSG00000115137	1.39146153846154	-0.128892307692308	4.52983577376218	3.17554730490481e-05	0.000274262145980213	2.18088090446992	DNAJC27
ENSG00000086827	1.14716153846154	2.41319230769231	4.52917531233694	3.18279469280959e-05	0.000274765142912807	2.17873011065964	ZW10
ENSG00000153147	1.50530384615385	3.48037115384615	4.52890265530144	3.18579132147605e-05	0.000274900893511185	2.1778422430322	SMARCA5
ENSG00000131016	2.63377692307692	2.40351153846154	4.52800559779321	3.1956698403958e-05	0.000275506989411166	2.1749212739557	AKAP12
ENSG00000169508	1.71760769230769	0.288426923076923	4.52776404409503	3.19833496481232e-05	0.000275613659936483	2.17413477857102	GPR183
ENSG00000127314	1.23883846153846	5.68168461538462	4.52728844261395	3.2035887376274e-05	0.000275897696015756	2.17258628128992	RAP1B
ENSG00000149534	3.06452307692308	-5.28309230769231	4.52707872904238	3.20590803030668e-05	0.000275897696015756	2.17190350375971	MS4A2
ENSG00000085788	1.35010769230769	3.59289615384615	4.52694857823653	3.20734823529688e-05	0.000275897696015756	2.17147977072765	DDHD2
ENSG00000137364	1.09607692307692	3.98653076923077	4.52517164047552	3.22707447285014e-05	0.000277163681081043	2.16569512029296	TPMT
ENSG00000005175	1.34370384615385	3.11266730769231	4.52516629491813	3.22713399341328e-05	0.000277163681081043	2.16567771986292	RPAP3
ENSG00000118322	2.45292307692308	0.669703846153846	4.52509035574993	3.22797966020712e-05	0.000277163681081043	2.16543052975287	ATP10B
ENSG00000168004	4.45069230769231	-4.54742692307692	4.5249874274564	3.22912622588632e-05	0.000277163681081043	2.1650954900918	PLAAT5
ENSG00000251192	1.49981538461538	-0.534865384615385	4.52479894369112	3.23122686326848e-05	0.000277163681081043	2.16448196942863	ZNF674
ENSG00000148737	1.17351153846154	2.34528653846154	4.52471915620971	3.23211649025244e-05	0.000277163681081043	2.16422226204877	TCF7L2
ENSG00000137693	1.56029615384615	4.15247884615385	4.5236186681385	3.24441128544714e-05	0.000277971021051869	2.16064039268787	YAP1
ENSG00000197603	1.63686153846154	0.781765384615385	4.52183231250916	3.26446587240239e-05	0.000279565149667184	2.15482698451124	CPLANE1
ENSG00000119771	1.96314615384615	1.37981153846154	4.52135542920698	3.26984003597147e-05	0.000279901207159012	2.15327521664696	KLHL29
ENSG00000174695	1.19051153846154	4.57832115384615	4.52030370352545	3.2817228180643e-05	0.000280793863284996	2.14985318121877	TMEM167A
ENSG00000164402	1.12287692307692	3.93693846153846	4.51911724676795	3.29517840233262e-05	0.000281569416792852	2.14599319144063	SEPTIN8
ENSG00000205268	1.23633076923077	2.04018846153846	4.51909256872742	3.29545884601664e-05	0.000281569416792852	2.14591290928135	PDE7A
ENSG00000138385	1.279	5.46681153846154	4.5190182257347	3.29630382781624e-05	0.000281569416792852	2.14567105916758	SSB
ENSG00000167637	1.44419615384615	0.813721153846154	4.51899026577622	3.29662167513778e-05	0.000281569416792852	2.14558010123247	ZNF283
ENSG00000128656	1.83510769230769	2.46135	4.51782191824265	3.30993014364953e-05	0.000282581077235147	2.14177951535194	CHN1
ENSG00000113389	3.12104615384616	-3.67503846153846	4.51726834904073	3.31625404758281e-05	0.000282995808490234	2.13997893041842	NPR3
ENSG00000067715	3.47888846153846	-4.97962115384615	4.51658116773543	3.32412071457903e-05	0.000283541768243566	2.1377438843001	SYT1
ENSG00000196653	2.20956153846154	-0.760915384615385	4.51632054211024	3.32710904460195e-05	0.000283671315759503	2.13689624323739	ZNF502
ENSG00000117226	2.274	2.10601538461538	4.51609094562766	3.32974376552917e-05	0.000283726241974582	2.13614953728724	GBP3
ENSG00000138152	3.36105384615385	-4.80369615384615	4.51600827273505	3.33069297163344e-05	0.000283726241974582	2.13588066822588	BTBD16
ENSG00000277399	2.25959615384616	-6.441375	4.51405052392388	3.35324807743341e-05	0.000285521604052479	2.12951431145224	GPR179
ENSG00000075151	1.14012307692308	3.69854230769231	4.51363309063279	3.35807653285952e-05	0.000285806663641038	2.12815702911932	EIF4G3
ENSG00000180938	1.97444615384615	-1.14303846153846	4.51334882261336	3.36136854446223e-05	0.000285960762511038	2.12723276503928	ZNF572
ENSG00000164404	1.74491923076923	-2.41464423076923	4.51311046191399	3.36413134477138e-05	0.000286069724000537	2.1264577832159	GDF9
ENSG00000047621	1.32241923076923	2.07541346153846	4.51220727437192	3.37462015381252e-05	0.000286728445517377	2.12352141631256	C12orf4
ENSG00000135535	1.29723076923077	5.70869230769231	4.51035327089845	3.39625090713488e-05	0.000288419847164208	2.11749465832375	CD164
ENSG00000185515	1.33433076923077	2.45473461538462	4.50990826716063	3.40146287627334e-05	0.000288608518244854	2.11604826138553	BRCC3
ENSG00000157500	1.39169230769231	2.51964615384615	4.50912661647753	3.41063660828302e-05	0.000289259747142738	2.11350781410865	APPL1
ENSG00000168246	1.32642307692308	2.88461153846154	4.50855389387383	3.41737359690081e-05	0.000289576657335278	2.111646529946	UBTD2
ENSG00000117586	1.74972307692308	-0.272923076923077	4.50701244798745	3.43557029661632e-05	0.0002908271962066	2.10663752842096	TNFSF4
ENSG00000145685	1.32938846153846	4.42828653846154	4.50698556522848	3.43588848316961e-05	0.0002908271962066	2.10655017840929	LHFPL2
ENSG00000184206	1.74186153846154	-0.646157692307692	4.50678899065929	3.43821602947857e-05	0.0002908271962066	2.10591145673918	GOLGA6L4
ENSG00000109572	1.29611153846154	4.696225	4.50662293589208	3.44018340321216e-05	0.0002908271962066	2.1053719115073	CLCN3
ENSG00000132541	1.21423846153846	3.25114230769231	4.50653957931164	3.4411714041127e-05	0.0002908271962066	2.105101072614	RIDA
ENSG00000171044	2.91184230769231	-1.51719807692308	4.50640240897841	3.44279784584134e-05	0.000290837316491359	2.10465538908408	XKR6
ENSG00000257093	1.42836538461538	0.785763461538462	4.50601330776878	3.44741553611396e-05	0.000291100009158389	2.10339118369224	DENND11
ENSG00000104381	1.50821923076923	1.74806730769231	4.50577122936013	3.45029146831392e-05	0.000291215462233772	2.10260468588294	GDAP1
ENSG00000157540	1.19242307692308	3.54391538461539	4.50414075277396	3.46972283898428e-05	0.000292727534794203	2.09730786027954	DYRK1A
ENSG00000122068	1.59074615384615	3.27139615384615	4.50300424249923	3.48333038636454e-05	0.000293747166657906	2.09361625884549	FYTTD1
ENSG00000073614	1.30964615384615	2.73780384615385	4.50246212291005	3.48983955362606e-05	0.00029416756726482	2.09185549822433	KDM5A
ENSG00000163512	1.39424615384615	4.22859615384615	4.50225925289041	3.4922784388182e-05	0.000294244656065071	2.09119661719265	AZI2
ENSG00000240764	2.60793461538462	-3.05007115384615	4.50130108397072	3.50381993896242e-05	0.000294909779798186	2.08808485685926	PCDHGC5
ENSG00000109680	1.30165769230769	1.23022884615385	4.50122351446724	3.50475591802848e-05	0.000294909779798186	2.08783295423058	TBC1D19
ENSG00000153827	1.177	4.83095769230769	4.50094822091558	3.50807966862294e-05	0.000295060835919079	2.08693896949687	TRIP12
ENSG00000173208	2.88773461538462	-5.147075	4.50010240628738	3.51831083176266e-05	0.000295792482515308	2.0841924352026	ABCD2
ENSG00000128567	1.18827692307692	1.77663076923077	4.49930788811022	3.52794799858533e-05	0.000296473575170625	2.08161268172628	PODXL
ENSG00000144306	1.40935769230769	2.57889807692308	4.49824940175189	3.54082698089249e-05	0.000297297012667106	2.07817615640741	SCRN3
ENSG00000164509	2.84343076923077	-4.64708461538461	4.49793825402534	3.54462153672295e-05	0.00029748621531897	2.07716604035736	IL31RA
ENSG00000144674	1.29245	3.44260961538461	4.49719396891193	3.55371444740356e-05	0.000298119730457327	2.07474990578467	GOLGA4
ENSG00000186566	1.06267307692308	2.95107115384615	4.49667454604751	3.56007369184923e-05	0.000298523468608886	2.07306383626068	GPATCH8
ENSG00000111358	1.30364615384615	2.75153076923077	4.49594313707355	3.56904707621668e-05	0.000299145964881505	2.07068979864197	GTF2H3
ENSG00000072952	1.28550384615385	-1.09070961538462	4.49435745671166	3.58857698992826e-05	0.000300620808062379	2.06554352681574	IRAG1
ENSG00000173542	1.29882692307692	2.20940192307692	4.49426184777507	3.5897578748577e-05	0.000300620808062379	2.06523325731249	MOB1B
ENSG00000145833	1.24824230769231	3.47201730769231	4.49375168295875	3.59606542858762e-05	0.000301018434379995	2.06357772386294	DDX46
ENSG00000148120	1.44770769230769	3.54146923076923	4.49327870198522	3.60192290193343e-05	0.000301378057113225	2.06204293094921	AOPEP
ENSG00000188021	1.11785	3.54661730769231	4.49310064990783	3.60413033682196e-05	0.000301432096584378	2.06146518218663	UBQLN2
ENSG00000101132	1.19982307692308	4.65238461538462	4.49294022212016	3.60612040066801e-05	0.000301467917254632	2.06094463006253	PFDN4
ENSG00000100815	1.29754615384615	1.97975	4.49230931507869	3.61395702952916e-05	0.000301992262082257	2.05889755949216	TRIP11
ENSG00000015171	1.23432307692308	3.69476538461539	4.49206666345915	3.61697547485145e-05	0.000302113706581815	2.05811027507393	ZMYND11
ENSG00000067208	1.70143846153846	1.54278846153846	4.49184295381197	3.61976047040191e-05	0.000302202359482067	2.0573844649185	EVI5
ENSG00000151490	1.79240384615385	-1.41605576923077	4.49165028072152	3.62216076263753e-05	0.000302202359482067	2.05675936370539	PTPRO
ENSG00000089916	1.22809230769231	2.17573846153846	4.49160431997	3.62273356390977e-05	0.000302202359482067	2.05661025218009	GPATCH2L
ENSG00000197798	1.10616153846154	3.07798076923077	4.48992118019978	3.64377119684911e-05	0.000303825984504442	2.05115007574814	FAM118B
ENSG00000163257	1.31586923076923	3.04213846153846	4.48921688078164	3.65260956553224e-05	0.000304431444056428	2.04886557195119	DCAF16
ENSG00000184517	1.40320769230769	1.42296153846154	4.48851536852941	3.66143373148073e-05	0.000304903603618518	2.04659026909619	ZFP1
ENSG00000178297	3.16876923076923	-2.88433076923077	4.48820725634551	3.66531597075374e-05	0.000305095274616039	2.04559098071746	TMPRSS9
ENSG00000176018	1.54094615384615	1.76897692307692	4.48771899031767	3.67147638294156e-05	0.000305438915254251	2.04400746957105	LYSMD3
ENSG00000140993	2.1396	0.273134615384616	4.48726165898616	3.67725564822384e-05	0.000305693651066601	2.04252435409092	TIGD7
ENSG00000118200	1.40319615384616	2.80316730769231	4.48704430302511	3.68000546885081e-05	0.0003057905534448	2.04181949734127	CAMSAP2
ENSG00000100934	1.53260384615385	3.36181346153846	4.48671188127352	3.68421489095723e-05	0.00030600860602473	2.0407415271385	SEC23A
ENSG00000115368	1.09717692307692	3.62654230769231	4.48620084590583	3.69069523435822e-05	0.00030635457056916	2.03908442266554	WDR75
ENSG00000101126	1.19695	4.43710576923077	4.486133164376	3.69155432390751e-05	0.00030635457056916	2.03886496210834	ADNP
ENSG00000243811	1.87056923076923	0.877084615384615	4.48587131013687	3.69487990666432e-05	0.000306498783147148	2.03801590142274	APOBEC3D
ENSG00000011454	1.06994615384615	3.02151923076923	4.48549781530361	3.69962839331308e-05	0.000306760854278876	2.03680488547885	RABGAP1
ENSG00000174804	1.12163076923077	0.76326923076923	4.48483664188492	3.70804891791053e-05	0.000307195470257398	2.03466121478853	FZD4
ENSG00000104231	1.40446153846154	3.25493076923077	4.48483633183076	3.70805287105496e-05	0.000307195470257398	2.03466020955767	ZFAND1
ENSG00000143742	1.32491923076923	6.49790576923077	4.48451096868696	3.71220346757009e-05	0.000307204931078854	2.033605362506	SRP9
ENSG00000138443	1.22954615384615	3.83319615384615	4.48450951321121	3.71222204497161e-05	0.000307204931078854	2.03360064384285	ABI2
ENSG00000100731	1.01675384615385	2.56193461538462	4.48445314921397	3.71294153347648e-05	0.000307204931078854	2.0334179118776	PCNX1
ENSG00000122741	1.01005384615385	2.47999230769231	4.4838640768809	3.72046920212321e-05	0.000307625215966239	2.03150820253989	DCAF10
ENSG00000153560	1.12146538461538	4.324325	4.48380628529704	3.72120851308691e-05	0.000307625215966239	2.03132085451649	UBP1
ENSG00000135913	1.34401923076923	0.480875	4.48293971971031	3.73231142257328e-05	0.000308393993264076	2.02851176381297	USP37
ENSG00000120729	3.59885384615385	-2.36191538461538	4.48283125728248	3.7337033738701e-05	0.000308393993264076	2.02816018528799	MYOT
ENSG00000131931	1.30439230769231	1.50796153846154	4.48129596802624	3.75346084813445e-05	0.000309893305181947	2.02318399141467	THAP1
ENSG00000173960	1.20113461538462	3.18909807692308	4.48115047885423	3.75533841017326e-05	0.000309915764564234	2.02271247046551	UBXN2A
ENSG00000179295	1.19920384615385	3.93847884615385	4.48021298413298	3.76745890927386e-05	0.000310715800558124	2.01967427680925	PTPN11
ENSG00000167981	1.27818461538462	-0.370615384615385	4.48015174055511	3.76825202873423e-05	0.000310715800558124	2.01947581117559	ZNF597
ENSG00000164342	2.37129230769231	-0.0491730769230769	4.47976743028422	3.77323265765177e-05	0.000310811746059909	2.01823044519824	TLR3
ENSG00000141664	1.10509230769231	1.98071538461538	4.47972237161426	3.77381703431932e-05	0.000310811746059909	2.01808443473737	ZCCHC2
ENSG00000154760	1.91199230769231	-0.204026923076923	4.47968928938153	3.77424614186616e-05	0.000310811746059909	2.01797723376986	SLFN13
ENSG00000268916	5.4137	0.357419230769231	4.48517786988694	3.77847821316594e-05	0.000311011210697398	2.01968015242001	CSAG3
ENSG00000185278	1.38356538461538	-0.175548076923077	4.47925446127828	3.77989069210017e-05	0.000311011210697398	2.01656823293733	ZBTB37
ENSG00000198478	1.82176153846154	-0.974407692307693	4.47905426025248	3.78249228846076e-05	0.000311092665718611	2.01591952974803	SH3BGRL2
ENSG00000164116	1.35682307692308	-0.5911	4.47858132021451	3.78864503962316e-05	0.000311465993185034	2.01438713354047	GUCY1A1
ENSG00000130508	1.94604615384615	2.15841153846154	4.47747210737335	3.80311372526434e-05	0.000312316488003453	2.01079340558077	PXDN
ENSG00000166912	1.32933846153846	3.16058461538461	4.4774162092274	3.80384428998663e-05	0.000312316488003453	2.01061231237041	MTMR10
ENSG00000165275	1.10533846153846	1.66970384615385	4.47715294031272	3.80728694099589e-05	0.000312466240739981	2.00975941387607	TRMT10B
ENSG00000125551	4.07577692307693	-4.3171	4.47686592426537	3.81104358270109e-05	0.000312591924158417	2.00882960888358	PLGLB2
ENSG00000103978	1.35696153846154	4.89087307692308	4.47678853350063	3.81205713862567e-05	0.000312591924158417	2.00857890166508	TMEM87A
ENSG00000124772	1.76593846153846	1.88946538461538	4.47600720729807	3.82230458198172e-05	0.000313299130980862	2.00604790689807	CPNE5
ENSG00000163491	2.516	-2.71547692307692	4.47299398640491	3.86207633606669e-05	0.000316050149732768	1.99628888031725	NEK10
ENSG00000169752	3.23909615384616	-3.82671346153846	4.47296832722572	3.86241673946847e-05	0.000316050149732768	1.99620578979261	NRG4
ENSG00000158615	1.26353461538462	3.16302115384615	4.47191481432915	3.87641827396722e-05	0.000316927157739895	1.99279445094192	PPP1R15B
ENSG00000077157	1.74949615384615	1.93769807692308	4.47129837353334	3.88463390214507e-05	0.000317464387015692	1.99079854702583	PPP1R12B
ENSG00000165424	1.44654230769231	3.86997884615385	4.47097053833311	3.88901004218272e-05	0.000317687519442459	1.98973713732195	ZCCHC24
ENSG00000117620	1.53825	1.42135961538462	4.47042697170742	3.89627648288837e-05	0.000318146467636186	1.98797734642637	SLC35A3
ENSG00000132837	3.04133461538462	-2.934775	4.46789217946067	3.93033686106916e-05	0.000320791934161598	1.97977226642336	DMGDH
ENSG00000151247	1.50213076923077	4.41599615384615	4.46739431827917	3.93706070344689e-05	0.000321204914449008	1.97816094627541	EIF4E
ENSG00000188725	1.20716923076923	4.3349	4.46675471130023	3.94571533972801e-05	0.00032163911825494	1.97609098765795	SMIM15
ENSG00000079337	1.414	1.36767307692308	4.46638512114577	3.95072477855452e-05	0.000321835235384267	1.97489494523591	RAPGEF3
ENSG00000170191	1.28514615384615	1.26915769230769	4.46633122747125	3.95145577299235e-05	0.000321835235384267	1.97472054196149	NANP
ENSG00000151332	1.19342307692308	3.22623461538461	4.46597197629072	3.95633189550166e-05	0.000321961956744087	1.97355800727637	MBIP
ENSG00000188283	1.32276923076923	0.873434615384615	4.46597082598851	3.95634751798671e-05	0.000321961956744087	1.97355428497349	ZNF383
ENSG00000164465	1.50025769230769	1.12267884615385	4.46574506739767	3.95941475458396e-05	0.000322075781743507	1.9728237533362	DCBLD1
ENSG00000164209	1.39793461538462	3.22303653846154	4.46471380440336	3.97345535365354e-05	0.000323019784389719	1.96948690549431	SLC25A46
ENSG00000215018	2.97253461538462	-3.42189807692308	4.46464699616633	3.97436661620258e-05	0.000323019784389719	1.96927074679786	COL28A1
ENSG00000205929	2.96202307692308	-7.11991923076923	4.46402071964111	3.98291891909824e-05	0.000323578635923204	1.96724449454274	C21orf62
ENSG00000171428	1.49442307692308	0.977757692307692	4.46381605584456	3.98571765130458e-05	0.000323669784699757	1.96658235423033	NAT1
ENSG00000188070	1.14787307692308	1.89144423076923	4.46204909789499	4.00996023295577e-05	0.000325501523871932	1.9608663624432	ZFTA
ENSG00000134780	1.8073	1.08093076923077	4.46085318148498	4.02644961620755e-05	0.000326702635315907	1.95699823646136	DAGLA
ENSG00000092439	1.66646923076923	2.55578846153846	4.46011771406677	4.03662308357598e-05	0.000327390484799442	1.95461964185315	TRPM7
ENSG00000112852	2.55595384615385	-0.432496153846154	4.45990398341577	4.03958423977172e-05	0.000327493047376369	1.95392844339549	PCDHB2
ENSG00000167258	1.12915769230769	3.16021730769231	4.45927999947215	4.04824141241228e-05	0.000328027444265401	1.95191058451143	CDK12
ENSG00000104415	1.73715	-0.207613461538461	4.45900518000677	4.0520599977021e-05	0.000328027444265401	1.95102190548066	CCN4
ENSG00000153207	1.40147692307692	3.30417692307692	4.45894768353409	4.05285934847419e-05	0.000328027444265401	1.95083598327083	AHCTF1
ENSG00000105792	1.64483461538462	-0.630198076923077	4.45886151670218	4.0540575796009e-05	0.000328027444265401	1.95055735382652	CFAP69
ENSG00000198363	1.49623076923077	5.08784615384615	4.45881728799113	4.05467275561957e-05	0.000328027444265401	1.9504143366258	ASPH
ENSG00000145391	1.78741923076923	1.93935961538461	4.4579617896035	4.06658977026729e-05	0.00032885371736686	1.94764813889708	SETD7
ENSG00000146674	2.0327	5.27305	4.45700458140221	4.07996404654914e-05	0.000329601556734481	1.94455335594653	IGFBP3
ENSG00000151461	1.15605769230769	2.40697115384615	4.45689804313198	4.08145526509135e-05	0.000329601556734481	1.94420892211557	UPF2
ENSG00000164291	1.41451538461539	1.42797692307692	4.45688347916987	4.08165915844644e-05	0.000329601556734481	1.94416183771874	ARSK
ENSG00000088367	1.58648076923077	2.81378653846154	4.45681145903392	4.08266757577653e-05	0.000329601556734481	1.94392900206478	EPB41L1
ENSG00000172086	1.64155384615385	3.26260384615385	4.45630408471759	4.08977865194984e-05	0.000329810034399894	1.94228874787968	KRCC1
ENSG00000138709	1.10225	2.05619038461538	4.45613976156238	4.09208429978628e-05	0.000329810034399894	1.94175753754501	LARP1B
ENSG00000182287	1.68161153846154	6.679775	4.45594450265066	4.09482565927666e-05	0.000329893237483378	1.94112633226461	AP1S2
ENSG00000123610	2.20378461538462	0.206007692307692	4.45581617042582	4.09662836833767e-05	0.000329900781785657	1.94071148494324	TNFAIP6
ENSG00000198060	1.22566538461539	3.023075	4.45407285246659	4.12119383922205e-05	0.00033160235380785	1.93507656754817	MARCHF5
ENSG00000077713	1.24483846153846	3.19002692307692	4.45347848035195	4.12960202533901e-05	0.000332003052617456	1.93315561176513	SLC25A43
ENSG00000184203	1.38550384615385	3.673375	4.45324619196381	4.13289259432423e-05	0.000332128333672942	1.9324049089543	PPP1R2
ENSG00000177058	1.06436538461538	2.25698269230769	4.45104863316275	4.16414960350264e-05	0.000334500956289685	1.92530378772364	SLC38A9
ENSG00000137707	3.4205576923077	-6.26635576923077	4.45064716093519	4.16988477565541e-05	0.000334822320401316	1.92400665622055	BTG4
ENSG00000077147	1.12545384615384	4.31391923076923	4.44958606243614	4.18508001182899e-05	0.000335700452866992	1.92057857123456	TM9SF3
ENSG00000129128	1.03490384615385	4.473075	4.4495192639462	4.1860383880788e-05	0.000335700452866992	1.92036277823045	SPCS3
ENSG00000249459	1.56972692307692	-0.312555769230769	4.44874924157398	4.1971015589764e-05	0.000336447887844358	1.91787532237196	ZNF286B
ENSG00000221823	1.02419230769231	4.29923076923077	4.44852189306759	4.20037339416895e-05	0.000336463309300498	1.91714094061571	PPP3R1
ENSG00000156486	2.22073076923077	-7.44141923076923	4.44849364716484	4.20078006224007e-05	0.000336463309300498	1.91704970182371	KCNS2
ENSG00000185722	1.19804230769231	3.639925	4.44769877428171	4.21223991887526e-05	0.000337104942488173	1.91448224371964	ANKFY1
ENSG00000109790	1.42061923076923	2.57478653846154	4.4476957420754	4.21228369311233e-05	0.000337104942488173	1.91447245002389	KLHL5
ENSG00000185477	2.09405384615385	-0.732796153846154	4.44647335406289	4.22996675877447e-05	0.000337819811107255	1.91052451897055	GPRIN3
ENSG00000115514	1.32426923076923	3.59822307692308	4.44631755657814	4.23222571416456e-05	0.000337860434079895	1.91002137750278	TXNDC9
ENSG00000211456	1.21728461538462	3.58273461538462	4.44570462212326	4.2411242493988e-05	0.000338430844919988	1.90804200963924	SACM1L
ENSG00000198081	1.25523461538462	2.02354423076923	4.44434700665593	4.26089894391949e-05	0.000339868315349082	1.90365826576443	ZBTB14
ENSG00000101574	1.19081538461538	1.92339230769231	4.44331717223719	4.27595913383497e-05	0.000340928703677887	1.90033333694941	METTL4
ENSG00000002016	1.24498846153846	1.77230576923077	4.44312990350947	4.27870329781522e-05	0.000341006646398543	1.89972875810204	RAD52
ENSG00000147133	1.33730769230769	2.81030769230769	4.44247197049423	4.28835800228852e-05	0.000341458996799798	1.89760477806678	TAF1
ENSG00000248710	2.99782307692308	-7.72030384615385	4.44226123838844	4.29145483207952e-05	0.000341458996799798	1.89692451015001	TRIM59-IFT80
ENSG00000177888	1.76299615384615	0.773071153846154	4.44190912968415	4.29663413368953e-05	0.000341730237670412	1.89578789503824	ZBTB41
ENSG00000178996	1.20942307692308	2.58455	4.44162994558421	4.30074508648964e-05	0.000341916319623186	1.89488671162203	SNX18
ENSG00000135452	1.05628461538462	4.79381538461538	4.44134183495029	4.30499149817035e-05	0.000341998353096564	1.89395674132709	TSPAN31
ENSG00000116171	1.06813461538461	5.96827115384615	4.44131953073713	4.30532040628219e-05	0.000341998353096564	1.89388474841626	SCP2
ENSG00000185222	1.28473076923077	5.65508461538461	4.4407163267999	4.31422481458637e-05	0.000342564712447391	1.89193780664684	TCEAL9
ENSG00000165195	1.33114615384615	2.26482692307692	4.43968864499573	4.32943663275657e-05	0.000343631230765214	1.88862107095018	PIGA
ENSG00000162971	1.25648846153846	0.962548076923077	4.43906226725002	4.33873393084543e-05	0.000344147037995284	1.88659967504054	TYW5
ENSG00000180398	1.18145384615385	4.56872692307692	4.43901064230525	4.33950106450045e-05	0.000344147037995284	1.88643308100976	MCFD2
ENSG00000123411	1.00933461538462	0.886190384615384	4.43861352105787	4.34540660437704e-05	0.000344473854966284	1.88515159792009	IKZF4
ENSG00000104728	1.33528846153846	2.89658653846154	4.43804779422547	4.35383297647903e-05	0.000344831440274095	1.88332612707971	ARHGEF10
ENSG00000197442	1.79080769230769	0.504884615384615	4.43803429682719	4.35403421139721e-05	0.000344831440274095	1.88328257537403	MAP3K5
ENSG00000179841	2.01573846153846	-2.62307692307692	4.43795097651531	4.3552766481285e-05	0.000344831440274095	1.88301372922734	AKAP5
ENSG00000165097	1.47521153846154	3.03451730769231	4.43757608906849	4.36087108208682e-05	0.000345117483602489	1.88180412435377	KDM1B
ENSG00000074054	1.01892692307692	3.489025	4.43746935087031	4.36246521260982e-05	0.000345117483602489	1.88145973345187	CLASP1
ENSG00000090857	1.10338846153846	2.93190961538462	4.43713533240519	4.3674574322357e-05	0.000345370875929724	1.88038204713615	PDPR
ENSG00000221914	1.36390384615385	4.15452115384616	4.43598846013256	4.38464090105787e-05	0.000346587728554955	1.87668203083331	PPP2R2A
ENSG00000099338	1.53520384615385	-0.923825	4.43569756008384	4.38900988431405e-05	0.000346791067527278	1.87574360484117	CATSPERG
ENSG00000155657	2.05585	-4.65721346153846	4.43371913182646	4.4188362689671e-05	0.000348807690940466	1.86936206558738	TTN
ENSG00000169764	1.33709615384615	5.09564038461539	4.43364528131877	4.41995343749873e-05	0.000348807690940466	1.86912388169315	UGP2
ENSG00000143498	1.61893461538462	1.05428653846154	4.43158423266827	4.45124300602854e-05	0.000350846646571535	1.86247728975057	TAF1A
ENSG00000152784	2.12474230769231	-2.82004807692308	4.43083518880828	4.46266788508784e-05	0.000351603584432043	1.86006208126094	PRDM8
ENSG00000198947	1.85840384615385	1.52972884615385	4.43018980577814	4.47253456300249e-05	0.000352237187554618	1.85798126640534	DMD
ENSG00000112081	1.13599615384615	7.18915961538462	4.42960158096574	4.48154590289584e-05	0.000352802938676992	1.85608486016008	SRSF3
ENSG00000172878	1.16576538461538	1.66243653846154	4.42922136879292	4.48737998753578e-05	0.00035311820586793	1.8548591376141	METAP1D
ENSG00000121858	2.12429615384615	2.19445961538462	4.42906932233944	4.48971510150404e-05	0.000353157989422708	1.85436898601458	TNFSF10
ENSG00000127993	1.13215	2.58994038461538	4.42852119616381	4.49814299344715e-05	0.000353676799195562	1.85260205804255	RBM48
ENSG00000204681	1.28767307692308	3.684775	4.42817216982753	4.503517587199e-05	0.000353955211668169	1.85147699665507	GABBR1
ENSG00000007237	1.78036538461539	6.13330576923077	4.42799924168858	4.50618279268112e-05	0.000354020539060332	1.85091959033821	GAS7
ENSG00000004897	1.24525769230769	3.91667115384615	4.42780805337946	4.50913121557456e-05	0.000354108054736517	1.85030333695591	CDC27
ENSG00000101638	3.56521538461539	-4.17699615384615	4.42632474097095	4.53207012681276e-05	0.000355764740373594	1.84552262333629	ST8SIA5
ENSG00000106692	1.37078076923077	1.17067115384615	4.4260259552855	4.53670447404218e-05	0.000355839116060286	1.84455972696559	FKTN
ENSG00000198944	3.29368846153846	-6.00164423076923	4.4248693589502	4.55468752804694e-05	0.000357104522152275	1.84083264783055	SOWAHA
ENSG00000172239	1.25995	5.08637115384615	4.42437884443718	4.5623351157221e-05	0.000357558890535054	1.83925212291957	PAIP1
ENSG00000259030	2.36294230769231	-2.73687115384615	4.42415157008126	4.56588277635665e-05	0.000357691701428622	1.83851983199766	FPGT-TNNI3K
ENSG00000142449	3.42364230769231	-7.55785192307692	4.42347900642314	4.5763969657181e-05	0.000358263856371339	1.83635289537192	FBN3
ENSG00000111897	1.32453461538462	5.55423269230769	4.42340884745797	4.57749511791813e-05	0.000358263856371339	1.83612685857434	SERINC1
ENSG00000150773	1.34231923076923	-0.595786538461539	4.42332842368206	4.5787542540957e-05	0.000358263856371339	1.83586775284558	PIH1D2
ENSG00000133116	1.87447692307692	-4.43357307692308	4.42269161314653	4.58873624467306e-05	0.000358899415441346	1.83381618196637	KL
ENSG00000113108	1.05561923076923	3.09702115384615	4.42224388999735	4.59576697690982e-05	0.000359158258928301	1.83237386328648	APBB3
ENSG00000145388	1.42551538461539	2.78271538461538	4.42193828100541	4.60057206947408e-05	0.000359388274613753	1.83138939731527	METTL14
ENSG00000144161	1.13715384615385	1.94295384615385	4.42148052085048	4.60777858814209e-05	0.000359805623328911	1.82991486179652	ZC3H8
ENSG00000163961	1.11354230769231	1.83689423076923	4.42073712904232	4.61950523077073e-05	0.000360575452768166	1.82752040092087	RNF168
ENSG00000175582	1.29039615384615	5.16173653846154	4.4205336486445	4.62272009666149e-05	0.000360680541737497	1.82686502415098	RAB6A
ENSG00000198205	1.27139230769231	-0.811192307692308	4.41999210110588	4.63128683396508e-05	0.000361202948509204	1.82512085691913	ZXDA
ENSG00000130962	1.46925384615385	1.34894615384615	4.41972374189901	4.63553773235071e-05	0.000361388468689684	1.82425658653862	PRRG1
ENSG00000114805	3.03218076923077	-3.23977884615385	4.41920842935889	4.6437111066703e-05	0.000361879513492357	1.82259705303152	PLCH1
ENSG00000169139	1.25772307692308	4.6676	4.41905930055733	4.64607905586076e-05	0.000361917933879259	1.8221168092675	UBE2V2
ENSG00000111530	1.31398846153846	4.32276346153846	4.41851452576792	4.65473928538788e-05	0.000362343317133401	1.82036251911201	CAND1
ENSG00000049759	-1.16398461538461	5.42631153846154	-4.4184796565293	4.65529413298883e-05	0.000362343317133401	1.82025023619049	NEDD4L
ENSG00000173041	1.52508076923077	0.747140384615385	4.41731942679062	4.67379274523364e-05	0.000363636523019931	1.81651439816375	ZNF680
ENSG00000183291	1.34454615384615	6.70089615384615	4.41661872986943	4.68499924278825e-05	0.000364361564800732	1.81425843557907	SELENOF
ENSG00000106714	2.84239615384615	-1.67940192307692	4.41641252283258	4.68830216513587e-05	0.000364471593611025	1.81359456333534	CNTNAP3
ENSG00000136153	1.58677307692308	2.30626346153846	4.41416773887626	4.72440499003909e-05	0.000367130392603561	1.80636853390097	LMO7
ENSG00000107164	1.22931538461538	3.86858846153846	4.41399188306618	4.72724468056275e-05	0.00036720323568975	1.8058025205119	FUBP3
ENSG00000188738	2.7794	-5.36158846153846	4.41266390231549	4.74874241204053e-05	0.000368576496902366	1.80152859008555	FSIP2
ENSG00000139044	2.00198846153846	1.97864423076923	4.41164740126056	4.76526209843186e-05	0.000369561487689956	1.7982575190411	B4GALNT3
ENSG00000100916	1.44883846153846	1.43398076923077	4.41128510820625	4.77116342301083e-05	0.000369667625598822	1.79709175499993	BRMS1L
ENSG00000110958	1.04730769230769	6.71214230769231	4.41127375864979	4.77134840871754e-05	0.000369667625598822	1.79705523582149	PTGES3
ENSG00000179083	4.50815	-4.61029807692308	4.41117002306062	4.77303951213788e-05	0.000369667625598822	1.79672145048222	FAM133A
ENSG00000082438	1.49837307692308	1.88129423076923	4.41102903462554	4.77533884898038e-05	0.000369667625598822	1.79626780417823	COBLL1
ENSG00000151704	2.68784615384616	-7.05641923076923	4.41097587622211	4.77620607285635e-05	0.000369667625598822	1.79609676272473	KCNJ1
ENSG00000169131	1.33474615384615	1.69086923076923	4.41039740089076	4.78565321162662e-05	0.000370250356489092	1.79423553353318	ZNF354A
ENSG00000165795	1.56227307692308	4.54173269230769	4.41009635814736	4.7905767646895e-05	0.000370482785612185	1.7932669812551	NDRG2
ENSG00000164953	1.5199	1.94458461538461	4.40993097192609	4.79328375402396e-05	0.000370543677628852	1.7927348931351	TMEM67
ENSG00000242950	2.62245384615385	-6.96798076923077	4.40969420711923	4.79716163727229e-05	0.000370695000337338	1.79197317869463	ERVW-1
ENSG00000177917	1.53408846153846	2.87080576923077	4.40954241677057	4.79964936167516e-05	0.00037073882204248	1.79148485217369	ARL6IP6
ENSG00000150637	1.96141923076923	-2.291675	4.40913216789864	4.80637930346544e-05	0.000371110158779173	1.79016507476316	CD226
ENSG00000135241	1.47454230769231	3.17528653846154	4.40862207013786	4.8147600322152e-05	0.000371608608164134	1.78852416139654	PNPLA8
ENSG00000166250	1.79169615384615	-0.594378846153846	4.40770211132611	4.82991061074445e-05	0.000372580091718412	1.78556500523656	CLMP
ENSG00000155008	1.18715384615385	1.55182307692308	4.40762349787743	4.83120742667557e-05	0.000372580091718412	1.78531214910816	APOOL
ENSG00000135090	1.16433846153846	3.79111923076923	4.40646334565639	4.85038487713439e-05	0.000373783950116416	1.78158082277075	TAOK3
ENSG00000164188	3.08232307692308	-5.76377307692308	4.40644489052442	4.85069054054614e-05	0.000373783950116416	1.78152147035419	RANBP3L
ENSG00000166455	1.33806153846154	-0.372357692307692	4.40576666239319	4.86193671973773e-05	0.000374501055471259	1.7793403427191	C16orf46
ENSG00000073060	-1.32283846153846	6.81365384615385	-4.4053567167018	4.86874662056884e-05	0.0003748760112359	1.77802206577191	SCARB1
ENSG00000118961	1.22600384615385	2.58155576923077	4.40480162311585	4.87798247569757e-05	0.000375415650670267	1.77623712254752	LDAH
ENSG00000073712	1.40751923076923	3.29904807692308	4.40470181281985	4.8796449646775e-05	0.000375415650670267	1.77591618648732	FERMT2
ENSG00000137478	1.13751923076923	2.02703269230769	4.4041743186035	4.88844032913344e-05	0.000375942484754035	1.77422010590828	FCHSD2
ENSG00000043591	2.90815	-6.26730576923077	4.40346687664882	4.90026034502948e-05	0.000376663943682279	1.77194557812552	ADRB1
ENSG00000214367	1.38800384615385	1.91839807692308	4.40317447785812	4.90515389616849e-05	0.000376777499632871	1.7710055235885	HAUS3
ENSG00000100154	1.30197307692308	1.05529423076923	4.40245266010162	4.91725452464303e-05	0.000377556738620463	1.76868502267046	TTC28
ENSG00000151693	1.51584615384615	2.61679615384615	4.40130427515057	4.93656607730813e-05	0.000378888807118405	1.76499355812155	ASAP2
ENSG00000139117	2.14675769230769	1.270925	4.40072947377382	4.94625979366954e-05	0.000379210705147231	1.76314603708104	CPNE8
ENSG00000253710	1.22664230769231	1.73135576923077	4.40053826990794	4.94948844859932e-05	0.000379210705147231	1.76253149638933	ALG11
ENSG00000140463	1.3219	3.39861538461538	4.40052985171024	4.94963064482117e-05	0.000379210705147231	1.76250444008314	BBS4
ENSG00000181722	1.68325384615385	-2.04862692307692	4.4004734953861	4.95058269165944e-05	0.000379210705147231	1.76232331001416	ZBTB20
ENSG00000104419	2.12044230769231	6.59182115384615	4.40110832439763	4.95881638941232e-05	0.000379690728936239	1.76130543600841	NDRG1
ENSG00000138663	1.29031538461538	4.15286153846154	4.39965705050537	4.96439518746009e-05	0.000379967170117138	1.7596993652825	COPS4
ENSG00000132334	1.54343076923077	0.852357692307692	4.39911232667095	4.97363159893615e-05	0.000380523229307429	1.75794882195535	PTPRE
ENSG00000117151	1.36895769230769	3.01861346153846	4.39873625717073	4.98001804152824e-05	0.000380860888492946	1.75674033101316	CTBS
ENSG00000108256	1.15707692307692	3.11649615384615	4.39857850837648	4.98269931972442e-05	0.000380915029578774	1.75623342313332	NUFIP2
ENSG00000171115	1.26806923076923	0.184453846153846	4.3983763220938	4.98613796258001e-05	0.000381027003530016	1.7555837328199	GIMAP8
ENSG00000135776	1.53872307692308	1.71061923076923	4.39788008252416	4.9945874515229e-05	0.000381521652460414	1.75398921268733	ABCB10
ENSG00000105708	1.56238076923077	0.406732692307692	4.39753132531525	5.00053408965663e-05	0.000381703346831205	1.75286863404765	ZNF14
ENSG00000120008	1.22703846153846	3.31473076923077	4.39743952175271	5.00210057194845e-05	0.000381703346831205	1.75257367037746	WDR11
ENSG00000242732	1.83475769230769	-0.291386538461539	4.39739277909892	5.00289834472853e-05	0.000381703346831205	1.75242348793394	RTL5
ENSG00000120251	4.13443076923078	-6.93475384615385	4.39709623502361	5.00796244889557e-05	0.00038193875602936	1.75147071998363	GRIA2
ENSG00000121454	2.36678461538462	-3.49434230769231	4.39508148847641	5.04250074515119e-05	0.000384269213910989	1.74499832504522	LHX4
ENSG00000164300	1.64363461538462	3.23995192307692	4.39433741405602	5.05531475071365e-05	0.000384826490391672	1.74260832833179	SERINC5
ENSG00000145779	1.34548076923077	1.869525	4.39430960180405	5.05579433058738e-05	0.000384826490391672	1.74251899793509	TNFAIP8
ENSG00000135899	1.21111538461539	3.95150384615385	4.39360828197543	5.06790216672172e-05	0.000385596040694637	1.74026651045308	SP110
ENSG00000064042	2.31196153846154	0.424669230769231	4.39322366093636	5.07455437822938e-05	0.000385950051863521	1.73903126228329	LIMCH1
ENSG00000066933	1.28475384615385	1.42779230769231	4.39259663168949	5.0854173821183e-05	0.000386623913852027	1.73701760478858	MYO9A
ENSG00000104517	1.03621538461538	4.88454230769231	4.39218333377844	5.09258995558912e-05	0.000387016787058019	1.7356904029729	UBR5
ENSG00000177144	2.33011538461538	1.93403076923077	4.39199180913743	5.09591710470978e-05	0.000387117228934329	1.73507538978347	NUDT4B
ENSG00000109189	1.34455384615385	1.80232692307692	4.39150710046078	5.1043468746608e-05	0.000387605065781186	1.73351897650302	USP46
ENSG00000137877	1.99330769230769	-2.01788461538461	4.3908405955838	5.11596049976883e-05	0.00038818154688301	1.73137894170739	SPTBN5
ENSG00000163106	1.93493076923077	-1.58972307692308	4.39058521016829	5.120417315889e-05	0.00038836705480788	1.73055898246954	HPGDS
ENSG00000119397	1.25653076923077	1.60623461538462	4.38953249487364	5.13882851997918e-05	0.000389610396391038	1.72717929280985	CNTRL
ENSG00000161091	-1.29242307692308	8.72018076923077	-4.38850276630791	5.15690001940565e-05	0.000390673630591002	1.7238737679966	MFSD12
ENSG00000222014	2.67258846153847	-6.1177326923077	4.38720578037728	5.17974983798594e-05	0.000391960579943304	1.71971083901512	RAB6C
ENSG00000119396	1.15786153846154	4.42600769230769	4.38719277374965	5.17997948212904e-05	0.000391960579943304	1.71966909463002	RAB14
ENSG00000100485	1.29784615384615	2.72611153846154	4.38658403871932	5.19073835577933e-05	0.000392534611657209	1.71771544250532	SOS2
ENSG00000142794	1.73948846153846	1.26590576923077	4.38653349115631	5.19163271802753e-05	0.000392534611657209	1.7175532227034	NBPF3
ENSG00000164663	1.54888076923077	-0.0334942307692307	4.38549565926655	5.21002875329404e-05	0.000393771280441797	1.7142227536905	USP49
ENSG00000067798	1.47517692307692	0.634330769230769	4.38454105290601	5.22700556820579e-05	0.000394899759229262	1.71115968701369	NAV3
ENSG00000148481	1.1428	3.02556923076923	4.38426713639633	5.23188685679913e-05	0.000395062791341541	1.71028082276218	MINDY3
ENSG00000144848	1.09794230769231	4.68494807692308	4.38419030664495	5.2332567863043e-05	0.000395062791341541	1.71003431825251	ATG3
ENSG00000152133	1.25159615384615	1.52199423076923	4.38313591965803	5.25209255973451e-05	0.000396329721190599	1.7066515738203	GPATCH11
ENSG00000165521	1.26639230769231	-0.574511538461538	4.38214821894289	5.26979686252081e-05	0.000397510311986085	1.70348312250865	EML5
ENSG00000157557	1.28501538461538	3.13826153846154	4.38199454811869	5.27255659052325e-05	0.000397563124479962	1.70299019104502	ETS2
ENSG00000088930	1.35618076923077	4.68094038461538	4.38118045897635	5.28720004419611e-05	0.000398511606611158	1.70037896444461	XRN2
ENSG00000023608	1.51347692307692	1.50884615384615	4.37966872423819	5.31449745049966e-05	0.000400412741167037	1.69553061359175	SNAPC1
ENSG00000134152	1.39145769230769	2.75439807692308	4.37894307492102	5.32764916320737e-05	0.000401247022229387	1.69320363111576	KATNBL1
ENSG00000165168	1.98441538461538	1.60241923076923	4.3780752547662	5.34341916964771e-05	0.000402046676673363	1.69042097905071	CYBB
ENSG00000182985	2.31698846153846	3.45052115384615	4.37801503215055	5.34451521703284e-05	0.000402046676673363	1.69022788577658	CADM1
ENSG00000138792	1.34758846153846	-0.945609615384616	4.37770300849522	5.3501975290029e-05	0.000402243222118536	1.68922745655276	ENPEP
ENSG00000109610	2.16066923076923	2.41986923076923	4.3774424218067	5.35494761791592e-05	0.000402361050481241	1.68839197335981	SOD3
ENSG00000213512	3.52798846153847	-6.17740576923077	4.37712926466299	5.36066141229403e-05	0.000402564563920219	1.68738797170946	GBP7
ENSG00000189180	1.25326538461539	1.76956346153846	4.37705152771746	5.36208070166614e-05	0.000402564563920219	1.68713874737005	ZNF33A
ENSG00000091592	1.48699615384615	1.94700961538462	4.37695121843307	5.36391264778948e-05	0.000402564563920219	1.68681715927869	NLRP1
ENSG00000147650	1.66838846153846	2.63736730769231	4.37677115707771	5.36720263173753e-05	0.000402654925769255	1.68623989750844	LRP12
ENSG00000155760	1.86411923076923	2.32639038461538	4.37579285689944	5.38511194160421e-05	0.000403841553258688	1.68310374357553	FZD7
ENSG00000169193	1.39271538461539	1.53690769230769	4.37469550266665	5.40526990314878e-05	0.000405038528495656	1.67958632866695	CCDC126
ENSG00000129480	1.15193076923077	2.88056153846154	4.3741978022443	5.41443664053131e-05	0.00040547420879647	1.67799115676903	DTD2
ENSG00000067955	1.25001538461538	4.27748461538461	4.37403785335309	5.41738581819456e-05	0.00040547420879647	1.67747852520883	CBFB
ENSG00000169762	1.21324615384615	2.96477692307692	4.37285251854365	5.43929007107561e-05	0.000406798203184705	1.67367983670061	TAPT1
ENSG00000132561	2.24541153846154	3.48782884615385	4.37243249618057	5.44707247838933e-05	0.000407027827612995	1.67233389112122	MATN2
ENSG00000138834	1.23371923076923	3.73234807692308	4.37234547287419	5.44868624852085e-05	0.000407027827612995	1.6720550358877	MAPK8IP3
ENSG00000160213	-1.02825	7.63704807692308	-4.37203643970079	5.45442075413213e-05	0.000407244843930068	1.67106479911306	CSTB
ENSG00000147874	1.5684	1.67252692307692	4.37196157541685	5.45581083978218e-05	0.000407244843930068	1.67082491602151	HAUS6
ENSG00000133135	3.23698846153846	-1.06027115384615	4.37169948366042	5.4606800948472e-05	0.000407450745538599	1.66998512653264	RNF128
ENSG00000152240	1.19470384615385	3.99612115384615	4.37115722305332	5.47076787388818e-05	0.000408045719743677	1.6682477006227	HAUS1
ENSG00000174891	1.32823076923077	3.48958846153846	4.37071932351772	5.47892743186445e-05	0.000408271162646191	1.6668447261655	RSRC1
ENSG00000152359	1.09905769230769	2.13050192307692	4.37057716699443	5.48157883586767e-05	0.000408271162646191	1.6663892889838	POC5
ENSG00000196664	2.07866538461538	-2.03565576923077	4.37054115497529	5.48225070496258e-05	0.000408271162646191	1.66627391577075	TLR7
ENSG00000277462	1.84229615384615	0.388401923076923	4.37016420594269	5.48928817755672e-05	0.000408637600043877	1.66506629528678	ZNF670
ENSG00000082293	3.94453846153846	-2.83502307692308	4.36963279497634	5.49922431497318e-05	0.000409063078766517	1.66336391312529	COL19A1
ENSG00000143870	1.25051538461539	6.98948461538462	4.36963184826769	5.49924203180393e-05	0.000409063078766517	1.66336088041855	PDIA6
ENSG00000128915	1.2677	3.03023846153846	4.36942329388222	5.50314629971611e-05	0.000409195812879122	1.66269280040107	ICE2
ENSG00000009844	1.24835384615385	3.88585	4.36920706243941	5.50719713385212e-05	0.000409339338755285	1.66200014369846	VTA1
ENSG00000005810	1.22837307692308	4.115025	4.36826315542213	5.52491407913342e-05	0.000410498138835691	1.6589767047816	MYCBP2
ENSG00000180008	1.37122307692308	1.5499	4.36597332601276	5.56812440704666e-05	0.000413231470316116	1.65164340881281	SOCS4
ENSG00000175105	1.49236153846154	1.23956923076923	4.36572384518696	5.57285205610776e-05	0.000413320781912255	1.65084454341167	ZNF654
ENSG00000092871	1.22389230769231	1.98867692307692	4.36564641353446	5.57432017578148e-05	0.000413320781912255	1.65059660301915	RFFL
ENSG00000136051	1.46036923076923	2.78205384615385	4.36545807162859	5.57789274662707e-05	0.000413320781912255	1.64999353059455	WASHC4
ENSG00000165959	1.83657307692308	2.09024807692308	4.36506174224474	5.58541781149806e-05	0.000413719570281455	1.64872452061144	CLMN
ENSG00000273136	1.67396153846154	0.657826923076923	4.36481654068402	5.59007837132309e-05	0.000413905956277904	1.64793943518798	NBPF26
ENSG00000106537	1.67349615384615	1.37376346153846	4.36468264552748	5.59262492048918e-05	0.000413935731749243	1.64751073898496	TSPAN13
ENSG00000101096	2.18934230769231	1.70546346153846	4.36292367370433	5.62618372251996e-05	0.000415941112201466	1.64187956268806	NFATC2
ENSG00000169019	1.40445	2.77718269230769	4.36234479500636	5.63727071750146e-05	0.000416601212327453	1.64002657392878	COMMD8
ENSG00000118564	1.08059230769231	4.846	4.36091695917724	5.66470831633707e-05	0.000418468674436489	1.63545657366398	FBXL5
ENSG00000109654	1.77676538461539	3.79753653846154	4.3605729854712	5.67133757675211e-05	0.000418798122586251	1.63435574066262	TRIM2
ENSG00000172167	1.44073076923077	0.627696153846154	4.36040974934242	5.67448619724893e-05	0.000418803278209527	1.63383334384313	MTBP
ENSG00000138035	1.21899615384616	2.91816346153846	4.36034442751447	5.67574664972348e-05	0.000418803278209527	1.63362430009775	PNPT1
ENSG00000178295	1.21022692307692	1.04825192307692	4.35973012785311	5.68761352806903e-05	0.000419423402705824	1.63165848304695	GEN1
ENSG00000136783	1.22091538461538	3.24109230769231	4.35968447282815	5.6884964424382e-05	0.000419423402705824	1.63151238788273	NIPSNAP3A
ENSG00000179909	2.16003846153846	-2.55686538461539	4.35947379022163	5.69257252282802e-05	0.000419563678534361	1.63083821715431	ZNF154
ENSG00000188811	1.17179615384615	3.64238269230769	4.35899515672107	5.70184321369362e-05	0.000420086563182931	1.62930667823058	NHLRC3
ENSG00000101868	1.11305	2.01465576923077	4.35868509906012	5.70785658038247e-05	0.000420369155174066	1.62831459341836	POLA1
ENSG00000154174	1.01919615384615	3.95469423076923	4.35752617624614	5.73038779250987e-05	0.000421598967865792	1.62460670916735	TOMM70
ENSG00000118855	1.03678846153846	4.969975	4.3562759766265	5.75479054275468e-05	0.00042317989274969	1.62060731587647	MFSD1
ENSG00000115947	1.56869615384615	3.02659038461538	4.3558877497075	5.76238891833691e-05	0.000423577278334567	1.61936548723076	ORC4
ENSG00000221909	1.15696538461539	1.88106730769231	4.35568175161647	5.76642467302696e-05	0.000423712582654889	1.61870657863243	FAM200A
ENSG00000115419	1.37323076923077	4.27400384615385	4.35546141361741	5.77074440636536e-05	0.000423868642603008	1.61800181854835	GLS
ENSG00000175606	1.11561538461538	4.02372307692308	4.35525306600784	5.77483196229724e-05	0.000424007536585103	1.6173354257713	TMEM70
ENSG00000153936	1.30364615384615	2.97585769230769	4.35495024659896	5.78077797369044e-05	0.000424220097906736	1.6163668951064	HS2ST1
ENSG00000166503	2.06388846153846	2.84047884615385	4.35488182187607	5.7821223519278e-05	0.000424220097906736	1.61614805146464	HDGFL3
ENSG00000113070	1.76757307692308	2.67791730769231	4.35308064110948	5.81762068269884e-05	0.000426500311576664	1.61038789951685	HBEGF
ENSG00000175455	1.67765769230769	3.56499807692308	4.35271066010305	5.82493859610888e-05	0.000426874676236483	1.60920484526735	CCDC14
ENSG00000196993	3.63378846153846	-4.68880961538462	4.35210397137166	5.83695776681603e-05	0.00042759315283814	1.60726499584164	NPIPB9
ENSG00000116783	2.60736923076923	-2.56516538461539	4.35132180204002	5.85248899318165e-05	0.000428497535182556	1.60476424766748	TNNI3K
ENSG00000135316	1.09655769230769	4.785875	4.35017477017606	5.87533784762824e-05	0.000429752354955543	1.60109734894961	SYNCRIP
ENSG00000162688	1.57938846153846	1.07374423076923	4.34986102731109	5.88160269236656e-05	0.000430047639283151	1.60009443739165	AGL
ENSG00000081237	2.09774615384615	1.01380384615385	4.34949510063082	5.88891775415734e-05	0.000430419460085192	1.59892475830654	PTPRC
ENSG00000177311	1.61989230769231	3.05580384615385	4.34935147539036	5.89179131310931e-05	0.000430466494008134	1.59846567518813	ZBTB38
ENSG00000146802	1.29229230769231	3.01116153846154	4.34894092663055	5.90001282228948e-05	0.000430904076839401	1.59715343860008	TMEM168
ENSG00000110768	1.24376153846154	4.26936153846154	4.34849757934322	5.90890367093956e-05	0.000431390195008118	1.59573643426776	GTF2H1
ENSG00000025796	1.0555	4.61045	4.3481389808694	5.916104502605e-05	0.00043175260950391	1.59459035010133	SEC63
ENSG00000232653	1.64732692307692	-0.0934442307692308	4.34784824349552	5.92194891285991e-05	0.000432015796919633	1.59366118366556	GOLGA8N
ENSG00000108468	1.16611923076923	4.90190576923077	4.34732114872672	5.93255890324069e-05	0.000432626310952984	1.59197671893115	CBX1
ENSG00000153495	2.10608461538462	-3.14438846153846	4.34719193522846	5.93516268569996e-05	0.000432652739131671	1.59156379932589	TEX29
ENSG00000163814	2.39223461538462	0.608421153846154	4.34697659839156	5.93950440943578e-05	0.000432805789412378	1.59087567365735	CDCP1
ENSG00000154978	1.49155384615385	3.34853461538462	4.34659062022021	5.94729441457163e-05	0.000433046488436349	1.58964229088659	VOPP1
ENSG00000168939	1.38449615384615	-2.59938653846154	4.34531949195322	5.97301925398904e-05	0.000434648977169039	1.5855808035931	SPRY3
ENSG00000171467	1.07954615384615	2.39919230769231	4.34528070994562	5.97380581479283e-05	0.000434648977169039	1.58545689687771	ZNF318
ENSG00000155304	1.67506538461538	2.78995961538462	4.34506204543555	5.97824256388696e-05	0.000434807898307121	1.58475828376659	HSPA13
ENSG00000170390	1.53086923076923	1.06466538461538	4.34478572828454	5.98385367961502e-05	0.000435052081271596	1.58387549968837	DCLK2
ENSG00000104164	1.48378846153846	3.70447115384615	4.34357910769639	6.00841633471256e-05	0.000436509072295659	1.58002087523121	BLOC1S6
ENSG00000119541	1.29893846153846	3.7227	4.34342543845902	6.01155154145907e-05	0.000436572533501823	1.57953000592336	VPS4B
ENSG00000135862	1.34436153846154	5.88693076923077	4.34285213898389	6.02326221438045e-05	0.000437258482603181	1.57769877478288	LAMC1
ENSG00000106052	1.33086923076923	5.77623461538461	4.34273475411192	6.02566274557484e-05	0.000437268300668538	1.57732383865353	TAX1BP1
ENSG00000168283	1.66852307692308	3.51192692307692	4.34242418486515	6.03201840137853e-05	0.000437565017669334	1.57633188036848	BMI1
ENSG00000072736	1.22011153846154	2.55215192307692	4.34207401910241	6.03919219849315e-05	0.000437920837744227	1.57521349136165	NFATC3
ENSG00000131725	1.45725	1.23670961538462	4.33970723471449	6.08789813849985e-05	0.000441286886096367	1.56765538334473	WDR44
ENSG00000151748	1.09170384615385	3.28535961538462	4.33948890263999	6.09241037400653e-05	0.000441430658957689	1.56695825902268	SAV1
ENSG00000148835	1.01646153846154	0.115807692307692	4.33918021705955	6.09879547989916e-05	0.000441430658957689	1.56597266865577	TAF5
ENSG00000197275	1.32331923076923	1.51159807692308	4.33911801512333	6.10008290309616e-05	0.000441430658957689	1.56577407052711	RAD54B
ENSG00000176390	1.11606153846154	1.90152692307692	4.33905845728186	6.10131584779109e-05	0.000441430658957689	1.56558391572861	CRLF3
ENSG00000071537	1.39831538461538	3.68010769230769	4.33885918863252	6.10544279615186e-05	0.000441563740330159	1.56494770478725	SEL1L
ENSG00000111300	1.10853846153846	1.9195	4.33823074217521	6.11847600342347e-05	0.000442174999229065	1.56294133646691	NAA25
ENSG00000168234	1.47753461538462	2.33480961538462	4.33734771429767	6.13683462663424e-05	0.000443335773944314	1.56012242999282	TTC39C
ENSG00000188921	2.02478076923077	-0.953913461538462	4.33643598099965	6.1558462370263e-05	0.000444542835440773	1.55721217428839	HACD4
ENSG00000168724	1.41249615384615	3.72988653846154	4.33603170648927	6.16429454519691e-05	0.000444986453275752	1.55592182226317	DNAJC21
ENSG00000173567	2.12810384615385	-4.32639038461538	4.33462766872448	6.19372299470562e-05	0.00044677666280569	1.55144090060768	ADGRF3
ENSG00000253910	2.20496538461538	-1.32099038461538	4.33226893243166	6.24346950366801e-05	0.000449391944728373	1.54391466511784	PCDHGB2
ENSG00000124784	1.07979230769231	3.36239615384615	4.3318013718621	6.25337652689759e-05	0.000449731338061699	1.54242300966362	RIOK1
ENSG00000197776	1.99431153846154	-0.679551923076923	4.33169404941983	6.25565271043704e-05	0.000449731338061699	1.54208063044592	KLHDC1
ENSG00000130584	1.06744230769231	0.149275	4.33006700140691	6.29025930629566e-05	0.000452013236149081	1.53689053211279	ZBTB46
ENSG00000151239	1.12690384615384	4.52595576923077	4.32998179625803	6.29207670068166e-05	0.000452013236149081	1.53661876309759	TWF1
ENSG00000153975	1.17476923076923	1.38445769230769	4.32969911145557	6.29810991944102e-05	0.000452075950416285	1.53571713440408	ZUP1
ENSG00000168661	1.28442692307692	0.604198076923077	4.32964549275722	6.29925491423536e-05	0.000452075950416285	1.53554611970097	ZNF30
ENSG00000134516	1.47562307692308	1.36185384615385	4.32961174477186	6.29997568574733e-05	0.000452075950416285	1.53543848236586	DOCK2
ENSG00000007174	3.82726538461539	-2.13510576923077	4.32869786799211	6.31952428409614e-05	0.000453180299060493	1.5325238756909	DNAH9
ENSG00000156042	1.85669615384615	-1.74415192307692	4.32838190992046	6.32629660041707e-05	0.000453408660889084	1.53151626630354	CFAP70
ENSG00000072364	1.34112307692308	3.06973846153846	4.3283051249019	6.32794349290365e-05	0.000453408660889084	1.53127139956265	AFF4
ENSG00000112308	1.22296538461539	5.80695576923077	4.32810760565239	6.33218181967863e-05	0.000453543991336759	1.53064152200039	C6orf62
ENSG00000163092	2.97336923076923	-7.49453076923077	4.32778598224034	6.33908905239942e-05	0.000453870311492826	1.52961591286378	XIRP2
ENSG00000004766	1.35829230769231	2.46553846153846	4.32741342243713	6.34709935750777e-05	0.000454275338887551	1.5284279208426	VPS50
ENSG00000103494	1.21188846153846	0.959325	4.32686582859619	6.3588908804644e-05	0.000454905142276395	1.52668188182556	RPGRIP1L
ENSG00000169756	1.1399	3.31702692307692	4.32669744499144	6.36252101954066e-05	0.000454905142276395	1.52614500091568	LIMS1
ENSG00000006576	1.64091538461538	2.34021153846154	4.32667667720592	6.36296888642318e-05	0.000454905142276395	1.52607878478543	PHTF2
ENSG00000135108	1.08891153846154	2.94657115384615	4.32619100407553	6.37345139295665e-05	0.000455317291777358	1.52453030517045	FBXO21
ENSG00000082153	1.44010384615385	5.484125	4.32515936162977	6.39577352672623e-05	0.00045657402509762	1.52124137932684	BZW1
ENSG00000112237	1.34921923076923	3.69388269230769	4.3245864612326	6.40820243715073e-05	0.000457292168740557	1.51941510779725	CCNC
ENSG00000215644	3.34046923076924	-7.8901	4.32401876944717	6.42054150157393e-05	0.000458003372523583	1.51760555463563	GCGR
ENSG00000151229	1.46513846153846	0.77805	4.32379298262997	6.42545550632757e-05	0.000458184586770008	1.51688587669771	SLC2A13
ENSG00000134371	1.28977307692308	2.75441346153846	4.32313736487023	6.43974503940888e-05	0.000459033967857126	1.51479624829441	CDC73
ENSG00000179454	1.28081923076923	0.896163461538462	4.32276011863986	6.44798131202225e-05	0.000459451396330622	1.51359393306355	KLHL28
ENSG00000094880	1.01674615384615	3.52617692307692	4.32238621862678	6.45615462913896e-05	0.000459694403564254	1.51240233223354	CDC23
ENSG00000182310	1.51536923076923	1.07499615384615	4.32174018110977	6.47030050600974e-05	0.000460531750248916	1.51034355934479	SPACA6
ENSG00000114450	1.39340384615385	2.99175961538462	4.32154425386895	6.4745965510148e-05	0.00046066766393011	1.50971921353929	GNB4
ENSG00000110900	1.95805769230769	0.553640384615385	4.32073091928049	6.49245998143052e-05	0.000461768441494301	1.50712757012927	TSPAN11
ENSG00000174527	2.94675	-5.77565961538462	4.32010684739117	6.5061990627325e-05	0.000462070735164192	1.50513916029712	MYO1H
ENSG00000150995	1.98263461538461	1.46203653846154	4.32004457070667	6.5075716471906e-05	0.000462070735164192	1.50494074270276	ITPR1
ENSG00000120341	1.42246923076923	-0.322596153846154	4.31966214055966	6.51600661834379e-05	0.000462326648598407	1.50372232536933	SEC16B
ENSG00000169554	1.26925769230769	4.51005961538461	4.31961377731877	6.51707408608127e-05	0.000462326648598407	1.50356824442509	ZEB2
ENSG00000138660	1.19965769230769	2.66585192307692	4.31944940491962	6.52070336470051e-05	0.000462414169907472	1.50304457491714	AP1AR
ENSG00000172171	1.18442307692308	2.24953846153846	4.31865602383182	6.53824854717225e-05	0.000463317957804941	1.50051709869422	TEFM
ENSG00000166575	1.38735384615385	2.53176923076923	4.31853324165572	6.54096790282442e-05	0.000463340563039339	1.50012597114754	TMEM135
ENSG00000172243	1.61586538461539	0.851148076923077	4.3180628259434	6.55139675389302e-05	0.000463909066545843	1.49862749254246	CLEC7A
ENSG00000138496	1.55684615384615	4.11474615384615	4.31782951731206	6.55657506705812e-05	0.000464043208116999	1.49788433223386	PARP9
ENSG00000130856	1.06685	0.608955769230769	4.31765265902618	6.56050310807279e-05	0.000464043208116999	1.49732099664865	ZNF236
ENSG00000113205	3.00645	-2.37521730769231	4.31749158292896	6.56408261476806e-05	0.00046412632495556	1.49680794073961	PCDHB3
ENSG00000020633	-1.26935769230769	4.45010576923077	-4.31649336106699	6.58630791880379e-05	0.00046535688783554	1.49362863270816	RUNX3
ENSG00000175322	1.65832692307692	0.0309288461538462	4.31635896985736	6.58930570434117e-05	0.000465398346179647	1.49320062758655	ZNF519
ENSG00000148400	1.18396923076923	2.8265	4.31547425798929	6.60907357066722e-05	0.000466623800784892	1.49038318374623	NOTCH1
ENSG00000186522	1.56025769230769	3.84557115384615	4.31255294794429	6.67475701259398e-05	0.00047108897482304	1.48108198783295	SEPTIN10
ENSG00000150712	1.31287692307692	2.56615	4.31242357061553	6.67768058368204e-05	0.000471120695041959	1.48067013192938	MTMR12
ENSG00000123124	1.26351923076923	3.36634038461538	4.31231708624429	6.68008777044937e-05	0.000471120695041959	1.4803311572492	WWP1
ENSG00000163281	1.31076923076923	2.46306538461539	4.31209527347516	6.68510477985176e-05	0.000471302328581003	1.47962506741193	GNPDA2
ENSG00000135457	1.20506153846154	3.32105769230769	4.31174001208035	6.69314778782042e-05	0.000471697085608972	1.47849421111878	TFCP2
ENSG00000135336	1.11321923076923	2.99746346153846	4.31131577444401	6.70276471474736e-05	0.000472099085338192	1.47714385081456	ORC3
ENSG00000115267	1.93521923076923	2.42292115384615	4.3105329599528	6.72054537768207e-05	0.000472958586572568	1.47465229858263	IFIH1
ENSG00000165837	3.49094615384616	-3.71563076923077	4.3105196282155	6.72084858813943e-05	0.000472958586572568	1.47460986804476	ERICH6B
ENSG00000187902	2.33321153846154	-5.78835576923077	4.31011803540081	6.72998845015882e-05	0.000473429180223818	1.47333175979907	SHISA7
ENSG00000234511	3.92148846153846	-3.01151730769231	4.30998622993418	6.73299084583408e-05	0.000473467840791021	1.47291228859033	C5orf58
ENSG00000182197	1.07881153846154	4.05112884615385	4.30919280849503	6.7510917011013e-05	0.000474567819032623	1.4703873538064	EXT1
ENSG00000205808	1.08352692307692	1.58630192307692	4.30853146987335	6.76621538311445e-05	0.00047543820705508	1.46828292261732	PLPP6
ENSG00000113966	1.28837307692308	0.804513461538461	4.30843607154798	6.76839969428254e-05	0.00047543820705508	1.46797937056054	ARL6
ENSG00000144724	1.98866923076923	2.34089230769231	4.30792707668977	6.78006560415194e-05	0.000476081882568224	1.46635983267261	PTPRG
ENSG00000185829	1.07522307692308	1.10262692307692	4.30782114911731	6.78249586625196e-05	0.000476081882568224	1.46602280018417	ARL17A
ENSG00000091409	2.02126538461538	3.85159807692308	4.30728381399698	6.79483681377201e-05	0.000476774754693715	1.46431320883769	ITGA6
ENSG00000133703	1.31219230769231	2.08009230769231	4.30684401512348	6.80495388421905e-05	0.000477311136726309	1.46291401656555	KRAS
ENSG00000111713	2.54407307692308	-6.86152884615385	4.30639452639841	6.81530898033486e-05	0.000477863818552139	1.46148406798059	GYS2
ENSG00000162402	1.08266153846154	2.73151153846154	4.3062211047234	6.8193082732778e-05	0.000477970615828182	1.46093238470616	USP24
ENSG00000146463	1.30331923076923	2.99268653846154	4.30608559678997	6.8224348207131e-05	0.000478016186367423	1.4605013188408	ZMYM4
ENSG00000267534	1.08333461538462	3.31688269230769	4.30584980935004	6.82787841735032e-05	0.00047811018848513	1.45975126829931	S1PR2
ENSG00000170385	1.42485384615385	2.09766153846154	4.30581293140585	6.82873019558361e-05	0.00047811018848513	1.45963395968144	SLC30A1
ENSG00000215790	1.44681538461538	0.675788461538462	4.30513764289	6.84434575241937e-05	0.00047902975365827	1.45748595503681	SLC35E2A
ENSG00000138759	3.17664230769231	-2.23687884615385	4.30425516483427	6.86480471514322e-05	0.000480253124289321	1.45467915305303	FRAS1
ENSG00000141469	2.29964230769231	-2.58710961538461	4.30409521969128	6.86851916382322e-05	0.000480253124289321	1.45417046272049	SLC14A1
ENSG00000001461	1.81895384615385	3.58219230769231	4.30342664733634	6.88406674744442e-05	0.000481112021817232	1.4520442308583	NIPAL3
ENSG00000089505	2.3229	-0.781015384615385	4.30325806178037	6.88799258212249e-05	0.000481212163636303	1.45150811070403	CMTM1
ENSG00000085382	1.31973846153846	1.25476923076923	4.30275179943999	6.89979493870983e-05	0.000481688035088303	1.44989820323257	HACE1
ENSG00000143797	1.29794615384615	3.09643076923077	4.30235683706282	6.90901622920653e-05	0.00048215741240916	1.44864229180751	MBOAT2
ENSG00000143970	1.2096	1.83573846153846	4.30179909540139	6.92205836332328e-05	0.000482718542583921	1.44686886571169	ASXL2
ENSG00000155975	1.32781153846154	3.55901730769231	4.30130697245048	6.93358593988176e-05	0.000483347812919962	1.44530417691611	VPS37A
ENSG00000168811	2.95833846153846	-3.64343461538462	4.30047592904626	6.95309479986059e-05	0.000484532811991729	1.44266209843615	IL12A
ENSG00000106266	-1.00564615384615	6.55748076923077	-4.30018661004449	6.95989910894358e-05	0.000484831946950335	1.44174234468678	SNX8
ENSG00000105866	1.69063461538462	-0.222263461538462	4.30003994993382	6.96335078462861e-05	0.000484897403303341	1.44127611926235	SP4
ENSG00000080371	1.21284615384615	3.68505384615385	4.29970072533107	6.97134087748679e-05	0.000485278734071863	1.44019777011251	RAB21
ENSG00000187626	1.04281538461538	1.67366153846154	4.29924170893004	6.98216672540286e-05	0.000485857117160964	1.43873868465471	ZKSCAN4
ENSG00000155962	1.78544230769231	0.803163461538461	4.29905235480577	6.98663737652488e-05	0.000485993013618234	1.43813680255685	CLIC2
ENSG00000146281	2.12490769230769	0.127115384615385	4.29894408679067	6.98919483386122e-05	0.000485995777658585	1.43779266700021	PM20D2
ENSG00000128791	1.44575769230769	2.51968269230769	4.29869938107772	6.99497851070742e-05	0.000486222795074488	1.43701487255039	TWSG1
ENSG00000235109	1.44062307692308	0.598461538461539	4.29820636820282	7.00664510784253e-05	0.000486858425186049	1.43544790165749	ZSCAN31
ENSG00000078070	1.05414230769231	3.20930192307692	4.29807466150571	7.00976499700578e-05	0.000486899941479678	1.43502930550858	MCCC1
ENSG00000104998	1.615	2.16115384615385	4.2977929129326	7.01644363367563e-05	0.000487188530434679	1.43413386040086	IL27RA
ENSG00000187323	3.42553076923077	-6.69734230769231	4.29634065966097	7.05096635490233e-05	0.000489409577665155	1.42951880287266	DCC
ENSG00000168826	1.14741538461538	1.03764615384615	4.29561962733756	7.06816785289863e-05	0.000490427189304465	1.42722774419871	ZBTB49
ENSG00000164323	1.39792307692308	3.04460384615385	4.29545408929939	7.07212280438803e-05	0.00049044216833176	1.42670177836133	CFAP97
ENSG00000115866	1.02111153846154	5.16206346153846	4.29522742200344	7.07754171221832e-05	0.00049044216833176	1.42598160181327	DARS1
ENSG00000182963	1.23905384615385	2.71446153846154	4.29518540045321	7.07854675942746e-05	0.00049044216833176	1.42584809126198	GJC1
ENSG00000240445	1.4951	-0.769765384615385	4.2948575733646	7.08639229946735e-05	0.000490809582190952	1.42480654328217	FOXO3B
ENSG00000095015	1.40862692307692	2.64462884615385	4.29389145484751	7.10956255002971e-05	0.000491884895710479	1.4217372874337	MAP3K1
ENSG00000186272	1.23692307692308	1.0142	4.29351929960209	7.11850750173763e-05	0.000492156759288439	1.4205550792182	ZNF17
ENSG00000038210	1.48530384615385	1.74544038461538	4.29351581676282	7.11859126526096e-05	0.000492156759288439	1.42054401568007	PI4K2B
ENSG00000143815	1.21808076923077	2.73208269230769	4.29292579865104	7.13279523766478e-05	0.000492962214366786	1.41866983538167	LBR
ENSG00000142192	1.95509615384616	7.30187884615385	4.29185386009393	7.16595371083243e-05	0.000494937110545739	1.41446138948866	APP
ENSG00000110079	1.57326538461538	1.89447884615385	4.29153035040436	7.1664985959454e-05	0.000494937110545739	1.41423772089807	MS4A4A
ENSG00000146676	1.21937307692308	2.80809423076923	4.29124707450905	7.17335923693326e-05	0.000495233738735775	1.41333808746847	PURB
ENSG00000116406	1.41973076923077	2.69333461538462	4.28853891551871	7.23927078345388e-05	0.00049924845992501	1.40473891787057	EDEM3
ENSG00000166747	1.19045384615385	3.86039615384615	4.28673590362551	7.28347848520622e-05	0.000502117804285485	1.39901531047911	AP1G1
ENSG00000197375	1.18513846153846	1.41425769230769	4.28621778223495	7.29623062439181e-05	0.000502817350027258	1.39737076632758	SLC22A5
ENSG00000104361	1.87578846153846	1.93767884615385	4.28536097791306	7.31736610612672e-05	0.000504083738112755	1.39465143740029	NIPAL2
ENSG00000072401	1.15555769230769	2.39556730769231	4.28478480302948	7.33161249815637e-05	0.000504715107175151	1.39282292020247	UBE2D1
ENSG00000136546	3.43072307692308	-8.11738461538462	4.28419663762267	7.34618314667147e-05	0.000505478625107424	1.39095647409037	SCN7A
ENSG00000110172	1.18790769230769	3.38112307692308	4.28412576200836	7.3479408488392e-05	0.000505478625107424	1.39073157042296	CHORDC1
ENSG00000113594	2.12033846153846	-2.72793461538461	4.28381354069999	7.35568874323672e-05	0.000505831349521548	1.38974084620966	LIFR
ENSG00000266302	2.77469615384616	-7.57786730769231	4.28327347387114	7.36910944791679e-05	0.000506237103616348	1.38802721767875	
ENSG00000152582	2.68482692307692	-1.75997115384615	4.28325950551357	7.36945687800828e-05	0.000506237103616348	1.38798289756831	SPEF2
ENSG00000149289	1.48289230769231	1.19076153846154	4.28094857137335	7.42715547137983e-05	0.000509709363361052	1.38065152017916	ZC3H12C
ENSG00000064726	1.36354615384616	4.28592307692308	4.28091785251102	7.42792539571382e-05	0.000509709363361052	1.3805540783994	BTBD1
ENSG00000110848	2.31408461538462	-1.14908846153846	4.28031176840167	7.44313188562543e-05	0.000510571338977355	1.37863161882671	CD69
ENSG00000196460	2.09962692307692	-2.86794038461539	4.27970315786522	7.45843217946674e-05	0.000511439134494659	1.37670127926513	RFX8
ENSG00000127870	1.47165384615385	3.24865	4.27955181730484	7.46224157643145e-05	0.000511518640446933	1.37622129084251	RNF6
ENSG00000085511	1.15810384615385	1.88881346153846	4.27922178405658	7.47055540482899e-05	0.000511816742736696	1.37517459332388	MAP3K4
ENSG00000136267	2.25738076923077	-8.13595961538462	4.27916870351465	7.47189338979438e-05	0.000511816742736696	1.37500625253499	DGKB
ENSG00000162664	1.19658461538462	3.04942307692308	4.27853712414373	7.48783128399629e-05	0.000512726524565379	1.37300332617732	ZNF326
ENSG00000066405	2.54013846153846	-5.29880769230769	4.2776232309892	7.5109518165756e-05	0.000513945065279542	1.37010535432083	CLDN18
ENSG00000070367	1.52441153846154	3.17890576923077	4.27728698175202	7.51947599947172e-05	0.000514163815861858	1.36903917796058	EXOC5
ENSG00000136542	3.08087692307692	-2.73623461538462	4.27711238780718	7.5239057976255e-05	0.000514284538284578	1.36848559304388	GALNT5
ENSG00000115170	1.28487692307692	3.84959230769231	4.27629132527381	7.54477179837628e-05	0.000515345824572036	1.3658823986257	ACVR1
ENSG00000078747	1.33304615384615	2.82466923076923	4.2760074538176	7.55199900331885e-05	0.000515657010120494	1.36498243558329	ITCH
ENSG00000143344	1.67246153846154	1.97618461538462	4.27512676189523	7.57446371812052e-05	0.00051682528508618	1.36219054719964	RGL1
ENSG00000169744	1.20998846153846	0.560517307692308	4.27376439369744	7.60934291502143e-05	0.000518655177572947	1.35787224708045	LDB2
ENSG00000134460	1.68353461538462	-0.714682692307692	4.27304882807026	7.6277251571306e-05	0.000519541209273437	1.35560438754479	IL2RA
ENSG00000133302	1.14402692307692	0.926713461538462	4.27227961768644	7.64753356808498e-05	0.000520558053289474	1.35316671763103	SLF1
ENSG00000153982	1.68784615384615	0.238511538461539	4.27185699455872	7.658438045211e-05	0.000520897919614897	1.35182749318172	GDPD1
ENSG00000196418	1.45533461538462	0.778994230769231	4.2714733667736	7.66834943805013e-05	0.000521222558191706	1.35061189483579	ZNF124
ENSG00000049449	1.61858461538462	5.22095	4.27001728326119	7.7060822167894e-05	0.000523585022987278	1.34599850102325	RCN1
ENSG00000181826	1.99303461538462	1.97975961538462	4.26970243266508	7.71426488859488e-05	0.000523956562788694	1.34500104293778	RELL1
ENSG00000135736	1.05915	2.67502884615385	4.26958296782661	7.71737187473678e-05	0.000523983219479579	1.34462258343563	CCDC102A
ENSG00000166863	3.19929615384616	-7.71924423076923	4.26925731047848	7.72584759091196e-05	0.000524374247705251	1.34359094122606	TAC3
ENSG00000171262	1.19938461538462	2.76041538461538	4.26855407411941	7.74418120056245e-05	0.000525397742642711	1.34136330695148	FAM98B
ENSG00000069956	1.45623846153846	2.77882307692308	4.26847019005987	7.74637090380332e-05	0.000525397742642711	1.34109760032223	MAPK6
ENSG00000155858	1.08822692307692	0.0683673076923077	4.26732484582341	7.77632908296871e-05	0.000527005061912076	1.33746992570375	LSM11
ENSG00000025156	1.1384	2.29935769230769	4.26725119213728	7.77825944872561e-05	0.000527005061912076	1.33723665705881	HSF2
ENSG00000162148	1.49528846153846	-0.147067307692308	4.26601692710413	7.81067720182333e-05	0.000529015796585248	1.33332790917153	SAXO4
ENSG00000196504	1.29095384615384	4.16284230769231	4.26479002259605	7.84303160147208e-05	0.000530834638861205	1.32944302090092	PRPF40A
ENSG00000067369	1.19857692307692	3.29058076923077	4.26440159245894	7.85330188513095e-05	0.000531343450012908	1.32821320437283	TP53BP1
ENSG00000213190	1.65435	1.34294423076923	4.26407543098138	7.86193583726746e-05	0.000531741231488345	1.327180580383	MLLT11
ENSG00000187325	1.46616153846154	2.78201153846154	4.26345666887686	7.87834066685566e-05	0.000532664132722643	1.32522169229381	TAF9B
ENSG00000137509	1.17879230769231	5.54336923076923	4.26303538755859	7.88952882695077e-05	0.000533233805835541	1.32388807227511	PRCP
ENSG00000156671	1.25234615384615	1.31802307692308	4.26289690565552	7.89320992098945e-05	0.000533295873660691	1.3234497041935	SAMD8
ENSG00000163666	1.66123461538462	-0.404232692307692	4.26272696443738	7.89772953765135e-05	0.000533351051056245	1.32291176038697	HESX1
ENSG00000161813	1.28704615384615	2.94225	4.26265843931536	7.89955268595454e-05	0.000533351051056245	1.32269484915783	LARP4
ENSG00000180667	1.37226153846154	1.04830769230769	4.26205152575603	7.9157177948628e-05	0.000534255596483345	1.32077378373915	YOD1
ENSG00000081386	1.44705	0.844598076923077	4.26087356860769	7.94718430671693e-05	0.000536191886307434	1.31704557585834	ZNF510
ENSG00000163781	1.35155769230769	3.04539038461538	4.25942511170234	7.98604308453372e-05	0.000538443970653338	1.3124619368248	TOPBP1
ENSG00000133943	1.04789615384615	3.52005192307692	4.25942141454949	7.98614250624518e-05	0.000538443970653338	1.31245023817241	DGLUCY
ENSG00000236383	1.12312692307692	-0.407963461538462	4.2588999401893	8.00017773698487e-05	0.00053908776140683	1.31080022191967	CCDC200
ENSG00000166483	1.34620384615385	3.21075961538462	4.25885914703171	8.00127667425047e-05	0.00053908776140683	1.31067115097627	WEE1
ENSG00000127337	1.51186923076923	2.88187692307692	4.25790455633621	8.02703450690225e-05	0.000540634497860203	1.30765096707564	YEATS4
ENSG00000134007	2.32078846153847	-6.83535192307692	4.25753779810312	8.03695217286705e-05	0.000540916519626947	1.30649068680832	ADAM20
ENSG00000197563	1.25462692307692	2.79154807692308	4.25743890095017	8.03962852825836e-05	0.000540916519626947	1.30617782313805	PIGN
ENSG00000117528	1.36009230769231	3.55385	4.25686148020022	8.05527197015035e-05	0.000541780191079485	1.30435120925636	ABCD3
ENSG00000130024	1.04121153846154	3.572575	4.25593630021219	8.0803984898142e-05	0.000543280850048358	1.30142474743805	PHF10
ENSG00000221978	1.10252307692308	5.48051923076923	4.25566123756461	8.08788344276656e-05	0.000543581928591474	1.30055474975174	CCNL2
ENSG00000184156	1.89274230769231	-4.14503653846154	4.25556482374042	8.09050862997101e-05	0.000543581928591474	1.30024980830735	KCNQ3
ENSG00000061676	1.26468076923077	4.77844038461539	4.25450478643343	8.11942625871346e-05	0.00054533502112716	1.29689730491949	NCKAP1
ENSG00000147059	2.17855384615385	-2.81965	4.25295476316037	8.16189127281009e-05	0.000547805936158043	1.29199589921719	SPIN2A
ENSG00000126790	1.20256923076923	2.93789230769231	4.25251454432518	8.17399092054524e-05	0.000548236785056584	1.29060402186835	L3HYPDH
ENSG00000162813	1.36334615384615	3.82620769230769	4.25227420911236	8.18060400535176e-05	0.000548489750313668	1.28984416355529	BPNT1
ENSG00000078687	1.09367307692308	1.46917115384615	4.25213826881822	8.18434684917342e-05	0.000548550163991648	1.28941437589407	TNRC6C
ENSG00000171004	3.31974230769231	-4.61970192307693	4.2509403003182	8.21740244621509e-05	0.000550574520719507	1.28562718202679	HS6ST2
ENSG00000177294	3.20782307692308	-5.35488461538461	4.24898594682907	8.27160729108415e-05	0.000553564717179039	1.27944992315189	FBXO39
ENSG00000102287	2.26818461538461	-1.95009615384615	4.24896603203002	8.27216141859314e-05	0.000553564717179039	1.27938698429991	GABRE
ENSG00000072071	1.0239	2.82487307692308	4.24891783623756	8.27350261131185e-05	0.000553564717179039	1.27923466662716	ADGRL1
ENSG00000109184	1.32465769230769	2.64407884615385	4.248022586329	8.29845402844157e-05	0.000555041781396423	1.27640547967813	DCUN1D4
ENSG00000056736	1.47847307692308	-0.585048076923077	4.2470641151991	8.32524841450244e-05	0.000556306020900717	1.27337682612677	IL17RB
ENSG00000132840	2.68128076923077	-2.29928653846154	4.24703721499621	8.32600162867001e-05	0.000556306020900717	1.27329182959011	BHMT2
ENSG00000162607	1.50647307692308	2.94674038461538	4.2467524358697	8.33397959075501e-05	0.000556480743349407	1.2723920296617	USP1
ENSG00000151348	1.14535	4.90309038461539	4.24659583567598	8.33836983699678e-05	0.000556480743349407	1.27189724190542	EXT2
ENSG00000164211	2.48136538461539	-0.169748076923077	4.24653242724485	8.3401481143337e-05	0.000556480743349407	1.2716969017076	STARD4
ENSG00000171855	2.85988461538462	-8.29201538461538	4.24641552073644	8.34342769979498e-05	0.000556507204178101	1.27132753714709	IFNB1
ENSG00000142089	1.35861538461538	9.57264230769231	4.24426752562663	8.40390873905749e-05	0.000560347669741025	1.26454186981	IFITM3
ENSG00000175054	1.18288461538462	2.38832692307692	4.2438412900949	8.41596072292175e-05	0.000560788562169119	1.26319556371474	ATR
ENSG00000179603	2.63015	-3.86257115384615	4.24382818731591	8.41633147492067e-05	0.000560788562169119	1.26315417838132	GRM8
ENSG00000143458	1.28168461538462	0.766811538461538	4.24313284888636	8.43602929889354e-05	0.000561713258215046	1.26095803170526	GABPB2
ENSG00000182253	1.77691153846154	2.96261730769231	4.24273852897396	8.44721961915369e-05	0.000562200946644944	1.25971269660371	SYNM
ENSG00000113328	1.13041153846154	5.43671346153846	4.24266955115316	8.44917860548611e-05	0.000562200946644944	1.25949485779289	CCNG1
ENSG00000166398	1.10409615384615	2.34260576923077	4.24241686730716	8.45635865196278e-05	0.000562484807232383	1.25869687207398	GARRE1
ENSG00000157335	3.27327692307693	-5.97273461538461	4.24199306508684	8.46841434440666e-05	0.000562979466177189	1.25735854047738	CLEC18C
ENSG00000129538	1.80568846153846	7.47718653846154	4.24195041903715	8.46962839858341e-05	0.000562979466177189	1.25722387152108	RNASE1
ENSG00000151067	1.43403846153846	-1.45739230769231	4.24132048063722	8.48758126307541e-05	0.000563978592499637	1.25523471148916	CACNA1C
ENSG00000080819	1.21893846153846	3.41226538461539	4.24065517101743	8.50658227575441e-05	0.000565046654056735	1.25313401837454	CPOX
ENSG00000163297	1.70803461538462	1.79045192307692	4.24001146308198	8.52500563189589e-05	0.000566075623365966	1.25110168720671	ANTXR2
ENSG00000155970	2.14968846153846	-1.37083269230769	4.23957627780266	8.53748285592721e-05	0.000566709186959983	1.24972779568843	MICU3
ENSG00000214534	2.7232576923077	-6.75573653846154	4.23875212460001	8.56116077092664e-05	0.000568085549540038	1.24712611352979	ZNF705EP
ENSG00000113140	1.48652692307692	10.0923634615385	4.23793623928847	8.58466390079e-05	0.000569067256260748	1.2445507783154	SPARC
ENSG00000206530	1.64366153846154	0.546311538461538	4.2379315379084	8.58479951422731e-05	0.000569067256260748	1.24453593916029	CFAP44
ENSG00000104081	1.36498076923077	2.89500576923077	4.23777508450642	8.5893136691191e-05	0.000569171032457968	1.24404212364647	BMF
ENSG00000133393	1.02081153846154	3.705875	4.2372569298615	8.60428045068813e-05	0.000569967143238274	1.24240673124145	CEP20
ENSG00000120693	1.62746153846154	-2.1931	4.23704022409113	8.61054744963921e-05	0.000570111006624198	1.24172279694152	SMAD9
ENSG00000011566	1.30948846153846	2.52199038461539	4.23697760450531	8.61235919450946e-05	0.000570111006624198	1.24152516961246	MAP4K3
ENSG00000127124	1.50842307692308	2.37408846153846	4.23673533909059	8.61937203689625e-05	0.000570379631224574	1.24076059392974	HIVEP3
ENSG00000260691	3.49455384615385	-3.57838076923077	4.2356043584992	8.65218383095511e-05	0.000572354710380146	1.23719157129581	ANKRD20A1
ENSG00000162873	3.4387	-2.91928076923077	4.23545808969087	8.6564361930669e-05	0.000572439834994074	1.23673002699605	KLHDC8A
ENSG00000147724	3.72718461538462	-5.63232307692308	4.23521227352184	8.66358718748979e-05	0.000572716518767518	1.23595438352613	FAM135B
ENSG00000112249	1.25101923076923	2.68746730769231	4.23497496476956	8.6704961308996e-05	0.000572795896686114	1.23520560538281	ASCC3
ENSG00000203710	2.03764615384616	-3.76215	4.23496718436435	8.67072273800355e-05	0.000572795896686114	1.23518105629367	CR1
ENSG00000168077	1.87411153846154	-0.346367307692308	4.23443450534611	8.68625087630219e-05	0.000573446318859688	1.23350037640208	SCARA3
ENSG00000189320	1.72366923076923	-1.60764230769231	4.23442562221504	8.68651005722286e-05	0.000573446318859688	1.23347234971914	FAM180A
ENSG00000067248	1.21814615384615	2.65688846153846	4.23383457110801	8.70377187618555e-05	0.000574389430858153	1.2316076221448	DHX29
ENSG00000183696	-1.25748076923077	6.72935576923077	-4.23285584514833	8.7324290533788e-05	0.000576083656928814	1.22852008997218	UPP1
ENSG00000012963	1.02348461538462	3.74515769230769	4.23209484646115	8.75477439122279e-05	0.000577360471724542	1.22611965486873	UBR7
ENSG00000105854	1.18307692307692	5.548	4.23182803103673	8.7626220648474e-05	0.00057751285660005	1.22527808379823	PON2
ENSG00000163810	2.34251153846154	-6.61277115384616	4.23174625163956	8.76502875665607e-05	0.00057751285660005	1.225020146062	TGM4
ENSG00000165832	1.26783461538462	2.20819038461538	4.23171119763929	8.76606055969614e-05	0.00057751285660005	1.22490958413838	TRUB1
ENSG00000149089	1.08302692307692	3.34056730769231	4.22962862057345	8.82757242973092e-05	0.000581366873459898	1.218341857456	APIP
ENSG00000187764	1.34206538461538	2.165725	4.22811751944846	8.87246685508942e-05	0.000583918788384184	1.2135773743444	SEMA4D
ENSG00000124406	2.14503461538461	-0.725940384615385	4.22773285758131	8.8839303772158e-05	0.000584281117790108	1.21236467547954	ATP8A1
ENSG00000071246	1.07141923076923	2.36364807692308	4.22749186048349	8.89111978450453e-05	0.000584554786104533	1.21160492731556	VASH1
ENSG00000177990	2.63707692307692	0.327461538461538	4.22711571430965	8.9023522283216e-05	0.000584930502748909	1.21041916206098	DPY19L2
ENSG00000131269	1.14685	2.80959423076923	4.22654900686267	8.91930119082311e-05	0.000585809019688529	1.20863276956473	ABCB7
ENSG00000056277	1.19481923076923	-0.259363461538462	4.22632462678357	8.92602054732458e-05	0.000586050934098661	1.20792550478363	ZNF280C
ENSG00000130595	3.37874230769231	-3.69367884615385	4.22540971141138	8.95346975436919e-05	0.000587426932285883	1.20504180851463	TNNT3
ENSG00000143353	1.13050384615385	4.63770576923077	4.22533556156338	8.95569797451461e-05	0.000587426932285883	1.20480811129373	LYPLAL1
ENSG00000134627	1.99943846153846	-1.55998461538462	4.22532193013729	8.95610766055719e-05	0.000587426932285883	1.20476514950754	PIWIL4
ENSG00000078401	1.44900769230769	-0.879923076923077	4.22489403165554	8.96897719179149e-05	0.000588071218522932	1.2034165888656	EDN1
ENSG00000086666	1.18455	5.480475	4.22467098823754	8.97569258490414e-05	0.000588151199035843	1.20271367439627	ZFAND6
ENSG00000163840	1.54523846153846	3.26011538461539	4.22244792129088	9.04289179469609e-05	0.000591711662078029	1.1957087579384	DTX3L
ENSG00000106080	1.35606923076923	2.58087307692308	4.22188424980166	9.06000793923624e-05	0.000592229370982313	1.19393291290827	FKBP14
ENSG00000145725	1.52910769230769	3.09056538461539	4.22120809130528	9.08058125855052e-05	0.000593373256715642	1.19180283392478	PPIP5K2
ENSG00000126216	1.04965	3.08840961538461	4.22105165129739	9.08534767308476e-05	0.000593483810942657	1.19131003055683	TUBGCP3
ENSG00000131437	1.35946923076923	1.73577307692308	4.22061489727701	9.09866754280511e-05	0.000593951909295797	1.18993425519438	KIF3A
ENSG00000136383	1.49313461538462	-2.28582115384615	4.22006819531861	9.11536723364764e-05	0.000594639857083814	1.18821224386621	ALPK3
ENSG00000065357	1.17490384615385	3.52471730769231	4.21950391602183	9.13263502020317e-05	0.000595432088424308	1.18643498386403	DGKA
ENSG00000154134	1.30606923076923	2.34652692307692	4.21890813229145	9.15090131927965e-05	0.000596353302383711	1.1845586258962	ROBO3
ENSG00000138829	1.96529615384615	-2.60347884615385	4.21784023282735	9.18373105683333e-05	0.000598123635032769	1.18119572028932	FBN2
ENSG00000160219	1.47003076923077	-1.05199615384615	4.21782293190437	9.1842638669488e-05	0.000598123635032769	1.18114124172077	GAB3
ENSG00000137815	1.09388461538462	3.66701153846154	4.21738241504336	9.19784040530178e-05	0.000598642433199169	1.17975414361058	RTF1
ENSG00000100744	1.47743461538462	2.555025	4.21692740649103	9.21188400465658e-05	0.000599126744470799	1.17832149007928	GSKIP
ENSG00000039123	1.15669615384615	3.86430576923077	4.21690048466141	9.21271558400271e-05	0.000599126744470799	1.17823672562104	MTREX
ENSG00000033122	2.56517307692308	-3.99818269230769	4.21682052873674	9.21518574487801e-05	0.000599126744470799	1.17798498278523	LRRC7
ENSG00000169299	1.51651153846154	3.55951730769231	4.21585612633573	9.24503066496453e-05	0.000600662493860015	1.17494873030368	PGM2
ENSG00000188158	1.67140384615385	-3.04140961538461	4.21437074264275	9.2911816030809e-05	0.000603254888948102	1.1702729382425	NHS
ENSG00000048649	1.41166538461538	2.82259038461538	4.21369427295278	9.31227351361511e-05	0.000604217867675	1.1681437738536	RSF1
ENSG00000162409	3.05498461538462	-6.98454230769231	4.21290716023571	9.33687365156978e-05	0.000605203734372906	1.16566657962668	PRKAA2
ENSG00000164346	1.00243461538461	5.75594807692308	4.21246759020762	9.35063922591973e-05	0.000605892544403923	1.16428326944147	NSA2
ENSG00000176055	1.51342307692308	1.09242307692308	4.2117321262607	9.37371503477539e-05	0.000607183964148555	1.1619689538447	MBLAC2
ENSG00000188859	1.61891153846154	2.09914807692308	4.21160794954237	9.37761663020521e-05	0.000607232921210504	1.1615782216529	FAM78B
ENSG00000112624	1.04263461538462	1.76776346153846	4.21015769023215	9.42330009374487e-05	0.000609986457778529	1.15701528921275	BICRAL
ENSG00000139780	2.37339615384616	-8.77910192307692	4.20967700112693	9.43848945900501e-05	0.000610764874378725	1.15550307682022	METTL21C
ENSG00000000419	1.05628846153846	4.62655961538461	4.20925360704741	9.45188801251035e-05	0.000611401078243363	1.15417118197586	DPM1
ENSG00000100578	1.14520769230769	2.22778461538462	4.20876970208686	9.46722405306196e-05	0.000611803903234868	1.15264901679002	KIAA0586
ENSG00000170871	1.36235769230769	2.07563269230769	4.20849092373663	9.47607011907869e-05	0.000612170620845301	1.15177213502203	KIAA0232
ENSG00000120696	1.56801538461538	0.787896153846154	4.20837398179348	9.4797832524838e-05	0.000612205607636985	1.15140430932022	KBTBD7
ENSG00000139697	1.1566	2.11935	4.20652435796276	9.5387003475406e-05	0.000615598571743819	1.14558723897445	SBNO1
ENSG00000125351	1.29657692307692	2.41870384615385	4.2058748210192	9.55947451671318e-05	0.000616672040373895	1.1435447482759	UPF3B
ENSG00000186047	2.09937692307692	-2.70896538461538	4.2058045965343	9.56172313546634e-05	0.000616672040373895	1.14332393450371	DLEU7
ENSG00000198252	1.15739615384615	1.87624807692308	4.20537187114686	9.57559051219419e-05	0.000617171130788143	1.14196331420694	STYX
ENSG00000071967	2.08394230769231	3.00029807692308	4.20536358407905	9.57585627472667e-05	0.000617171130788143	1.14193725782928	CYBRD1
ENSG00000118308	1.6817	-0.611726923076923	4.20480760493642	9.59370261904584e-05	0.000617949641994434	1.14018919503272	IRAG2
ENSG00000145743	1.58814615384615	2.03387692307692	4.20428213518429	9.61059928230451e-05	0.000618790520167858	1.13853716388541	FBXL17
ENSG00000099960	-3.29191923076923	0.0419942307692308	-4.20329328322449	9.64247443011248e-05	0.000620535733215633	1.13542858040018	SLC7A4
ENSG00000092969	2.66558846153846	-0.0259519230769231	4.20324188359757	9.64413407059472e-05	0.000620535733215633	1.13526700908865	TGFB2
ENSG00000243156	1.20705384615385	4.35330384615385	4.20250144983018	9.66807265825205e-05	0.000621454567173624	1.13293961481612	MICAL3
ENSG00000186767	2.13196923076923	-0.270630769230769	4.20239072416147	9.67165742137778e-05	0.0006214780399629	1.13259159019077	SPIN4
ENSG00000178386	1.58215384615385	0.589626923076923	4.2012370597638	9.70908425059737e-05	0.000623482036612122	1.12896575267565	ZNF223
ENSG00000120705	1.12181923076923	5.20030192307692	4.20113489534105	9.71240539712668e-05	0.000623482036612122	1.12864468548297	ETF1
ENSG00000151881	1.29523461538462	2.04109807692308	4.20105828817569	9.71489645448592e-05	0.000623482036612122	1.12840393842104	TMEM267
ENSG00000078043	1.2023	2.42913461538462	4.20103160656742	9.71576421348631e-05	0.000623482036612122	1.12832008883472	PIAS2
ENSG00000150403	1.16058846153846	3.77314807692308	4.20071578309625	9.72604136854712e-05	0.000623934119431921	1.1273276027462	TMCO3
ENSG00000172901	2.84289615384616	-4.92496346153846	4.19979429062202	9.75608776117033e-05	0.000625653694531133	1.12443199535678	LVRN
ENSG00000149557	1.93324615384615	3.30565769230769	4.19866204071817	9.7931293821679e-05	0.000627673782263083	1.12087456177833	FEZ1
ENSG00000155959	1.15852692307692	4.38858653846154	4.19863269496037	9.79409124061756e-05	0.000627673782263083	1.12078236629742	VBP1
ENSG00000174928	1.31080769230769	0.631234615384615	4.19746156901534	9.8325517822481e-05	0.000629885298312187	1.11710330790728	C3orf33
ENSG00000108506	1.42314615384615	0.929696153846154	4.19738335557068	9.83512557173979e-05	0.000629885298312187	1.11685762101646	INTS2
ENSG00000115816	1.08234230769231	4.34665576923077	4.19677793981631	9.8550702452439e-05	0.000630587662309743	1.11495594514988	CEBPZ
ENSG00000106511	2.62164615384616	-2.11356153846154	4.19675299844455	9.85589274821787e-05	0.000630587662309743	1.11487760458428	MEOX2
ENSG00000164603	1.40669615384615	1.30915576923077	4.19591305737028	9.88363075472765e-05	0.000632152831207779	1.11223949601357	BMT2
ENSG00000163116	2.70706538461539	-7.215075	4.1957056757448	9.8904909138367e-05	0.000632382067273236	1.11158818737088	STPG2
ENSG00000172123	1.9661	1.23769615384615	4.19534536048882	9.90242107688195e-05	0.000632935212076332	1.11045660954756	SLFN12
ENSG00000171596	2.87187692307692	-3.86986923076923	4.19474696112783	9.92226511396023e-05	0.00063399365605685	1.10857743156838	NMUR1
ENSG00000151665	1.0463923076923	3.98470384615385	4.19454992342991	9.92880768280744e-05	0.000634201769362118	1.10795869556886	PIGF
ENSG00000197050	1.30645	1.04085576923077	4.19416038894041	9.94175434882918e-05	0.000634818670841712	1.10673552595483	ZNF420
ENSG00000164220	1.68039615384615	0.317263461538462	4.19390316803595	9.95031237609073e-05	0.000635155025779363	1.10592786299929	F2RL2
ENSG00000169760	3.06352307692308	1.12023076923077	4.19261028049407	9.99343645508954e-05	0.000637486133154638	1.10186862777863	NLGN1
ENSG00000165417	1.15935769230769	2.64341346153846	4.19212058853404	0.000100098173160578	0.000638320130993934	1.10033132319612	GTF2A1
ENSG00000173145	1.32573846153846	2.14331153846154	4.19143402432337	0.000100328276519572	0.000639576196055913	1.09817612409296	NOC3L
ENSG00000010017	1.09605384615385	4.06856923076923	4.19114268662936	0.000100426073790612	0.000639988280746179	1.09726163743126	RANBP9
ENSG00000087510	2.55035384615385	1.77715769230769	4.19071386198673	0.000100570191282518	0.000640695182285953	1.09591564809949	TFAP2C
ENSG00000148429	1.17508461538461	2.96901538461539	4.18964817185235	0.000100929212338487	0.000642770236149725	1.09257097427111	USP6NL
ENSG00000178965	2.64706923076924	-7.95750384615384	4.18796413018765	0.000101499084082861	0.000645760323022899	1.08728647608393	ERICH3
ENSG00000182247	1.55058461538462	3.16903076923077	4.18732149483791	0.000101717369891842	0.000646834926358541	1.08527017841671	UBE2E2
ENSG00000158427	2.58393461538462	-0.157113461538462	4.18726962997382	0.000101735006808503	0.000646834926358541	1.08510745685705	TMSB15B
ENSG00000090932	-2.35957307692308	2.86722115384616	-4.18556730974305	0.000102315537569349	0.000649996072464343	1.07976713824798	DLL3
ENSG00000125944	1.05646923076923	5.71346153846154	4.18542295105186	0.000102364914641899	0.000649996072464343	1.07931432361275	HNRNPR
ENSG00000162692	1.71957692307692	1.1921	4.18541717993505	0.000102366889099705	0.000649996072464343	1.07929622132566	VCAM1
ENSG00000139132	1.35864615384615	1.53411923076923	4.18342805396413	0.000103049627027519	0.000653547789796743	1.07305767277314	FGD4
ENSG00000160007	1.02725769230769	3.455075	4.18238440139313	0.000103409608218449	0.00065553880704129	1.06978503725277	ARHGAP35
ENSG00000155085	1.42883461538461	0.209790384615384	4.18211426222766	0.000103502984152952	0.000655915332601584	1.06893801513634	AK9
ENSG00000197045	1.15499615384615	3.74708269230769	4.18173915741621	0.000103632777878895	0.00065652232077332	1.06776191883665	GMFB
ENSG00000137573	1.79129615384615	2.51796346153846	4.18022052409412	0.000104159868988213	0.00065942864909133	1.06300097111369	SULF1
ENSG00000064989	1.35338846153846	-0.0200288461538462	4.17940464553391	0.000104444117986684	0.000660361876677679	1.06044353595517	CALCRL
ENSG00000059758	1.07763461538461	2.88607115384615	4.1790424821701	0.000104570535082469	0.000660944675408283	1.0593083875663	CDK17
ENSG00000146374	1.93226538461538	-2.81799807692308	4.17881001317598	0.000104651759054049	0.000661241540104845	1.058579773566	RSPO3
ENSG00000157103	1.73689230769231	-3.64017692307692	4.17809588399523	0.000104901656191116	0.000662603622204554	1.05634164855105	SLC6A1
ENSG00000198771	1.40910769230769	0.781538461538462	4.17678823360128	0.000105360745381382	0.000664633486306146	1.05224389368203	RCSD1
ENSG00000168137	1.00251923076923	4.09860576923077	4.17573480522517	0.000105731997736253	0.000666757514636683	1.04894326149608	SETD5
ENSG00000113558	1.06875	8.06697884615385	4.17544236020173	0.00010583528666076	0.000667024892562482	1.04802703916267	SKP1
ENSG00000175305	1.78362307692308	0.525634615384615	4.17541909314921	0.000105843508569595	0.000667024892562482	1.04795414551494	CCNE2
ENSG00000139496	1.26741538461539	3.11671923076923	4.17522351120493	0.000105912646088145	0.000667242756997214	1.04734141247183	NUP58
ENSG00000005249	1.90301538461538	1.12901923076923	4.17418640716375	0.000106279990494647	0.000669338550250625	1.04409254232473	PRKAR2B
ENSG00000171766	2.01528461538462	1.8739	4.17359191454598	0.000106491117328204	0.000670449457855945	1.04223039756452	GATM
ENSG00000081019	1.28761923076923	1.26176730769231	4.17181665015688	0.000107124002283038	0.000673994333790575	1.03667049166326	RSBN1
ENSG00000175066	1.13878461538461	1.26226153846154	4.1707875241221	0.00010749255454959	0.000675874126684614	1.03344794760436	GK5
ENSG00000121691	1.25457307692307	4.34014807692308	4.17078683258277	0.000107492802617301	0.000675874126684614	1.03344578229499	CAT
ENSG00000011295	1.13748846153846	4.051425	4.17068684419355	0.000107528676105798	0.00067587952942697	1.03313270614685	TTC19
ENSG00000184226	2.72175769230769	-1.73499807692308	4.17047294182162	0.000107605458210984	0.000675921952439516	1.03246296387758	PCDH9
ENSG00000183474	1.24453846153846	3.18468461538462	4.17014712439236	0.000107722515279041	0.000676437121805896	1.03144284180018	GTF2H2C
ENSG00000000457	1.07891538461538	1.60596923076923	4.16985283707302	0.0001078283504939	0.000676881512059758	1.03052147410893	SCYL3
ENSG00000186660	1.26217307692308	3.93615192307692	4.16852132495258	0.00010830846555249	0.000679674353237879	1.0263531303235	ZFP91
ENSG00000271383	1.27727307692308	1.26423653846154	4.16742247173171	0.000108706247980696	0.000681948880328686	1.02291364278131	NBPF19
ENSG00000087494	2.24513076923077	0.541819230769231	4.16663577597785	0.000108991899044101	0.000683518722302884	1.02045151321137	PTHLH
ENSG00000163661	3.03028461538462	-1.66105	4.16632194814627	0.000109106053442991	0.000684012390259841	1.01946938907804	PTX3
ENSG00000204856	1.27703461538462	2.12556730769231	4.1657915045361	0.000109299264888771	0.000685001204593489	1.01780945147486	FAM216A
ENSG00000118263	1.10886153846154	1.33970384615385	4.16413942513323	0.000109903152684903	0.000688559307084508	1.01264022499713	KLF7
ENSG00000021300	1.98717692307692	4.74756153846154	4.1633612944136	0.000110188702778202	0.000689903512723852	1.01020587680339	PLEKHB1
ENSG00000137491	1.61050769230769	2.16636923076923	4.1631746503108	0.00011025730222799	0.000690067238363479	1.00962200327416	SLCO2B1
ENSG00000122557	1.00876538461538	3.232975	4.16286190615842	0.000110372341423807	0.000690381499191103	1.00864368436895	HERPUD2
ENSG00000166260	1.0418	3.97189615384615	4.16247988437514	0.00011051302132718	0.000690813746981395	1.00744870359977	COX11
ENSG00000108094	1.46509230769231	2.76118846153846	4.16222844975772	0.000110605707138688	0.000691169299092939	1.00666223565489	CUL2
ENSG00000184985	2.69563076923077	-1.22081538461539	4.16206632086034	0.000110665512297277	0.000691179611208213	1.00615512189755	SORCS2
ENSG00000121318	3.30616153846154	-5.85513461538461	4.16202984652123	0.000110678971053442	0.000691179611208213	1.00604103727339	TAS2R10
ENSG00000123091	1.30487307692307	4.78770192307692	4.16187847130854	0.00011073484431211	0.000691304883491803	1.0055675705539	RNF11
ENSG00000005059	1.72194230769231	1.49625576923077	4.16042917650992	0.000111271170273718	0.000694428515937143	1.00103495524115	MCUB
ENSG00000092200	1.8713	-3.44668076923077	4.16026811932944	0.000111330926195822	0.000694576880529396	1.00053130460884	RPGRIP1
ENSG00000101958	3.94205000000001	-6.41554807692308	4.15989535273663	0.000111469350435764	0.000695215790456072	0.999365644135113	GLRA2
ENSG00000114062	1.32910384615385	3.71254807692308	4.15889041118946	0.000111843359410569	0.000697323115859886	0.996223405133653	UBE3A
ENSG00000158815	2.72256923076923	-4.06523076923077	4.15699439698152	0.000112552311426374	0.000701516715357863	0.990296025676372	FGF17
ENSG00000008277	2.39159615384615	-2.03606346153846	4.15576551351018	0.000113014134587104	0.000703940574357817	0.986454988225504	ADAM22
ENSG00000172638	1.52194615384615	4.48181538461538	4.155631230474	0.000113064710199237	0.000704028419669635	0.986035304017761	EFEMP2
ENSG00000134698	1.15419615384615	1.699075	4.15490572591483	0.000113338339562881	0.000705504665779521	0.983767953436077	AGO4
ENSG00000189241	1.203	3.64592307692308	4.15473059034659	0.000113404489262775	0.000705522980295299	0.983220649153383	TSPYL1
ENSG00000146005	2.72368846153846	-2.85925576923077	4.15470440827785	0.000113414381591271	0.000705522980295299	0.983138830359125	PSD2
ENSG00000133317	3.33723076923077	-4.15921923076923	4.15456186069816	0.000113468254774984	0.000705630709381933	0.982693374722013	LGALS12
ENSG00000115252	2.12025	-2.00832884615385	4.15442095587445	0.000113521531466955	0.000705734660839497	0.982253060306615	PDE1A
ENSG00000153310	1.19374615384616	4.73839230769231	4.15410889822742	0.000113639607998449	0.000706013953393646	0.981277936460654	CYRIB
ENSG00000175595	1.28494230769231	0.639036538461539	4.15317127825497	0.000113995101157895	0.00070786784481756	0.978348268392861	ERCC4
ENSG00000161664	1.45228846153846	-1.91840961538462	4.15312848380727	0.000114011352097487	0.00070786784481756	0.978214561807183	ASB16
ENSG00000126860	1.74768846153846	1.43274038461538	4.15249631030423	0.00011425167780077	0.000708676136435815	0.976239486667364	EVI2A
ENSG00000172869	1.06052307692308	3.02449230769231	4.15070869676515	0.000114933911164184	0.000712655882517774	0.970655347074106	DMXL1
ENSG00000196345	1.39227307692308	0.210240384615385	4.15062193057848	0.000114967125222004	0.000712655882517774	0.970384338521702	ZKSCAN7
ENSG00000165805	2.73845384615385	-5.73236153846154	4.14879931150371	0.000115666975236619	0.000716477593388963	0.964692176163489	C12orf50
ENSG00000198455	1.09478461538462	0.655526923076923	4.14872223401545	0.000115696662223012	0.000716477593388963	0.964451486166468	ZXDB
ENSG00000140450	1.49600384615385	2.75058653846154	4.14863019548797	0.000115732121234357	0.000716477593388963	0.964164080306797	ARRDC4
ENSG00000124479	3.61800384615385	-4.639075	4.14846868681109	0.000115794369941115	0.000716633126955222	0.963659750052284	NDP
ENSG00000152104	1.19275384615385	2.55408076923077	4.14792272607361	0.000116005034376284	0.000717706788001736	0.961954996457943	PTPN14
ENSG00000248405	-3.85640384615385	-3.49674423076923	-4.14766919094238	0.000116102989600567	0.00071790066776053	0.961163376164469	PRR5-ARHGAP8
ENSG00000181744	1.15393461538462	1.33126346153846	4.14698487803473	0.000116367779105357	0.000719029206168597	0.959026849295609	DIPK2A
ENSG00000143768	3.2026576923077	-7.18284423076923	4.14686207222136	0.00011641535969738	0.000719039333863093	0.958643450355944	LEFTY2
ENSG00000187800	1.18934230769231	-1.15290192307692	4.14678838526131	0.000116443918440451	0.000719039333863093	0.958413402944309	PEAR1
ENSG00000102241	1.16184615384615	4.57253846153846	4.14572287295711	0.000116857636493892	0.000721363273822064	0.955087155020595	HTATSF1
ENSG00000205339	1.27445384615385	4.22101538461538	4.1446779623133	0.000117264737454121	0.000723644893566785	0.951825645472006	IPO7
ENSG00000146411	3.15767307692308	-4.54735576923077	4.14444523091771	0.000117355597263377	0.000723742841525549	0.951099271681094	SLC2A12
ENSG00000254469	1.22188461538462	-0.0121384615384615	4.14429858155468	0.000117412885108787	0.000723782546131987	0.950641577720221	XNDC1N
ENSG00000165732	1.37294615384615	3.80285384615385	4.1442368019267	0.00011743702711938	0.000723782546131987	0.950448765439972	DDX21
ENSG00000175087	1.31323076923077	0.922992307692308	4.14286981747914	0.000117972443613219	0.00072656680250082	0.946182827015166	PDIK1L
ENSG00000151116	1.32873076923077	2.2546	4.14279528089536	0.000118001705736936	0.00072656680250082	0.945950241992693	UEVLD
ENSG00000154263	2.22670769230769	-1.61394230769231	4.14219185057057	0.000118238863772229	0.000727794893939837	0.944067368415358	ABCA10
ENSG00000196850	1.25026538461539	2.46974038461538	4.14102595409538	0.000118698388158617	0.000730157739523831	0.940429839760907	PPTC7
ENSG00000196705	1.08733076923077	1.28465	4.14062285293955	0.000118857667640137	0.000730656197340629	0.939172310058494	ZNF431
ENSG00000171940	1.29133846153846	2.64295	4.14060141978555	0.000118866142426629	0.000730656197340629	0.939105448135347	ZNF217
ENSG00000146587	1.22373076923077	1.41593461538462	4.14053356609374	0.00011889297600616	0.000730656197340629	0.93889377591883	RBAK
ENSG00000174842	1.24098076923077	2.05864038461538	4.14029547611363	0.000118987178028899	0.000730804269809345	0.93815105910313	GLMN
ENSG00000082212	1.05348076923077	4.37716346153846	4.14028129865423	0.000118992789722363	0.000730804269809345	0.938106833500688	ME2
ENSG00000260916	1.58793076923077	3.53391923076923	4.13930125730082	0.000119381329423179	0.000732957316111842	0.93504985088278	CCPG1
ENSG00000182752	2.14221923076923	-3.38220192307692	4.13905425841058	0.000119479446341721	0.000733326471457627	0.934279461102005	PAPPA
ENSG00000162496	1.6483	3.35522307692308	4.1384761904174	0.00011970938119007	0.00073433507386057	0.932476558772539	DHRS3
ENSG00000076770	1.60706153846154	0.298211538461538	4.13705249981645	0.000120277502910081	0.000737052901166127	0.928036845494176	MBNL3
ENSG00000182952	1.21403846153846	5.25842307692308	4.13658534766228	0.000120464487444697	0.000737964456091711	0.926580224194777	HMGN4
ENSG00000163430	1.6765	4.8061	4.13624787179155	0.000120599742187921	0.000738558636882434	0.925527997507328	FSTL1
ENSG00000215252	2.04610384615385	2.53487115384615	4.13608913278463	0.000120663412983826	0.000738646025448121	0.925033075402563	GOLGA8B
ENSG00000144785	3.39907307692308	0.0816173076923077	4.13602151736039	0.00012069054365971	0.000738646025448121	0.924822264601266	
ENSG00000174839	1.16254230769231	2.31851730769231	4.13586894318512	0.000120751785718033	0.000738786598958857	0.924346576631216	DENND6A
ENSG00000198898	1.69896538461538	4.89145192307692	4.13483952977197	0.000121165771005838	0.000740849818728442	0.921137359938797	CAPZA2
ENSG00000143257	2.54331538461538	-2.3896	4.13387826339176	0.000121553590877586	0.000742985739300203	0.918140964035008	NR1I3
ENSG00000198780	2.54792692307692	-3.836925	4.13339355343057	0.000121749601035104	0.000743948258556697	0.916630194203698	FAM169A
ENSG00000038002	1.10092692307692	4.34902115384615	4.13274314377326	0.000122013098721563	0.000745322419184282	0.914603105997545	AGA
ENSG00000065548	1.06095384615385	4.54672692307692	4.13240549318608	0.000122150107260151	0.000745687387869288	0.913550837786583	ZC3H15
ENSG00000171103	1.03904230769231	2.85748653846154	4.13176673890695	0.000122409702167524	0.000747035877628742	0.911560318700498	TRMT61B
ENSG00000122786	1.32458076923077	5.43775961538462	4.13122283045246	0.000122631171883683	0.00074815091999707	0.909865487988744	CALD1
ENSG00000111052	1.85753846153846	-3.24240384615385	4.13085654327176	0.000122780535924532	0.000748608942157966	0.90872419383187	LIN7A
ENSG00000134987	1.17209615384615	2.14214423076923	4.13084851569305	0.000122783811369845	0.000748608942157966	0.908699181722953	WDR36
ENSG00000159625	2.74396153846154	-5.99743846153846	4.13050041395644	0.000122925926642655	0.00074923876286175	0.907614599993399	DRC7
ENSG00000270011	2.16592692307692	-0.775782692307692	4.12967785620298	0.000123262375257014	0.00075081528229288	0.905051941207389	ZNF559-ZNF177
ENSG00000183496	1.56823076923077	0.223038461538462	4.12927369182348	0.000123428015957914	0.00075111817808304	0.903792873227312	MEX3B
ENSG00000153767	1.00106153846154	1.96546923076923	4.12927168722307	0.000123428838050013	0.00075111817808304	0.903786628579479	GTF2E1
ENSG00000204767	3.73991923076923	-4.79369423076923	4.12916684761022	0.000123471840449253	0.000751143062146842	0.903460038755608	INSYN2B
ENSG00000047457	2.17745769230769	-1.57780192307692	4.12898932379003	0.00012354468903262	0.000751349443099136	0.902907037367942	CP
ENSG00000163867	1.29578461538462	1.82873076923077	4.12865235670723	0.000123683081121133	0.000751954177915345	0.901857390736875	ZMYM6
ENSG00000177575	1.79081153846154	3.37775576923077	4.12832793949314	0.000123816460759232	0.000752500590601083	0.900846878457557	CD163
ENSG00000013375	1.12132307692308	2.92336153846154	4.12816106748066	0.000123885122087417	0.000752500590601083	0.900327112436273	PGM3
ENSG00000152642	1.03888846153846	3.22212115384615	4.12799048999642	0.00012395534616378	0.000752661229002654	0.899795815962278	GPD1L
ENSG00000118260	1.16121153846154	2.51167115384615	4.12735752941416	0.000124216263019453	0.000753771306213297	0.897824437100226	CREB1
ENSG00000156504	1.04888461538462	3.65347692307692	4.12630814605071	0.000124650007918953	0.000756165651432917	0.89455643783629	PABIR2
ENSG00000152518	1.05524615384615	4.77078076923077	4.12499629781003	0.000125194300365577	0.000759228897253135	0.890471671148845	ZFP36L2
ENSG00000118985	1.38443076923077	1.7363	4.12478580324101	0.000125281849514828	0.000759521212683646	0.889816306223902	ELL2
ENSG00000180815	2.57682307692308	-6.14619615384615	4.12427983126961	0.000125492536449566	0.000760320913711856	0.888241056957269	MAP3K15
ENSG00000145362	1.29806153846154	3.17386538461538	4.12409903092909	0.000125567904915194	0.000760538835449633	0.887678193049277	ANK2
ENSG00000046889	2.01023846153846	-3.05540769230769	4.12360342795085	0.000125774726776643	0.000761313750695998	0.886135357369641	PREX2
ENSG00000165072	2.71522692307692	-2.90901730769231	4.12072616524857	0.00012698197655265	0.000767827873324971	0.877180194021406	MAMDC2
ENSG00000259207	2.92785769230769	2.24023653846154	4.12064871015009	0.000127014629890002	0.000767827873324971	0.876939168209659	ITGB3
ENSG00000163293	3.07535769230769	-2.22877115384615	4.12056531432932	0.000127049796788062	0.000767827873324971	0.876679658597368	NIPAL1
ENSG00000123684	1.26703076923077	3.16273461538462	4.1202373298654	0.000127188194860343	0.000768379442974513	0.87565906879354	LPGAT1
ENSG00000138336	1.41243461538462	-2.26194423076923	4.12016040517373	0.000127220675529531	0.000768379442974513	0.875419708183223	TET1
ENSG00000221963	1.60912307692308	2.30103846153846	4.11976179996472	0.000127389111137578	0.000769156087672404	0.874179436211884	APOL6
ENSG00000163563	1.80918461538462	0.772596153846154	4.11957484222682	0.000127468186794529	0.000769392873575606	0.873597733024694	MNDA
ENSG00000112874	1.37377692307692	1.49762692307692	4.11839900437781	0.000127966609216406	0.000771812994209447	0.86993952603032	NUDT12
ENSG00000163823	1.6223	1.17915	4.11814838774487	0.000128073085928403	0.000771812994209447	0.869159890139703	CCR1
ENSG00000162980	1.25893076923077	3.21669230769231	4.11809640638643	0.000128095181405406	0.000771812994209447	0.868998185939123	ARL5A
ENSG00000058804	1.13412692307692	2.49827884615385	4.11806380319067	0.000128109041778328	0.000771812994209447	0.868896764086195	NDC1
ENSG00000185189	1.15686923076923	4.22756538461539	4.11712064866406	0.000128510627443503	0.000773769927840012	0.865962983748202	NRBP2
ENSG00000003400	1.499	0.219326923076923	4.11711266148446	0.000128514033500237	0.000773769927840012	0.865938140279806	CASP10
ENSG00000095574	1.22480769230769	1.39058076923077	4.1160141907762	0.000128983298987365	0.000776353171298131	0.862521674741179	IKZF5
ENSG00000204305	1.17271538461539	1.39512692307692	4.11562273270977	0.000129150929847881	0.000777119825079065	0.861304275259182	AGER
ENSG00000092020	1.0268	3.96865384615385	4.1154599346955	0.000129220705549426	0.000777297375886748	0.860798005688714	PPP2R3C
ENSG00000271425	1.42464615384615	0.572915384615385	4.11497045113766	0.000129430719420122	0.000778318123665615	0.859275871282049	NBPF10
ENSG00000133789	1.32275	4.16198653846154	4.11443829069542	0.000129659418620988	0.000779450562952644	0.857621132080615	SWAP70
ENSG00000182831	1.05818846153846	3.13038269230769	4.11311527901559	0.000130229686754548	0.000782391423412088	0.853507741878512	HAPSTR1
ENSG00000197822	1.71178846153846	-0.878678846153846	4.11291906038402	0.000130314470810856	0.000782569725944813	0.852897734754086	OCLN
ENSG00000196110	2.01334230769231	-1.60970961538462	4.11281318694455	0.00013036023981848	0.000782569725944813	0.852568600245508	ZNF699
ENSG00000162490	2.35959615384615	-3.24107884615385	4.11272557751725	0.000130398125068054	0.000782569725944813	0.852296247384101	DRAXIN
ENSG00000139354	1.77713461538462	2.83529423076923	4.1126714642808	0.000130421530765397	0.000782569725944813	0.852128026182367	GAS2L3
ENSG00000155849	1.09164230769231	2.03263653846154	4.11256202347082	0.000130468879824571	0.000782610561607737	0.851787812290222	ELMO1
ENSG00000157450	1.12251538461539	2.92930769230769	4.11243195784294	0.000130525173746186	0.000782705010507182	0.851383489026592	RNF111
ENSG00000112559	2.33000769230769	2.40894230769231	4.11198755698751	0.000130717693014038	0.000783616033618003	0.850002070276309	MDFI
ENSG00000187079	1.38384230769231	3.65668653846154	4.1113553401617	0.000130992049738376	0.000784534824576297	0.84803695954701	TEAD1
ENSG00000138592	1.21996538461539	3.54728269230769	4.11082035864236	0.000131224645386842	0.00078519198075084	0.846374206384466	USP8
ENSG00000265817	1.61353846153846	-0.651811538461538	4.10985316971873	0.000131646167934273	0.000787470089753727	0.843368412825297	FSBP
ENSG00000164930	2.70310769230769	2.37564615384615	4.10936761275801	0.000131858278155986	0.000788494530125465	0.841859555448189	FZD6
ENSG00000089123	1.25881923076923	1.96850576923077	4.10817632039678	0.000132380082903072	0.000791369693489626	0.838158033177766	TASP1
ENSG00000186918	1.14495	3.47997884615385	4.10692216855307	0.000132931579723916	0.000793683353977962	0.834261799356202	ZNF395
ENSG00000145736	1.42059230769231	2.15414230769231	4.10648757070206	0.000133123206519521	0.000794357447779743	0.83291179214407	GTF2H2
ENSG00000198829	2.00853461538462	-3.01150192307692	4.1064794591928	0.000133126785658575	0.000794357447779743	0.832886595771552	SUCNR1
ENSG00000170091	2.76138076923078	-5.66293269230769	4.10546437918934	0.000133575417206738	0.000796541945734221	0.829733708024939	NSG2
ENSG00000145365	1.38727692307692	1.49335384615385	4.10466630454671	0.000133929166325605	0.000798404786159096	0.827255133929722	TIFA
ENSG00000120093	1.63526538461538	0.986751923076923	4.10440093738813	0.000134046991819012	0.000798860476407035	0.826431040743355	HOXB3
ENSG00000164609	1.25652692307692	4.06199807692308	4.10278471822522	0.00013476677647045	0.000802902187101573	0.821412497969345	SLU7
ENSG00000135046	2.08213076923077	7.20971538461538	4.10521139054289	0.000135011008006513	0.000803979464495636	0.821314473175631	ANXA1
ENSG00000104131	1.34563076923077	4.74127692307692	4.1018771162901	0.000135172615694591	0.000804193637637364	0.818594742442614	EIF3J
ENSG00000135074	1.67786923076923	1.43972307692308	4.1017551838452	0.000135227228466876	0.000804193637637364	0.818216213735796	ADAM19
ENSG00000137574	1.20889615384615	3.07194038461538	4.10168278957486	0.000135259663501507	0.000804193637637364	0.81799147476873	TGS1
ENSG00000101935	1.13726153846154	1.61383461538462	4.1016481697565	0.000135275176988474	0.000804193637637364	0.817884002597773	AMMECR1
ENSG00000179144	1.44397307692308	1.63092884615385	4.10088921201746	0.000135615706349663	0.000805969821326212	0.815528047750688	GIMAP7
ENSG00000183775	2.53967692307693	-6.98883846153846	4.10069362885212	0.000135703594949061	0.00080607152528992	0.814920955721869	KCTD16
ENSG00000104313	4.89077307692308	-2.96029807692308	4.10002578339454	0.000136004118067538	0.000807532295003902	0.812848070614026	EYA1
ENSG00000141642	1.04213076923077	2.2621	4.0991894300097	0.000136381375929771	0.000809523277851283	0.810252411904516	ELAC1
ENSG00000168116	1.43857307692308	1.15266730769231	4.09878316760711	0.000136564995713987	0.000810114969965302	0.808991658591127	KIAA1586
ENSG00000186432	1.12491923076923	3.24758653846154	4.09825162328332	0.000136805600746402	0.000810794753210871	0.807342216445392	KPNA4
ENSG00000075213	3.59372692307693	-2.12429038461538	4.09759570032587	0.00013710307134885	0.000812308344458826	0.805306966977253	SEMA3A
ENSG00000204611	1.14374615384615	1.46564230769231	4.09712686432075	0.000137316078623857	0.000813320732027098	0.803852329702621	ZNF616
ENSG00000134852	1.08075	1.77512115384615	4.09702017789719	0.000137364594386883	0.000813358517009204	0.803521330449763	CLOCK
ENSG00000104133	1.01299230769231	4.06516538461539	4.09680442205677	0.000137462760257701	0.000813690175177676	0.802851952334972	SPG11
ENSG00000142611	2.59776153846154	-2.74592307692308	4.0954213754655	0.000138093640527207	0.000817173986234422	0.798561514910966	PRDM16
ENSG00000105383	1.49246153846154	1.01658846153846	4.09490714324449	0.000138328922353172	0.000818190676287219	0.796966474876363	CD33
ENSG00000113615	1.41633846153846	2.00656538461539	4.09486062884513	0.000138350223664792	0.000818190676287219	0.7968222021597	SEC24A
ENSG00000159403	1.45437307692308	5.75669038461539	4.09407492134824	0.000138710518917541	0.000819819089609706	0.794385319237749	C1R
ENSG00000165124	1.98682692307692	-2.930225	4.09340655847127	0.000139017718629114	0.000821383233149004	0.792312574386201	SVEP1
ENSG00000107443	1.04190384615385	0.595636538461539	4.09293230138276	0.000139236100487932	0.00082217021955294	0.790841902733071	CCNJ
ENSG00000196912	1.98523076923077	0.110461538461538	4.09208204727471	0.000139628449175188	0.00082423484844913	0.788205486693707	ANKRD36B
ENSG00000168522	1.01938076923077	5.09444038461539	4.09104636505133	0.000140107808079119	0.000826558991244266	0.784994492874309	FNTA
ENSG00000111711	1.17096923076923	4.08744615384615	4.09095287946972	0.000140151155516723	0.000826562100500858	0.784704674256751	GOLT1B
ENSG00000162885	1.24718461538462	1.66213461538462	4.0894298656537	0.000140859176819341	0.00082997701164339	0.779983601902448	B3GALNT2
ENSG00000118689	1.02592307692308	2.74133846153846	4.08916338257058	0.000140983414997863	0.000830455556821405	0.779157646102861	FOXO3
ENSG00000278129	1.00209230769231	0.275	4.08887909905449	0.00014111606881652	0.000830983366798439	0.778276549445827	ZNF8
ENSG00000003987	1.67986538461539	-1.88389807692308	4.08824035644864	0.000141414562581257	0.000832175596981358	0.776296973650388	MTMR7
ENSG00000162704	1.03213461538462	6.54025192307692	4.08816917442524	0.000141447864772099	0.000832175596981358	0.776076378040827	ARPC5
ENSG00000151576	1.02030769230769	2.87456538461539	4.08751505438411	0.000141754247187266	0.000833470068064512	0.774049330916931	QTRT2
ENSG00000254550	3.75219230769231	-4.24242307692308	4.0873933002664	0.00014181134623906	0.000833551892951456	0.773672046825396	OMP
ENSG00000027697	1.27418076923077	4.05386346153846	4.08715704413681	0.000141922206781605	0.000833785970907763	0.772939967785848	IFNGR1
ENSG00000055147	1.17851923076923	2.83298653846154	4.08664645700346	0.000142162080432927	0.00083485081794852	0.771357903966267	FAM114A2
ENSG00000158270	1.75618461538462	-0.334703846153846	4.08639590625177	0.000142279932440495	0.000835288788290414	0.77058160557655	COLEC12
ENSG00000148634	1.20214615384615	2.79691538461538	4.08605041588924	0.000142442596336597	0.000835958332337717	0.769511190195093	HERC4
ENSG00000107105	2.77672307692308	-5.06483846153846	4.08592168550525	0.000142503251197652	0.000835958332337717	0.769112363442606	ELAVL2
ENSG00000081026	1.09083076923077	0.555173076923077	4.08587787046559	0.000142523901555376	0.000835958332337717	0.768976619134502	MAGI3
ENSG00000143028	2.01211538461539	-1.83507692307692	4.0855131006766	0.000142695932666504	0.000836713119155995	0.767846547647037	SYPL2
ENSG00000156787	1.16232307692308	1.59539615384615	4.08518753476283	0.00014284964419386	0.000837360061304002	0.766837975938304	TBC1D31
ENSG00000187955	1.97805769230769	1.63905961538462	4.08497294548108	0.000142951047147029	0.000837445846154507	0.766173222103427	COL14A1
ENSG00000117697	1.20933846153846	3.48355384615385	4.08449157425413	0.000143178769669567	0.000838525422005962	0.764682098700016	NSL1
ENSG00000198815	1.00037307692308	3.50722884615385	4.08242571925251	0.000144160054121572	0.000843760316770378	0.758283831444754	FOXJ3
ENSG00000133561	1.29651153846154	1.09702884615385	4.0820307759812	0.000144348391834215	0.000844606549735026	0.757060825112768	GIMAP6
ENSG00000187189	1.25254230769231	2.22820576923077	4.08156158019904	0.000144572447783245	0.000845661199866659	0.755607964337353	TSPYL4
ENSG00000090376	1.91025384615385	-1.12032307692308	4.08112077783679	0.000144783251313164	0.000846276529025272	0.754243103285574	IRAK3
ENSG00000143033	1.28248846153846	2.22731346153846	4.08090659286395	0.000144885787582388	0.000846305561032724	0.753579947963819	MTF2
ENSG00000164309	2.42663846153846	-3.05875	4.08087311130752	0.000144901822473872	0.000846305561032724	0.753476284672788	CMYA5
ENSG00000111670	1.16609230769231	4.60332692307692	4.07939573716449	0.000145611073119382	0.00085018921208876	0.748902584466378	GNPTAB
ENSG00000184304	1.35625769230769	2.683175	4.07887366628346	0.000145862508130897	0.000851143891913757	0.747286549093541	PRKD1
ENSG00000249709	1.29472692307692	0.792144230769231	4.078571548982	0.000146008202806043	0.000851736578653687	0.746351414821743	ZNF564
ENSG00000183395	3.16666153846154	-4.50508461538462	4.07772228280783	0.000146418511590684	0.000853614173734516	0.743722902353383	PMCH
ENSG00000115355	1.31510384615385	2.57982115384615	4.07632553885914	0.000147095750719524	0.000857044755852394	0.739400549246795	CCDC88A
ENSG00000102098	2.14423076923077	-1.63606538461538	4.07590002510581	0.000147302670708591	0.000857732564913406	0.738083912138747	SCML2
ENSG00000165115	1.71637307692308	-0.947636538461538	4.07529867411297	0.000147595577251837	0.000858919935994036	0.736223317374828	KIF27
ENSG00000198039	1.21808076923077	0.537044230769231	4.07440393840135	0.000148032428306819	0.000861202520677073	0.733455249952562	ZNF273
ENSG00000183844	2.85286153846154	-2.17816538461538	4.07351688705733	0.000148466761342318	0.000863209004274325	0.730711271089033	FAM3B
ENSG00000128805	1.19205	0.754686538461538	4.07234316091371	0.000149043354849572	0.000866038581074785	0.727080983358441	ARHGAP22
ENSG00000008952	1.15484230769231	4.55873269230769	4.07225240655618	0.000149088028022147	0.000866038581074785	0.726800306688163	SEC62
ENSG00000087053	1.13970384615385	3.65154038461538	4.0715050306974	0.000149456410913828	0.000867917298396396	0.724489016930711	MTMR2
ENSG00000173401	3.11155384615385	-6.8922	4.07130947346317	0.000149552946574131	0.000868215531919209	0.723884285179571	GLIPR1L1
ENSG00000149311	1.48781538461538	3.16203846153846	4.07121880771794	0.00014959772362655	0.000868215531919209	0.72360391998867	ATM
ENSG00000204442	1.68906923076923	-5.93168076923077	4.07100002787525	0.000149705825708081	0.000868581771458695	0.722927401793447	NALF1
ENSG00000131067	1.01895	3.56938269230769	4.07087369475855	0.00014976828299996	0.000868683042893095	0.722536759101355	GGT7
ENSG00000091490	1.71815769230769	2.15852115384615	4.07049134370485	0.000149957465432992	0.000869519061355675	0.721354505864192	SEL1L3
ENSG00000134215	2.12589230769231	0.639688461538461	4.06970096686933	0.000150349266431942	0.00087152909607681	0.718910796743016	VAV3
ENSG00000004700	1.55622307692308	3.38551923076923	4.06949680478409	0.00015045063318168	0.000871593208975379	0.718279603300315	RECQL
ENSG00000114446	1.39305769230769	3.05732884615385	4.06905344448544	0.000150670989725821	0.000872087137984872	0.716908955090949	IFT57
ENSG00000169826	1.27466153846154	2.07781538461539	4.06905238533598	0.000150671516511928	0.000872087137984872	0.716905680824868	CSGALNACT2
ENSG00000189266	1.07154615384615	4.73576538461538	4.06896173738382	0.000150716608419289	0.000872087137984872	0.716625452428378	PNRC2
ENSG00000198961	1.54783076923077	4.22738076923077	4.06879470579631	0.000150799730760393	0.000872306623574428	0.71610910084274	PJA2
ENSG00000133731	1.27380384615385	3.26653653846154	4.06773891276483	0.000151326166530184	0.000874565566626389	0.712845542808219	IMPA1
ENSG00000119328	1.00634230769231	2.46530192307692	4.06753838152138	0.000151426355254177	0.000874882650545161	0.712225731798521	ABITRAM
ENSG00000196502	1.75149615384615	1.55145961538462	4.06721285952484	0.000151589127959636	0.000875561022443106	0.71121962799506	SULT1A1
ENSG00000128923	1.47639615384615	1.23884038461539	4.06690388468361	0.000151743782935491	0.000876192115466283	0.710264706373027	MINDY2
ENSG00000175215	1.07707692307692	5.41587307692308	4.06679896837764	0.000151796332662474	0.000876233435820498	0.709940459377447	CTDSP2
ENSG00000197713	1.08896153846154	3.8924	4.06637121089014	0.000152010766887467	0.000877208918752995	0.708618507617309	RPE
ENSG00000149292	1.07718846153846	1.56139423076923	4.06599339571993	0.000152200408594642	0.000878040791124438	0.707450959691223	TTC12
ENSG00000138642	1.91036153846154	1.74108846153846	4.06488332942293	0.000152758922632072	0.000880999546927661	0.704020894538444	HERC6
ENSG00000198185	3.05350384615385	-1.82271346153846	4.06461802333872	0.000152892700627588	0.000881507706157206	0.703201181313958	ZNF334
ENSG00000196591	1.05864615384615	5.10276923076923	4.06379537565964	0.000153308232987784	0.000883108639974645	0.700659635356198	HDAC2
ENSG00000164151	1.26793076923077	2.29973846153846	4.06354146068154	0.000153436709765763	0.000883108639974645	0.699875227234691	ICE1
ENSG00000140044	1.21568461538461	2.58478076923077	4.06352533474029	0.000153444872738691	0.000883108639974645	0.699825410962487	JDP2
ENSG00000171806	1.00737692307692	2.19217692307692	4.06281491137826	0.000153804906854944	0.000884126300482721	0.697630873947368	METTL18
ENSG00000106366	1.64276538461538	3.02463653846154	4.06186119004563	0.000154289525502114	0.00088664802344963	0.694685094307156	SERPINE1
ENSG00000110075	1.1937	3.9868	4.06106312901932	0.00015469618165288	0.000888648233808212	0.692220386446232	PPP6R3
ENSG00000134278	1.21553076923077	3.70417307692308	4.06040561804458	0.000155031997913824	0.000890119766725324	0.690189941220424	SPIRE1
ENSG00000167889	-1.88110769230769	2.99908076923077	-4.06010108045851	0.000155187775656971	0.000890725971524347	0.689249564184913	MGAT5B
ENSG00000247595	2.78416153846154	-2.29398846153846	4.05852557477802	0.000155996100615446	0.000894590828930466	0.684385178641875	MISFA
ENSG00000034693	1.13683846153846	2.58667692307692	4.05814970168461	0.000156189545444078	0.000895434153759144	0.683224814992924	PEX3
ENSG00000186687	1.32995384615385	1.00643846153846	4.05786507442131	0.00015633618440506	0.00089600871958755	0.682346175534981	LYRM7
ENSG00000113318	1.46652307692308	1.73316923076923	4.05662689093362	0.000156975641929189	0.000899406594288847	0.678524303422326	MSH3
ENSG00000196196	2.56678076923077	-1.41387115384615	4.0563166196824	0.000157136276556686	0.000899792805213203	0.677566692976388	HRCT1
ENSG00000132613	1.28899615384616	5.12337115384615	4.05561714406388	0.000157498994255977	0.000901602338707928	0.675407997698663	MTSS2
ENSG00000111845	1.29168076923077	3.70780961538461	4.05529378392945	0.000157666948138001	0.000902266667542347	0.674410122378347	PAK1IP1
ENSG00000100528	1.17263076923077	5.78508846153846	4.054909566094	0.000157866736637036	0.000902904182905098	0.673224497538281	CNIH1
ENSG00000008282	1.11958461538462	5.69044230769231	4.0546884857578	0.000157981806524744	0.000903294671607561	0.672542311633667	SYPL1
ENSG00000169347	-2.53730769230769	-8.07981538461539	-4.05417941293264	0.000158247081620129	0.000904275730169733	0.6709715443173	GP2
ENSG00000067445	1.61669230769231	2.75139230769231	4.05373822082742	0.00015847733256836	0.000904975840363945	0.669610310441012	TRO
ENSG00000179981	1.15667307692308	2.87100961538462	4.05369259637058	0.000158501161688277	0.000904975840363945	0.669469547307243	TSHZ1
ENSG00000125630	1.07163076923077	3.22309230769231	4.0536548312729	0.000158520888575908	0.000904975840363945	0.669353032943359	POLR1B
ENSG00000175895	1.35795769230769	3.25076730769231	4.05352082869087	0.000158590904996093	0.000904975840363945	0.668939607544455	PLEKHF2
ENSG00000144476	1.32768846153846	1.27499423076923	4.05349574748401	0.00015860401325966	0.000904975840363945	0.668862227690055	ACKR3
ENSG00000114861	1.38475384615385	1.45889615384615	4.05157220624866	0.000159612444321163	0.000910226006323386	0.662928525806489	FOXP1
ENSG00000111799	1.64631153846154	3.19695192307692	4.05156077690462	0.000159618454717125	0.000910226006323386	0.662893273248487	COL12A1
ENSG00000196417	1.27166538461538	0.538475	4.0507024656518	0.000160070443795052	0.00091253389739394	0.660246056813574	ZNF765
ENSG00000047315	1.02406923076923	4.82560769230769	4.05010986781567	0.000160383228869404	0.000913507662102716	0.658418531035072	POLR2B
ENSG00000133657	1.15583846153846	3.77018461538462	4.04965417865804	0.000160624152369016	0.000914340316478655	0.657013317345377	ATP13A3
ENSG00000102038	1.8193	3.11055384615385	4.0476989096422	0.000161661880960983	0.000918968916077435	0.650984783836013	SMARCA1
ENSG00000118496	1.23416153846154	0.412623076923077	4.04762266433961	0.000161702477911655	0.000918968916077435	0.650749733708821	FBXO30
ENSG00000085721	1.01057692307692	3.78921538461539	4.04758429033472	0.000161722913946798	0.000918968916077435	0.650631434656795	RRN3
ENSG00000120253	1.06328846153846	2.65681730769231	4.04738098376241	0.000161831226282435	0.000919313761309547	0.650004692826695	NUP43
ENSG00000134874	2.36872692307692	0.0946826923076922	4.04722728842834	0.000161913154562321	0.000919508567966012	0.649530900753737	DZIP1
ENSG00000162374	2.77350384615385	-4.64643653846154	4.04687193584897	0.000162102730990537	0.000920314416561865	0.648435502370466	ELAVL4
ENSG00000168615	1.76423461538462	3.35522115384615	4.04660291132472	0.000162246395032944	0.000920588525373578	0.647606249988208	ADAM9
ENSG00000165030	1.18919615384615	2.81135192307692	4.04582276522793	0.000162663703340686	0.00092268512065391	0.645201660568476	NFIL3
ENSG00000109466	1.20481538461539	2.00612307692308	4.04498563354877	0.000163112647192938	0.00092468823164913	0.642621702087193	KLHL2
ENSG00000173852	1.35100384615385	3.20183653846154	4.04413972627832	0.00016356751316884	0.000926714520566621	0.640014985892703	DPY19L1
ENSG00000111880	1.26787692307692	1.75283076923077	4.04401886943873	0.000163632600950504	0.000926714520566621	0.639642581603989	RNGTT
ENSG00000164253	1.11676923076923	4.08574230769231	4.04396408272145	0.000163662114728882	0.000926714520566621	0.639473765562284	WDR41
ENSG00000166707	1.76389615384615	-1.29888653846154	4.04314306585021	0.000164105015598429	0.000928677547961441	0.636944085799033	ZCCHC18
ENSG00000156976	1.12050769230769	6.90239230769231	4.04164182439546	0.000164917862544374	0.000932184334024612	0.632319234482969	EIF4A2
ENSG00000128284	1.74003076923077	2.68650384615385	4.04133740842037	0.000165083162185346	0.000932572513802675	0.631381536167495	APOL3
ENSG00000187498	1.14389615384616	4.85623653846154	4.03973985477019	0.00016595327046633	0.000936464397717808	0.626461176677131	COL4A1
ENSG00000065308	1.18631538461538	3.57088846153846	4.03935338237321	0.000166164427388719	0.000937071538316365	0.625271022626452	TRAM2
ENSG00000100664	1.35521923076923	5.48636346153846	4.03934163872027	0.000166170847829711	0.000937071538316365	0.625234858621111	EIF5
ENSG00000066855	1.12415384615385	3.14668461538462	4.03879191832613	0.000166471656979925	0.000938219677279849	0.623542084090784	MTFR1
ENSG00000124508	1.36623846153846	4.32480769230769	4.03777162769022	0.000167031358743623	0.000941099333866948	0.620400589812942	BTN2A2
ENSG00000258659	1.50338846153846	1.25479807692308	4.03504722278576	0.000168534809692464	0.000948186368841048	0.612014165008356	TRIM34
ENSG00000153208	1.81571923076923	0.813563461538461	4.03475956131419	0.000168694315234922	0.000948807216485927	0.611128844288958	MERTK
ENSG00000031691	1.49374615384615	1.56703846153846	4.03418921256527	0.000169010999439828	0.000950233828345595	0.60937361106234	CENPQ
ENSG00000163611	1.32041153846154	1.144425	4.03412549161298	0.000169046415921814	0.000950233828345595	0.609177519720293	SPICE1
ENSG00000156642	1.31346538461539	5.48394807692308	4.03397922666501	0.000169127737958288	0.000950414185097187	0.608727418281057	NPTN
ENSG00000152760	1.88279615384615	-2.15163653846154	4.03380309290301	0.000169225716944338	0.000950688013439043	0.608185413013292	DYNLT5
ENSG00000185040	1.29361923076923	-1.99769807692308	4.03367707240784	0.000169295852765441	0.00095080530867946	0.607797625863725	SPDYE16
ENSG00000173273	1.20651923076923	2.72405961538462	4.03241057171834	0.000170002275540769	0.000953940094407983	0.603900739709317	TNKS
ENSG00000096401	1.12070769230769	3.13098461538461	4.03129296631435	0.000170628012141536	0.000957173065494937	0.600462530026586	CDC5L
ENSG00000116785	3.12918076923077	-5.04790192307692	4.03115087935343	0.00017070772447812	0.00095734201208633	0.600025449033657	CFHR3
ENSG00000243649	1.85538076923077	2.76585192307692	4.03097583427206	0.000170805976128735	0.000957590059736077	0.599486995167977	CFB
ENSG00000176222	1.62415769230769	-0.439255769230769	4.03089534666981	0.00017085117161742	0.000957590059736077	0.599239412500775	ZNF404
ENSG00000106524	1.08017307692308	2.89411730769231	4.03074497247393	0.000170935640853258	0.000957763657091418	0.598776863301206	ANKMY2
ENSG00000139908	1.73846153846154	-1.73006153846154	4.03066357793445	0.00017098137918132	0.000957763657091418	0.598526498525048	TSSK4
ENSG00000132517	2.42323846153846	-4.25746153846154	4.02916532138802	0.00017182541418687	0.000961933285977131	0.593918431924412	SLC52A1
ENSG00000107614	1.43426153846154	0.301923076923077	4.02834491297867	0.000172289290473151	0.000964250557843791	0.591395555358959	TRDMT1
ENSG00000159388	1.08038461538462	3.4741	4.02801707256132	0.00017247499640021	0.000965010103047318	0.590387474513173	BTG2
ENSG00000072182	2.81082307692308	-4.49629230769231	4.02552639239533	0.000173892174339303	0.000971812577090786	0.582730279658265	ASIC4
ENSG00000125633	1.01415769230769	2.45120192307692	4.02379982456241	0.000174881170671583	0.000976479388561678	0.577423709938853	CCDC93
ENSG00000189308	1.34379230769231	1.26008846153846	4.02371555101313	0.000174929582222778	0.000976479388561678	0.577164728108609	LIN54
ENSG00000047648	1.73161923076923	-2.07908269230769	4.02334838847825	0.000175140652457214	0.00097737496802012	0.576036431332965	ARHGAP6
ENSG00000232040	3.26491923076924	-6.60905192307692	4.02301037685304	0.000175335182145333	0.000978177751720047	0.574997764464952	SCAND3
ENSG00000112078	1.10067692307692	4.69455384615385	4.02231990659051	0.000175733204556183	0.000979831902815712	0.572876181900233	KCTD20
ENSG00000144355	2.03017307692308	0.450021153846154	4.02188759262766	0.000175982856453613	0.000980657355116657	0.571547925834976	DLX1
ENSG00000121570	2.91429230769231	-6.94579230769231	4.0216096332448	0.00017614355278732	0.000981269552511875	0.570693954341945	DPPA4
ENSG00000168306	1.94703076923077	-0.194907692307692	4.02099683516677	0.000176498329700209	0.000982962278766049	0.568811373215358	ACOX2
ENSG00000021645	3.34575	-1.84017115384615	4.02088611175918	0.000176562506113699	0.000983036070237302	0.568471235456067	NRXN3
ENSG00000204779	2.32396923076923	-5.76539615384615	4.01959818050148	0.000177310661490624	0.000986916868152686	0.564515131779487	FOXD4L5
ENSG00000206527	1.17056538461538	3.09971730769231	4.01921791141473	0.000177532143340651	0.000987387366610659	0.563347199202422	HACD2
ENSG00000008294	1.14812692307692	4.43252884615385	4.01918959264525	0.000177548647852955	0.000987387366610659	0.563260225228858	SPAG9
ENSG00000185015	2.13241538461538	-0.695623076923077	4.01909120698944	0.000177605999686937	0.000987421835241058	0.562958060997192	CA13
ENSG00000151466	1.04451153846154	1.78743269230769	4.01855262808467	0.000177920269959288	0.000988599588665556	0.561304035567793	SCLT1
ENSG00000166855	1.19815769230769	3.40621346153846	4.0181273939121	0.000178168780839238	0.000989695532817213	0.559998186104893	CLPX
ENSG00000177076	2.02072692307692	-2.05995192307692	4.01634316202117	0.000179215160956918	0.000995221591470478	0.554519804336059	ACER2
ENSG00000257524	1.56865769230769	0.220967307692308	4.01563072034227	0.000179634634723457	0.000996713386020149	0.552332657223206	
ENSG00000183281	1.61508846153846	-1.08630576923077	4.01562381981116	0.000179638702272398	0.000996713386020149	0.552311474082613	PLGLB1
ENSG00000183439	3.00618076923077	-3.61398269230769	4.01507379904342	0.000179963200647146	0.000997908716420677	0.550623091841902	TRIM61
ENSG00000230561	2.85447692307693	-3.74436153846154	4.01457696828531	0.000180256804676539	0.000998994286727316	0.549098091957717	CCDC192
ENSG00000154001	1.0202	2.88628076923077	4.01409116004457	0.00018054434205147	0.00100016562152762	0.547607023045831	PPP2R5E
ENSG00000134532	1.68191923076923	1.80971346153846	4.01404483071486	0.000180571786303878	0.00100016562152762	0.547464831616797	SOX5
ENSG00000280987	1.35764615384615	2.33665769230769	4.0127614877932	0.000181333607197114	0.00100409713704128	0.543526416061708	
ENSG00000117174	1.20411153846154	2.882325	4.0104867766908	0.000182691556858049	0.00101132639002894	0.536547278675226	ZNHIT6
ENSG00000157322	2.88607692307692	-3.50188846153846	4.0102703862859	0.000182821247055986	0.00101175416626195	0.535883472775655	CLEC18A
ENSG00000150630	1.01788461538462	0.350573076923077	4.00989547844984	0.000183046152599004	0.00101270847911109	0.534733439428287	VEGFC
ENSG00000108055	1.25730384615385	3.53503269230769	4.0095938288548	0.000183227304726861	0.00101342024731879	0.533808168349573	SMC3
ENSG00000165389	1.16053846153846	4.52536538461538	4.00947980908988	0.000183295823020369	0.00101350881459816	0.533458437218601	SPTSSA
ENSG00000159216	1.42173461538462	2.60427115384615	4.00853519869005	0.000183864423081438	0.0010157798966059	0.530561253237973	RUNX1
ENSG00000113212	1.975	-1.09254615384615	4.00800505036589	0.000184184286832803	0.00101711499451962	0.528935413153967	PCDHB7
ENSG00000071909	2.8921	-5.52591538461538	4.00770309098174	0.000184366713351448	0.00101739012802258	0.528009426472864	MYO3B
ENSG00000116815	1.35099615384615	3.98650576923077	4.0075895082852	0.000184435378625259	0.00101747816907785	0.527661124219268	CD58
ENSG00000258890	1.15920769230769	3.30983461538461	4.00710273645737	0.000184729931317978	0.00101881196120883	0.526168494581019	CEP95
ENSG00000166173	1.5975	2.59136538461539	4.00683521541378	0.000184892005478908	0.00101941456205638	0.525348213670708	LARP6
ENSG00000184838	1.62806153846154	-0.0752423076923077	4.00653572000551	0.000185073613740326	0.00102012449058524	0.524429926950333	PRR16
ENSG00000072803	1.15629230769231	3.68635384615385	4.00631621616543	0.000185206825982733	0.00102056733141441	0.523756926840326	FBXW11
ENSG00000088538	2.11909615384615	-4.09949423076923	4.00582987339355	0.000185502306917322	0.00102190383288387	0.522265867568925	DOCK3
ENSG00000164175	-2.3059	5.72649615384615	-4.00800401287622	0.000186405942478185	0.00102629603755174	0.519751183305644	SLC45A2
ENSG00000064300	2.55013076923077	2.42164230769231	4.00338346366573	0.000186995554677854	0.00102902474897077	0.514766992566875	NGFR
ENSG00000164983	1.22944230769231	1.17026346153846	4.0029209641215	0.000187279157722289	0.00103022216629049	0.513349589586801	TMEM65
ENSG00000278463	-3.57317307692308	-6.30593269230769	-4.00251942466574	0.000187525716892587	0.00103099086105885	0.512119079923676	H2AC4
ENSG00000107863	1.18115	3.41872884615385	4.00212645527154	0.000187767317067165	0.00103189141944097	0.510914897387314	ARHGAP21
ENSG00000152492	1.36225769230769	4.37855192307692	4.00194485303271	0.000187879068790557	0.00103205169745706	0.510358432186163	CCDC50
ENSG00000066557	1.57609615384615	1.59378653846154	3.99962081751938	0.00018931487907475	0.00103934730113194	0.503238328196503	LRRC40
ENSG00000140937	1.73055384615385	1.38858461538462	3.99935667552811	0.000189478737026939	0.00103995111197925	0.50242922236563	CDH11
ENSG00000122565	1.13728846153846	7.30244807692308	3.99897119548283	0.000189718111527161	0.00104067311929775	0.501248491882583	CBX3
ENSG00000197647	1.1324	0.515680769230769	3.9988069908436	0.000189820167556571	0.00104093712907514	0.500745549528983	ZNF433
ENSG00000173114	2.22563076923077	-3.27442307692308	3.99799961842087	0.00019032273468843	0.00104339669062504	0.498272810657548	LRRN3
ENSG00000185947	1.28121923076923	1.742875	3.99765881435967	0.000190535261048843	0.00104421853313685	0.49722911113375	ZNF267
ENSG00000123243	3.08426923076923	0.416342307692308	3.9975857775884	0.000190580836773617	0.00104421853313685	0.497005445031709	ITIH5
ENSG00000121281	1.27848076923077	1.09852884615385	3.99689692081771	0.000191011208616003	0.00104627961405071	0.494896014562589	ADCY7
ENSG00000086061	1.15553076923077	6.28961538461538	3.99619585702044	0.000191450169850442	0.00104838656131151	0.492749404826668	DNAJA1
ENSG00000204104	1.01123076923077	2.21503461538462	3.99597693390216	0.000191587444828686	0.00104873673153784	0.492079118728735	TRAF3IP1
ENSG00000012779	1.48901153846154	1.40731346153846	3.99589032831546	0.000191641776776506	0.00104873673153784	0.491813960238799	ALOX5
ENSG00000143013	1.41185	4.77211730769231	3.99574455429823	0.0001917332615713	0.00104874671241451	0.491367654020839	LMO4
ENSG00000162843	3.30189230769231	-6.09383461538461	3.99525046450297	0.000192043655838933	0.00105014693729715	0.489854998852704	WDR64
ENSG00000137713	1.08522307692308	2.33566923076923	3.99511381659031	0.000192129585572332	0.00105031928357483	0.489436669292465	PPP2R1B
ENSG00000136824	1.58035769230769	1.70981346153846	3.99366653083443	0.000193041977894469	0.00105388332340415	0.485006468957835	SMC2
ENSG00000110169	2.22912307692308	-1.96785	3.99364667927707	0.000193054521657622	0.00105388332340415	0.484945708561416	HPX
ENSG00000166326	1.24855384615385	3.06595	3.99285355455337	0.000193556323699534	0.00105632392320387	0.482518295792463	TRIM44
ENSG00000135378	2.35041923076923	-0.332405769230769	3.99228746588129	0.000193915251807224	0.0010579836364146	0.480785901731512	PRRG4
ENSG00000183891	1.20439230769231	1.85588461538462	3.99201941560332	0.00019408543286422	0.00105861291624132	0.47996563711859	TTC32
ENSG00000143512	2.71	-4.47470384615385	3.9916037932408	0.000194349590195256	0.00105975427670594	0.478693843829165	HHIPL2
ENSG00000257315	2.41196923076923	-0.43685	3.99139164521319	0.000194484558929605	0.0010601907486637	0.47804470413181	ZBED6
ENSG00000134255	1.13290769230769	3.15755769230769	3.9909026518948	0.00019479600141649	0.00106158871127682	0.476548532272175	CEPT1
ENSG00000164406	1.97451153846154	-1.59709423076923	3.99068895011592	0.000194932260292621	0.00106203144804642	0.475894700483243	LEAP2
ENSG00000140526	1.35014230769231	3.60836346153846	3.99035724636214	0.000195143940851928	0.00106238516255663	0.474879872953011	ABHD2
ENSG00000164105	1.53171923076923	3.23179423076923	3.99032850125294	0.000195162295312947	0.00106238516255663	0.474791931180543	SAP30
ENSG00000145740	1.07561538461538	4.38640384615385	3.99003619838853	0.000195349032514604	0.00106309515231565	0.473897689561693	SLC30A5
ENSG00000102445	1.80583076923077	1.05587692307692	3.98995197567506	0.000195402870041751	0.00106309515231565	0.473640033740343	RUBCNL
ENSG00000133740	1.54075384615385	1.75841538461538	3.98980984337514	0.000195493757472384	0.00106328994096631	0.473205226413693	E2F5
ENSG00000132359	1.90224615384615	-0.514642307692308	3.98862866868552	0.000196250646983211	0.00106680547415289	0.469592132448879	RAP1GAP2
ENSG00000181704	1.05587692307692	3.51803461538461	3.98819268556478	0.000196530736082699	0.00106802725185933	0.468258650354589	YIPF6
ENSG00000156113	1.93391923076923	1.18627884615385	3.98808642978583	0.00019659905652633	0.00106809782947586	0.467933672249053	KCNMA1
ENSG00000176208	1.32353846153846	-0.717238461538461	3.98640901518022	0.000197680643234746	0.00107314603293125	0.462804002442029	ATAD5
ENSG00000182168	2.4571	-3.66104230769231	3.98630454348727	0.000197748195515614	0.00107314603293125	0.462484558172473	UNC5C
ENSG00000128590	1.26201153846154	3.36164423076923	3.98630077686198	0.00019775063146332	0.00107314603293125	0.462473041004631	DNAJB9
ENSG00000113742	1.35025	2.30658653846154	3.98563523122717	0.000198181507188992	0.00107518202171701	0.460438102076044	CPEB4
ENSG00000156875	1.34365	3.75054807692308	3.98514302902658	0.000198500742459652	0.0010764975580314	0.458933287660983	MFSD14A
ENSG00000187790	1.26228846153846	0.696967307692308	3.98506782879047	0.000198549559919747	0.0010764975580314	0.458703386134037	FANCM
ENSG00000164056	1.83491153846154	3.30736730769231	3.98500354972585	0.000198591296904617	0.0010764975580314	0.458506874582573	SPRY1
ENSG00000102804	1.45867692307692	5.67924615384616	3.98479272523765	0.000198728246589588	0.00107693749127423	0.457862361892455	TSC22D1
ENSG00000119917	1.76609615384616	4.07814038461539	3.98440559449553	0.000198979960526419	0.00107775132239012	0.456678910483298	IFIT3
ENSG00000109814	1.46828846153846	3.71785192307692	3.98439002501288	0.000198990090296761	0.00107775132239012	0.456631316169811	UGDH
ENSG00000066027	1.10273461538462	4.02608269230769	3.98406291610119	0.000199203027984262	0.00107860197732965	0.455631401027677	PPP2R5A
ENSG00000164935	2.79011153846154	-1.14036346153846	3.98356210492657	0.000199529466400863	0.00107976374822984	0.454100594394366	DCSTAMP
ENSG00000014257	2.68602692307692	-1.02611346153846	3.98150339862669	0.000200876800256071	0.0010864457482048	0.447808936394925	ACP3
ENSG00000013561	1.04425384615384	5.04864615384615	3.98139360442145	0.000200948901769256	0.00108653127474844	0.447473441406236	RNF14
ENSG00000166128	1.27293846153846	2.56942692307692	3.98067094674838	0.000201424092126102	0.00108872434932365	0.44526536235241	RAB8B
ENSG00000172667	1.21412307692308	3.06342692307692	3.98060531227956	0.000201467304345649	0.00108872434932365	0.445064827132939	ZMAT3
ENSG00000197969	1.26995	1.44165576923077	3.98038572890536	0.000201611937987565	0.00108899228921446	0.444393939634603	VPS13A
ENSG00000143195	3.21498461538462	-5.39664615384615	3.98035874609373	0.000201629717746074	0.00108899228921446	0.444311501121267	ILDR2
ENSG00000121807	1.90876153846154	-1.06553846153846	3.9801794106128	0.000201747925543424	0.00108932593196216	0.443763598892811	CCR2
ENSG00000183475	1.01274230769231	1.809725	3.97945724692869	0.000202224611937739	0.00109128926033944	0.441557394164116	ASB7
ENSG00000188404	1.86464615384615	1.17284615384615	3.97934545276865	0.000202298502163764	0.00109138289191368	0.441215883241792	SELL
ENSG00000088812	1.23581923076923	3.73674423076923	3.9788814893454	0.000202605436694498	0.00109273337371162	0.439798614599655	ATRN
ENSG00000189164	1.33987307692308	0.0413019230769231	3.97780829230357	0.000203317131356776	0.00109604899011227	0.436520664218666	ZNF527
ENSG00000133639	1.17784615384615	5.41261538461538	3.97778327113647	0.000203333752970628	0.00109604899011227	0.436444245819545	BTG1
ENSG00000090612	1.29659615384615	1.478075	3.97748585323076	0.000203531428725774	0.0010968082548	0.435535906888598	ZNF268
ENSG00000265972	1.33268461538462	6.23505384615385	3.97626786128047	0.000204342890240397	0.00110087379578855	0.431816443275662	TXNIP
ENSG00000204634	1.19502307692308	2.23561538461538	3.9751855107569	0.000205066601400829	0.00110446445503354	0.428511716155418	TBC1D8
ENSG00000141434	2.1419076923077	-8.09652307692308	3.97492505814369	0.000205241121113875	0.00110509605602821	0.427716552452969	MEP1B
ENSG00000153904	1.57420384615385	0.345398076923077	3.97474286781571	0.000205363285292477	0.00110544548131642	0.427160340897334	DDAH1
ENSG00000185885	1.74845769230769	7.59571730769231	3.97465600360369	0.000205421555087147	0.00110545087199532	0.426895156732406	IFITM1
ENSG00000161921	1.34559615384616	3.94374038461539	3.9741270149012	0.00020577675291963	0.00110705369610023	0.425280296960544	CXCL16
ENSG00000162728	2.22399615384616	-7.39400961538462	3.97401845601299	0.000205849719724809	0.00110709229282185	0.424948910412789	KCNJ9
ENSG00000136114	1.32545769230769	0.0688365384615385	3.97389522713523	0.000205932577062652	0.00110709229282185	0.424572748259636	THSD1
ENSG00000171843	1.22928461538462	1.91795	3.97386041906951	0.00020595598733478	0.00110709229282185	0.424466496091442	MLLT3
ENSG00000137959	2.72118076923077	1.52586346153846	3.97361256884152	0.000206122753994711	0.00110768026736077	0.423709943996726	IFI44L
ENSG00000198523	2.08137692307692	-2.68052307692308	3.97349149816766	0.000206204264048427	0.00110780988280735	0.423340390329303	PLN
ENSG00000004468	2.38648461538462	-0.379319230769231	3.97311718026907	0.000206456467857351	0.00110885620452155	0.42219786869111	CD38
ENSG00000135002	1.24887307692308	2.44045961538461	3.97230396932713	0.000207005409877651	0.0011114952508674	0.419715925909014	RFK
ENSG00000121361	1.18266153846154	-0.0206923076923077	3.97216979239672	0.000207096118559317	0.00111167307468034	0.419306440676608	KCNJ8
ENSG00000138134	1.48318461538462	1.39316538461538	3.9717240579126	0.000207397727218977	0.00111236408127477	0.417946188640336	STAMBPL1
ENSG00000186998	1.87110769230769	0.2881	3.97099830496783	0.000207889718536787	0.00111453675568473	0.415731579346527	EMID1
ENSG00000168546	2.3571	-1.92936153846154	3.97093822778026	0.000207930495549818	0.00111453675568473	0.415548265812764	GFRA2
ENSG00000134160	-2.83421153846154	4.71033269230769	-3.97273566716138	0.000209556641248384	0.00112238397503262	0.410617727871796	TRPM1
ENSG00000122145	3.29388076923077	-6.42661346153846	3.96782681500749	0.00021005292448624	0.00112449623673466	0.406056475002595	TBX22
ENSG00000185404	1.75134615384615	2.02048461538462	3.96780551671132	0.000210067524719743	0.00112449623673466	0.405991515592532	SP140L
ENSG00000164104	1.11393846153846	5.84087692307692	3.96687547126684	0.000210706037163371	0.00112697662381949	0.403155079388966	HMGB2
ENSG00000185345	1.9035	-1.77098461538462	3.96670608374714	0.000210822529595623	0.00112728733761338	0.402638523310234	PRKN
ENSG00000185532	1.59348461538462	-1.41078461538462	3.96609283599362	0.000211244796530176	0.00112870722805003	0.400768492809284	PRKG1
ENSG00000129422	1.41261538461538	3.43754230769231	3.96597859803614	0.000211323547972156	0.00112870722805003	0.400420154330485	MTUS1
ENSG00000135914	3.30601923076923	-1.26761730769231	3.96589609548731	0.000211380439796967	0.00112870722805003	0.400168587998694	HTR2B
ENSG00000184786	1.86283076923077	-1.0849	3.96540370841674	0.000211720285619199	0.00113020925699873	0.39866726327539	DYNLT2
ENSG00000135052	1.3419	4.91275	3.96531667734587	0.000211780409280067	0.00113021765007828	0.398401909646902	GOLM1
ENSG00000186399	2.25544230769231	-2.38878653846154	3.96515935571466	0.000211889133539863	0.0011304853357435	0.397922251472246	GOLGA8R
ENSG00000174173	1.04141538461538	3.50705384615384	3.96489913047348	0.00021206909217123	0.00113076795895193	0.397128873086472	TRMT10C
ENSG00000165219	1.13405384615385	2.62413076923077	3.96482866787227	0.000212117845897786	0.00113076795895193	0.396914050597542	GAPVD1
ENSG00000204524	1.23955	-0.310294230769231	3.96390185259859	0.0002127601248452	0.00113387871062587	0.394088621106227	ZNF805
ENSG00000114520	1.18018461538462	3.43753846153846	3.96362317547293	0.00021295361330539	0.00113459663197183	0.393239134362012	SNX4
ENSG00000163607	1.21043846153846	2.34575	3.96303058954215	0.000213365616112552	0.00113647805955314	0.391432873021542	GTPBP8
ENSG00000102468	2.61277307692308	-5.58384038461539	3.95929965830263	0.000215977300493282	0.00114943750521694	0.380064005705068	HTR2A
ENSG00000145700	2.38941538461539	-5.15135769230769	3.95886497785041	0.000216283577802653	0.0011507502487113	0.378739830769494	ANKRD31
ENSG00000163590	1.35314230769231	-0.66590576923077	3.95800845351738	0.000216888313727669	0.00115296608488612	0.376130817611906	PPM1L
ENSG00000214265	3.06685	-5.77271346153846	3.95793681911766	0.000216938963907496	0.00115296608488612	0.375912629858118	
ENSG00000166710	1.59120769230768	12.1885307692308	3.95784422873969	0.000217004448223382	0.00115299665952544	0.375630616500493	B2M
ENSG00000181191	1.18304230769231	3.73720961538462	3.95759896553011	0.00021717800213669	0.0011536012590106	0.374883607042108	PJA1
ENSG00000139263	1.52465384615385	1.08028846153846	3.95734201718941	0.0002173599682542	0.00115425019730697	0.374101034775477	LRIG3
ENSG00000121542	1.0352	3.17099230769231	3.95638813028617	0.0002180367801141	0.00115752584338352	0.371196081130364	SEC22A
ENSG00000196812	1.11678076923077	1.41041346153846	3.95600474964934	0.000218309372378194	0.0011582050796133	0.370028647028468	ZSCAN16
ENSG00000102699	1.12055384615385	3.77757307692308	3.95568924658617	0.000218533948580504	0.00115889033226634	0.369067953628772	PARP4
ENSG00000162627	1.78	3.05701153846154	3.95531267323015	0.000218802286402794	0.00115999465378554	0.367921358634053	SNX7
ENSG00000213694	1.56495	0.078125	3.95478636068043	0.000219177857336666	0.00116166671613665	0.366318936001717	S1PR3
ENSG00000180875	2.41547307692308	-7.11506730769231	3.95374254881549	0.00021992454953977	0.00116498451695011	0.363141268777238	GREM2
ENSG00000186897	-2.12898846153846	-0.774332692307693	-3.95223403965333	0.000221007997997632	0.00116976073083309	0.358549738714904	C1QL4
ENSG00000176896	1.03037307692308	0.128586538461539	3.95050025916307	0.000222259597454528	0.00117606277677214	0.353273723141094	TCEANC
ENSG00000147223	2.65068076923077	-7.29257884615385	3.94838634446943	0.000223794857458588	0.00118386191655882	0.346842648320885	RIPPLY1
ENSG00000152779	2.44847307692308	-7.06144038461539	3.94681065136884	0.000224945870666572	0.00118962469629502	0.34205021005116	SLC16A12
ENSG00000157077	1.05063076923077	2.25957307692308	3.94601305771347	0.000225530670363373	0.00119239072309619	0.33962474518732	ZFYVE9
ENSG00000127472	2.15628076923077	-1.49765576923077	3.94498736687284	0.000226284866222393	0.00119605059493178	0.336506037045791	PLA2G5
ENSG00000131845	1.11418461538462	1.47736538461538	3.9441646340967	0.000226891582310002	0.00119891123696963	0.334004763282227	ZNF304
ENSG00000134308	1.0026576923077	6.91209423076923	3.94408512165173	0.000226950300983631	0.00119891123696963	0.333763044567874	YWHAQ
ENSG00000135250	1.13004230769231	4.24985961538462	3.94383553990897	0.000227134708276304	0.00119955712007045	0.333004330677694	SRPK2
ENSG00000102524	1.76502692307692	1.08268653846154	3.94371441154216	0.000227224257868144	0.00119970181882625	0.332636117031672	TNFSF13B
ENSG00000100918	1.07498076923077	2.11070576923077	3.94357709331642	0.000227325817694225	0.00119975701710912	0.332218695940344	REC8
ENSG00000115364	1.00719615384616	3.81524038461539	3.94348745618663	0.000227392136434867	0.00119975701710912	0.331946220547722	MRPL19
ENSG00000120594	1.44622307692308	1.10463461538462	3.94334774523396	0.000227495539872571	0.00119982142244815	0.331521539513871	PLXDC2
ENSG00000118245	3.25044615384616	-8.34057692307692	3.94281946337969	0.000227886943790232	0.00120102511725645	0.329915789595846	TNP1
ENSG00000145020	1.52709230769231	1.76944615384615	3.9421949813182	0.000228350459491196	0.00120268729046618	0.328017784737819	AMT
ENSG00000100767	1.47362692307692	1.54305192307692	3.9418981071361	0.000228571129963134	0.00120332098109199	0.327115545085005	PAPLN
ENSG00000196268	1.63977692307692	0.0840730769230769	3.94186540098874	0.000228595453435442	0.00120332098109199	0.327016149087442	ZNF493
ENSG00000159784	2.34802307692308	-3.50030769230769	3.94111899487778	0.00022915123217127	0.00120558905276697	0.324747898063485	FAM131B
ENSG00000162695	1.22774615384615	1.9062	3.9406952470914	0.000229467336736244	0.0012069231610408	0.323460277361338	SLC30A7
ENSG00000169247	1.39421538461538	1.80550769230769	3.94033381411464	0.000229737288152832	0.00120801385813514	0.322362069601925	SH3TC2
ENSG00000174010	1.22365	0.675105769230769	3.94006636020104	0.000229937244356412	0.00120873332768005	0.321549451215862	KLHL15
ENSG00000172508	1.37685	-2.50677884615385	3.9399833315199	0.000229999353083398	0.00120873332768005	0.321297187254933	CARNS1
ENSG00000108406	1.09054230769231	3.78014423076923	3.93985621882089	0.000230094469716932	0.00120890406884756	0.320910989588147	DHX40
ENSG00000158985	1.04209230769231	3.09384230769231	3.93963823991763	0.000230257668491724	0.0012091346808197	0.320248735399328	CDC42SE2
ENSG00000213096	1.41844230769231	0.700421153846154	3.93963026377871	0.000230263642267689	0.0012091346808197	0.320224503016875	ZNF254
ENSG00000163683	1.06657307692308	2.90604807692308	3.93799830677989	0.00023148905262699	0.00121488602162941	0.315267006543162	SMIM14
ENSG00000134602	2.33841923076923	-1.14819423076923	3.93790416326475	0.000231559934872035	0.00121488602162941	0.314981055437851	STK26
ENSG00000184647	2.34388076923077	-8.43269807692308	3.93783680954351	0.000231610659462064	0.00121488602162941	0.314776477843814	PRSS55
ENSG00000109705	2.17636923076923	-2.51080769230769	3.93772634717063	0.000231693872680615	0.00121499234565442	0.314440967861124	NKX3-2
ENSG00000150593	1.23768846153846	5.46319807692308	3.93745899103567	0.000231895395953849	0.00121542937203149	0.31362894216543	PDCD4
ENSG00000110395	1.03177692307692	1.65098846153846	3.93744871714304	0.000231903143407344	0.00121542937203149	0.313597738456462	CBL
ENSG00000213799	1.48275769230769	0.0363903846153846	3.93732875552542	0.000231993623885832	0.00121557354013795	0.313233396187679	ZNF845
ENSG00000105983	1.08943076923077	3.57569615384616	3.93698357883954	0.000232254161564509	0.00121627837240361	0.312185074459737	LMBR1
ENSG00000171617	1.50876538461538	3.06085961538462	3.93674496455517	0.000232434431259475	0.00121689227735331	0.31146041851988	ENC1
ENSG00000050748	1.11529230769231	2.91684615384616	3.93500016384209	0.000233756706944777	0.0012224886789908	0.306162307727263	MAPK9
ENSG00000118922	1.26557692307692	0.177976923076923	3.93469250622129	0.000233990611952892	0.00122304922353823	0.305228235315086	KLF12
ENSG00000166922	1.82184230769231	-1.09299038461538	3.93370602824078	0.000234742130326932	0.00122598142362034	0.302233482816554	SCG5
ENSG00000055332	1.29201538461539	2.81093076923077	3.93344009639497	0.000234945120101029	0.00122670967089807	0.301426236975483	EIF2AK2
ENSG00000245680	1.5082	0.613542307692308	3.93297411590201	0.000235301217915312	0.00122823672509985	0.30001180863979	ZNF585B
ENSG00000121486	1.19681538461538	2.25005769230769	3.93273889492867	0.000235481168976469	0.00122884374283665	0.299297858426656	TRMT1L
ENSG00000105851	1.78313461538461	-2.46032884615385	3.93226890661687	0.00023584112129983	0.00123038950390557	0.297871405353724	PIK3CG
ENSG00000164484	1.71683076923077	-2.27201538461538	3.93199001637347	0.000236054966946956	0.0012311723931308	0.297024995001782	TMEM200A
ENSG00000106392	1.43345	2.912075	3.9316254871254	0.000236334760013533	0.00123196675886615	0.295918726765128	C1GALT1
ENSG00000150672	2.16865384615385	-2.48941153846154	3.93162528235902	0.000236334917270961	0.00123196675886615	0.295918105358896	DLG2
ENSG00000129691	1.03601923076923	4.62488653846154	3.9313113839616	0.000236576104987565	0.00123289107844896	0.294965536239665	ASH2L
ENSG00000148053	2.19238076923077	-1.39053653846154	3.93071989819529	0.000237031225009505	0.00123492948349756	0.29317070288476	NTRK2
ENSG00000100311	1.16382692307692	1.86667115384615	3.93053042413945	0.000237177194548111	0.00123535655325477	0.29259578502216	PDGFB
ENSG00000143409	1.02788076923077	3.72408653846154	3.93041064699366	0.000237269514731673	0.0012355040309861	0.292232355175219	MINDY1
ENSG00000107890	1.37713076923077	0.0817076923076923	3.92999949440672	0.00023758668075099	0.00123682192517162	0.29098487548211	ANKRD26
ENSG00000171444	1.69047307692308	2.72479038461538	3.92950506726783	0.000237968626317146	0.00123847624529519	0.289484827446898	MCC
ENSG00000081181	1.73133076923077	1.61638846153846	3.92880008546339	0.000238514248872779	0.00124064687307767	0.287346155280655	ARG2
ENSG00000144596	2.08235769230769	-3.89443653846154	3.92865219766486	0.000238628859870055	0.00124090864279948	0.286897541456669	GRIP2
ENSG00000170500	3.09806153846154	-3.58683461538462	3.92842439160367	0.000238805510236393	0.0012414927993787	0.286206515871717	LONRF2
ENSG00000205143	2.39001538461539	-5.15175384615385	3.92793928730854	0.000239182100320292	0.0012427811796723	0.284735076983074	ARID3C
ENSG00000196214	1.06572692307692	2.15654423076923	3.92597892168541	0.000240709782777903	0.0012500459878832	0.278789834549219	ZNF766
ENSG00000104756	1.37568076923077	2.89795961538461	3.92375056929864	0.000242457718813123	0.00125743185014769	0.272033853351476	KCTD9
ENSG00000053770	1.20827692307692	2.91285384615385	3.92360647612202	0.000242571166463421	0.00125768230627005	0.271597060565143	AP5M1
ENSG00000176974	1.01575769230769	4.38151346153846	3.92350638822415	0.000242649997906523	0.0012577531980638	0.271293667155978	SHMT1
ENSG00000123374	-1.24411538461538	7.41889615384615	-3.92073991465789	0.000244838727762868	0.00126841705904634	0.262909433237442	CDK2
ENSG00000262655	1.93871923076923	0.440167307692308	3.92028557401593	0.000245199998237106	0.00126994783095542	0.261532795001655	SPON1
ENSG00000112208	1.42904615384615	-0.745169230769231	3.91998194857679	0.0002454417131814	0.00127085874182955	0.260612868411245	BAG2
ENSG00000127418	1.77943461538462	3.03107115384616	3.91989414586571	0.000245511655324531	0.00127087999000521	0.260346850458544	FGFRL1
ENSG00000166477	1.02484615384616	3.22957692307692	3.91936621663276	0.00024593259966333	0.00127261126585165	0.258747440265674	LEO1
ENSG00000197168	1.39496923076923	-2.58370769230769	3.91930937511072	0.000245977963678832	0.00127261126585165	0.258575240751776	NEK5
ENSG00000171812	1.57242307692308	0.701503846153846	3.91817704430301	0.000246883334208213	0.00127626914842559	0.255145169978181	COL8A2
ENSG00000133800	1.81998076923077	-1.31809038461538	3.91793937926099	0.000247073769651638	0.00127659601479721	0.254425301691471	LYVE1
ENSG00000079150	1.22943076923077	4.41750384615385	3.91793306270448	0.000247078832890348	0.00127659601479721	0.254406169679864	FKBP7
ENSG00000154997	2.22860384615385	-7.78706730769231	3.91666488262833	0.000248097410120427	0.00128117290196752	0.250565366422875	SEPTIN14
ENSG00000122176	1.74998461538462	2.24713846153846	3.91609627759159	0.000248555414517207	0.00128314951144852	0.248843515904169	FMOD
ENSG00000111276	1.11391923076923	3.75496730769231	3.91602470121593	0.000248613126084933	0.00128314951144852	0.248626778041976	CDKN1B
ENSG00000178573	1.11758461538462	3.21536153846154	3.9158476271306	0.000248755955234518	0.00128320048206625	0.248090595769627	MAF
ENSG00000157625	1.18243461538462	2.22722115384615	3.91459542113649	0.000249768250870861	0.00128762946902766	0.244299285683788	TAB3
ENSG00000152527	1.9428	-0.682373076923077	3.91445580294027	0.000249881365123433	0.00128762946902766	0.243876604639622	PLEKHH2
ENSG00000166275	1.07597692307692	2.45023846153846	3.91415585341669	0.000250124541624444	0.00128853857138421	0.242968563739801	BORCS7
ENSG00000140945	1.57688461538461	1.56796153846154	3.9131796316068	0.000250917567778661	0.00129227903170531	0.240013502450507	CDH13
ENSG00000197646	1.89764230769231	-0.687182692307692	3.91224626543302	0.000251678044419261	0.00129584990435449	0.237188549029106	PDCD1LG2
ENSG00000164823	1.20398076923077	2.15795576923077	3.91201639889442	0.000251865672614908	0.00129647015426282	0.23649288558026	OSGIN2
ENSG00000061918	1.44240384615385	0.131686538461538	3.91188649707083	0.00025197176433589	0.00129667047906576	0.236099763352034	GUCY1B1
ENSG00000102401	1.70383461538461	3.77769807692308	3.91151509549378	0.000252275328052153	0.00129788663576512	0.23497582973734	ARMCX3
ENSG00000101882	1.02442307692308	2.35203461538462	3.91117527332289	0.000252553388978189	0.0012989709745393	0.233947513429615	NKAP
ENSG00000164180	1.25623846153846	2.35564230769231	3.90950372212823	0.000253925444765576	0.00130553520454409	0.228890050319835	TMEM161B
ENSG00000116922	1.29859230769231	3.20545	3.9093736092499	0.000254032545628534	0.00130553520454409	0.228496429745927	AIRIM
ENSG00000109667	1.77478076923077	0.897201923076923	3.90905687177095	0.000254293446169951	0.00130652818509943	0.227538258393249	SLC2A9
ENSG00000162618	1.23911538461538	0.7234	3.90867192525109	0.000254610878701757	0.00130746309964885	0.226373804001275	ADGRL4
ENSG00000166510	2.29617307692308	-4.87934423076923	3.90840561712603	0.000254830703531884	0.00130824390166914	0.225568265295334	CCDC68
ENSG00000164307	1.46355384615385	3.30981153846154	3.90820004872658	0.000255000515549318	0.00130876760213998	0.224946475211124	ERAP1
ENSG00000143756	1.07842307692308	3.11301923076923	3.90745467825599	0.000255617151239584	0.00131158369760173	0.222692078847326	FBXO28
ENSG00000165757	1.03077692307692	0.553530769230769	3.90705093820201	0.000255951759594357	0.00131295158529096	0.221471054122597	JCAD
ENSG00000145287	2.18050384615385	-0.538621153846154	3.90680977477001	0.000256151830198143	0.0013132798879986	0.220741740769933	PLAC8
ENSG00000214279	1.62928846153846	-1.89842884615385	3.90672022573114	0.000256226158940818	0.00131331214711487	0.220470937798371	SCART1
ENSG00000095002	1.23623846153846	3.17970384615385	3.90262838881281	0.000259644765859301	0.00132942252397403	0.208100599241503	MSH2
ENSG00000011028	1.38910384615385	3.14581730769231	3.90199957691486	0.000260173996848564	0.00133122064648052	0.206200230064299	MRC2
ENSG00000178502	1.59966923076923	-1.10381153846154	3.90173390602278	0.000260397907099438	0.00133151279489813	0.20539738174379	KLHL11
ENSG00000143751	1.16929615384615	2.55828653846154	3.90095524004017	0.000261055244332921	0.00133452049294448	0.203044455125927	SDE2
ENSG00000124786	1.12938846153846	3.28699423076923	3.89933753319473	0.000262425997166979	0.00134097481995797	0.198157000508306	SLC35B3
ENSG00000008405	1.24102307692308	2.33438846153846	3.89930131963515	0.00026245676163297	0.00134097481995797	0.198047604154338	CRY1
ENSG00000125965	2.76423076923077	-7.18773846153846	3.89913653599329	0.000262596793951785	0.00134119894299334	0.197549821802894	GDF5
ENSG00000180998	1.62487307692308	-2.26875576923077	3.89888857600919	0.000262807644669733	0.00134170218594548	0.196800800456647	GPR137C
ENSG00000133794	1.10475384615385	1.32078076923077	3.89786605034037	0.000263678864047368	0.00134579405412648	0.193712301964531	BMAL1
ENSG00000120280	2.17549615384615	-2.03173653846154	3.89748843115355	0.00026400130820094	0.00134708359825608	0.192571832217626	TASL
ENSG00000155621	1.02992307692308	2.68424230769231	3.89716440285219	0.00026427829436141	0.00134778438997577	0.191593264519739	C9orf85
ENSG00000135040	1.12916153846154	2.32335	3.89698919011888	0.000264428186380501	0.001348192625912	0.191064139749296	NAA35
ENSG00000005469	1.23218846153846	2.38264807692308	3.89665129443416	0.00026471748249729	0.00134919497970765	0.190043766328269	CROT
ENSG00000269026	3.79337692307693	-6.56533076923077	3.89659632488002	0.000264764574580769	0.00134919497970765	0.189877774578397	
ENSG00000166558	-5.19491923076923	-3.63436730769231	-3.89628635206339	0.000265030277405545	0.00134983626510798	0.188941773043025	SLC38A8
ENSG00000049192	1.91194230769231	-3.02049423076923	3.89571404690262	0.000265521521145517	0.00135126863239439	0.187213735395895	ADAMTS6
ENSG00000143858	2.10584615384616	-7.07553461538462	3.89562434577029	0.00026559859640396	0.00135130461422922	0.186942901579664	SYT2
ENSG00000139970	1.91527307692308	-0.135228846153846	3.8955058531823	0.000265700443595679	0.00135146657779378	0.186585143312977	RTN1
ENSG00000174013	1.12207692307692	2.07339230769231	3.89459525147993	0.000266484382912994	0.00135384688224603	0.183836015336579	FBXO45
ENSG00000134242	1.47595	-1.16000961538462	3.89455498683525	0.000266519098198979	0.00135384688224603	0.183714463702237	PTPN22
ENSG00000184254	2.22746538461539	3.59073653846154	3.89432294299458	0.000266719246114465	0.00135450713174099	0.183013979238743	ALDH1A3
ENSG00000155324	1.66730384615385	2.58509807692308	3.89348809540599	0.000267440535849623	0.00135724374871598	0.180493968048294	GRAMD2B
ENSG00000133574	1.30058076923077	2.56595961538462	3.89347943674978	0.00026744802656447	0.00135724374871598	0.180467833227749	GIMAP4
ENSG00000182175	2.01675	0.227663461538462	3.89345512775784	0.000267469057665419	0.00135724374871598	0.18039446045196	RGMA
ENSG00000122584	2.94722692307693	-7.80105961538462	3.89290417024232	0.000267946149695279	0.0013593073659837	0.178731552513168	NXPH1
ENSG00000080546	1.13774615384615	2.72742307692308	3.89258548687042	0.000268222481808005	0.00136035169898579	0.177769757708133	SESN1
ENSG00000182329	2.29053846153847	-8.25243461538462	3.89246597676432	0.000268326180387246	0.00136052016286184	0.177409084392927	KIAA2012
ENSG00000263001	1.15397692307692	5.49114230769231	3.89213755735748	0.000268611347743526	0.00136125094394678	0.176417968948902	GTF2I
ENSG00000155265	-1.11376153846154	2.26708846153846	-3.89199415991081	0.000268735951560262	0.00136152495353484	0.175985233816773	GOLGA7B
ENSG00000079335	1.85915769230769	-0.350209615384615	3.89150158771263	0.000269164391306	0.00136298012732941	0.174498850498702	CDC14A
ENSG00000165240	1.33143076923077	1.56953846153846	3.89132419016001	0.000269318852824561	0.00136340462000328	0.173963562288423	ATP7A
ENSG00000143801	-1.02778076923077	5.42377115384615	-3.8907977168719	0.000269777759952597	0.0013650118218519	0.172375035798106	PSEN2
ENSG00000162924	1.28569230769231	-0.611146153846154	3.890359055809	0.000270160699154244	0.00136659118862012	0.171051556583286	REL
ENSG00000140398	1.55291153846154	1.66714038461538	3.89005177291338	0.00027042926033082	0.00136759130525696	0.170124506559469	NEIL1
ENSG00000164442	1.43779230769231	3.69047692307692	3.88986917720553	0.000270588968249762	0.00136764295957447	0.169573648038077	CITED2
ENSG00000057019	1.40075384615385	3.79340769230769	3.88978161896828	0.00027066558354014	0.00136764295957447	0.169309505654695	DCBLD2
ENSG00000130038	1.97786153846154	-0.584430769230769	3.88971615469824	0.00027072287978729	0.00136764295957447	0.169112017687344	CRACR2A
ENSG00000176024	1.20815	0.800713461538461	3.88902348465357	0.000271329840566537	0.00137035057887385	0.167022533596564	ZNF613
ENSG00000120738	1.44502307692308	4.82043846153846	3.88817596185189	0.000272074274776206	0.00137375090923492	0.164466209013635	EGR1
ENSG00000237651	1.26305384615385	3.67479230769231	3.88788831491664	0.00027232738023177	0.00137466930455383	0.163598670180461	C2orf74
ENSG00000117228	2.29263461538462	3.57596730769231	3.88738050139012	0.000272774767304143	0.00137620787592051	0.162067199802062	GBP1
ENSG00000149308	1.1994	1.99926923076923	3.88658382677732	0.000273478068569414	0.0013790353076268	0.15966480393636	NPAT
ENSG00000258818	1.48176538461538	2.34348269230769	3.88625098586929	0.000273772415804013	0.00137985466058666	0.158661193883206	RNASE4
ENSG00000188282	2.43063076923077	-3.40695	3.88623843253173	0.000273783523288966	0.00137985466058666	0.158623342938902	RUFY4
ENSG00000166181	1.08922307692308	4.45249615384615	3.88578288828339	0.000274186892993783	0.00138152691084808	0.157249827804359	API5
ENSG00000196220	1.40572692307692	-0.142848076923077	3.88515404095886	0.000274744656768409	0.00138397602025068	0.155353933157858	SRGAP3
ENSG00000176438	1.08253076923077	0.713076923076923	3.88495820626122	0.000274918577590956	0.00138449081743758	0.154763551525018	SYNE3
ENSG00000114209	1.39441923076923	3.93426346153846	3.88424731559705	0.000275550810509063	0.00138695105482567	0.152620573849734	PDCD10
ENSG00000198301	1.17676538461539	3.865225	3.88245356636228	0.00027715231274026	0.00139392159792216	0.147214298198305	SDAD1
ENSG00000110436	2.7256076923077	-6.19787692307692	3.88191922882502	0.000277631111045569	0.00139596596418667	0.145604100349553	SLC1A2
ENSG00000196458	1.37626538461538	0.545025	3.88130092597579	0.000278186140691816	0.00139839246712868	0.14374103240729	ZNF605
ENSG00000197712	1.82729615384615	3.83024038461538	3.88101022424646	0.000278447462709441	0.00139885507276668	0.142865148447255	FAM114A1
ENSG00000100077	1.39717692307692	1.62897692307692	3.88093836230618	0.000278512098341858	0.00139885507276668	0.142648634173581	GRK3
ENSG00000177943	1.33233461538462	-0.233463461538462	3.88092591008209	0.000278523299860134	0.00139885507276668	0.142611116847495	MAMDC4
ENSG00000112164	2.69679615384616	-6.50469038461539	3.88030720921634	0.000279080404390211	0.0014006991799127	0.140747116938659	GLP1R
ENSG00000163659	1.02411538461538	2.24732692307692	3.87999653943939	0.000279360548877435	0.00140174075252953	0.139811204915959	TIPARP
ENSG00000128710	1.89546153846154	-2.09626923076923	3.87897330753553	0.00028028515629319	0.00140601464966929	0.136728952151018	HOXD10
ENSG00000075223	1.89999230769231	2.82746923076923	3.87884878908332	0.00028039787376236	0.00140621464204594	0.136353899812552	SEMA3C
ENSG00000136754	1.10973076923077	4.29507692307692	3.8785487339323	0.000280669671011991	0.0014072121193622	0.135450154776589	ABI1
ENSG00000180447	1.28408846153846	2.39610961538462	3.87774185139508	0.000281401822831844	0.00140978442411707	0.133020075712955	GAS1
ENSG00000164902	1.24046538461539	3.79866730769231	3.87694056417225	0.000282130715941704	0.00141306933311435	0.130607128618877	PHAX
ENSG00000152926	1.57191538461539	-0.447984615384615	3.87649759282777	0.000282534445380803	0.00141472435776541	0.129273312003964	ZNF117
ENSG00000205279	2.53703076923078	-8.56423076923077	3.87633172657609	0.000282685760878556	0.00141511494871337	0.128773899528632	CTXN3
ENSG00000102189	1.47437692307692	1.12131538461538	3.87591438015679	0.000283066840232013	0.00141590198071065	0.127517349696833	EEA1
ENSG00000163291	1.23531538461539	2.19789230769231	3.87585712643309	0.000283119157191842	0.00141590198071065	0.12734497566391	PAQR3
ENSG00000255524	3.28093461538462	-5.92716346153846	3.87583827485841	0.000283136385305036	0.00141590198071065	0.12728821945938	NPIPB8
ENSG00000276203	2.7279076923077	-4.78191538461538	3.87554965998848	0.000283400271179038	0.00141685455440792	0.126419309554609	ANKRD20A3P
ENSG00000149634	2.30105769230769	-1.80253653846154	3.8752457723943	0.000283678376922326	0.00141787770837174	0.125504458518308	SPATA25
ENSG00000169126	2.67408076923077	-7.92224423076923	3.87461434577164	0.000284257073090504	0.00142015876275794	0.123603682760965	ODAD2
ENSG00000106976	1.28603461538462	1.50877884615385	3.87458728750926	0.000284281897078003	0.00142015876275794	0.123522233493265	DNM1
ENSG00000169116	1.44192692307692	-0.561355769230769	3.87419750001609	0.000284639730264225	0.00142157845104537	0.122348952421721	PARM1
ENSG00000142166	1.04160384615385	3.43533269230769	3.8739374390075	0.000284878712750185	0.00142240398143219	0.121566191823331	IFNAR1
ENSG00000143622	1.05125384615385	3.71407307692308	3.87350802226421	0.00028527374690894	0.00142363990087468	0.120273750050795	RIT1
ENSG00000188177	1.30051923076923	0.0274326923076924	3.87333705673796	0.000285431170182564	0.00142405734764384	0.119759207068734	ZC3H6
ENSG00000106804	1.57524615384615	-0.692561538461538	3.87158282826404	0.000287051281215416	0.00143066121386553	0.114480365417291	C5
ENSG00000158022	-1.81910384615385	4.92441346153846	-3.87133963780624	0.000287276575859521	0.00143141449246679	0.113748660333202	TRIM63
ENSG00000151553	1.02568076923077	1.73239038461538	3.87100561106266	0.000287586299659878	0.00143187848088854	0.112743691515273	FHIP2A
ENSG00000116005	1.00854230769231	3.64809038461538	3.87090818136908	0.000287676701113263	0.00143192969612927	0.112450569065627	PCYOX1
ENSG00000170775	2.45791538461539	1.77065	3.8698204013746	0.000288687870675273	0.00143659241238587	0.109178206347795	GPR37
ENSG00000213297	1.24374615384615	0.0310269230769232	3.86954709315777	0.000288942467219211	0.00143748877441558	0.108356095986151	ZNF625-ZNF20
ENSG00000007372	1.80861538461539	-2.34354615384615	3.86939144223511	0.000289087558232117	0.00143758540954367	0.10788791303226	PAX6
ENSG00000054598	1.40645	0.946113461538461	3.86936647213578	0.000289110840794101	0.00143758540954367	0.107812806368995	FOXC1
ENSG00000180509	2.18181923076923	-2.70967884615385	3.86915136566212	0.000289311484586906	0.00143821261575613	0.107165806634625	KCNE1
ENSG00000170989	1.09121538461538	0.841569230769231	3.8675053466568	0.000290851273898815	0.00144441884962445	0.102215561433319	S1PR1
ENSG00000180828	2.50570384615385	-2.66124807692308	3.86748120575108	0.000290873915364561	0.00144441884962445	0.102142968778725	BHLHE22
ENSG00000105855	2.56132307692308	0.962946153846154	3.86741706872386	0.000290934076948653	0.00144441884962445	0.10195010744955	ITGB8
ENSG00000057657	1.46325769230769	0.431628846153846	3.86683345603573	0.00029148206549712	0.00144639545251694	0.100195255074046	PRDM1
ENSG00000179532	1.18386153846154	0.689153846153846	3.8659416076781	0.000292321393103664	0.00144981496687565	0.0975138634618427	DNHD1
ENSG00000139174	1.3617	0.152153846153846	3.86504758862723	0.000293165096547307	0.00145362595906824	0.0948262950173921	PRICKLE1
ENSG00000168675	1.58928076923077	0.664940384615385	3.86483277478995	0.00029336816934662	0.00145425931507391	0.0941805814115462	LDLRAD4
ENSG00000177706	1.35395384615385	4.04936538461538	3.86458015945683	0.000293607150644381	0.00145507030266713	0.0934212653224824	FAM20C
ENSG00000182578	1.44394615384616	2.73749615384615	3.86415834863011	0.000294006613125626	0.00145667598900512	0.0921534404305664	CSF1R
ENSG00000070190	1.82951923076923	-1.02296346153846	3.86349151617688	0.000294639182129133	0.00145831285452273	0.0901493199826673	DAPP1
ENSG00000164430	1.62197692307692	-0.144746153846154	3.86267306432231	0.000295417369422148	0.00146141503894304	0.0876897839157227	CGAS
ENSG00000185920	1.42513461538462	1.30629423076923	3.86139456048927	0.000296636933195279	0.00146669639381877	0.0838483297518806	PTCH1
ENSG00000146263	1.45504230769231	0.504367307692308	3.86086966044048	0.000297139035766597	0.00146842673000579	0.0822713973826659	MMS22L
ENSG00000104972	1.80176538461538	-0.084051923076923	3.86033474967322	0.000297651555136018	0.00147058304806515	0.0806645146467853	LILRB1
ENSG00000155189	1.23929615384615	2.96741346153846	3.85993611792705	0.000298034052903879	0.00147209603971432	0.0794670984923895	AGPAT5
ENSG00000112851	1.32984615384615	3.57211153846154	3.85897099102466	0.000298962076566809	0.00147630211408777	0.0765683243696627	ERBIN
ENSG00000136449	2.13950769230769	-2.84907692307692	3.85852617648215	0.000299390725684303	0.00147804071045629	0.0752324544426006	MYCBPAP
ENSG00000139182	1.28298846153846	2.42805192307692	3.8581701613413	0.000299734228322018	0.00147935817164406	0.0741633300621221	CLSTN3
ENSG00000124613	2.06663076923077	-0.320534615384615	3.85800810516117	0.000299890714377326	0.00147975216248096	0.0736766888242393	ZNF391
ENSG00000136108	1.35842307692308	2.99028846153846	3.85752516248207	0.000300357523648226	0.00148167678992632	0.0722265205240493	CKAP2
ENSG00000079482	1.75874230769231	0.976840384615384	3.85591427354264	0.000301919656540563	0.00148900233270375	0.0673901242670212	OPHN1
ENSG00000108511	1.30125	0.707759615384615	3.85562224271073	0.000302203683909475	0.00148964190768759	0.0665134778209682	HOXB6
ENSG00000262461	2.49203461538462	-4.97794423076923	3.85461918075271	0.000303181213949021	0.00149293545225968	0.0635026748953722	SPDYE9
ENSG00000109944	1.91170384615385	-0.142075	3.8530230928664	0.000304742946314279	0.00149894809472251	0.0587127507337071	JHY
ENSG00000156140	2.37056153846154	-2.66232307692308	3.85297101611147	0.000304794032215301	0.00149894809472251	0.0585564851786335	ADAMTS3
ENSG00000134121	3.61541153846154	2.12257115384615	3.85675569742592	0.000304868166600041	0.00149894809472251	0.060583169816673	CHL1
ENSG00000165863	3.08497692307693	-4.83037692307692	3.85277931765025	0.000304982154224686	0.00149912669289511	0.0579812701752802	SPMIP5
ENSG00000157343	2.28390384615385	-3.077125	3.85265328853893	0.000305105892877103	0.00149935311868806	0.0576031130140038	ARMC12
ENSG00000176887	2.17001153846154	-5.49123269230769	3.85215934403475	0.000305591325929222	0.00150112858422256	0.0561210732473798	SOX11
ENSG00000145375	1.10682692307692	0.592171153846154	3.85212742697155	0.000305622718540883	0.00150112858422256	0.0560253124257892	AFG2A
ENSG00000240720	2.3602576923077	-6.29386730769231	3.85175103245583	0.000305993162237802	0.00150245835441924	0.0548960491323056	LRRD1
ENSG00000272886	1.04406153846154	2.03293461538462	3.85163430205408	0.000306108134807643	0.00150245835441924	0.0545458458721493	DCP1A
ENSG00000166822	1.02053076923077	1.93584615384615	3.85155746852936	0.000306183833970474	0.00150245835441924	0.054315340638726	TMEM170A
ENSG00000113494	2.77777692307693	-4.22146923076923	3.85153619618341	0.00030620479543518	0.00150245835441924	0.0542515227705609	PRLR
ENSG00000160293	1.13138461538462	2.11269615384615	3.85134976434198	0.000306388561745067	0.00150297799424778	0.0536922284982149	VAV2
ENSG00000101544	1.03748846153846	2.10192115384615	3.85108575618547	0.000306648976632346	0.0015035111617188	0.0529002319962837	ADNP2
ENSG00000260643	1.82618461538462	-0.489080769230769	3.85101452549002	0.000306719274294015	0.0015035111617188	0.052686552716052	
ENSG00000151849	1.13732307692308	1.59425769230769	3.85100272641113	0.000306730920315424	0.0015035111617188	0.0526511578164888	CENPJ
ENSG00000110492	1.59654230769231	6.44274423076923	3.85090428853294	0.000306828097830536	0.00150360567972146	0.0523558660706662	MDK
ENSG00000215717	1.00463846153846	3.70945769230769	3.85043883211835	0.000307287995758646	0.00150547720358608	0.0509596581541105	TMEM167B
ENSG00000138378	1.45928846153846	-0.806263461538462	3.85005882016114	0.000307663960988977	0.00150693667570927	0.0498198247914532	STAT4
ENSG00000144840	1.10315769230769	1.83433269230769	3.84981752402018	0.000307902917112715	0.00150772450761713	0.049096097995994	RABL3
ENSG00000100307	1.28001153846154	2.97660961538461	3.84958184908503	0.000308136478792594	0.00150848553135517	0.0483892558295116	CBX7
ENSG00000139160	1.00382692307692	0.0890173076923078	3.84646005307102	0.000311246399903171	0.00152178046031684	0.0390285984890957	ETFBKMT
ENSG00000012174	1.30060384615385	2.58371730769231	3.84631554144199	0.000311391090174289	0.00152204960891345	0.0385953867375504	MBTPS2
ENSG00000203666	1.14606153846154	2.26715384615385	3.84608993292251	0.00031161710687509	0.00152204960891345	0.037919084084578	EFCAB2
ENSG00000117020	1.08578461538462	3.90157307692308	3.84595285741452	0.000311754507400058	0.00152204960891345	0.0375081862435342	AKT3
ENSG00000204604	1.79583846153846	0.724130769230769	3.84593286630424	0.00031177455077676	0.00152204960891345	0.0374482615410754	ZNF468
ENSG00000184144	2.58013846153847	-5.60523846153846	3.84527197311105	0.000312437869767397	0.00152489142517285	0.0354672889441074	CNTN2
ENSG00000069248	1.00729615384615	3.55485961538462	3.84450038460793	0.000313214007032055	0.00152753157598276	0.0331547604271254	NUP133
ENSG00000114473	1.24026923076923	1.70347692307692	3.84423352181438	0.000313482874195717	0.00152816860469363	0.0323550069535399	IQCG
ENSG00000167555	1.34209615384615	2.10099807692308	3.84413506217997	0.000313582129368049	0.00152816860469363	0.0320599440381981	ZNF528
ENSG00000134070	1.59788076923077	-0.473694230769231	3.84326494543205	0.000314460590694803	0.00153167620039914	0.0294525725067816	IRAK2
ENSG00000167766	1.40531153846154	2.67213653846154	3.8427656351354	0.000314965757235372	0.00153374975073521	0.0279565020590224	ZNF83
ENSG00000173214	1.12346538461539	-0.865098076923077	3.84157617674849	0.000316172311055074	0.00153884874440144	0.0243930029865851	MFSD4B
ENSG00000197852	1.41226923076923	1.29106153846154	3.84140458204043	0.00031634673829083	0.00153930957631154	0.0238789739536855	INKA2
ENSG00000128513	1.07285769230769	3.07325961538462	3.84099157972797	0.00031676693739049	0.00154096577430661	0.0226418378171571	POT1
ENSG00000184293	2.50860769230769	-2.19638461538462	3.83973879516976	0.000318044836970901	0.00154640289371519	0.0188896207328524	CLECL1P
ENSG00000171100	1.36714615384615	1.62459230769231	3.83863369386554	0.000319176204962082	0.00155112242809242	0.0155803068170997	MTM1
ENSG00000019102	2.60096923076923	-4.02427307692308	3.83826964868633	0.000319549749308323	0.00155230647858667	0.0144902629590948	VSIG2
ENSG00000169413	1.35944230769231	2.75760961538462	3.83823951886694	0.000319580684137357	0.00155230647858667	0.0144000492472216	RNASE6
ENSG00000251349	1.53257692307692	0.227761538461538	3.83800931596948	0.000319817132634735	0.00155306417893039	0.0137107965966097	MSANTD3-TMEFF1
ENSG00000188428	1.05130384615385	2.69896346153846	3.83782563177397	0.000320005920943202	0.0015535901136737	0.0131608428689445	BLOC1S5
ENSG00000127074	2.93034615384616	-5.46270769230769	3.83693240815808	0.000320925492891694	0.00155766275818164	0.0104867287131576	RGS13
ENSG00000159197	1.40121538461538	-1.57305	3.83677342362906	0.000321089433191515	0.00155806669906883	0.0100108012320517	KCNE2
ENSG00000136048	1.07563846153846	3.06311538461538	3.83654199253458	0.000321328222193342	0.0015588335443574	0.00931802166112572	DRAM1
ENSG00000196639	1.83975	-1.09899038461538	3.83628964076806	0.000321588791521452	0.00155970563887904	0.00856264397179274	HRH1
ENSG00000138778	1.55600384615385	-0.0042403846153845	3.83593396337147	0.000321956396031231	0.00156109628550386	0.00749802423659496	CENPE
ENSG00000154930	1.13093846153846	3.9244	3.83579001186509	0.000322105289513594	0.00156142601795101	0.00706716204484614	ACSS1
ENSG00000144362	1.25093076923077	0.288246153846154	3.83547300983745	0.000322433407861417	0.00156262417071276	0.00611837361318557	PHOSPHO2
ENSG00000139146	1.25973461538462	3.43624807692308	3.83532000765187	0.000322591890299264	0.00156299981386714	0.00566045336177545	SINHCAF
ENSG00000142303	1.39571153846154	0.0519788461538462	3.83465095734391	0.000323285784647516	0.00156504808953834	0.00365817464223106	ADAMTS10
ENSG00000234284	1.54719230769231	-0.618919230769231	3.83459975099323	0.000323338951514215	0.00156504808953834	0.00350493667021645	ZNF879
ENSG00000065413	1.12788076923077	2.502325	3.83404953503621	0.000323910763879674	0.00156730432766055	0.00185845695222753	ANKRD44
ENSG00000139517	1.51312692307692	1.89244038461538	3.83399501184159	0.00032396748004795	0.00156730432766055	0.00169530772439686	LNX2
ENSG00000136874	1.17624230769231	1.86601346153846	3.83344078788792	0.000324544537260508	0.00156970263160601	3.69836247635646e-05	STX17
ENSG00000188958	2.90861538461539	-3.22863846153846	3.83274626852353	0.000325269064533442	0.00157281281379986	-0.00204093361014301	UTS2B
ENSG00000163626	1.01359615384615	2.54354807692308	3.83258556875423	0.000325436928926416	0.00157323041298938	-0.00252169720848805	COX18
ENSG00000154529	2.58147692307692	0.257303846153846	3.8322715651772	0.000325765172317186	0.00157442291468168	-0.00346106489539455	CNTNAP3B
ENSG00000124783	1.00572692307692	5.86417884615385	3.83171482350799	0.000326347944115906	0.00157605563304211	-0.00512649601051418	SSR1
ENSG00000183137	1.41033076923077	1.45801153846154	3.83024561869621	0.000327890655247594	0.00158271400806309	-0.00952079841021103	CEP57L1
ENSG00000123191	1.24933461538462	0.167490384615385	3.82983771009461	0.000328320213521166	0.00158381757092386	-0.0107406581091851	ATP7B
ENSG00000172748	1.89483846153846	0.238853846153846	3.82936284277922	0.000328820965563581	0.0015848683074941	-0.0121606661299314	ZNF596
ENSG00000157240	1.59126923076923	1.49692692307692	3.82932723806171	0.000328858540635087	0.0015848683074941	-0.0122671317969054	FZD1
ENSG00000099840	1.12176153846154	0.136203846153846	3.82920427963235	0.000328988335277348	0.0015848683074941	-0.0126347992789162	IZUMO4
ENSG00000101842	2.48863076923077	-4.80677692307693	3.82919910440754	0.000328993799312484	0.0015848683074941	-0.0126502739702863	VSIG1
ENSG00000136514	1.23423846153846	3.60045769230769	3.82852367773739	0.000329707667951838	0.00158751487016072	-0.01466979786733	RTP4
ENSG00000111261	1.62261153846154	2.17421730769231	3.82835595422612	0.000329885168031116	0.0015877985722493	-0.0151712592538837	MANSC1
ENSG00000136378	1.2563	0.818526923076923	3.82831256383247	0.000329931102589852	0.0015877985722493	-0.0153009862374862	ADAMTS7
ENSG00000170011	2.46201923076923	-3.20609038461538	3.82817236874935	0.000330079559927165	0.00158811708506332	-0.0157201305522872	MYRIP
ENSG00000132953	1.11451923076923	1.687975	3.82773921258722	0.000330538649359084	0.00158992961589295	-0.0170150917778926	XPO4
ENSG00000145088	1.14814615384615	0.388446153846154	3.82706612143722	0.000331253256515854	0.00159297000760477	-0.0190271956064638	EAF2
ENSG00000104154	1.50425384615385	0.39235	3.82600115207365	0.000332386946272236	0.00159751573580029	-0.0222103478723161	SLC30A4
ENSG00000147535	1.06258461538462	4.13136923076923	3.82588415687781	0.00033251171797797	0.00159751573580029	-0.022560011202553	PLPP5
ENSG00000152433	1.25073846153846	0.291915384615385	3.82586742402134	0.00033252956672256	0.00159751573580029	-0.0226100201621584	ZNF547
ENSG00000138246	1.02756923076923	3.68765769230769	3.82472100916598	0.000333754628795774	0.00160260338299623	-0.0260359770390401	DNAJC13
ENSG00000173210	1.62300769230769	2.67972307692308	3.8234778239893	0.00033508800062455	0.00160813727463527	-0.0297504613773265	ABLIM3
ENSG00000163535	1.66498076923077	0.453740384615384	3.82341358800105	0.000335157035479339	0.00160813727463527	-0.029942371888235	SGO2
ENSG00000166821	1.06222307692308	1.79291538461538	3.82299430510176	0.000335607977480281	0.00160990079257005	-0.0311949702285457	PEX11A
ENSG00000198797	2.90018846153847	-7.254425	3.82235723204164	0.000336294270436905	0.00161239153061192	-0.0330980617812688	BRINP2
ENSG00000133958	1.80556923076923	-4.96098076923077	3.82101951880491	0.000337739725435501	0.00161851785503513	-0.0370935460507011	UNC79
ENSG00000133216	1.58760384615385	-0.545194230769231	3.82070324322771	0.000338082345826803	0.00161975763750181	-0.0380380817907602	EPHB2
ENSG00000122335	1.15345384615385	1.21440384615385	3.81978579203532	0.000339078108243257	0.00162412524154332	-0.0407777354404741	SERAC1
ENSG00000161640	2.61195769230769	-3.97711730769231	3.81968786564702	0.000339184559640737	0.00162423208998887	-0.0410701368505295	SIGLEC11
ENSG00000213079	1.03607692307692	2.81387307692308	3.81951097191954	0.000339376934287719	0.00162475023872913	-0.0415983184092887	SCAF8
ENSG00000188263	2.12423846153847	-8.06947692307692	3.8192642515923	0.000339645421495244	0.00162563242527218	-0.0423349697346547	IL17REL
ENSG00000151690	1.42938846153846	3.10760961538462	3.81863611581487	0.000340329895898895	0.0016285047051404	-0.044210318959256	MFSD6
ENSG00000067177	2.75627307692308	-1.12994423076923	3.81810057528295	0.000340914516380218	0.00163089787105015	-0.0458090785242042	PHKA1
ENSG00000186105	1.71206923076923	-1.95658846153846	3.81796236468974	0.000341065549918324	0.00163112541371263	-0.0462216604919004	LRRC70
ENSG00000198835	1.46865769230769	-1.34834423076923	3.81783992349176	0.000341199404698202	0.00163112541371263	-0.0465871610201116	GJC2
ENSG00000137868	1.96809615384615	0.733336538461538	3.8174195907147	0.000341659303669945	0.00163259113067108	-0.0478418499023752	STRA6
ENSG00000102048	1.53991923076923	3.01442115384615	3.81739031982757	0.000341691352013218	0.00163259113067108	-0.0479292202490482	ASB9
ENSG00000154767	1.04639230769231	3.92596923076923	3.81688832567679	0.000342241429051805	0.00163441026842825	-0.0494275574197118	XPC
ENSG00000141497	1.44643076923077	-0.2514	3.81663995534382	0.000342513903699797	0.00163513169072326	-0.0501688441232799	ZMYND15
ENSG00000162702	1.07967307692308	2.27215961538462	3.81659621515705	0.000342561910443188	0.00163513169072326	-0.0502993883353344	ZNF281
ENSG00000227345	1.12635769230769	2.24210192307692	3.81648934548757	0.000342679231710108	0.00163528732007422	-0.050618341234923	PARG
ENSG00000162068	2.48733076923077	-4.80313846153846	3.81636828078768	0.000342812182876288	0.00163551744094439	-0.0509796530824334	NTN3
ENSG00000064651	1.41547692307692	1.76331923076923	3.81622021947871	0.000342974848610381	0.0016358891778419	-0.051421526118232	SLC12A2
ENSG00000166292	3.04329615384616	-4.30212115384615	3.81595851924215	0.00034326254371547	0.00163685693708985	-0.0522025183201649	TMEM100
ENSG00000211448	1.93556538461539	0.427936538461538	3.81560915711182	0.000343646969554093	0.00163819763237678	-0.0532450722326026	DIO2
ENSG00000177301	2.78377692307692	-2.81310769230769	3.81444203279664	0.000344934233061369	0.00164361034331859	-0.0567275667531772	KCNA2
ENSG00000213160	1.67786153846154	-1.02757692307692	3.81415640303074	0.000345249969198769	0.00164470882414705	-0.057579743100133	KLHL23
ENSG00000106034	2.46353076923077	-1.61297307692308	3.81375261318138	0.000345696793571323	0.00164643108963909	-0.0587843877287284	CPED1
ENSG00000119042	1.14252307692308	1.10236538461538	3.81308393544556	0.000346437958492761	0.00164874060966119	-0.0607791239118454	SATB2
ENSG00000156374	1.02667307692308	1.44226730769231	3.81254375398876	0.000347037811967677	0.00165063137303808	-0.0623903959413221	PCGF6
ENSG00000136197	1.08076538461538	0.988498076923077	3.81181674279275	0.000347846708682458	0.00165381404376785	-0.0645587438865336	C7orf25
ENSG00000117505	1.18333461538462	3.86049038461538	3.81171052246087	0.000347965044457114	0.00165387983562796	-0.0648755316143852	DR1
ENSG00000169758	1.32037692307692	-1.96616153846154	3.81136516861225	0.000348350056499462	0.00165412475320893	-0.0659054676704605	TMEM266
ENSG00000152910	3.24434615384616	-6.28322307692308	3.8113279002288	0.000348391628993744	0.00165412475320893	-0.0660166086020766	CNTNAP4
ENSG00000128342	2.32378461538462	0.781934615384615	3.81129824778899	0.000348424709386105	0.00165412475320893	-0.0661050369939034	LIF
ENSG00000177932	1.78141153846154	-0.603248076923077	3.81129689740401	0.00034842621595335	0.00165412475320893	-0.0661090640518545	ZNF354C
ENSG00000168702	2.6592076923077	-7.78038076923077	3.81065981032571	0.000349137685219251	0.00165709484577998	-0.068008865625182	LRP1B
ENSG00000141736	1.05018846153846	4.27622115384615	3.81051580871923	0.000349298692759876	0.00165745149123498	-0.0684382549943843	ERBB2
ENSG00000102780	1.27291923076923	-0.630936538461539	3.80994410527445	0.000349938615646641	0.00166007989624652	-0.0701428899614607	DGKH
ENSG00000121270	2.05317307692308	-1.121125	3.80921200301435	0.000350759721506094	0.00166356631553615	-0.0723255683653221	ABCC11
ENSG00000174944	1.72835769230769	-2.57562115384615	3.80843963035108	0.000351627999351227	0.00166686524348643	-0.0746280477214674	P2RY14
ENSG00000128059	1.18389615384615	2.30143269230769	3.80796494297275	0.000352162652241414	0.00166858018562003	-0.0760429803978706	PPAT
ENSG00000116741	1.35661538461538	3.40707307692308	3.8063015671929	0.000354042324317488	0.00167625189754733	-0.0810003185916086	RGS2
ENSG00000172014	3.03095384615385	-6.00995384615385	3.80586989610243	0.000354531700006811	0.0016777458703681	-0.0822866195461609	ANKRD20A4P
ENSG00000184313	2.08138076923077	-3.20649038461538	3.80517629946424	0.000355319375454293	0.00168106125107701	-0.0843532354675283	MROH7
ENSG00000169213	3.06465769230769	-2.88509038461538	3.80506539986238	0.000355445473110359	0.00168106179843625	-0.0846836479427333	RAB3B
ENSG00000134013	1.45605769230769	3.37607115384615	3.8042422568875	0.000356382766553353	0.0016848442854829	-0.0871359340207718	LOXL2
ENSG00000128708	1.25566153846154	4.51169230769231	3.80307177810189	0.000357719651097179	0.00168910528990432	-0.0906224694214925	HAT1
ENSG00000135596	-1.15142307692308	5.26025	-3.80282198351174	0.000358005581613473	0.00169004200095008	-0.0913664592581149	MICAL1
ENSG00000035720	2.47089615384616	-3.93732115384615	3.80178561649505	0.000359194217996879	0.00169460129349189	-0.0944528817576193	STAP1
ENSG00000204899	1.28298846153846	2.80385192307692	3.80174589230668	0.000359239854033383	0.00169460129349189	-0.0945711754328835	MZT1
ENSG00000166405	2.79818076923077	-2.99296346153846	3.80084092933561	0.000360281005154863	0.00169829163431119	-0.0972658498563863	RIC3
ENSG00000139890	1.62845384615385	-3.12301538461538	3.80018345847868	0.000361039235531367	0.0017013642102833	-0.0992233450655213	REM2
ENSG00000187815	1.11515	0.987048076923077	3.80012293534472	0.000361109110994699	0.0017013642102833	-0.0994035314752235	ZFP69
ENSG00000130377	2.89782307692308	-5.75866153846154	3.79984713958674	0.000361427688496447	0.00170161918806022	-0.100224595757174	ACSBG2
ENSG00000120279	1.12002692307692	-0.762505769230769	3.79975792029075	0.0003615308053474	0.00170168962097558	-0.10049020083919	MYCT1
ENSG00000179761	1.26308461538461	-1.47280769230769	3.79932935314808	0.000362026523616951	0.00170360750496782	-0.101765991592567	PIPOX
ENSG00000110318	2.48437692307692	-2.23186153846154	3.79908954558192	0.000362304190737612	0.0017044986092635	-0.102479832611485	CEP126
ENSG00000049618	1.00263846153846	3.21834230769231	3.79884326322921	0.000362589567683273	0.00170542554215161	-0.10321292032105	ARID1B
ENSG00000136541	2.69626923076923	-4.34013076923077	3.79753178591024	0.000364112865878722	0.00171175612519653	-0.107116222926019	ERMN
ENSG00000103449	3.31217692307693	-4.01090384615385	3.79651889822716	0.00036529355165632	0.00171688858719794	-0.110130313373359	SALL1
ENSG00000182890	1.56846538461538	1.27978269230769	3.7962151832946	0.000365648296692067	0.0017180464732951	-0.111033999908731	GLUD2
ENSG00000104112	3.19364230769231	-2.88607115384615	3.79588279433191	0.000366036912624076	0.00171912664826826	-0.112022956712037	SCG3
ENSG00000198513	1.74047692307692	1.12553461538462	3.79558910540526	0.000366380611963473	0.00172032069716438	-0.112896727836769	ATL1
ENSG00000133142	1.01218076923077	6.66145192307692	3.79528517730407	0.000366736620264447	0.0017211565720799	-0.113800921158612	TCEAL4
ENSG00000119616	1.36280769230769	3.59588076923077	3.79399902356634	0.000368246845248465	0.00172698465836519	-0.11762679765423	FCF1
ENSG00000168679	1.47481923076923	3.34778269230769	3.79326268841573	0.000369114149007837	0.0017306316294142	-0.119816811924717	SLC16A4
ENSG00000124198	1.09631538461538	3.03435384615385	3.79297100241772	0.000369458257865516	0.00173182436900876	-0.120684279200846	ARFGEF2
ENSG00000153832	1.26519230769231	-0.518538461538462	3.79125910033238	0.000371484045220709	0.00174060349360479	-0.125774660913541	FBXO36
ENSG00000259171	3.13259615384615	0.897328846153846	3.79123596510181	0.000371511495293567	0.00174060349360479	-0.125843445005025	
ENSG00000138376	1.05042307692308	0.73736923076923	3.79082996257063	0.000371993536470163	0.00174201631113138	-0.127050504696848	BARD1
ENSG00000144847	1.55433076923077	3.52889230769231	3.78981167724707	0.000373205175294785	0.00174726643189795	-0.130077574659156	IGSF11
ENSG00000196209	1.71424615384615	-1.46030384615385	3.7896214846411	0.000373431901424611	0.00174783102986214	-0.130642910714762	SIRPB2
ENSG00000196932	1.83598076923077	-2.26732884615385	3.78955862544197	0.00037350686412378	0.00174783102986214	-0.130829752297732	TMEM26
ENSG00000120800	1.04725	2.24978269230769	3.78859693853581	0.000374655525794552	0.00175278129287742	-0.133688030774729	UTP20
ENSG00000104432	2.77881538461539	-2.11771153846154	3.78823434204828	0.000375089499296149	0.00175438638355066	-0.134765613579058	IL7
ENSG00000049167	1.05345384615385	1.65187692307692	3.78798908942762	0.000375383303335766	0.00175533524813234	-0.135494434141549	ERCC8
ENSG00000021826	1.82941923076923	1.28907115384615	3.78752585248704	0.000375938847719431	0.00175750728445827	-0.136870967413311	CPS1
ENSG00000087095	1.02170384615385	2.94393269230769	3.78652954433461	0.000377136361501346	0.00176228558082532	-0.139831221062992	NLK
ENSG00000165078	2.7870076923077	-6.70699615384615	3.7863905147195	0.000377303759145073	0.00176228558082532	-0.140244273309324	CPA6
ENSG00000074603	1.07768461538462	2.51952692307692	3.78581893756641	0.000377992712253164	0.00176454493944929	-0.141942317563065	DPP8
ENSG00000107719	1.06155384615385	0.797246153846154	3.78559996347285	0.000378256973439713	0.00176492491136253	-0.142592807683416	PALD1
ENSG00000163638	1.26943846153846	0.998026923076923	3.78523687166364	0.000378695548858257	0.00176654426766818	-0.143671369752114	ADAMTS9
ENSG00000203747	2.14963461538461	3.65338653846154	3.78502313328876	0.000378953949745901	0.00176732256389107	-0.144306250397091	FCGR3A
ENSG00000151233	1.18952692307692	1.09885192307692	3.78283705845636	0.000381606559310918	0.00177883395662368	-0.150798498070984	GXYLT1
ENSG00000167851	1.30820384615385	1.68662884615385	3.78210209728914	0.000382502366020226	0.00178257923015172	-0.152980713305825	CD300A
ENSG00000130045	3.00643461538462	-7.14735961538462	3.7814023645824	0.000383357109697849	0.00178483895043357	-0.155058101964483	NXNL2
ENSG00000073331	1.02046153846154	2.00875	3.78108669992083	0.000383743302893791	0.00178620616729174	-0.155995184495841	ALPK1
ENSG00000081014	1.09798461538462	0.803457692307692	3.77881316107876	0.000386535864699626	0.00179660529648372	-0.162743078549572	AP4E1
ENSG00000146457	1.12103461538462	4.61607115384615	3.77819363278983	0.000387300198896574	0.00179936074763152	-0.164581439826246	WTAP
ENSG00000112214	2.30472307692308	-4.10775769230769	3.77818154413864	0.000387315127514323	0.00179936074763152	-0.164617309428714	FHL5
ENSG00000146950	1.50565384615385	2.07665769230769	3.77803201967079	0.000387499825176317	0.00179949957536028	-0.165060974876575	SHROOM2
ENSG00000163872	1.13982307692308	3.19583461538461	3.77799493664621	0.000387545644456282	0.00179949957536028	-0.165171005173424	YEATS2
ENSG00000157800	1.09275384615385	4.26447692307692	3.77787997818558	0.000387687718606645	0.00179949957536028	-0.165512098339294	SLC37A3
ENSG00000113504	1.43011153846154	2.67116730769231	3.77785555767627	0.000387717905710169	0.00179949957536028	-0.165584555641393	SLC12A7
ENSG00000014824	1.23045769230769	3.85747115384615	3.77708158735955	0.000388675808737722	0.00180204994094514	-0.167880837450028	SLC30A9
ENSG00000135185	1.0098	3.64519615384615	3.77703448025871	0.000388734184017799	0.00180204994094514	-0.168020590062726	TMEM243
ENSG00000150051	2.43860384615385	-5.56631346153846	3.77670829734111	0.000389138621875571	0.0018034916730046	-0.168988249080391	MKX
ENSG00000109063	1.36548461538462	-1.57834615384615	3.77650355423757	0.000389392691376263	0.00180423598695055	-0.169595618252613	MYH3
ENSG00000198879	1.45592307692308	0.0996653846153847	3.77636722370969	0.000389561954721226	0.00180458709190876	-0.170000031361725	SFMBT2
ENSG00000141682	1.71653461538462	1.91529423076923	3.77626892646208	0.000389684041041534	0.00180471954036102	-0.170291616681121	PMAIP1
ENSG00000100644	1.33284615384615	4.32441923076923	3.77611340280308	0.000389877278227912	0.00180518136282883	-0.170752947333367	HIF1A
ENSG00000164761	2.15481153846154	-1.57548269230769	3.77594440852982	0.000390087356807461	0.00180572092289075	-0.171254223467391	TNFRSF11B
ENSG00000203705	1.02403076923077	3.2787	3.77578752876457	0.00039028247292851	0.00180601823452657	-0.171719553538761	TATDN3
ENSG00000117707	2.07068846153846	-2.35270576923077	3.77574232814525	0.000390338707685066	0.00180601823452657	-0.171853623611129	PROX1
ENSG00000261611	2.24913076923077	-3.35694615384615	3.77519685610308	0.000391017950839234	0.00180829408362476	-0.173471481162516	
ENSG00000153029	1.26735769230769	3.13180576923077	3.77481634450691	0.000391492450162392	0.00181005479412806	-0.174599989656642	MR1
ENSG00000129173	1.45650384615385	-0.358440384615385	3.7745615922744	0.000391810435828191	0.00181109119798649	-0.175355488434631	E2F8
ENSG00000154822	1.57835769230769	-0.763255769230769	3.77176739630965	0.000395314500045425	0.00182553966372652	-0.183640077454132	PLCL2
ENSG00000112972	1.34779615384615	3.22674423076923	3.77150832919596	0.000395640902208683	0.00182660998214164	-0.184408012556445	HMGCS1
ENSG00000127989	1.08119615384615	2.55054038461539	3.77123405866289	0.000395986741138875	0.00182733255180581	-0.185220980793095	MTERF1
ENSG00000213901	2.01897307692308	-2.00322884615385	3.77101767238798	0.000396259796104492	0.00182815555549833	-0.185862349482035	SLC23A3
ENSG00000104427	1.10335769230769	1.71146346153846	3.76844596080933	0.000399518867515759	0.00184187071880982	-0.193483265143469	ZC2HC1A
ENSG00000163235	2.27356153846154	-0.919426923076923	3.76709337820958	0.000401243268016021	0.00184849613425137	-0.197490247901639	TGFA
ENSG00000178031	1.65675	-1.45208653846154	3.7668522046714	0.000401551488026856	0.0018494746774952	-0.198204629072387	ADAMTSL1
ENSG00000255339	2.61811153846154	-1.32230192307692	3.76614079986182	0.000402461987741196	0.00185278410430916	-0.200311729576355	
ENSG00000222009	1.16893846153846	2.09643461538462	3.76571122872169	0.000403012738009177	0.00185458103350037	-0.201583958727476	BTBD19
ENSG00000145949	2.02299230769231	-2.74894615384615	3.76548668137341	0.000403300916317594	0.00185531877685379	-0.202248950491573	MYLK4
ENSG00000168803	1.20958846153846	2.14473269230769	3.76537841486198	0.000403439933403419	0.00185551609113324	-0.202569571022947	ADAL
ENSG00000122958	1.07459230769231	4.20931538461538	3.76392981418801	0.000405304403076671	0.00186275973633071	-0.206858942865349	VPS26A
ENSG00000163818	1.35465	2.42059423076923	3.76350782459804	0.000405849091550486	0.00186379406693768	-0.208108292630382	LZTFL1
ENSG00000172840	1.12518461538462	1.31067307692308	3.76344979487357	0.000405924049056662	0.00186379406693768	-0.208280090079848	PDP2
ENSG00000185010	1.30293846153846	1.81881923076923	3.76335082142976	0.000406051924566199	0.00186379406693768	-0.208573098175215	F8
ENSG00000254087	1.29312692307692	1.75057115384615	3.76330682329026	0.000406108783377708	0.00186379406693768	-0.208703351990847	LYN
ENSG00000185787	1.09637307692308	7.35552884615385	3.76316698270994	0.00040628955012555	0.00186418045782588	-0.2091173356442	MORF4L1
ENSG00000141449	2.95846923076923	-5.52518846153846	3.76295624537669	0.000406562108286365	0.00186498773199898	-0.209741184947951	GREB1L
ENSG00000169302	1.62178846153846	3.87950576923077	3.76281625299454	0.000406743265062219	0.0018653754444039	-0.21015559554423	STK32A
ENSG00000085491	1.36568461538462	2.82250384615385	3.7626838370599	0.000406914688809332	0.00186571834633885	-0.210547569812607	SLC25A24
ENSG00000242616	1.01933076923077	4.75328076923077	3.76251412359572	0.000407134498727132	0.00186615790204363	-0.211049939548191	GNG10
ENSG00000131711	1.82274615384615	1.31210384615385	3.76225718708716	0.000407467495161519	0.00186673208250935	-0.211810473611413	MAP1B
ENSG00000137070	1.52275	3.22438653846154	3.76221467829934	0.000407522612842273	0.00186673208250935	-0.211936297042174	IL11RA
ENSG00000165434	1.53876538461539	-0.134686538461538	3.76108081264175	0.000408995446249378	0.00187303418717716	-0.215292165366124	PGM2L1
ENSG00000141748	2.38743461538462	-7.84450576923077	3.76094999855882	0.000409165695170761	0.00187336940556954	-0.215679294043009	ARL5C
ENSG00000165509	3.16978461538462	-7.81536538461539	3.76053057705624	0.000409712012750175	0.00187542589094537	-0.216920469135014	MAGEC3
ENSG00000117114	1.63375384615385	1.02945769230769	3.75906754365599	0.000411623169229085	0.00188265227995784	-0.22124932718595	ADGRL2
ENSG00000275066	1.03029230769231	3.00841153846154	3.75902349595943	0.000411680840993733	0.00188265227995784	-0.221379641356436	SYNRG
ENSG00000196233	1.12854230769231	0.341517307692307	3.7573638215483	0.00041385951309129	0.00189171919990556	-0.226289104845486	LCOR
ENSG00000123119	2.03108076923077	-1.71203269230769	3.75697425007337	0.000414372507777925	0.00189361565284974	-0.227441308714183	NECAB1
ENSG00000168917	1.96437307692308	-0.312301923076923	3.75667579129002	0.000414765936159042	0.00189451653234216	-0.22832398890772	SLC35G2
ENSG00000178966	1.32705	0.892132692307693	3.75638611178249	0.000415148134273587	0.00189581368248948	-0.229180665672131	RMI1
ENSG00000139055	2.34641923076923	-1.763675	3.75560691768421	0.000416177866326921	0.00189944508544131	-0.231484805705991	ERP27
ENSG00000111912	1.40123076923077	2.20456538461538	3.75556105705586	0.000416238549003612	0.00189944508544131	-0.231620410618397	NCOA7
ENSG00000091972	1.77738461538462	2.96843461538462	3.75447103994212	0.000417683357247765	0.00190513748699282	-0.23484318914129	CD200
ENSG00000070214	1.31441538461539	3.31173461538461	3.75385319742599	0.00041850443648709	0.0019084316412734	-0.236669679406319	SLC44A1
ENSG00000213204	2.72362307692308	-5.51531538461539	3.7536001478359	0.000418841172290399	0.00190951609558847	-0.237417703936964	
ENSG00000114251	1.90855769230769	-0.496775	3.75261908535677	0.00042014914063481	0.00191502688587337	-0.240317485180129	WNT5A
ENSG00000132274	1.77063461538461	3.21005192307692	3.75128000733664	0.000421940744094279	0.00192228515063768	-0.244274759381932	TRIM22
ENSG00000105613	-1.94986923076923	0.0661999999999999	-3.7500191463122	0.00042363439276655	0.00192909051275601	-0.248000131593128	MAST1
ENSG00000131781	1.48694615384615	0.169503846153846	3.74965297077008	0.000424127477412164	0.00193088035294505	-0.249081906242255	FMO5
ENSG00000100490	1.9083	-0.0614423076923077	3.74914443533907	0.000424813173922451	0.00193309021598894	-0.250584145515663	CDKL1
ENSG00000121594	1.94091153846154	-2.34750192307692	3.7488725678838	0.000425180189130244	0.00193384853694182	-0.251387206871729	CD80
ENSG00000121481	1.08492692307692	3.17949038461538	3.74831440732882	0.000425934646923079	0.0019368236724514	-0.253035834498361	RNF2
ENSG00000189127	2.66523076923077	-6.44921538461539	3.74789099133436	0.000426507828410054	0.00193851674400736	-0.254286374195481	ANKRD34B
ENSG00000196387	1.13238461538462	2.37291923076923	3.74752047874006	0.000427010000817148	0.00193988563091867	-0.255380598435415	ZNF140
ENSG00000211452	2.81268461538462	-6.03236538461538	3.74727187330805	0.000427347264702593	0.00194096100013039	-0.256114762316931	DIO1
ENSG00000119326	1.40037692307692	3.64687692307692	3.7468056650256	0.000427980422341459	0.00194337946188125	-0.257491458748233	CTNNAL1
ENSG00000166033	1.58646153846154	5.38730769230769	3.74640553364057	0.000428524558065519	0.00194493523262138	-0.258672952648883	HTRA1
ENSG00000073711	1.10934615384615	1.58455769230769	3.74603560513044	0.000429028211152408	0.00194597407283371	-0.259765198965187	PPP2R3A
ENSG00000157445	1.86865769230769	-3.62354807692308	3.74596621562069	0.000429122747301887	0.00194597407283371	-0.25997007054794	CACNA2D3
ENSG00000147419	1.08138076923077	3.75478653846154	3.74522258399196	0.000430137124451046	0.00194970166892802	-0.262165493549758	CCDC25
ENSG00000121931	1.12040384615385	3.14485576923077	3.74519062535918	0.000430180770241125	0.00194970166892802	-0.262259839283224	LRIF1
ENSG00000136052	1.28426923076923	0.347569230769231	3.74505279548054	0.000430369052659366	0.00195009714166285	-0.262666724295335	SLC41A2
ENSG00000183798	2.35665769230769	-3.95957884615385	3.74482724010255	0.000430677342890057	0.00195103608303374	-0.263332563232116	EMILIN3
ENSG00000263002	1.28265384615385	0.804007692307692	3.74394389807088	0.000431886738710758	0.0019551383014385	-0.265939961071728	ZNF234
ENSG00000115295	1.68216153846154	2.25893846153846	3.74375338299127	0.000432148002043055	0.00195572899874949	-0.266502265293894	CLIP4
ENSG00000165935	3.10804230769231	-6.46617884615385	3.74370100486686	0.000432219857465954	0.00195572899874949	-0.266656856110729	SMCO2
ENSG00000101425	3.29414615384616	-3.13367692307692	3.7436119241647	0.000432342089971927	0.00195582361441952	-0.266919769426326	BPI
ENSG00000013297	2.20343461538462	-1.37528269230769	3.74314782191042	0.000432979446340173	0.00195824795049306	-0.268289464397381	CLDN11
ENSG00000163349	1.00314230769231	2.83870576923077	3.74299770299468	0.000433185798913309	0.00195872229478182	-0.268732485854684	HIPK1
ENSG00000255302	1.33891538461538	6.22024230769231	3.74239378046693	0.000434016900215144	0.00196139526453004	-0.270514638837043	EID1
ENSG00000167524	1.56076923076923	0.270142307692308	3.74229838458215	0.00043414832108625	0.00196139526453004	-0.270796133168811	RSKR
ENSG00000151413	1.03453076923077	2.02752307692308	3.74208845082933	0.000434437667892394	0.00196208476914527	-0.271415591242046	NUBPL
ENSG00000107669	1.07517692307692	2.16297692307692	3.74183112475752	0.000434792586610581	0.00196322837411556	-0.272174863572078	ATE1
ENSG00000140265	1.13198461538461	2.22171923076923	3.74057874254705	0.000436523915300566	0.00196979682048333	-0.275869735564955	ZSCAN29
ENSG00000162946	1.15885769230769	1.67676730769231	3.74053826370567	0.000436579984506217	0.00196979682048333	-0.275989147202802	DISC1
ENSG00000111348	1.04236538461539	5.8887173076923	3.74041933664821	0.000436744756079376	0.00196979682048333	-0.2763399748721	ARHGDIB
ENSG00000174125	1.69125	0.809390384615384	3.74041012646907	0.000436757519124936	0.00196979682048333	-0.276367144074404	TLR1
ENSG00000115380	1.51476538461539	1.63174038461538	3.73984519324367	0.000437541061698222	0.00197286968324242	-0.278033571532684	EFEMP1
ENSG00000266338	1.0355	3.36019615384615	3.7395414703574	0.000437962871460852	0.00197413644279606	-0.278929425628522	NBPF15
ENSG00000153086	2.42669615384616	-7.13578269230769	3.73949564728071	0.0004380265442934	0.00197413644279606	-0.279064580631347	ACMSD
ENSG00000151276	1.66421538461539	-0.926042307692308	3.73923302666066	0.000438391636396974	0.00197532067165518	-0.279839160515517	MAGI1
ENSG00000164398	2.40719230769231	-3.77738076923077	3.73824537070733	0.000439767277112095	0.00198071152689121	-0.282751892682924	ACSL6
ENSG00000152291	1.08651153846154	5.05304807692308	3.73816666142983	0.000439877083897411	0.00198071152689121	-0.282983997691288	TGOLN2
ENSG00000178177	1.09368461538462	1.25008076923077	3.73815318495835	0.00043989588746737	0.00198071152689121	-0.28302373803743	LCORL
ENSG00000125484	1.03052692307692	1.81684423076923	3.73741220916028	0.000440930949342966	0.0019849090753655	-0.285208649258542	GTF3C4
ENSG00000113161	1.17496153846154	3.30688846153846	3.73692728532467	0.000441609598079712	0.00198750059961126	-0.286638404083683	HMGCR
ENSG00000181634	2.31793461538462	-3.62755961538461	3.73646301407101	0.000442260281675697	0.00198950133236681	-0.288007164730057	TNFSF15
ENSG00000135253	-1.83855384615385	-1.48828076923077	-3.73625357515852	0.000442554114352067	0.00198989566022314	-0.288624598164143	KCP
ENSG00000154485	2.25213846153847	-6.59622692307692	3.73597060870973	0.000442951399804161	0.00199075456820017	-0.289458761194781	MMP21
ENSG00000168065	3.63229615384616	-5.71277115384615	3.73524677083293	0.000443969225849374	0.00199440027148487	-0.291592410272325	SLC22A11
ENSG00000198919	1.23538461538462	1.02751538461538	3.73332386235743	0.000446684026249407	0.00200519575783542	-0.297259369188668	DZIP3
ENSG00000206432	2.6588	-4.05820769230769	3.73311049305016	0.00044698624407459	0.00200608590313225	-0.297888079411599	TMEM200C
ENSG00000172380	1.22554230769231	5.25732115384615	3.73247800465019	0.000447883257080879	0.00200964447034686	-0.299751634649327	GNG12
ENSG00000105707	2.41103076923077	-0.255473076923077	3.73194797841872	0.000448636283718778	0.00201255546935245	-0.301313154039202	HPN
ENSG00000125430	1.37388846153846	-1.79114038461538	3.7309386521689	0.000450073625135132	0.00201853419748686	-0.304286387499195	HS3ST3B1
ENSG00000075826	1.43061538461539	0.6642	3.73026264723484	0.000451038763465946	0.00202239285741769	-0.306277472149747	SEC31B
ENSG00000162654	1.95521153846154	2.37353653846154	3.73009053006913	0.00045128481329402	0.00202255647806234	-0.306784387047864	GBP4
ENSG00000138780	1.36729230769231	0.510607692307692	3.72944452121981	0.000452209462162099	0.002026109598609	-0.308686872590094	GSTCD
ENSG00000116752	1.04036923076923	4.35102692307692	3.72939003435386	0.000452287533565051	0.002026109598609	-0.308847326672817	BCAS2
ENSG00000239388	1.55259230769231	-3.60959615384615	3.72852513875582	0.000453528528705984	0.00203025537792477	-0.311394105218381	ASB14
ENSG00000155093	1.29392307692308	-1.77606923076923	3.72796990177599	0.0004543269293354	0.00203241546163644	-0.313028877586925	PTPRN2
ENSG00000074706	1.5428	-2.54837692307692	3.72711656059647	0.00045555661383216	0.00203744423466223	-0.315541072855224	IPCEF1
ENSG00000138080	1.62258076923077	4.56475192307692	3.72620870864387	0.000456868350785433	0.00204236446855285	-0.318213374068287	EMILIN1
ENSG00000180694	1.37051153846154	2.98871730769231	3.7260322412358	0.000457123744756365	0.00204303302732858	-0.318732769035039	TMEM64
ENSG00000086200	1.0118	2.47502307692308	3.72535152256377	0.000458110202949167	0.00204649415587313	-0.320736186789055	IPO11
ENSG00000196227	1.12012692307692	1.80510961538462	3.72451643761531	0.000459323146010354	0.00205096337900483	-0.323193624668253	FAM217B
ENSG00000140043	1.05042692307692	1.77320961538462	3.72435049804235	0.000459564535906508	0.002051566659714	-0.323681903091319	PTGR2
ENSG00000231274	2.68349230769231	-7.77203846153846	3.72345439469704	0.000460870186432557	0.00205596884878846	-0.326318472640505	SBK3
ENSG00000008311	1.23961923076923	1.95518269230769	3.72326016554662	0.000461153652657332	0.00205675807699734	-0.32688989618643	AASS
ENSG00000107551	1.21508846153846	2.79944038461539	3.72232152350464	0.000462525902461939	0.00206240182379829	-0.329651140521432	RASSF4
ENSG00000173480	1.21816153846154	0.844861538461538	3.72219192641052	0.000462715674317968	0.00206277151532557	-0.330032349764375	ZNF417
ENSG00000134853	1.55991538461539	0.35835	3.7218202146694	0.000463260393867728	0.00206439528429222	-0.331125694759426	PDGFRA
ENSG00000153707	2.48839230769231	-3.93150769230769	3.7215908743185	0.000463596783753982	0.00206526857069077	-0.331800239514533	PTPRD
ENSG00000081479	4.22449615384615	-0.571771153846154	3.72062239979264	0.000466066659679345	0.00207531366361947	-0.33630397660156	LRP2
ENSG00000128242	3.0021576923077	-2.06096346153846	3.71945015267886	0.000466748040940136	0.00207738930926157	-0.338095432513406	GAL3ST1
ENSG00000148935	2.25272307692308	-1.63566923076923	3.71928844012644	0.000466986922337269	0.00207797338909089	-0.338570891890276	GAS2
ENSG00000183691	3.16278846153846	-4.78600192307692	3.71884164765865	0.000467647532109166	0.00208043335153335	-0.339884466045928	NOG
ENSG00000156299	1.66254615384615	1.70609615384615	3.71827830283756	0.000468481747725375	0.00208366432634629	-0.341540572697796	TIAM1
ENSG00000085433	1.26981153846154	1.96216346153846	3.71730484792063	0.000469926626196081	0.00208960922954687	-0.344401961943348	WDR47
ENSG00000125895	1.04252307692308	-1.06688461538462	3.71667557950869	0.000470862906614367	0.00209329034693163	-0.346251408723724	TMEM74B
ENSG00000135049	1.07796538461539	1.691175	3.71656600477373	0.000471026124032083	0.00209353379511658	-0.346573434684902	AGTPBP1
ENSG00000182326	1.38864230769231	5.24213269230769	3.71643282170463	0.000471224580295683	0.00209393371856528	-0.346964834946379	C1S
ENSG00000106688	2.13096923076923	-1.14779230769231	3.71385028080118	0.000475088700107833	0.0021096473839847	-0.354552806457752	SLC1A1
ENSG00000186684	2.83776153846154	-1.97170769230769	3.7136369970948	0.000475409178560112	0.00211058495256344	-0.355179333370741	CYP27C1
ENSG00000147010	1.40696153846154	4.38854615384615	3.71319172361453	0.000476078910611799	0.00211307224914683	-0.356487268349737	SH3KBP1
ENSG00000104290	1.23384615384615	0.99775	3.71156585272547	0.000478532051823656	0.00212249636864707	-0.361262273803904	FZD3
ENSG00000121621	1.56939230769231	0.384284615384615	3.71145328640091	0.000478702341169826	0.00212255166684305	-0.361592823113957	KIF18A
ENSG00000122484	1.09028461538462	2.40604230769231	3.71141027624663	0.000478767421877159	0.00212255166684305	-0.361719120218424	RPAP2
ENSG00000105877	3.01855000000001	-5.51525576923077	3.71117066002205	0.000479130151717816	0.00212319773154477	-0.362422725107365	DNAH11
ENSG00000179058	2.24109230769231	-1.87438846153846	3.71093734360103	0.000479483597866352	0.00212393434110554	-0.363107805581358	C9orf50
ENSG00000184619	1.26522692307692	-0.504482692307692	3.71091567167013	0.000479516440891982	0.00212393434110554	-0.363171438973959	KRBA2
ENSG00000164070	1.98368846153846	0.416778846153846	3.71000063091477	0.000480905119753052	0.00212910814830119	-0.365857992683957	HSPA4L
ENSG00000169282	1.41114615384615	-1.16837692307692	3.70927681132821	0.000482006326296222	0.0021334941794304	-0.367982844989848	KCNAB1
ENSG00000117525	2.06470384615385	1.08511730769231	3.7074580240533	0.0004847840663382	0.00214431412294369	-0.373321014301695	F3
ENSG00000085831	-2.48673846153846	2.78681153846154	-3.70738943879288	0.000485251487663054	0.00214588991210995	-0.374071203644769	TTC39A
ENSG00000114013	1.35854230769231	1.05089807692308	3.70629902587793	0.000486562134749629	0.00215044298691088	-0.37672188465296	CD86
ENSG00000273173	2.53221538461539	0.599423076923077	3.70626443936467	0.000486615291241087	0.00215044298691088	-0.376823362851952	SNURF
ENSG00000119927	1.16807307692308	0.983136538461538	3.70582864013478	0.000487285553818503	0.0021514348228176	-0.378101967046389	GPAM
ENSG00000244694	2.57170384615385	-0.732455769230769	3.70502986251796	0.000488516375981029	0.00215588285449515	-0.380445293283053	PTCHD4
ENSG00000143674	2.33281538461539	-3.71720384615385	3.70328518285165	0.000491215082852491	0.0021672970844118	-0.385562516327091	MAP3K21
ENSG00000123575	1.21600384615385	2.45130192307692	3.7025726703058	0.000492321312707774	0.00217118535508297	-0.387651936961294	FAM199X
ENSG00000220948	3.05158846153846	-6.51102115384615	3.70212807020389	0.000493012796405587	0.00217324183809478	-0.388955592153748	TRIM51G
ENSG00000204869	3.11895	-1.84045192307692	3.70086339733663	0.000494984822762072	0.00218093860620321	-0.392663355426045	IGFL4
ENSG00000166704	1.56932307692308	0.576046153846154	3.70032710327435	0.000495823353948845	0.00218366864805915	-0.394235433780731	ZNF606
ENSG00000147485	1.26773076923077	-2.90354230769231	3.70027059230895	0.000495911791745864	0.00218366864805915	-0.394401080681355	PXDNL
ENSG00000171860	1.45791153846154	1.63010576923077	3.70019786596822	0.000496025628297048	0.00218366864805915	-0.394614256446284	C3AR1
ENSG00000138600	1.13426538461538	4.33938653846154	3.69976622997666	0.000496701771396591	0.00218600873079535	-0.39587941863502	SPPL2A
ENSG00000215788	1.16669615384615	0.771209615384615	3.69877042472218	0.000498265034507189	0.0021910692323639	-0.398797875707664	TNFRSF25
ENSG00000187140	1.47692307692308	2.94183846153846	3.69802216798806	0.000499442782563228	0.00219556912589797	-0.400990523282787	FOXD3
ENSG00000087253	1.31402692307692	2.93382115384615	3.69752382100743	0.0005002286535557	0.00219852315564337	-0.402450704061352	LPCAT2
ENSG00000086730	1.24767692307692	1.6853	3.69737850916207	0.000500458026710297	0.002198562486904	-0.402876452827154	LAT2
ENSG00000135502	2.03072307692308	-0.759119230769231	3.69737384071327	0.000500465397474806	0.002198562486904	-0.402890130737616	SLC26A10P
ENSG00000119715	2.73961153846154	-4.37507884615385	3.69609079959258	0.000502495066869917	0.00220547118594588	-0.406648875779828	ESRRB
ENSG00000135454	2.08780769230769	0.0772769230769231	3.6959168818797	0.000502770796678792	0.00220617974273488	-0.407158318467744	B4GALNT1
ENSG00000116128	1.02733846153846	2.78591153846154	3.69489994728355	0.000504385950625211	0.00221125641719701	-0.410136855610062	BCL9
ENSG00000146085	1.06363461538462	3.16041730769231	3.69478551973971	0.000504568001629413	0.00221155225600649	-0.410471976204336	MMUT
ENSG00000153094	1.23391923076923	1.96613269230769	3.69453930792781	0.000504959931016264	0.00221276766138637	-0.411193028635036	BCL2L11
ENSG00000127980	1.17347692307692	2.39383846153846	3.69331177459549	0.000506918318260225	0.00221983763552112	-0.41478753974374	PEX1
ENSG00000187068	1.91707307692308	0.192367307692308	3.69322531103002	0.000507056534626854	0.0022199392805403	-0.415040699000206	C3orf70
ENSG00000188234	1.0616	1.32275384615385	3.69284780323717	0.000507660422588174	0.00222207916943753	-0.416145974115673	AGAP4
ENSG00000131379	2.47308846153846	-6.86359423076923	3.69223708240872	0.000508638832600867	0.00222580632216874	-0.417933913088359	C3orf20
ENSG00000182022	1.02699615384615	0.671205769230769	3.69217240659307	0.000508742552629564	0.00222580632216874	-0.418123246945289	CHST15
ENSG00000171943	1.36358846153846	2.29537115384615	3.6910221063138	0.000510590664707862	0.00223287983707654	-0.42149034015947	SRGAP2C
ENSG00000011201	1.94199615384615	-0.957836538461538	3.69006120504437	0.000512139406593135	0.00223863835268734	-0.424302557493328	ANOS1
ENSG00000149295	2.57613076923077	-4.63954230769231	3.68965932419815	0.000512788474645723	0.00224096806114702	-0.425478591175771	DRD2
ENSG00000104765	1.06513846153846	5.08625384615385	3.68681416589052	0.000517406192029493	0.00225927928583196	-0.433802268607447	BNIP3L
ENSG00000104826	-1.77301923076923	0.65520576923077	-3.6859442705719	0.000518825966502345	0.00226478915228285	-0.436346435884686	LHB
ENSG00000206177	-3.29601923076923	-7.47216730769231	-3.68543069315931	0.000519665936760964	0.00226794292952677	-0.437848318822142	HBM
ENSG00000197128	1.63901923076923	0.346348076923077	3.68523535110049	0.000519985765716023	0.00226882577658598	-0.438419535749905	ZNF772
ENSG00000148123	3.02638461538462	-6.07411153846154	3.68503635109483	0.000520311777450633	0.00226973519550951	-0.439001430670566	PLPPR1
ENSG00000137502	1.30080384615385	0.866086538461538	3.68453297127517	0.000521137312876796	0.00227282276332146	-0.440473277577047	RAB30
ENSG00000146856	1.01632692307692	-0.149267307692308	3.68441463469372	0.000521331565017341	0.0022731563586017	-0.44081926797378	AGBL3
ENSG00000111729	1.20937307692308	0.427967307692308	3.6840601466666	0.000521913879827181	0.00227518148651853	-0.441855674180227	CLEC4A
ENSG00000170379	1.68598461538462	-0.0435423076923077	3.68359139876084	0.000522684844324065	0.00227802789568468	-0.443226047455472	TCAF2
ENSG00000196071	3.37025	-5.32943269230769	3.68309726297842	0.000523498745079346	0.00228072074224967	-0.44467052914424	OR2L13
ENSG00000101074	2.40993461538462	-7.68805192307692	3.68302482208464	0.00052361816578995	0.00228072074224967	-0.444882282178549	R3HDML
ENSG00000169297	3.65902307692308	-3.79248461538462	3.68300116617947	0.000523657168815755	0.00228072074224967	-0.444951430563033	NR0B1
ENSG00000108187	1.31163461538462	0.306251923076923	3.68253147747282	0.00052443215094234	0.00228306581182679	-0.446324319036894	PBLD
ENSG00000005187	1.52506923076923	-0.769057692307692	3.68155835919828	0.000526041281527562	0.00228903851607902	-0.449168387736283	ACSM3
ENSG00000138190	1.41350384615385	1.90013653846154	3.68081870591073	0.000527267518069388	0.00229385731379161	-0.451329824081776	EXOC6
ENSG00000101695	1.32573461538462	1.34605961538461	3.6806771630446	0.000527502486959737	0.0022943624393384	-0.451743415255872	RNF125
ENSG00000092531	1.14868076923077	4.58645576923077	3.6790198752632	0.000530261140983269	0.00230480315343392	-0.456585338866647	SNAP23
ENSG00000083099	1.25895769230769	3.570625	3.67893879877605	0.000530396451202701	0.00230482716317512	-0.456822178161236	LYRM2
ENSG00000180233	1.1617	1.33391153846154	3.67880956782218	0.00053061219570837	0.00230482716317512	-0.457199679053596	ZNRF2
ENSG00000221932	3.38165384615385	-5.47997307692308	3.67786161919959	0.000532197316823529	0.00231113718934636	-0.45996852190852	HEPN1
ENSG00000165555	1.73964230769231	-3.338725	3.67426128755046	0.000538259028228308	0.00233483461166091	-0.470480773501365	NOXRED1
ENSG00000176046	1.29185	6.33821346153846	3.67383436090782	0.000538982190442021	0.00233660216198201	-0.47172690662574	NUPR1
ENSG00000164879	2.80425384615385	-5.18446538461538	3.6738063589578	0.000539029654836342	0.00233660216198201	-0.471808636983477	CA3
ENSG00000108064	1.48570769230769	2.66878076923077	3.67358507942117	0.000539404872946178	0.00233770369611138	-0.472454480904933	TFAM
ENSG00000185033	1.17755	4.10012115384615	3.67337401497079	0.000539763002436322	0.00233822957849059	-0.473070488617367	SEMA4B
ENSG00000180481	2.26866923076923	-2.09599615384615	3.67285088502083	0.000540651618682413	0.00234100453015402	-0.474597192170923	GLIPR1L2
ENSG00000213390	1.34725769230769	1.54377115384615	3.67254479796216	0.000541172203240084	0.00234244002348089	-0.475490417051106	ARHGAP19
ENSG00000133104	1.23536153846154	4.37402307692308	3.67249526922659	0.000541256485433749	0.00234244002348089	-0.475634947889468	SPART
ENSG00000180340	1.12714615384615	1.37186538461538	3.67244197045845	0.00054134719705477	0.00234244002348089	-0.475790478837695	FZD2
ENSG00000254413	1.36716923076923	0.992069230769231	3.67231304739245	0.000541566677285684	0.00234286453869241	-0.476166683207123	CHKB-CPT1B
ENSG00000140798	2.59728846153847	-8.66715576923077	3.67183922971715	0.000542374041995792	0.00234583153319399	-0.477549240604212	ABCC12
ENSG00000105519	1.43409230769231	3.37377307692308	3.67165197927912	0.000542693425941643	0.00234616152316944	-0.478095591164152	CAPS
ENSG00000137463	1.92541538461539	-4.51265384615385	3.67141163348777	0.000543103635739113	0.00234734959131424	-0.478796836455359	MGARP
ENSG00000164933	1.01220384615385	3.69222115384615	3.67037987636098	0.00054486795792106	0.00235398079493067	-0.481806832589578	SLC25A32
ENSG00000157869	1.11251538461539	3.06571538461538	3.66971625982447	0.000546005649535431	0.00235784050402291	-0.483742566669068	RAB28
ENSG00000136826	1.61116153846154	2.60765769230769	3.66790597115614	0.00054912074060562	0.00236811386414439	-0.489022017786671	KLF4
ENSG00000168152	1.23863461538462	-0.120598076923077	3.66782120452445	0.000549267020393339	0.00236821561193938	-0.489269189496331	THAP9
ENSG00000122779	1.00746538461538	2.38798653846154	3.66760409513168	0.000549641850998159	0.00236930251224151	-0.489902244949786	TRIM24
ENSG00000188211	1.94284230769231	-2.37344423076923	3.66737186496838	0.000550043057837008	0.00237030620395119	-0.490579365275062	NCR3LG1
ENSG00000011465	1.55455769230769	4.837175	3.66732718426978	0.000550120281495172	0.00237030620395119	-0.490709639160547	DCN
ENSG00000165685	2.07044615384615	-3.73782307692308	3.66722113055457	0.000550303620419311	0.00237056701293326	-0.491018852312365	TMEM52B
ENSG00000177098	1.91917307692308	-0.187717307692308	3.66651115135517	0.000551532493528354	0.0023753305940602	-0.493088749509213	SCN4B
ENSG00000203499	1.23234615384615	0.7877	3.6662766564544	0.000551938947221457	0.00237655085840192	-0.493772351118057	IQANK1
ENSG00000187742	1.04495769230769	3.58785576923077	3.66605101831217	0.000552330319834247	0.00237770565650323	-0.4944301087179	SECISBP2
ENSG00000068796	1.38638461538462	2.46918846153846	3.66586542354349	0.000552652435593245	0.00237856186494011	-0.4949711177409	KIF2A
ENSG00000197056	1.43858461538462	0.594711538461539	3.6655399818364	0.000553217701638656	0.00238046395335064	-0.495919741207781	ZMYM1
ENSG00000206561	1.28399615384615	-0.164844230769231	3.66485867982227	0.000554402859626063	0.0023848070686585	-0.497905491417165	COLQ
ENSG00000180611	1.35786923076923	-0.303334615384615	3.66481775384342	0.000554474129624377	0.0023848070686585	-0.498024768880872	MB21D2
ENSG00000204963	3.0323	-4.1729	3.66428787369152	0.000555397673925245	0.00238824711512118	-0.49956901570389	PCDHA7
ENSG00000197580	1.66403846153846	-1.08608846153846	3.66376630818795	0.000556308163129817	0.00239121060907978	-0.501088900264914	BCO2
ENSG00000244509	1.05627692307692	5.26350384615384	3.66244513796291	0.000558620903201797	0.00239996868339735	-0.504938318385297	APOBEC3C
ENSG00000163219	1.1072	1.56881153846154	3.66184176006482	0.000559680186865861	0.00240291517950883	-0.506696069301801	ARHGAP25
ENSG00000214029	1.66491153846154	-2.93532884615385	3.6611926037572	0.000560821983781099	0.00240669943502968	-0.508586987303772	ZNF891
ENSG00000175564	1.62456923076923	-1.45240384615385	3.66109671026992	0.000560990838962742	0.00240669943502968	-0.508866297016788	UCP3
ENSG00000053328	2.79265	-5.93392884615385	3.66105725678484	0.000561060325215435	0.00240669943502968	-0.508981212218954	METTL24
ENSG00000165025	1.33691153846154	1.31892884615385	3.66049784032786	0.000562046466706607	0.00241039390065266	-0.510610530964237	SYK
ENSG00000198791	1.03345	4.37233653846154	3.65921975456967	0.000564305704833883	0.00241793407778212	-0.514332437313914	CNOT7
ENSG00000177453	1.95689615384615	-1.25435192307692	3.65854981756984	0.000565493401276457	0.00242141063106465	-0.516283045640404	NIM1K
ENSG00000197816	1.27800384615385	-0.212825	3.65825722182253	0.000566012878748128	0.0024230974935629	-0.517134908816994	CCDC180
ENSG00000100368	1.25231538461539	0.0266769230769231	3.65699818560761	0.000568253395719598	0.00243161057361459	-0.520800000012125	CSF2RB
ENSG00000188993	2.02308076923077	-4.241475	3.65582989767007	0.000570340005829633	0.00243999847795421	-0.52420024291343	LRRC66
ENSG00000146469	2.61216538461539	-7.02509038461539	3.65542814660596	0.000571059241130485	0.00244199302869778	-0.525369368316023	VIP
ENSG00000089041	1.29397692307692	4.05020384615385	3.65535372362475	0.000571192572135616	0.00244202219710605	-0.52558593624232	P2RX7
ENSG00000141524	-1.03123846153846	5.47716923076923	-3.65490871162588	0.000571990445853974	0.00244489184595201	-0.526880848267934	TMC6
ENSG00000164604	-1.92634615384615	1.01217307692308	-3.65482456696379	0.000572141430788798	0.0024449502312949	-0.527125684807321	GPR85
ENSG00000116903	1.02210769230769	1.73403846153846	3.65475993520176	0.000572257428637536	0.0024449502312949	-0.527313742173166	EXOC8
ENSG00000149084	1.10349615384615	4.77319423076923	3.65406780618618	0.000573501037785272	0.00244972129505844	-0.529327486820157	HSD17B12
ENSG00000172575	2.03846538461539	-0.894613461538462	3.65356299495272	0.000574409705861633	0.00245305985669184	-0.530796087153382	RASGRP1
ENSG00000116985	2.35008846153846	1.49476730769231	3.65307232046804	0.0005752942467832	0.00245629392737361	-0.532223443914484	BMP8B
ENSG00000164506	1.23476153846154	1.88178846153846	3.65296877751996	0.000575481070425966	0.00245652142318489	-0.5325246323986	STXBP5
ENSG00000116095	1.58958461538461	1.93944615384615	3.65290174361737	0.000575602051342552	0.00245652142318489	-0.532719619663247	PLEKHA3
ENSG00000196159	1.36635384615385	-3.30216153846154	3.65188651486818	0.000577437283563723	0.00246326450489073	-0.535672439707478	FAT4
ENSG00000101187	-1.50873461538462	3.77696730769231	-3.65107171975417	0.000578914236806274	0.00246817120709488	-0.538041936229674	SLCO4A1
ENSG00000153922	1.08527692307692	3.381	3.65104038726493	0.000578971104270093	0.00246817120709488	-0.538133047542336	CHD1
ENSG00000112299	1.55158076923077	-2.52444807692308	3.65094647893252	0.000579141576877757	0.00246835280602149	-0.538406119468577	VNN1
ENSG00000198785	1.19656153846154	-3.61559230769231	3.65004263615339	0.000580784786074474	0.00247426367812747	-0.54103414831919	GRIN3A
ENSG00000251493	2.13197692307692	0.869273076923077	3.64985879467193	0.000581119559663528	0.00247459758662808	-0.541568641084378	FOXD1
ENSG00000104723	2.07335769230769	4.21955576923077	3.65029864850229	0.000581547255279715	0.00247535096742647	-0.541829313965057	TUSC3
ENSG00000135423	2.78654615384615	-3.00558076923077	3.64962094673356	0.000581552952249861	0.00247535096742647	-0.542260125856057	GLS2
ENSG00000148498	1.27167692307692	3.13277692307692	3.648743060099	0.000583155262562804	0.00248162390503744	-0.544812132069372	PARD3
ENSG00000067064	1.12033461538461	4.28644423076923	3.64862017446739	0.000583379888712636	0.00248164982130458	-0.545169329695326	IDI1
ENSG00000137098	1.66530384615385	-0.911463461538462	3.64859906784793	0.000583418478427198	0.00248164982130458	-0.545230680601431	SPAG8
ENSG00000134061	1.42124615384615	-1.42365	3.64810914655079	0.000584314898776167	0.0024849152877454	-0.546654681677023	CD180
ENSG00000177054	1.15941153846154	1.93050576923077	3.64727234507404	0.000585849059886647	0.00249034230411626	-0.54908665556105	ZDHHC13
ENSG00000080493	3.10058461538462	-2.72020384615385	3.64699495061609	0.00058635847398492	0.00249195896594692	-0.549892765583182	SLC4A4
ENSG00000115221	3.13406538461539	-2.64151346153846	3.64641195931035	0.000587430474271715	0.00249468660264629	-0.551586821636462	ITGB6
ENSG00000114124	2.19109230769231	-7.52190384615385	3.64636574015073	0.000587515541843317	0.00249468660264629	-0.551721118287675	GRK7
ENSG00000157214	1.8773	-2.31343846153846	3.64636481723324	0.000587517240617003	0.00249468660264629	-0.551723799951441	STEAP2
ENSG00000147316	1.10314230769231	2.305075	3.64575760227655	0.000588635932940012	0.00249880645383306	-0.553488057968494	MCPH1
ENSG00000183742	2.19129615384616	-4.129575	3.64569770192503	0.000588746399628698	0.00249880645383306	-0.553662088354249	MACC1
ENSG00000101916	2.1375	-2.64197692307692	3.644313312396	0.000591304983737586	0.00250856265957948	-0.557683719136391	TLR8
ENSG00000165995	1.7945	-2.85791153846154	3.64356947797189	0.000592684100714065	0.00251294921714234	-0.559844166895984	CACNB2
ENSG00000205838	1.88739230769231	-1.60083846153846	3.64316599481845	0.00059343347018167	0.00251538126370592	-0.561015962053353	TTC23L
ENSG00000039560	1.15669230769231	3.60843461538461	3.64289947203478	0.000593928966486142	0.00251689563357095	-0.56178995421895	RAI14
ENSG00000157514	1.19068461538462	4.74963846153846	3.64280410167381	0.000594106366936209	0.00251689563357095	-0.562066905034633	TSC22D3
ENSG00000170482	2.40248846153846	-4.65913653846154	3.64276349821999	0.000594181909660821	0.00251689563357095	-0.562184814131732	SLC23A1
ENSG00000109906	2.26463461538462	-4.30510192307692	3.6426873203167	0.000594323663420221	0.00251694376371227	-0.562406026372734	ZBTB16
ENSG00000168918	1.17364615384615	1.5698	3.64117987835605	0.000597135407068253	0.0025282967235443	-0.566782898126966	INPP5D
ENSG00000145675	1.33503076923077	2.54783846153846	3.64094817721314	0.000597568711451495	0.00252957649937461	-0.567455547691313	PIK3R1
ENSG00000100842	2.50661153846154	0.884886538461539	3.63957663934338	0.000600139785900066	0.00253934640228605	-0.57143671853408	EFS
ENSG00000112280	3.99363846153846	-2.8052	3.63858576744868	0.000602003841574857	0.00254667546656136	-0.57431236497041	COL9A1
ENSG00000136098	1.14575769230769	2.68673269230769	3.63798489054995	0.000603136921731666	0.00255035093103753	-0.576055962155563	NEK3
ENSG00000163904	1.09365769230769	3.00842115384615	3.63757624541037	0.000603908672471029	0.00255249597212794	-0.577241650684805	SENP2
ENSG00000088179	1.09884615384615	1.71825	3.635307686399	0.000608210172775764	0.00256951478469829	-0.583822437919283	PTPN4
ENSG00000146197	2.22625384615385	-1.29	3.63508524560494	0.000608633523857881	0.00256951478469829	-0.584467575516126	SCUBE3
ENSG00000169372	1.25536923076923	2.99106538461539	3.63503250940999	0.00060873393308943	0.00256951478469829	-0.584620521041622	CRADD
ENSG00000108375	1.66437307692308	1.93634807692308	3.6347557236749	0.000609261190217735	0.00257061612126185	-0.585423233116296	RNF43
ENSG00000261739	2.32135769230769	-5.41595576923077	3.63360074974143	0.00061146604715934	0.00257822828927845	-0.588772398445692	GOLGA8S
ENSG00000120129	1.41326153846154	3.70286923076923	3.63327480276602	0.000612089661475902	0.00258029411126214	-0.589717455171956	DUSP1
ENSG00000136937	1.00542692307692	2.91479038461538	3.63306690451491	0.00061248773781849	0.00258084496902648	-0.590320212463558	NCBP1
ENSG00000171817	1.60064230769231	-1.58009038461538	3.63244755052435	0.000613675122141827	0.00258473126582256	-0.592115775622519	ZNF540
ENSG00000163617	1.31206538461538	0.104590384615385	3.63244613293575	0.000613677842369827	0.00258473126582256	-0.592119885127634	CCDC191
ENSG00000162836	1.09453461538462	4.169425	3.63213301571593	0.000614278969230286	0.00258669872230633	-0.593027569577368	ACP6
ENSG00000181790	1.99671923076923	0.0023365384615384	3.63162545702199	0.000615254582990384	0.00258911253879734	-0.594498813040718	ADGRB1
ENSG00000121966	1.32943461538462	3.31097884615385	3.63142830396619	0.000615633943657111	0.00259014429259225	-0.595070260501405	CXCR4
ENSG00000124564	2.41155000000001	-8.17831346153846	3.63115131186417	0.000616167307732144	0.00259170378396252	-0.595873089467049	SLC17A3
ENSG00000068976	1.07410384615384	-2.70179807692308	3.6310646230239	0.000616334322729405	0.00259170378396252	-0.596124339244902	PYGM
ENSG00000261408	1.24751153846154	-0.677790384615385	3.63018426876023	0.000618032868040499	0.00259754346495425	-0.598675659525599	TEN1-CDK3
ENSG00000111231	1.02102307692308	3.61584615384615	3.63010776787473	0.000618180678994836	0.00259754346495425	-0.598897346077482	GPN3
ENSG00000150722	3.38263076923077	-2.34811538461538	3.63009776731574	0.000618200004040815	0.00259754346495425	-0.598926325787253	PPP1R1C
ENSG00000036448	2.02749230769231	0.798084615384615	3.62982337899951	0.000618730456330095	0.00259813193681208	-0.599721431873011	MYOM2
ENSG00000141505	1.1945	-0.353807692307692	3.62876630469553	0.000620778078656637	0.00260610684043259	-0.60278421874875	ASGR1
ENSG00000164543	1.21755769230769	2.95504423076923	3.6279329393638	0.000622396924555308	0.00261233481945882	-0.605198446428997	STK17A
ENSG00000168685	1.74879615384615	-0.525840384615385	3.62718231111537	0.000623858502259124	0.00261730268792668	-0.607372700556652	IL7R
ENSG00000059728	1.09406923076923	0.966169230769231	3.62688818504638	0.000624432100377036	0.0026181348514467	-0.608224585705476	MXD1
ENSG00000140382	1.01321538461539	4.01734230769231	3.62687543934724	0.000624456968142807	0.0026181348514467	-0.608261500466858	HMG20A
ENSG00000183814	1.27098076923077	0.659971153846154	3.6257217947274	0.000626711733634462	0.00262644737176423	-0.611602421025152	LIN9
ENSG00000184588	1.61904615384615	2.34869615384615	3.62561772262309	0.000626915521634888	0.00262673112961108	-0.611903779088852	PDE4B
ENSG00000135720	1.20278076923077	4.68039038461538	3.62494342558364	0.000628237425940663	0.00263055684011553	-0.613856191181935	DYNC1LI2
ENSG00000172602	1.20024615384615	-0.973265384615384	3.62455414268769	0.000629001795253776	0.00263318621856076	-0.614983250970883	RND1
ENSG00000221926	1.06795	3.50200192307692	3.62386473626538	0.000630357647061987	0.00263829003929695	-0.616979054533869	TRIM16
ENSG00000196712	1.10120384615385	2.58644423076923	3.62360826881816	0.00063086275234	0.00263983171654434	-0.617721458642514	NF1
ENSG00000057468	2.44319230769231	-6.25202692307692	3.62302247945788	0.000632017898198107	0.00264351928253913	-0.619417041434536	MSH4
ENSG00000254221	2.66735384615385	-2.17088076923077	3.62295026571448	0.000632160439724616	0.0026435426707115	-0.619626054517844	PCDHGB1
ENSG00000160097	1.5789	-3.08707307692308	3.62257213524664	0.000632907326823299	0.0026455197335795	-0.620720461663023	FNDC5
ENSG00000181804	1.40270769230769	-0.0582615384615384	3.62213773928329	0.000633766390531749	0.00264853705053785	-0.621977630178882	SLC9A9
ENSG00000163788	1.00169615384615	3.01045192307692	3.62042572908395	0.000637162928507117	0.00266215498029716	-0.626931402160826	SNRK
ENSG00000083720	1.29067692307692	3.56528846153846	3.6194757358035	0.000639055159034469	0.00266775124023407	-0.629679633827422	OXCT1
ENSG00000165650	1.21184230769231	1.53033653846154	3.61937581932104	0.000639254487920122	0.00266800635250208	-0.629968656372309	PDZD8
ENSG00000087589	1.495	-2.09617307692308	3.61763216335629	0.000642742578619631	0.0026819844347373	-0.63501164787329	CASS4
ENSG00000169083	1.90133461538462	-3.86994807692308	3.6170528308669	0.000643905520274412	0.00268524671552986	-0.636686863322497	AR
ENSG00000180881	1.16306923076923	0.449711538461539	3.61592339404262	0.000646178512158396	0.00269282897672572	-0.639952308673302	CAPS2
ENSG00000165821	2.18633846153846	0.0453230769230769	3.61561437967513	0.0006468017375546	0.00269484436434631	-0.640845627889838	SALL2
ENSG00000179387	1.02857692307692	2.37100769230769	3.61513369855637	0.000647772324519357	0.00269778117172825	-0.642235120529286	ELMOD2
ENSG00000185127	1.25720769230769	2.36362307692308	3.61505770713956	0.000647925892976852	0.00269778117172825	-0.642454776701823	C6orf120
ENSG00000116668	1.14184230769231	0.656651923076923	3.61490573660832	0.000648233109332533	0.00269847826384427	-0.642894045069917	SWT1
ENSG00000162437	1.38378461538462	1.578	3.61461546965312	0.000648820285788257	0.0027003402278074	-0.643733025831407	RAVER2
ENSG00000101166	1.06556538461538	4.44196346153846	3.61414781570961	0.000649767364155147	0.00270352746656374	-0.645084635633335	PRELID3B
ENSG00000169446	1.20626153846154	3.23629230769231	3.61409904472058	0.000649866209649059	0.00270352746656374	-0.645225587046937	MMGT1
ENSG00000153246	2.03519230769231	-1.18961153846154	3.61357191219492	0.000650935480316639	0.00270739228109288	-0.646748961445787	PLA2R1
ENSG00000249931	2.65828461538462	-4.56627307692308	3.61311114132778	0.000651871514603503	0.00271001670380299	-0.648080444859516	GOLGA8K
ENSG00000113211	2.17422692307692	-0.790378846153847	3.61305401765831	0.000651987648161482	0.00271001670380299	-0.648245507170945	PCDHB6
ENSG00000178718	-1.08147307692308	4.23024038461538	-3.61251591256804	0.00065308259665966	0.0027133993463886	-0.649800316621823	RPP25
ENSG00000165118	1.43890384615385	2.23203269230769	3.61192363334951	0.000654289809992855	0.0027172453103038	-0.651511494847774	QNG1
ENSG00000164112	2.86703461538462	-4.69610192307692	3.61071170233037	0.000656766673577572	0.00272577232854609	-0.655012402629057	SMIM43
ENSG00000151470	1.13848846153846	1.95408269230769	3.61046389746378	0.000657274221958562	0.00272729241325583	-0.655728149067387	C4orf33
ENSG00000101639	1.02454615384615	2.49850769230769	3.61018847351049	0.00065783877862005	0.00272904834380031	-0.656523633936605	CEP192
ENSG00000103257	-1.05725384615384	7.38553076923077	-3.61006835060732	0.000658085148327207	0.00272948380278472	-0.656870563698434	SLC7A5
ENSG00000137198	-1.42213461538462	7.03560961538461	-3.60955414917707	0.000659140761480978	0.00273282451617926	-0.658355561454163	GMPR
ENSG00000142892	1.23847692307693	3.73023846153846	3.60924812076882	0.000659769779871278	0.00273412109507413	-0.659239300875385	PIGK
ENSG00000271092	2.00015	-2.12790961538462	3.60862334817615	0.000661055733010751	0.00273886216233237	-0.66104335833038	TLCD4-RWDD3
ENSG00000117155	1.46135769230769	1.79070576923077	3.60836500811392	0.000661588166728159	0.00273989195073024	-0.661789270690839	SSX2IP
ENSG00000083290	1.02947692307692	2.48378461538462	3.60828849206618	0.000661745943360765	0.00273995751709413	-0.662010191336864	ULK2
ENSG00000086300	1.64239615384615	4.50798653846154	3.60761082215637	0.000663144872542091	0.00274457235734991	-0.663966666502425	SNX10
ENSG00000244462	1.03517307692308	3.83035961538462	3.605187824087	0.000668169854742997	0.00276199140028673	-0.670960181521282	RBM12
ENSG00000029153	2.02035384615385	-0.331684615384615	3.6051674860326	0.000668212186672488	0.00276199140028673	-0.671018871263156	BMAL2
ENSG00000198380	1.07605	2.85999807692308	3.60452200620966	0.00066955702900084	0.00276636543895617	-0.672881434485194	GFPT1
ENSG00000179915	2.78551923076923	-6.94345961538462	3.60265694923238	0.000673457367626936	0.00278110216807486	-0.678262004017878	NRXN1
ENSG00000100625	2.16771153846154	-3.20649423076923	3.60260989034314	0.000673556060495776	0.00278110216807486	-0.678397743925835	SIX4
ENSG00000184599	2.45323076923077	-0.921023076923077	3.60244377791355	0.000673904545296587	0.00278135117337182	-0.67887688143654	TAFA3
ENSG00000256087	1.39378846153846	1.30383653846154	3.60169529133152	0.00067547692044146	0.00278545844804134	-0.681035661673398	ZNF432
ENSG00000185483	2.12776153846154	-1.04098461538462	3.6008524799733	0.000677251639451311	0.00278956738925418	-0.683466165258883	ROR1
ENSG00000042062	1.57396538461538	-1.92665192307692	3.60081036806311	0.000677340431717056	0.00278956738925418	-0.683587598690977	RIPOR3
ENSG00000135916	1.22198846153846	6.62102115384615	3.60045385379472	0.000678092581560084	0.00279206934766517	-0.684615604514165	ITM2C
ENSG00000152217	1.3923	0.0579538461538461	3.59959468234191	0.000679908481123086	0.00279894933058625	-0.687092762752687	SETBP1
ENSG00000072163	-1.4663	3.5472	-3.59887261695317	0.000681438189608416	0.00280405060200624	-0.689174338477154	LIMS2
ENSG00000124374	1.25256538461538	-0.837532692307693	3.59829606046769	0.000682661993223111	0.00280788929366838	-0.690836256930629	PAIP2B
ENSG00000154122	1.58113461538461	3.64457115384615	3.59768731284414	0.000683956402810498	0.00281225500658029	-0.692590789554927	ANKH
ENSG00000130234	2.36613461538462	-4.76210576923077	3.59734548149709	0.000684684282152367	0.00281440815553389	-0.693575936502305	ACE2
ENSG00000178809	1.35701538461538	-0.3695	3.59700739023221	0.000685404924802996	0.00281617097987915	-0.694550248411016	TRIM73
ENSG00000151164	1.5804	-2.52554230769231	3.5968258650145	0.000685792145057735	0.00281716232731421	-0.695073344972573	RAD9B
ENSG00000102802	1.65497307692308	-0.281175	3.59649187414394	0.000686505142790805	0.00281949122793424	-0.696035755758298	MEDAG
ENSG00000101911	1.31886538461539	3.43873269230769	3.59620137129608	0.000687125878373643	0.00282144029573419	-0.696872809310374	PRPS2
ENSG00000203797	2.71881153846154	-2.49779807692308	3.5959471750143	0.000687669474888304	0.0028230718574583	-0.697605215400701	DDO
ENSG00000183977	2.06108846153846	-4.82818269230769	3.59566258926026	0.000688278546029467	0.00282497145949539	-0.698425143987854	PP2D1
ENSG00000100003	1.33131153846154	3.03585192307692	3.59511876092844	0.000689443881157405	0.00282855159149445	-0.69999187387181	SEC14L2
ENSG00000186017	1.07886538461539	1.24468269230769	3.59455798117735	0.000690647512417861	0.00283288757590352	-0.70160728787307	ZNF566
ENSG00000138640	1.75685384615385	1.57045	3.59433323857338	0.000691130452082804	0.00283426622403959	-0.702254650943774	FAM13A
ENSG00000102359	1.78598461538462	0.606257692307693	3.59417616925941	0.00069146816286488	0.00283504884192455	-0.702707068821441	SRPX2
ENSG00000146938	2.81410769230769	-2.6226	3.59354499282193	0.000692826828185249	0.00284001619546822	-0.704524969164002	NLGN4X
ENSG00000125726	2.52390384615385	0.579348076923077	3.59302936453847	0.000693938656049002	0.00284336613833876	-0.706009925390481	CD70
ENSG00000162368	1.04958846153846	4.89760192307692	3.59274346909918	0.000694555854134725	0.00284529109770004	-0.706833218582228	CMPK1
ENSG00000269720	3.21534615384616	-5.74598076923077	3.59256046847626	0.000694951195329992	0.00284560431374139	-0.707360184504759	CCDC194
ENSG00000198542	1.65451538461538	0.2915	3.59250594916085	0.000695069016396803	0.00284560431374139	-0.707517174355413	ITGBL1
ENSG00000112706	2.26630384615385	-7.09634038461538	3.59250338160846	0.000695074565574816	0.00284560431374139	-0.707524567656375	IMPG1
ENSG00000164199	2.37946923076923	-3.24990769230769	3.59090355149603	0.00069854046611435	0.00285688541667587	-0.712130671013036	ADGRV1
ENSG00000204930	2.05913076923077	-7.77675	3.59088989287886	0.000698570127270897	0.00285688541667587	-0.712169990410474	FAM221B
ENSG00000157224	1.05066538461539	3.57157115384615	3.5894621656653	0.000701677228431391	0.00286776954063331	-0.716279519000429	CLDN12
ENSG00000148680	2.36838846153847	-3.48715576923077	3.58924961233066	0.000702140925406247	0.00286875387525968	-0.716891240797526	HTR7
ENSG00000175265	1.95608846153846	2.42055576923077	3.58903658603486	0.000702605947557757	0.00286974240493174	-0.717504301509462	GOLGA8A
ENSG00000172379	1.18437307692308	4.39472115384616	3.58785609754426	0.000705188206426306	0.00287968012452866	-0.72090118300332	ARNT2
ENSG00000007001	1.93771538461539	-8.25866538461538	3.58683066544051	0.000707438634938888	0.00288764812227223	-0.723851330837084	UPP2
ENSG00000271321	2.50378846153847	-7.99700192307692	3.58637506083723	0.000708440708818831	0.0028905159590636	-0.725161930480232	CTAGE6
ENSG00000255192	2.7511076923077	-7.66591538461538	3.58596646085612	0.00070934055084097	0.00289357579308606	-0.726337229089246	NANOGP8
ENSG00000198836	1.11345	3.71370192307692	3.5856219431448	0.000710100114589116	0.0028960622252089	-0.727328137435292	OPA1
ENSG00000254995	2.29177307692308	-0.342513461538462	3.58457761000304	0.000712407317284411	0.00290363142853484	-0.73033151158332	STX16-NPEPL1
ENSG00000165376	2.50838846153846	-6.13134423076923	3.58432841159791	0.000712958917234968	0.00290526619788613	-0.731048096402621	CLDN2
ENSG00000121988	1.02173846153846	0.1206	3.58330089105746	0.000715237638124964	0.00291369496007902	-0.734002470106718	ZRANB3
ENSG00000166016	1.70995	2.48062115384615	3.58325263676087	0.000715344821788258	0.00291369496007902	-0.734141200280932	ABTB2
ENSG00000133321	1.92751153846154	4.42315961538462	3.58319170350696	0.000715480190166013	0.00291369496007902	-0.734316380576599	PLAAT4
ENSG00000170584	1.02906538461538	3.46877115384615	3.58165986766921	0.00071889133431973	0.00292655529803236	-0.738719737564435	NUDCD2
ENSG00000172728	1.11404615384615	1.38771923076923	3.58163745086134	0.000718941367832433	0.00292655529803236	-0.738784167491165	FUT10
ENSG00000133805	1.17141153846154	0.673428846153846	3.58118006197058	0.000719962969190946	0.00292886094716393	-0.740098731173122	AMPD3
ENSG00000147614	-2.84635769230769	-1.95794038461538	-3.5800940619781	0.000722394156284641	0.00293813198456857	-0.743219548901568	ATP6V0D2
ENSG00000101773	1.07265769230769	3.28344807692308	3.57989451551183	0.000722841724330831	0.00293933301132463	-0.743792918638386	RBBP8
ENSG00000149548	1.04573846153846	-0.109153846153846	3.57975383971546	0.000723157408764749	0.00293999735917985	-0.744197119689903	CCDC15
ENSG00000001084	1.02974230769231	2.96495192307692	3.57859748102889	0.000725757331608495	0.00294994604591257	-0.747519293221689	GCLC
ENSG00000213398	1.0017	2.57224230769231	3.57809057500676	0.000726899853203361	0.00295334621477257	-0.748975406707569	LCAT
ENSG00000261857	1.94655384615385	8.80822692307692	3.58109263560167	0.000727245275112026	0.00295412785048136	-0.747396293904896	MIA
ENSG00000145476	1.46065	3.38991346153846	3.57676311646542	0.000729899963383374	0.00296366407092748	-0.75278799889848	CYP4V2
ENSG00000118473	1.21957692307692	-0.581692307692308	3.57666164749255	0.000730129772662647	0.00296397371224124	-0.753079392063102	SGIP1
ENSG00000196547	1.02532692307692	4.83396730769231	3.57634949788626	0.000730837169147035	0.00296550465877747	-0.753975774743596	MAN2A2
ENSG00000214102	2.07773461538462	-7.959675	3.57629189286112	0.000730967785653172	0.00296550465877747	-0.754141190639007	WEE2
ENSG00000144749	1.15700769230769	0.752984615384615	3.57589703053114	0.000731863715818225	0.00296789187110067	-0.755275014753875	LRIG1
ENSG00000128394	1.90756538461538	1.71225961538462	3.57464553067741	0.000734710255672611	0.00297880950750859	-0.758868115010991	APOBEC3F
ENSG00000140835	2.12537307692308	-8.39316346153846	3.57293836866723	0.000738610232113266	0.00299273579145306	-0.763768190398366	CHST4
ENSG00000172673	2.43725384615385	-3.89055769230769	3.57210486762956	0.000740521513952532	0.00299928059177988	-0.766160069384398	THEMIS
ENSG00000144369	1.51688461538462	-1.14758076923077	3.57209844777819	0.000740536253454017	0.00299928059177988	-0.766178490953607	FAM171B
ENSG00000153012	1.40188846153846	-2.55447884615385	3.57180421184105	0.00074121209766764	0.0030012902944412	-0.767022770208448	LGI2
ENSG00000103023	2.50849230769231	-8.03702307692308	3.57047274933182	0.000744277756659095	0.00301064407728217	-0.770842727613353	PRSS54
ENSG00000100473	2.55125	-3.18319038461538	3.57031348447964	0.000744645268692537	0.00301149960644711	-0.771299598753442	COCH
ENSG00000171540	2.3896076923077	-6.85874615384616	3.56998980131974	0.000745392717996047	0.00301389100030953	-0.772228085706736	OTP
ENSG00000173531	1.17244615384615	2.93170769230769	3.56937152494485	0.000746822431220265	0.00301777546364764	-0.774001470897769	MST1
ENSG00000116117	1.34941153846154	0.104740384615385	3.56838529765553	0.000749108414948511	0.0030257459162484	-0.776829848134325	PARD3B
ENSG00000114904	1.11785769230769	2.12349423076923	3.56822147289212	0.000749488791316242	0.00302664898300783	-0.777299630563174	NEK4
ENSG00000253598	1.74486153846154	-3.74213846153846	3.56800226766092	0.000749998040887587	0.00302743876688689	-0.777928200746381	SLC10A5
ENSG00000146242	1.62823076923077	0.999730769230769	3.56762412932895	0.000750877293676868	0.0030303542546194	-0.779012455093004	TPBG
ENSG00000154143	2.19274230769231	-8.60332115384615	3.56705501893244	0.000752202450712268	0.00303496378925812	-0.780644159427821	PANX3
ENSG00000256771	1.40545384615385	0.219823076923077	3.5665941341104	0.000753277241657139	0.00303813426571411	-0.781965451170611	ZNF253
ENSG00000066294	1.46566923076923	-0.607226923076923	3.5652369762433	0.000756450667853095	0.00304838564542136	-0.785855620114933	CD84
ENSG00000204969	2.82944230769231	-5.94748653846154	3.5648200609045	0.000757428092924415	0.00305168743012314	-0.787050486564369	PCDHA2
ENSG00000131620	1.42771923076923	1.21345961538462	3.56470259614818	0.000757703697138091	0.0030521607816896	-0.787387121362342	ANO1
ENSG00000161040	1.62008076923077	-1.82301346153846	3.56454432822001	0.000758075187891824	0.00305238875030125	-0.787840680567836	FBXL13
ENSG00000133106	1.83420384615385	1.69914423076923	3.56454374751477	0.00075807655125857	0.00305238875030125	-0.787842344711621	EPSTI1
ENSG00000163006	1.23993076923077	0.391865384615385	3.56318428910437	0.000761274674732587	0.00306398770774878	-0.791737725607467	CCDC138
ENSG00000152700	1.05181538461538	3.95820769230769	3.56311491283915	0.000761438226793389	0.00306400710689864	-0.791936491206238	SAR1B
ENSG00000099256	1.96100769230769	-1.68532307692308	3.56237986484123	0.000763173135301634	0.00306970848733641	-0.794042284605813	PRTFDC1
ENSG00000115271	1.15582692307692	2.62880961538462	3.56141501823786	0.000765456150713174	0.00307760884757684	-0.796806006893997	GCA
ENSG00000143942	1.25276923076923	0.511673076923077	3.56130893985533	0.000765707549804975	0.00307791180182008	-0.797109831348068	CHAC2
ENSG00000156869	1.64310769230769	-0.359657692307692	3.561139200482	0.000766109985208494	0.00307831412249783	-0.797595978843011	FRRS1
ENSG00000159261	-2.89056153846154	-1.33109230769231	-3.56013655394193	0.00076849127859917	0.00308723978164408	-0.800467349041687	CLDN14
ENSG00000164294	1.10292307692308	4.30618846153846	3.55995515252332	0.000768922861563466	0.00308833083578019	-0.800986791479557	GPX8
ENSG00000037965	1.3173	0.673538461538462	3.55661425560153	0.000776912826617686	0.00311588370916293	-0.810550516999456	HOXC8
ENSG00000110660	1.50609615384615	0.644067307692308	3.55651285044429	0.000777156576721719	0.00311621383474436	-0.810840714896695	SLC35F2
ENSG00000166924	1.63724615384615	-2.29282307692308	3.5545469814505	0.00078189641548152	0.00313391746429397	-0.816465562507479	NYAP1
ENSG00000095787	1.02743461538462	4.68393653846154	3.55441931422938	0.000782205180476849	0.003134504172461	-0.816830784174846	WAC
ENSG00000138741	2.19657692307692	-6.15396923076923	3.55409740815035	0.000782984230988022	0.00313585608220499	-0.817751635087981	TRPC3
ENSG00000112029	1.28786538461538	1.66155192307692	3.55407854369899	0.000783029908109002	0.00313585608220499	-0.817805597511796	FBXO5
ENSG00000073605	1.38142307692308	0.239292307692308	3.55374107702803	0.000783847456599147	0.00313847904060015	-0.818770902814879	GSDMB
ENSG00000177150	1.35466538461539	2.884975	3.55286984838046	0.000785961862974558	0.00314564002508768	-0.821262743476146	FAM210A
ENSG00000177599	1.27995384615385	-0.864723076923077	3.55263070715361	0.000786543190975456	0.00314666180630036	-0.821946656059013	ZNF491
ENSG00000197608	1.20093846153846	1.5684	3.55202386176185	0.000788020210496838	0.00315011618285722	-0.82368202653867	ZNF841
ENSG00000274808	1.82315	-0.295321153846154	3.55200776566282	0.000788059423251179	0.00315011618285722	-0.823728053385056	TBC1D3B
ENSG00000139304	1.96912692307693	-8.98123653846154	3.55173227672705	0.000788730848161031	0.0031521473213359	-0.824515794864492	PTPRQ
ENSG00000154237	1.16331153846154	1.58012115384615	3.55087126737343	0.000790832827154537	0.00315923966526573	-0.826977547537178	LRRK1
ENSG00000129474	1.41911923076923	1.57943653846154	3.55021203197432	0.000792445823907532	0.00316437354962497	-0.828862148996713	AJUBA
ENSG00000174840	1.06937692307692	2.09726923076923	3.54983671460689	0.000793365539037162	0.00316739089969686	-0.829934997723708	PDE12
ENSG00000179698	1.96153846153846	-3.05992307692308	3.54883212478391	0.000795832294611972	0.00317592532207875	-0.832806282919706	WDR97
ENSG00000154127	1.53485384615385	0.933203846153846	3.54830362174999	0.000797132958594214	0.00317914411151738	-0.834316630647369	UBASH3B
ENSG00000182264	2.49524615384616	-6.09060384615385	3.5481213034182	0.000797582120015082	0.00317962157427739	-0.834837624807475	IZUMO1
ENSG00000243232	2.39338846153846	-5.56701346153846	3.5478593375439	0.000798227924274819	0.00318153905064564	-0.83558619131676	PCDHAC2
ENSG00000129221	2.13752307692308	-8.70649230769231	3.54758635653226	0.000798901413496232	0.00318290897517394	-0.836366197107659	AIPL1
ENSG00000153558	1.00083846153846	2.028	3.54578031361758	0.000803370881593653	0.00319741610874274	-0.841525779916184	FBXL2
ENSG00000144214	1.54152692307692	-1.75890961538462	3.54354122984423	0.00080894509606206	0.00321827435888004	-0.847920231252862	LYG1
ENSG00000053702	1.05616153846154	-0.686892307692308	3.54280481972516	0.000810786434026105	0.00322493520214422	-0.85002274875052	NRIP2
ENSG00000163939	1.07023461538462	3.12668653846154	3.54228919122399	0.000812078100624415	0.00322940741169202	-0.85149475338197	PBRM1
ENSG00000166073	1.38674615384615	1.65551538461538	3.54193043638747	0.000812977949870337	0.00323231995187376	-0.852518840179462	GPR176
ENSG00000122376	1.07443846153846	2.52954230769231	3.54019705311652	0.000817339121303431	0.00324805306283669	-0.85746597774515	SHLD2
ENSG00000163697	1.30314230769231	2.03627115384615	3.54017747940597	0.000817388495564743	0.00324805306283669	-0.857521833227913	APBB2
ENSG00000105835	1.43514615384615	5.60770769230769	3.54015711459505	0.000817439868375932	0.00324805306283669	-0.857579945988798	NAMPT
ENSG00000140968	1.33599615384615	1.05591346153846	3.53996374647346	0.000817927817224918	0.00324932304093283	-0.858131728415851	IRF8
ENSG00000173626	2.41043076923077	-7.13909615384616	3.53966220858345	0.000818689277580436	0.00325167883233234	-0.858992139561943	TRAPPC3L
ENSG00000133115	-2.87264230769231	-5.11080192307692	-3.53942927332392	0.000819277961073278	0.00325334755864997	-0.859656768135922	STOML3
ENSG00000111879	2.01385	-2.24332115384615	3.53879181842007	0.00082089102579617	0.00325908257320927	-0.861475463996044	FAM184A
ENSG00000166323	2.05767307692308	-2.485525	3.53853947704849	0.000821530405329405	0.00326095032162729	-0.862195352370376	C11orf65
ENSG00000149970	1.98638461538462	-2.41379615384615	3.538026425945	0.000822831831309599	0.00326477345113447	-0.863658904343341	CNKSR2
ENSG00000196873	1.05283076923077	3.39296153846154	3.53770343026943	0.000823652162334328	0.00326735669739818	-0.864580228278375	ZNG1C
ENSG00000105967	1.61713461538462	-0.861628846153846	3.53752549208146	0.000824104415154164	0.00326847904781607	-0.865087762938429	TFEC
ENSG00000169499	1.15936153846154	3.65578461538462	3.53636187137661	0.00082706774422263	0.0032795580662961	-0.86840637743254	PLEKHA2
ENSG00000018610	1.16625769230769	3.68354423076923	3.5361935322086	0.000827497283935669	0.00328058740435618	-0.868886419961537	STEEP1
ENSG00000126778	1.56840769230769	-0.45465	3.53538457640027	0.000829564408109547	0.00328743210218407	-0.871193071700431	SIX1
ENSG00000186377	2.12891538461539	-3.83124230769231	3.53466814723403	0.000831399205513552	0.00329335088529204	-0.87323561955535	CYP4X1
ENSG00000049883	1.05495384615385	1.74936538461538	3.53453454320296	0.000831741796998869	0.00329339363468689	-0.87361649771861	PTCD2
ENSG00000172817	2.27143076923077	0.878807692307692	3.53453086573371	0.000831751228777838	0.00329339363468689	-0.873626981315593	CYP7B1
ENSG00000145936	1.10557692307692	-1.43824615384615	3.53240788145917	0.000837213186757202	0.00331298198933462	-0.87967797590653	KCNMB1
ENSG00000112599	1.94841153846154	-1.76625576923077	3.53228301380996	0.000837535504504187	0.00331357816016486	-0.880033807060832	GUCA1B
ENSG00000082175	1.88698076923077	-6.70889423076923	3.53201694398028	0.000838222698218175	0.00331561736551341	-0.880791991226423	PGR
ENSG00000179240	1.23245769230769	-0.601517307692308	3.53172016291664	0.000838989845208358	0.00331729229456308	-0.881637647218988	GVQW3
ENSG00000120820	1.18931923076923	0.245125	3.53148582891973	0.000839596045712435	0.0033190093119777	-0.882305333603732	GLT8D2
ENSG00000080839	1.15650384615385	1.25493653846154	3.53125356055701	0.000840197314291291	0.00332070613385848	-0.882967107178286	RBL1
ENSG00000132031	1.52847307692308	-1.27806730769231	3.53069753837514	0.000841638344582622	0.00332562259475537	-0.884551202479321	MATN3
ENSG00000143119	1.36931538461538	3.53267692307692	3.52890781448902	0.000846292732344836	0.00334205986343134	-0.889649032943364	CD53
ENSG00000162772	1.2793	2.53094615384615	3.52793960198428	0.000848820890920571	0.00335135808088357	-0.892406208073246	ATF3
ENSG00000082458	1.21869615384615	1.09585192307692	3.52723656657958	0.000850661135323786	0.00335793699287424	-0.894407943960285	DLG3
ENSG00000168938	1.49663076923077	3.06169615384615	3.52625072901873	0.000853248034821134	0.00336745999103503	-0.897214476911113	PPIC
ENSG00000271605	1.34494230769231	1.08150961538462	3.52479204387402	0.000857089463750995	0.00337988145898368	-0.901366239435536	MILR1
ENSG00000132854	2.78138461538462	-5.44333461538462	3.52478965252504	0.000857095774839409	0.00337988145898368	-0.901373044900283	KANK4
ENSG00000103710	1.12523076923077	0.0566923076923077	3.52392510585956	0.000859380331001232	0.00338681472627946	-0.903833242324544	RASL12
ENSG00000165379	2.34845384615385	-3.70502307692308	3.52149827165972	0.000865824241575178	0.00340932980504932	-0.910737151770261	LRFN5
ENSG00000141337	-1.01577307692308	2.24328653846154	-3.52137883993555	0.000866142550441515	0.00340932980504932	-0.911076837044625	ARSG
ENSG00000196083	1.58208076923077	2.93493269230769	3.52063121252108	0.000868137656831151	0.00341547723514166	-0.913203060275378	IL1RAP
ENSG00000254122	2.00165	-0.504778846153846	3.5199741699645	0.000869894641826736	0.00342126655892043	-0.915071430991982	PCDHGB7
ENSG00000175544	1.73435769230769	-2.60365576923077	3.51901004868952	0.000872478910284309	0.00342863607598087	-0.91781261863903	CABP4
ENSG00000170537	1.75137307692308	-2.188675	3.51799350576891	0.000875211607591691	0.00343751005931105	-0.920702343404124	TMC7
ENSG00000267426	2.52859615384616	-3.11571346153846	3.51786524456228	0.000875556981122211	0.00343793254812898	-0.921066914252697	
ENSG00000035928	1.14955	3.93626730769231	3.51760583616766	0.000876255896013604	0.00343997713255046	-0.921804233705602	RFC1
ENSG00000059378	1.46354230769231	3.441425	3.51681655437935	0.000878385698273469	0.00344623559629528	-0.924047409415587	PARP12
ENSG00000253309	2.50632307692308	-6.93705769230769	3.51655057250158	0.000879104534801047	0.00344835497566848	-0.924803271464185	SERPINE3
ENSG00000140287	2.74799615384616	-4.42254423076923	3.51556889652335	0.000881762440694582	0.00345794899805754	-0.927592669533436	HDC
ENSG00000187372	1.53648076923077	-0.789136538461538	3.5155149723724	0.000881908662769376	0.00345794899805754	-0.927745879021793	PCDHB13
ENSG00000198521	1.52747307692308	0.372890384615385	3.51522699708979	0.000882689934630126	0.0034603094655088	-0.928564050537177	ZNF43
ENSG00000163376	1.45170384615385	-2.27555576923077	3.51509135304859	0.000883058162748109	0.00346034748589662	-0.928949416630811	KBTBD8
ENSG00000138823	2.15485384615385	-3.83800769230769	3.51483671295316	0.000883749820252353	0.00346235493816342	-0.929672826605735	MTTP
ENSG00000081320	1.16225384615385	1.16034615384615	3.51453719713065	0.000884564029990552	0.00346413866319895	-0.93052368260482	STK17B
ENSG00000124275	1.01138076923077	3.62497115384615	3.51418086690416	0.000885533615276168	0.00346652917778866	-0.931535876275614	MTRR
ENSG00000177688	2.49049230769231	-6.87055	3.51320235655353	0.000888201377882253	0.00347485836993537	-0.934315108159907	SUMO4
ENSG00000078579	2.2612576923077	-8.36424807692308	3.51311889510275	0.000888429276846995	0.00347504565977255	-0.934552138658587	FGF20
ENSG00000164010	1.05972692307692	1.18106346153846	3.51199567127007	0.000891501760598221	0.00348353410624038	-0.937741751260385	ERMAP
ENSG00000205133	1.25141538461538	3.09683461538462	3.51043417795699	0.000895789901495132	0.00349857151259996	-0.942174854685233	TRIQK
ENSG00000188559	1.00253076923077	1.15541923076923	3.5103964143034	0.000895893850011999	0.00349857151259996	-0.942282050990773	RALGAPA2
ENSG00000204519	1.27479230769231	0.307330769230769	3.51027769401705	0.000896220715153971	0.00349914006161349	-0.942619046945365	ZNF551
ENSG00000086288	3.07860769230769	-4.56523461538462	3.51002450546571	0.000896918182577955	0.00350022521528318	-0.943337716770484	NME8
ENSG00000104833	-1.77446923076923	6.18283461538462	-3.51100848216853	0.000897017350127987	0.00350022521528318	-0.942771737793163	TUBB4A
ENSG00000116750	1.16950384615385	3.78273653846154	3.50995638159097	0.000897105934003624	0.00350022521528318	-0.943531079265648	UCHL5
ENSG00000164334	2.03546153846154	-8.58858846153846	3.50984778587362	0.000897405304379446	0.00350022521528318	-0.94383931199518	FAM170A
ENSG00000144560	1.19872692307692	4.63935576923077	3.50869084014044	0.000900600613677123	0.00351126916699848	-0.947122758942411	VGLL4
ENSG00000197808	1.36133461538462	0.530371153846154	3.50825615544232	0.000901803943354375	0.0035145409890106	-0.948356232009305	ZNF461
ENSG00000146090	2.37600384615385	-1.71170576923077	3.50810697098906	0.000902217280542507	0.00351531691993347	-0.948779539785004	RASGEF1C
ENSG00000105997	2.33472692307692	-0.376975	3.50801410310431	0.000902474675552882	0.00351531691993347	-0.949043044776293	HOXA3
ENSG00000077616	1.61980769230769	-3.34550769230769	3.50798715503158	0.000902549378603857	0.00351531691993347	-0.949119506900018	NAALAD2
ENSG00000168461	1.05812692307692	2.77930961538462	3.50762821742758	0.000903544954934267	0.00351848462075775	-0.950137916860645	RAB31
ENSG00000123364	2.54468846153846	0.190298076923077	3.50642970712449	0.000906876810211622	0.00352932319909575	-0.953537964694787	HOXC13
ENSG00000108932	-2.29404615384615	1.86806538461538	-3.5058886466761	0.000908384784643396	0.00353305490589794	-0.955072657742481	SLC16A6
ENSG00000124251	2.14317307692308	-3.25953269230769	3.50503223301986	0.000910776550169708	0.00354164378483599	-0.957501532133583	TP53TG5
ENSG00000103995	1.19696923076923	0.0817038461538462	3.50473298541806	0.000911613691609421	0.00354336686813449	-0.958350140403988	CEP152
ENSG00000175471	1.44891153846154	0.695325	3.50364119999034	0.000914674161333104	0.00355393625930211	-0.961445847192856	MCTP1
ENSG00000240053	1.28405769230769	1.40694038461538	3.50341765025936	0.000915302016000625	0.00355566005531497	-0.962079637433303	LY6G5B
ENSG00000185736	2.91636538461539	-3.33467115384615	3.50291969246271	0.000916702038989538	0.00355966595425771	-0.96349131618044	ADARB2
ENSG00000198865	2.15636923076923	-1.95942692307692	3.50282484976375	0.000916968922947369	0.00355998614635017	-0.963760174939131	CCDC152
ENSG00000165983	1.10326153846154	1.67232307692308	3.50254965917948	0.000917743717965507	0.00356179601725245	-0.964540255511049	PTER
ENSG00000101162	1.89498076923077	-4.86754038461538	3.50143601257595	0.000920885539715704	0.0035701654093457	-0.967696707961967	TUBB1
ENSG00000111452	1.58805384615385	-1.47695769230769	3.50128521989514	0.000921311742198109	0.00357110051398596	-0.968124057170926	ADGRD1
ENSG00000121579	1.00487307692308	5.10242884615385	3.5008985419791	0.000922405511843874	0.00357410997743084	-0.969219856642917	NAA50
ENSG00000131724	1.06395769230769	4.25984038461539	3.50087982975782	0.000922458473167925	0.00357410997743084	-0.969272882937194	IL13RA1
ENSG00000095585	1.46072692307692	0.582725	3.50021025549162	0.000924355478948497	0.00358074128238869	-0.971170191133688	BLNK
ENSG00000258311	1.25613461538462	0.268909615384615	3.49909245503899	0.000927530651216252	0.00358943948685391	-0.974337086973567	
ENSG00000239642	3.0782	-5.51309615384615	3.49819232843722	0.000930095049412651	0.00359864196007464	-0.976886818433334	MEIKIN
ENSG00000148090	1.12675384615385	2.11456923076923	3.49811435292638	0.00093031751343909	0.00359878135509314	-0.977107675314794	AUH
ENSG00000149090	1.50843461538462	-1.26751346153846	3.49788741461102	0.000930965256259388	0.00360056548619014	-0.977750435018127	PAMR1
ENSG00000261934	2.25387692307692	-2.18386923076923	3.49759674490343	0.000931795532350432	0.00360305471974367	-0.978573663521993	PCDHGA9
ENSG00000163072	1.38650769230769	0.0719192307692307	3.49738908524985	0.000932389127877185	0.00360462794620735	-0.979161766407788	NOSTRIN
ENSG00000116690	2.37249615384616	-5.08144423076923	3.4970597731092	0.000933331204995614	0.00360743395034206	-0.980094350442664	PRG4
ENSG00000137033	2.33054615384615	0.0810961538461539	3.49700474634244	0.00093348871066459	0.00360743395034206	-0.980250176195018	IL33
ENSG00000064201	2.13556538461538	-0.957882692307692	3.49684486870876	0.000933946479325066	0.00360848056253237	-0.980702911707738	TSPAN32
ENSG00000128833	1.85490769230769	-1.58086153846154	3.49581470670421	0.000936901209969842	0.00361700081120957	-0.983619774000812	MYO5C
ENSG00000081818	1.77316153846154	-1.53371923076923	3.4947213853576	0.00094004682238196	0.00362841907867206	-0.98671487839493	PCDHB4
ENSG00000221843	1.08776153846154	-1.97016153846154	3.49345881318801	0.000943691889644367	0.00363957733182921	-0.990288360632128	C2orf16
ENSG00000178385	1.20145	-0.570990384615385	3.4932993311073	0.000944153272419709	0.00364062936826161	-0.990739688045628	PLEKHM3
ENSG00000184500	1.57818076923077	4.16164038461538	3.4912967405023	0.000949965075987458	0.00366011494247224	-0.996405829562443	PROS1
ENSG00000134042	2.30836153846154	-2.17373461538461	3.49098783594677	0.00095086458493582	0.00366284954759851	-0.99727966385988	MRO
ENSG00000183111	2.21607692307692	0.574826923076923	3.49084576986463	0.000951278543583144	0.0036637130340753	-0.997681526394375	ARHGEF37
ENSG00000110934	1.25161538461539	0.856534615384616	3.49057166474773	0.00095207772810568	0.00366605952236664	-0.998456858843299	BIN2
ENSG00000196693	1.38726153846154	1.20921153846154	3.48997753685988	0.000953812168167395	0.00367127343611869	-1.00013727461191	ZNF33B
ENSG00000135312	2.58991153846154	-7.06519423076923	3.48903023924659	0.000956583835782668	0.00367971991581804	-1.00281621381072	HTR1B
ENSG00000185985	2.11512692307692	0.472005769230769	3.48866733758596	0.000957647666218736	0.00368236511972515	-1.00384237128813	SLITRK2
ENSG00000104974	1.46243461538462	-2.35075192307692	3.48778382316222	0.000960242357015525	0.00369160689453708	-1.00634035629824	LILRA1
ENSG00000148019	1.10617692307692	1.97706923076923	3.48743348539156	0.000961273073488804	0.00369463957419445	-1.00733076568736	CEP78
ENSG00000125885	1.18997307692308	1.67326730769231	3.48732060141775	0.000961605409560841	0.00369463957419445	-1.00764987678067	MCM8
ENSG00000105696	1.69824615384615	-2.15489230769231	3.48713276361577	0.000962158655674659	0.00369602955830606	-1.00818086001707	TMEM59L
ENSG00000149218	1.11276538461539	4.20106346153846	3.48610213282489	0.000965199604746048	0.00370549880079812	-1.01109394465542	ENDOD1
ENSG00000071794	1.47293846153846	2.58947307692308	3.48592766486632	0.000965715288603668	0.00370622687011672	-1.01158702575711	HLTF
ENSG00000116745	2.6052	-4.93281153846154	3.48590805874294	0.000965773255798948	0.00370622687011672	-1.01164243558338	RPE65
ENSG00000185634	1.94137307692308	2.76153269230769	3.48546986074719	0.000967069689788204	0.00370970759202965	-1.01288079715014	SHC4
ENSG00000253537	2.06035	-1.49514038461538	3.48496299606283	0.000968571342563636	0.00371253626400037	-1.01431309054501	PCDHGA7
ENSG00000069188	2.29845769230769	-2.01611730769231	3.48460016549935	0.000969647637016855	0.003715923831117	-1.01533829302823	SDK2
ENSG00000137561	2.71813846153846	-3.34163461538462	3.4843447903988	0.000970405859300555	0.00371735350309161	-1.01605983241437	TTPA
ENSG00000187479	-1.12281153846154	5.10619038461538	-3.48318798772698	0.000973847535469425	0.0037283179248644	-1.01932785659739	C11orf96
ENSG00000153347	2.80238846153847	-7.33014038461539	3.48291959826103	0.000974647695141927	0.00373064137603106	-1.02008597214006	FAM81B
ENSG00000268434	3.52537692307693	-5.48881923076923	3.48076528431209	0.00098109312080723	0.0037538236889875	-1.02616989357727	
ENSG00000187105	2.59019615384616	-4.71156346153846	3.48067948805657	0.000981350649348481	0.0037540649196143	-1.02641213853454	HEATR4
ENSG00000198142	1.14547307692308	1.63900576923077	3.48042534197747	0.000982113878893099	0.00375624018313325	-1.02712969558476	SOWAHC
ENSG00000102781	1.03128461538462	1.70471153846154	3.48007794394586	0.000983158067757952	0.00375874434183635	-1.02811048705295	KATNAL1
ENSG00000257446	1.70294230769231	-3.43179807692308	3.47945722303923	0.000985026423353668	0.00376439616907461	-1.02986278339468	ZNF878
ENSG00000186038	1.86670384615385	-8.89939423076923	3.47928819777021	0.000985535770030958	0.00376559718307751	-1.03033990786754	HTR3E
ENSG00000100592	1.18705769230769	2.68426730769231	3.47868509046685	0.000987355236464109	0.00377105621873104	-1.03204223965096	DAAM1
ENSG00000116704	1.05398461538462	1.58597692307692	3.47745934087109	0.000991062949320138	0.00378222382576643	-1.03550146821982	SLC35D1
ENSG00000154240	1.27909615384615	1.27420961538462	3.47654745508895	0.000993829853400441	0.00378828942736744	-1.03807443159171	CEP112
ENSG00000220201	1.15041153846154	0.572086538461539	3.47578616938671	0.000996145420289872	0.00379541925564097	-1.04022213734963	ZGLP1
ENSG00000174015	2.58361153846154	-7.70174038461538	3.47573863242813	0.000996290181232596	0.00379541925564097	-1.0403562366648	CBY2
ENSG00000197013	1.38671923076923	0.870421153846153	3.47472043673229	0.000999395626825747	0.00380499680169968	-1.04322823593858	ZNF429
ENSG00000116793	1.01266153846154	3.02910384615385	3.47413610009439	0.00100118197786677	0.00381104628648439	-1.04487621944768	PHTF1
ENSG00000136982	1.08303076923077	1.43178076923077	3.47399408483248	0.00100161658505706	0.00381194892376899	-1.04527671348231	DSCC1
ENSG00000187231	1.41496538461538	2.74099423076923	3.47359354247307	0.00100284332535195	0.00381586530835182	-1.04640621815911	SESTD1
ENSG00000183801	1.13056153846154	-0.0414192307692308	3.47337411790481	0.00100351596195845	0.00381767217455341	-1.0470249469416	OLFML1
ENSG00000008513	1.18856923076923	3.44372307692308	3.47271429390976	0.00100554120901682	0.00382386957400544	-1.0488853557892	ST3GAL1
ENSG00000074657	1.3952	3.69235	3.47095346768034	0.00101096488109814	0.003841816178906	-1.0538490041043	ZNF532
ENSG00000188868	1.79838461538462	-0.111773076923077	3.47018914834463	0.00101332777155785	0.00384968824530235	-1.05600307189037	ZNF563
ENSG00000112210	1.42838846153846	2.15315192307692	3.46954935232663	0.00101530973401616	0.00385645883426092	-1.05780596684315	RAB23
ENSG00000143954	4.1543076923077	-4.22912692307692	3.46940233030828	0.00101576569972972	0.00385743169425196	-1.05822023360406	REG3G
ENSG00000005020	1.53926923076923	2.50620769230769	3.46912269369732	0.00101663348599818	0.00385986160169718	-1.05900814036347	SKAP2
ENSG00000164251	2.30662692307692	-1.17308269230769	3.46882718551464	0.00101755129172071	0.00386193326466474	-1.05984072330103	F2RL1
ENSG00000145428	3.00270384615385	-1.83651730769231	3.46865554340322	0.00101808474883796	0.00386319833041462	-1.06032429772318	RNF175
ENSG00000171116	1.69073846153846	-1.6696	3.46776032158524	0.00102087137545956	0.00387072876851226	-1.06284619748565	HSFX1
ENSG00000165716	-1.29813076923077	4.20002307692308	-3.46703914430655	0.00102312151091316	0.00387849853204177	-1.06487750217504	DIPK1B
ENSG00000117519	1.37177692307693	6.22786923076923	3.4669143349921	0.00102351140493338	0.00387858447835424	-1.06522901927736	CNN3
ENSG00000149488	2.09898461538462	-6.51529230769231	3.46690324808323	0.0010235460463522	0.00387858447835424	-1.06526024442826	TMC2
ENSG00000269891	2.00155384615385	-8.50836923076923	3.46670083469046	0.00102417868971059	0.00388022006820088	-1.06583031003181	ARHGAP19-SLIT1
ENSG00000177570	2.31280384615385	-4.48983653846154	3.46634600130562	0.00102528861886492	0.00388363449341055	-1.06682959175714	SAMD12
ENSG00000204920	1.01991153846154	1.11479038461538	3.46617616602244	0.00102582027302232	0.00388387480643447	-1.06730785891483	ZNF155
ENSG00000139549	1.89385769230769	-2.06210961538461	3.46613532034875	0.00102594817582808	0.00388387480643447	-1.06742288076185	DHH
ENSG00000170381	3.65679230769231	-4.21834615384615	3.46521264816087	0.00102884144266184	0.00389253750836956	-1.07002090642125	SEMA3E
ENSG00000276903	-3.07613846153846	-3.96944230769231	-3.46385417719546	0.00103311538107212	0.00390794164233494	-1.0738452396585	H2AC16
ENSG00000184349	1.52885384615385	1.14339230769231	3.46355286669086	0.00103406562933758	0.00391076975766129	-1.07469335253463	EFNA5
ENSG00000172671	1.23588076923077	0.366471153846154	3.46302950324957	0.00103571814451967	0.0039162521730976	-1.07616637703141	ZFAND4
ENSG00000198113	1.20811923076923	0.270282692307692	3.46289745518051	0.00103613548136653	0.00391706290576147	-1.07653800857683	TOR4A
ENSG00000118777	1.73071538461538	-1.51244615384615	3.46199495655525	0.00103899210233898	0.00392632430529549	-1.07907772894931	ABCG2
ENSG00000168913	2.17005384615385	0.544353846153846	3.45970140389705	0.00104628545217677	0.0039500191831348	-1.08553012216235	ENHO
ENSG00000029559	2.97868846153846	-3.97897115384616	3.45960273436649	0.00104660030380373	0.00395043521007499	-1.08580764572805	IBSP
ENSG00000155380	1.03618846153846	4.34184807692308	3.45877396542326	0.00104924843770429	0.00395810877330583	-1.08813849024216	SLC16A1
ENSG00000128652	1.21945384615385	0.208542307692308	3.45826210328621	0.00105088715027424	0.00396322080434609	-1.08957788323913	HOXD3
ENSG00000131142	3.08727692307693	-6.50941153846154	3.45822244704265	0.00105101421009416	0.00396322080434609	-1.08968939378878	CCL25
ENSG00000262209	2.41971538461539	-3.7257	3.45779691818219	0.00105237853657312	0.00396759040849043	-1.0908858996959	PCDHGB3
ENSG00000137809	1.37519230769231	-0.425546153846154	3.45730182472652	0.00105396801820453	0.00397280700164072	-1.09227789022804	ITGA11
ENSG00000156802	1.21668461538462	2.46778846153846	3.45715497683459	0.00105443990707636	0.00397380974742189	-1.09269073918772	ATAD2
ENSG00000059769	1.07145384615385	2.18069230769231	3.45687291303342	0.00105534686912663	0.00397645141806584	-1.09348370362998	DNAJC25
ENSG00000267127	1.99864230769231	-3.077875	3.45633766948945	0.00105706995604529	0.00398068275949794	-1.09498831787653	
ENSG00000185774	1.28752692307692	-1.73825576923077	3.45633190548363	0.00105708852640452	0.00398068275949794	-1.09500452017179	KCNIP4
ENSG00000185862	1.34791923076923	1.89828269230769	3.45528205370033	0.00106047609239869	0.00399188182752963	-1.09795530786004	EVI2B
ENSG00000164318	1.02076153846154	0.553619230769231	3.45389584976618	0.00106496477038445	0.00400409329231224	-1.1018505975672	EGFLAM
ENSG00000120217	1.59734230769231	0.668636538461538	3.45293984300872	0.00106807093344565	0.00401498991787757	-1.10453643641387	CD274
ENSG00000119865	1.32305384615385	2.30647692307692	3.45187855694994	0.0010715292394018	0.00402720578430159	-1.10751749657678	CNRIP1
ENSG00000168743	1.38323461538462	-0.420517307692308	3.45010900914443	0.00107731915168366	0.00404504353957401	-1.11248670538895	NPNT
ENSG00000184613	1.73461153846154	0.625163461538461	3.45010778913426	0.00107732315375589	0.00404504353957401	-1.11249013083763	NELL2
ENSG00000186174	1.20426538461538	3.57526346153846	3.44976058507285	0.00107846268204185	0.00404853464633484	-1.11346495177033	BCL9L
ENSG00000092850	2.42776923076923	-4.28226153846154	3.44865755046672	0.00108209045703366	0.00406115980860195	-1.11656145157067	TEKT2
ENSG00000140749	1.06999230769231	0.965053846153846	3.44861015467864	0.00108224659666624	0.00406115980860195	-1.11669448951913	IGSF6
ENSG00000072858	1.42122307692308	-1.3884	3.44839162900452	0.0010829667796304	0.00406240936768129	-1.11730786666989	SIDT1
ENSG00000266964	1.95873846153846	3.00671923076923	3.44797781193698	0.00108433182097436	0.00406582306532012	-1.11846933710656	FXYD1
ENSG00000215472	2.86706923076923	2.07713846153846	3.44998738216011	0.00108460664175321	0.00406606370280873	-1.117303624108	RPL17-C18orf32
ENSG00000006740	1.11409230769231	-2.23706153846154	3.44773693234808	0.00108512715289935	0.00406643553337529	-1.11914537882571	ARHGAP44
ENSG00000268223	1.85185	-8.90682115384615	3.44696277124737	0.00108768701774909	0.00407444643966828	-1.12131790045997	ARL14EPL
ENSG00000223547	1.55067692307692	-0.14555	3.44684907656085	0.00108806344675992	0.0040750657184336	-1.12163693470063	ZNF844
ENSG00000108691	1.37085	4.75664038461539	3.44575578649838	0.00109168951554786	0.00408706026350277	-1.12470443113453	CCL2
ENSG00000123843	2.65246923076923	-5.62083076923077	3.4452805392271	0.00109326932418079	0.00409138770156296	-1.12603766180978	C4BPB
ENSG00000112893	1.1282	2.28061538461538	3.44477050048803	0.00109496720135535	0.0040961534666206	-1.12746836399246	MAN2A1
ENSG00000186026	1.24466923076923	-0.527819230769231	3.44407871046275	0.00109727411577444	0.0041031929982166	-1.12940867821467	ZNF284
ENSG00000171724	2.37275	-4.12855192307692	3.44360688292409	0.00109885016737273	0.00410669986075426	-1.13073190496596	VAT1L
ENSG00000182389	2.12612307692308	-4.48889615384615	3.4434352461952	0.00109942402081458	0.0041074086769831	-1.13121322655128	CACNB4
ENSG00000160870	2.77360384615385	-7.38985961538461	3.44322778958921	0.00110011801498845	0.00410905147897098	-1.13179497753991	CYP3A7
ENSG00000182308	1.85553846153846	-3.71950384615385	3.44263236580005	0.00110211216751748	0.00411490738289939	-1.13346454412556	DCAF4L1
ENSG00000170092	1.77845384615385	-2.65734230769231	3.44196353054632	0.00110435627816434	0.00412248873281885	-1.13533973656695	SPDYE5
ENSG00000183840	2.28527307692308	-2.80966346153846	3.44168188076537	0.00110530258184499	0.00412522346043192	-1.13612931966957	GPR39
ENSG00000169224	2.49382307692308	-6.52147692307692	3.44104634368543	0.00110744072693891	0.00413240447556577	-1.13791084660228	GCSAML
ENSG00000176463	1.22193461538462	1.989325	3.43967985506338	0.00111205132965107	0.00414707924964035	-1.14174065347264	SLCO3A1
ENSG00000142583	1.60916153846154	-0.0315153846153846	3.4395578071329	0.00111246401109756	0.00414714036427506	-1.14208266542818	SLC2A5
ENSG00000154309	1.16961923076923	1.52493269230769	3.43884942614013	0.0011148621371029	0.00415343406427417	-1.14406759128813	DISP1
ENSG00000121764	2.31489615384616	-8.50636346153846	3.4388176796035	0.00111496972545429	0.00415343406427417	-1.14415654086782	HCRTR1
ENSG00000111199	1.88885384615385	1.33077307692308	3.43853472750635	0.0011159290798149	0.00415524286799131	-1.1449493119005	TRPV4
ENSG00000148942	2.71199615384616	-7.04679807692308	3.43801641228486	0.00111768847040698	0.00415858530151616	-1.14640141181499	SLC5A12
ENSG00000148925	1.06441153846154	3.31049423076923	3.4377048738335	0.00111874723631398	0.00416092059779746	-1.14727414344105	BTBD10
ENSG00000109762	1.07579230769231	2.71737692307692	3.4374946864622	0.00111946209765661	0.00416197551445792	-1.14786292557585	SNX25
ENSG00000168263	2.01172692307692	-5.36425961538462	3.43725684233705	0.00112027154452	0.00416418286614088	-1.14852915276495	KCNV2
ENSG00000072201	1.6803	-1.2642	3.43689599259421	0.00112150067341354	0.00416714677553448	-1.14953987578877	LNX1
ENSG00000168575	1.00994230769231	3.97455576923077	3.43676536830259	0.00112194592232767	0.00416799887195746	-1.14990573152332	SLC20A2
ENSG00000138079	1.95541923076923	-5.18076346153846	3.43623318102355	0.00112376168329858	0.00417153303321393	-1.15139620291965	SLC3A1
ENSG00000253767	2.15122307692308	-4.99591538461538	3.4360674264897	0.00112432778802016	0.00417283201156568	-1.15186039356917	PCDHGA8
ENSG00000170374	2.02665	-7.38379423076923	3.43584700373822	0.001125081021616	0.00417473006520158	-1.15247765876931	SP7
ENSG00000182103	2.60861153846154	-3.45535576923077	3.43573047112072	0.00112547943307337	0.00417473006520158	-1.15280398295619	FAM181B
ENSG00000204291	1.17149230769231	3.60581538461538	3.43559204037199	0.00112595288575869	0.00417565197959653	-1.15319161889167	COL15A1
ENSG00000131969	2.88274230769231	-1.64858653846154	3.43545439973685	0.00112642382361073	0.00417659605592739	-1.15357703244062	ABHD12B
ENSG00000126947	1.23391538461538	3.49852307692308	3.43403039329509	0.00113130705387666	0.00419309140955859	-1.15756387562802	ARMCX1
ENSG00000163565	1.02752692307692	7.36742884615385	3.43361392346471	0.00113273901429257	0.00419738292261089	-1.15872968176731	IFI16
ENSG00000166148	1.92961923076923	-1.96219807692308	3.43343431909107	0.00113335708415072	0.00419801475136151	-1.15923241268253	AVPR1A
ENSG00000147138	2.84790384615385	-4.17588269230769	3.43235770296152	0.00113706874394934	0.00420858375289755	-1.16224561814064	GPR174
ENSG00000197405	1.20903846153846	0.917434615384615	3.43210679769572	0.00113793540226042	0.004210382800428	-1.16294775846754	C5AR1
ENSG00000153898	1.05771538461538	1.26241538461538	3.43186915297252	0.00113875683517578	0.00421261463959334	-1.16361275983785	MCOLN2
ENSG00000103994	1.40251153846154	4.632075	3.43146072840192	0.00114016989377764	0.00421703381099633	-1.16475558572391	ZNF106
ENSG00000122870	1.43612692307692	-0.747648076923077	3.43133384652335	0.00114060921574218	0.00421785051560755	-1.16511060025709	BICC1
ENSG00000178562	1.44879615384615	-1.46258269230769	3.43115575493335	0.00114122611975195	0.00421879445112999	-1.16560888500345	CD28
ENSG00000152778	1.26092307692308	2.14705384615385	3.43108468764298	0.00114147238314735	0.00421879445112999	-1.16580772046758	IFIT5
ENSG00000018625	2.62645	-4.78229038461539	3.43107090520964	0.00114152014807294	0.00421879445112999	-1.16584628131365	ATP1A2
ENSG00000189253	1.84903846153846	-8.50906538461538	3.42974652185149	0.00114611884240148	0.0042325486923428	-1.16955121258642	TRIM64B
ENSG00000111404	3.11878461538462	-6.88362307692308	3.42897925189119	0.00114879109514113	0.00424160568276766	-1.17169721330276	RERGL
ENSG00000176692	2.24613846153846	-3.93466153846154	3.4285606733339	0.00115025141530238	0.00424618532598619	-1.17286781880083	FOXC2
ENSG00000235162	1.27570769230769	3.14886923076923	3.42837984010863	0.00115088284390768	0.00424770392656785	-1.17337351245005	C12orf75
ENSG00000124743	2.35277692307692	-5.38498461538462	3.42829475734453	0.00115118004742052	0.00424798861696777	-1.17361143744845	KLHL31
ENSG00000024422	1.14600769230769	4.25393846153846	3.42807340828508	0.00115195358550156	0.00425003059268667	-1.17423039908813	EHD2
ENSG00000107651	1.06468076923077	3.21722115384615	3.42771200021567	0.00115321764162382	0.00425388116496552	-1.17524095478452	SEC23IP
ENSG00000186314	1.10784230769231	1.75242115384615	3.42660962048231	0.00115708144762099	0.0042641058440214	-1.17832296604828	PRELID2
ENSG00000196586	1.37288076923077	1.12011730769231	3.42660603115988	0.00115709404812641	0.0042641058440214	-1.17833299996692	MYO6
ENSG00000171714	3.35973076923077	-3.96937307692308	3.42549643550856	0.00116099559132073	0.00427603470697653	-1.18143454176066	ANO5
ENSG00000167355	2.99157307692308	-7.49125192307692	3.42359675802697	0.00116770420886894	0.00429582510840427	-1.1867430253711	OR51B5
ENSG00000171094	2.02224230769231	0.301755769230769	3.42329142996582	0.00116878588547088	0.0042987666269014	-1.18759606196827	ALK
ENSG00000115594	1.08491923076923	1.84060192307692	3.42242273716379	0.00117186858100748	0.0043078612110431	-1.19002278047141	IL1R1
ENSG00000175267	2.44546153846155	-5.95287307692308	3.42034456665607	0.00117927463905867	0.00433261103116663	-1.19582660655656	VWA3A
ENSG00000187672	2.50667692307693	-5.52231538461539	3.42026663539337	0.00117955322790316	0.00433280988738623	-1.19604420565791	ERC2
ENSG00000233757	2.10285384615385	-2.66216153846154	3.4196109673093	0.00118189958574692	0.00433977700279111	-1.19787483125575	ZNF892
ENSG00000099937	2.89220384615385	-5.53624038461538	3.41940584035233	0.00118263455710443	0.00434164983944214	-1.19844749954595	SERPIND1
ENSG00000172000	2.87019230769231	-7.02295	3.41896455251739	0.00118421716483255	0.0043457447725107	-1.19967940108643	ZNF556
ENSG00000242441	2.47580384615385	-3.74800576923077	3.41875696163137	0.00118496235090595	0.0043468886848228	-1.20025887763525	GTF2A1L
ENSG00000174130	1.86943076923077	-1.07546538461538	3.41856133163609	0.00118566500832857	0.0043478137643933	-1.20080494545179	TLR6
ENSG00000139287	2.27491538461539	-7.96126538461538	3.41669096065694	0.00119240293327184	0.00436920156054412	-1.20602475426337	TPH2
ENSG00000135824	2.33938461538462	-8.37187692307692	3.41632680630799	0.00119371900057422	0.00437319374987362	-1.20704081840204	RGS8
ENSG00000144852	2.67584615384616	-5.58236923076923	3.41565559232893	0.00119614840460858	0.0043812623632181	-1.20891345853849	NR1I2
ENSG00000183695	1.71731153846154	-9.10714423076923	3.41493759484464	0.00119875232985659	0.00438996703153515	-1.21091635960707	MRGPRX2
ENSG00000162851	1.0799	3.34775769230769	3.41483363722121	0.00119912979311348	0.00439051638779772	-1.21120633378501	TFB2M
ENSG00000144649	1.95456153846154	-2.33333461538462	3.41247165314728	0.00120773644720946	0.00441867639129723	-1.21779320409122	GASK1A
ENSG00000168779	1.71736923076923	0.137015384615385	3.41228343114458	0.00120842481010393	0.00442035704177299	-1.21831797312119	SHOX2
ENSG00000173402	1.05526923076923	5.78277692307692	3.41163865769841	0.0012107856888192	0.00442815387481565	-1.22011548119294	DAG1
ENSG00000106785	1.10004615384615	2.75963846153846	3.41104302048313	0.00121297053937491	0.00443446407605186	-1.22177581242313	TRIM14
ENSG00000128268	1.21165769230769	-1.10344423076923	3.41061141765573	0.00121455603327973	0.0044372124740438	-1.22297878330642	MGAT3
ENSG00000165029	1.22857307692308	1.807625	3.41058808482764	0.00121464180245804	0.0044372124740438	-1.2230438141784	ABCA1
ENSG00000130035	3.20805769230769	-5.20994807692308	3.40930099874742	0.00121938191347134	0.00445102372103188	-1.22663060529479	GALNT8
ENSG00000107643	1.0998	2.58362692307692	3.40926440507098	0.00121951693770331	0.00445102372103188	-1.22673257009494	MAPK8
ENSG00000125999	2.93151538461539	-7.10979615384616	3.40899141663732	0.00122052466462389	0.00445280430943771	-1.22749320417614	BPIFB1
ENSG00000156500	1.01822692307692	0.373355769230769	3.40888003353309	0.00122093605815205	0.00445346347893218	-1.22780354227027	PABIR3
ENSG00000183134	1.25303076923077	-3.25473461538462	3.40801680722034	0.00122412884721572	0.00446426584882014	-1.23020846133122	PTGDR2
ENSG00000197140	2.58032307692308	-3.82305	3.40748926391287	0.00122608395252479	0.00447055129119494	-1.23167798589014	ADAM32
ENSG00000142856	1.05574615384615	3.43200384615385	3.40695873623306	0.00122805310460574	0.00447579802624007	-1.23315567594278	ITGB3BP
ENSG00000197965	1.30606153846154	4.86842692307692	3.40691420612084	0.00122821852276815	0.00447579802624007	-1.23327969987118	MPZL1
ENSG00000173926	1.56388846153846	1.56531730769231	3.4062312208169	0.00123075829049785	0.00448175990855359	-1.23518179914056	MARCHF3
ENSG00000184792	1.57943846153846	-0.403688461538462	3.40613857988891	0.00123110317095347	0.00448175990855359	-1.23543978319375	OSBP2
ENSG00000152953	1.39830769230769	1.96350384615385	3.4061364727744	0.00123111101631273	0.00448175990855359	-1.23544565097899	STK32B
ENSG00000164626	1.4377	-0.2278	3.40609978585136	0.00123124761928507	0.00448175990855359	-1.23554781448023	KCNK5
ENSG00000113600	2.61376923076924	-6.96138846153846	3.40434651098101	0.00123779268549154	0.00450157633023969	-1.2404294004201	C9
ENSG00000090054	1.02281538461538	4.35537692307692	3.40432913951523	0.00123785769885056	0.00450157633023969	-1.24047775911963	SPTLC1
ENSG00000159167	1.87418846153846	0.750528846153846	3.40397198868472	0.00123919506708098	0.00450559095495651	-1.24147196061462	STC1
ENSG00000170340	1.11571153846154	3.38282115384615	3.40346218976829	0.00124110640731181	0.00451084108083975	-1.24289097239226	B3GNT2
ENSG00000111907	2.18028846153846	2.03048269230769	3.40334264209811	0.00124155502042064	0.00451162209321905	-1.24322371032977	TPD52L1
ENSG00000197147	1.23343846153846	1.25283846153846	3.40219094098294	0.00124588476347814	0.00452650359296415	-1.24642886270629	LRRC8B
ENSG00000134917	2.63214615384615	-4.08153461538462	3.40165789887472	0.00124789354294541	0.00453244463991116	-1.24791206730091	ADAMTS8
ENSG00000167306	2.5462	0.87466923076923	3.40058509263221	0.00125194574827969	0.00454510227177787	-1.25089672617272	MYO5B
ENSG00000169330	1.59081923076923	-0.671586538461538	3.39999433330714	0.00125418248912744	0.00455236641361921	-1.25254002086821	MINAR1
ENSG00000144406	2.57746538461539	-2.73031730769231	3.39939460571047	0.00125645706127793	0.00455976511634667	-1.25420807381164	UNC80
ENSG00000148948	2.00838076923077	-5.79564807692308	3.39891268625589	0.00125828765909987	0.00456555012849715	-1.25554832332389	LRRC4C
ENSG00000134548	2.49785769230769	-3.54425961538462	3.39863468554098	0.00125934481009934	0.0045685271319954	-1.25632140569689	SPX
ENSG00000167325	1.0101	4.23154230769231	3.39783897083145	0.00126237532441385	0.00457780027938393	-1.25853395496334	RRM1
ENSG00000183032	3.38654615384615	-3.43895	3.39711079207227	0.00126515468289409	0.00458701743874992	-1.26055842186809	SLC25A21
ENSG00000149260	1.49268461538461	3.27902307692308	3.39683601452023	0.00126620497801943	0.00458986180970806	-1.26132227967322	CAPN5
ENSG00000169313	3.03999615384616	-3.34395961538462	3.39570413405385	0.00127054014011995	0.00460308489578368	-1.26446838851492	P2RY12
ENSG00000116641	1.14355384615385	3.78508076923077	3.3952172876556	0.00127240911213123	0.0046081262835777	-1.26582138997058	DOCK7
ENSG00000187474	1.43158461538461	1.57310769230769	3.39403125048692	0.00127697314749038	0.00462292060502752	-1.26911699725245	FPR3
ENSG00000166321	1.15433846153846	0.0299846153846154	3.39323150805216	0.00128005942295512	0.00463322464678468	-1.2713387983342	NUDT13
ENSG00000168060	1.5728	1.59242307692308	3.39264931291722	0.00128231061042912	0.00463886545463514	-1.27295600837293	NAALADL1
ENSG00000164743	1.43504230769231	0.897848076923077	3.39264202595671	0.00128233881085495	0.00463886545463514	-1.27297624880952	C8orf48
ENSG00000169621	1.03136153846154	-0.306157692307692	3.39245886101792	0.00128304784950766	0.00464042635650414	-1.27348500291024	APLF
ENSG00000166762	1.08375384615385	-0.193019230769231	3.39240637453844	0.00128325109521935	0.00464042635650414	-1.27363078469633	CATSPER2
ENSG00000126970	1.38687307692308	-0.976828846153846	3.39210934058236	0.00128440188811922	0.00464284824838302	-1.27445577235858	ZC4H2
ENSG00000178764	1.37350769230769	1.46061923076923	3.39183701729275	0.00128545780446816	0.00464579516937819	-1.27521208710177	ZHX2
ENSG00000164124	1.63743461538462	0.653236538461539	3.39170646601459	0.00128596430054323	0.0046467556895144	-1.27557464905502	TMEM144
ENSG00000102554	1.96022692307692	0.998482692307693	3.39051451437994	0.00129059743763726	0.00466175193463924	-1.27888447348011	KLF5
ENSG00000186603	-1.24784230769231	2.35768653846154	-3.3898830018035	0.0012930585458401	0.00466943630468059	-1.28063775950473	HPDL
ENSG00000205045	2.17839230769231	-2.28207307692308	3.38984452356596	0.00129320864553813	0.00466943630468059	-1.28074458088063	SLFN12L
ENSG00000006634	1.22964615384615	2.54875384615385	3.3892364274701	0.00129558296059257	0.00467713444703918	-1.28243264292531	DBF4
ENSG00000166448	2.25866923076923	-5.13423076923077	3.38905642093896	0.00129628658940663	0.00467879955783773	-1.28293229969191	TMEM130
ENSG00000182545	2.12612692307693	-4.01228269230769	3.38887533286455	0.00129699481132824	0.00468048062125053	-1.28343494124119	RNASE10
ENSG00000154359	1.24073076923077	3.97767692307692	3.38819010717627	0.00129967799851921	0.00468928680475071	-1.28533674733537	LONRF1
ENSG00000080824	1.1096	8.13477692307693	3.38527010175948	0.00131117116116725	0.00472545498954658	-1.29343826913204	HSP90AA1
ENSG00000171408	1.43059615384616	-1.76547115384615	3.38500226357377	0.00131223018318063	0.00472735904952404	-1.29418115656199	PDE7B
ENSG00000150636	1.13036538461538	0.337036538461538	3.38404538251398	0.00131602027934913	0.00473850763892489	-1.29683489159978	CCDC102B
ENSG00000109881	1.01965769230769	2.39724423076923	3.38344216109223	0.00131841489883448	0.00474359045521005	-1.29850756624803	CCDC34
ENSG00000188343	1.41593076923077	2.95496923076923	3.38169998592815	0.00132535404855676	0.00476450664559709	-1.30333736392824	CIBAR1
ENSG00000127329	1.16681538461538	-0.361311538461538	3.38167285156878	0.00132546239894609	0.00476450664559709	-1.30341257521707	PTPRB
ENSG00000165475	1.17516923076923	5.65499230769231	3.38147493912152	0.00132625293835004	0.00476578182295045	-1.30396113908006	CRYL1
ENSG00000197467	1.11758461538462	0.427165384615384	3.38146042432463	0.00132631093368336	0.00476578182295045	-1.30400136965148	COL13A1
ENSG00000109771	1.07332307692308	-0.808953846153846	3.380904755218	0.00132853297336225	0.00477226208736921	-1.30554143000019	LRP2BP
ENSG00000213762	1.13553846153846	2.06796923076923	3.38057794112642	0.00132984150212751	0.00477491267030644	-1.3064471323512	ZNF134
ENSG00000150667	1.76530769230769	-3.36166538461538	3.37990668872861	0.00133253295605497	0.00478368674925219	-1.30830720101915	FSIP1
ENSG00000148735	2.63598846153846	-2.67394038461538	3.37975394624152	0.00133314611282162	0.00478494899423172	-1.30873042341159	PLEKHS1
ENSG00000165164	2.36237307692308	-7.57848269230769	3.37967026538367	0.00133348214764981	0.00478494899423172	-1.3089622829928	CFAP47
ENSG00000134909	1.09900769230769	1.61286538461538	3.37963389528829	0.0013336282230206	0.00478494899423172	-1.30906305464012	ARHGAP32
ENSG00000205560	1.11133076923077	2.68523076923077	3.37807172400946	0.00133991679446632	0.00480126487536354	-1.31339074221031	CPT1B
ENSG00000160781	1.58921923076923	0.449378846153846	3.37771307276524	0.00134136451693601	0.00480466863433211	-1.31438413145257	PAQR6
ENSG00000196557	-1.80886538461538	0.104186538461539	-3.37744420089156	0.00134245081007921	0.00480677573492098	-1.31512880562697	CACNA1H
ENSG00000175857	1.4465	-1.64412307692308	3.37703037164618	0.00134412438711327	0.00481123424952245	-1.31627488210112	GAPT
ENSG00000275740	2.73175384615385	-3.61767692307692	3.37682488586832	0.00134495613143665	0.00481306789119793	-1.316843929351	
ENSG00000115604	1.93694230769231	-2.79994423076923	3.37671786609447	0.00134538950821777	0.00481347650941298	-1.31714028795406	IL18R1
ENSG00000129680	1.31445769230769	1.53776730769231	3.37653640331182	0.00134612464446172	0.00481457180137941	-1.31764277981129	MAP7D3
ENSG00000073792	1.38027692307692	3.38450384615385	3.37624452002441	0.00134730791113757	0.00481670409351632	-1.3184510022818	IGF2BP2
ENSG00000065833	1.86575384615385	0.21275	3.37556716666872	0.00135005763396621	0.00482506248999255	-1.32032641340418	ME1
ENSG00000165169	1.79235	2.74363269230769	3.37396499524566	0.00135658283985981	0.00484503918054421	-1.32476142650053	DYNLT3
ENSG00000172915	1.82451153846154	-0.174305769230769	3.37394826609909	0.00135665113043783	0.00484503918054421	-1.32480772767592	NBEA
ENSG00000253729	1.08983461538462	5.71005192307692	3.37327883038204	0.00135938652915369	0.00485273463944141	-1.32666039911283	PRKDC
ENSG00000146433	1.07147692307692	2.81308846153846	3.37323639130239	0.00135956011656733	0.00485273463944141	-1.32677784172411	TMEM181
ENSG00000155011	1.73171153846154	-2.99151346153846	3.37307939065478	0.0013602024745857	0.004853585332262	-1.32721230476762	DKK2
ENSG00000170049	1.39669615384615	-0.256340384615385	3.37263504967647	0.00136202202559143	0.00485882667898566	-1.32844184458383	KCNAB3
ENSG00000259024	1.50231923076923	-0.141440384615385	3.37223990669195	0.001363642050202	0.00486370703899652	-1.32953515973526	TVP23C-CDRT4
ENSG00000147041	3.28375384615385	-4.16081153846154	3.37170766377439	0.0013658270483033	0.004870600316534	-1.33100768296096	SYTL5
ENSG00000221970	3.14801538461539	-6.24814615384616	3.37141879570573	0.00136701431613587	0.00487393375403966	-1.3318068129214	OR2A1
ENSG00000205189	1.42500769230769	1.71766538461539	3.37132027875166	0.00136741945115902	0.00487447786993954	-1.33207934186039	ZBTB10
ENSG00000148908	-1.00554615384616	5.52600769230769	-3.37037244179222	0.00137132309210656	0.00488531741241134	-1.33470109291434	RGS10
ENSG00000117834	1.91710384615385	-2.78175192307692	3.37018558877678	0.00137209388567236	0.00488600901522438	-1.33521787847667	SLC5A9
ENSG00000128564	-3.11205384615385	4.55770769230769	-3.37800251355184	0.00137346757312536	0.00488971681372905	-1.33055383192926	VGF
ENSG00000120262	1.80745384615385	-3.79891538461538	3.36894624317582	0.00137721674781299	0.00490125643123786	-1.33864510570184	CCDC170
ENSG00000180979	1.06913846153846	2.75383461538462	3.36826880006604	0.00138002462564753	0.00490795603673028	-1.34051812782293	LRRC57
ENSG00000186912	2.38883461538462	-6.83080961538462	3.36805477960835	0.00138091282773576	0.00490829110808984	-1.34110980928267	P2RY4
ENSG00000155158	1.42136153846154	-0.630580769230769	3.36804019555424	0.00138097337243102	0.00490829110808984	-1.3411501275023	TTC39B
ENSG00000151491	1.35984230769231	4.23393653846154	3.36796252650434	0.00138129585248551	0.00490853347579672	-1.34136484488269	EPS8
ENSG00000081913	1.12595384615385	3.62636538461538	3.36688024848592	0.0013857968725297	0.0049236217615389	-1.34435648504803	PHLPP1
ENSG00000107897	1.09171538461539	2.61342692307692	3.36593091277211	0.00138975643908131	0.00493678110849955	-1.34698012975435	ACBD5
ENSG00000130783	1.65547307692308	-4.47319423076923	3.36569987866802	0.00139072167457889	0.00493839228925612	-1.34761855743271	CCDC62
ENSG00000165702	2.65265769230769	-6.96560192307692	3.36512715501618	0.00139311719032632	0.00494598880354403	-1.34920106922571	GFI1B
ENSG00000268089	2.70449615384616	-5.13737884615385	3.36492515992176	0.00139396300145478	0.00494808161402751	-1.34975916674891	GABRQ
ENSG00000146842	1.09108076923077	2.97503269230769	3.36435048686492	0.00139637198212947	0.00495572134051206	-1.35134682657309	TMEM209
ENSG00000159915	1.47193846153846	-1.45757307692308	3.3639379496111	0.00139810373346447	0.00495913200423826	-1.35248644188869	ZNF233
ENSG00000007933	1.39255384615385	-0.715753846153846	3.36380537888321	0.00139866067129768	0.00496019602022032	-1.35285264313373	FMO3
ENSG00000181544	1.19163461538462	-0.386921153846154	3.36331811130616	0.00140070951821337	0.00496563743435677	-1.35419854567643	FANCB
ENSG00000161958	1.57213461538462	0.314340384615385	3.36324664653247	0.00140101024984243	0.00496579156311209	-1.35439593088874	FGF11
ENSG00000146192	1.20426153846154	0.492434615384616	3.36310389738858	0.00140161113698302	0.00496700932204574	-1.3547901948567	FGD2
ENSG00000180488	1.14326153846154	1.25408846153846	3.36254728706872	0.0014039564598507	0.00497349450256894	-1.35632741262796	MIGA1
ENSG00000163380	2.02773846153846	-5.03055384615385	3.36238560001267	0.00140463843760992	0.00497408471127944	-1.35677392054116	LMOD3
ENSG00000146476	1.19608846153846	2.39050576923077	3.36095835287171	0.00141067202504605	0.00499355559104466	-1.36071473672894	ARMT1
ENSG00000172738	1.12421153846154	-0.173455769230769	3.36064993773265	0.0014119790488034	0.00499641275509661	-1.36156616794268	TMEM217
ENSG00000073464	2.01735769230769	-1.17119423076923	3.3603827223087	0.00141311240044285	0.00499950672026179	-1.36230381929691	CLCN4
ENSG00000031081	1.12166538461539	2.47971346153846	3.36006710636292	0.00141445214463962	0.00500241292560985	-1.36317503158631	ARHGAP31
ENSG00000122591	1.19681923076923	3.58092884615385	3.35964429435986	0.00141624880537808	0.00500784954940705	-1.36434205947489	HYCC1
ENSG00000140839	3.00216923076923	-4.36772307692308	3.35898190025989	0.00141906787023788	0.00501598005845116	-1.36617017914625	CLEC18B
ENSG00000106565	1.24	4.80028076923077	3.35827530631475	0.00142208089980022	0.00502387035300946	-1.36812002523562	TMEM176B
ENSG00000107789	1.04685769230769	2.63602884615385	3.35739324076735	0.00142585066815375	0.00503442389745233	-1.37055370952743	MINPP1
ENSG00000216937	1.19392307692308	-1.27698461538462	3.35583580351494	0.00143252994721771	0.0050569962167583	-1.37484977540646	CCDC7
ENSG00000180638	2.74333461538462	-3.93686346153846	3.35533331094033	0.00143469126652676	0.0050600850571471	-1.37623558318202	SLC47A2
ENSG00000167178	1.60775384615385	-2.56611153846154	3.35499497802055	0.00143614824140515	0.00506429841137076	-1.3771685840824	ISLR2
ENSG00000171643	2.54223076923077	-5.6679	3.35439717415659	0.00143872600939652	0.0050706094868324	-1.37881696260015	S100Z
ENSG00000181104	1.82696153846154	3.7074	3.353553258725	0.00144237248252429	0.00507975114580668	-1.38114364006332	F2R
ENSG00000085276	1.05982307692308	-1.44535384615385	3.3534547999995	0.00144279848211516	0.00508032453489037	-1.38141506615761	MECOM
ENSG00000155754	3.13163461538462	-1.87235576923077	3.35322943099871	0.00144377403043659	0.00508283241100081	-1.38203633255511	C2CD6
ENSG00000089847	1.2376	-2.18955384615385	3.35236577063851	0.00144751831624125	0.00509414614968942	-1.38441690050147	ANKRD24
ENSG00000143162	1.24457692307692	4.73439230769231	3.3523056274855	0.0014477794009841	0.00509414614968942	-1.38458266238756	CREG1
ENSG00000144057	2.36198461538462	-4.96402307692308	3.35061504049878	0.00145513659401451	0.00511526657507969	-1.38924133146678	ST6GAL2
ENSG00000196368	2.28508461538462	-2.19434230769231	3.35050985505363	0.00145559551339407	0.00511526657507969	-1.38953113515266	NUDT11
ENSG00000174279	2.09074230769231	-6.76499038461539	3.35015482528289	0.00145714550403684	0.00511963590542831	-1.39050925826578	EVX2
ENSG00000006118	1.19343846153846	3.89782692307692	3.35006932838723	0.00145751900010323	0.00512001624367472	-1.39074479596138	TMEM132A
ENSG00000143772	-1.09105769230769	5.458825	-3.34980372334112	0.00145867988273467	0.00512316189527428	-1.39147649336271	ITPKB
ENSG00000148848	1.28307692307692	1.14529615384615	3.34817720864761	0.00146580801658038	0.00514441959302959	-1.39595644099742	ADAM12
ENSG00000102539	2.33586538461539	-6.25882115384615	3.34812389367032	0.00146604222434543	0.00514441959302959	-1.39610326359552	MLNR
ENSG00000239886	-3.2215	-6.85670384615385	-3.34631078337194	0.00147402816377312	0.00516672701022563	-1.40109542555062	KRTAP9-2
ENSG00000253250	2.00773461538462	0.728098076923077	3.34594715453697	0.00147563473419912	0.00517141925821453	-1.40209641685366	C8orf88
ENSG00000145757	2.57141923076923	-1.67965192307692	3.34577618897618	0.00147639065996683	0.00517312922660006	-1.402567023341	SPATA9
ENSG00000134824	1.46255384615385	4.06795	3.34567095128609	0.00147685615154911	0.00517382110587161	-1.4028566968926	FADS2
ENSG00000204967	3.04888846153846	-4.69226346153846	3.34493315221769	0.00148012351607249	0.00518338610862614	-1.40488736902065	PCDHA4
ENSG00000197629	1.24076538461539	1.93259038461539	3.34449396431448	0.0014820717189144	0.00518926725742875	-1.40609602314031	MPEG1
ENSG00000139116	1.32419615384615	1.67625961538462	3.34381400382099	0.00148509275705874	0.00519890197488299	-1.4079670833018	KIF21A
ENSG00000173391	1.96436538461539	-0.801640384615385	3.34354330722001	0.00148629707241192	0.00520217450385626	-1.40871189490394	OLR1
ENSG00000143494	1.60138461538462	-2.51142692307692	3.34296244863454	0.00148888440220052	0.00520839717572974	-1.41030997229898	VASH2
ENSG00000260729	1.52762307692308	-2.18845	3.34220258495017	0.00149227551227682	0.00521742333154854	-1.4124002597692	
ENSG00000164877	1.2000076923077	4.04156153846154	3.34175542927983	0.00149427448714385	0.00522252044637656	-1.41363018207136	MICALL2
ENSG00000256223	1.3066	0.63275	3.34108478121971	0.00149727731741621	0.00523112109648601	-1.41547462828602	ZNF10
ENSG00000151150	2.78016923076923	-1.56201538461538	3.34059853015555	0.00149945807856198	0.0052358971220119	-1.41681178588137	ANK3
ENSG00000171246	2.32741153846154	-2.27318269230769	3.34008487929055	0.00150176498723523	0.00524300407824229	-1.4182241524811	NPTX1
ENSG00000185480	1.21711923076923	1.12488269230769	3.33981287651822	0.00150298796549628	0.00524632490017625	-1.4189720106684	PARPBP
ENSG00000113163	1.09614615384615	3.33868076923077	3.33916271771297	0.0015059150269446	0.00525497106366612	-1.42075942834388	CERT1
ENSG00000115226	1.22305769230769	1.34893269230769	3.33914177000123	0.00150600942465943	0.00525497106366612	-1.42081701403271	FNDC4
ENSG00000214872	2.75131538461539	-5.31618846153846	3.3386031582858	0.00150843852072617	0.00526249571038807	-1.42229758729639	SMTNL1
ENSG00000176160	1.74184230769231	-7.11152115384615	3.33835583280645	0.00150955518034447	0.00526529953656452	-1.42297740024729	HSF5
ENSG00000175513	2.6337	-3.80194230769231	3.33828164543733	0.00150989028427793	0.00526529953656452	-1.42318130944919	TSGA10IP
ENSG00000115956	1.25597307692308	1.93934423076923	3.3381725686521	0.00151038311131181	0.00526547321611919	-1.42348110926623	PLEK
ENSG00000273540	1.83820000000001	-8.78059230769231	3.33800583709477	0.00151113672627679	0.00526714919236562	-1.42393936200507	AGBL1
ENSG00000078098	1.27334615384615	1.99103076923077	3.33780423071447	0.0015120484481091	0.00526842440322202	-1.42449344626523	FAP
ENSG00000241322	1.85803846153846	-2.54126538461538	3.33736946921134	0.00151401633559431	0.00527337735943286	-1.42568824693393	FBXW10B
ENSG00000169604	1.31298846153846	3.44414807692308	3.33550557975653	0.00152248046325058	0.00529998924835455	-1.4308093834854	ANTXR1
ENSG00000112530	2.74522692307692	-3.30915576923077	3.3354389954822	0.00152278365627541	0.00530008887794523	-1.43099229261725	PACRG
ENSG00000178750	2.72233461538462	-4.48307884615384	3.33523902767002	0.00152369455767172	0.00530230323539521	-1.43154159618383	STX19
ENSG00000131080	1.78734615384615	0.969792307692308	3.33516816422575	0.00152401748134368	0.00530237659630621	-1.4317362500363	EDA2R
ENSG00000054277	1.35515384615385	4.26647692307692	3.33511385254668	0.00152426502268576	0.00530237659630621	-1.43188543622689	OPN3
ENSG00000154040	1.64887307692308	0.720921153846154	3.33461887407088	0.00152652278510442	0.00530736118891761	-1.43324499574376	CABYR
ENSG00000119630	1.65510769230769	3.82447307692308	3.33422738930502	0.0015283107180163	0.00531262052761907	-1.43432019478718	PGF
ENSG00000163412	1.45415384615385	0.295915384615385	3.33369754614486	0.00153073369619031	0.00532008508058366	-1.43577525821827	EIF4E3
ENSG00000178343	2.41708461538462	-7.47629615384616	3.33337867042255	0.00153219366899162	0.00532332903402678	-1.43665088641345	SHISA3
ENSG00000175445	1.87450769230769	1.35550384615385	3.33337322228724	0.00153221862472428	0.00532332903402678	-1.43666584643742	LPL
ENSG00000082497	1.9402	-1.53503461538462	3.33242477440595	0.00153656894977074	0.00533652220896448	-1.43926994277877	SERTAD4
ENSG00000235387	1.53463461538461	-2.85580576923077	3.33234989047106	0.00153691292329936	0.00533675663940413	-1.43947552635894	SPAAR
ENSG00000168282	1.27748846153846	3.10773269230769	3.33203554251161	0.00153835765088228	0.0053408125422627	-1.44033849248062	MGAT2
ENSG00000108588	1.11668846153846	5.09906730769231	3.33175680770402	0.00153963977652324	0.00534430257259992	-1.44110364657662	CCDC47
ENSG00000203872	1.97866538461538	-2.67451730769231	3.33166644121257	0.0015400556616161	0.0053447850478561	-1.4413517023353	C6orf163
ENSG00000261787	1.9261	-8.47053461538462	3.3311968736217	0.00154221841877961	0.00535132880418889	-1.44264059283173	TCF24
ENSG00000123219	1.32036923076923	1.80038461538462	3.33088278513447	0.00154366666570643	0.00535539138176335	-1.4435026505588	CENPK
ENSG00000104059	2.58664230769231	-4.80531730769231	3.33012039360397	0.00154718736841756	0.00536374959995764	-1.44559491348535	ENTREP2
ENSG00000271793	1.24303076923077	-0.912811538461539	3.3300184940015	0.00154765851284992	0.00536441951401363	-1.44587453696565	
ENSG00000273167	1.84087307692308	-8.44138653846154	3.3295319587458	0.00154990993522225	0.00537070275572632	-1.44720956452967	
ENSG00000054793	1.43012307692308	2.53104230769231	3.32950652400853	0.0015500277186008	0.00537070275572632	-1.44727935260447	ATP9A
ENSG00000104450	1.08636538461538	0.318275	3.32875109689885	0.0015535298179777	0.00538187115513702	-1.44935194087163	SPAG1
ENSG00000148468	1.49448461538462	0.0941692307692307	3.32834632866929	0.0015554093684446	0.00538644905616901	-1.45046233488405	FAM171A1
ENSG00000120937	2.33428846153847	-8.38994038461539	3.32802134632451	0.00155691998751044	0.00538974650626148	-1.4513537893095	NPPB
ENSG00000169896	1.31033076923077	0.606557692307692	3.32700391396682	0.00156165830561198	0.00540421123578846	-1.45414432316763	ITGAM
ENSG00000114346	1.33645384615385	2.19984230769231	3.32645553996669	0.00156421780864006	0.0054111283799604	-1.4556481276148	ECT2
ENSG00000112293	2.18860384615385	-3.07030192307692	3.32607726713147	0.00156598568592645	0.0054149295063877	-1.45668536904637	GPLD1
ENSG00000164039	1.03524615384615	4.34114230769231	3.32607094521435	0.00156601524777214	0.0054149295063877	-1.45670270337293	BDH2
ENSG00000156876	1.23565769230769	0.117548076923077	3.32604037923779	0.00156615818443571	0.0054149295063877	-1.45678651318509	SASS6
ENSG00000123496	3.22101923076923	-1.06634038461538	3.32548810332636	0.00156874293622439	0.00542192388503838	-1.45830072853821	IL13RA2
ENSG00000118017	2.2391076923077	-7.26331923076923	3.32443253678038	0.0015736944058904	0.00543709023033871	-1.46119439216257	A4GNT
ENSG00000121236	1.67400384615385	0.456148076923077	3.32411717078808	0.00157517659467682	0.00544026369780758	-1.46205879927354	TRIM6
ENSG00000151322	2.01811923076923	-1.08008653846154	3.32370821880145	0.00157710059397793	0.00544489736875633	-1.4631796418911	NPAS3
ENSG00000253958	1.07722307692308	0.135792307692308	3.32369652441834	0.00157715564528949	0.00544489736875633	-1.46321169214931	CLDN23
ENSG00000066629	1.34809615384615	0.361532692307692	3.32355239982333	0.00157783426105446	0.00544489736875633	-1.46360668170386	EML1
ENSG00000010379	2.34857307692308	-4.71662884615385	3.32234675715466	0.00158352189642981	0.00546322129879974	-1.46691043818988	SLC6A13
ENSG00000139209	2.32508076923077	-5.329225	3.32214284480626	0.00158448577004412	0.00546556983902101	-1.46746912994295	SLC38A4
ENSG00000184347	1.32441153846154	0.227317307692308	3.32204441893909	0.00158495121789995	0.00546619856335944	-1.46773879517988	SLIT3
ENSG00000149781	1.24534230769231	4.07464807692308	3.32157065109102	0.00158719343638072	0.00547197622833668	-1.46903674127002	FERMT3
ENSG00000161973	2.70373076923078	-5.81173461538462	3.32116209799163	0.00158912941841504	0.005475716737534	-1.47015592547165	CCDC42
ENSG00000126261	1.04350384615384	5.842675	3.32088045410611	0.00159046532436648	0.00547934180907481	-1.4709274036561	UBA2
ENSG00000172197	1.32864615384615	2.41663461538462	3.32017690078524	0.00159380709029989	0.00548987477945374	-1.47285438663929	MBOAT1
ENSG00000189152	1.93786153846154	-3.10501538461539	3.32008997440421	0.00159422043715783	0.00549031884004596	-1.47309245319327	GRAPL
ENSG00000164304	2.06091153846154	-7.07894423076923	3.31993602238656	0.0015949527487973	0.00549186102569287	-1.47351407375825	CAGE1
ENSG00000204186	2.02057307692308	-1.94230192307692	3.31946821718388	0.00159717993413363	0.00549658838805161	-1.47479514899951	ZDBF2
ENSG00000136960	2.26757307692308	3.78547884615385	3.3209718349536	0.00160046788833869	0.0055049593101571	-1.47515127928494	ENPP2
ENSG00000263874	1.81080769230769	-3.37717692307692	3.31808096118037	0.00160380185454957	0.00551446156009446	-1.47859342205596	LASP1NB
ENSG00000184949	1.51453076923077	-2.59624230769231	3.31731417987829	0.00160747313256392	0.00552511643124669	-1.48069240117708	FAM227A
ENSG00000166006	2.34083076923077	-8.21046153846154	3.31670844056116	0.00161037897145947	0.00553411879759341	-1.48235031938747	KCNC2
ENSG00000187773	-2.08935384615385	2.58043461538462	-3.3164821990357	0.00161146556519574	0.00553686717781654	-1.4829694948286	DIPK1C
ENSG00000171772	2.63081538461539	-5.19069230769231	3.31578454363141	0.00161482063258421	0.00554642040405214	-1.4848786553585	SYCE1
ENSG00000123179	1.07322692307692	4.01471730769231	3.31492808365257	0.00161894842895807	0.00555664322976133	-1.48722202818207	EBPL
ENSG00000138658	1.18141153846154	0.333778846153846	3.31482921488573	0.00161942557865116	0.00555729279016949	-1.48749251875246	ZGRF1
ENSG00000272916	1.19788076923077	-1.92372884615385	3.31395808708215	0.00162363546972036	0.00556778032901264	-1.48987556755962	
ENSG00000116918	1.23915769230769	4.19728653846154	3.31216083531332	0.00163235373730312	0.00559270929910581	-1.49479080520432	TSNAX
ENSG00000187398	2.43183846153847	-7.30285384615385	3.3114456190892	0.00163583546237855	0.00560161345614167	-1.49674633379644	LUZP2
ENSG00000080224	2.6526	-7.07423461538462	3.31141551852789	0.00163598214791049	0.00560161345614167	-1.49682862797607	EPHA6
ENSG00000141447	1.01833846153846	4.6834	3.31138859027375	0.00163611338474469	0.00560161345614167	-1.49690224872865	OSBPL1A
ENSG00000030304	1.92699230769231	-8.70031538461538	3.31099291221634	0.001638042898467	0.00560722505215613	-1.49798397084954	MUSK
ENSG00000141384	1.19478461538462	1.20191538461538	3.30954494616865	0.00164512221641093	0.00562846404526413	-1.50194175598296	TAF4B
ENSG00000179934	2.2162	-4.23483461538461	3.30945906268256	0.00164554302034218	0.00562890606444533	-1.5021764688994	CCR8
ENSG00000197714	1.18983461538462	-1.66389807692308	3.30929497185697	0.00164634730017047	0.00563065944989202	-1.50262490522263	ZNF460
ENSG00000079931	2.35405384615384	2.20345384615385	3.30825574091661	0.00165144965122006	0.00564510937090505	-1.50546463062847	MOXD1
ENSG00000101493	1.04575	1.96391346153846	3.30777233025958	0.00165382815917019	0.00565223883790052	-1.50678536177275	ZNF516
ENSG00000174038	2.24483076923077	-6.96739615384615	3.30762186785068	0.00165456913421426	0.00565355675563315	-1.50719641559577	C9orf131
ENSG00000184060	1.14821923076923	1.86322884615385	3.30757509305998	0.00165479954770384	0.00565355675563315	-1.5073241988578	ADAP2
ENSG00000141542	1.00935	2.82604038461538	3.30712803721458	0.00165700328333578	0.0056590825156105	-1.50854544288407	RAB40B
ENSG00000115718	1.91490384615385	-2.79975192307692	3.30705419223587	0.00165736756458705	0.00565932533154498	-1.50874715826884	PROC
ENSG00000163751	2.98894615384615	-2.64618846153846	3.30677103140105	0.00165876511373291	0.00566209425117355	-1.50952061448019	CPA3
ENSG00000185274	1.87614230769231	-3.99586730769231	3.30585186233519	0.00166330937909727	0.00567308055692815	-1.51203103059535	GALNT17
ENSG00000186714	1.87613076923077	-6.99229615384615	3.30582282263299	0.00166345313952304	0.00567308055692815	-1.51211033572305	CCDC73
ENSG00000006210	1.07510769230769	3.69825	3.30573222042407	0.00166390173927972	0.0056736080680651	-1.51235776022023	CX3CL1
ENSG00000144820	2.10537307692308	-8.51395192307692	3.30479678300779	0.00166854006855629	0.00568440327273953	-1.51491207281731	ADGRG7
ENSG00000136206	1.77974230769231	-4.03218269230769	3.3043562159424	0.00167072883202349	0.00568985156043569	-1.51611492290241	SPDYE1
ENSG00000165929	1.86533846153846	-0.515311538461538	3.30286785014328	0.0016781432006392	0.00571207868135048	-1.52017772097472	TC2N
ENSG00000197892	1.10852692307692	2.83649423076923	3.30271756168041	0.00167889359557971	0.00571362536591593	-1.52058789662696	KIF13B
ENSG00000183918	2.06516538461538	-1.65664807692308	3.30261827925187	0.0016793894896791	0.00571430553838809	-1.52085885698717	SH2D1A
ENSG00000136274	1.47950769230769	-0.126453846153846	3.30132805511382	0.00168584647471482	0.00573223436699316	-1.5243796299461	NACAD
ENSG00000196739	1.63655	0.930386538461539	3.30116551592797	0.00168666157078518	0.00573399582614764	-1.52482310342229	COL27A1
ENSG00000267699	2.73830384615385	-4.31145576923077	3.29993277893561	0.00169285558886942	0.00575302666055394	-1.52818604395191	
ENSG00000128482	1.65132692307692	-2.90513653846154	3.29932327328113	0.00169592604726083	0.0057624468386333	-1.5298484846924	RNF112
ENSG00000189369	1.45278846153846	1.778875	3.29909409619108	0.00169708191483692	0.00576535941606778	-1.53047351784467	GSPT2
ENSG00000251569	2.97860384615385	-3.56461346153846	3.29882762906951	0.00169842679239528	0.00576789802491309	-1.53120021566875	
ENSG00000174514	1.27778461538462	-1.20984615384615	3.29868350322613	0.001699154624704	0.00576935474417965	-1.53159325333803	MFSD4A
ENSG00000180884	1.08912692307692	-0.254948076923077	3.29847224850884	0.00170022198875598	0.00577196360340426	-1.53216933390027	ZNF792
ENSG00000173276	1.12891923076923	1.08747115384615	3.29819482842095	0.00170162461516247	0.00577570950351346	-1.53292580681766	ZBTB21
ENSG00000188763	-1.58564615384616	2.01756538461538	-3.2943991511689	0.00172092553767751	0.00583814159117556	-1.54327167318324	FZD9
ENSG00000091129	2.41376153846154	1.40023461538462	3.29358138048113	0.00172511086504474	0.00585131172517282	-1.54549963338348	NRCAM
ENSG00000104368	1.37901538461539	6.31081153846154	3.29199519088553	0.00173325635877785	0.00587584255242164	-1.54982005141206	PLAT
ENSG00000125869	1.84202307692308	-2.23923076923077	3.29174857708007	0.00173452604217723	0.00587911434453855	-1.55049164694245	LAMP5
ENSG00000073910	1.40655	1.21435192307692	3.29119278735708	0.00173739072899428	0.00588779024609842	-1.55200508890587	FRY
ENSG00000126231	2.26540769230769	-6.16845769230769	3.29024424950972	0.00174229006460481	0.00590335705056464	-1.55458761071865	PROZ
ENSG00000131019	2.5712576923077	-2.63100576923077	3.28861489297388	0.00175073639250112	0.0059298937681083	-1.55902259844468	ULBP3
ENSG00000175779	1.916	-7.86205384615385	3.2881908291563	0.00175294100484536	0.00593631933623333	-1.56017662929617	LINC02694
ENSG00000107738	1.13726153846154	3.26127692307692	3.28705801786973	0.00175884309625577	0.00595212978384031	-1.56325893294791	VSIR
ENSG00000124225	1.32258461538462	2.78037307692308	3.28692206971294	0.00175955266311409	0.0059534873016812	-1.56362879132451	PMEPA1
ENSG00000255251	2.13164230769231	-7.49979807692308	3.28662127875177	0.00176112356998879	0.00595775819689688	-1.56444708224423	PRR23D1
ENSG00000112782	1.14138846153846	-2.24997884615385	3.28569272619464	0.00176598137351251	0.00597160980091786	-1.56697286169458	CLIC5
ENSG00000186496	1.51264615384615	0.137273076923077	3.28566125997122	0.0017661462132021	0.00597160980091786	-1.56705844545491	ZNF396
ENSG00000101333	2.69343461538462	-1.41742115384615	3.28551417393859	0.00176691693418156	0.00597261732028444	-1.56745849181893	PLCB4
ENSG00000197943	1.02635	1.47564038461538	3.2854863010326	0.0017670630221284	0.00597261732028444	-1.56753429954198	PLCG2
ENSG00000107362	1.05906923076923	2.61168076923077	3.28460365515275	0.001771695063014	0.00598722510527998	-1.56993466664935	ABHD17B
ENSG00000162747	2.29777692307692	-1.24493846153846	3.2841929377838	0.00177385437415546	0.00599242404345868	-1.57105147166521	FCGR3B
ENSG00000138670	1.22773461538462	0.459825	3.28406789105462	0.00177451228975041	0.00599359767787441	-1.57139147490391	RASGEF1B
ENSG00000149485	1.09466153846154	3.63841153846154	3.28317925828968	0.00177919434427971	0.00600730950282161	-1.57380742764758	FADS1
ENSG00000102409	1.20993076923077	4.74476538461538	3.28307998637863	0.00177971811461116	0.00600802706651614	-1.57407729417145	BEX4
ENSG00000109471	1.83835000000001	-9.046625	3.28244380555498	0.00178307813661996	0.00601831741059191	-1.57580659610917	IL2
ENSG00000145536	2.49174615384616	-2.64851153846154	3.28195345298338	0.00178567204473786	0.00602601879013548	-1.57713934737418	ADAMTS16
ENSG00000214595	1.53862307692308	-1.87547307692308	3.28076031841603	0.00179199847372022	0.00604281450921615	-1.58038166762919	EML6
ENSG00000204472	1.15520384615385	4.54581346153846	3.2806607506998	0.00179252737293538	0.00604281450921615	-1.58065220549339	AIF1
ENSG00000196917	2.77332307692308	-5.16480769230769	3.28052953517327	0.00179322460893338	0.00604410941614125	-1.58100872604139	HCAR1
ENSG00000251247	1.10869230769231	0.541488461538462	3.28011592252953	0.00179542408560357	0.00605046632758481	-1.58213247454029	ZNF345
ENSG00000154556	2.35429230769231	2.49423461538462	3.27917342274396	0.00180313591135505	0.00607433376909014	-1.58570459005042	SORBS2
ENSG00000185697	1.35508846153846	0.735632692307692	3.2774750140704	0.00180952784653154	0.00609275714010328	-1.58930536051153	MYBL1
ENSG00000259571	1.68178846153847	-9.12490576923077	3.27744098070942	0.0018097102821554	0.00609275714010328	-1.58939777229373	BLID
ENSG00000102010	1.86088076923077	-2.30906730769231	3.27735655012076	0.00181016294676409	0.00609275714010328	-1.58962702638321	BMX
ENSG00000167723	2.49381538461538	-2.41882692307692	3.27735281269076	0.00181018298702235	0.00609275714010328	-1.58963717452317	TRPV3
ENSG00000137821	1.26483461538462	-0.447767307692308	3.27700761167451	0.0018120348726175	0.00609792697805711	-1.59057445600133	LRRC49
ENSG00000173320	2.01677692307692	-2.14849230769231	3.27687008725826	0.00181277314209623	0.00609934808469295	-1.59094784064917	STOX2
ENSG00000112303	1.59855769230769	-1.42025961538462	3.27680031867695	0.00181314778785731	0.00609954544249034	-1.59113726132516	VNN2
ENSG00000145244	2.26385	-3.41182115384615	3.27581924523062	0.00181842373465445	0.00611516260453569	-1.59380057660831	CORIN
ENSG00000189134	2.34363461538462	-3.78648269230769	3.27542929097914	0.00182052482394175	0.006120095903265	-1.59485903581402	NKAPL
ENSG00000204655	3.09050384615385	-4.88082884615385	3.27533640292096	0.00182102564631321	0.00612071357318193	-1.59511115099836	MOG
ENSG00000205209	2.32040384615385	-4.60013653846154	3.2746441504049	0.00182476214523497	0.00613220468131453	-1.59698990078672	SCGB2B2
ENSG00000147592	1.01590769230769	3.40692307692308	3.27409298346492	0.00182774229355256	0.00613901330997828	-1.59848555970833	LACTB2
ENSG00000121743	1.88599615384615	0.291905769230769	3.27382057974946	0.00182921687019339	0.00614182870853071	-1.59922469850119	GJA3
ENSG00000106809	2.54565769230769	-5.06090576923077	3.27223633634744	0.00183781497552638	0.00616533584855504	-1.60352256280743	OGN
ENSG00000183780	2.12912307692308	-5.24059230769231	3.27168587432669	0.00184081139449175	0.00617324224250769	-1.60501557592103	SLC35F3
ENSG00000163251	1.02943076923077	-0.1784	3.27152542335331	0.00184168567052514	0.00617461341651672	-1.60545073407326	FZD5
ENSG00000107566	1.07903461538461	3.34077884615385	3.27149343374856	0.00184186002446787	0.00617461341651672	-1.60553749119102	ERLIN1
ENSG00000167210	1.90455769230769	-5.45755961538462	3.27062279979316	0.00184661125240111	0.00618700636747985	-1.60789846865865	LOXHD1
ENSG00000180787	1.40179615384615	0.279751923076923	3.27058114348307	0.0018468388690576	0.00618700636747985	-1.6080114213549	ZFP3
ENSG00000167562	1.25304615384615	0.0589346153846154	3.27048960346666	0.00184733915116982	0.00618727629661417	-1.60825963227573	ZNF701
ENSG00000040731	2.09186923076923	-8.35176923076923	3.27041217362497	0.00184776241854086	0.00618727629661417	-1.60846957981078	CDH10
ENSG00000124813	1.28311538461538	0.78651923076923	3.27039047549381	0.00184788104698651	0.00618727629661417	-1.60852841272265	RUNX2
ENSG00000167619	1.60366153846154	0.715565384615385	3.27012517964855	0.00184933205877206	0.00618998729503679	-1.60924772212581	TMEM145
ENSG00000181631	1.64947692307692	-1.56333461538462	3.269070831157	0.00185510935576079	0.0062060963421578	-1.61210604276408	P2RY13
ENSG00000152270	1.99965384615385	1.06484230769231	3.26822844803096	0.00185973742243143	0.00621834600124613	-1.6143892864703	PDE3B
ENSG00000128714	3.49101538461539	-0.529226923076923	3.26786105575412	0.00186175929111221	0.00622079619116132	-1.61538496452437	HOXD13
ENSG00000196371	1.12469230769231	-0.154638461538462	3.26737900567455	0.00186441530137643	0.00622801459687296	-1.61669126581414	FUT4
ENSG00000176563	1.04270769230769	-0.496011538461538	3.26722855800271	0.00186524497296584	0.00622920825487192	-1.61709893565101	CNTD1
ENSG00000205683	1.71130769230769	-2.18464230769231	3.2671161425716	0.00186586513606105	0.00623020147403329	-1.61740354088632	DPF3
ENSG00000091656	2.24541153846154	-2.81583269230769	3.26669454998246	0.00186819267237874	0.00623473775154337	-1.61854584221064	ZFHX4
ENSG00000140284	2.12373846153846	-3.04640769230769	3.26660268021871	0.00186870023204245	0.00623535360053852	-1.61879474943423	SLC27A2
ENSG00000166035	1.80694230769231	-3.17694038461539	3.26626883862137	0.0018705457268301	0.0062403887815988	-1.6196992033329	LIPC
ENSG00000170703	3.49463076923077	-4.55303076923077	3.26621277480726	0.00187085581925671	0.0062403887815988	-1.61985108707869	TTLL6
ENSG00000172159	1.30383846153846	-0.213042307692308	3.26574030013681	0.00187347103301379	0.00624695307484284	-1.62113100965515	FRMD3
ENSG00000002549	1.24388076923077	5.83198653846154	3.26480168479464	0.00187867663484875	0.00626214731177438	-1.62367332890638	LAP3
ENSG00000157999	1.70717307692308	-2.95348269230769	3.26396399146487	0.00188333403851049	0.00627658787040193	-1.62594187962315	ANKRD61
ENSG00000119737	1.99936923076923	-3.14712692307692	3.26369774636651	0.00188481658626884	0.00628044442685091	-1.62666281434	GPR75
ENSG00000206559	1.69336923076923	-2.2232	3.26332671140491	0.00188688447750258	0.00628516498174844	-1.6276674319594	ZCWPW2
ENSG00000131873	1.03063076923077	3.73836153846154	3.26290656118871	0.00188922868669059	0.0062917798077825	-1.62880494223876	CHSY1
ENSG00000146833	1.07270769230769	3.92194615384615	3.26283256898468	0.00188964180724327	0.0062917798077825	-1.62900525780683	TRIM4
ENSG00000185513	1.21915384615385	0.735396153846154	3.2627956130461	0.00188984817518121	0.0062917798077825	-1.62910530572027	L3MBTL1
ENSG00000112414	2.05959230769231	0.850430769230769	3.26225659366759	0.00189286056380822	0.00629963576951553	-1.63056446442341	ADGRG6
ENSG00000083123	1.1517	2.23654230769231	3.26204998490557	0.00189401642734964	0.0063023959829564	-1.63112372432014	BCKDHB
ENSG00000004809	2.47747692307692	-5.54394615384615	3.26193286026699	0.00189467197157643	0.00630349070447085	-1.63144075317065	SLC22A16
ENSG00000268902	4.72498461538462	-1.52984230769231	3.26338196634691	0.0018982706314513	0.00631328704322956	-1.63168952160155	CSAG2
ENSG00000155659	1.58695384615385	2.65831538461538	3.26104423464827	0.00189965256683984	0.00631679474551412	-1.63384580556555	VSIG4
ENSG00000115844	2.08088461538462	-2.67895769230769	3.25963723618682	0.00190756381596261	0.00633594537148833	-1.63765292945727	DLX2
ENSG00000168398	1.51143846153846	-0.38245	3.25961139643822	0.00190770939745584	0.00633594537148833	-1.63772283760162	BDKRB2
ENSG00000138587	1.34969230769231	0.527011538461538	3.25904827942803	0.00191088460989729	0.00634539921294469	-1.6392462302771	MNS1
ENSG00000176971	1.44203461538462	-0.709598076923077	3.2587424272415	0.00191261128741572	0.00635004053680522	-1.64007357411123	FIBIN
ENSG00000120156	1.06979615384615	-1.13796346153846	3.25576655519489	0.00192948844549528	0.00640387129700745	-1.64812072558694	TEK
ENSG00000162645	1.47944230769231	4.95781730769231	3.25537258379794	0.00193173328597359	0.00641021963540453	-1.64918570703045	GBP2
ENSG00000122417	1.06189615384615	3.15834038461538	3.25506425812973	0.00193349183657729	0.0064149523756362	-1.65001911112278	ODF2L
ENSG00000188033	1.373	-0.534038461538462	3.25411291354801	0.00193892739657551	0.00642907113112925	-1.6525902613806	ZNF490
ENSG00000186416	1.11935384615385	2.41603461538461	3.25408632337062	0.00193907952781612	0.00642907113112925	-1.6526621180516	NKRF
ENSG00000168062	1.53257307692308	2.71511730769231	3.25266796902287	0.00194721073575008	0.00645270537891566	-1.65649447483306	BATF2
ENSG00000130427	2.26348461538462	-5.05136153846154	3.25134036509898	0.00195485080484821	0.00647357781540317	-1.66008061081621	EPO
ENSG00000196247	1.08293076923077	0.151069230769231	3.25024697097814	0.00196116426187001	0.00649114433245489	-1.66303335940511	ZNF107
ENSG00000102057	1.16923461538462	-0.157332692307692	3.24872562874482	0.00196998075620516	0.00651585650051889	-1.66714068754765	KCND1
ENSG00000101938	3.10098846153846	-2.84469423076923	3.24864758091994	0.00197043406564988	0.0065162392957409	-1.66735136667977	CHRDL1
ENSG00000102053	1.87687307692308	-5.15506730769231	3.24771077779091	0.0019758827895225	0.00653176735076009	-1.66987986980164	ZC3H12B
ENSG00000205978	1.40488846153846	0.341598076923077	3.24729200305563	0.00197832309807862	0.00653566246026352	-1.6710100163601	NYNRIN
ENSG00000140107	2.42526153846154	-6.41162692307692	3.2471862262658	0.00197893993603635	0.00653652936093593	-1.67129546049068	SLC25A47
ENSG00000183305	5.10715769230769	-2.49785961538462	3.24819117748966	0.00198198924608481	0.00654436168614011	-1.67161169236395	MAGEA2B
ENSG00000171488	1.22367692307692	1.50869230769231	3.24636271499657	0.00198374845056468	0.00654905016953138	-1.67351753457187	LRRC8C
ENSG00000217236	2.29893076923077	-6.58782692307692	3.24599176615622	0.00198591803127244	0.00655509161382555	-1.6745183392588	SP9
ENSG00000113946	2.33425384615385	-6.50855	3.24576220098222	0.0019872618168359	0.00655840568479798	-1.675137658147	CLDN16
ENSG00000211455	1.27409230769231	1.88437692307692	3.24482334078873	0.00199276646594775	0.00657432423383855	-1.67767020048509	STK38L
ENSG00000130762	1.90371538461539	0.319896153846154	3.2434748305067	0.00200069809307664	0.0065993635151501	-1.6813068978455	ARHGEF16
ENSG00000136634	1.85477692307692	-1.84000384615385	3.24325371189687	0.00200200149790557	0.00660253458296108	-1.68190311923878	IL10
ENSG00000154655	2.06088461538462	-0.74451923076923	3.24224602395476	0.00200795155151293	0.00661876516373875	-1.68461989000709	L3MBTL4
ENSG00000174740	1.61466923076923	-0.5079	3.24047165869015	0.00201846910294257	0.00665116235815985	-1.68940227605619	PABPC5
ENSG00000111837	1.27222692307692	-4.23873653846154	3.23890629936401	0.00202779085431635	0.00667699558905307	-1.69361987296947	MAK
ENSG00000258653	2.08369615384616	-3.59214423076923	3.23822619703968	0.00203185350801726	0.00668616355773514	-1.69545186662892	
ENSG00000244623	2.44518846153846	-7.07388653846154	3.23822474869096	0.00203186216803991	0.00668616355773514	-1.69545576777383	OR2AE1
ENSG00000136834	1.99285384615385	-8.59437692307692	3.23811060595526	0.00203254476408467	0.00668650420365384	-1.69576320892696	OR1J1
ENSG00000083067	2.55198076923077	-3.81405192307692	3.23809159381333	0.00203265848142987	0.00668650420365384	-1.69581441703841	TRPM3
ENSG00000124260	4.00651153846154	-5.15644807692308	3.23682480800419	0.00204024903086961	0.00670804412244525	-1.69922597564577	MAGEA10
ENSG00000153291	1.41669230769231	1.94462692307692	3.23653393235161	0.00204199571709325	0.00671264361836699	-1.70000920084567	SLC25A27
ENSG00000179104	1.87426923076923	1.28802692307692	3.23620431616097	0.00204397674024038	0.00671630927951438	-1.70089668330513	TMTC2
ENSG00000102265	1.08553846153846	9.49906538461538	3.23569264402336	0.00204705552375257	0.00672469584326001	-1.70227422574053	TIMP1
ENSG00000080603	1.18665769230769	3.04094423076923	3.23519808539762	0.00205003548576096	0.00673333928562939	-1.70360555509227	SRCAP
ENSG00000142910	1.03121923076923	2.25628653846154	3.23509060247753	0.00205068366431916	0.00673432234983884	-1.7038948760932	TINAGL1
ENSG00000156076	3.20170384615385	-6.62780192307692	3.23496604326881	0.00205143506342387	0.00673564399205153	-1.7042301547041	WIF1
ENSG00000171956	2.27960000000001	-6.83131153846154	3.23417987686695	0.00205618357361698	0.00674893921467922	-1.70634609442925	FOXB1
ENSG00000100024	2.28339615384616	-4.87313269230769	3.2332711614273	0.00206168519249446	0.00676469645941197	-1.70879143879571	UPB1
ENSG00000123685	1.07905	1.28275961538462	3.23266085189627	0.00206538795969026	0.00677454269938845	-1.71043351575599	BATF3
ENSG00000115159	1.02991153846154	3.17099038461538	3.23150386248374	0.00207242465326284	0.00679415983049127	-1.71354589633722	GPD2
ENSG00000041982	1.99706923076923	5.97999230769231	3.23361369361251	0.00207413876522973	0.00679862465363042	-1.71258198937946	TNC
ENSG00000136011	2.59536538461539	-4.09044807692308	3.23080918078726	0.00207666048212884	0.0068057346836219	-1.71541427656958	STAB2
ENSG00000091831	1.1732	-1.81671538461538	3.23035139572949	0.00207945628787118	0.00681374040481708	-1.71664536365833	ESR1
ENSG00000168329	1.75013076923077	-2.06270384615385	3.22905832978699	0.00208737252314086	0.00683272033477836	-1.72012207337652	CX3CR1
ENSG00000181240	2.20522692307693	-3.87842884615385	3.22872363891029	0.00208942614263925	0.00683828294868863	-1.72102181493104	SLC25A41
ENSG00000120784	1.56796923076923	0.0537538461538461	3.22824785399356	0.00209234877254763	0.00684668729555633	-1.72230074791598	ZFP30
ENSG00000162814	1.44364230769231	-0.778917307692308	3.22778967663017	0.00209516688273405	0.00685474683685006	-1.72353223070278	SPATA17
ENSG00000030419	1.90860769230769	-2.30648461538462	3.2277314053955	0.00209552554759388	0.00685475845538122	-1.72368884286525	IKZF2
ENSG00000189042	1.23857692307692	0.510123076923077	3.22753578230187	0.00209673004889932	0.0068575364510172	-1.72421459356391	ZNF567
ENSG00000196411	1.02385384615385	4.39981153846154	3.22704329732579	0.00209976529254228	0.00686630009180816	-1.72553808601412	EPHB4
ENSG00000240563	2.12465384615385	-6.48508461538462	3.22656012512162	0.00210274716185216	0.00687488625766127	-1.72683641902657	L1TD1
ENSG00000145358	2.30133461538462	-1.71206730769231	3.22546499725084	0.00210952045073148	0.0068957202593696	-1.72977865336559	DDIT4L
ENSG00000155980	2.28428846153846	-5.32931730769231	3.22505186561962	0.00211208097470607	0.00690189589550555	-1.73088842163249	KIF5A
ENSG00000187554	1.19258846153846	-1.04770961538462	3.22450705138715	0.00211546212179791	0.0069106050663505	-1.73235177337605	TLR5
ENSG00000144583	1.86806153846154	-5.37100384615385	3.2241289327612	0.00211781174270398	0.00691710999482485	-1.73336728843591	MARCHF4
ENSG00000174776	2.34003461538462	-7.77680961538462	3.22395237695452	0.00211890969814865	0.00691952527548018	-1.7338414376808	WDR49
ENSG00000130303	1.50395769230769	7.20224038461539	3.22406864664974	0.0021211813148545	0.00692460052775856	-1.73447423534935	BST2
ENSG00000148541	1.67825384615385	-2.19573846153846	3.22303642709492	0.0021246143657372	0.00693463495127244	-1.73630098415268	FAM13C
ENSG00000234719	1.02270384615385	0.922501923076923	3.22296328131351	0.00212507055126773	0.00693495128505849	-1.7364973778681	NPIPB2
ENSG00000167371	1.27813076923077	-0.2156	3.22284609467423	0.00212580159702203	0.00693529340258611	-1.73681201337771	PRRT2
ENSG00000159905	1.30606923076923	-1.08804230769231	3.222831291977	0.00212589395757665	0.00693529340258611	-1.73685175672867	ZNF221
ENSG00000153157	2.72971923076923	-3.76800576923077	3.2224558339786	0.00212823786943177	0.00694059395060677	-1.73785977223548	SYCP2L
ENSG00000129048	1.63719230769231	-0.992146153846154	3.22133966124028	0.00213522029965474	0.00695631349269797	-1.74085596199114	ACKR4
ENSG00000215183	3.39644615384616	-4.71746538461538	3.21760506512363	0.00215873992770971	0.00702819308898304	-1.75087579230794	MSMP
ENSG00000117154	2.10104615384615	-1.23430769230769	3.21636565676558	0.00216659919417592	0.00704207381704064	-1.75419935648708	IGSF21
ENSG00000165633	1.18006538461538	-0.983659615384615	3.21444692604893	0.00217881929147931	0.00707923729732793	-1.7593428633229	VSTM4
ENSG00000267179	2.67968076923077	-3.60591346153846	3.2143389940434	0.00217950861757815	0.00708028523142225	-1.75963213295441	
ENSG00000163507	1.45668846153846	0.947451923076923	3.2119355494425	0.00219491191452635	0.00712193388571223	-1.76607192370863	CIP2A
ENSG00000150471	2.20076538461538	-3.01015961538462	3.21142116832478	0.00219822178667639	0.00713147481482596	-1.76744973269256	ADGRL3
ENSG00000186310	2.11247692307692	-1.92234615384615	3.21125043964277	0.00219932140724588	0.00713384324047507	-1.7679070094048	NAP1L3
ENSG00000220008	2.07661153846154	-5.76320192307692	3.21095590982948	0.00220121961692865	0.00713760159005102	-1.76869583416333	LINGO3
ENSG00000203814	1.64243461538461	-0.135182692307692	3.210243570524	0.00220581693596775	0.00714770594510415	-1.77060345482781	H2BC18
ENSG00000004799	1.96605769230769	0.0696134615384615	3.20920901806588	0.00221250986069621	0.00716807081468399	-1.77337344040206	PDK4
ENSG00000165966	2.25779615384616	-5.77717884615385	3.20895230384641	0.00221417360275288	0.00717117333119778	-1.77406069185929	PDZRN4
ENSG00000181894	1.14166923076923	1.37704230769231	3.20853281416128	0.00221689481244902	0.00717757808867887	-1.77518363042071	ZNF329
ENSG00000185155	2.40394615384616	-4.53145	3.20844492271073	0.00221746535879852	0.00717822133504742	-1.77541889581524	MIXL1
ENSG00000162631	3.18144615384616	-3.45236923076923	3.20805977866557	0.00221996714697213	0.00718511499631169	-1.77644978715027	NTNG1
ENSG00000123094	1.15109230769231	2.66453461538462	3.20785928169983	0.00222127057040606	0.00718812838567447	-1.77698641179723	RASSF8
ENSG00000240891	2.60843076923077	-4.1935	3.20757782990514	0.00222310149339937	0.00719164205246994	-1.77773967144132	PLCXD2
ENSG00000148483	1.90206538461539	-4.06328653846154	3.20714586661809	0.00222591429880793	0.00719868267441937	-1.77889566322557	TMEM236
ENSG00000259399	3.98173846153846	-1.95563461538462	3.20619449013259	0.00223212117106891	0.00721477477648078	-1.78144130192775	TGIF2-RAB5IF
ENSG00000112276	2.05947307692308	0.0421557692307692	3.20610459086273	0.00223270852409339	0.00721546503274313	-1.78168182273912	BVES
ENSG00000198075	2.40462307692308	-3.61630769230769	3.20520593123676	0.00223858787724536	0.00723204381497357	-1.78408588813722	SULT1C4
ENSG00000198515	2.45243846153846	-4.41033076923077	3.20506292505544	0.00223952481747937	0.00723386003209575	-1.78446841149136	CNGA1
ENSG00000083937	1.01886923076923	3.52800769230769	3.20404611423786	0.00224619735144121	0.00725298552607388	-1.78718791703999	CHMP2B
ENSG00000171435	1.9243076923077	-8.60448461538462	3.20395724887187	0.00224678139335732	0.00725361105672095	-1.78742556355407	KSR2
ENSG00000174749	1.15291538461539	-1.55442692307692	3.20348019315777	0.00224991914736473	0.00726014531955557	-1.78870124420662	FAM241A
ENSG00000103044	2.01374615384615	0.1299	3.20271769190486	0.00225494293498453	0.00727392437734063	-1.79073995846882	HAS3
ENSG00000258790	2.74360769230769	-3.32831538461538	3.20199323379412	0.00225972584925096	0.00728570036213318	-1.79267665063353	
ENSG00000152229	1.29634230769231	0.463609615384615	3.19963364247008	0.00227537026453602	0.00733124223273891	-1.7989824764609	PSTPIP2
ENSG00000204323	1.93526923076923	-0.917496153846154	3.19903592838811	0.00227934933535328	0.0073416119172909	-1.80057931965237	SMIM5
ENSG00000198768	2.40083076923077	-3.68179615384615	3.19639991183546	0.00229697590873265	0.00739221840051122	-1.80761923801949	APCDD1L
ENSG00000198088	2.88739615384616	-5.05786730769231	3.19605351016825	0.00229930174412979	0.00739645530461418	-1.80854406751081	NUP62CL
ENSG00000185105	1.86379615384616	-5.34961346153846	3.19564059904247	0.00230207703629606	0.00740369760606844	-1.80964637606852	MYADML2
ENSG00000168772	2.26624230769231	-4.87520961538462	3.19494602171585	0.00230675259579841	0.00741749881004444	-1.81150040276827	CXXC4
ENSG00000174500	1.07134230769231	-1.98534807692308	3.19488737961494	0.00230714775476072	0.00741753382913827	-1.81165692284937	GCSAM
ENSG00000154252	2.23897692307693	-7.01578461538462	3.19430484530928	0.00231107661316446	0.00742769095303257	-1.81321164356958	GAL3ST2
ENSG00000118514	1.89264615384616	-3.05886153846154	3.19373847811223	0.0023149024664028	0.00743659921500559	-1.8147230310056	ALDH8A1
ENSG00000085465	1.15875	-1.34567115384615	3.19367282371199	0.00231534635193694	0.00743659921500559	-1.81489822221106	OVGP1
ENSG00000144619	2.70758076923077	-1.77135192307692	3.19366645951608	0.00231538938414669	0.00743659921500559	-1.81491520420451	CNTN4
ENSG00000196369	1.42638076923077	3.14924038461538	3.19355329652527	0.00231615467375641	0.0074378196086375	-1.81521716044715	SRGAP2B
ENSG00000147036	1.91022307692308	-5.06733461538461	3.19267257761706	0.00232211886510064	0.00745449200948571	-1.81756696044612	LANCL3
ENSG00000164707	1.67691538461539	-2.92321923076923	3.1905205643512	0.0023367530320948	0.00749648392529931	-1.82330677718031	SLC13A4
ENSG00000134109	1.01872692307692	3.28011730769231	3.19037783394976	0.00233772669105646	0.0074971155204291	-1.82368737227922	EDEM1
ENSG00000177839	1.32740384615385	-0.642040384615384	3.18985922783166	0.00234126766070801	0.00750597735503185	-1.82507015411965	PCDHB9
ENSG00000122824	3.00259230769231	-3.85022307692308	3.18780060902449	0.00235537342979702	0.00754869223233803	-1.83055762689171	NUDT10
ENSG00000136842	1.31993076923077	2.65021923076923	3.18763521075314	0.00235651020925869	0.00755093021182715	-1.83099840919453	TMOD1
ENSG00000138135	1.29576923076923	-0.785546153846154	3.18758519163231	0.00235685409139815	0.00755093021182715	-1.83113170584354	CH25H
ENSG00000112539	2.44103461538462	-7.64319423076923	3.18662125490789	0.00236349039349362	0.00756842320265551	-1.83370023558612	C6orf118
ENSG00000060982	1.23926538461538	-0.900536538461538	3.18638786682104	0.00236509981302797	0.00757232073161037	-1.83432204761336	BCAT1
ENSG00000174600	1.04136153846154	0.900107692307692	3.18587799768793	0.00236861940189389	0.00758067237463369	-1.83568037546664	CMKLR1
ENSG00000176273	1.03102692307692	1.10897115384615	3.18493991037221	0.00237510781809676	0.0075971750444445	-1.83817911980095	SLC35G1
ENSG00000136750	2.38828461538462	-8.2035576923077	3.18492311604379	0.00237522413061299	0.0075971750444445	-1.83822384958355	GAD2
ENSG00000105711	1.34594230769231	2.99630192307692	3.1809825193233	0.00240266406858275	0.00767476824687289	-1.84871472960077	SCN1B
ENSG00000115415	1.36097692307693	6.14452692307692	3.1807061048906	0.00240459999437338	0.00767968128580235	-1.84945028291893	STAT1
ENSG00000145390	1.58106923076923	1.59338076923077	3.18055459616861	0.00240566173915349	0.00768180124911162	-1.84985343705972	USP53
ENSG00000214376	2.46374615384616	-5.79925769230769	3.18033667507539	0.00240718966222341	0.00768540887361867	-1.85043328688523	VSTM5
ENSG00000144815	1.07817692307692	1.58298076923077	3.17909859274085	0.00241588763005473	0.00771190324507134	-1.85372709177594	NXPE3
ENSG00000226321	1.87114230769231	-8.63106730769231	3.17869034802593	0.00241876216474066	0.00771944951593608	-1.85481299741382	CROCC2
ENSG00000145708	2.20756923076923	-2.7814	3.17864928878974	0.00241905144909586	0.00771944951593608	-1.85492220716297	CRHBP
ENSG00000171243	3.37034615384616	-2.15491153846154	3.17836885770159	0.00242102810635477	0.00772320369145037	-1.8556680746764	SOSTDC1
ENSG00000065615	1.24543461538462	1.80199423076923	3.17820895068785	0.00242215591258111	0.00772552471588782	-1.85609336204896	CYB5R4
ENSG00000230510	1.31725384615385	-1.60306538461539	3.17714509499549	0.00242967174792701	0.00774309951299903	-1.85892241153476	PPP5D1P
ENSG00000128965	-1.53252692307692	2.97266346153846	-3.17368929015425	0.00245423754179395	0.00781235937817426	-1.86810776287561	CHAC1
ENSG00000267508	1.67918076923077	-0.550686538461539	3.17130968806249	0.00247128857739223	0.00786015544725691	-1.87442864624303	ZNF285
ENSG00000100784	1.32265769230769	1.58069423076923	3.17094712528783	0.00247389627202303	0.00786715316949927	-1.87539142865218	RPS6KA5
ENSG00000138182	1.12785769230769	0.422790384615385	3.16972665880276	0.00248269336203211	0.00789252799198055	-1.87863181325278	KIF20B
ENSG00000165923	1.11182307692308	-0.481134615384615	3.16889771721112	0.00248868510312375	0.007910273101531	-1.88083219727923	AGBL2
ENSG00000261594	-1.44489615384615	-0.174140384615385	-3.16760518589339	0.00249805487048955	0.00793352306104964	-1.88426237038105	TPBGL
ENSG00000147437	1.71713846153846	-0.973865384615385	3.16690952030195	0.00250311157160751	0.00794566069178422	-1.88610815957953	GNRH1
ENSG00000142233	2.10101153846154	-2.97201346153846	3.1667074225158	0.00250458239534899	0.0079477155971431	-1.88664432765074	NTN5
ENSG00000160326	-1.13545	1.99199038461539	-3.16584678627707	0.00251085501448391	0.00796369279404913	-1.88892734424791	SLC2A6
ENSG00000228049	1.04755769230769	-1.20071346153846	3.16564883306918	0.00251229985311058	0.00796696633228084	-1.88945239612261	POLR2J2
ENSG00000137225	1.03947307692308	-2.239075	3.16381375931867	0.00252573108460827	0.00800329374544977	-1.89431868134527	CAPN11
ENSG00000166682	1.31449615384615	0.822705769230769	3.16339871666013	0.00252877819452033	0.00801132537154537	-1.89541903141448	TMPRSS5
ENSG00000149177	1.11230769230769	4.19255384615385	3.1628434467384	0.00253286020839217	0.00802137128205195	-1.89689099341531	PTPRJ
ENSG00000130818	1.14455769230769	1.35779038461538	3.16268786692058	0.00253400504814837	0.00802137128205195	-1.89730338731202	ZNF426
ENSG00000167614	2.10250769230769	1.29128846153846	3.16268627279156	0.00253401678112007	0.00802137128205195	-1.89730761278213	TTYH1
ENSG00000169239	1.34163076923077	1.99511923076923	3.16257657778639	0.00253482427147031	0.00802257958881642	-1.89759837178969	CA5B
ENSG00000269964	1.99573076923077	-8.29636153846154	3.16202508268799	0.00253888761808457	0.00803148929726097	-1.89906006702831	MEI4
ENSG00000061455	2.17585384615385	-5.34385	3.16190176215495	0.00253979706489189	0.00803304976955728	-1.89938689466395	PRDM6
ENSG00000126861	1.96467307692308	-1.269875	3.16154792153597	0.00254240821741648	0.00803924995048644	-1.90032460472909	OMG
ENSG00000282815	3.16012692307693	-6.79004423076923	3.16152325731081	0.00254259032003936	0.00803924995048644	-1.90038996450106	TEX13C
ENSG00000124171	1.17454615384615	-1.30311923076923	3.16083694876133	0.00254766243711867	0.00805396790430752	-1.90220852998898	PARD6B
ENSG00000243749	1.05367307692308	3.78595192307692	3.16007951215439	0.00255327125230213	0.00806773530580914	-1.9042152544654	TMEM35B
ENSG00000152207	2.97142692307692	-2.38740192307692	3.15960327582053	0.00255680371657876	0.00807625300951068	-1.90547680830313	CYSLTR2
ENSG00000165934	1.15586923076923	3.44055769230769	3.15924743824405	0.00255944612327689	0.00808327691714885	-1.90641933966237	CPSF2
ENSG00000188257	2.52233461538462	-0.498944230769231	3.15918877659934	0.00255988198371749	0.00808333092290179	-1.90657471377969	PLA2G2A
ENSG00000137474	1.42823461538462	0.346736538461538	3.15889618117972	0.00256205703090817	0.00808887583703311	-1.90734966681461	MYO7A
ENSG00000188820	2.16765	2.09267115384615	3.15863541940077	0.00256399690099446	0.00809367656253409	-1.90804026538361	CALHM6
ENSG00000179300	2.11107692307693	-6.90239615384615	3.15857471785158	0.00256444867241614	0.00809377905880457	-1.90820102106755	RTL3
ENSG00000164929	2.58906153846154	2.22440384615385	3.16027500140129	0.00256562146469004	0.00809615679792574	-1.90724758597195	BAALC
ENSG00000113327	2.92983076923077	-7.20497692307692	3.15830779971681	0.00256643609848948	0.00809681907493468	-1.90890787418069	GABRG2
ENSG00000177182	1.94603846153847	-5.34531923076923	3.15827636456695	0.00256667025434002	0.00809681907493468	-1.90899111810407	CLVS1
ENSG00000099284	1.35368461538462	0.931865384615384	3.15796496499455	0.00256899090841247	0.0081028156054062	-1.90981570955459	MACROH2A2
ENSG00000187037	2.11899230769231	-2.58562692307692	3.15728810252577	0.00257404191260875	0.00810896150405102	-1.9116078604391	GPR141
ENSG00000221867	4.53643846153846	0.484553846153846	3.16139916067827	0.00257407720496711	0.00810896150405102	-1.90858493679878	MAGEA3
ENSG00000169245	2.33529615384615	3.12634807692308	3.15919191833556	0.00257412708296056	0.00810896150405102	-1.91022455471376	CXCL10
ENSG00000074047	1.79996153846154	-2.78201538461538	3.15649137130171	0.00257999937230271	0.0081229371853791	-1.91371705357405	GLI2
ENSG00000104219	1.81667307692308	0.431409615384615	3.15596711807666	0.00258392647154601	0.00813397467062175	-1.91510471393718	ZDHHC2
ENSG00000118298	-1.66622692307692	5.19474807692308	-3.15606175038812	0.00258754256794215	0.00814402970634065	-1.91595451715195	CA14
ENSG00000134571	1.67290384615385	-6.45375192307692	3.15470585437115	0.00259339740996394	0.00816112654133258	-1.91844253872646	MYBPC3
ENSG00000186198	2.6545076923077	-7.11648846153846	3.15306747125252	0.00260574884723465	0.00819198208439259	-1.922777007627	SLC51B
ENSG00000118849	1.40063846153846	0.906157692307692	3.15212955222759	0.0026128444657795	0.00821161457553592	-1.92525764779643	RARRES1
ENSG00000184995	2.58714230769231	-6.67424807692308	3.15179118605983	0.00261540874982397	0.00821833551975452	-1.92615244555684	IFNE
ENSG00000236609	1.65463846153846	0.802742307692308	3.15167185898316	0.00261631362503336	0.00821850315769225	-1.92646798617039	ZNF853
ENSG00000122042	1.11984230769231	5.14428269230769	3.14949715297441	0.00263285632629838	0.00825703097750407	-1.9322171945454	UBL3
ENSG00000164796	1.99873461538462	-8.192275	3.14827714541741	0.00264217970634283	0.00828357883247291	-1.93544129781433	CSMD3
ENSG00000120659	2.15238461538462	-4.97813076923077	3.14678266710826	0.00265364284610822	0.00831816626476567	-1.93938957039024	TNFSF11
ENSG00000078795	2.31553461538462	-6.08859038461539	3.14624128945842	0.00265780689667082	0.00832986629752181	-1.94081952117016	PKD2L2
ENSG00000100290	-1.77004615384615	0.420192307692308	-3.14585253011005	0.00266080085360234	0.00833789592160488	-1.94184625386569	BIK
ENSG00000185900	1.32153846153846	-0.611415384615385	3.14574760843862	0.00266160943040444	0.00833907593492889	-1.94212334221921	POMK
ENSG00000100100	1.02455384615385	2.43685384615385	3.14503174947949	0.00266713234117294	0.00835502362571588	-1.94401368907542	PIK3IP1
ENSG00000152315	1.83880769230769	-2.66387692307692	3.14443920410965	0.00267171201215455	0.00836122843233127	-1.94557818125891	KCNK13
ENSG00000131127	1.21558076923077	0.687086538461539	3.14436539062938	0.00267228301924844	0.00836165976990641	-1.94577305609442	ZNF141
ENSG00000180574	1.74562307692308	-2.19172307692308	3.1438624553248	0.00267617668143655	0.0083724859775964	-1.94710077075519	EIF2S3B
ENSG00000162763	3.05942692307693	-5.07897884615385	3.14326802081378	0.00268078558465066	0.00838554596346001	-1.94866984827651	LRRC52
ENSG00000162733	1.54418461538462	2.81535	3.14246582863221	0.00268701713179765	0.00840095427520086	-1.95078700153645	DDR2
ENSG00000173838	2.2842576923077	-5.15087884615385	3.14178975123234	0.00269227955448699	0.00841604408749188	-1.95257102212647	MARCHF10
ENSG00000149573	1.93216153846154	1.45159230769231	3.14039629769981	0.00270315638438891	0.00844867676293055	-1.95624720650514	MPZL2
ENSG00000064115	1.06170769230769	6.01482692307692	3.13883134729104	0.00271542101582791	0.00848426219950246	-1.96037448958089	TM7SF3
ENSG00000172828	1.63731153846154	-1.83806730769231	3.13864025136387	0.00271692222080794	0.00848757883609899	-1.96087837441995	CES3
ENSG00000106952	1.29261923076923	-1.31811346153846	3.1382796894713	0.00271975683190711	0.00849505924373834	-1.96182905220281	TNFSF8
ENSG00000187726	2.44082307692308	-4.96403846153846	3.13756577362706	0.00272537757633083	0.00851123820674874	-1.96371118050185	DNAJB13
ENSG00000137845	1.11950769230769	4.75193461538462	3.1374351654853	0.00272640704840976	0.00851307590673789	-1.96405547660819	ADAM10
ENSG00000113578	1.68695769230769	0.344805769230769	3.13647756646218	0.0027339661327508	0.00853391789464566	-1.9665795010411	FGF1
ENSG00000108700	1.51455	0.676648076923077	3.13354500871264	0.00275723761634849	0.00859960538186699	-1.97430578035324	CCL8
ENSG00000184988	1.00743076923077	1.47451538461538	3.13234842141705	0.00276678648095448	0.00862520662820807	-1.97745694110588	TMEM106A
ENSG00000110680	1.91694615384616	-8.61071923076923	3.13188941182879	0.00277045764043141	0.00863525655308372	-1.97866550220053	CALCA
ENSG00000145198	1.83646153846154	-3.83072307692308	3.13141392106792	0.00277426543436738	0.00864293829560902	-1.9799173287142	VWA5B2
ENSG00000171877	2.10283461538462	0.919471153846154	3.13102101518525	0.00277741558115315	0.00865135597272862	-1.9809516345212	FRMD5
ENSG00000179059	2.63445	-6.62155576923077	3.13075710060647	0.00277953341571871	0.00865655590894132	-1.98164632655453	ZFP42
ENSG00000154265	1.10596153846154	2.59666923076923	3.13034092630249	0.00278287616639417	0.00866417074837203	-1.98274172364182	ABCA5
ENSG00000166394	1.89738076923077	3.558175	3.13010041298157	0.00278583584225142	0.00867198665747125	-1.98361538075325	CYB5R2
ENSG00000205108	1.61358461538462	-8.19175	3.12919405887255	0.00279210743569376	0.00868730654919352	-1.98575983007439	SPATA31F1
ENSG00000151962	2.22820384615385	-7.32474807692308	3.12836494654963	0.00279879893569957	0.0087039174892555	-1.98794125292434	RBM46
ENSG00000130950	2.01876153846154	-8.41465	3.12822815020386	0.00279990441965297	0.00870557064141005	-1.98830113034867	NUTM2F
ENSG00000164241	2.34681538461539	-0.302988461538461	3.12683544745408	0.00281118251525714	0.0087297709285728	-1.99196436777384	C5orf63
ENSG00000280537	2.01840769230769	-4.4062	3.12666719692903	0.00281254788736006	0.0087326060591461	-1.9924068420744	
ENSG00000185070	1.66161538461538	-0.629334615384615	3.12648070232312	0.0028140620389643	0.00873590214508329	-1.99289727638522	FLRT2
ENSG00000169248	2.50218461538462	0.158211538461538	3.12557421666688	0.00282143269975233	0.00875596710664296	-1.99528081919601	CXCL11
ENSG00000176029	1.92928461538462	-7.94531153846154	3.12521026061157	0.00282439712736023	0.008762349365065	-1.99623768243151	C11orf16
ENSG00000162458	1.27416923076923	3.39713461538462	3.12477527711206	0.00282794390598146	0.00877194298845576	-1.99738118005322	FBLIM1
ENSG00000255104	2.6310576923077	-6.50239038461539	3.12361299865493	0.00283744141958719	0.00879689775967216	-2.00043607162706	ZNF286A-TBC1D26
ENSG00000183166	2.53756923076924	-7.36777307692308	3.12328363721508	0.00284013821769869	0.00880231062888524	-2.00130161044442	CALN1
ENSG00000185933	1.74985	-6.69332884615385	3.12324313357499	0.00284047002576419	0.00880231062888524	-2.00140804681095	CALHM1
ENSG00000204103	1.22141538461538	2.96549615384616	3.12311941880066	0.00284148372913562	0.0088040385912528	-2.00173314132664	MAFB
ENSG00000135218	1.59788846153846	1.82045192307692	3.1228590788492	0.00284361803020719	0.00880923749592189	-2.00241722684504	CD36
ENSG00000165383	2.17736153846154	-7.63203846153846	3.12264097730319	0.002845407212336	0.00881195177598617	-2.00299029367808	LRRC18
ENSG00000133256	1.54333461538462	-0.0349634615384615	3.1220653069255	0.00285013475878306	0.00882093173782098	-2.00450274765222	PDE6B
ENSG00000144802	1.20356153846154	1.94180769230769	3.12191152495262	0.00285139889999375	0.0088234294592144	-2.00490674504322	NFKBIZ
ENSG00000172404	1.54869230769231	-5.24439615384615	3.12073045838325	0.0028611252149977	0.00884927095419013	-2.00800904052776	DNAJB7
ENSG00000139194	1.29545769230769	-0.253771153846154	3.12014538342157	0.00286595493525853	0.00886278886819857	-2.00954554958325	RBP5
ENSG00000261794	2.33485384615385	-5.53915769230769	3.11983713336684	0.00286850257406607	0.00886924638590377	-2.01035498774602	GOLGA8H
ENSG00000165028	1.26955	-1.22586730769231	3.11854104578549	0.00287923778614474	0.0088978524307747	-2.01375779565892	NIPSNAP3B
ENSG00000174721	1.34126153846154	-1.43342692307692	3.11849761031317	0.00287959820416772	0.0088978524307747	-2.01387181616434	FGFBP3
ENSG00000175318	2.22844615384615	-3.19670769230769	3.11843739621553	0.00288009791750269	0.00889797216734226	-2.01402987966295	GRAMD2A
ENSG00000166856	1.92210384615385	-6.36635192307692	3.11788273433728	0.00288470484953149	0.00891077895831433	-2.01548578128406	GPR182
ENSG00000089127	1.47950384615385	4.11894038461539	3.1175221766162	0.00288770328770094	0.00891782893388027	-2.01643209318354	OAS1
ENSG00000158813	1.4154	-1.22647692307692	3.11738616669204	0.00288883512011363	0.00891782893388027	-2.01678904213262	EDA
ENSG00000100342	1.57900769230769	4.21247307692308	3.11681574770037	0.00289358650098552	0.00892821295212971	-2.01828595095468	APOL1
ENSG00000155099	1.04135769230769	4.23640192307692	3.11674503882213	0.00289417599005135	0.00892860462457427	-2.01847149385092	PIP4P2
ENSG00000188981	1.40397692307692	-4.07292307692308	3.1162932917389	0.00289794479404829	0.00893178096996957	-2.01965682714952	MSANTD1
ENSG00000205002	2.91224230769231	-3.48896346153846	3.11628884926549	0.0028979818792374	0.00893178096996957	-2.01966848310578	AARD
ENSG00000019186	2.46615	-4.82126730769231	3.11571258622004	0.002902796221409	0.00894376304259504	-2.02118035767507	CYP24A1
ENSG00000120075	1.44530769230769	-0.423311538461538	3.11563726023637	0.00290342607987737	0.00894427603253638	-2.02137796738981	HOXB5
ENSG00000181656	1.91116538461539	-7.27004807692308	3.11554426893438	0.00290420382835023	0.00894524437508289	-2.02162191561709	GPR88
ENSG00000181031	1.03500384615385	-0.597417307692308	3.11534527440874	0.00290586880882913	0.00894751724626395	-2.02214392984872	RPH3AL
ENSG00000065183	1.06613076923077	3.18358461538462	3.11492826177576	0.00290936084196335	0.00895541258689499	-2.02323778703539	WDR3
ENSG00000154864	2.28879230769231	-0.528315384615385	3.11478580474986	0.00291055466772196	0.00895765892076482	-2.02361143981363	PIEZO2
ENSG00000272822	1.83225384615385	-2.23993846153846	3.11423659436767	0.00291516148782159	0.00897040685468199	-2.02505186135506	
ENSG00000136379	1.01815	2.87324038461539	3.11362626446378	0.00292028900052913	0.00898332088879901	-2.02665237502653	ABHD17C
ENSG00000123146	1.12488461538462	5.34303076923077	3.11285686584858	0.00292676492874382	0.0090018074282253	-2.02866971607828	ADGRE5
ENSG00000164270	1.67731153846154	-8.82515576923077	3.11175339323452	0.00293607621197842	0.00902613140943134	-2.03156238513578	HTR4
ENSG00000063660	1.49974230769231	4.50306346153846	3.11035039111975	0.00294795506539735	0.00905795317265946	-2.03523921902626	GPC1
ENSG00000113296	1.38489615384615	0.737363461538461	3.11030921202958	0.00294830439744182	0.00905795317265946	-2.03534711926016	THBS4
ENSG00000204116	1.19986153846154	0.2871	3.10978685348287	0.00295273905805557	0.00906869085722301	-2.03671575224488	CHIC1
ENSG00000092964	1.19558461538462	4.46106153846154	3.10928938668536	0.00295696820595308	0.00907879072363803	-2.03801901777058	DPYSL2
ENSG00000099139	1.23718076923077	-2.35847884615385	3.10744947642948	0.00297265932910087	0.00911681649660535	-2.04283796267973	PCSK5
ENSG00000214944	1.32933076923077	0.586842307692308	3.10734548970163	0.002973548473972	0.00911809470898832	-2.04311025713838	ARHGEF28
ENSG00000101384	1.28496538461539	2.70269038461538	3.10608167374428	0.00298437474693269	0.00914983890407269	-2.04641911600904	JAG1
ENSG00000147852	1.23426153846154	3.33768461538461	3.10592643612988	0.00298570710850353	0.00915140760685102	-2.04682548669733	VLDLR
ENSG00000183066	1.78876153846154	-1.43849615384615	3.1059115861607	0.0029858345908899	0.00915140760685102	-2.04686435921726	WBP2NL
ENSG00000116711	1.96571923076923	1.30642884615385	3.10413327437885	0.00300113777349732	0.00919247261850504	-2.05151848175268	PLA2G4A
ENSG00000140876	1.18266153846154	1.17523076923077	3.10384092704998	0.00300366057745491	0.0091987403024928	-2.05228342331261	NUDT7
ENSG00000125384	1.33399615384615	-2.314125	3.10253182319207	0.0030149818430765	0.00923173078604541	-2.05570814465412	PTGER2
ENSG00000184716	2.02649615384615	-3.23906730769231	3.10248477629012	0.0030153894527284	0.00923173078604541	-2.05583120442461	SERINC4
ENSG00000112218	2.06585	-5.70410192307692	3.10236067177128	0.00301646492957727	0.00923355891779734	-2.05615581624163	GPR63
ENSG00000127362	1.64005769230769	-8.91766346153846	3.10140183098953	0.00302478626499238	0.00925462819355649	-2.05866348660157	TAS2R3
ENSG00000175548	1.07458846153846	0.382721153846154	3.10106880155939	0.00302768150124258	0.00926055078727388	-2.0595343370532	ALG10B
ENSG00000174607	2.64402307692308	-0.444969230769231	3.10001435247907	0.00303686562728716	0.00928509097839655	-2.06229122368859	UGT8
ENSG00000184984	1.95611538461539	-5.76677692307692	3.0999329142545	0.00303757602899378	0.00928509097839655	-2.06250411903824	CHRM5
ENSG00000124496	1.22413461538462	-0.792455769230769	3.09992686070027	0.00303762884155697	0.00928509097839655	-2.06251994405015	TRERF1
ENSG00000197860	1.1616	1.35960384615385	3.09901271435374	0.00304561393804971	0.00930802499147777	-2.06490942969253	SGTB
ENSG00000147145	2.57952692307693	-4.80749807692308	3.09826048715854	0.00305219940692337	0.00932372292322232	-2.06687530682888	LPAR4
ENSG00000251537	2.00346538461539	-6.79675192307692	3.09630843320282	0.00306935117705803	0.00937315073101585	-2.07197527004363	
ENSG00000197054	1.01434230769231	-0.231055769230769	3.09613771828923	0.00307085545232913	0.00937626111931496	-2.07242117563759	ZNF763
ENSG00000145692	2.82729230769231	-6.71768846153846	3.09446277295594	0.00308565110037936	0.0094169624067722	-2.07679520621365	BHMT
ENSG00000198547	1.95681153846154	-7.21287115384616	3.09369828697528	0.003092426360516	0.00943317099194695	-2.07879107191107	C20orf203
ENSG00000138771	1.82476538461539	-1.47153653846154	3.0936297928059	0.00309303406986818	0.00943353399441704	-2.07896987483058	SHROOM3
ENSG00000179314	1.5969	-2.29073846153846	3.09347714504214	0.00309438882799578	0.00943468449641488	-2.07936834940808	WSCD1
ENSG00000182870	2.29879230769231	-5.81291538461539	3.09320790464374	0.00309677970724517	0.00944048305258267	-2.08007114614132	GALNT9
ENSG00000011677	3.51388461538462	-2.20234615384615	3.09309672953764	0.00309776745682925	0.0094420030347663	-2.08036133345932	GABRA3
ENSG00000104899	2.08959230769231	-1.62998076923077	3.09185100806138	0.00310885542119797	0.00947430315683368	-2.08361239615951	AMH
ENSG00000115107	1.31316153846154	1.54164230769231	3.09114476510118	0.00311515806996705	0.00949051392433303	-2.08545513100008	STEAP3
ENSG00000151388	1.10715384615385	-0.787192307692308	3.09011711598118	0.0031243503818182	0.0095128201222307	-2.08813595643043	ADAMTS12
ENSG00000250479	-1.19168076923077	6.93900192307692	-3.090050859596	0.00312494391519789	0.0095128201222307	-2.08830877792234	CHCHD10
ENSG00000109321	2.90432307692308	-1.59731538461539	3.08991808038173	0.00312613368657339	0.00951469501284738	-2.08865510810296	AREG
ENSG00000081148	1.33483846153846	-5.05663461538462	3.08987211728352	0.00312654563883805	0.00951469501284738	-2.08877499197702	IMPG2
ENSG00000165076	1.81883461538462	-8.86583653846154	3.08967576262336	0.00312830607405413	0.00951855172564106	-2.08928712265778	PRSS37
ENSG00000186867	2.79748846153847	-6.19781346153846	3.088472754492	0.0031391120273044	0.00954691656893917	-2.09242430274938	QRFPR
ENSG00000054219	1.51643461538462	-0.953151923076923	3.08768202960535	0.00314623369181374	0.0095625490400064	-2.09448587415193	LY75
ENSG00000253649	2.67947692307693	-6.00908461538461	3.08758568440251	0.00314710245799238	0.00956368368177375	-2.09473703936405	PRSS51
ENSG00000197558	2.02154615384615	-3.93711538461538	3.0873643179336	0.00314909941966033	0.00956674002167192	-2.09531410553635	SSPOP
ENSG00000152049	1.49825384615385	0.302903846153846	3.08626901160611	0.00315899771831878	0.0095922814152442	-2.09816896450176	KCNE4
ENSG00000113739	1.20083846153846	-0.424130769230769	3.08411042791492	0.00317859018302867	0.00964115749575776	-2.10379312768914	STC2
ENSG00000157890	2.06438076923077	-4.23490576923077	3.08400690793219	0.00317953263814613	0.00964250094487585	-2.10406277859057	MEGF11
ENSG00000254598	1.80626538461539	-1.50136730769231	3.08349098188232	0.0031842335760747	0.00965524045224159	-2.10540657859984	CSNK2A3
ENSG00000182134	1.08781923076923	1.76487884615385	3.08261965933138	0.00319218753634406	0.00967328037897165	-2.10767570039925	TDRKH
ENSG00000064218	1.22234230769231	-3.38649423076923	3.08238878334321	0.00319429822660885	0.00967663820907574	-2.1082768787248	DMRT3
ENSG00000165084	1.84494230769231	-6.10033653846154	3.08111713373168	0.00320594719764385	0.009705834183833	-2.11158756438878	C8orf34
ENSG00000155926	1.27217692307692	1.27809615384615	3.0807588125809	0.0032092367781893	0.00971426964550543	-2.11252026562976	SLA
ENSG00000204262	1.10933076923077	3.26520384615385	3.07886903271132	0.00322663829627255	0.00976005164243328	-2.11743806045176	COL5A2
ENSG00000095637	1.04482307692308	3.32322307692308	3.07828945517152	0.00323199284405812	0.00977063073091885	-2.11894587809973	SORBS1
ENSG00000226430	1.32673846153847	-9.13349615384616	3.0780313856908	0.00323437974718827	0.00977504810708866	-2.11961720267865	USP17L7
ENSG00000183813	1.70441153846154	-3.11097115384615	3.07609855528119	0.0032523091442101	0.00982189702780799	-2.12464388431287	CCR4
ENSG00000160588	1.64810384615385	-0.786051923076923	3.07583166382127	0.00325479218775308	0.00982750721104297	-2.12533781092717	MPZL3
ENSG00000166165	-1.36612307692308	5.12436923076923	-3.07547293013177	0.00325813248635777	0.00983605432970975	-2.12627046391094	CKB
ENSG00000135077	1.23069615384615	1.42195192307692	3.07526306844157	0.00326008807088552	0.00983944594901728	-2.12681603701907	HAVCR2
ENSG00000155714	2.30736923076923	-6.52152692307692	3.07524297022384	0.00326027541262573	0.00983944594901728	-2.12686828457236	PDZD9
ENSG00000074416	1.00275384615385	3.09701153846154	3.07505280037352	0.00326204854358288	0.00984325825180245	-2.12736264041423	MGLL
ENSG00000145794	2.75917692307692	-1.27800769230769	3.07410790191504	0.00327087210016098	0.0098683407548308	-2.12981863252876	MEGF10
ENSG00000259305	1.40000384615385	0.348432692307692	3.07380273236868	0.00327372657101571	0.00987540928274984	-2.13061172007676	ZHX1-C8orf76
ENSG00000109323	1.13391153846154	2.80544807692308	3.0718708799259	0.00329185072315842	0.00991980021994771	-2.13563101920369	MANBA
ENSG00000149131	1.311	6.79847692307692	3.07107410417373	0.00329935317779284	0.00993873507973395	-2.13770054091844	SERPING1
ENSG00000186462	2.27038461538462	-4.39114615384616	3.07040994828754	0.0033056191013789	0.00995605640722686	-2.13942531193971	NAP1L2
ENSG00000157654	2.23111153846154	-1.95670192307692	3.06880057513649	0.00332084879566039	0.00999880584973209	-2.14360366707279	PALM2AKAP2
