logFC	AveExpr	t	P.Value	adj.P.Val	B	HGNC_symbol
ENSG00000128595	4.50129901477833	6.50961798029557	114.294429376783	2.46105998428629e-312	5.34378157921364e-309	705.709595619688	CALU
ENSG00000065308	4.81197881773399	4.35698054187192	104.291900079923	1.28503237224053e-296	1.93170020140958e-293	669.693329386581	TRAM2
ENSG00000115414	8.25409507389163	9.79281009852217	103.899684033539	5.66828631211271e-296	7.9121179365219e-293	668.215478607065	FN1
ENSG00000049449	3.91550295566502	6.40853374384236	103.19282968359	8.33218345310099e-295	1.08551686027e-291	665.538802531052	RCN1
ENSG00000196549	9.84512561576354	4.82675541871922	97.4457761870539	4.96059679977321e-285	4.61618965053181e-282	643.116412164444	MME
ENSG00000164294	5.3915512315271	4.22926231527093	94.2832882793712	2.0079272907398e-279	1.40138982555847e-276	630.247580654193	GPX8
ENSG00000171451	4.93756009852217	1.84362684729064	93.1643114431281	2.12790418648904e-277	1.29948448788653e-274	625.598562113388	DSEL
ENSG00000166073	5.59484384236453	3.6547657635468	90.3477970509347	3.35025265561107e-272	1.67873429220389e-269	613.665658417554	GPR176
ENSG00000255248	3.90948522167488	3.98573965517242	90.3312706773391	3.59752402759527e-272	1.75757036368167e-269	613.594639782305	MIR100HG
ENSG00000206538	5.76673448275862	3.62245935960591	89.5055839603716	1.2813855259247e-270	5.82345022037684e-268	610.03122491853	VGLL3
ENSG00000265808	2.94005418719212	4.59957733990148	89.401324542829	2.01617760705367e-270	8.9545779084188e-268	609.579141019915	SEC22B
ENSG00000166130	5.39634926108374	3.18715197044335	87.640815472501	4.57237875462751e-267	1.78706851245861e-264	601.871902964207	IKBIP
ENSG00000177707	5.92662463054187	2.32179359605912	87.4655255437227	9.9441426277367e-267	3.81036147512217e-264	601.096823498823	NECTIN3
ENSG00000198431	5.05348177339902	5.62127684729064	87.355474124419	1.620772533363e-266	5.97606355603393e-264	600.609488462409	TXNRD1
ENSG00000180398	2.88229014778325	5.32139729064039	83.5202220557632	5.71528428784444e-259	1.50929845341968e-256	583.269393705823	MCFD2
ENSG00000067167	3.45137044334975	6.43362857142858	82.9768468384928	7.09966090360008e-258	1.71285893059448e-255	580.754927107664	TRAM1
ENSG00000204262	4.81409655172414	5.01830985221675	82.9723709881065	7.24898296018738e-258	1.72755640253636e-255	580.734153904097	COL5A2
ENSG00000151135	3.96989507389163	3.99568990147783	82.946023211489	8.19404028559224e-258	1.92925223206077e-255	580.611848915671	TMEM263
ENSG00000150093	3.66500344827586	7.5907027093596	81.3352682726166	1.57020250866492e-254	3.29945133594946e-252	573.067996439245	ITGB1
ENSG00000136010	5.76079162561577	2.44569236453202	80.5819587706788	5.63453570026137e-253	1.14698017348445e-250	569.494081474401	ALDH1L2
ENSG00000141756	4.40522118226601	5.9491775862069	80.1325206382157	4.83792691868426e-252	9.45427678449278e-250	567.347639798996	FKBP10
ENSG00000133818	3.2006078817734	4.79247931034483	79.4678809964616	1.18596878970803e-250	2.2284809700456e-248	564.153763907637	RRAS2
ENSG00000037965	4.11335911330049	3.00927216748769	78.6646164976385	5.8475094200289e-249	1.07803801024721e-246	560.262009658903	HOXC8
ENSG00000168615	3.64017192118227	5.54634556650246	78.513823925487	1.22027754711233e-248	2.22866017062329e-246	559.527517667484	ADAM9
ENSG00000182752	6.3543748768473	2.02831403940886	77.8227473200423	3.61049019510004e-247	6.03044439253376e-245	556.145363865201	PAPPA
ENSG00000149257	4.24139556650247	7.01266921182266	76.9114375761162	3.27367779235551e-245	4.88352758917644e-243	551.644725210507	SERPINH1
ENSG00000239264	3.26465172413794	5.94821551724138	76.8988587233327	3.48494713944599e-245	5.15930583326164e-243	551.582275524802	TXNDC5
ENSG00000162702	4.25027980295567	1.97761379310345	76.7799706222084	6.29637675069125e-245	9.11435514533395e-243	550.99159376978	ZNF281
ENSG00000163069	3.22572561576355	3.68328251231527	76.1050329147395	1.83694582940248e-243	2.52826871267982e-241	547.622968425205	SGCB
ENSG00000184304	4.35005024630542	2.82822857142857	76.1050117041772	1.83714132228295e-243	2.52826871267982e-241	547.622862152529	PRKD1
ENSG00000188343	3.42175960591133	3.49355270935961	76.1031775840134	1.85412508915745e-243	2.53379807638566e-241	547.613672441542	CIBAR1
ENSG00000136240	2.30944827586207	6.58320837438424	76.0778669246825	2.10522421307432e-243	2.85696469249295e-241	547.486835634958	KDELR2
ENSG00000153904	4.04362413793104	3.99823226600985	75.7525148275394	1.0808313425663e-242	1.41755745613629e-240	545.853136265173	DDAH1
ENSG00000197702	3.22141280788177	4.77581773399015	75.641671351022	1.8897635867802e-242	2.44567947105024e-240	545.29515423412	PARVA
ENSG00000152952	5.62827339901478	4.34142783251232	75.6085669545194	2.2332468306176e-242	2.87119141867954e-240	545.128369408149	PLOD2
ENSG00000167460	2.46404827586208	8.86234975369458	75.5489834188313	3.01681845347318e-242	3.85324615802437e-240	544.828018042488	TPM4
ENSG00000139278	5.23350935960591	3.2224645320197	75.3874525449162	6.82478383321792e-242	8.6045113334674e-240	544.012724587251	GLIPR1
ENSG00000114480	3.03824285714285	5.05683177339901	74.912051009988	7.60965150935874e-241	9.35269243999299e-239	541.604363048972	GBE1
ENSG00000082482	6.08235123152709	3.22453768472906	74.3742978720333	1.18289156102876e-239	1.43578055190212e-237	538.86403805383	KCNK2
ENSG00000163430	5.14029507389163	7.25996379310344	73.6383764020065	5.19681859637961e-238	5.93896076084504e-236	535.085844143613	FSTL1
ENSG00000163359	4.60007536945812	7.31215591133005	72.731430577391	5.75229127256951e-236	6.2450708915863e-234	530.384378602739	COL6A3
ENSG00000100528	2.79291773399015	6.09156822660099	72.6562286177528	8.51752780817104e-236	9.1455784850153e-234	529.99227365806	CNIH1
ENSG00000189184	5.38920886699507	3.48790246305419	72.2352250021007	7.71741399616102e-235	8.02200554856269e-233	527.790666512127	PCDH18
ENSG00000144810	7.92966502463054	4.0736842364532	72.1934171003814	9.61131991439256e-235	9.93779967021479e-233	527.571432390208	COL8A1
ENSG00000060982	6.15538522167488	1.4652118226601	72.0609494054997	1.92791166037623e-234	1.98290787721433e-232	526.876070188206	BCAT1
ENSG00000119408	4.26818226600985	3.55395615763547	71.8383605591519	6.22482619276361e-234	6.27038935355601e-232	525.705155843945	NEK6
ENSG00000148248	1.81840246305419	6.67710172413793	71.4650408214423	4.47615212184897e-233	4.39562637010917e-231	523.734315664536	SURF4
ENSG00000111450	3.33223743842365	3.31691330049261	70.9746769961959	6.05500512329867e-232	5.7162758511837e-230	521.132113372616	STX2
ENSG00000204381	4.78386256157635	2.88276724137931	70.7542845322638	1.96200411738494e-231	1.82200481479501e-229	519.95754501122	LAYN
ENSG00000130508	4.8506724137931	4.29308793103448	70.7537831693286	1.96726545861092e-231	1.82200481479501e-229	519.954869462773	PXDN
ENSG00000174939	5.35747684729064	1.27780689655172	70.6665219766669	3.1361478721563e-231	2.86385989334946e-229	519.488948676602	ASPHD1
ENSG00000164111	3.11683842364531	8.18208719211824	70.5258408953561	6.65833154451265e-231	6.05195883920308e-229	518.73676255736	ANXA5
ENSG00000115325	3.70192955665025	2.95942142857143	70.4336980897636	1.09099425117341e-230	9.87046743353277e-229	518.243403516489	DOK1
ENSG00000185127	2.89817438423645	3.62346699507389	70.3604614384287	1.61601850944961e-230	1.44863457392955e-228	517.850880334568	C6orf120
ENSG00000138758	4.5447960591133	5.3720645320197	70.1856749732466	4.13300765819285e-230	3.65462604780112e-228	516.912674693417	SEPTIN11
ENSG00000183287	5.83760985221675	3.31624827586207	70.0381383353425	9.1448325320181e-230	8.01382588971739e-228	516.119186980533	CCBE1
ENSG00000123094	3.89643645320198	2.75362512315271	69.6382043822753	7.9293752674073e-229	6.7666310688067e-227	513.961064264571	RASSF8
ENSG00000164647	5.84860591133005	3.79723793103448	69.4771038262573	1.89843035375869e-228	1.59759990734488e-226	513.088754308038	STEAP1
ENSG00000075420	3.28252463054187	3.88871206896552	69.4764839770649	1.90482437013282e-228	1.59759990734488e-226	513.085394697482	FNDC3B
ENSG00000181264	2.97083743842365	1.9078039408867	69.0858636288189	1.59327353078251e-227	1.31931149739627e-225	510.96313639532	TLCD5
ENSG00000073792	4.34806945812808	4.07938300492611	68.8126525732891	7.0808284968476e-227	5.69438479363769e-225	509.472712500814	IGF2BP2
ENSG00000134901	3.42716108374384	2.12635344827586	68.6711625567942	1.5360789207245e-226	1.21530584084204e-224	508.698884099859	POGLUT2
ENSG00000134352	3.67221871921183	5.31955714285714	68.2881181721948	1.25852748795429e-225	9.42304374314279e-224	506.597175066492	IL6ST
ENSG00000197894	2.65998078817734	6.67394556650247	68.1540494697237	2.63386781464231e-225	1.94966078915682e-223	505.859206637857	ADH5
ENSG00000166250	4.77522709359606	3.93011798029556	68.0073838341645	5.91653421383305e-225	4.31421311965393e-223	505.05049550128	CLMP
ENSG00000184838	4.87177044334975	3.24165467980295	67.9471005106181	8.2549830719271e-225	5.97477330339257e-223	504.717668078531	PRR16
ENSG00000087088	2.59450197044335	6.72472389162562	67.9358417669577	8.78503033937046e-225	6.33494697018367e-223	504.655480379385	BAX
ENSG00000148516	4.03409359605912	4.08822709359606	67.9043005198496	1.04587387663715e-224	7.51414238869232e-223	504.481215964483	ZEB1
ENSG00000164619	6.59336009852217	0.876526354679803	67.9027621109669	1.05480956152238e-224	7.55058185028216e-223	504.472714558672	BMPER
ENSG00000112769	4.33276995073892	5.51573916256158	67.8846774721593	1.16576913943974e-224	8.31440165070487e-223	504.372764815222	LAMA4
ENSG00000135318	5.1348960591133	4.0082815270936	67.5054664086007	9.54330971647202e-224	6.56673797462311e-222	502.271769447789	NT5E
ENSG00000166794	2.14659310344828	8.46298669950739	67.1379755912923	7.3903416410136e-223	4.89566292707416e-221	500.226220621478	PPIB
ENSG00000100934	3.31687192118226	4.6843408866995	66.8976018818451	2.83354876999326e-222	1.83355000209299e-220	498.883149608725	SEC23A
ENSG00000071054	2.98172561576355	5.46869088669951	66.7741618031097	5.6590372453069e-222	3.63016748788294e-220	498.191864527617	MAP4K4
ENSG00000122591	3.68505270935961	3.38346674876847	66.7595502845394	6.14232372975386e-222	3.92265654662908e-220	498.109966759185	HYCC1
ENSG00000173852	2.78616009852217	2.72124261083744	66.6074589610609	1.44270018989689e-221	9.09459584224679e-220	497.256600683887	DPY19L1
ENSG00000136193	3.19910689655173	4.00080123152709	66.4930520951511	2.74535276953164e-221	1.71404740645966e-219	496.613602628766	SCRN1
ENSG00000185088	2.95496453201971	7.21256600985221	66.3350174747964	6.6870195739999e-221	4.13537140870589e-219	495.723881941379	RPS27L
ENSG00000125384	5.24962610837438	1.97484556650246	66.2007527644724	1.42664214861004e-220	8.73963663577972e-219	494.966591667231	PTGER2
ENSG00000115415	3.09690591133005	5.82718251231527	66.1357492693251	2.05985903753565e-220	1.25401138042123e-218	494.599493245536	STAT1
ENSG00000129187	1.82197881773399	5.88820763546798	66.1251597438177	2.1869414104007e-220	1.32724251683387e-218	494.539661825384	DCTD
ENSG00000134910	2.23022068965517	6.27232857142858	66.017107307583	4.03020879758405e-220	2.41590000988919e-218	493.928702221365	STT3A
ENSG00000165410	4.32592561576355	4.68737955665024	65.936105005354	6.37662282315025e-220	3.8107634009175e-218	493.470144906047	CFL2
ENSG00000198612	2.26041379310345	5.7961551724138	65.8779632710806	8.86630576420274e-220	5.28248009890396e-218	493.140712719146	COPS8
ENSG00000176788	3.67673497536946	5.54311477832512	65.7685726295941	1.649527514792e-219	9.70935743797144e-218	492.520246300859	BASP1
ENSG00000114251	5.78996896551724	3.64708004926109	65.6388518519028	3.44798968768373e-219	2.02344187617764e-217	491.783352562408	WNT5A
ENSG00000078098	5.61978768472906	4.07772931034483	65.5279088768834	6.48389926822755e-219	3.78233908954337e-217	491.152166653179	FAP
ENSG00000083312	2.98363793103448	4.45141305418719	65.3032134072906	2.33614764360608e-218	1.34669608411062e-216	489.871085215805	TNPO1
ENSG00000187210	5.45139458128079	2.10144064039409	65.2945124339022	2.45520640337685e-218	1.41116598631736e-216	489.821403806991	GCNT1
ENSG00000172379	5.19058669950739	2.18431896551724	65.2818078809551	2.64005609803559e-218	1.50983790125594e-216	489.748852617274	ARNT2
ENSG00000180340	5.98113300492611	1.34951133004926	65.281657065339	2.64233221896188e-218	1.50983790125594e-216	489.747991292474	FZD2
ENSG00000150403	2.64030886699507	4.7829342364532	65.2334364106103	3.48087757657019e-218	1.98318686884358e-216	489.472513046498	TMCO3
ENSG00000143641	2.45381773399014	4.90398719211823	65.0732373981657	8.7073542297128e-218	4.88962978037493e-216	488.556102763211	GALNT2
ENSG00000166825	4.12081773399015	6.69669408866995	65.0351192117816	1.08331170711851e-217	6.06592475086243e-216	488.337774165147	ANPEP
ENSG00000115129	2.95352216748769	4.15438078817734	64.9706430816697	1.5679195227834e-217	8.72942544565046e-216	487.96823432105	TP53I3
ENSG00000105472	2.77287733990148	5.06780566502463	64.8856633421872	2.55362210585148e-217	1.41367941055381e-215	487.480715336671	CLEC11A
ENSG00000112208	4.28702266009852	1.45595960591133	64.725824924786	6.40048365116052e-217	3.4938059081279e-215	486.562306890172	BAG2
ENSG00000198121	3.64778128078818	5.21662167487684	64.6741989444029	8.6154233907852e-217	4.68976612542408e-215	486.265270577201	LPAR1
ENSG00000198363	2.86230640394089	6.1286433497537	64.646247095912	1.01202444743212e-216	5.47838829687491e-215	486.104364416344	ASPH
ENSG00000105419	3.69260985221675	3.73575073891626	64.5877827090332	1.41744127370177e-216	7.58894174539176e-215	485.767625318907	MEIS3
ENSG00000106333	4.05498472906405	7.26765197044335	64.5870262118645	1.42363616518361e-216	7.6012835901689e-215	485.763266448531	PCOLCE
ENSG00000001036	2.82747980295567	4.33466748768473	64.5401993687343	1.86495526770916e-216	9.87668179988413e-215	485.49337211783	FUCA2
ENSG00000168374	2.38755615763547	6.96204852216748	64.5084224678811	2.24020511050596e-216	1.18319157485155e-214	485.310128482263	ARF4
ENSG00000160691	2.54854039408867	6.83008152709359	64.4898333755696	2.49390016222607e-216	1.31363334151542e-214	485.202898661738	SHC1
ENSG00000188130	3.44959408866995	3.03364630541872	64.3907366344697	4.42017231942266e-216	2.32201632973542e-214	484.630835270422	MAPK12
ENSG00000253368	3.86563300492611	4.88952044334975	64.3110159218699	7.00853649626751e-216	3.66205401631175e-214	484.170097671765	TRNP1
ENSG00000150961	3.16919704433498	4.41284926108374	64.2200375196058	1.18668054401263e-215	6.16758276358907e-214	483.643721404905	SEC24D
ENSG00000089063	2.26885665024631	5.79693669950739	63.9566651616131	5.46908321054764e-215	2.81254800264531e-213	482.116448047764	TMEM230
ENSG00000111716	3.01051625615763	7.43439458128079	63.9069360957127	7.30231754635535e-215	3.73565155735278e-213	481.827492448333	LDHB
ENSG00000183291	2.14774187192119	6.93017684729064	63.8964669930456	7.76070614971383e-215	3.95978380098453e-213	481.766637128012	SELENOF
ENSG00000198796	7.36623201970443	0.795888916256157	63.8587361469667	9.6654665718847e-215	4.9060402012408e-213	481.547245309321	ALPK2
ENSG00000166734	2.61733990147783	4.29331674876847	63.8252663680094	1.17440532644453e-214	5.94565515268886e-213	481.352540856846	GOLM2
ENSG00000164574	2.95538078817734	3.51198497536945	63.7587761470862	1.72973829878265e-214	8.71199634917797e-213	480.965496677382	GALNT10
ENSG00000146535	2.35551921182266	4.21415714285714	63.5087355624407	7.44134523199338e-214	3.68148781072442e-212	479.507017828593	GNA12
ENSG00000138829	9.51705615763546	1.58836748768473	63.4786519339842	8.87214956640998e-214	4.37827138451474e-212	479.331223364	FBN2
ENSG00000169902	2.86231379310345	3.97800369458128	63.4094205044066	1.33017383576896e-213	6.53122037653194e-212	478.92640790276	TPST1
ENSG00000112290	2.42209753694581	3.28981822660099	63.3981225325463	1.42110215125637e-213	6.96019504758197e-212	478.860311106842	WASF1
ENSG00000101577	2.8953275862069	2.65293768472906	63.3671601337165	1.70351568067211e-213	8.32252585792358e-212	478.679121519166	LPIN2
ENSG00000115232	5.31309507389163	1.50472339901478	63.3579118046917	1.79831506023885e-213	8.76375882972258e-212	478.624986925578	ITGA4
ENSG00000087116	4.71638472906404	4.1977302955665	63.2466417658856	3.45190610244292e-213	1.6574238096791e-211	477.973165476844	ADAMTS2
ENSG00000123131	2.24482266009852	6.37614778325123	63.1999888986857	4.53853789700419e-213	2.17382616625627e-211	477.699592721864	PRDX4
ENSG00000034510	2.78100689655173	10.7830600985222	63.119637559288	7.27434475271132e-213	3.45876508898989e-211	477.228023913177	TMSB10
ENSG00000105928	4.08774778325123	2.8768	63.0821006744768	9.06937444625565e-213	4.30178920943514e-211	477.00755766684	GSDME
ENSG00000154188	6.26745073891626	2.10164162561576	63.0261731536106	1.26001168406018e-212	5.93328875419376e-211	476.678878054385	ANGPT1
ENSG00000058262	1.67130985221675	6.95672931034483	62.9499906925437	1.97266734977771e-212	9.26679455513364e-211	476.230778427005	SEC61A1
ENSG00000157593	1.86044778325123	5.19321305418719	62.9429994974645	2.05555451183843e-212	9.63300869792482e-211	476.189634520133	SLC35B2
ENSG00000138685	5.13624532019704	2.30150098522167	62.9264603411875	2.26580678268714e-212	1.05929177385818e-210	476.092284996129	FGF2
ENSG00000144815	3.35638078817734	1.82391945812808	62.9051271246535	2.56914996824705e-212	1.19824173459389e-210	475.966686723486	NXPE3
ENSG00000120820	4.30762857142857	3.23033743842365	62.6534939859243	1.13386196814126e-211	5.23828146132777e-210	474.482576679261	GLT8D2
ENSG00000125844	2.17509064039409	6.11760886699507	62.6047570889158	1.51246025866002e-211	6.97087225819202e-210	474.194568437392	RRBP1
ENSG00000010270	2.8388354679803	3.55432364532019	62.5728093551736	1.82703686339813e-211	8.40093044341793e-210	474.005675653107	STARD3NL
ENSG00000160991	3.65452857142857	2.29362438423645	62.4682569519963	3.39270665689096e-211	1.54907181048979e-209	473.38695335396	ORAI2
ENSG00000169504	3.4899290640394	5.93174236453202	62.4590836908573	3.58218255288777e-211	1.627977010431e-209	473.332627376296	CLIC4
ENSG00000243279	2.27084975369458	4.48089039408867	62.4453389902105	3.88611811319021e-211	1.76200742849102e-209	473.25121620374	PRAF2
ENSG00000164733	3.21386995073892	8.82236748768473	62.3869023955689	5.49486860267479e-211	2.48566486651553e-209	472.904927611085	CTSB
ENSG00000131080	4.51682167487685	1.71445467980295	62.3572647856134	6.55090226208462e-211	2.9497173273193e-209	472.729197524688	EDA2R
ENSG00000104723	3.67323940886699	4.60614975369458	62.2273132532279	1.4170721083999e-210	6.3369389341764e-209	471.957873090196	TUSC3
ENSG00000136960	4.1331921182266	5.31085073891625	62.1889818489253	1.77967573487354e-210	7.94027927189468e-209	471.730107557264	ENPP2
ENSG00000188641	3.16067044334975	3.32500615763547	62.1555192505262	2.17150986058105e-210	9.64446493078973e-209	471.531179138163	DPYD
ENSG00000102401	2.67140738916256	4.36569088669951	62.1241400428907	2.61719663468307e-210	1.15975638628065e-208	471.344556917633	ARMCX3
ENSG00000091129	5.58324285714286	2.62045049261084	62.0399900955746	4.31935058438433e-210	1.9053893706555e-208	470.843711616876	NRCAM
ENSG00000166147	4.73749901477833	5.78963571428572	62.0051829045594	5.31480528103235e-210	2.33397583824571e-208	470.636384090543	FBN1
ENSG00000102265	4.27454187192119	8.39158128078817	61.9911352540651	5.77895572854947e-210	2.53211553469313e-208	470.552683089216	TIMP1
ENSG00000135404	2.38225418719212	9.39177980295567	61.9021330543106	9.8261709579257e-210	4.27668224632036e-208	470.022017428955	CD63
ENSG00000181019	5.35479852216748	5.51284753694582	61.6471715466663	4.51101770189763e-209	1.93320850724744e-207	468.498403433743	NQO1
ENSG00000122707	4.77301773399015	3.87317290640394	61.4675316931782	1.3242002854109e-208	5.63780435239649e-207	467.421831616088	RECK
ENSG00000079150	3.65389458128079	3.55067044334976	61.4528470883026	1.44621422333458e-208	6.14389529400094e-207	467.333715020473	FKBP7
ENSG00000108582	2.5685354679803	3.64513866995074	61.4364980814875	1.59536077229233e-208	6.76280698744832e-207	467.235590952202	CPD
ENSG00000033100	1.94195172413793	4.60475123152709	61.3064102600594	3.48625205789959e-208	1.47145437830397e-206	466.454071601813	CHPF2
ENSG00000166128	2.72640738916256	3.32936280788178	61.1730872234856	7.77863924766891e-208	3.27608121073159e-206	465.651724305002	RAB8B
ENSG00000173559	4.4798748768473	4.49729113300492	61.013265412492	2.03952612042535e-207	8.53456519172423e-206	464.688042727727	NABP1
ENSG00000002834	2.41945123152708	5.9343921182266	61.0005618985907	2.20212361110918e-207	9.19527769408024e-206	464.611356692362	LASP1
ENSG00000103187	3.90613448275862	5.49221354679803	60.983506615838	2.44103785495047e-207	1.01711645546785e-205	464.508380513744	COTL1
ENSG00000124783	2.28638965517241	5.59801354679803	60.981316317556	2.47354596505741e-207	1.02846883508834e-205	464.495154274844	SSR1
ENSG00000135052	2.60247586206897	4.21970246305419	60.846082997872	5.60244652142804e-207	2.31955529495226e-205	463.67779764356	GOLM1
ENSG00000111145	2.9834921182266	4.08071354679803	60.8362323530511	5.94655581933805e-207	2.45163700045368e-205	463.618202702712	ELK3
ENSG00000198682	4.37580689655172	3.13200689655172	60.7799416348008	8.36110412360965e-207	3.42542341265367e-205	463.27750303589	PAPSS2
ENSG00000168282	2.6927118226601	3.69488004926108	60.6486853786765	1.852619768686e-206	7.55822453437614e-205	462.48208662501	MGAT2
ENSG00000178031	5.46759852216749	2.18657413793104	60.6373921567253	1.9840054326181e-206	8.07738211754642e-205	462.413584711917	ADAMTSL1
ENSG00000082146	2.83136650246305	3.83986009852217	60.5663360666617	3.05401170704481e-206	1.24077955881642e-204	461.982340411409	STRADB
ENSG00000113719	1.9313472906404	6.39412783251231	60.5418953050958	3.5427902536355e-206	1.4363735920445e-204	461.833913739063	ERGIC1
ENSG00000070087	3.53925221674877	4.90514088669951	60.5321803527069	3.75819468908356e-206	1.52055156550871e-204	461.77490228171	PFN2
ENSG00000197496	4.22717093596059	2.81428891625616	60.4690989226872	5.51449521650187e-206	2.22194361898721e-204	461.391542021658	SLC2A10
ENSG00000140612	1.71289408866995	6.80271256157636	60.4161820331259	7.60862868255003e-206	3.05313802288281e-204	461.069706160353	SEC11A
ENSG00000128791	3.01890541871921	4.1695197044335	60.3432807894973	1.18594305343463e-205	4.74911867832368e-204	460.625956364053	TWSG1
ENSG00000162694	2.60882315270936	2.83705443349753	60.3390697907392	1.21675678631559e-205	4.86254828592622e-204	460.600310877189	EXTL2
ENSG00000163661	10.0062852216749	5.53902536945813	60.2280081562617	2.39461072114244e-205	9.47276977987157e-204	459.923413374627	PTX3
ENSG00000244038	1.68807635467981	7.16265985221675	60.2266043869315	2.41520563591333e-205	9.53493909838754e-204	459.9148512895	DDOST
ENSG00000142892	2.80389261083744	3.48260541871921	60.2140201599069	2.60794394548193e-205	1.02544146041464e-203	459.83808849589	PIGK
ENSG00000103494	2.97856699507389	1.78496133004926	60.1964897204156	2.90240175136236e-205	1.13893042219123e-203	459.731132757256	RPGRIP1L
ENSG00000135047	3.77456896551724	6.45384458128078	60.1488729379925	3.88156002805353e-205	1.52010913964373e-203	459.440489856393	CTSL
ENSG00000173706	4.48692906403941	3.9547566502463	60.1412689851973	4.06606607554888e-205	1.58600924647458e-203	459.394059845037	HEG1
ENSG00000117385	2.46967290640394	4.86234285714286	60.132069939714	4.3010646773386e-205	1.67433079530978e-203	459.337883852889	P3H1
ENSG00000162733	4.1098881773399	4.24353177339902	60.1007465568803	5.20819494401763e-205	2.02343032994021e-203	459.146549088528	DDR2
ENSG00000116288	1.69937142857143	7.60183201970443	60.06159180481	6.61646882901615e-205	2.56037690805215e-203	458.907265087116	PARK7
ENSG00000184432	2.12892561576355	6.11762487684729	60.0192432747819	8.57243552668404e-205	3.29768769807991e-203	458.648322511051	COPB2
ENSG00000134013	4.93645123152709	4.18592610837438	59.9229423179275	1.54566620404009e-204	5.93426502148357e-203	458.058939884178	LOXL2
ENSG00000155304	3.33439852216749	2.60670763546798	59.9086693273269	1.68689343125362e-204	6.4637787124624e-203	457.971521638759	HSPA13
ENSG00000049323	4.92452019704434	4.70066600985222	59.8912805198586	1.87654356305642e-204	7.17161813408885e-203	457.864997339713	LTBP1
ENSG00000242616	2.87668522167487	4.31981896551724	59.8536693404637	2.36307367274885e-204	9.00179058730177e-203	457.634505631455	GNG10
ENSG00000166681	2.43901921182266	6.87459581280789	59.8244111339027	2.82745308232061e-204	1.07289491523707e-202	457.455123169141	BEX3
ENSG00000162704	1.90508325123153	6.84104458128079	59.7606389368216	4.18151432992132e-204	1.57751260685951e-202	457.063891890452	ARPC5
ENSG00000196935	3.64203399014778	2.07326083743842	59.7562216437232	4.29645231234333e-204	1.61775088801182e-202	457.03678021973	SRGAP1
ENSG00000159217	10.0166408866995	-3.4901120689655	59.748217310299	4.51285247333773e-204	1.69596467373012e-202	456.987648576248	IGF2BP1
ENSG00000141526	4.90862906403941	4.92965591133005	59.6737666355632	7.1295212604644e-204	2.67418626625711e-202	456.530408615781	SLC16A3
ENSG00000100522	3.11587389162562	3.41803448275862	59.6663985520587	7.45979051971305e-204	2.79270548536844e-202	456.485132654539	GNPNAT1
ENSG00000164114	4.98687192118227	0.318166009852217	59.6423223655714	8.64972309943402e-204	3.23198640170439e-202	456.337156345927	MAP9
ENSG00000120254	3.69325073891626	3.65562980295566	59.4948202534977	2.14405170002579e-203	7.90548270224605e-202	455.429541663572	MTHFD1L
ENSG00000049130	4.06154876847291	3.57513300492611	59.4940950864986	2.15365108081351e-203	7.92592267820295e-202	455.425075112595	KITLG
ENSG00000074842	1.75414581280788	6.5738842364532	59.4399184805136	3.0072594319872e-203	1.10465909435891e-201	455.091260132757	MYDGF
ENSG00000183853	4.13556896551724	4.11251403940887	59.3820466959763	4.29706455021594e-203	1.5725324988824e-201	454.734409022028	KIRREL1
ENSG00000255302	2.68248719211823	6.26875098522168	59.3510159428641	5.20394235214488e-203	1.90084937281524e-201	454.542951968024	EID1
ENSG00000196159	4.27157290640394	1.47069581280788	59.3415718329234	5.5163139949552e-203	2.01119044942937e-201	454.484666809138	FAT4
ENSG00000197045	2.41246206896552	4.14621477832512	59.3004906794025	7.10904048715635e-203	2.57745582931372e-201	454.231044884856	GMFB
ENSG00000138071	2.26803399014778	6.07130418719212	59.2722233459642	8.46538976038215e-203	3.05786777629183e-201	454.056450167442	ACTR2
ENSG00000172638	3.27074482758621	6.01001822660099	59.2708370758734	8.5382093462986e-203	3.07848131080013e-201	454.047886090837	EFEMP2
ENSG00000091656	4.90356995073892	-0.0691913793103449	59.2617723341675	9.03009509629864e-203	3.24983643410438e-201	453.991882149717	ZFHX4
ENSG00000179933	1.71742906403941	5.57919581280788	59.2099200935532	1.2442170321446e-202	4.4613741728752e-201	453.67139670686	C14orf119
ENSG00000124813	3.3267802955665	2.41968768472906	59.1658883385869	1.63373153625222e-202	5.83663284852667e-201	453.399072387662	RUNX2
ENSG00000137845	2.99895714285714	4.87103177339901	59.1541913601309	1.7563640634966e-202	6.25188825662123e-201	453.326702699067	ADAM10
ENSG00000145817	2.30243300492611	4.90427807881774	59.1284479186545	2.05974498846494e-202	7.30517904983338e-201	453.16738688813	YIPF5
ENSG00000129083	1.77399408866995	5.82522660098522	59.0841930739966	2.70911311842967e-202	9.57350606877985e-201	452.893382564214	COPB1
ENSG00000170266	1.74148275862069	4.81720197044335	58.9448309192923	6.42794467428277e-202	2.24713586448719e-200	452.029454084639	GLB1
ENSG00000113273	3.3590157635468	1.59991674876847	58.8888258359427	9.10056383479119e-202	3.15884935096784e-200	451.681812808059	ARSB
ENSG00000197860	2.66156945812808	1.59737192118227	58.8247842640696	1.35478635447388e-201	4.69419059204408e-200	451.283964970596	SGTB
ENSG00000135414	3.17136009852217	1.42494064039409	58.7945649780873	1.63479267056085e-201	5.64436720284456e-200	451.096113312175	GDF11
ENSG00000151176	2.16224778325123	4.92988251231527	58.7624581616172	1.99612224886736e-201	6.87975678789523e-200	450.896444365588	PLBD2
ENSG00000180801	5.00965172413793	1.31241354679803	58.6889589130119	3.15397641815506e-201	1.07942219200676e-199	450.439034575951	ARSJ
ENSG00000105974	3.02707142857143	7.61888891625616	58.6656150071426	3.64753083371409e-201	1.24181267512963e-199	450.293662909671	CAV1
ENSG00000165672	2.15002610837439	5.97106428571428	58.6197014315476	4.85560872596769e-201	1.64166618897683e-199	450.00760738373	PRDX3
ENSG00000153071	4.15282118226601	5.23584014778325	58.6162538867942	4.96107768687017e-201	1.67442798198302e-199	449.98612097528	DAB2
ENSG00000171016	3.21139852216749	0.370479556650246	58.5978650414173	5.56366651863289e-201	1.87457191564007e-199	449.871497809307	PYGO1
ENSG00000166923	8.20004679802956	4.76165295566503	58.4556695845197	1.3512949594105e-200	4.48336266499151e-199	448.984189042277	GREM1
ENSG00000134853	3.74206995073891	4.94535221674877	58.4553435953304	1.35404945036101e-200	4.48488717948387e-199	448.982152889129	PDGFRA
ENSG00000128656	3.87422315270936	3.42785049261084	58.4546514305179	1.35991666502838e-200	4.49669906395678e-199	448.977829545568	CHN1
ENSG00000166452	1.9277960591133	3.95883596059114	58.4306209619328	1.58021176212351e-200	5.20750392165558e-199	448.827707296707	AKIP1
ENSG00000151491	3.36951280788177	5.32842192118226	58.4223347617856	1.66419233112808e-200	5.4750246691759e-199	448.775930743658	EPS8
ENSG00000235106	2.25811083743843	3.11397906403941	58.4026256835563	1.88236049290033e-200	6.18236785752241e-199	448.652754700873	BRD3OS
ENSG00000166922	6.19025665024631	2.42535985221675	58.3799300217744	2.16933490895758e-200	7.11294342128341e-199	448.510872688342	SCG5
ENSG00000135862	3.84756009852216	6.50633866995073	58.3565208717581	2.51135109197321e-200	8.22057337342385e-199	448.364484652866	LAMC1
ENSG00000106397	2.40211674876848	5.36872142857143	58.2454860788779	5.03221017932463e-200	1.6308366720458e-198	447.669501595558	PLOD3
ENSG00000079332	1.68417044334976	5.85025960591133	58.1326008120671	1.0211849852615e-199	3.27684679507063e-198	446.961863827224	SAR1A
ENSG00000136048	3.08732807881773	3.44667586206897	58.1279736437345	1.05126574861359e-199	3.3678418458044e-198	446.93283464109	DRAM1
ENSG00000102038	2.67981822660099	3.6391987684729	58.1108916482545	1.17021134996424e-199	3.73664545767992e-198	446.825652585051	SMARCA1
ENSG00000167601	3.2512118226601	5.01133497536946	58.1071216749833	1.19822856785927e-199	3.81986666771711e-198	446.80199430594	AXL
ENSG00000134874	3.56305960591133	2.56007906403941	58.0741263323397	1.47398628899549e-199	4.68368131049592e-198	446.594882049304	DZIP1
ENSG00000129515	2.14999408866995	5.43973004926108	58.0738376164837	1.47666075960532e-199	4.68456242925441e-198	446.593069366469	SNX6
ENSG00000133687	4.06778768472906	3.02251108374384	58.0616759669083	1.59384745931554e-199	5.04813080226001e-198	446.516706829573	TMTC1
ENSG00000125870	1.77652463054187	5.02200714285714	58.0159612578132	2.12404657281813e-199	6.70567336446072e-198	446.229553176933	SNRPB2
ENSG00000148848	6.82996699507389	1.1001854679803	58.0119669851996	2.17803438087574e-199	6.86502385017317e-198	446.204454977901	ADAM12
ENSG00000151348	1.75573497536946	5.35422413793104	58.0037072103128	2.29407809044505e-199	7.21914235804784e-198	446.152549979377	EXT2
ENSG00000127990	3.36401428571429	3.86497807881773	57.9780747594449	2.6951507745457e-199	8.46762643668361e-198	445.991436822985	SGCE
ENSG00000142552	3.82668669950738	5.65649310344828	57.8859545285415	4.81133283305468e-199	1.50919849476011e-197	445.411950590453	RCN3
ENSG00000089597	1.59930985221675	7.12849285714285	57.8532162548455	5.91269439053881e-199	1.84304034963486e-197	445.205834369174	GANAB
ENSG00000091844	5.22621083743843	-0.714754679802955	57.8531987255464	5.9133471457428e-199	1.84304034963486e-197	445.205723982256	RGS17
ENSG00000073712	3.61932709359606	4.65348226600985	57.7718937431946	9.87021621924553e-199	3.06651455256751e-197	444.693440573453	FERMT2
ENSG00000160014	2.01143743842364	7.0025527093596	57.7457736642664	1.16374271196966e-198	3.60981905989066e-197	444.528743910108	CALM3
ENSG00000196876	6.07289261083744	0.0572901477832514	57.7114476923862	1.44509953682855e-198	4.47545723434286e-197	444.312217080363	SCN8A
ENSG00000168385	1.73391576354679	7.23432241379311	57.5682592881808	3.56988846485935e-198	1.09689874811763e-196	443.407898465786	SEPTIN2
ENSG00000122870	3.63779408866995	3.10396600985222	57.5554688603553	3.87057169843499e-198	1.18555975126672e-196	443.327033593746	BICC1
ENSG00000165996	3.72248522167488	3.29806527093596	57.5457341083486	4.11632137196182e-198	1.25689300391997e-196	443.265478163676	HACD1
ENSG00000113083	5.40600098522167	4.79988029556651	57.49936625734	5.51945150871365e-198	1.68007977232527e-196	442.972169779807	LOX
ENSG00000055332	2.59109852216749	2.46352955665024	57.4263813254921	8.76133612790444e-198	2.65860295980603e-196	442.510114373729	EIF2AK2
ENSG00000154978	2.26374433497537	4.49162980295567	57.3836419394331	1.14861914159035e-197	3.47466180572116e-196	442.239324847431	VOPP1
ENSG00000272047	2.09895615763547	2.17556034482759	57.2852844005577	2.14331268378131e-197	6.46367538062567e-196	441.615547771927	GTF2H5
ENSG00000058091	3.73856945812808	2.20255418719212	57.2472606610342	2.72842959591776e-197	8.17775631340871e-196	441.374179082406	CDK14
ENSG00000112276	3.79431034482759	0.285647290640394	57.115832578087	6.29018475602096e-197	1.87382302594759e-195	440.538927807775	BVES
ENSG00000172667	2.93868522167487	2.96908054187192	57.0521091631482	9.43579071151857e-197	2.79385184976509e-195	440.133412339237	ZMAT3
ENSG00000103353	1.9275197044335	4.31386674876847	57.0500517753447	9.56019897743959e-197	2.8244838959117e-195	440.120313887644	UBFD1
ENSG00000170558	6.34999802955665	0.172221674876847	57.0499211606944	9.56815238508622e-197	2.8244838959117e-195	440.119482311174	CDH2
ENSG00000159164	3.99111724137931	0.791678325123153	56.9876922091988	1.42221571357462e-196	4.18568365582459e-195	439.723123853992	SV2A
ENSG00000205060	2.93937931034483	1.97479655172414	56.9685391754392	1.60685204607245e-196	4.71488028293509e-195	439.601063357921	SLC35B4
ENSG00000114850	2.96255566502464	6.40409113300493	56.9409504570659	1.91583605822234e-196	5.61308369561935e-195	439.425186752525	SSR3
ENSG00000185787	1.69978571428571	7.64043620689655	56.9191267737357	2.20191229840633e-196	6.44158235560727e-195	439.286014851429	MORF4L1
ENSG00000218336	5.57823497536946	0.668431280788178	56.912651155245	2.29476383399621e-196	6.70318009625618e-195	439.244711152956	TENM3
ENSG00000171055	2.61567192118226	5.10675517241379	56.8233435968637	4.0577829693568e-196	1.18001777957099e-194	438.674703161731	FEZ2
ENSG00000174695	2.22323004926108	4.98123916256158	56.6017777924603	1.67398151816922e-195	4.81781249308732e-194	437.25753474078	TMEM167A
ENSG00000235162	3.79896354679804	5.30181034482758	56.5819368028868	1.90088412678994e-195	5.46280553025427e-194	437.130418355287	C12orf75
ENSG00000163513	3.02514679802955	5.9790960591133	56.5392223067318	2.49950540174294e-195	7.16207251625522e-194	436.856639358999	TGFBR2
ENSG00000142156	3.23111428571429	8.79193054187193	56.488072388407	3.46996049386382e-195	9.91373800746881e-194	436.528581905305	COL6A1
ENSG00000119523	1.89978275862069	4.34209384236453	56.4622027642514	4.09655231708867e-195	1.16868358219776e-193	436.362575438317	ALG2
ENSG00000012174	2.22648620689655	2.64103374384236	56.429097510761	5.06657113901746e-195	1.44330806412069e-193	436.150051468006	MBTPS2
ENSG00000135919	5.83515960591134	5.32422315270936	56.3644155753549	7.67652562378202e-195	2.17728104121841e-193	435.734537012136	SERPINE2
ENSG00000106080	2.87840098522167	2.7587275862069	56.2399014756498	1.70996304559143e-194	4.83590417321964e-193	434.933620525499	FKBP14
ENSG00000105137	3.03046453201971	3.78686330049262	56.1778273673736	2.55040283614984e-194	7.17121902504175e-193	434.53382560252	SYDE1
ENSG00000228474	1.34162068965517	8.23127290640394	56.0995386695547	4.2246853317662e-194	1.17941143933393e-192	434.029110819747	OST4
ENSG00000173905	2.55554137931035	3.70391798029557	56.0918580110072	4.43926096887886e-194	1.2375469023371e-192	433.979565476723	GOLIM4
ENSG00000172716	3.68027389162562	3.2731	56.0623166602258	5.37140474158279e-194	1.49527053361839e-192	433.788955233668	SLFN11
ENSG00000162430	1.9389275862069	5.45777561576354	56.0127635383927	7.39631058275214e-194	2.05310655409293e-192	433.469048116648	SELENON
ENSG00000152749	2.57339753694581	0.918957881773399	55.9847270013118	8.86462528029465e-194	2.45719868407827e-192	433.287951724716	GPR180
ENSG00000187079	2.60178768472906	4.51924507389162	55.9786882667634	9.21729729036501e-194	2.55133744544353e-192	433.248936553517	TEAD1
ENSG00000074695	2.5334645320197	4.81053325123153	55.9572970620937	1.05835998057077e-193	2.92538482889872e-192	433.110705675579	LMAN1
ENSG00000100196	5.21663990147783	3.53094802955665	55.8863079217262	1.67484955557061e-193	4.59045021247698e-192	432.651678055148	KDELR3
ENSG00000039560	2.57674827586207	5.02931108374384	55.8048646649719	2.83735788656033e-193	7.74408489094441e-192	432.124497449891	RAI14
ENSG00000099250	3.89986699507389	4.99123940886699	55.6938826683224	5.82505518901479e-193	1.58101706255176e-191	431.40515672079	NRP1
ENSG00000137710	2.35899950738916	4.5190578817734	55.6691731822312	6.83779358495575e-193	1.85331709066859e-191	431.244849354447	RDX
ENSG00000134369	2.87410541871922	3.79547093596059	55.6685008001987	6.86768981623075e-193	1.85884202754545e-191	431.240486385188	NAV1
ENSG00000122786	3.02330837438424	7.0253236453202	55.6177739889161	9.54559301890375e-193	2.58008269398917e-191	430.911211849713	CALD1
ENSG00000083444	2.86463201970443	5.91957561576354	55.493556100126	2.13983249991846e-192	5.74403938370968e-191	430.103919278924	PLOD1
ENSG00000134897	2.00651280788178	3.54133177339901	55.3825473739341	4.40743579486063e-192	1.17664085113615e-190	429.381295966893	BIVM
ENSG00000100644	3.19574926108375	6.50494704433497	55.3766260156241	4.58076883997945e-192	1.22124672129439e-190	429.342718976274	HIF1A
ENSG00000164292	3.55816748768473	4.61278325123153	55.3660161371351	4.90861185820658e-192	1.3050896997697e-190	429.273588870069	RHOBTB3
ENSG00000024422	2.47496748768473	6.54242512315271	55.2525378857627	1.02876796292462e-191	2.71678155830715e-190	428.533568775631	EHD2
ENSG00000117500	2.27644679802956	4.05155295566502	55.2220054298022	1.25564932639906e-191	3.31145737334554e-190	428.334259814357	TMED5
ENSG00000106366	6.92337142857142	6.2575709359606	55.1472037281295	2.04675012963854e-191	5.38325585913814e-190	427.845613763408	SERPINE1
ENSG00000128641	2.94214137931035	4.84294458128079	55.1097802233535	2.61402560752861e-191	6.84762579387723e-190	427.600952004747	MYO1B
ENSG00000140937	4.77768275862069	4.80334236453202	55.1003220072711	2.78080382720135e-191	7.27476149814844e-190	427.539097346096	CDH11
ENSG00000196368	3.03593891625616	1.35885073891626	55.0899290804408	2.97638716964184e-191	7.76562858065967e-190	427.471120501823	NUDT11
ENSG00000155816	6.58758226600986	1.07147783251231	55.0413717867783	4.08943435022954e-191	1.05989026620936e-189	427.153392375539	FMN2
ENSG00000175745	4.82715123152709	2.67345492610837	54.84214468144	1.50915372929276e-190	3.86525323431705e-189	425.84752623493	NR2F1
ENSG00000109814	2.82864334975369	4.22136748768473	54.8186292106098	1.76104423205276e-190	4.49860475591829e-189	425.693151047907	UGDH
ENSG00000157613	4.72094581280788	3.77941330049261	54.7969895032322	2.0299206130807e-190	5.17868258757482e-189	425.551045226422	CREB3L1
ENSG00000057019	3.23157536945813	4.07622315270936	54.7835842646952	2.21674304796089e-190	5.64057195875674e-189	425.462992843048	DCBLD2
ENSG00000115355	2.45294926108375	2.59401453201971	54.7747711270223	2.34886091689934e-190	5.96897789831558e-189	425.405094732826	CCDC88A
ENSG00000162616	3.58098177339902	4.6688184729064	54.749086792862	2.78065191302013e-190	7.05707788107005e-189	425.23632032189	DNAJB4
ENSG00000104047	2.3381945812808	4.59692980295566	54.727629297771	3.20180495757397e-190	8.10487985504022e-189	425.095274550669	DTWD1
ENSG00000087303	4.99276699507389	3.68314556650247	54.6921862685952	4.04206615427093e-190	1.02054336933802e-188	424.862205701059	NID2
ENSG00000077232	2.41964876847291	4.47547955665025	54.6425274353735	5.60388846452923e-190	1.41122665430193e-188	424.535461597358	DNAJC10
ENSG00000161203	1.39777832512315	8.03915172413793	54.6330273431484	5.96546736525104e-190	1.50034959139943e-188	424.472927289546	AP2M1
ENSG00000188452	4.6409197044335	0.0144766009852218	54.6018836698217	7.3230243423861e-190	1.83705445056366e-188	424.267866054863	CERKL
ENSG00000134668	7.31668374384236	1.10723497536946	54.5809685444172	8.40451523753375e-190	2.10565431758826e-188	424.130103231179	SPOCD1
ENSG00000163735	13.0575866995074	-0.940369211822659	54.4333579236628	2.22438191763427e-189	5.5515800043945e-188	423.156682810772	CXCL5
ENSG00000113328	2.44505418719212	5.67943891625616	54.4148234409557	2.51388835536515e-189	6.26612324496757e-188	423.034314919671	CCNG1
ENSG00000113621	1.68352118226601	5.08021083743842	54.3636722592759	3.5242187409636e-189	8.7509888990992e-188	422.696441290795	TXNDC15
ENSG00000197965	2.44099507389163	5.91031330049261	54.3207386119122	4.68047735447584e-189	1.16073462514171e-187	422.412661022376	MPZL1
ENSG00000035403	1.95365517241379	5.92053743842365	54.3189754950404	4.73535112917357e-189	1.17285464849569e-187	422.401003632856	VCL
ENSG00000075142	1.75145024630542	6.33024876847291	54.3066945396895	5.13588362492053e-189	1.26884245004042e-187	422.319796339318	SRI
ENSG00000162627	2.21032561576355	3.94995492610837	54.2960584624623	5.5101067331933e-189	1.35957709318262e-187	422.249454453	SNX7
ENSG00000171067	1.90312167487685	4.56759679802956	54.2759390472701	6.29436067148384e-189	1.55112731705091e-187	422.116365699322	C11orf24
ENSG00000015475	2.13796600985222	3.88791502463054	54.2646791167995	6.78112993053182e-189	1.66269562236453e-187	422.041865558235	BID
ENSG00000128829	1.82596699507389	4.31672783251232	54.1838318045902	1.15805834098065e-188	2.81827846817482e-187	421.506602770063	EIF2AK4
ENSG00000198824	2.28931773399015	3.70027512315271	54.1794772927378	1.19194630682277e-188	2.89714113531475e-187	421.477755810521	CHAMP1
ENSG00000182636	2.9142591133005	4.22375566502463	54.1562641491675	1.39009606820695e-188	3.37456613228574e-187	421.323947998711	NDN
ENSG00000141696	2.11979261083743	3.8773460591133	54.1236585800152	1.72541308886813e-188	4.18337749164528e-187	421.107822473874	P3H4
ENSG00000167996	2.97046059113301	12.0294899014778	54.083888699843	2.2460539615413e-188	5.42551131229173e-187	420.844074684221	FTH1
ENSG00000107798	2.72730246305419	4.78909359605911	54.0755546449984	2.37371295079504e-188	5.72680228202923e-187	420.788785863544	LIPA
ENSG00000196371	3.24947586206897	0.419376354679802	54.0201460857192	3.42858883017732e-188	8.26158852272813e-187	420.421036499947	FUT4
ENSG00000164484	4.0811	1.82979088669951	53.996029725	4.02399353334461e-188	9.66055056862658e-187	420.260885728854	TMEM200A
ENSG00000171155	2.80083399014778	3.41003866995074	53.9843263828349	4.34924073912987e-188	1.04285720888437e-186	420.183147206459	C1GALT1C1
ENSG00000153317	2.26308275862069	4.83247881773399	53.950347291961	5.45068759129805e-188	1.30216793287465e-186	419.957371439808	ASAP1
ENSG00000171150	2.33078620689655	3.34335467980295	53.9392233563108	5.86889907018406e-188	1.40036661330326e-186	419.883434498919	SOCS5
ENSG00000065150	1.80947339901478	5.83453472906404	53.8693662266157	9.33875625815222e-188	2.22287423625835e-186	419.418854389045	IPO5
ENSG00000138080	3.56840738916256	4.90258891625615	53.8638898650504	9.68527447368348e-188	2.29696157481459e-186	419.382414952228	EMILIN1
ENSG00000139974	2.57077586206897	2.98300024630542	53.7927208883538	1.55543302913361e-187	3.671047373832e-186	418.908605135171	SLC38A6
ENSG00000106477	2.78787290640394	2.1660881773399	53.7856843955792	1.63006136139895e-187	3.84254030451848e-186	418.861733711519	CEP41
ENSG00000149557	2.75335467980295	4.05252118226601	53.7852509042949	1.63477454390511e-187	3.84900772734863e-186	418.858845991643	FEZ1
ENSG00000112473	1.64498719211823	6.10837733990148	53.7387393686517	2.22864544438482e-187	5.22835405452199e-186	418.548905267237	SLC39A7
ENSG00000048828	1.48235172413793	5.41181477832512	53.703852050783	2.81220184950206e-187	6.5815626997568e-186	418.316292254057	FAM120A
ENSG00000142227	2.71358472906404	6.72563719211822	53.6221366111155	4.85089418647272e-187	1.12987096772408e-185	417.771003381121	EMP3
ENSG00000101294	1.49744581280788	6.74117906403941	53.5274614380107	9.13036499694244e-187	2.111545476571e-185	417.138449439381	HM13
ENSG00000133169	6.92493251231527	2.23072586206897	53.5209817183829	9.53454737933017e-187	2.20241282372187e-185	417.095125608613	BEX1
ENSG00000064666	2.21995221674877	7.11777857142857	53.4829401978641	1.22963678193077e-186	2.83702030607923e-185	416.840697757953	CNN2
ENSG00000198380	2.5917039408867	3.265689408867	53.4706122956592	1.33533762864452e-186	3.07363579964325e-185	416.758217501264	GFPT1
ENSG00000176903	2.10073596059113	3.72618275862069	53.4395894314208	1.6434033833828e-186	3.77828104918431e-185	416.550594565818	PNMA1
ENSG00000143702	2.50820640394089	3.95964064039409	53.4212434071056	1.85813209570987e-186	4.26693506631755e-185	416.427769660329	CEP170
ENSG00000137801	5.90686206896551	7.16078719211822	53.3728933288476	2.56860582569312e-186	5.88460668765475e-185	416.10391826959	THBS1
ENSG00000013297	5.24539261083744	4.48205492610837	53.3157626068654	3.76685608728988e-186	8.59952122170781e-185	415.720969043669	CLDN11
ENSG00000175600	4.97415024630542	2.69932093596059	53.2342001723524	6.51031038904383e-186	1.48107666615477e-184	415.173718197057	SUGCT
ENSG00000138675	11.0931669950739	-1.87007463054186	53.2310791262123	6.64813628598763e-186	1.51067301512524e-184	415.152764730915	FGF5
ENSG00000082153	2.43463743842365	6.18459852216749	53.2024189565875	8.05872576003702e-186	1.82695613460143e-184	414.960308559466	BZW1
ENSG00000124243	2.95697290640394	1.61967660098522	53.1932096007281	8.57286318372198e-186	1.93901495759601e-184	414.898450198939	BCAS4
ENSG00000087086	3.21603940886699	11.4850684729064	53.1030524768459	1.57129324612039e-185	3.53758209858117e-184	414.292448448685	FTL
ENSG00000164244	1.60658620689655	4.69971428571429	53.0510005616814	2.23011555691476e-185	5.00930094404923e-184	413.942223812791	PRRC1
ENSG00000151917	4.82950689655172	0.0266825123152709	53.0146657849951	2.84803823383875e-185	6.38993836574936e-184	413.697597211175	BEND6
ENSG00000134970	1.9509645320197	4.76876502463055	52.9559843043441	4.22868996894126e-185	9.42269776203536e-184	413.302254331898	TMED7
ENSG00000130962	2.68410738916256	1.88324285714286	52.9282562390938	5.09762312591378e-185	1.1345985321937e-183	413.115333484722	PRRG1
ENSG00000135931	3.06323990147783	2.36345492610837	52.9056789309232	5.93576134378097e-185	1.31814372932009e-183	412.963080841475	ARMC9
ENSG00000134590	1.41317093596059	7.12086625615764	52.8745144217186	7.32426304686668e-185	1.62279760160849e-183	412.752839523835	RTL8C
ENSG00000143183	1.56316256157635	5.62801773399015	52.8436692063178	9.0189435444572e-185	1.99601579553548e-183	412.544660905958	TMCO1
ENSG00000165915	1.78764236453202	5.67519802955665	52.8052283232868	1.16912655993489e-184	2.57576902302678e-183	412.285090833902	SLC39A13
ENSG00000143418	1.97533054187192	6.15646379310345	52.7025107207436	2.3405727746158e-184	5.13349867132906e-183	411.590801971918	CERS2
ENSG00000182093	1.73207536945813	4.32507266009852	52.6879066138879	2.58355967919648e-184	5.65374280524721e-183	411.492007836622	GET1
ENSG00000112210	2.92455517241379	2.96412832512316	52.67206542448	2.87579886802482e-184	6.27920239988167e-183	411.384821944116	RAB23
ENSG00000164038	2.54011871921182	2.59100320197044	52.6554092339466	3.21887529092669e-184	7.01262663715601e-183	411.272095572791	SLC9B2
ENSG00000129680	2.26350886699507	2.8257460591133	52.6498592343401	3.34207243423092e-184	7.27291531288872e-183	411.234528172649	MAP7D3
ENSG00000143870	2.3422315270936	6.77876896551724	52.60561985237	4.50903077352625e-184	9.76890015257761e-183	410.934970460851	PDIA6
ENSG00000173530	5.07633596059113	2.49652660098522	52.598034877598	4.74670018149073e-184	1.02724269043956e-182	410.883591521857	TNFRSF10D
ENSG00000172123	3.63099261083744	1.8956421182266	52.5647414514605	5.94759358538187e-184	1.28570656908775e-182	410.658003852444	SLFN12
ENSG00000102181	2.23352955665025	4.38630714285714	52.4993491948507	9.26531067558906e-184	1.99628116011424e-182	410.214612562266	CD99L2
ENSG00000186063	1.81337142857143	4.93672610837438	52.4628699544093	1.18668219464513e-183	2.5511708963427e-182	409.967086758223	AIDA
ENSG00000182963	3.33585467980296	1.68855492610838	52.456770507088	1.23682972181579e-183	2.6560578487609e-182	409.925687134428	GJC1
ENSG00000164237	3.62136945812808	2.66228275862069	52.4565940698012	1.23831150770254e-183	2.65632090927806e-182	409.924489523849	CMBL
ENSG00000146476	2.28872709359606	2.94716206896552	52.4553392243901	1.24890160985616e-183	2.67610035743521e-182	409.915971871867	ARMT1
ENSG00000109113	1.65952167487685	6.22152733990148	52.3634089216382	2.33155983812237e-183	4.96873962449153e-182	409.291553502357	RAB34
ENSG00000138760	1.85903349753693	5.74142857142857	52.3480877776463	2.58741189865798e-183	5.50797421825427e-182	409.187408392267	SCARB2
ENSG00000118762	2.64995221674877	4.10640566502463	52.2969908346313	3.66222163517928e-183	7.77903643420364e-182	408.839914229612	PKD2
ENSG00000109861	3.69567931034482	5.98493522167488	52.2195673500565	6.20253007134763e-183	1.31179483392073e-181	408.312900485825	CTSC
ENSG00000133657	2.86811083743842	4.89076871921182	52.1741296560849	8.4523296983857e-183	1.78375191107833e-181	408.00334050485	ATP13A3
ENSG00000198542	5.02239359605911	4.75570615763547	52.1409203610011	1.05990364160174e-182	2.23437291954489e-181	407.776964137848	ITGBL1
ENSG00000146242	2.80123399014778	5.04925985221675	52.0785185963892	1.62211971191028e-182	3.40854445270437e-181	407.351303287884	TPBG
ENSG00000100320	1.64518472906404	5.07918448275862	52.059359719677	1.8486681160838e-182	3.87625239533365e-181	407.220539068709	RBFOX2
ENSG00000011422	3.25889261083744	3.96411428571429	52.0286591056001	2.27966144684998e-182	4.774827866489e-181	407.010925169835	PLAUR
ENSG00000162614	4.60276995073891	3.76295	51.9776171133978	3.23051079964457e-182	6.73752850017655e-181	406.66222401393	NEXN
ENSG00000186866	1.85069113300493	4.44794064039409	51.9701430785403	3.39977284828365e-182	7.08298091696791e-181	406.61114272446	POFUT2
ENSG00000164741	3.32486896551724	3.94373842364532	51.941785609017	4.12686464320845e-182	8.58862501145682e-181	406.417284134948	DLC1
ENSG00000205542	2.04764532019705	11.5602591133005	51.9362873331112	4.2849333295655e-182	8.90810288578393e-181	406.379687511865	TMSB4X
ENSG00000187601	2.15769064039409	3.49853054187192	51.9104636041686	5.11245211861173e-182	1.06058958919226e-180	406.20306820371	MAGEH1
ENSG00000138443	2.11716354679803	3.75643004926108	51.8935088431535	5.74106917100507e-182	1.18973461017795e-180	406.087072134711	ABI2
ENSG00000004700	2.40238866995074	3.99940615763547	51.8369537468926	8.45425749757231e-182	1.74828677267257e-180	405.69994743449	RECQL
ENSG00000197465	3.65597733990148	-0.0846679802955664	51.7701672134582	1.33579623958433e-181	2.74491378695657e-180	405.242385449347	GYPE
ENSG00000063587	2.79489359605911	1.7699763546798	51.7371642726449	1.674870294117e-181	3.43805832853302e-180	405.01611765306	ZNF275
ENSG00000166845	3.29057783251232	-0.213738669950739	51.7262633058589	1.80484780568632e-181	3.70097962421008e-180	404.94135733471	C18orf54
ENSG00000166326	2.39400197044335	3.89402906403941	51.7118853107252	1.99187053798533e-181	4.08020273095486e-180	404.842733294868	TRIM44
ENSG00000138385	2.14781724137931	6.13025935960591	51.6968527009064	2.20821099804249e-181	4.51389741880191e-180	404.739597366512	SSB
ENSG00000055147	1.68704137931034	3.6310118226601	51.6958705960703	2.22313797270351e-181	4.53966167842967e-180	404.732858558593	FAM114A2
ENSG00000189369	3.00500837438424	1.84407216748769	51.6861614647187	2.37625848202964e-181	4.847269650921e-180	404.666233325646	GSPT2
ENSG00000185222	2.67787487684729	6.0429630541872	51.6294030596987	3.5081563948232e-181	7.13385975729814e-180	404.276565457156	TCEAL9
ENSG00000125977	1.88745812807882	5.86543891625616	51.5985149238601	4.33718194830255e-181	8.80137171689806e-180	404.064374019733	EIF2S2
ENSG00000174099	3.28580246305419	3.83521551724138	51.5049876285037	8.24925339435081e-181	1.66708283177253e-179	403.42130071663	MSRB3
ENSG00000168116	2.7843960591133	1.35943251231527	51.5008351707218	8.48827810881088e-181	1.71361498762792e-179	403.392729391749	KIAA1586
ENSG00000090971	2.16812709359606	3.42399753694582	51.4490028019727	1.21261850459821e-180	2.4354564046103e-179	403.03594981055	NAT14
ENSG00000016864	1.76308817733991	5.76902192118227	51.3733797285576	2.0414291586122e-180	4.07493448596524e-179	402.514936282376	GLT8D1
ENSG00000154229	2.62267241379311	2.53463719211822	51.3704366899032	2.08325633372695e-180	4.15418319119306e-179	402.494648497459	PRKCA
ENSG00000135677	1.90809113300492	5.16285344827586	51.3699461966398	2.09031036271606e-180	4.16400052071329e-179	402.491267207782	GNS
ENSG00000142173	2.9512802955665	9.15439975369458	51.3676767787209	2.12326084371999e-180	4.22533232260448e-179	402.47562232244	COL6A2
ENSG00000102531	1.89768768472906	3.62617339901478	51.3615594999585	2.21469551060427e-180	4.39833126709641e-179	402.433448571413	FNDC3A
ENSG00000085491	2.27480344827586	3.54025	51.3343870272352	2.6709632735903e-180	5.29370834609549e-179	402.246071457779	SLC25A24
ENSG00000178104	2.3972591133005	5.93882709359606	51.3110065274944	3.13829634500006e-180	6.2136359852068e-179	402.08478487231	PDE4DIP
ENSG00000153976	4.79102068965517	1.10052906403941	51.308230736668	3.19896262752875e-180	6.3273408570007e-179	402.065632945484	HS3ST3A1
ENSG00000105948	2.16781773399015	1.44550344827586	51.274876927315	4.02670923896969e-180	7.95651688047985e-179	401.83544452483	IFT56
ENSG00000005073	3.89109261083744	1.39545566502463	51.2730779689958	4.07701217515088e-180	8.04777494210086e-179	401.823026046288	HOXA11
ENSG00000256537	2.01120492610837	1.97050443349753	51.2496962251196	4.79107595036684e-180	9.43822643367628e-179	401.661589272713	SMIM10L1
ENSG00000177311	3.32064679802956	4.56240123152709	51.2343253564841	5.32749173909405e-180	1.04843749814074e-178	401.555433293645	ZBTB38
ENSG00000133104	1.95575862068965	5.28007192118227	51.2056180049366	6.49574845919159e-180	1.27449715250524e-178	401.357108853268	SPART
ENSG00000163512	2.48655467980295	5.71519556650246	51.1949683859873	6.99167493701571e-180	1.37042438935969e-178	401.283515334361	AZI2
ENSG00000123684	2.11014187192118	2.70352709359606	51.1800887407906	7.7487693545163e-180	1.51426450725958e-178	401.180671685139	LPGAT1
ENSG00000138459	2.10368472906404	3.83865615763547	51.1653160959968	8.58168430762529e-180	1.67535739000613e-178	401.078545903872	SLC35A5
ENSG00000154027	4.6471236453202	2.63972783251232	51.1443506386346	9.92009882773157e-180	1.93471628035459e-178	400.933571058211	AK5
ENSG00000167397	1.64741822660098	6.85593029556651	51.1302404861281	1.09367620387009e-179	2.12874704940532e-178	400.835975702949	VKORC1
ENSG00000119865	2.51026305418719	3.86246206896552	51.094586368074	1.39957470215385e-179	2.72144167457618e-178	400.589279765819	CNRIP1
ENSG00000113583	1.76927142857143	4.9966342364532	51.0878326069248	1.46653007772969e-179	2.8488002762419e-178	400.542535324742	C5orf15
ENSG00000115204	1.31225714285714	6.19606502463054	51.009498269848	2.52247550786298e-179	4.87578796979806e-178	400.000033318283	MPV17
ENSG00000150938	3.01332561576355	5.75850221674876	50.941693611646	4.03566717890205e-179	7.76995152808906e-178	399.529961957158	CRIM1
ENSG00000117280	2.56906945812808	3.06399187192118	50.9228466010735	4.5991650306713e-179	8.84614990446639e-178	399.399219493708	RAB29
ENSG00000163171	3.65898275862069	4.68649975369458	50.9187525767898	4.73163731312254e-179	9.08307037063267e-178	399.370814409247	CDC42EP3
ENSG00000175505	3.40526748768473	2.24821600985222	50.8975860011029	5.48003302296413e-179	1.04990985622319e-177	399.223930239115	CLCF1
ENSG00000006125	1.66292118226601	5.29947832512316	50.8934883388709	5.63807762016358e-179	1.07913136976725e-177	399.195489604702	AP2B1
ENSG00000197956	2.51851428571429	10.2260699507389	50.8874074064335	5.8810738982677e-179	1.12453959021475e-177	399.153280608469	S100A6
ENSG00000050405	2.37755812807882	6.12799039408867	50.8859952516628	5.93898946269922e-179	1.13450373489803e-177	399.14347802616	LIMA1
ENSG00000176142	2.10520197044335	4.37278866995074	50.8816432891147	6.1210924090574e-179	1.16814831892383e-177	399.113267289506	TMEM39A
ENSG00000105887	1.59690344827587	5.72814384236453	50.8273296233569	8.92470039127037e-179	1.69491248830132e-177	398.736070343576	MTPN
ENSG00000120675	2.67437192118226	3.21519236453202	50.8112948605095	9.976207206414e-179	1.89276739056061e-177	398.624656049128	DNAJC15
ENSG00000138613	2.11184975369458	2.92545689655172	50.8041173487047	1.04862774700533e-178	1.98761236003668e-177	398.574776252811	APH1B
ENSG00000104415	6.0580591133005	2.39676403940887	50.8034709583591	1.05334765771473e-178	1.99462402394004e-177	398.57028393973	CCN4
ENSG00000004897	1.8082118226601	4.52417389162562	50.7793202419336	1.24582184852826e-178	2.35453100231521e-177	398.402410298496	CDC27
ENSG00000164465	2.88173300492611	2.93411970443349	50.7754809372373	1.27951347773227e-178	2.41586979534725e-177	398.375717606899	DCBLD1
ENSG00000131473	1.8681472906404	5.47744802955665	50.7530486830866	1.49544088405233e-178	2.81269545295001e-177	398.219728362113	ACLY
ENSG00000065485	2.44246305418719	4.20949408866995	50.7338028134118	1.70958651633733e-178	3.2123788175254e-177	398.085856501995	PDIA5
ENSG00000149554	3.04977832512315	2.59378472906404	50.7194905240017	1.88853080139304e-178	3.54181083693118e-177	397.986278004886	CHEK1
ENSG00000166503	2.94423251231527	3.39572266009852	50.7107898891628	2.00636676399398e-178	3.75559571857954e-177	397.925732876249	HDGFL3
ENSG00000163577	3.05189408866995	1.97805492610837	50.6835949703969	2.42433378580952e-178	4.52928593138525e-177	397.736442711224	EIF5A2
ENSG00000151233	2.12335369458128	1.98164285714286	50.6318685855099	3.47533080414529e-178	6.48043078001978e-177	397.376197055868	GXYLT1
ENSG00000047932	2.03070492610837	4.32039876847291	50.6249346948297	3.64729415955673e-178	6.79460652679292e-177	397.327885977202	GOPC
ENSG00000106034	4.28290492610837	2.13094950738916	50.574204072928	5.19387633621081e-178	9.65734836938456e-177	396.974279668826	CPED1
ENSG00000151835	2.89606256157636	1.72007610837438	50.5288855154455	7.12408227435946e-178	1.32086163003352e-176	396.65817865566	SACS
ENSG00000154096	6.18705172413793	5.94931354679802	50.4936341667255	9.11048745567465e-178	1.68595782063252e-176	396.412154774215	THY1
ENSG00000122729	2.86035320197044	4.34124704433497	50.3942097458779	1.8242820377845e-177	3.36957652007417e-176	395.717585511731	ACO1
ENSG00000068796	2.25285862068966	3.17157610837438	50.2186930709733	6.22987264209181e-177	1.14636696018605e-175	394.489012784688	KIF2A
ENSG00000147100	2.59218423645321	2.35462463054187	50.1940963293516	7.40176130848849e-177	1.35944755160228e-175	394.316593337146	SLC16A2
ENSG00000182220	1.47203300492611	6.67757118226601	50.154750099711	9.75289484214757e-177	1.78958752117604e-175	394.040655012289	ATP6AP2
ENSG00000109576	3.15067438423646	1.43084359605911	50.102956556561	1.40260066373641e-176	2.56884931309625e-175	393.677183825495	AADAT
ENSG00000166086	2.00443891625616	4.28601305418719	50.0611290210441	1.88129426280594e-176	3.43591144707979e-175	393.383452707219	JAM3
ENSG00000166750	3.54210049261084	2.46181330049261	49.9631658336137	3.74476803390378e-176	6.82651650359587e-175	392.694818218028	SLFN5
ENSG00000161654	1.33796305418719	4.46138497536946	49.9620000044679	3.77559486519829e-176	6.8762977498327e-175	392.686617128882	LSM12
ENSG00000147027	3.75805763546798	3.37030221674877	49.9265600286845	4.84449289900659e-176	8.81481193970082e-175	392.43724675966	TMEM47
ENSG00000130429	2.41203251231527	6.45974433497538	49.9055830821934	5.61507123179079e-176	1.01979295549866e-174	392.289584110605	ARPC1B
ENSG00000149948	9.08980837438423	-0.246782019704434	49.8872689950496	6.38763631243062e-176	1.15902682281819e-174	392.16062948642	HMGA2
ENSG00000214194	2.42819064039409	4.43835147783251	49.8587301751256	7.80927738439354e-176	1.41566696331928e-174	391.959611619863	SMIM30
ENSG00000033011	1.75178620689655	3.85569507389163	49.8564326089428	7.93666927602786e-176	1.4374271639679e-174	391.943424729096	ALG1
ENSG00000129562	1.42623891625615	7.61566773399014	49.8494623177496	8.33603132837552e-176	1.50835855758439e-174	391.89431410975	DAD1
ENSG00000111252	2.88121674876847	2.54804827586207	49.8446878484354	8.62114491558753e-176	1.55850521684007e-174	391.860671749784	SH2B3
ENSG00000143479	3.25572561576355	1.58302931034483	49.8239032983405	9.98064930363519e-176	1.80260488624435e-174	391.7141904477	DYRK3
ENSG00000184785	2.88985960591133	2.42380123152709	49.8128976487883	1.07854969120118e-175	1.94616971980179e-174	391.636609153317	SMIM10
ENSG00000077147	1.64019064039409	5.53611206896552	49.8123030723312	1.08307850062939e-175	1.95253875085788e-174	391.632417498977	TM9SF3
ENSG00000132970	2.87431428571429	2.75726896551724	49.8056409756936	1.13514460284125e-175	2.04451574458282e-174	391.58544848318	WASF3
ENSG00000155016	2.74036009852217	1.606789408867	49.7452483978396	1.73775811655185e-175	3.11552927648222e-174	391.159463167182	CYP2U1
ENSG00000164125	4.56726995073892	3.38917192118226	49.7320747617178	1.90700531083753e-175	3.41582931112621e-174	391.066492122955	GASK1B
ENSG00000142694	2.53965320197044	5.70860344827586	49.669526025873	2.96550767552147e-175	5.29725329022309e-174	390.624821582408	EVA1B
ENSG00000198856	2.39901625615764	6.41055985221675	49.6541293265093	3.30616984148938e-175	5.8896236137088e-174	390.51604075002	OSTC
ENSG00000206560	2.3312039408867	5.00347438423645	49.6296807285061	3.92950282184307e-175	6.98729246082414e-174	390.343256596378	ANKRD28
ENSG00000204856	2.6795881773399	2.41630197044335	49.6269662862957	4.0056002576234e-175	7.10966759622856e-174	390.324069206207	FAM216A
ENSG00000153048	2.0909724137931	5.74990197044335	49.6117134300347	4.46150307782913e-175	7.91167814400515e-174	390.216238375282	CARHSP1
ENSG00000150630	3.70039162561576	3.13824458128079	49.6030674347648	4.74265782811886e-175	8.40263094080678e-174	390.155104506667	VEGFC
ENSG00000103381	2.27244729064039	3.3673960591133	49.5457579573665	7.11259948744848e-175	1.25559547591435e-173	389.749688703425	CPPED1
ENSG00000185728	2.02097487684729	4.2249342364532	49.5030040372631	9.62558986448734e-175	1.6976830066048e-173	389.447021909252	YTHDF3
ENSG00000253276	3.71286748768473	3.37676379310345	49.45858190985	1.31837620528898e-174	2.32314768293572e-173	389.132346817523	CCDC71L
ENSG00000221968	3.09247980295566	4.969760591133	49.4467305452775	1.43384049830297e-174	2.52206219782508e-173	389.048360529353	FADS3
ENSG00000157224	2.07352216748769	3.30289901477832	49.4285459972406	1.63101861011658e-174	2.86373456234485e-173	388.919465241132	CLDN12
ENSG00000151718	2.50767684729064	2.99531477832512	49.4251987283658	1.67017062774341e-174	2.9298450994041e-173	388.895735506729	WWC2
ENSG00000157214	3.22943448275862	2.66046502463054	49.4232348237704	1.69357878174757e-174	2.96824363703237e-173	388.881812296628	STEAP2
ENSG00000134285	2.77931625615763	4.78138669950739	49.3941127679912	2.08189221479564e-174	3.64554996967172e-173	388.675303362448	FKBP11
ENSG00000112242	2.19107881773399	1.93676798029557	49.3711495207636	2.45006537653599e-174	4.28640802043565e-173	388.512406005355	E2F3
ENSG00000176014	2.13665221674877	6.8953078817734	49.3528768230569	2.78912828936058e-174	4.87523658592884e-173	388.382743860503	TUBB6
ENSG00000111186	3.50900886699507	3.93731428571429	49.3254817068219	3.38758082309678e-174	5.91600575915614e-173	388.188285129673	WNT5B
ENSG00000163479	1.00532463054187	7.6784302955665	49.3065332147385	3.87526290101218e-174	6.76164175103393e-173	388.053737867334	SSR2
ENSG00000184007	2.20440197044335	6.49352216748769	49.2967158578768	4.1549988441005e-174	7.24326381903765e-173	387.984013373927	PTP4A2
ENSG00000237172	2.09519014778325	3.24155615763547	49.2237025326026	6.97954155696424e-174	1.21239289872173e-172	387.465149045305	B3GNT9
ENSG00000049192	5.36315665024631	0.570814778325124	49.1798111921277	9.53569108288698e-174	1.64908385081219e-172	387.152973552057	ADAMTS6
ENSG00000124786	2.01672315270936	3.65056748768473	49.1750108907519	9.86687220385083e-174	1.70482637123529e-172	387.11881952707	SLC35B3
ENSG00000102699	1.9221763546798	3.85989064039409	49.1607706138116	1.09187118139171e-173	1.88326095558312e-172	387.017486310109	PARP4
ENSG00000244509	2.41811970443349	4.20016133004926	49.1501076417956	1.17792603292456e-173	2.02989687261127e-172	386.941595331774	APOBEC3C
ENSG00000115486	1.78294679802956	4.24635566502463	49.1396392068754	1.26902009718411e-173	2.18495072591823e-172	386.867077494105	GGCX
ENSG00000119661	2.88905172413793	0.90046133004926	49.1302244935414	1.35695943092537e-173	2.33430468302321e-172	386.800050728696	DNAL1
ENSG00000102931	1.17500689655172	5.26534926108374	49.1127890222001	1.5362635339129e-173	2.63810737958927e-172	386.675897077691	ARL2BP
ENSG00000119401	2.10034679802955	2.7372197044335	49.0649539970335	2.1597805873101e-173	3.7055691165245e-172	386.335114326599	TRIM32
ENSG00000116774	4.17403349753695	6.12774236453202	49.0608667374515	2.2235937304864e-173	3.81170777904958e-172	386.305985195168	OLFML3
ENSG00000114503	1.55796748768473	5.37106502463055	49.0538353224231	2.33782550286039e-173	4.00401279376843e-172	386.255869574675	NCBP2
ENSG00000108797	3.0157236453202	2.53894113300493	49.0232129832088	2.90796904279364e-173	4.96744152397495e-172	386.037552601218	CNTNAP1
ENSG00000118922	2.77462709359606	1.31873768472906	48.9746750378054	4.11058217176777e-173	7.00339989543904e-172	385.691310207885	KLF12
ENSG00000104884	1.94903645320197	4.38843349753694	48.8766244443132	8.27697486542671e-173	1.40406808003619e-171	384.991127021707	ERCC2
ENSG00000018510	2.0908566502463	2.5077027093596	48.7672561068023	1.80899136236752e-172	3.04228134280431e-171	384.208944822013	AGPS
ENSG00000068912	1.70881477832512	4.86078325123153	48.7593010041356	1.91494531579626e-172	3.21770089091062e-171	384.152002833517	ERLEC1
ENSG00000204516	3.25350689655173	1.17572389162561	48.7565107984674	1.95356293469768e-172	3.27977034964451e-171	384.132029203359	MICB
ENSG00000213949	3.83472167487685	2.70109778325123	48.7528362418536	2.00561348405845e-172	3.36426598330217e-171	384.105723727967	ITGA1
ENSG00000091986	5.00130049261083	7.10769802955664	48.7044661662957	2.83549678019088e-172	4.74818149772837e-171	383.759320100348	CCDC80
ENSG00000101346	1.71545862068966	4.16665935960591	48.6678679350522	3.68538402330374e-172	6.16607659104467e-171	383.497058758738	POFUT1
ENSG00000037241	1.9980118226601	5.11697487684729	48.6521488807036	4.12478952404747e-172	6.88945614349878e-171	383.384373797314	RPL26L1
ENSG00000212719	3.07002512315271	1.37172931034483	48.589249902926	6.4753099803166e-172	1.07969716412412e-170	382.933212639776	LINC02693
ENSG00000138757	1.84970591133005	5.14984901477832	48.5697843613641	7.44577390098383e-172	1.23939790096274e-170	382.793506645028	G3BP2
ENSG00000111652	1.24353694581281	6.01874236453202	48.552112996295	8.45247347020729e-172	1.4045768414523e-170	382.666643315498	COPS7A
ENSG00000105270	2.93350492610838	3.63337019704434	48.4469490476397	1.79898201095551e-171	2.976774467239e-170	381.910991833776	CLIP3
ENSG00000084112	2.37617142857143	3.34686354679803	48.3992997951543	2.53411656707334e-171	4.18965363398877e-170	381.568228534201	SSH1
ENSG00000170017	3.14579802955665	4.57361330049261	48.3181563559012	4.54422557690689e-171	7.46245850621129e-170	380.983977596393	ALCAM
ENSG00000183010	4.00833990147784	3.97943842364532	48.2746599954694	6.21643637317325e-171	1.0191409362798e-169	380.670509277375	PYCR1
ENSG00000169933	7.42337487684729	-4.29712733990146	48.2132930572237	9.67562614060853e-171	1.58359368542523e-169	380.227913334766	FRMPD4
ENSG00000196793	3.71147389162562	0.608897044334976	48.1962655725812	1.09401157781721e-170	1.78905223880367e-169	380.105035971625	ZNF239
ENSG00000066697	2.18692167487685	3.71750862068966	48.1859763717469	1.17831610424209e-170	1.925305460627e-169	380.030770044257	MSANTD3
ENSG00000106799	2.64268374384236	3.11074876847291	48.1744158517607	1.28082851052875e-170	2.08931141508788e-169	379.947314616023	TGFBR1
ENSG00000128928	2.62113990147783	4.16891280788177	48.1603745866863	1.41743350646014e-170	2.31021564497449e-169	379.845931738267	IVD
ENSG00000113456	2.14973251231527	4.28399926108375	48.1048212377594	2.11699779671941e-170	3.43607732088793e-169	379.444613152501	RAD1
ENSG00000176018	2.41067438423645	2.55340073891626	48.0715728860414	2.69188266651574e-170	4.36192131584167e-169	379.204270566915	LYSMD3
ENSG00000205208	2.49885862068966	1.61660369458128	48.0595704605482	2.93584427854377e-170	4.74936000755814e-169	379.117479877207	C4orf46
ENSG00000134825	1.06365221674877	7.10636009852217	48.0554643058556	3.02429523435852e-170	4.88840177583409e-169	379.08778438548	TMEM258
ENSG00000225614	4.64049753694581	-0.665030541871921	48.0516439854244	3.10898536070691e-170	5.02113982801111e-169	379.060154432358	ZNF469
ENSG00000111799	4.43525073891626	6.20525541871921	48.0468931023712	3.21762736602368e-170	5.19230999065522e-169	379.025792159247	COL12A1
ENSG00000064393	2.68290837438424	2.39715911330049	48.0131388561141	4.10722809322545e-170	6.61693746066049e-169	378.781585156496	HIPK2
ENSG00000117906	2.07210197044335	5.15807709359606	47.9963113026696	4.63894426985172e-170	7.46125505526275e-169	378.65979529113	RCN2
ENSG00000006042	2.70884137931034	5.19716650246306	47.9920622548718	4.78378055562673e-170	7.68788154753762e-169	378.629037959038	TMEM98
ENSG00000182158	2.52625960591133	3.56709137931034	47.9731421266543	5.48574218632181e-170	8.80874065777327e-169	378.492058754065	CREB3L2
ENSG00000168779	3.51763201970443	2.29926330049261	47.938138331103	7.06792939580028e-170	1.1340022680848e-168	378.238536063558	SHOX2
ENSG00000182534	2.35379802955665	6.51833004926109	47.9128469293335	8.48881070966533e-170	1.36085593837801e-168	378.055276786544	MXRA7
ENSG00000173517	2.87166798029557	3.81822610837438	47.9051500023081	8.97560065496148e-170	1.43771465573162e-168	377.999492080212	PEAK1
ENSG00000111711	2.21172216748768	4.58718374384237	47.8988793786312	9.39279093837788e-170	1.50330811234873e-168	377.954040094561	GOLT1B
ENSG00000127022	2.02566502463054	7.34067536945813	47.8558691013412	1.28286030530686e-169	2.05152668464049e-168	377.642172081087	CANX
ENSG00000243749	2.44350098522167	4.27984113300493	47.8277318417015	1.57323575800676e-169	2.51177885481765e-168	377.4380423316	TMEM35B
ENSG00000026559	5.18766650246306	1.17021354679803	47.8051139944668	1.85375353556766e-169	2.95722870139292e-168	377.273893815395	KCNG1
ENSG00000003436	3.21087980295567	4.79254384236453	47.7983464541306	1.94705354525531e-169	3.10100410606188e-168	377.224767987799	TFPI
ENSG00000136247	1.55033152709359	4.85563669950739	47.7033055923375	3.88234074271771e-169	6.16818721903979e-168	376.534348784535	ZDHHC4
ENSG00000166479	2.26151133004926	4.42278669950738	47.6517954468868	5.64556094775088e-169	8.96227067757496e-168	376.159754667506	TMX3
ENSG00000103202	2.34405566502463	6.09721945812808	47.6407391971843	6.11824340232875e-169	9.70476563054451e-168	376.079314145244	NME4
ENSG00000198642	2.14331822660099	3.14261083743842	47.5874739589934	9.01439833120253e-169	1.4252376390644e-167	375.691596627228	KLHL9
ENSG00000176678	5.94504384236453	0.195567733990148	47.5783240117357	9.63523602610445e-169	1.52093523765859e-167	375.624963746071	FOXL1
ENSG00000119812	1.89846305418719	4.73159014778325	47.5479588840073	1.20194048269436e-168	1.89574825769275e-167	375.403771049262	FAM98A
ENSG00000109089	2.26511477832512	2.69160566502463	47.541716111676	1.25785081856679e-168	1.98128505427757e-167	375.35828380833	CDR2L
ENSG00000089327	2.05246600985221	6.99426403940886	47.541677985839	1.25820015983956e-168	1.98128505427757e-167	375.358005996035	FXYD5
ENSG00000198846	4.65938029556651	0.443131034482759	47.5314375214782	1.35564104881312e-168	2.13300622994412e-167	375.283380982958	TOX
ENSG00000184840	1.47736256157636	7.24509261083744	47.5132579469252	1.54762748362798e-168	2.43116851166061e-167	375.150873962676	TMED9
ENSG00000091136	2.58670098522168	7.15750467980296	47.47397969219	2.06062215971869e-168	3.23443198756808e-167	374.864462661774	LAMB1
ENSG00000107249	3.83937093596059	1.04090517241379	47.4030347083502	3.45739964595131e-168	5.40516031049444e-167	374.346724228332	GLIS3
ENSG00000197043	3.00123743842365	6.55578866995074	47.3955991124944	3.65021788580018e-168	5.70204299954493e-167	374.292429967405	ANXA6
ENSG00000101608	1.38159950738916	8.57277610837438	47.3728081468678	4.31099094463798e-168	6.72886461981753e-167	374.12597487205	MYL12A
ENSG00000169826	2.05963103448276	3.47572438423645	47.3360206963663	5.63977584141672e-168	8.78887555765275e-167	373.857178295675	CSGALNACT2
ENSG00000104219	3.57014581280788	1.6890275862069	47.3314694240541	5.83045190265616e-168	9.07155183771549e-167	373.823913223017	ZDHHC2
ENSG00000118508	2.55365320197045	4.83351822660098	47.2793893009763	8.53122915962961e-168	1.32315301775779e-166	373.443103520598	RAB32
ENSG00000122218	1.69345024630542	5.98027980295567	47.2645323035888	9.51026968349398e-168	1.47265998537908e-166	373.334415865034	COPA
ENSG00000116793	2.56454679802956	2.07838768472906	47.2638264455391	9.5594889235463e-168	1.47910952132971e-166	373.329251509715	PHTF1
ENSG00000115318	3.90551428571429	1.91807389162562	47.2148330462577	1.3680338891424e-167	2.11003301196692e-166	372.970664426019	LOXL3
ENSG00000120889	3.16824433497537	4.83724778325123	47.1354979904172	2.44566861836402e-167	3.76621403783055e-166	372.389457080801	TNFRSF10B
ENSG00000177879	1.54522413793104	6.29874704433497	47.1347499696999	2.45910943228334e-167	3.783930435093e-166	372.383973872073	AP3S1
ENSG00000071794	2.57534137931035	2.46764310344828	47.1015327025884	3.13691959319221e-167	4.81552888375193e-166	372.140420964632	HLTF
ENSG00000181830	2.37357290640394	3.11210123152709	47.0980958731454	3.21695681212513e-167	4.93451884007451e-166	372.115214946959	SLC35C1
ENSG00000253159	3.60598571428571	1.85155886699507	47.0886231471296	3.44831098981671e-167	5.28110449553277e-166	372.045734534631	PCDHGA12
ENSG00000005700	1.73200640394089	3.67286133004926	47.0872755295867	3.48255180582886e-167	5.32936784569362e-166	372.035849264049	IBTK
ENSG00000136026	1.98861822660099	6.0523302955665	47.0687892384673	3.98814758383407e-167	6.09830830072656e-166	371.900225770269	CKAP4
ENSG00000132718	3.02157536945813	1.89203349753695	47.0662161453595	4.06412505259544e-167	6.20962719138547e-166	371.881345518436	SYT11
ENSG00000088930	1.28057733990148	4.86533103448276	47.0258688163553	5.46414451431109e-167	8.32919751159652e-166	371.585200840628	XRN2
ENSG00000144724	3.24939852216749	2.86331502463054	47.015713361459	5.88696661484499e-167	8.96672654616529e-166	371.510633343916	PTPRG
ENSG00000139209	4.98529704433498	1.50117068965517	46.9997749777653	6.61763988605588e-167	1.00718005181701e-165	371.39358165658	SLC38A4
ENSG00000106638	1.3341315270936	4.65368842364532	46.9694696559392	8.26702431716125e-167	1.25625341528744e-165	371.170943397459	TBL2
ENSG00000103544	1.20202610837438	4.53056280788178	46.9367370672506	1.05143946281572e-166	1.59404421895615e-165	370.930361838291	VPS35L
ENSG00000114439	2.34520886699508	3.38831428571428	46.934023986404	1.07261224291744e-166	1.6248828256661e-165	370.910415747431	BBX
ENSG00000171428	2.94427881773399	1.03113842364532	46.9169360519497	1.21614339766398e-166	1.8408887898644e-165	370.784769997331	NAT1
ENSG00000166068	2.27148374384237	2.78283694581281	46.9104431238952	1.2755949394901e-166	1.92640466054989e-165	370.737019921947	SPRED1
ENSG00000213625	1.84601871921183	5.37694778325123	46.8975575859146	1.40234340973725e-166	2.11455207662695e-165	370.642244034426	LEPROT
ENSG00000150687	3.9376197044335	4.99076009852217	46.8899838344134	1.48265414846097e-166	2.23392655121236e-165	370.58652909783	PRSS23
ENSG00000198420	2.22240985221675	4.02643891625616	46.8860173292364	1.52653682017753e-166	2.29827292295141e-165	370.557347743748	TCAF1
ENSG00000132535	2.0149157635468	3.2917657635468	46.8695618376747	1.72292904669929e-166	2.59195376678965e-165	370.436267455198	DLG4
ENSG00000125841	2.22951330049261	4.07312857142857	46.8659629267053	1.76914847300229e-166	2.65739427051581e-165	370.409782594692	NRSN2
ENSG00000128805	3.31054187192118	2.50106699507389	46.8641221636601	1.79326684852855e-166	2.69155305329838e-165	370.396235635137	ARHGAP22
ENSG00000167123	3.417160591133	4.87348669950739	46.8592609846517	1.85855563287173e-166	2.78740553933839e-165	370.360458385561	CERCAM
ENSG00000143322	2.71668472906404	2.83376896551724	46.8514656738482	1.96826050226423e-166	2.94741354293085e-165	370.303081209913	ABL2
ENSG00000147649	2.16162807881773	5.14728891625616	46.8483001781472	2.01464046431474e-166	3.01455619859408e-165	370.279779786998	MTDH
ENSG00000111843	1.26040591133005	6.60050246305419	46.8477231381759	2.02321235117206e-166	3.02506624075015e-165	370.275532040828	TMEM14C
ENSG00000230989	1.82235812807881	5.73954113300493	46.818591721519	2.50697712474922e-166	3.7426544669098e-165	370.061041031042	HSBP1
ENSG00000145730	2.21558620689655	6.44395467980296	46.80660841295	2.73818374049184e-166	4.07847459273564e-165	369.972782748645	PAM
ENSG00000197601	2.1205157635468	3.72519482758621	46.7735910596435	3.49187152875948e-166	5.19316236035142e-165	369.729526136858	FAR1
ENSG00000177119	1.91511921182266	3.95504187192118	46.7506528746257	4.13474731107224e-166	6.13991124262719e-165	369.560458648142	ANO6
ENSG00000013375	2.33238325123153	4.13027438423645	46.7237144946831	5.04277801153068e-166	7.48260955970635e-165	369.361834616416	PGM3
ENSG00000113407	2.5163921182266	5.56739014778325	46.7156149428784	5.35304027144984e-166	7.91893360974056e-165	369.30209902074	TARS1
ENSG00000057252	3.70079704433498	2.78906403940887	46.7049803181878	5.78964411948005e-166	8.55833777480174e-165	369.223656017665	SOAT1
ENSG00000108829	2.34544039408867	5.38505320197045	46.6328736942589	9.85536442264643e-166	1.45353608714986e-164	368.691460124195	LRRC59
ENSG00000109790	2.90463201970443	3.17554113300493	46.6188770250083	1.09280997212133e-165	1.61053487746568e-164	368.588089744611	KLHL5
ENSG00000143507	2.74525073891626	3.9364302955665	46.6071664456545	1.19150182861076e-165	1.75465928671526e-164	368.50158659288	DUSP10
ENSG00000140743	2.12728078817734	4.20258374384236	46.586643084169	1.38649594574004e-165	2.0356802232646e-164	368.349949640944	CDR2
ENSG00000177932	2.43356108374384	0.853257881773399	46.5755191454201	1.50523507561314e-165	2.20835614471711e-164	368.267741226544	ZNF354C
ENSG00000110013	2.4028802955665	4.10780073891626	46.5670952603864	1.60188793389622e-165	2.34839414885221e-164	368.205477862008	SIAE
ENSG00000137573	5.12110886699508	3.59959482758621	46.5614051126239	1.67067010858866e-165	2.44556069378574e-164	368.163415969839	SULF1
ENSG00000008952	2.19957438423645	5.1871	46.4758088684975	3.1458390830463e-165	4.60149605994691e-164	367.530258421865	SEC62
ENSG00000101955	3.70505566502463	5.77747807881773	46.4686496414799	3.31695921583261e-165	4.8445453659044e-164	367.477265274314	SRPX
ENSG00000111817	2.62781428571429	4.838710591133	46.4655318318025	3.39436749225827e-165	4.95020369654561e-164	367.454185261726	DSE
ENSG00000146425	1.34479162561576	6.23333078817734	46.4609867180962	3.51046695494246e-165	5.11407152036143e-164	367.420537537575	DYNLT1
ENSG00000198833	1.54357339901478	3.88832955665024	46.4503781068215	3.79717115016365e-165	5.52115465896562e-164	367.341992648038	UBE2J1
ENSG00000125430	3.55763645320197	2.21631477832512	46.4296105198351	4.42813680330801e-165	6.43380293012974e-164	367.188196390253	HS3ST3B1
ENSG00000116132	3.62318916256158	5.15696206896552	46.4106580678476	5.09523963243953e-165	7.39756113648836e-164	367.047801223477	PRRX1
ENSG00000138639	2.57518078817734	3.93951403940887	46.3914956297392	5.87219796270159e-165	8.519264483082e-164	366.905810681455	ARHGAP24
ENSG00000010704	3.06583596059113	2.24468793103448	46.3902955867302	5.92462967674771e-165	8.58895498093499e-164	366.896917224873	HFE
ENSG00000169439	3.02835714285714	5.31241896551724	46.3623042942	7.29001000914015e-165	1.05526944887864e-163	366.68943059982	SDC2
ENSG00000168246	1.90609753694581	3.12947044334976	46.3312098253268	9.17959473338721e-165	1.32585099985109e-163	366.458841216264	UBTD2
ENSG00000164933	1.71348078817734	3.77843201970443	46.3143443419226	1.04024079137661e-164	1.50024985572559e-163	366.333726500443	SLC25A32
ENSG00000257727	1.22998571428572	6.15474261083744	46.2998693921437	1.15812909945158e-164	1.66780831698473e-163	366.226320896429	CNPY2
ENSG00000177697	1.80612167487685	7.51180073891626	46.2904243487763	1.24217944590141e-164	1.78621565355448e-163	366.156225358882	CD151
ENSG00000105889	6.90564088669951	0.960235221674876	46.2700945919735	1.44441279310998e-164	2.07549373551141e-163	366.005316797952	STEAP1B
ENSG00000170903	2.54381871921182	2.74243201970443	46.2692243151381	1.45377095713494e-164	2.08740573433733e-163	365.998855690565	MSANTD4
ENSG00000112697	1.88061527093596	5.47032389162562	46.268293719735	1.46384495529494e-164	2.10032732131965e-163	365.991946674516	TMEM30A
ENSG00000205413	3.52968177339902	0.808118226600985	46.2513574200729	1.65990791030498e-164	2.37989144410711e-163	365.866190010342	SAMD9
ENSG00000147889	5.04622068965517	1.65064778325123	46.2219471608677	2.06495770449562e-164	2.9519680659293e-163	365.647736178101	CDKN2A
ENSG00000044090	1.6959433497537	3.69693275862069	46.1787557648547	2.84607971101673e-164	4.05379662628928e-163	365.326746952223	CUL7
ENSG00000151239	2.04628768472906	5.10524630541872	46.1734865890775	2.95972618568899e-164	4.21259789663032e-163	365.287573573522	TWF1
ENSG00000110880	1.63367684729065	6.44819162561576	46.1539900551853	3.42122344470522e-164	4.86590600847375e-163	365.142601268091	CORO1C
ENSG00000140092	3.34816453201971	6.78242857142858	46.1491744091286	3.54591166845458e-164	5.03957860545013e-163	365.106786673771	FBLN5
ENSG00000188997	2.16629753694581	1.89376108374384	46.1405189464497	3.7815803556764e-164	5.370613612691e-163	365.042408463586	KCTD21
ENSG00000164168	1.94807290640394	3.87967684729064	46.1114094731692	4.69551915398216e-164	6.65891402809284e-163	364.825835675214	TMEM184C
ENSG00000136542	6.38496995073891	-0.194995320197044	46.0733687330604	6.23158488396328e-164	8.81807616237585e-163	364.542674603859	GALNT5
ENSG00000143515	2.76254236453202	3.97245246305419	46.0338961233199	8.36012456370293e-164	1.17959244926991e-162	364.248687214902	ATP8B2
ENSG00000197757	2.26803349753695	4.31572512315271	46.0321109106402	8.47200222589064e-164	1.19451563851627e-162	364.235387112701	HOXC6
ENSG00000121297	2.68166650246306	2.01320172413793	46.0168550455817	9.4913756400855e-164	1.33439181840684e-162	364.12171434168	TSHZ3
ENSG00000104691	2.08302216748769	3.14906921182266	45.9694415249235	1.35130303012845e-163	1.8943446065115e-162	363.76826872165	UBXN8
ENSG00000144746	2.01425172413793	5.75781995073892	45.9634700830233	1.41280786633016e-163	1.97914633145692e-162	363.723736880062	ARL6IP5
ENSG00000105185	1.74374975369458	6.53233251231527	45.9399012935594	1.68420523554675e-163	2.35764603961709e-162	363.547935052733	PDCD5
ENSG00000184575	2.15637586206897	5.21914901477832	45.928783380552	1.82979401204845e-163	2.55595672505009e-162	363.464984260614	XPOT
ENSG00000115526	2.6496118226601	1.75525862068966	45.8862380384698	2.513313967244e-163	3.50822725342016e-162	363.147427557521	CHST10
ENSG00000136731	2.02004679802956	3.48484704433497	45.885363362595	2.52977299453234e-163	3.52868121764105e-162	363.14089692002	UGGT1
ENSG00000166813	2.70222118226601	1.85396330049261	45.8842970394249	2.54998446171281e-163	3.55433640162566e-162	363.132935262395	KIF7
ENSG00000065923	3.30873793103448	1.7846802955665	45.8555159286372	3.16110114119405e-163	4.39987453712351e-162	362.917994945503	SLC9A7
ENSG00000086189	1.67860935960591	4.08753965517241	45.8471140913696	3.36575436027275e-163	4.67806342165364e-162	362.85523193082	DIMT1
ENSG00000081377	2.70870689655172	3.17327807881773	45.8315962956133	3.77928556504539e-163	5.24909726454278e-162	362.739291142644	CDC14B
ENSG00000140285	4.66240295566503	4.38948916256158	45.7759098932362	5.72936541720493e-163	7.92940927641776e-162	362.323012917638	FGF7
ENSG00000184867	3.2677078817734	3.83847463054187	45.7734366751922	5.83626908275902e-163	8.07164688006205e-162	362.304516678791	ARMCX2
ENSG00000126088	1.14636896551724	5.88887512315271	45.7238125208409	8.45846564873733e-163	1.16816491666166e-161	361.933254054789	UROD
ENSG00000148450	1.8511487684729	4.29654285714286	45.7220203946659	8.57262431112571e-163	1.18225987500366e-161	361.919841188529	MSRB2
ENSG00000146376	2.73098177339901	2.8366184729064	45.7215887368183	8.60035088917342e-163	1.1852472290284e-161	361.916610465071	ARHGAP18
ENSG00000184232	3.2952551724138	4.37464384236453	45.6666085358852	1.29780655361126e-162	1.78352571523708e-161	361.50494519456	OAF
ENSG00000135272	2.2287551724138	3.50082931034483	45.6609770229383	1.35369676735742e-162	1.85902615795494e-161	361.462760255176	MDFIC
ENSG00000153956	2.63555517241379	2.14318891625616	45.6531426381456	1.4354835104516e-162	1.96995918267171e-161	361.404068047625	CACNA2D1
ENSG00000156535	2.59199655172413	4.29640369458128	45.6399741217407	1.58426504555486e-162	2.17261105405144e-161	361.305399262009	CD109
ENSG00000164932	5.2215078817734	5.39524408866995	45.6224574771907	1.80639336218445e-162	2.47375887062428e-161	361.174121153859	CTHRC1
ENSG00000169105	2.03468866995074	3.80245024630542	45.6220587921949	1.81179679486117e-162	2.47942107599278e-161	361.171132822386	CHST14
ENSG00000095139	1.17233300492611	6.19529408866996	45.6110623027308	1.96739056083133e-162	2.69046510425234e-161	361.088702024046	ARCN1
ENSG00000117020	2.5769078817734	3.05251551724138	45.5799350312864	2.48431119381082e-162	3.39025204954267e-161	360.855296205694	AKT3
ENSG00000184194	2.87968226600985	1.20961009852217	45.574777420427	2.58224754071728e-162	3.52144322684557e-161	360.816611825688	GPR173
ENSG00000170191	2.05570985221675	1.08984408866995	45.565071453353	2.77716388967735e-162	3.781974685162e-161	360.743804750109	NANP
ENSG00000184371	3.61964975369458	5.13279384236453	45.5577018279518	2.93495061070928e-162	3.99406718903069e-161	360.688516226681	CSF1
ENSG00000152377	4.96072610837438	4.08660443349754	45.5276173729955	3.67788637665946e-162	4.98773459907558e-161	360.4627536529	SPOCK1
ENSG00000104687	1.71536059113301	4.20658472906404	45.5050247905921	4.35732835491557e-162	5.90096401328898e-161	360.29314626478	GSR
ENSG00000085662	2.71666699507389	5.72470985221675	45.500087614326	4.52180916069288e-162	6.11947331151386e-161	360.256074274819	AKR1B1
ENSG00000059573	1.71905960591133	4.83802093596059	45.4692916945643	5.69787732046534e-162	7.70040930819735e-161	360.024774521633	ALDH18A1
ENSG00000117899	1.58601231527093	4.19257068965517	45.4587236486786	6.16847138412804e-162	8.33063357212371e-161	359.945376536327	MESD
ENSG00000115993	2.57082610837438	3.6142263546798	45.4552314230564	6.3323886964931e-162	8.54610082229753e-161	359.919136632948	TRAK2
ENSG00000169359	1.85627290640394	3.64555418719211	45.4534874581805	6.41587338155145e-162	8.65279486696194e-161	359.906032313127	SLC33A1
ENSG00000164951	2.67866699507389	2.78985024630542	45.4475119921517	6.71037559931788e-162	9.04373516978414e-161	359.861129523935	PDP1
ENSG00000164761	6.38448916256158	1.90689039408867	45.3886092482261	1.04464915751115e-161	1.40209710412658e-160	359.418290978979	TNFRSF11B
ENSG00000113140	3.37168177339901	9.48418374384237	45.37497009094	1.15745578637919e-161	1.55243658046823e-160	359.3156949895	SPARC
ENSG00000126947	1.91781133004926	3.80659581280788	45.3369796564972	1.54026806866935e-161	2.06163826013263e-160	359.029815534945	ARMCX1
ENSG00000117697	1.6518881773399	3.19630862068966	45.3221567810179	1.72199786094828e-161	2.30330473638955e-160	358.918229257536	NSL1
ENSG00000186854	3.67891477832512	1.2901421182266	45.2530785799234	2.89665894766771e-161	3.85865774746573e-160	358.397887214767	TRABD2A
ENSG00000065978	1.54042610837439	8.73944901477833	45.2498306803075	2.96840177122699e-161	3.95153320254209e-160	358.373408823868	YBX1
ENSG00000184378	3.22913793103449	-0.105746798029557	45.205686647509	4.13988143759847e-161	5.50350769071764e-160	358.040592532885	ACTRT3
ENSG00000163249	1.87175665024631	2.18378177339901	45.1941919634577	4.51461503276396e-161	5.99759394767324e-160	357.953894666306	CCNYL1
ENSG00000050130	1.35730147783251	4.97690985221675	45.1879198250857	4.73323399976325e-161	6.28375399615309e-160	357.906581272089	JKAMP
ENSG00000138686	1.67049556650246	3.08822167487685	45.1801273026021	5.01968154791173e-161	6.65048249554516e-160	357.847792858182	BBS7
ENSG00000102595	2.02145369458128	3.3039736453202	45.1169858458812	8.08265414349924e-161	1.06795961644531e-159	357.3711903751	UGGT2
ENSG00000164022	1.43631133004926	4.98183251231527	45.1154813367178	8.17496216592077e-161	1.07942642328665e-159	357.359828648372	AIMP1
ENSG00000062716	1.96526798029557	6.0458487684729	45.1018202644383	9.062990671348e-161	1.1950672314405e-159	357.256651612116	VMP1
ENSG00000102781	2.33652857142857	1.94843275862069	45.081221880087	1.05880832495428e-160	1.39522807055e-159	357.101040156539	KATNAL1
ENSG00000157036	2.44453103448276	2.03586502463054	45.0659746317316	1.18803453349814e-160	1.56340544468826e-159	356.985823535462	EXOG
ENSG00000151388	4.02641477832512	1.29352660098522	45.0356920515369	1.4934504673295e-160	1.96267713736067e-159	356.756914497043	ADAMTS12
ENSG00000118496	2.09235763546798	1.69556551724138	45.0138441691937	1.76158933057568e-160	2.31195290114909e-159	356.591700419001	FBXO30
ENSG00000139644	1.05020049261084	7.99190073891626	45.0119424462341	1.78709653811337e-160	2.34385507032292e-159	356.577317026602	TMBIM6
ENSG00000164961	1.14305911330049	4.40762118226601	44.9997329862205	1.95990833466632e-160	2.56878126599927e-159	356.484962982101	WASHC5
ENSG00000115170	1.78137487684729	4.28551995073891	44.9814460030246	2.25056511946805e-160	2.94775761157135e-159	356.346606467674	ACVR1
ENSG00000173614	1.77878669950739	2.34136527093596	44.9616536870175	2.61402254367769e-160	3.42151564290352e-159	356.196818598856	NMNAT1
ENSG00000213614	1.70180689655173	5.99984433497537	44.9599099209726	2.64873500326255e-160	3.46231300560246e-159	356.183619705727	HEXA
ENSG00000155906	1.7128275862069	3.6410039408867	44.9584937552406	2.67726563514352e-160	3.49726771670953e-159	356.172900230097	RMND1
ENSG00000171408	3.77338078817734	0.500995320197044	44.9253458826982	3.44056612504371e-160	4.48835401973325e-159	355.921927630522	PDE7B
ENSG00000116962	3.98062807881773	5.34137364532019	44.9211014213893	3.55289952691538e-160	4.62563374783347e-159	355.889782624512	NID1
ENSG00000180964	1.59982512315271	5.52713620689655	44.9018391212609	4.11070011411033e-160	5.34828905658749e-159	355.743876103287	TCEAL8
ENSG00000144935	2.22577733990148	2.01042118226601	44.8956408914277	4.3082302359784e-160	5.59783479198736e-159	355.696917394753	TRPC1
ENSG00000105825	8.10343645320197	1.50564137931034	44.8529975932725	5.95091333022952e-160	7.71172070950566e-159	355.373728515809	TFPI2
ENSG00000067798	3.4103197044335	2.41654064039409	44.8443002713363	6.3563277781948e-160	8.2207384143933e-159	355.307787390024	NAV3
ENSG00000120805	1.80952857142857	5.09915738916256	44.7951526845544	9.22611599325837e-160	1.19165075175317e-158	354.935001758132	ARL1
ENSG00000154114	1.86260049261084	2.62408399014778	44.7855713320153	9.92151709289651e-160	1.28062276769738e-158	354.862295334458	TBCEL
ENSG00000137691	2.37442857142857	1.62686502463054	44.7847264332693	9.98530275402968e-160	1.28800519088613e-158	354.855883472193	CFAP300
ENSG00000164211	3.77778226600985	2.42902216748769	44.7818797832348	1.02032504365207e-159	1.31525013212723e-158	354.834279904459	STARD4
ENSG00000187231	2.53298965517241	3.81531403940887	44.7737732612018	1.08503777420011e-159	1.39774608987598e-158	354.772753544577	SESTD1
ENSG00000122642	1.65787093596059	6.52603891625615	44.747560113805	1.32380486613898e-159	1.69972369869171e-158	354.573752071922	FKBP9
ENSG00000136231	10.0335467980296	-0.987307389162564	44.7263570168407	1.55495627928626e-159	1.99389472505329e-158	354.412728651951	IGF2BP3
ENSG00000184014	1.79579211822661	4.97781330049261	44.6862646830537	2.10833247049607e-159	2.69993664078861e-158	354.108115668699	DENND5A
ENSG00000181904	1.67315714285715	3.97340024630542	44.6850052308871	2.12859936500332e-159	2.7241053563127e-158	354.098543686733	C5orf24
ENSG00000167617	2.3788684729064	4.27926133004926	44.6620143982093	2.53485099512028e-159	3.23976835491436e-158	353.923779285564	CDC42EP5
ENSG00000166963	3.6095157635468	2.3256618226601	44.5952936987793	4.20963371792133e-159	5.35228771084051e-158	353.416265618228	MAP1A
ENSG00000164112	9.75431822660097	-2.58147438423645	44.5831652484075	4.61649330371249e-159	5.86576801958059e-158	353.323956125358	SMIM43
ENSG00000044459	2.13276256157636	1.26279310344828	44.5584287062582	5.57256146826797e-159	7.07595816847906e-158	353.135635117521	CNTLN
ENSG00000116406	1.70354039408867	3.24402093596059	44.5100918279055	8.05141055350062e-159	1.01970618947835e-157	352.767443627396	EDEM3
ENSG00000148908	1.98412610837438	5.00056403940887	44.5065711824287	8.27021530217866e-159	1.04673929685994e-157	352.740615863714	RGS10
ENSG00000122691	3.03973349753694	5.05407512315271	44.4995282637934	8.72596984780186e-159	1.10370810851614e-157	352.686943727935	TWIST1
ENSG00000188636	2.36659064039409	2.44141600985222	44.4820539044602	9.96842840894055e-159	1.25841749333021e-157	352.553752246385	RTL6
ENSG00000123562	1.90506699507389	7.6545527093596	44.4488732398239	1.28364321659935e-158	1.61942903413715e-157	352.300750533068	MORF4L2
ENSG00000114354	1.01062660098523	6.26499507389163	44.4470443905637	1.3016637758309e-158	1.64110409724435e-157	352.286801982531	TFG
ENSG00000166352	2.23261674876847	3.34804778325123	44.3966701367916	1.91130307675336e-158	2.40042960963459e-157	351.902450991189	IFTAP
ENSG00000110811	2.14808226600985	4.34241748768474	44.3805434641093	2.161546539682e-158	2.7129699729265e-157	351.779345216624	P3H3
ENSG00000135002	2.24509507389163	2.64875344827586	44.3683252205743	2.37278129703318e-158	2.97618049464842e-157	351.68605550039	RFK
ENSG00000138069	1.20366600985222	6.88801625615763	44.3585980672946	2.555643180716e-158	3.2034880716839e-157	351.611773861734	RAB1A
ENSG00000167377	2.12202019704433	2.93721206896551	44.3167385919421	3.51806991158073e-158	4.40705911616094e-157	351.29199057796	ZNF23
ENSG00000101680	4.22863645320197	1.28893546798029	44.3149209255303	3.5672514280653e-158	4.4658057275626e-157	351.278100108538	LAMA1
ENSG00000163933	1.73095517241379	3.91804852216749	44.2965248973076	4.10547152442208e-158	5.12973942009311e-157	351.137497958631	RFT1
ENSG00000101974	1.60139802955665	2.88893399014778	44.2706115339134	5.00448685663686e-158	6.23709707604575e-157	350.939375137287	ATP11C
ENSG00000136940	1.47145862068966	3.12553177339902	44.2665703629502	5.16147258259124e-158	6.42864864302091e-157	350.908471151396	PDCL
ENSG00000174740	3.64919113300493	-0.676799014778325	44.2642397807805	5.25424130390158e-158	6.54002443062705e-157	350.890647682515	PABPC5
ENSG00000021826	2.89764236453202	1.7498472906404	44.2389479432532	6.37505137076632e-158	7.93006071849239e-157	350.697184982996	CPS1
ENSG00000105829	1.91384975369458	3.99405837438424	44.2322829231186	6.7083861440152e-158	8.33939453093797e-157	350.646190717053	BET1
ENSG00000109436	2.74955812807882	2.18028645320197	44.2271367889496	6.97765883356331e-158	8.66862103785723e-157	350.606814040239	TBC1D9
ENSG00000081052	4.85886256157636	-0.534685467980295	44.201601328714	8.4827966549808e-158	1.05318178037887e-156	350.411379840344	COL4A4
ENSG00000157350	1.99859556650246	2.67280123152709	44.200664500462	8.54381487629664e-158	1.06008400198469e-156	350.404208469181	ST3GAL2
ENSG00000086598	1.45053004926108	6.65786256157635	44.1869013623292	9.49264430750023e-158	1.17706380112417e-156	350.29884086966	TMED2
ENSG00000168297	1.91885418719212	4.38774039408867	44.1810977531977	9.92374499164369e-158	1.2297389006132e-156	350.25440324257	PXK
ENSG00000136205	2.75464285714285	4.54025492610837	44.1718387831559	1.06524956504745e-157	1.31920830165762e-156	350.183500350406	TNS3
ENSG00000147650	2.87478965517241	2.98593472906404	44.1624318711875	1.14478308204213e-157	1.41680500248685e-156	350.111454572019	LRP12
ENSG00000111052	3.61057586206897	0.506568719211822	44.1402213980696	1.35698740968588e-157	1.67837012405579e-156	349.941308777031	LIN7A
ENSG00000181690	2.83041477832512	0.779054679802956	44.1239108847333	1.53753783011809e-157	1.89927713502957e-156	349.816324536271	PLAG1
ENSG00000107984	7.15676600985222	5.73248004926108	44.0769192217286	2.20392573890768e-157	2.71558113428334e-156	349.456067399901	DKK1
ENSG00000101132	2.90579950738916	4.50096280788177	44.0746393088154	2.24277882979458e-157	2.7617129106393e-156	349.438582267196	PFDN4
ENSG00000164430	2.83858866995074	-0.068681527093596	44.073383590934	2.26447043918328e-157	2.78666758957932e-156	349.42895164921	CGAS
ENSG00000198898	2.06785172413793	5.54041206896552	44.0704157761159	2.31657645599018e-157	2.84899541239522e-156	349.406189540221	CAPZA2
ENSG00000244115	2.92135615763547	2.49616034482759	44.0625873502979	2.45985715534367e-157	3.02330368111485e-156	349.346143418635	DNAJC25-GNG10
ENSG00000026025	2.7085763546798	10.7455216748768	44.0597537717879	2.513879710513e-157	3.08775847283752e-156	349.324407391924	VIM
ENSG00000103152	1.3476906403941	5.73422512315271	44.0443971091084	2.82802019652963e-157	3.47143031913204e-156	349.206592435921	MPG
ENSG00000023909	3.1464724137931	2.69791206896552	43.9980708570472	4.03478568603931e-157	4.94033721031204e-156	348.851018665359	GCLM
ENSG00000082397	2.35885418719212	4.05254630541872	43.9776241846646	4.72033906937693e-157	5.76890969942238e-156	348.694003869438	EPB41L3
ENSG00000253797	1.72627783251232	2.3956960591133	43.9646469697375	5.21482201402087e-157	6.36925323737474e-156	348.594324045238	UTP14C
ENSG00000162630	6.2744566502463	-0.583429802955665	43.9535687090128	5.67781478627662e-157	6.93040952863321e-156	348.509215149806	B3GALT2
ENSG00000107175	1.3165512315271	4.78293620689655	43.9531954426475	5.69411228128131e-157	6.94596393263417e-156	348.506347281698	CREB3
ENSG00000154059	2.11893596059114	3.65067586206897	43.9432991034751	6.14372573954303e-157	7.48974974436369e-156	348.430306246453	IMPACT
ENSG00000071242	2.71676256157635	4.67619753694581	43.9306009867208	6.77312456945778e-157	8.25189528281446e-156	348.332720663027	RPS6KA2
ENSG00000152778	2.64785369458128	2.30108940886699	43.8856387637277	9.56828650927921e-157	1.16428054149648e-155	347.987035952528	IFIT5
ENSG00000149054	3.78252068965518	-0.204295320197044	43.8502982661781	1.25556879722632e-156	1.52684041290583e-155	347.715164147993	ZNF215
ENSG00000154511	2.0723275862069	2.8770775862069	43.8200546203189	1.58444425847546e-156	1.92557274248304e-155	347.482388633116	DIPK1A
ENSG00000112837	3.33242019704433	3.07353620689655	43.8138234815161	1.66226121771978e-156	2.01638167080571e-155	347.434416582136	TBX18
ENSG00000150456	1.66790837438423	3.05318128078818	43.7996200538307	1.85425475864956e-156	2.24648769333724e-155	347.325051174555	EEF1AKMT1
ENSG00000033170	2.64942758620689	3.63024975369458	43.7846657858415	2.08046192154484e-156	2.51898307749872e-155	347.209879395441	FUT8
ENSG00000155511	6.0685472906404	0.380320935960591	43.7736449555197	2.26468715897443e-156	2.73864582058653e-155	347.124984990598	GRIA1
ENSG00000064726	1.83546995073892	4.66049852216749	43.7497308776663	2.72261549788454e-156	3.29037427703523e-155	346.940724954771	BTBD1
ENSG00000088832	1.58278620689655	7.71853793103448	43.7002555968927	3.98603632666307e-156	4.8113108026961e-155	346.559305641229	FKBP1A
ENSG00000239713	2.6899275862069	1.65752192118227	43.6896430352506	4.32582555921284e-156	5.21500820963216e-155	346.47745377261	APOBEC3G
ENSG00000139921	1.87939704433497	3.92292709359606	43.6490208977532	5.9171385398777e-156	7.12462854875478e-155	346.164026665848	TMX1
ENSG00000145782	1.5293842364532	4.9920802955665	43.6311833509039	6.79008557448164e-156	8.17068056013055e-155	346.02633817466	ATG12
ENSG00000181027	1.65874679802956	3.44874384236453	43.6037462814205	8.39135718682714e-156	1.00913170550754e-154	345.814479418755	FKRP
ENSG00000196230	2.25670837438423	8.02292807881773	43.5806458598443	1.00296015123094e-155	1.20540266146095e-154	345.636039597916	TUBB
ENSG00000135446	1.43516551724138	6.37830197044336	43.5781959873343	1.02211369791118e-155	1.22766723322558e-154	345.617111897343	CDK4
ENSG00000251493	4.35438374384237	1.7769539408867	43.5196174510259	1.60704682339573e-155	1.92432040580878e-154	345.1643290415	FOXD1
ENSG00000093144	1.54743645320197	4.95670689655172	43.4853169784449	2.09500468601263e-155	2.50401110544702e-154	344.899020338042	ECHDC1
ENSG00000120370	1.94680197044335	2.92574285714286	43.4754526222735	2.26106638851934e-155	2.70084103694651e-154	344.822696048473	GORAB
ENSG00000038382	1.80157339901478	5.14813743842365	43.462836060935	2.49282429418882e-155	2.97585658870115e-154	344.725060574837	TRIO
ENSG00000168917	2.14304236453202	2.26151428571429	43.4490874171532	2.77256455541297e-155	3.30576305929715e-154	344.618643418565	SLC35G2
ENSG00000155097	1.68752709359605	4.11788275862069	43.439793662206	2.97927330057466e-155	3.55005846584329e-154	344.54669563306	ATP6V1C1
ENSG00000153989	1.79437142857143	3.67281379310345	43.4369481299902	3.04559887341845e-155	3.62246458821323e-154	344.52466490091	NUS1
ENSG00000075975	1.45009753694581	4.24213842364532	43.4183785911941	3.5162943127214e-155	4.17722938961712e-154	344.380872573271	MKRN2
ENSG00000142408	5.57804433497536	-2.24940837438424	43.4081360166699	3.80643167508262e-155	4.51641091648237e-154	344.301542693824	CACNG8
ENSG00000117862	1.348478817734	4.75455467980295	43.3917531117402	4.32119545607412e-155	5.11786676379397e-154	344.174630141194	TXNDC12
ENSG00000113805	4.71804187192118	1.24022142857143	43.3866032556507	4.49699653621882e-155	5.32285319871521e-154	344.134729643114	CNTN3
ENSG00000170396	7.7844039408867	-3.2912054187192	43.3679252760785	5.1969260649993e-155	6.14016500376157e-154	343.98998913468	ZNF804A
ENSG00000162909	2.2732275862069	6.39076945812808	43.3624600615322	5.42165974981139e-155	6.4018172103211e-154	343.947630163364	CAPN2
ENSG00000106868	2.30037536945813	1.74944679802956	43.3139981138036	7.89278190607205e-155	9.29721181485594e-154	343.571867799886	SUSD1
ENSG00000169756	1.79365566502463	4.16186133004926	43.2497022502786	1.29956493636797e-154	1.5289643580074e-153	343.072914666952	LIMS1
ENSG00000197415	4.32537339901478	1.55397389162562	43.2353061648681	1.45317090214848e-154	1.70865618350094e-153	342.961131765451	VEPH1
ENSG00000117174	1.38897536945813	3.87569507389162	43.2341019491288	1.46681619607773e-154	1.72366338567354e-153	342.951780170883	ZNHIT6
ENSG00000253953	2.53255615763547	1.40500073891626	43.2327666469147	1.48209701711516e-154	1.74057331180676e-153	342.94141040036	PCDHGB4
ENSG00000131236	1.39448571428572	7.26011477832512	43.1156122619259	3.68230370381305e-154	4.2935309653887e-153	342.03080320483	CAP1
ENSG00000113272	1.56263743842365	3.26897142857143	43.1101783219829	3.8412161957817e-154	4.47348312860346e-153	341.988528218174	THG1L
ENSG00000111358	1.97406995073892	3.85540344827586	43.1008371282038	4.13062000817787e-154	4.80193790599714e-153	341.915847572088	GTF2H3
ENSG00000154813	2.24269852216749	3.15223448275862	43.0966649410081	4.26684343657771e-154	4.95735163124861e-153	341.883381940312	DPH3
ENSG00000241127	1.79116748768473	3.73298768472907	43.0655515929895	5.43524160456338e-154	6.30733322068751e-153	341.641211646503	YAE1
ENSG00000163755	1.56419556650246	3.22287463054187	43.039764206337	6.64316153308452e-154	7.70449036673814e-153	341.440410880105	HPS3
ENSG00000205133	2.27077044334975	2.714160591133	43.0325181994562	7.02863203581638e-154	8.1418806902148e-153	341.383973928565	TRIQK
ENSG00000183098	4.66085073891626	1.18896724137931	42.9976087027259	9.22408971760368e-154	1.06724192576324e-152	341.111989111406	GPC6
ENSG00000105464	3.06095320197045	0.114747044334975	42.9968837085255	9.27632306423107e-154	1.0726503273444e-152	341.10633908095	GRIN2D
ENSG00000123384	2.34236502463054	6.88063669950739	42.9886446016795	9.89115742173083e-154	1.143069179985e-152	341.042125724911	LRP1
ENSG00000164466	2.14589704433498	3.7713657635468	42.9691893662021	1.15099602745655e-153	1.32857438680189e-152	340.890465655226	SFXN1
ENSG00000040199	1.99988078817734	1.33787881773399	42.9435795541034	1.40524983440645e-153	1.62109753624385e-152	340.690761622959	PHLPP2
ENSG00000206562	1.62640098522168	3.18159359605911	42.9397496949136	1.44783487019244e-153	1.66923829105019e-152	340.660890027599	METTL6
ENSG00000102359	4.00907487684729	2.93951330049261	42.9396017131295	1.44950600867923e-153	1.67017962391566e-152	340.65973578598	SRPX2
ENSG00000143147	2.45194679802956	1.75169556650246	42.9355160021631	1.49641656206301e-153	1.72321581943638e-152	340.627866686077	GPR161
ENSG00000120509	1.15829852216749	5.1610236453202	42.9285050946539	1.58048517327314e-153	1.81788353479128e-152	340.57317613885	PDZD11
ENSG00000066455	1.22527487684729	4.84954088669951	42.885976581307	2.20210920071729e-153	2.52693000589649e-152	340.24129819005	GOLGA5
ENSG00000142875	2.23755763546798	2.1514118226601	42.8173550673247	3.76234854288665e-153	4.29461537529736e-152	339.705356102358	PRKACB
ENSG00000113739	5.826960591133	4.29936551724138	42.8049355823554	4.14557924834098e-153	4.72654082094979e-152	339.608299928643	STC2
ENSG00000102218	2.27579507389163	2.09945665024631	42.789328410213	4.68311586248518e-153	5.33629447141023e-152	339.486307065776	RP2
ENSG00000148484	1.53273546798029	5.59462881773399	42.7158176763162	8.31948433677369e-153	9.45778725475459e-152	338.911331813488	RSU1
ENSG00000168542	4.61428719211823	7.68316477832512	42.7097134809834	8.7263333898152e-153	9.91453529673074e-152	338.863558622892	COL3A1
ENSG00000139233	1.76583300492611	4.30660911330049	42.7046834134087	9.07653098668701e-153	1.03064246683229e-151	338.824188601525	LLPH
ENSG00000106692	1.87718325123153	2.72134137931034	42.703483871172	9.16210270536137e-153	1.03975500039589e-151	338.814799424641	FKTN
ENSG00000108821	4.89162167487684	8.51373251231527	42.7006090196814	9.37049039086299e-153	1.06278655379132e-151	338.792296417014	COL1A1
ENSG00000226479	1.81704876847291	3.52321157635468	42.6907533846459	1.01216080276856e-152	1.14731127654891e-151	338.715143751559	TMEM185B
ENSG00000104388	1.32105911330049	6.40047832512315	42.6611667722705	1.27587328105051e-152	1.44372412613139e-151	338.483463444241	RAB2A
ENSG00000169047	2.57503448275862	3.38251921182266	42.6499523737306	1.39294588014719e-152	1.57528636515257e-151	338.395621525748	IRS1
ENSG00000147419	1.6053275862069	4.20472931034482	42.6223461064847	1.72908799149647e-152	1.9531697994118e-151	338.179320257342	CCDC25
ENSG00000076043	1.40387881773399	6.6564275862069	42.6040778973523	1.99509901386835e-152	2.2497533138497e-151	338.036135853162	REXO2
ENSG00000107863	2.02689359605911	4.50788669950739	42.5810994697746	2.38868934520191e-152	2.69047649475134e-151	337.855977895097	ARHGAP21
ENSG00000136986	1.30774827586207	4.94704064039409	42.5743046287336	2.51934431521181e-152	2.83600383685883e-151	337.80269243262	DERL1
ENSG00000144747	2.09725270935961	3.64338497536946	42.5470803839111	3.11871109016529e-152	3.50868463580945e-151	337.589144528744	TMF1
ENSG00000150457	2.24661231527094	3.40839384236453	42.5135431504709	4.05702377015702e-152	4.5590775455094e-151	337.325958254358	LATS2
ENSG00000151665	1.40908128078818	4.14328103448276	42.5044952910107	4.35547534786655e-152	4.88883970407858e-151	337.254931889672	PIGF
ENSG00000180370	1.48060738916256	4.12955935960591	42.4844288186459	5.09825038637616e-152	5.71928869406216e-151	337.097374438545	PAK2
ENSG00000149260	2.82001921182266	2.3324460591133	42.4771414022361	5.3983543413978e-152	6.05247507398714e-151	337.040143617071	CAPN5
ENSG00000175029	1.76571921182266	4.49072413793103	42.4701436593936	5.70317573246573e-152	6.38690316125188e-151	336.985181863583	CTBP2
ENSG00000181619	2.25010541871921	0.181972906403941	42.4332899932254	7.6171445628595e-152	8.50109874628215e-151	336.695630808953	GPR135
ENSG00000104626	1.96407142857143	2.15052536945813	42.4233175032448	8.23780362149316e-152	9.17805920018354e-151	336.617251843053	ERI1
ENSG00000144642	2.69001428571428	2.31451551724138	42.4050660344016	9.50792811416958e-152	1.05810894764864e-150	336.473773932667	RBMS3
ENSG00000214413	1.63016945812808	3.81561477832512	42.4013898763256	9.78658281912331e-152	1.08849972368416e-150	336.444870306514	BBIP1
ENSG00000178996	2.79370640394089	3.76807733990148	42.365914835704	1.29338485200986e-151	1.43528261090157e-150	336.165868053009	SNX18
ENSG00000162604	1.40182610837438	5.06154014778325	42.3429722270486	1.54909519277089e-151	1.71807141073375e-150	335.985351686168	TM2D1
ENSG00000116641	1.49487339901478	3.61819137931034	42.3414639960612	1.56758009064577e-151	1.73758650773679e-150	335.973482505416	DOCK7
ENSG00000115935	2.3208	3.79301330049261	42.3258647875301	1.77222315458035e-151	1.96219744401186e-150	335.850707265105	WIPF1
ENSG00000104164	1.64831428571428	4.04583004926109	42.3149900704086	1.93052304416495e-151	2.13625602089873e-150	335.765099759481	BLOC1S6
ENSG00000020181	3.30072068965517	4.25949334975369	42.3060539848334	2.0711530045843e-151	2.28928009137932e-150	335.694743088217	ADGRA2
ENSG00000151292	1.74389901477833	3.51769630541872	42.2993244715288	2.18379345093197e-151	2.41241897219404e-150	335.641753285666	CSNK1G3
ENSG00000181852	1.59073743842364	4.46229876847291	42.2865458488115	2.41485601065862e-151	2.66465929758841e-150	335.541116720391	RNF41
ENSG00000166033	2.25090049261083	7.54591921182266	42.2261982756759	3.88402994183545e-151	4.2809764874985e-150	335.065597405097	HTRA1
ENSG00000170456	2.34188374384237	0.659597044334975	42.2231882299997	3.97724100800423e-151	4.38124260306757e-150	335.041868024348	DENND5B
ENSG00000170348	1.36004827586207	6.9180157635468	42.2099156492668	4.41572082778139e-151	4.86152205163403e-150	334.937222327241	TMED10
ENSG00000141367	1.05647241379311	6.56927906403941	42.2028308179122	4.66928162016565e-151	5.13489597193456e-150	334.88135455166	CLTC
ENSG00000137312	1.68510935960591	6.26945024630542	42.1851299430309	5.3683898174539e-151	5.8970811586669e-150	334.741747682362	FLOT1
ENSG00000179295	1.55303349753695	4.94448620689655	42.1842727645804	5.40478918386634e-151	5.93372978826495e-150	334.734986177854	PTPN11
ENSG00000124785	2.54736896551724	4.57987266009852	42.1259695284466	8.56010197451678e-151	9.37676641177169e-150	334.274881992253	NRN1
ENSG00000170677	1.70808522167488	2.9084948275862	42.1256996799573	8.57834731816596e-151	9.39148813958538e-150	334.27275153407	SOCS6
ENSG00000145623	2.47223004926108	4.97540763546798	42.1135345416354	9.44264489841928e-151	1.03319242219994e-149	334.176698672184	OSMR
ENSG00000100625	6.08833201970443	-1.09023004926108	42.1028209886147	1.02757929230853e-150	1.12372437214848e-149	334.092092741645	SIX4
ENSG00000168679	3.23690689655172	0.818281527093595	42.08652907523	1.16860728962948e-150	1.27580579072286e-149	333.963408088913	SLC16A4
ENSG00000253293	1.77115320197044	3.50257413793103	42.0826716464684	1.20474441250321e-150	1.31452346784688e-149	333.932934909328	HOXA10
ENSG00000169223	1.29607980295567	6.63841527093595	42.0734362719279	1.29587826148449e-150	1.41317259966127e-149	333.859969548693	LMAN2
ENSG00000164023	2.4127566502463	2.90527339901478	42.0676590796151	1.35636679877477e-150	1.47831120923907e-149	333.814320932149	SGMS2
ENSG00000138674	1.17423497536946	6.98480517241379	42.0638542999381	1.39774071297917e-150	1.52255568634554e-149	333.784255232659	SEC31A
ENSG00000075188	1.69914236453202	4.15710960591133	42.0475563065887	1.58976565789216e-150	1.72979958165527e-149	333.65544778281	NUP37
ENSG00000167004	1.85631822660098	7.86944926108374	42.037760744718	1.7176751910984e-150	1.86793592567863e-149	333.578015755965	PDIA3
ENSG00000144867	1.63841871921183	4.95109901477832	42.0362775812325	1.7379213037503e-150	1.88785203545794e-149	333.566290649514	SRPRB
ENSG00000165572	2.36999359605911	1.54070024630542	42.0306034092402	1.81760910664309e-150	1.97331762011219e-149	333.521431253265	KBTBD6
ENSG00000123213	1.92368866995074	3.11416798029557	42.0127081266131	2.09371335389098e-150	2.26929264346852e-149	333.379928218127	NLN
ENSG00000154589	3.36853054187192	2.73215886699507	41.999844384371	2.31779903798958e-150	2.51077764968916e-149	333.278187675425	LY96
ENSG00000126778	6.95008522167487	-0.273268226600985	41.9720964340055	2.88640661905135e-150	3.12499491132972e-149	333.058660119976	SIX1
ENSG00000076067	1.59354975369458	3.27929802955665	41.9575444016279	3.23848909066424e-150	3.5003624894779e-149	332.943495612219	RBMS2
ENSG00000164985	1.51781477832513	4.59694532019705	41.9230160189975	4.25586312841031e-150	4.59492139532566e-149	332.670138701589	PSIP1
ENSG00000133138	3.54867389162562	1.08128866995074	41.906012139301	4.86898223271362e-150	5.24818812971261e-149	332.535469405071	TBC1D8B
ENSG00000124875	10.8160128078818	-1.76191625615763	41.9009090460419	5.06970709453201e-150	5.46153340911491e-149	332.495046678243	CXCL6
ENSG00000213463	1.64759162561576	2.67426379310345	41.8811477279105	5.92837673861226e-150	6.38304893806947e-149	332.338483917579	SYNJ2BP
ENSG00000136758	1.24122955665024	5.48274581280788	41.8709961222022	6.42468333919282e-150	6.91361023207633e-149	332.258037984137	YME1L1
ENSG00000135338	2.70075615763547	0.438060344827586	41.8698449851752	6.48352720158035e-150	6.97309238157861e-149	332.248915083358	LCA5
ENSG00000138246	1.42264778325123	3.87327068965518	41.8588369500265	7.07423568600586e-150	7.60003924001795e-149	332.161667163435	DNAJC13
ENSG00000198892	2.22216453201971	4.04191625615763	41.8157746703144	9.95120130557145e-150	1.06790980732277e-148	331.820224909319	SHISA4
ENSG00000132313	1.63154532019705	4.0586027093596	41.7816698618492	1.30410439242595e-149	1.39642783763222e-148	331.549651218462	MRPL35
ENSG00000177469	1.59769655172414	7.59134482758621	41.7747458393906	1.37772292904766e-149	1.47364321179253e-148	331.494702042871	CAVIN1
ENSG00000025796	1.35862463054187	5.57653399014779	41.7565409336228	1.59176777384598e-149	1.70072858592117e-148	331.350200506244	SEC63
ENSG00000109083	1.3733645320197	5.10338472906405	41.7560667689242	1.59776712998004e-149	1.70620575158852e-148	331.346436297571	IFT20
ENSG00000256646	1.91149261083744	2.92494088669951	41.7517460320959	1.65348963442273e-149	1.76474573653135e-148	331.312134426984	
ENSG00000116157	2.67717931034483	3.05257832512315	41.7496587597525	1.68110155201219e-149	1.79323616426977e-148	331.295563002425	GPX7
ENSG00000196345	2.80428669950739	0.273437438423646	41.7462363583951	1.7273788111751e-149	1.84159502062105e-148	331.268390508901	ZKSCAN7
ENSG00000132274	3.14820246305419	5.19181206896552	41.7443484845552	1.75345038812433e-149	1.86837118237326e-148	331.253400955048	TRIM22
ENSG00000164182	1.87171182266009	4.9871248768473	41.7414670901721	1.79400458712707e-149	1.91054156085216e-148	331.230522121608	NDUFAF2
ENSG00000143067	2.57634876847291	1.2237354679803	41.7115005870326	2.27573396372126e-149	2.42092504730762e-148	330.992523996162	ZNF697
ENSG00000093183	1.22725911330049	4.46056650246306	41.7021847679305	2.45043713333124e-149	2.6053559553623e-148	330.918514809957	SEC22C
ENSG00000183137	2.03984137931034	2.56886354679803	41.6885030273712	2.73166814775126e-149	2.90120972518234e-148	330.80980209229	CEP57L1
ENSG00000069431	3.41299064039409	2.20108300492611	41.6473664639365	3.78751139573039e-149	4.01385833488955e-148	330.482804612357	ABCC9
ENSG00000167645	1.67892167487685	5.38095049261084	41.643207607949	3.91477971742257e-149	4.14648375273018e-148	330.449734410368	YIF1B
ENSG00000166173	2.93160935960591	4.27824113300492	41.6420377632459	3.95134501966745e-149	4.1829460657823e-148	330.440431723086	LARP6
ENSG00000120526	2.16528325123153	3.01610862068966	41.6344504844687	4.1969474318431e-149	4.44053853346388e-148	330.380093212109	NUDCD1
ENSG00000163902	1.48046108374384	6.4450763546798	41.5982796699107	5.59529412946059e-149	5.91044529069832e-148	330.092347778297	RPN1
ENSG00000033867	2.44861773399015	2.76773940886699	41.5472838552262	8.39486696765436e-149	8.85812582515667e-148	329.686403188207	SLC4A7
ENSG00000151881	2.44633842364532	3.14665098522168	41.542175597569	8.74319677824524e-149	9.22069894443975e-148	329.645722662405	TMEM267
ENSG00000107566	1.91447438423646	4.58851256157635	41.5332521070246	9.38678925802922e-149	9.89410116938549e-148	329.574651415214	ERLIN1
ENSG00000266338	1.86143793103448	4.36512142857143	41.5021893769397	1.20206233133528e-148	1.26566282752985e-147	329.327178207445	NBPF15
ENSG00000129636	1.12911724137931	5.04553645320197	41.4976211861963	1.24660034972808e-148	1.31114445825544e-147	329.290774292669	ITFG1
ENSG00000169379	1.81219950738916	2.18567807881773	41.493059563359	1.29272413113594e-148	1.35892495807739e-147	329.254420244615	ARL13B
ENSG00000115652	1.7139275862069	4.63330812807882	41.4781923772916	1.45525382786402e-148	1.52895539269455e-147	329.135918416571	UXS1
ENSG00000173597	6.83487044334975	-1.33703916256158	41.4745586518769	1.49799830092612e-148	1.57301895737229e-147	329.106951101326	SULT1B1
ENSG00000157538	1.34554778325123	4.66142512315271	41.4613930897136	1.66367858830415e-148	1.74512114721631e-147	329.001984796587	VPS26C
ENSG00000117519	2.06238226600985	6.40575467980296	41.4450113080247	1.89569909425044e-148	1.98743303110741e-147	328.871347481405	CNN3
ENSG00000217555	1.91091231527093	4.41847389162562	41.4136538659119	2.43411504588213e-148	2.54916807216659e-147	328.621197069935	CKLF
ENSG00000168283	2.01772413793104	4.27077093596059	41.4071939443699	2.56279674498256e-148	2.67962407653553e-147	328.569649261871	BMI1
ENSG00000154277	3.95656551724138	4.07832315270936	41.382916649247	3.11038763998292e-148	3.24696555878987e-147	328.375880966222	UCHL1
ENSG00000154175	3.76499359605911	5.48894507389163	41.3557859969668	3.8622048370553e-148	4.02749236530068e-147	328.159255753203	ABI3BP
ENSG00000158470	2.13765024630542	3.45777733990148	41.3534007395765	3.93643591316342e-148	4.10271096613544e-147	328.140206431273	B4GALT5
ENSG00000130021	1.99701773399015	2.5815763546798	41.3465778706528	4.15675595715483e-148	4.33002798052877e-147	328.085713383984	PUDP
ENSG00000145147	3.77916650246306	2.36125172413793	41.3414119950612	4.33175148170907e-148	4.50991408926791e-147	328.044450763822	SLIT2
ENSG00000198954	1.32840689655172	3.79510738916256	41.3358393341779	4.52881228678934e-148	4.71256920705204e-147	327.999935369816	KIFBP
ENSG00000132341	1.65905960591133	8.48263275862069	41.3282659772349	4.81109821634323e-148	5.00098305020103e-147	327.939432138538	RAN
ENSG00000170791	1.57169852216749	4.88447487684729	41.2905470280061	6.50242294200335e-148	6.73398776537518e-147	327.637995327237	CHCHD7
ENSG00000120533	1.59644482758621	6.06421945812809	41.2751718780439	7.35234945099621e-148	7.61014899212754e-147	327.515073826988	ENY2
ENSG00000140044	2.2047157635468	5.52143571428572	41.2589405296152	8.37069031191942e-148	8.65960985047799e-147	327.385276616317	JDP2
ENSG00000101350	1.58590886699508	3.31733226600985	41.234054426509	1.0213190290148e-147	1.05545301242767e-146	327.18620896321	KIF3B
ENSG00000185716	1.88331133004926	3.49742463054187	41.2312994757987	1.04406633489565e-147	1.07839029157139e-146	327.164167162787	MOSMO
ENSG00000185201	2.78364187192118	8.57077906403941	41.226897677241	1.0814695992585e-147	1.11525482367861e-146	327.128947389787	IFITM2
ENSG00000164692	4.67807536945813	8.92734950738917	41.1976780371462	1.36619091410493e-147	1.40590325663183e-146	326.895095955582	COL1A2
ENSG00000100926	1.36287586206896	5.10648325123152	41.1869533947154	1.48859133287356e-147	1.53024996459837e-146	326.809238654212	TM9SF1
ENSG00000100804	1.01811280788178	6.67425443349754	41.1745489789233	1.64393096771263e-147	1.68904831603786e-146	326.709916630177	PSMB5
ENSG00000184995	8.74830098522166	-3.65923226600984	41.1666323559981	1.75145810482278e-147	1.79858088725416e-146	326.646518718424	IFNE
ENSG00000129493	1.81974433497537	2.63982536945813	41.1546690580547	1.92746854107598e-147	1.97724883095574e-146	326.550700027641	HEATR5A
ENSG00000174938	3.32455566502463	2.32619704433497	41.1513387857774	1.9795456034442e-147	2.02960546602867e-146	326.52402354684	SEZ6L2
ENSG00000164934	1.88031477832512	4.52511699507389	41.1495176767306	2.0086169554817e-147	2.05833206838088e-146	326.509435356784	DCAF13
ENSG00000119616	1.72521428571428	4.66789827586207	41.1389026357905	2.18678861711745e-147	2.23973915910425e-146	326.424394550224	FCF1
ENSG00000115107	2.51407832512315	4.02318103448276	41.1276218804841	2.39352318171759e-147	2.44891256634163e-146	326.334005730189	STEAP3
ENSG00000115504	2.30902413793103	4.96352684729064	41.126802211157	2.40928646369047e-147	2.46375071027939e-146	326.32743740917	EHBP1
ENSG00000174807	3.52491428571429	6.29528571428572	41.1191500157485	2.56155912664817e-147	2.61809563038486e-146	326.266113596546	CD248
ENSG00000148468	2.31306600985222	2.60726995073892	41.1187330270176	2.57012855244717e-147	2.62548103355581e-146	326.262771696003	FAM171A1
ENSG00000177830	1.31562857142858	5.8708881773399	41.0878422189875	3.29178189626484e-147	3.35916458573407e-146	326.015143687547	CHID1
ENSG00000131459	3.29328571428571	3.72637487684729	41.0851472202322	3.36364314366888e-147	3.43070533995706e-146	325.993534535735	GFPT2
ENSG00000002586	1.32534433497537	8.48940467980295	41.0803883837349	3.49439547104407e-147	3.56034808629527e-146	325.95537491494	CD99
ENSG00000068885	2.18313743842365	3.83528300492611	41.0781021041083	3.55901149780801e-147	3.62429404326024e-146	325.93704099184	IFT80
ENSG00000152147	2.28765467980296	2.75528251231527	41.0773082256293	3.58172738896319e-147	3.6455269080791e-146	325.930674648552	GEMIN6
ENSG00000091527	1.60054581280788	6.25893842364532	41.0482325403959	4.5218329109869e-147	4.59280970615936e-146	325.697456351409	CDV3
ENSG00000175879	2.35254187192118	2.60934285714286	41.0423185110976	4.7414212650283e-147	4.81334308369782e-146	325.650007104132	HOXD8
ENSG00000177700	1.51571083743843	7.66596477832512	41.0389407864146	4.8715973248125e-147	4.94292600838452e-146	325.62290517764	POLR2L
ENSG00000134242	3.30572068965517	0.174984975369458	41.0238982553477	5.4962160217303e-147	5.57379623750148e-146	325.502191515642	PTPN22
ENSG00000137996	1.4094039408867	4.2344157635468	41.0016765735818	6.56874343521783e-147	6.65800747982505e-146	325.323816926777	RTCA
ENSG00000110917	1.62172266009853	4.9966539408867	40.9949350953623	6.93384476103702e-147	7.02442686989038e-146	325.269691056557	MLEC
ENSG00000132429	7.95649556650246	0.231879310344828	40.9886084649285	7.29495245162435e-147	7.38642283987788e-146	325.218890964704	POPDC3
ENSG00000181007	2.71296551724138	0.676170443349753	40.9865863640209	7.41429631906466e-147	7.50337538410987e-146	325.202653363784	ZFP82
ENSG00000065911	2.83874236453202	5.16566871921182	40.9713907210147	8.37600512350452e-147	8.46348976853802e-146	325.08061571808	MTHFD2
ENSG00000149380	4.40832019704434	0.818692118226601	40.9694482509443	8.50763025508024e-147	8.59204705140971e-146	325.065013565724	P4HA3
ENSG00000123342	2.95013399014778	3.84569113300493	40.9653881307798	8.78948202035025e-147	8.87211041537627e-146	325.032400735937	MMP19
ENSG00000123989	2.01084827586207	5.46433399014778	40.9570720292146	9.39632709843342e-147	9.47976376652483e-146	324.965595666866	CHPF
ENSG00000183726	1.49575714285715	6.59669285714286	40.9517132180409	9.80943537013569e-147	9.88633243956636e-146	324.922542775489	TMEM50A
ENSG00000126773	1.82146157635468	4.5353618226601	40.9474331078254	1.01524203778685e-146	1.02214631130503e-145	324.888153739451	PCNX4
ENSG00000040275	2.79176748768473	2.96706502463054	40.9296731835625	1.17087916731742e-146	1.17762844507035e-145	324.745436164943	SPDL1
ENSG00000108424	1.50698522167488	6.63951083743842	40.9241514988706	1.22397843743317e-146	1.22976794983645e-145	324.701056577525	KPNB1
ENSG00000175279	2.30015369458128	2.91811280788177	40.9177445213847	1.28862237696816e-146	1.2940523376522e-145	324.649557026642	CENPS
ENSG00000214063	1.72081034482759	6.39437955665025	40.9085333355106	1.38760000538772e-146	1.39201639144182e-145	324.575508518886	TSPAN4
ENSG00000153814	1.7085960591133	3.08952512315271	40.8874926708223	1.64321168454172e-146	1.64590685491104e-145	324.406324990678	JAZF1
ENSG00000187243	3.75178128078817	3.32610344827586	40.8817170483347	1.72128869849791e-146	1.72322867551466e-145	324.359875157222	MAGED4B
ENSG00000103449	5.18715714285714	-1.04856477832512	40.8796873283085	1.74960094411069e-146	1.75067596773227e-145	324.343550399425	SALL1
ENSG00000188725	2.22701379310345	4.50603497536946	40.8740985789992	1.82999183498814e-146	1.82924298922446e-145	324.298598310103	SMIM15
ENSG00000134330	1.5795724137931	5.2489118226601	40.8576306005262	2.08904492092975e-146	2.08712248695343e-145	324.166119356539	IAH1
ENSG00000133731	1.87631871921182	2.88659039408867	40.8293830064465	2.62185234884362e-146	2.61542820832578e-145	323.938801946939	IMPA1
ENSG00000118473	3.8230157635468	2.02517536945813	40.8254250868265	2.70667043649174e-146	2.69866090152661e-145	323.906943663668	SGIP1
ENSG00000172985	2.19002019704434	1.95205295566502	40.8170584213772	2.89512511017206e-146	2.88508592060084e-145	323.83959210259	SH3RF3
ENSG00000168140	3.1028684729064	5.89049975369458	40.8143391937345	2.95916185371946e-146	2.94739760170162e-145	323.81770054387	VASN
ENSG00000113552	1.71145615763547	4.44765615763547	40.813967953396	2.96801381706635e-146	2.95470840616966e-145	323.814711747861	GNPDA1
ENSG00000100865	1.06253694581281	4.64227684729064	40.8054911458856	3.17751616485813e-146	3.16166094163226e-145	323.746461842394	CINP
ENSG00000079819	2.36406798029557	4.6177157635468	40.7989383893398	3.34956695160879e-146	3.33115711798163e-145	323.693697275628	EPB41L2
ENSG00000164305	1.54728078817734	3.6830960591133	40.7970108957464	3.40193010768565e-146	3.38151160551337e-145	323.678175596016	CASP3
ENSG00000165898	1.13771674876847	4.1064091133005	40.7795230781946	3.91611421975551e-146	3.89063060917449e-145	323.537329705017	ISCA2
ENSG00000120860	1.35006305418719	5.15238965517242	40.7683911030455	4.28327816450227e-146	4.25324298225118e-145	323.447654297428	WASHC3
ENSG00000109184	1.79811330049261	4.14211083743842	40.7594931726058	4.60140978646057e-146	4.56682326292598e-145	323.37596490193	DCUN1D4
ENSG00000134954	2.4000472906404	4.60286453201971	40.7522043378474	4.87957350126456e-146	4.8404378356199e-145	323.317232688607	ETS1
ENSG00000143549	1.42978472906404	7.55994704433497	40.7405522197427	5.35967055246587e-146	5.3139869069654e-145	323.223328622281	TPM3
ENSG00000168899	1.75076600985221	5.91944310344828	40.7168888165218	6.48527771812488e-146	6.42348186353758e-145	323.03257581408	VAMP5
ENSG00000114686	1.50721970443349	5.51880689655173	40.6846379184367	8.41028711088194e-146	8.31750155469913e-145	322.7724901723	MRPL3
ENSG00000152620	1.40333004926108	3.3643369458128	40.6245320797532	1.36563127615922e-145	1.34783668680321e-144	322.287436382974	NADK2
ENSG00000129317	2.1729118226601	1.52875492610838	40.614162925538	1.48480967622189e-145	1.46398338510233e-144	322.2037134464	PUS7L
ENSG00000129128	1.43216354679803	5.09565172413793	40.6085734206293	1.55331951038816e-145	1.52998840080673e-144	322.158577135111	SPCS3
ENSG00000205726	1.72262857142857	4.38778472906404	40.5994988391446	1.67135503823139e-145	1.64509138576741e-144	322.085290168972	ITSN1
ENSG00000078808	1.21963201970443	6.74849532019704	40.5859388127809	1.86469095385976e-145	1.83298745575088e-144	321.975759973806	SDF4
ENSG00000197712	2.40974532019705	4.79725443349754	40.5770361572776	2.00365349899316e-145	1.96760787323238e-144	321.903837349293	FAM114A1
ENSG00000197798	1.44446650246305	3.14217266009852	40.5686154090334	2.14463034405021e-145	2.10499076762577e-144	321.835799174462	FAM118B
ENSG00000155660	2.11336354679803	5.7104960591133	40.5650447373519	2.20737018480713e-145	2.16331134159985e-144	321.806946195256	PDIA4
ENSG00000159267	2.41170098522168	2.41510763546798	40.5624124686643	2.25479594199061e-145	2.20778659487092e-144	321.785675042955	HLCS
ENSG00000127314	1.39109261083743	6.67008374384237	40.5624006718084	2.25501076827467e-145	2.20778659487092e-144	321.785579711631	RAP1B
ENSG00000153250	1.5721472906404	5.63357906403941	40.5535575591779	2.42195706651999e-145	2.37004932368221e-144	321.714113109228	RBMS1
ENSG00000205339	1.65437586206896	4.93100467980296	40.552045398741	2.45171991304475e-145	2.39797350053656e-144	321.7018914736	IPO7
ENSG00000085063	1.92759458128079	8.38539482758621	40.4925469475595	3.96530418853965e-145	3.85522260957422e-144	321.22079254291	CD59
ENSG00000135387	1.18304876847291	6.10988645320196	40.485535313069	4.1965801394593e-145	4.07804918375503e-144	321.164069043602	CAPRIN1
ENSG00000137509	1.42121527093596	6.13771748768473	40.4844472918053	4.23365996902911e-145	4.11203693413354e-144	321.15526651764	PRCP
ENSG00000087502	1.81796600985222	5.03028596059114	40.4577004308038	5.25598040184969e-145	5.10245250933664e-144	320.938828901845	ERGIC2
ENSG00000106392	2.55451625615764	3.42686305418719	40.4546522395342	5.38718232718302e-145	5.22463111850177e-144	320.914157237159	C1GALT1
ENSG00000145391	1.34748177339901	4.37256748768473	40.4249754042758	6.84917514985045e-145	6.62606835536523e-144	320.673898263118	SETD7
ENSG00000182916	3.44570738916256	1.51237339901478	40.4109079178464	7.67509570581019e-145	7.41774086463614e-144	320.559973025652	TCEAL7
ENSG00000140950	1.71054827586207	3.0844224137931	40.4079948179272	7.85822191668622e-145	7.5909724516007e-144	320.536378366493	MEAK7
ENSG00000119729	1.92353694581281	5.40054532019704	40.3910244227634	9.0154942845763e-145	8.70458445203508e-144	320.398906270075	RHOQ
ENSG00000278318	3.13362610837439	0.33396527093596	40.3740725871405	1.03420009979601e-144	9.98041400010553e-144	320.261549843926	ZNF229
ENSG00000115966	1.62986896551724	3.48507832512315	40.3720333665321	1.05142179824868e-144	1.01416015702743e-143	320.24502422076	ATF2
ENSG00000050748	1.39745418719212	3.71506256157635	40.364561351747	1.11701654361882e-144	1.07689873188944e-143	320.18446753486	MAPK9
ENSG00000135535	1.42091477832513	6.73231108374385	40.3379249893204	1.38604112544532e-144	1.3349440943052e-143	319.968539247765	CD164
ENSG00000179218	2.20856206896552	8.59931354679803	40.3363377817627	1.40398241306075e-144	1.35155784808045e-143	319.955669810239	CALR
ENSG00000107186	2.08717980295567	2.8841618226601	40.3310970661075	1.46489074802664e-144	1.40949753805694e-143	319.913174744211	MPDZ
ENSG00000121644	1.2627645320197	3.88349901477832	40.3208447174977	1.59180667466985e-144	1.52935526235979e-143	319.830032575105	DESI2
ENSG00000008394	3.83110344827585	6.88209458128079	40.3147601382138	1.67227906543329e-144	1.60509221496548e-143	319.780683236067	MGST1
ENSG00000168461	2.3851842364532	4.06713201970443	40.277650112772	2.25934389031662e-144	2.16431854434153e-143	319.479603419815	RAB31
ENSG00000166548	1.72235911330049	4.11538694581281	40.273594786021	2.33489050068153e-144	2.23559187478288e-143	319.446691798757	TK2
ENSG00000121410	2.3988433497537	4.13311477832513	40.2704426062416	2.39535626075641e-144	2.2923629798091e-143	319.421108432253	A1BG
ENSG00000138119	1.5956078817734	6.38037684729064	40.2677886347341	2.44748010266542e-144	2.33995382418237e-143	319.399567636977	MYOF
ENSG00000133106	3.82406896551724	1.57115073891625	40.2582931635174	2.64345281328898e-144	2.52608092309503e-143	319.322491265447	EPSTI1
ENSG00000074696	1.48094581280788	4.65188965517241	40.2516253980945	2.79038941115185e-144	2.6638881227518e-143	319.268361357939	HACD3
ENSG00000116260	2.11056157635468	6.41965024630542	40.2505096954177	2.81576312718309e-144	2.68679897614316e-143	319.25930339374	QSOX1
ENSG00000152291	1.62308325123153	5.46302389162562	40.2069749155475	4.00909794248022e-144	3.81059299571734e-143	318.905743682876	TGOLN2
ENSG00000150776	1.46334285714286	3.84512413793103	40.1974247211362	4.33233757427654e-144	4.11582600274731e-143	318.828152895951	NKAPD1
ENSG00000073584	1.2170290640394	6.33619137931034	40.1968609783055	4.35221451132087e-144	4.13270048494813e-143	318.823572408945	SMARCE1
ENSG00000119899	1.94061625615764	3.37638497536946	40.1921412138989	4.52225341945233e-144	4.29207752904019e-143	318.785222175106	SLC17A5
ENSG00000135740	2.3487724137931	0.98491133004926	40.1233921292276	7.90562330815753e-144	7.48506253333403e-143	318.226299136094	SLC9A5
ENSG00000108433	1.23452068965517	5.07994014778325	40.113514694557	8.56661055560234e-144	8.10303501827594e-143	318.145949620099	GOSR2
ENSG00000164172	1.75280689655173	4.07471330049261	40.113003761663	8.60226949388095e-144	8.13282779145725e-143	318.141793036468	MOCS2
ENSG00000148634	1.67089802955665	4.55343965517242	40.0955452166456	9.91435646493438e-144	9.36425104097378e-143	317.999743847344	HERC4
ENSG00000129925	1.99213990147783	4.28714827586208	40.0893894371863	1.04233253143282e-143	9.84022334746867e-143	317.949649347065	PGAP6
ENSG00000197557	2.14691527093596	0.323869458128079	40.0754126089706	1.16782780800358e-143	1.10143296447905e-142	317.83589168424	IFT70A
ENSG00000168502	2.96346009852217	2.83925911330049	40.0750334517368	1.17143531148471e-143	1.10430240506678e-142	317.832805386978	MTCL1
ENSG00000171208	3.72102118226601	1.56777561576355	40.0520325238308	1.41250776279374e-143	1.32963519752e-142	317.645547857327	NETO2
ENSG00000271601	2.07330591133005	3.21713571428571	40.0512303726758	1.42175807057275e-143	1.33705467830283e-142	317.639016145248	LIX1L
ENSG00000162623	1.5963157635468	3.38757068965517	40.0470696688354	1.47072158388336e-143	1.38243584378301e-142	317.605135345446	TYW3
ENSG00000221963	2.92387339901478	1.55390123152709	40.0227926870888	1.79204260298567e-143	1.68123363166327e-142	317.407404966202	APOL6
ENSG00000198162	1.63050147783251	3.01165123152709	40.0128214237432	1.94359241404207e-143	1.82166345108922e-142	317.326170653179	MAN1A2
ENSG00000130635	3.99836995073891	5.21371009852216	40.0125713008344	1.94755467566802e-143	1.82450208398392e-142	317.324132786305	COL5A1
ENSG00000100938	1.02150541871921	5.4979512315271	40.0098062546239	1.99189940414756e-143	1.86515084599193e-142	317.301604172439	GMPR2
ENSG00000166333	1.15339113300492	6.63312610837438	40.003876554797	2.09043819296631e-143	1.95648195244002e-142	317.253287961443	ILK
ENSG00000169122	2.87053448275862	2.47843275862069	39.9958664833653	2.2313478047033e-143	2.08736231687467e-142	317.1880137594	FAM110B
ENSG00000143776	1.75877290640394	2.9594381773399	39.9888377429448	2.36281230725886e-143	2.20928603389726e-142	317.130730033505	CDC42BPA
ENSG00000019991	4.5211591133005	0.870617487684728	39.9805549221544	2.52772850220498e-143	2.36235630751266e-142	317.063217956481	HGF
ENSG00000197256	2.25000246305419	5.80431896551724	39.9791851238954	2.55609242806417e-143	2.38772266870124e-142	317.052052127078	KANK2
ENSG00000185532	3.29300886699507	0.986015270935961	39.9626870314889	2.92382872118191e-143	2.72862754867893e-142	316.917551033255	PRKG1
ENSG00000165512	2.43282413793103	3.18506921182266	39.9618528708128	2.94376967712187e-143	2.74592587256877e-142	316.910749641819	ZNF22
ENSG00000109971	2.34755172413793	8.51598078817735	39.9288307349797	3.85292748477736e-143	3.5922666463511e-142	316.641433393724	HSPA8
ENSG00000127920	2.46055812807882	3.75725492610837	39.9272465400233	3.90301106363887e-143	3.63722661924801e-142	316.628509964436	GNG11
ENSG00000183255	1.37013546798029	6.77643866995074	39.9203531453044	4.12864782734448e-143	3.84566424413565e-142	316.572271990349	PTTG1IP
ENSG00000139926	2.39100295566502	6.10330837438423	39.9033598815248	4.74228967470334e-143	4.41514172572904e-142	316.433612227869	FRMD6
ENSG00000125675	4.31200591133005	0.286869950738916	39.8971946819514	4.9868393659292e-143	4.64061023280898e-142	316.383297448761	GRIA3
ENSG00000137463	4.65798719211823	-0.156037931034483	39.8921826082811	5.19493060953589e-143	4.83195306861259e-142	316.342390040317	MGARP
ENSG00000118579	1.1359842364532	4.69134975369458	39.8920461307164	5.20071693596267e-143	4.8350337946043e-142	316.341276098752	MED28
ENSG00000090863	1.33713349753694	5.71066379310345	39.8853422984461	5.49303611498816e-143	5.10437050685205e-142	316.286556063127	GLG1
ENSG00000183160	4.64811625615763	4.8678960591133	39.8711494275815	6.16737610739326e-143	5.72827299860643e-142	316.170688744994	TMEM119
ENSG00000186575	1.45750443349754	3.52102610837438	39.8681759469731	6.31884018957843e-143	5.86616508241053e-142	316.146410838247	NF2
ENSG00000125703	2.10475467980296	2.0033078817734	39.8644471093155	6.51405886574457e-143	6.04452698738749e-142	316.115964067032	ATG4C
ENSG00000132963	1.26471871921182	5.99271847290641	39.8622257116381	6.63321763888988e-143	6.15217556237238e-142	316.097825069045	POMP
ENSG00000198663	1.34909655172414	4.7245724137931	39.8588178985955	6.82027586261885e-143	6.32266750034618e-142	316.069997138261	C6orf89
ENSG00000154822	2.91037684729064	1.30884852216749	39.8492915197777	7.37170253843997e-143	6.83062166933114e-142	315.992198004688	PLCL2
ENSG00000140157	1.64472068965517	4.49539187192119	39.8470333395166	7.50883447235408e-143	6.95439067576983e-142	315.973754495072	NIPA2
ENSG00000072041	4.01875369458128	1.66185812807882	39.8390266582428	8.01597830775443e-143	7.41705720123755e-142	315.908355565438	SLC6A15
ENSG00000172469	2.19085320197045	1.82897142857143	39.8293976978605	8.67153637850112e-143	8.01983738327822e-142	315.829695476163	MANEA
ENSG00000071127	1.66151527093596	7.32891822660099	39.8289267317802	8.7049441226825e-143	8.0469261137872e-142	315.825847811004	WDR1
ENSG00000090376	2.83327093596059	2.13522413793103	39.8273557930692	8.81731303117922e-143	8.1469471042697e-142	315.813013472939	IRAK3
ENSG00000111229	1.1074763546798	7.64992881773399	39.8093512136598	1.02137824595657e-142	9.42832956187208e-142	315.665897302894	ARPC3
ENSG00000087460	1.11624433497537	8.91840837438423	39.8004938149888	1.0980047254981e-142	1.01308821273295e-141	315.593508676304	GNAS
ENSG00000116199	1.37742561576355	3.52119408866995	39.7632927486033	1.48800112795502e-142	1.37162820955174e-141	315.289372405929	FAM20B
ENSG00000120686	1.55969901477833	5.17285640394088	39.7577985993502	1.55633867732445e-142	1.43394485772157e-141	315.244440888244	UFM1
ENSG00000134318	1.80158078817734	3.49642142857143	39.7277891896057	1.98905657231065e-142	1.83176925240785e-141	314.998957174624	ROCK2
ENSG00000180818	1.96870935960591	5.15524187192118	39.710978065172	2.2821950871324e-142	2.09974841773735e-141	314.861390542937	HOXC10
ENSG00000131732	1.35819359605911	4.19236773399015	39.702339494603	2.44928273075884e-142	2.25135856653289e-141	314.790687133043	ZCCHC9
ENSG00000010295	2.37644039408867	4.03347733990147	39.6977993447442	2.54195662883412e-142	2.33434757709946e-141	314.753524096489	IFFO1
ENSG00000126821	2.20676699507389	2.48189679802956	39.6788652210247	2.96786897778836e-142	2.72291528469202e-141	314.598513291869	SGPP1
ENSG00000162734	1.6144354679803	7.35946502463054	39.6694712826552	3.20501610356807e-142	2.93773098949002e-141	314.521590350828	PEA15
ENSG00000065989	1.7974802955665	2.68257167487685	39.6566084097128	3.56083332180988e-142	3.2623443401223e-141	314.416244369248	PDE4A
ENSG00000163297	2.99135566502463	4.64881477832512	39.6273084996595	4.5261773413473e-142	4.13900597120303e-141	314.176205080282	ANTXR2
ENSG00000119650	1.11155862068966	4.54323842364532	39.6228148824316	4.69583963872935e-142	4.29214678297703e-141	314.139381911873	IFT43
ENSG00000143155	1.53749064039409	3.91819408866995	39.6190328368384	4.84356406072618e-142	4.42510186417537e-141	314.10838784689	TIPRL
ENSG00000162576	2.7078802955665	7.15453472906404	39.6157282865578	4.97644404682867e-142	4.54437708238906e-141	314.081305455648	MXRA8
ENSG00000189320	3.22347044334975	3.19482438423645	39.606710259859	5.35794945600417e-142	4.8904739966947e-141	314.007391589775	FAM180A
ENSG00000126522	1.62109064039409	4.70594679802956	39.602756662851	5.53431593950169e-142	5.04909440194874e-141	313.974983856913	ASL
ENSG00000116062	1.50973004926109	3.82684827586207	39.6007829681291	5.62452540843206e-142	5.12900025812316e-141	313.958804719875	MSH6
ENSG00000104331	1.6644236453202	4.09568226600985	39.5969335015332	5.80472912405164e-142	5.29085898051386e-141	313.92724779209	BPNT2
ENSG00000111328	1.50783990147782	6.54305197044334	39.5676938895372	7.37631687866759e-142	6.71080002062021e-141	313.687490117248	CDK2AP1
ENSG00000114353	1.42044039408867	7.05644433497536	39.5659369752124	7.48330576725658e-142	6.80496795270954e-141	313.673080531765	GNAI2
ENSG00000057663	1.5870118226601	3.41785467980295	39.5652274753216	7.52695081671435e-142	6.84147315628985e-141	313.667261359775	ATG5
ENSG00000070540	2.28466108374384	5.49096403940887	39.5361544122176	9.55284086273105e-142	8.67882920220782e-141	313.428757327118	WIPI1
ENSG00000113460	2.37083349753695	4.83243349753694	39.4751994078918	1.5750900813256e-141	1.42965213048141e-140	312.928371850394	BRIX1
ENSG00000117593	1.95282512315271	2.57313128078818	39.4581433139529	1.8117934636975e-141	1.64221094005457e-140	312.788275607414	DARS2
ENSG00000166797	1.57027142857143	4.56386280788178	39.4564682906659	1.8368801078382e-141	1.66417761091211e-140	312.77451529919	CIAO2A
ENSG00000109272	9.59437635467979	-4.46694039408865	39.4438051130145	2.03814400398688e-141	1.84480825038961e-140	312.670476279947	PF4V1
ENSG00000169410	1.30262709359606	3.77642192118227	39.4103589962145	2.68248328326468e-141	2.42129738205812e-140	312.395593245201	PTPN9
ENSG00000168092	1.20746453201971	4.49024753694581	39.4087348943599	2.7185147633056e-141	2.45268769642281e-140	312.382241790957	PAFAH1B2
ENSG00000171204	1.49899261083744	4.80257709359606	39.4030999642472	2.84732984007462e-141	2.56772126140924e-140	312.335915530098	TMEM126B
ENSG00000177058	1.60060147783251	3.03806773399015	39.4028587977592	2.85297737144889e-141	2.57162748122021e-140	312.333932749691	SLC38A9
ENSG00000169084	1.45554926108375	3.90993669950739	39.3818721036757	3.38997378039668e-141	3.05285104223557e-140	312.161360828486	DHRSX
ENSG00000148834	1.78042660098523	6.53468965517242	39.3765495759791	3.54156534965593e-141	3.18789820649361e-140	312.1175855567	GSTO1
ENSG00000178802	1.43253596059114	4.47783251231527	39.3718125486396	3.68218395498372e-141	3.31142378501113e-140	312.078622838889	MPI
ENSG00000111981	7.21965911330049	-0.698322167487684	39.3600141588576	4.0572193814979e-141	3.64366641329191e-140	311.981567507019	ULBP1
ENSG00000128596	2.82264285714286	1.29289285714286	39.3579004326988	4.12834293905703e-141	3.70413579958919e-140	311.964177881503	CCDC136
ENSG00000147475	1.5835802955665	4.08120886699507	39.350612762207	4.38327736901437e-141	3.93106958904446e-140	311.904218030849	ERLIN2
ENSG00000135316	1.59413251231526	5.6546815270936	39.3362993627746	4.93080877297296e-141	4.41603414488715e-140	311.786434589742	SYNCRIP
ENSG00000013392	1.48417487684729	1.08088793103448	39.3358566704009	4.94879398548362e-141	4.43011140926802e-140	311.782791322299	RWDD2A
ENSG00000148411	1.79551231527093	2.51494187192118	39.3338043178686	5.03303710339747e-141	4.50346204553999e-140	311.765900569087	NACC2
ENSG00000170275	1.91004827586207	7.4112921182266	39.3264859893813	5.34530068679637e-141	4.7784934136036e-140	311.705666922067	CRTAP
ENSG00000111224	1.94912266009852	1.2088578817734	39.3225647686697	5.52052538685056e-141	4.93288098353149e-140	311.673390545265	PARP11
ENSG00000147535	1.2575842364532	4.42329852216749	39.3120480890747	6.01941787826595e-141	5.37620951449146e-140	311.586816309009	PLPP5
ENSG00000132294	1.45689261083744	4.49647783251232	39.2770663351626	8.02749002126302e-141	7.15989091718494e-140	311.298746161648	EFR3A
ENSG00000104356	2.29540344827586	1.67155886699507	39.2669791951117	8.7225487038635e-141	7.76919082820878e-140	311.215652103342	POP1
ENSG00000197713	1.71667290640394	4.08452709359606	39.2661264416859	8.78400191226916e-141	7.82036288699608e-140	311.208626871718	RPE
ENSG00000253304	2.04129556650246	2.48733891625616	39.255292605227	9.60355755760764e-141	8.54611665713882e-140	311.119366824615	TMEM200B
ENSG00000135916	2.57317389162561	4.95968349753695	39.248588173944	1.01486674453763e-140	9.02709418377528e-140	311.064121784041	ITM2C
ENSG00000243147	1.43136502463054	6.66582290640394	39.1501036210361	2.28502759661321e-140	2.02604397881195e-139	310.251967700666	MRPL33
ENSG00000253873	3.02786551724138	1.32203374384236	39.1494159039911	2.29802443252249e-140	2.03664369434714e-139	310.246292260376	PCDHGA11
ENSG00000013016	2.52913990147783	2.13755517241379	39.1408564178221	2.46612000766603e-140	2.1846290657212e-139	310.175649566526	EHD3
ENSG00000178904	1.71645960591133	2.90148251231527	39.0919228315504	3.69288738189091e-140	3.26249571505028e-139	309.771621259657	DPY19L3
ENSG00000138356	3.7131881773399	5.04682068965517	39.0900180455617	3.75140861598468e-140	3.31269892334264e-139	309.755888146722	AOX1
ENSG00000184900	1.14994384236453	5.94686009852217	39.0793967348694	4.09518337358407e-140	3.61463746551852e-139	309.66815030944	SUMO3
ENSG00000102753	1.59268078817734	3.98724088669951	39.0429065444804	5.5353080396562e-140	4.8769607624419e-139	309.366616055226	KPNA3
ENSG00000112246	4.86971477832512	-0.615985960591133	39.0097620841982	7.27901207671202e-140	6.4017306032001e-139	309.092587582557	SIM1
ENSG00000152492	1.51009852216749	4.35351034482758	38.9929761057208	8.36232466707675e-140	7.34786639586393e-139	308.953754761803	CCDC50
ENSG00000152700	1.48297931034483	4.47217733990148	38.9860625262563	8.85417734941789e-140	7.77306081591754e-139	308.896564150581	SAR1B
ENSG00000120697	1.21292167487685	4.78881403940887	38.9797142452496	9.33129904419716e-140	8.18457118140489e-139	308.844044646948	ALG5
ENSG00000131378	2.33713399014779	4.2616763546798	38.9677126048552	1.03048242155056e-139	9.03440443335176e-139	308.744741240007	RFTN1
ENSG00000072682	2.00975320197044	5.23664458128079	38.9241604118069	1.47741671721031e-139	1.29353393762204e-138	308.384235332379	P4HA2
ENSG00000113615	1.59163201970443	2.98598645320197	38.9181097465756	1.55327435114849e-139	1.3593411271896e-138	308.334132172302	SEC24A
ENSG00000140367	1.42632610837439	3.978039408867	38.9134551707594	1.61427428224501e-139	1.4120925704401e-138	308.295586417609	UBE2Q2
ENSG00000041880	1.57701133004926	3.8881854679803	38.9128312954373	1.62263076296044e-139	1.41876735435225e-138	308.290419741487	PARP3
ENSG00000143545	1.6237078817734	7.09308399014778	38.8961271214083	1.86323121349073e-139	1.62768280617058e-138	308.152064951226	RAB13
ENSG00000160326	2.78814729064039	0.902131773399015	38.8836851716695	2.06538914613081e-139	1.8026723847114e-138	308.048990406442	SLC2A6
ENSG00000135905	2.49264334975369	2.47366699507389	38.8808913027853	2.11372460852001e-139	1.84403599552223e-138	308.025842163692	DOCK10
ENSG00000101856	1.63885862068966	5.9784987684729	38.8793838411604	2.14027352377058e-139	1.86636435526661e-138	308.013351885465	PGRMC1
ENSG00000196526	2.38922610837438	2.95581108374384	38.8132698406459	3.70114565972915e-139	3.22172777204575e-138	307.465280835898	AFAP1
ENSG00000123130	1.46088866995074	4.52907536945813	38.8050379958292	3.9624997843204e-139	3.44615802337291e-138	307.397002999378	ACOT9
ENSG00000136378	3.1017645320197	1.6544763546798	38.8028553958986	4.03484449510527e-139	3.50751472968627e-138	307.378898346073	ADAMTS7
ENSG00000164054	1.07436403940886	6.29718743842364	38.7971974698057	4.22860394064386e-139	3.67105189729287e-138	307.331963157707	SHISA5
ENSG00000233608	3.1965684729064	5.86518916256158	38.7938730468177	4.34677051631694e-139	3.77196223045585e-138	307.304383652959	TWIST2
ENSG00000096092	1.96492068965517	3.74303916256158	38.7926691028818	4.39037584791357e-139	3.80811028938868e-138	307.294395365904	TMEM14A
ENSG00000155380	2.22757487684729	4.15767512315271	38.7876769772951	4.57590976474935e-139	3.96727722372368e-138	307.252977264899	SLC16A1
ENSG00000142871	3.27088226600986	8.09331650246306	38.770910624915	5.25847494415541e-139	4.5550140673176e-138	307.113849678131	CCN1
ENSG00000103260	2.16835714285714	4.64083620689655	38.7434710446292	6.60257083542726e-139	5.71423557422141e-138	306.88608084542	METRN
ENSG00000133028	1.34192561576354	4.15206625615764	38.7395105432294	6.82314191360352e-139	5.90251612552633e-138	306.853198107111	SCO1
ENSG00000183340	2.1653684729064	2.61552266009852	38.7083098130436	8.83980882594718e-139	7.63356359154484e-138	306.594081274103	JRKL
ENSG00000152611	8.25400591133003	-4.94065221674875	38.6764384229389	1.15178720149054e-138	9.93302095830897e-138	306.329271103341	CAPSL
ENSG00000153786	1.2214275862069	5.29153793103449	38.6682831033861	1.23250681994237e-138	1.06197743718315e-137	306.261490830674	ZDHHC7
ENSG00000023318	1.07929802955665	3.84233916256157	38.6536934060594	1.39131265413111e-138	1.19828258647114e-137	306.14021291466	ERP44
ENSG00000165476	1.49462807881774	3.73471650246305	38.6118651866209	1.96966251063647e-138	1.69340716158636e-137	305.792367594898	REEP3
ENSG00000132541	2.05364285714286	3.46494901477833	38.6111134654989	1.98200979882143e-138	1.70327332843308e-137	305.786114278836	RIDA
ENSG00000183580	2.30921379310345	2.55675517241379	38.6056410165917	2.07426470280586e-138	1.78177058559262e-137	305.74058871384	FBXL7
ENSG00000139899	2.93310344827586	2.09665369458128	38.5987179005158	2.19716417544009e-138	1.88651064659272e-137	305.682989696268	CBLN3
ENSG00000176692	3.79769852216749	0.344157142857143	38.5904735850417	2.35306992258585e-138	2.01948583342875e-137	305.614390851089	FOXC2
ENSG00000133121	2.00370344827586	2.93345369458128	38.5894673636353	2.37284190222806e-138	2.03556086274543e-137	305.606017766472	STARD13
ENSG00000168621	4.22548325123153	-0.187112561576355	38.588547383131	2.39106488514609e-138	2.05029354916739e-137	305.598362210406	GDNF
ENSG00000112531	1.80215763546798	5.10036748768473	38.5750308535972	2.67554486210893e-138	2.29322358312862e-137	305.485873301691	QKI
ENSG00000084073	1.36885369458128	4.34656428571429	38.5729268274065	2.72278110845085e-138	2.33268691018617e-137	305.468360894855	ZMPSTE24
ENSG00000122565	1.47982561576354	6.24594236453202	38.5699539913771	2.7909501102136e-138	2.39004150104269e-137	305.443616207875	CBX3
ENSG00000157020	1.20488916256158	6.66877660098522	38.5448487799082	3.43924616603886e-138	2.9426334753385e-137	305.234607150529	SEC13
ENSG00000153936	1.66830886699507	2.90072241379311	38.5237535032158	4.09931813379436e-138	3.50585886085818e-137	305.058922073734	HS2ST1
ENSG00000075790	1.54179359605911	4.68224753694581	38.5155716023127	4.38824942666135e-138	3.74640324577615e-137	304.990767044504	BCAP29
ENSG00000172239	1.49974236453202	5.26697561576354	38.4748749577012	6.15847705236993e-138	5.24396333583499e-137	304.65164244117	PAIP1
ENSG00000119042	2.35187142857143	1.66413916256158	38.4736730621583	6.2204443021422e-138	5.29442171395744e-137	304.641623957885	SATB2
ENSG00000165934	1.81456600985222	3.89173522167488	38.4235032289728	9.44906678755537e-138	8.01796192628775e-137	304.223270961714	CPSF2
ENSG00000198860	1.88374827586207	3.93753522167488	38.3858994418133	1.29290752669597e-137	1.09376618557111e-136	303.909499370049	TSEN15
ENSG00000175040	4.38965714285714	2.70073103448276	38.3698795976133	1.47776301020464e-137	1.24852765868652e-136	303.775774416704	CHST2
ENSG00000182952	1.5362039408867	5.30292512315271	38.3615829566935	1.58368057723245e-137	1.33628177203266e-136	303.706506119781	HMGN4
ENSG00000140931	2.04991527093596	4.83164532019704	38.3530593522218	1.70042165245054e-137	1.43416659180788e-136	303.635334067397	CMTM3
ENSG00000163697	1.95550985221675	4.44277561576355	38.3401633087357	1.89364477925468e-137	1.59644548214819e-136	303.527635126078	APBB2
ENSG00000027847	1.1128448275862	4.23838842364532	38.3282562847525	2.09152757006058e-137	1.76099232116002e-136	303.428177572779	B4GALT7
ENSG00000110906	1.49203251231527	5.40812660098522	38.3189433348803	2.26063258462787e-137	1.90255305636511e-136	303.350375726612	KCTD10
ENSG00000070961	2.41755172413793	4.78741083743842	38.2956023915002	2.74712688356563e-137	2.30701992086977e-136	303.155334768575	ATP2B1
ENSG00000140391	1.76320591133005	6.60762610837438	38.2874031338654	2.9418548225766e-137	2.46842966692967e-136	303.086804387981	TSPAN3
ENSG00000146463	1.46285960591133	3.69214064039409	38.2832383132986	3.04600320372035e-137	2.55472079858811e-136	303.051991137614	ZMYM4
ENSG00000109743	2.50661133004926	2.77518743842364	38.2666269979127	3.49946827399182e-137	2.93001752400806e-136	302.913117773866	BST1
ENSG00000103005	1.39642512315271	4.22508399014778	38.251297628787	3.97773208296901e-137	3.32902956596919e-136	302.784931455279	USB1
ENSG00000158290	2.22067142857143	4.77389384236453	38.2205767834692	5.14239893846869e-137	4.29823610160629e-136	302.527952082786	CUL4B
ENSG00000198818	1.15537586206897	5.138510591133	38.2142957304545	5.4196967851933e-137	4.52614164855759e-136	302.475396817739	SFT2D1
ENSG00000101557	1.38884630541872	4.77572413793103	38.2119067878665	5.5290539843067e-137	4.61549649557119e-136	302.455406610863	USP14
ENSG00000128581	1.36550837438424	3.89897586206896	38.2064840143523	5.78556350988258e-137	4.8255007302657e-136	302.410027279414	IFT22
ENSG00000072849	1.25068472906404	5.32775270935961	38.2038653552989	5.91366708378812e-137	4.93024241260185e-136	302.388112284618	DERL2
ENSG00000174306	1.62044827586207	3.73763596059113	38.1963381953277	6.29793602014839e-137	5.2483695396904e-136	302.32511438133	ZHX3
ENSG00000130147	2.09833793103448	4.71257487684729	38.1870452143005	6.80703382547846e-137	5.66689727703226e-136	302.247327934239	SH3BP4
ENSG00000137338	2.10893399014778	0.87930935960591	38.1833920796402	7.01827420821835e-137	5.83621764157459e-136	302.216746624788	PGBD1
ENSG00000118804	2.61176551724138	0.859972413793103	38.182532097565	7.06894966262823e-137	5.87585769064572e-136	302.209547258567	STBD1
ENSG00000141391	1.9578	1.86550443349754	38.1803453469818	7.19946372083739e-137	5.98179932111413e-136	302.191240397451	PRELID3A
ENSG00000006327	3.62548916256158	5.42949384236453	38.1671673855627	8.03870131064047e-137	6.67341975414342e-136	302.080905694212	TNFRSF12A
ENSG00000121289	1.06499901477833	3.28511871921182	38.1470423655168	9.51335391536936e-137	7.88422231612163e-136	301.912364140796	CEP89
ENSG00000177096	1.68115960591133	3.35510886699507	38.1447470071198	9.6979044040754e-137	8.02695670751552e-136	301.893137958734	PHETA2
ENSG00000163689	3.26028472906404	-0.429729556650247	38.1094313430918	1.30345325199839e-136	1.07749929993877e-135	301.597247823471	CFAP20DC
ENSG00000176148	1.83164926108374	2.70366108374384	38.0983363268023	1.4303879157444e-136	1.18143028949607e-135	301.504257062319	TCP11L1
ENSG00000170624	3.64291921182266	1.37115862068965	38.0959421796595	1.45936344367925e-136	1.20485341852049e-135	301.484188977551	SGCD
ENSG00000186318	1.63454236453202	4.11698004926108	38.0938457601864	1.48521814929794e-136	1.22568129533701e-135	301.466615906513	BACE1
ENSG00000091732	1.30802709359606	3.14508497536946	38.0708687031039	1.80051338106374e-136	1.48462584357585e-135	301.273976897987	ZC3HC1
ENSG00000126767	1.23807339901478	4.32980960591133	38.0498816038248	2.14677438169595e-136	1.76789991433216e-135	301.097964556308	ELK1
ENSG00000118705	1.18852807881774	6.89092758620689	38.040749985889	2.3175631336942e-136	1.90774299741584e-135	301.021363469175	RPN2
ENSG00000103994	2.26079064039409	3.78090862068965	38.0356172196642	2.41946991287734e-136	1.99079078052417e-135	300.978302442132	ZNF106
ENSG00000155592	2.12962068965517	-0.222791625615763	38.0314223279758	2.50608087000731e-136	2.06118823071056e-135	300.943107234372	ZKSCAN2
ENSG00000171509	7.93636896551723	-3.19984261083743	38.0055425124408	3.11352334841326e-136	2.55649047372655e-135	300.72592699854	RXFP1
ENSG00000135314	3.04970935960591	0.506869458128079	38.0010775439655	3.23234460633132e-136	2.65293902969033e-135	300.688449144401	KHDC1
ENSG00000131116	1.37743743842364	4.54679162561577	37.9784673305723	3.90752101179919e-136	3.20439679448509e-135	300.498626640033	ZNF428
ENSG00000092020	1.541460591133	3.79597463054187	37.9696532024439	4.20750212459741e-136	3.44895161572494e-135	300.424611079346	PPP2R3C
ENSG00000265491	1.44121034482759	3.30678399014778	37.9635152586596	4.42992626641328e-136	3.6297534213102e-135	300.373062765814	RNF115
ENSG00000101160	2.20737339901478	6.38216354679803	37.9454354182941	5.15593411175767e-136	4.21931593014943e-135	300.221195667554	CTSZ
ENSG00000158122	2.01161330049261	2.80846428571428	37.9031890796462	7.35168237273447e-136	6.01115384635887e-135	299.866176887121	PRXL2C
ENSG00000131931	2.26997389162562	2.06379630541872	37.8956860512787	7.82999617486182e-136	6.3968973766367e-135	299.803101766422	THAP1
ENSG00000129055	1.18451280788177	5.68771354679803	37.8609067754935	1.04880158985137e-135	8.55769547760982e-135	299.510634429961	ANAPC13
ENSG00000115380	3.65411625615764	6.95639950738916	37.8386006554646	1.26513492882893e-135	1.03099527853106e-134	299.322977956506	EFEMP1
ENSG00000182199	1.86529950738916	6.47376748768472	37.834127798977	1.31362450371613e-135	1.07006461240603e-134	299.285341375537	SHMT2
ENSG00000066557	1.5421039408867	2.46984950738916	37.8329793231555	1.32637255127578e-135	1.0799988498763e-134	299.27567719483	LRRC40
ENSG00000104756	1.59170738916256	4.87357290640394	37.8298130869262	1.36216315424739e-135	1.10867939859652e-134	299.249033140878	KCTD9
ENSG00000136827	1.50865911330049	4.81967733990148	37.8228637161333	1.44414644905711e-135	1.17491714852098e-134	299.190549441067	TOR1A
ENSG00000142686	2.00700591133005	3.20385862068966	37.8156001954882	1.53512425028923e-135	1.24841440279451e-134	299.1294155553	C1orf216
ENSG00000196284	1.78499704433497	2.05448965517241	37.8088209496013	1.62520976180311e-135	1.32112517325941e-134	299.072351696418	SUPT3H
ENSG00000106683	1.60039261083744	3.93738990147783	37.8027711956354	1.71006424004348e-135	1.38952496378086e-134	299.021423475674	LIMK1
ENSG00000101846	2.82135862068965	1.94583004926108	37.7540382341772	2.57710401594479e-135	2.09143549333859e-134	298.611012628687	STS
ENSG00000119242	1.55770197044335	4.32607118226601	37.7531782014333	2.59583165782411e-135	2.10575932989617e-134	298.603767107826	CCDC92
ENSG00000108688	8.90474236453201	-4.1171475369458	37.7348163510226	3.02986510411728e-135	2.45377637234396e-134	298.449052066762	CCL7
ENSG00000131016	3.07208177339901	3.68334926108374	37.7303903221909	3.14493293049907e-135	2.54591049410989e-134	298.411752550943	AKAP12
ENSG00000144583	6.65927536945812	-0.700900246305419	37.7273466386599	3.22659309287518e-135	2.61093508161353e-134	298.386101076503	MARCHF4
ENSG00000151746	2.6245315270936	2.07047857142857	37.7177484352138	3.4982802265449e-135	2.82727014835155e-134	298.305202066068	BICD1
ENSG00000137601	1.7560354679803	1.95711083743842	37.703412016856	3.94735967298505e-135	3.18889221701008e-134	298.184345446052	NEK1
ENSG00000115364	1.63324137931035	4.01035862068966	37.6967501075218	4.17526589691866e-135	3.37022082435293e-134	298.128176584283	MRPL19
ENSG00000076053	1.93379064039408	4.22169975369458	37.6953229414571	4.225778932091e-135	3.40958595751125e-134	298.116142937114	RBM7
ENSG00000128591	3.26809753694581	3.2603354679803	37.6930855124616	4.30620540844783e-135	3.47304441155128e-134	298.097276767299	FLNC
ENSG00000185862	3.17964137931035	2.08783004926108	37.6855369386	4.58903177168437e-135	3.69962289118218e-134	298.033622039211	EVI2B
ENSG00000139625	2.38183251231527	4.40520689655173	37.6768050627639	4.93948727730004e-135	3.98051382981432e-134	297.959980077626	MAP3K12
ENSG00000171865	1.33490246305419	3.5290802955665	37.6638860880357	5.50777281294987e-135	4.43664040851881e-134	297.85100804672	RNASEH1
ENSG00000011465	2.98663399014779	10.0542411330049	37.6613329206067	5.6276073609023e-135	4.53130214448919e-134	297.829469532589	DCN
ENSG00000155959	1.58641231527094	4.38990812807882	37.6588963986261	5.7444019362067e-135	4.62343915310343e-134	297.808914284447	VBP1
ENSG00000114019	1.92183054187193	5.83401773399015	37.6567422887383	5.84967986791825e-135	4.70499735698837e-134	297.790740937609	AMOTL2
ENSG00000119979	1.39892216748769	4.97128768472907	37.6481631112908	6.28850284417897e-135	5.0543028497315e-134	297.718356198723	DENND10
ENSG00000163170	1.98169113300493	4.60426280788177	37.6481334662309	6.29007498236977e-135	5.0543028497315e-134	297.718106059842	BOLA3
ENSG00000136052	2.67040344827586	0.802711576354679	37.6429194668757	6.57279895190909e-135	5.27714203443745e-134	297.674109714641	SLC41A2
ENSG00000143337	1.42811133004926	4.54177931034482	37.639277172347	6.77781796370816e-135	5.43727909059051e-134	297.643373598473	TOR1AIP1
ENSG00000159921	1.95962364532019	2.23994088669951	37.63256188834	7.17275263250841e-135	5.75174115488221e-134	297.586701224115	GNE
ENSG00000138759	3.38334236453202	1.09299581280788	37.6304381485937	7.30238865192186e-135	5.85329282345599e-134	297.568777157013	FRAS1
ENSG00000119487	1.11937487684729	5.38602487684729	37.6274516305876	7.48867068361654e-135	6.00014770394565e-134	297.543570414122	MAPKAP1
ENSG00000163737	9.59220837438423	-3.23631354679801	37.6237091222582	7.72884213967599e-135	6.18497269015349e-134	297.511981414729	PF4
ENSG00000130638	1.41918325123153	5.85070295566502	37.6227475803357	7.79178422276467e-135	6.23278949166055e-134	297.503865147322	ATXN10
ENSG00000204387	1.5107	7.40353620689655	37.6094310513436	8.71817055862962e-135	6.96526938089698e-134	297.391450013995	SNHG32
ENSG00000156052	1.49791280788178	3.21622093596059	37.6015519737741	9.31744498438889e-135	7.4379701750379e-134	297.324926247454	GNAQ
ENSG00000144369	2.45816502463054	1.00228990147783	37.5958868224501	9.77367384293298e-135	7.79898465653721e-134	297.277090095492	FAM171B
ENSG00000144591	1.10103251231527	4.80822857142857	37.5864232291696	1.05862660581155e-134	8.43706408269551e-134	297.197171265744	GMPPA
ENSG00000166200	1.4861157635468	5.27885492610837	37.578073846054	1.13592089757775e-134	9.04939510006702e-134	297.12665255955	COPS2
ENSG00000185115	1.78009655172414	3.46793054187192	37.572376580612	1.19188401711916e-134	9.48749387476275e-134	297.078528609714	NSMCE3
ENSG00000183722	2.04583251231527	5.22699113300493	37.5637934783213	1.28145260348936e-134	1.01921639305613e-133	297.006020812949	LHFPL6
ENSG00000167771	4.06108472906404	-0.260814285714286	37.5587279904042	1.33744582837106e-134	1.06331840431356e-133	296.96322460459	RCOR2
ENSG00000165118	2.3066684729064	2.44694261083744	37.5331224419457	1.66029543959981e-134	1.31945886460592e-133	296.746845141378	QNG1
ENSG00000144043	1.24828522167488	5.11679433497537	37.5210369390637	1.83874551079086e-134	1.46068149479167e-133	296.644688400177	TEX261
ENSG00000173068	2.6745842364532	1.92425418719212	37.5081190958085	2.05078467948724e-134	1.62647866097969e-133	296.535475952076	BNC2
ENSG00000071282	3.44403645320197	5.93840985221675	37.5059980825128	2.08786970978803e-134	1.65521906160964e-133	296.51754210207	LMCD1
ENSG00000160211	1.57291871921182	5.51476231527094	37.4896194569918	2.39781141446357e-134	1.89785462379292e-133	296.379036719381	G6PD
ENSG00000169490	1.04546945812808	4.65010467980296	37.4796049243065	2.60961688510432e-134	2.06466126189104e-133	296.29433267778	TM2D2
ENSG00000137869	5.53378719211823	1.81144187192118	37.4724740612493	2.77176429711422e-134	2.19206061894804e-133	296.23401143726	CYP19A1
ENSG00000163026	1.69534187192118	1.47879014778325	37.4712142801	2.80144188022049e-134	2.21463500094129e-133	296.223354067035	WDCP
ENSG00000037749	2.29405960591133	3.26955935960591	37.4606686510558	3.06269349675359e-134	2.41920599488919e-133	296.134133472128	MFAP3
ENSG00000099256	3.47208325123153	1.55787118226601	37.4559991912005	3.18603826381848e-134	2.51561857581982e-133	296.094623399662	PRTFDC1
ENSG00000103222	1.41946206896552	3.85200985221675	37.3929865820587	5.42955776587661e-134	4.27495640051413e-133	295.561184586172	ABCC1
ENSG00000125843	1.47687783251232	2.83242019704433	37.3774376743495	6.1933464555809e-134	4.87436071022803e-133	295.429477956629	AP5S1
ENSG00000160049	1.43535270935961	3.71182857142857	37.3741406535782	6.36865267523287e-134	5.00829821245073e-133	295.401546760156	DFFA
ENSG00000121481	1.63351083743843	2.99725985221675	37.3701690167641	6.58644243998366e-134	5.17748423822046e-133	295.367898658649	RNF2
ENSG00000005893	1.26130344827587	6.24455911330049	37.3568261965308	7.3742428455228e-134	5.79442917922021e-133	295.254842587246	LAMP2
ENSG00000142230	1.19487783251231	5.81353793103449	37.2765425066342	1.45597356085629e-133	1.14175904198449e-132	294.574116945284	SAE1
ENSG00000136295	2.03697290640394	4.2496381773399	37.2547850196711	1.75097057776074e-133	1.37034309293554e-132	294.389496951592	TTYH3
ENSG00000097033	1.23122019704433	5.43875	37.2518863248642	1.79455047255317e-133	1.4033255436028e-132	294.364896048159	SH3GLB1
ENSG00000110756	1.92406798029557	3.36641330049261	37.236328901672	2.04770055409103e-133	1.60000656649528e-132	294.232844032843	HPS5
ENSG00000166340	1.52888866995074	6.0564645320197	37.2155201032927	2.4431087083114e-133	1.90744028676873e-132	294.056171015523	TPP1
ENSG00000099810	1.54727684729064	3.60206157635468	37.2127823876764	2.50053235873732e-133	1.95071470476825e-132	294.032922963858	MTAP
ENSG00000069275	1.69744581280788	6.00861945812808	37.2118498282256	2.52039995750145e-133	1.9654292086789e-132	294.025003670204	NUCKS1
ENSG00000250317	1.76752561576355	4.09023128078818	37.2080391879087	2.60324004981123e-133	2.02921886930239e-132	293.992642591798	SMIM20
ENSG00000115944	1.15074187192119	6.49225270935962	37.1735459048638	3.48883714061755e-133	2.71628905983857e-132	293.699633189121	COX7A2L
ENSG00000048392	2.11446157635468	3.12332931034483	37.1706745600656	3.57494521891807e-133	2.78222140454388e-132	293.67523535045	RRM2B
ENSG00000113758	2.52780246305419	5.5407435960591	37.1637311517801	3.79207158407904e-133	2.95002638917487e-132	293.616232911598	DBN1
ENSG00000131943	1.16703596059113	3.60199236453202	37.1328326726664	4.93016030014923e-133	3.8323465626697e-132	293.353596553659	C19orf12
ENSG00000155366	1.21427142857143	7.83318251231526	37.13085691966	5.01361926533013e-133	3.89567187606686e-132	293.33679865158	RHOC
ENSG00000256235	2.5595487684729	3.96641674876847	37.1298082496799	5.0584901960234e-133	3.92897517530561e-132	293.327882635218	SMIM3
ENSG00000169764	1.57666650246305	6.40469532019704	37.1264017686431	5.2070427120607e-133	4.04275044414343e-132	293.298919059439	UGP2
ENSG00000150867	1.79867142857143	3.361210591133	37.1251933397408	5.26078440817939e-133	4.08285341162199e-132	293.288644055537	PIP4K2A
ENSG00000131724	1.71029014778325	4.32114408866995	37.1086732374336	6.053703935933e-133	4.69450326650804e-132	293.148159024167	IL13RA1
ENSG00000185483	2.67580098522167	2.0623881773399	37.0830309362214	7.5281514467254e-133	5.8309605854898e-132	292.930032489159	ROR1
ENSG00000123143	2.11011477832512	4.76811009852217	37.0773203736967	7.90270279953899e-133	6.11622249935014e-132	292.881444362072	PKN1
ENSG00000164253	1.3454315270936	4.67684433497537	37.0712255550802	8.32307549608499e-133	6.43646780152326e-132	292.829582319786	WDR41
ENSG00000103042	1.4524881773399	3.02345	37.0695042112883	8.4458064767238e-133	6.52879549715729e-132	292.814934219148	SLC38A7
ENSG00000173482	2.19906059113301	4.83276921182266	37.0619482314574	9.00635117327493e-133	6.95935605488884e-132	292.750630809251	PTPRM
ENSG00000119509	1.66978128078818	2.27561330049261	37.0590466289605	9.23138080220353e-133	7.13042069710124e-132	292.725935503979	INVS
ENSG00000171307	1.41478078817733	4.46810566502463	37.0535239629765	9.67536289875625e-133	7.46450618900492e-132	292.678929637782	ZDHHC16
ENSG00000051523	2.09726502463054	5.80078669950739	37.051624377236	9.83296898430289e-133	7.58310496808394e-132	292.662760539734	CYBA
ENSG00000172840	1.79539556650246	1.61450024630542	37.0499160748874	9.97689972548213e-133	7.69106802506398e-132	292.648219243945	PDP2
ENSG00000179387	1.43083596059114	2.90705689655172	37.0434859545751	1.05378412844116e-132	8.12028763327963e-132	292.593481945632	ELMOD2
ENSG00000184939	1.4679157635468	3.05788349753695	37.0318730795691	1.16321776844035e-132	8.95650182461042e-132	292.494612658629	ZFP90
ENSG00000026103	2.37030541871921	4.3080684729064	37.0074814824084	1.43156582279192e-132	1.10140390980314e-131	292.286893573561	FAS
ENSG00000113384	1.25247881773399	5.38202807881773	36.9958950994546	1.57995738699478e-132	1.21461554904217e-131	292.18819782409	GOLPH3
ENSG00000105939	1.28391231527094	3.33252610837438	36.9926142622421	1.62470950328377e-132	1.24852823881917e-131	292.160247778219	ZC3HAV1
ENSG00000176222	2.57148669950739	1.61184482758621	36.9876673434476	1.6946000983474e-132	1.30172465101827e-131	292.118101543249	ZNF404
ENSG00000113721	2.66979064039409	6.16883472906404	36.9749570835838	1.8882965140851e-132	1.44880606510605e-131	292.009800018639	PDGFRB
ENSG00000164209	1.39316600985222	4.19930418719212	36.9731220125629	1.91803738339796e-132	1.471047352683e-131	291.994162088876	SLC25A46
ENSG00000122970	1.76766403940887	2.94706354679803	36.9720597804667	1.9354668559412e-132	1.48383261274237e-131	291.985109870727	IFT81
ENSG00000079102	2.74609310344827	2.03624950738916	36.9622277995549	2.10451619284564e-132	1.61280217414076e-131	291.901316193442	RUNX1T1
ENSG00000178773	3.68700049261084	2.67512093596059	36.9415617186872	2.50962617774492e-132	1.9217521459832e-131	291.725148897137	CPNE7
ENSG00000112977	1.27720098522168	5.90471133004927	36.9389138834765	2.56688673727486e-132	1.96482963649923e-131	291.702573665559	DAP
ENSG00000188313	2.25833990147783	4.85107733990148	36.935570915924	2.64105281749044e-132	2.02001777531891e-131	291.674070541626	PLSCR1
ENSG00000152683	1.22349064039409	3.04499753694581	36.929242955546	2.78737145324767e-132	2.1302625318485e-131	291.620112673228	SLC30A6
ENSG00000122545	1.04345862068966	6.54869729064039	36.9226535307313	2.94837357393193e-132	2.2506686086632e-131	291.563920013485	SEPTIN7
ENSG00000182628	1.87728571428571	3.9373921182266	36.8992429362047	3.5995221354319e-132	2.74344233894735e-131	291.364237585005	SKA2
ENSG00000154734	3.23404926108375	5.30381083743842	36.8707041716555	4.59125073066516e-132	3.49794236953835e-131	291.120721521981	ADAMTS1
ENSG00000103351	1.47736206896551	3.59705147783251	36.8681786758622	4.69121865592846e-132	3.57132041192653e-131	291.099167031368	CLUAP1
ENSG00000100097	3.60040837438423	9.9325224137931	36.8586422640041	5.08876651219798e-132	3.87245619865159e-131	291.017768902338	LGALS1
ENSG00000196968	1.49848374384237	3.6567921182266	36.8555534193315	5.22463493903596e-132	3.97430190652552e-131	290.991401606678	FUT11
ENSG00000179820	2.33585714285715	5.86196847290641	36.7766460074205	1.02462318566026e-131	7.76694580844562e-131	290.31742056338	MYADM
ENSG00000181789	1.12217339901478	6.71688719211823	36.7747413514628	1.04142709242048e-131	7.88820474421742e-131	290.301142493334	COPG1
ENSG00000102743	2.15284433497537	1.63222463054187	36.7717481255498	1.06839452082724e-131	8.08933193568611e-131	290.275560085814	SLC25A15
ENSG00000123146	2.42144433497537	4.38598916256158	36.7545488863843	1.23748016205189e-131	9.36230635958883e-131	290.128540488735	ADGRE5
ENSG00000137692	1.57194384236453	4.58985517241379	36.7488604765836	1.2991069901268e-131	9.82094731182127e-131	290.079907664696	DCUN1D5
ENSG00000175283	1.74135073891626	3.36816945812808	36.7485226787657	1.30286183815212e-131	9.84552437786882e-131	290.077019549096	DOLK
ENSG00000258947	3.84762216748768	3.74231600985222	36.7356544724213	1.45429384061112e-131	1.09771379811597e-130	289.966987893833	TUBB3
ENSG00000085449	1.42016009852217	4.19467512315271	36.7280570529939	1.55185212799072e-131	1.17089939325076e-130	289.902015232402	WDFY1
ENSG00000157657	2.5368763546798	1.69444901477832	36.7244521420882	1.60040987764202e-131	1.20707100844772e-130	289.871183734514	ZNF618
ENSG00000113732	1.10164285714285	7.7128027093596	36.7131586960423	1.76260645771048e-131	1.32837853438404e-130	289.774584468434	ATP6V0E1
ENSG00000176619	2.08463054187192	4.33408177339902	36.6589262716279	2.8026973144862e-131	2.10817209082715e-130	289.310481684383	LMNB2
ENSG00000197016	1.89366206896552	0.708977832512315	36.6315887275251	3.54135213904111e-131	2.66071139950562e-130	289.076396867703	ZNF470
ENSG00000107789	1.80252019704434	3.55184137931035	36.6277232441374	3.6604750773497e-131	2.749154648792e-130	289.043290124958	MINPP1
ENSG00000165757	3.13405024630542	3.05751330049261	36.6190212033922	3.94354379993585e-131	2.9572038733057e-130	288.968752837641	JCAD
ENSG00000179941	1.83540837438423	2.45323719211822	36.6121634125244	4.181989231852e-131	3.13480757839861e-130	288.910005794189	BBS10
ENSG00000084234	1.31681034482758	7.25903620689656	36.6058303995548	4.41499658130854e-131	3.30820027576424e-130	288.855749022097	APLP2
ENSG00000068697	1.13197881773399	7.88454261083743	36.6015067808071	4.58150048064692e-131	3.43164746618636e-130	288.818704437265	LAPTM4A
ENSG00000188010	1.55721231527093	3.73741059113301	36.583733080551	5.33469810037946e-131	3.99427855469791e-130	288.666395565044	MORN2
ENSG00000159322	1.0890724137931	5.30019975369458	36.5639606071882	6.31925275557167e-131	4.7260175028466e-130	288.496912118002	ADPGK
ENSG00000163320	1.44329408866995	4.75179975369458	36.5453152693644	7.41392118946467e-131	5.54045307397777e-130	288.337045339641	CGGBP1
ENSG00000181610	1.46730098522168	4.71452783251232	36.5359188629802	8.03564278046739e-131	6.00277259999594e-130	288.256463243986	MRPS23
ENSG00000174325	8.81523349753694	-3.03111970443349	36.53131252011	8.35924019152436e-131	6.23973536374213e-130	288.216955942576	DIRC1
ENSG00000146733	2.45218128078818	3.04294975369458	36.5267092804876	8.69566069968807e-131	6.48837729642246e-130	288.177472605938	PSPH
ENSG00000157227	2.1442881773399	7.52288596059113	36.498678266071	1.1057939506752e-130	8.23843895695567e-130	287.936985167677	MMP14
ENSG00000108094	1.41375418719212	3.82098448275862	36.4660075322054	1.46344142160437e-130	1.08863997948202e-129	287.656567997048	CUL2
ENSG00000171530	1.23758177339901	6.91511600985222	36.458539137732	1.56028471821972e-130	1.15935680469391e-129	287.592447042857	TBCA
ENSG00000143498	2.20238866995074	1.55987660098522	36.4514232863819	1.65852318805713e-130	1.23141565885305e-129	287.531346405753	TAF1A
ENSG00000187109	1.71966502463054	7.89123645320197	36.409146758153	2.38410031927823e-130	1.76879606831189e-129	287.168206112341	NAP1L1
ENSG00000156011	2.06635615763547	2.31266034482759	36.396005555622	2.66890725707645e-130	1.97934670276235e-129	287.055282308935	PSD3
ENSG00000198467	2.93268768472906	7.80958275862069	36.3880236021369	2.85828843858801e-130	2.1181900897568e-129	286.986681952362	TPM2
ENSG00000106591	1.47432266009852	5.13886280788177	36.3681236031685	3.39115644037449e-130	2.51117768691922e-129	286.815618045124	MRPL32
ENSG00000165655	2.19519655172414	3.01824852216749	36.3577986571043	3.7057491269673e-130	2.74205791136672e-129	286.726843455946	ZNF503
ENSG00000137575	1.65207783251232	6.59815369458128	36.3482518251396	4.02259004957765e-130	2.9753767883742e-129	286.644747272406	SDCBP
ENSG00000172260	3.08368078817734	2.72328423645321	36.3412478297503	4.27217028857949e-130	3.15878743017103e-129	286.584510478335	NEGR1
ENSG00000125249	1.82324137931035	2.46205615763547	36.3248738396457	4.91785510908394e-130	3.63070360943401e-129	286.443664516408	RAP2A
ENSG00000134138	1.91297389162562	3.39798103448276	36.3212327354917	5.07423565919333e-130	3.74473992643338e-129	286.412339866757	MEIS2
ENSG00000213186	2.11270935960591	1.75147980295566	36.310306955773	5.57402457522407e-130	4.11047502826524e-129	286.318334730123	TRIM59
ENSG00000143156	1.60264926108374	3.11914532019704	36.3060343429025	5.78262621857747e-130	4.26269639997891e-129	286.281569210777	NME7
ENSG00000163281	1.56069064039409	3.42900492610837	36.3024561660717	5.96332840647317e-130	4.39424448413645e-129	286.250777504067	GNPDA2
ENSG00000166192	1.97571477832512	0.427324876847291	36.2966009945891	6.27130388618508e-130	4.61944291533467e-129	286.200387849553	SENP8
ENSG00000156466	7.45271231527093	-2.44764137931034	36.2937502799141	6.42696544829525e-130	4.73231947213963e-129	286.175853021798	GDF6
ENSG00000189376	1.49713793103449	3.92349162561576	36.283401225526	7.02531716737273e-130	5.16705864075265e-129	286.086774782424	C8orf76
ENSG00000156697	1.41159064039409	3.70652832512316	36.2753583344316	7.52861367022302e-130	5.53306387151178e-129	286.017537305717	UTP14A
ENSG00000172340	1.53061822660098	4.90148596059113	36.2719924902747	7.74981255604381e-130	5.6913505062085e-129	285.988559928267	SUCLG2
ENSG00000170088	1.74063054187192	2.69421871921182	36.2695524973577	7.91422524368257e-130	5.80990945574924e-129	285.967552544247	TMEM192
ENSG00000154380	2.29735467980296	4.99542118226601	36.2659670088394	8.16218487814255e-130	5.98968895563882e-129	285.936681538911	ENAH
ENSG00000136636	1.25921280788177	4.26758472906404	36.2646858593388	8.25265924662237e-130	6.05380882122727e-129	285.925650469528	KCTD3
ENSG00000105605	7.93075024630541	-2.734171182266	36.2590587234804	8.66209276228144e-130	6.35176798350859e-129	285.877196761326	CACNG7
ENSG00000113387	1.32074532019705	6.97457216748769	36.2550400914408	8.96688774416756e-130	6.57280271179754e-129	285.84259100714	SUB1
ENSG00000144840	1.52236896551724	3.13933965517241	36.2527857998676	9.1425452764e-130	6.69904836113268e-129	285.823177680135	RABL3
ENSG00000248487	1.86024630541872	3.17914433497537	36.2461969618722	9.67596755417596e-130	7.08724729923938e-129	285.766432806609	ABHD14A
ENSG00000161791	1.79653399014779	2.38665123152709	36.2115206929532	1.30419864016141e-129	9.52771956113434e-129	285.467701707812	FMNL3
ENSG00000083520	1.39718768472907	3.72443128078818	36.2086842605735	1.33644665189653e-129	9.75965637943272e-129	285.443259585869	DIS3
ENSG00000115419	2.14292610837438	5.54723891625616	36.1967236597236	1.48145175252833e-129	1.08145424534586e-128	285.34018154252	GLS
ENSG00000196923	2.16467438423646	6.18320024630542	36.1932974060751	1.52582266206244e-129	1.11301330578665e-128	285.310650333078	PDLIM7
ENSG00000115825	1.36124384236453	3.67444704433498	36.1931242939815	1.52809950948625e-129	1.11425823187986e-128	285.309158224288	PRKD3
ENSG00000049860	1.25804532019704	6.19098916256157	36.1857096844125	1.62888205200967e-129	1.18686103879094e-128	285.245245797376	HEXB
ENSG00000186814	1.56530344827586	3.01808866995074	36.1368984226115	2.48065755518948e-129	1.80346019135092e-128	284.824330763046	ZSCAN30
ENSG00000121903	2.08050295566503	-0.163980541871921	36.1298512870522	2.63603741097811e-129	1.91499788421317e-128	284.763536416549	ZSCAN20
ENSG00000136451	1.39872068965517	4.2317327586207	36.1217175011628	2.82753599137093e-129	2.05258946297811e-128	284.693360002321	VEZF1
ENSG00000163535	3.15978866995074	0.435060837438424	36.1099798301453	3.12871230550406e-129	2.26953585278992e-128	284.592075494132	SGO2
ENSG00000086062	1.59921182266009	5.58425862068965	36.1075519478534	3.19491248157427e-129	2.31669683543319e-128	284.57112311342	B4GALT1
ENSG00000114395	1.38504827586207	3.86977586206897	36.1045782412563	3.27791023619561e-129	2.37599858441152e-128	284.545459317455	CYB561D2
ENSG00000103642	1.63574679802955	4.12824039408867	36.1024753063796	3.33790475741864e-129	2.41858860843437e-128	284.527309819981	LACTB
ENSG00000108064	2.12169261083744	3.36551428571428	36.0936444372036	3.60208552410596e-129	2.60807540985842e-128	284.451088459202	TFAM
ENSG00000071537	1.76176896551724	4.50970320197044	36.092822126056	3.62772685705427e-129	2.6256680829835e-128	284.443990396163	SEL1L
ENSG00000183474	1.83243399014778	3.71386330049261	36.0885329673643	3.76446546554255e-129	2.72362769817225e-128	284.406965666178	GTF2H2C
ENSG00000198721	1.44752216748769	5.07165714285714	36.0841792061497	3.90854486978403e-129	2.82682397651072e-128	284.369380919082	ECI2
ENSG00000164543	1.86771379310345	3.378510591133	36.0707244584495	4.38966240890645e-129	3.1736138658842e-128	284.253215006189	STK17A
ENSG00000147592	1.8247748768473	3.50435443349754	36.0587312281375	4.86831887993663e-129	3.51490275841036e-128	284.149648454376	LACTB2
ENSG00000196507	1.68215320197045	5.45358743842365	36.0541481456001	5.0647432288119e-129	3.65491920891589e-128	284.110066862995	TCEAL3
ENSG00000106105	1.65460344827586	6.69069679802956	36.0533596574504	5.09932834544463e-129	3.67851880866294e-128	284.103256854289	GARS1
ENSG00000115091	1.80840197044335	6.59645024630542	36.0526356311177	5.13129431015692e-129	3.70021230291832e-128	284.09700352032	ACTR3
ENSG00000171302	1.49375566502463	4.44172266009852	36.0291113266429	6.28667745413477e-129	4.52335238618194e-128	283.89379100786	CANT1
ENSG00000175768	1.44611280788178	6.37258448275862	36.0078258662316	7.55523173581833e-129	5.43009704234505e-128	283.709858775241	TOMM5
ENSG00000169330	2.5118236453202	-1.58054285714286	36.0073963174317	7.58331288376145e-129	5.44827574906126e-128	283.706146367342	MINAR1
ENSG00000119446	1.6729960591133	3.18879359605911	36.0061060259312	7.6682941278252e-129	5.50730627879309e-128	283.694994786672	RBM18
ENSG00000169604	2.15449753694581	5.71106157635468	35.9931705885233	8.57479270754287e-129	6.15382295596044e-128	283.583186367414	ANTXR1
ENSG00000130349	1.25538226600985	3.98275714285714	35.9495245352714	1.25031886795844e-128	8.9665069055574e-128	283.205773676939	MTRES1
ENSG00000124641	1.06421330049261	3.17389384236453	35.9485037750089	1.26139988437437e-128	9.04265463699338e-128	283.196944182139	MED20
ENSG00000101150	1.03059556650247	6.44445246305419	35.9079823600175	1.79068282215868e-128	1.28181405533425e-127	282.84633166353	TPD52L2
ENSG00000084731	2.00961231527093	2.07612881773399	35.9017970651723	1.8890938121133e-128	1.35126908039232e-127	282.792795142029	KIF3C
ENSG00000164107	3.62359802955665	2.91850541871921	35.889234769511	2.10595839167125e-128	1.50529037637306e-127	282.684048033556	HAND2
ENSG00000166902	1.11196600985222	4.88878300492611	35.8839904061608	2.20371425951992e-128	1.57458808261566e-127	282.638643681726	MRPL16
ENSG00000100403	1.45022019704433	4.70830073891625	35.8715946016407	2.45322846237521e-128	1.75222918902545e-127	282.531310279575	ZC3H7B
ENSG00000075151	1.28291970443349	4.4593421182266	35.869637884484	2.49512316485683e-128	1.78150153042134e-127	282.514365600142	EIF4G3
ENSG00000058056	1.99122955665025	1.52246995073892	35.8672213347833	2.54785361814489e-128	1.81848631869201e-127	282.493438223746	USP13
ENSG00000013364	1.35519113300492	6.45001625615763	35.8648368492571	2.60097847042655e-128	1.85572549357706e-127	282.47278780613	MVP
ENSG00000106554	1.23574236453201	4.8632618226601	35.8541343986874	2.85342595402977e-128	2.03361232653719e-127	282.380092333759	CHCHD3
ENSG00000204767	5.09685467980295	-0.774985467980296	35.8502562356515	2.95084175971162e-128	2.1022730466017e-127	282.346499457603	INSYN2B
ENSG00000177613	1.52691921182266	3.11216108374385	35.8355606271349	3.35119008828152e-128	2.38575434263015e-127	282.219188119545	CSTF2T
ENSG00000072110	2.30384482758621	6.90546674876847	35.8311002107339	3.4831473062015e-128	2.47879332329897e-127	282.180541179071	ACTN1
ENSG00000123268	1.86659458128079	4.04691798029556	35.826006850376	3.64020668490703e-128	2.58867973203978e-127	282.136407092537	ATF1
ENSG00000138381	1.70246945812808	4.31792733990148	35.8155307383221	3.98590712931333e-128	2.83348843656024e-127	282.045621109751	ASNSD1
ENSG00000138738	2.14971379310345	1.35979630541872	35.8152828682079	3.99447307954735e-128	2.83751337406449e-127	282.04347290077	PRDM5
ENSG00000144306	1.5481354679803	3.36484359605911	35.8004984051338	4.54019910015176e-128	3.2228322126831e-127	281.915326872996	SCRN3
ENSG00000253710	1.58276699507389	2.12189137931034	35.7976165136911	4.65497366620217e-128	3.30310440758616e-127	281.890344556254	ALG11
ENSG00000092531	1.16319556650247	5.01220467980295	35.7956881932072	4.73338969082086e-128	3.35752817923852e-127	281.873627899757	SNAP23
ENSG00000113391	1.4793842364532	2.95607044334975	35.789377266956	4.99939716933764e-128	3.54492813799696e-127	281.81891506826	FAM172A
ENSG00000141349	1.78298669950739	5.29698842364532	35.7800993765084	5.41789273924981e-128	3.83749401632547e-127	281.738470950725	G6PC3
ENSG00000174989	1.33655320197045	2.97152733990148	35.7591253350708	6.49790158075407e-128	4.59913048500891e-127	281.556575354454	FBXW8
ENSG00000165259	2.5418591133005	-0.175659113300493	35.7577815684942	6.57402958724579e-128	4.65132824742785e-127	281.544919772044	HDX
ENSG00000070367	1.74196403940886	3.99172438423646	35.7539087744131	6.79846859033948e-128	4.80838484228788e-127	281.5113266065	EXOC5
ENSG00000155099	1.59054630541872	3.48440221674877	35.7521629154119	6.90214036978162e-128	4.87994309356991e-127	281.496182162554	PIP4P2
ENSG00000176971	3.14769064039409	4.32443842364532	35.7519237547848	6.91646487983274e-128	4.88830223080258e-127	281.494107535286	FIBIN
ENSG00000116095	2.1218157635468	2.59557980295566	35.7274162160556	8.55394265254423e-128	6.04124131969712e-127	281.281475944505	PLEKHA3
ENSG00000048342	2.19039901477832	2.47834975369458	35.6858237817709	1.2270318234337e-127	8.65343049207558e-127	280.920440455272	CC2D2A
ENSG00000142089	2.19170837438424	9.38035270935961	35.6853771904218	1.23179592500566e-127	8.68389464879529e-127	280.91656272352	IFITM3
ENSG00000203668	2.35809310344828	1.92823768472907	35.68136819315	1.27540105095857e-127	8.98805890293273e-127	280.881751667725	CHML
ENSG00000166780	2.0559645320197	4.0139684729064	35.656875461645	1.57749232152086e-127	1.10969600241759e-126	280.669031795898	BMERB1
ENSG00000107651	1.4577354679803	4.25099729064039	35.6550652466758	1.60247696679586e-127	1.12686595484436e-126	280.653307055389	SEC23IP
ENSG00000137124	3.50430049261084	2.8566157635468	35.6527625255039	1.63483283829977e-127	1.14920515561346e-126	280.633303481814	ALDH1B1
ENSG00000075407	1.73769901477832	2.29102192118227	35.6510811975983	1.65887002132828e-127	1.16568277442636e-126	280.618697486771	ZNF37A
ENSG00000137500	1.57731921182266	4.89330640394089	35.6483313750208	1.69894834877952e-127	1.19341655757906e-126	280.594808523826	CCDC90B
ENSG00000101194	3.33535024630542	2.55889285714286	35.639698026758	1.83119110285877e-127	1.28538565129548e-126	280.519800525082	SLC17A9
ENSG00000076662	1.52083054187192	2.55308669950739	35.6316111791445	1.96440111681776e-127	1.37790117102845e-126	280.449532135075	ICAM3
ENSG00000069966	1.41159014778325	3.53514532019704	35.6246599890721	2.08663657917246e-127	1.46259153623344e-126	280.389125164785	GNB5
ENSG00000170043	1.02017536945813	7.07408768472906	35.6224011836994	2.1279751020226e-127	1.49103224968539e-126	280.369494474329	TRAPPC1
ENSG00000150753	1.40735911330049	6.89408448275863	35.6178892752862	2.21301989331811e-127	1.54895539954235e-126	280.330280734514	CCT5
ENSG00000189171	1.78243300492611	7.09315689655172	35.6158516734687	2.25253449708027e-127	1.57604830440181e-126	280.312570764033	S100A13
ENSG00000068366	2.0225315270936	3.73948842364532	35.6123748657229	2.32159789687305e-127	1.62378905156382e-126	280.282350623505	ACSL4
ENSG00000145907	1.58090738916256	5.35893300492611	35.6108038141012	2.35349722555103e-127	1.64492284627032e-126	280.268694668394	G3BP1
ENSG00000122008	1.99972167487685	2.95332684729064	35.5837967062808	2.97589255838567e-127	2.07844504560303e-126	280.033894031496	POLK
ENSG00000198707	1.7490960591133	2.0718263546798	35.5814786703075	3.03644585145371e-127	2.1192223153253e-126	280.01373668994	CEP290
ENSG00000166337	1.00236551724138	6.84133694581281	35.5788363142562	3.10697800453293e-127	2.16767455068127e-126	279.990758280551	TAF10
ENSG00000176890	3.012939408867	4.31244064039409	35.5764028325374	3.17338548365991e-127	2.21321552896795e-126	279.969595505462	TYMS
ENSG00000088812	1.32167684729064	3.94695911330049	35.5541471131493	3.8506780441345e-127	2.68366442005979e-126	279.776014156372	ATRN
ENSG00000099999	1.35638128078818	3.05750738916256	35.5534096492809	3.87544488308124e-127	2.69996234956055e-126	279.76959859528	RNF215
ENSG00000198841	1.75498128078818	2.92468128078818	35.5440965482128	4.2022946397396e-127	2.92558752582085e-126	279.688573473512	KTI12
ENSG00000042286	2.11645073891626	2.9483578817734	35.5400479416249	4.35286231904564e-127	3.02825330860769e-126	279.653346705459	AIFM2
ENSG00000112419	1.81365763546798	2.03457857142857	35.5334135555184	4.61136783587848e-127	3.20695196614724e-126	279.59561672378	PHACTR2
ENSG00000087053	1.39793300492611	3.37032955665025	35.5291381838991	4.78604774170241e-127	3.32606489930116e-126	279.558411089828	MTMR2
ENSG00000272031	2.55224679802956	-0.362055418719212	35.526189868958	4.91035428456051e-127	3.41123865726561e-126	279.532752585872	ANKRD34A
ENSG00000204406	1.4325433497537	3.40407955665025	35.4996364112687	6.18623930636037e-127	4.29454666163035e-126	279.301614824223	MBD5
ENSG00000144118	1.2480566502463	5.00389088669951	35.495222295452	6.42844785066103e-127	4.46110539409154e-126	279.263183045936	RALB
ENSG00000011028	2.52943300492611	5.91417857142857	35.4822584203097	7.19611737558876e-127	4.9902954490332e-126	279.150298111708	MRC2
ENSG00000163739	7.42566108374384	2.17637290640394	35.4762221544025	7.58425924914592e-127	5.25573029244005e-126	279.097729202484	CXCL1
ENSG00000183775	6.21030689655172	-4.47556330049259	35.4504857144981	9.48877182829948e-127	6.56852919123728e-126	278.873543203472	KCTD16
ENSG00000126860	3.44444926108374	1.17359458128079	35.4368191534801	1.06878715145423e-126	7.38812823265603e-126	278.754462191277	EVI2A
ENSG00000163462	2.56382709359606	-0.27768645320197	35.4038384697535	1.42446667024187e-126	9.83289567992463e-126	278.466994655383	TRIM46
ENSG00000072756	1.35696354679803	3.09866305418719	35.3924310067676	1.57332642872171e-126	1.08489573288919e-125	278.367532700226	TRNT1
ENSG00000173210	2.55632413793103	3.84878128078818	35.3878381131698	1.63757286606423e-126	1.12879890471348e-125	278.32748253419	ABLIM3
ENSG00000126247	1.43170049261084	8.50004039408867	35.3827122296466	1.71238291311668e-126	1.1795342576005e-125	278.282781554073	CAPNS1
ENSG00000198791	1.55920837438424	4.76365443349754	35.3733587228786	1.85782745815604e-126	1.27926935120808e-125	278.201204498043	CNOT7
ENSG00000168060	1.68480689655172	3.01730147783251	35.3633257320847	2.02762259311894e-126	1.39471315433757e-125	278.113689082831	NAALADL1
ENSG00000117586	4.44855566502463	-0.262354187192118	35.3555966055628	2.16895679764087e-126	1.49035702318909e-125	278.046261117013	TNFSF4
ENSG00000105281	2.29098620689656	6.43949753694581	35.3537026083686	2.20507005616453e-126	1.5146389819883e-125	278.029736970487	SLC1A5
ENSG00000117475	1.4588197044335	3.53690098522168	35.3513903812134	2.24997527621115e-126	1.54494085902032e-125	278.009563373344	BLZF1
ENSG00000020426	1.65335369458128	4.1390315270936	35.3462692078786	2.35272052176785e-126	1.61435619509787e-125	277.964880042059	MNAT1
ENSG00000132356	1.53991182266011	4.74394802955665	35.3440195952091	2.39932737731622e-126	1.64518089850925e-125	277.945250650319	PRKAA1
ENSG00000134779	1.29624088669951	5.87109285714286	35.3229474147279	2.88338194997029e-126	1.97570301775313e-125	277.761350783143	TPGS2
ENSG00000182004	1.35069113300492	6.60046724137931	35.3224381504212	2.89621872133081e-126	1.98380323351724e-125	277.756905672498	SNRPE
ENSG00000170961	4.09704876847291	1.85986133004926	35.3193656894071	2.97488833602967e-126	2.03697504774673e-125	277.730087023084	HAS2
ENSG00000128394	2.7816527093596	1.01993965517241	35.3141702742434	3.11281618206309e-126	2.1306708872111e-125	277.684735007083	APOBEC3F
ENSG00000164323	1.63780591133005	3.45960443349754	35.312017285055	3.1718343366314e-126	2.17030765428749e-125	277.665940058856	CFAP97
ENSG00000156162	1.48952216748768	3.32491034482759	35.3100222972746	3.22752134570717e-126	2.20763815673117e-125	277.648523896038	DPY19L4
ENSG00000139168	1.41624433497537	5.03916600985222	35.2803256158738	4.18224826294534e-126	2.85767466973699e-125	277.389213996616	ZCRB1
ENSG00000171492	2.35096699507389	3.08747610837438	35.2737386380001	4.4297458302588e-126	3.0241627741357e-125	277.331681842873	LRRC8D
ENSG00000136732	2.34994187192119	5.51740049261083	35.2737178789599	4.4305485735086e-126	3.0241627741357e-125	277.331500520113	GYPC
ENSG00000136877	1.34275221674877	4.87372733990148	35.2726802999401	4.47085751283975e-126	3.05061094678472e-125	277.322437571165	FPGS
ENSG00000134440	1.31610886699507	6.34788103448276	35.261076970984	4.94745135863326e-126	3.37345060887687e-125	277.221076683798	NARS1
ENSG00000166741	3.40795221674877	8.48569482758621	35.2587963910508	5.04694489112055e-126	3.43889111095808e-125	277.201152688986	NNMT
ENSG00000134986	3.07297881773399	4.18185246305419	35.2553484928025	5.2011828934334e-126	3.54275064843065e-125	277.171029327353	NREP
ENSG00000134375	1.37975911330049	5.01441453201971	35.2509570618167	5.40448437088831e-126	3.67994542076304e-125	277.132660412636	TIMM17A
ENSG00000174899	3.0732275862069	1.8875802955665	35.2464760931578	5.62013841629955e-126	3.82545262735374e-125	277.09350669184	SLC66A1L
ENSG00000109323	1.58861428571429	3.24400517241379	35.2451412719405	5.68602987834649e-126	3.868955288393e-125	277.081842829707	MANBA
ENSG00000103429	1.3935157635468	5.13849236453202	35.2133380757953	7.50666606955633e-126	5.09712537634711e-125	276.803875721437	BFAR
ENSG00000136840	1.9162197044335	3.85788275862069	35.1886929075868	9.31044987332613e-126	6.313144046653e-125	276.588384070122	ST6GALNAC4
ENSG00000102805	1.25453645320197	4.02418399014779	35.1857006160104	9.55714286659798e-126	6.47817155390419e-125	276.56221497362	CLN5
ENSG00000147679	1.71642068965517	2.89113743842365	35.1788464843054	1.01471752686736e-125	6.87334832237158e-125	276.502267904462	UTP23
ENSG00000124802	2.11077536945813	3.9480763546798	35.1746543348833	1.05258963427754e-125	7.12741047576287e-125	276.465599949251	EEF1E1
ENSG00000110218	2.00297438423645	3.51435221674877	35.154522567104	1.25514863468554e-125	8.49017466909825e-125	276.289480364522	PANX1
ENSG00000140262	1.72195369458128	4.66385369458128	35.1538907091679	1.26210226643112e-125	8.53425691716158e-125	276.283951831828	TCF12
ENSG00000182827	1.28731379310345	4.67015886699507	35.1452409957525	1.3612652656696e-125	9.20160699471298e-125	276.20826486982	ACBD3
ENSG00000165609	1.08857536945813	5.47281625615763	35.1409539657965	1.41326867040994e-125	9.54652483828242e-125	276.170748900224	NUDT5
ENSG00000148926	3.46680246305419	8.27324802955665	35.1339459390815	1.5025989949996e-125	1.01429324905983e-124	276.109416411097	ADM
ENSG00000089472	2.90902807881774	2.78176133004926	35.1273085906752	1.59241400746908e-125	1.07417861698173e-124	276.051322320269	HEPH
ENSG00000108946	1.29869359605912	6.70059507389163	35.1256759923979	1.61531791490285e-125	1.08925268091896e-124	276.037031984429	PRKAR1A
ENSG00000198945	1.75704187192118	1.91370073891626	35.1222790290838	1.66403739049623e-125	1.12133167879577e-124	276.007296869447	L3MBTL3
ENSG00000188690	1.15208866995073	5.00352955665025	35.1146831353573	1.77837020070837e-125	1.19755032605937e-124	275.940801427046	UROS
ENSG00000180346	2.11665024630542	1.82070246305419	35.1000151580136	2.02189753709331e-125	1.36060336328779e-124	275.812375545014	TIGD2
ENSG00000105971	1.90731379310345	5.63985049261084	35.0974826091255	2.06720613039817e-125	1.39061418933704e-124	275.790199008639	CAV2
ENSG00000187792	1.6276118226601	-0.0239113300492611	35.0865399584757	2.27496124410498e-125	1.52931863200205e-124	275.694369256788	ZNF70
ENSG00000197646	3.06583103448276	0.815634236453201	35.0822993930587	2.36098410040303e-125	1.5866008008967e-124	275.657228661645	PDCD1LG2
ENSG00000185404	2.26505960591133	2.98709975369458	35.0710783957073	2.60465721634119e-125	1.74914815538624e-124	275.558939716381	SP140L
ENSG00000231924	7.63964926108373	-4.51081871921181	35.0546102871594	3.00862339260987e-125	2.01973611605572e-124	275.41466072295	PSG1
ENSG00000197157	1.27804532019704	6.23019458128079	35.0454502272556	3.25989666907703e-125	2.18691729169596e-124	275.334393648173	SND1
ENSG00000243646	1.23875566502464	4.65105073891625	35.045082714785	3.27040540228582e-125	2.19321422002297e-124	275.331173018107	IL10RB
ENSG00000182218	2.47532512315271	-0.255929064039409	35.0450093522591	3.27250720593754e-125	2.19387086855682e-124	275.33053011665	HHIPL1
ENSG00000040633	1.3043763546798	4.79697733990148	35.0333313136317	3.62492884034165e-125	2.42763397525554e-124	275.228182767832	PHF23
ENSG00000127463	1.4547842364532	4.64756256157635	35.0245665312376	3.91419366574823e-125	2.61956070602918e-124	275.151356203244	EMC1
ENSG00000083099	1.98653300492611	3.76420541871921	35.0084028006094	4.50965229945948e-125	3.0139406715471e-124	275.00964982293	LYRM2
ENSG00000163527	1.28396157635468	5.39483251231527	35.001950309947	4.77197176961092e-125	3.1870769761359e-124	274.953072094401	STT3B
ENSG00000150756	1.72515665024631	2.65023103448276	34.9999920846243	4.85456473616773e-125	3.24113098989374e-124	274.9359006458	ATPSCKMT
ENSG00000101052	1.28758177339901	4.33759187192118	34.9959886279689	5.02790344235706e-125	3.35571342454036e-124	274.900793304864	IFT52
ENSG00000072840	2.2158684729064	3.24974507389162	34.9814872190578	5.70932421544864e-125	3.80790490847431e-124	274.773609876107	EVC
ENSG00000104321	8.44060197044335	-0.869438423645322	34.9778314821815	5.8952416883067e-125	3.92654441284558e-124	274.741543366117	TRPA1
ENSG00000139874	4.28858571428572	-0.504154926108374	34.9665702312245	6.5069323498864e-125	4.33101062607221e-124	274.642754099412	SSTR1
ENSG00000175573	1.4995	5.588789408867	34.9578419719879	7.02444356970536e-125	4.67387389306034e-124	274.566174537535	C11orf68
ENSG00000128165	4.44320591133005	-0.034977832512315	34.9562699616582	7.12193984298176e-125	4.73713234892953e-124	274.552381095953	ADM2
ENSG00000035862	2.11723743842365	8.04541428571428	34.9489448811384	7.59442186936168e-125	5.04796572010428e-124	274.488103845732	TIMP2
ENSG00000157800	1.18054334975369	4.19346724137931	34.9471960674781	7.71179067599899e-125	5.12423710949923e-124	274.472757088863	SLC37A3
ENSG00000122420	3.14047438423645	2.62689532019705	34.9427740469626	8.01673706949479e-125	5.32324416622722e-124	274.433949827228	PTGFR
ENSG00000085231	1.64511871921182	4.81287216748769	34.9230776740643	9.52860468238986e-125	6.3207057944081e-124	274.261066378063	AK6
ENSG00000144959	2.70978916256158	1.07860295566503	34.9146647443315	1.02585056045789e-124	6.80256927467529e-124	274.187207668241	NCEH1
ENSG00000143771	1.0399157635468	5.4711224137931	34.9116990913063	1.05289411066662e-124	6.97953077023307e-124	274.161169518197	CNIH4
ENSG00000136628	1.54022955665025	5.53640049261084	34.9090321844623	1.07782271590038e-124	7.14235724453214e-124	274.13775338814	EPRS1
ENSG00000147400	1.05074187192119	4.81446206896552	34.900426104985	1.16237080281771e-124	7.70001702666567e-124	274.062183700423	CETN2
ENSG00000153147	1.43546256157635	4.11405443349754	34.8927784955615	1.24306190288e-124	8.23175727078309e-124	273.995022502681	SMARCA5
ENSG00000115677	1.04086354679803	7.87094901477833	34.8730154820469	1.4785369436206e-124	9.78116755322739e-124	273.821429993606	HDLBP
ENSG00000135045	1.57018866995074	1.52637709359606	34.8481521352295	1.83926811281713e-124	1.21470015074932e-123	273.602968006543	C9orf40
ENSG00000175792	1.50738374384237	4.89714261083744	34.8473496258341	1.85227668056569e-124	1.22287807066266e-123	273.595915458723	RUVBL1
ENSG00000156587	1.29915123152709	5.52358251231527	34.8131722594478	2.50088030743613e-124	1.64885974925496e-123	273.295485664671	UBE2L6
ENSG00000106460	1.3766527093596	3.69494162561577	34.801942496487	2.76025038435083e-124	1.8192517035745e-123	273.196740511925	TMEM106B
ENSG00000163807	1.32708571428572	3.23917290640394	34.7957877559738	2.91366366196812e-124	1.91971730553543e-123	273.142614150336	KIAA1143
ENSG00000154582	1.1888118226601	5.94730738916256	34.7750887589025	3.49507822838851e-124	2.29969086663866e-123	272.960546989517	ELOC
ENSG00000143742	1.36735467980296	6.59320640394089	34.774778290287	3.50463084044192e-124	2.30520013072757e-123	272.957815716425	SRP9
ENSG00000147471	1.37631477832512	4.16107512315271	34.7667099750637	3.76226314334615e-124	2.47299516808848e-123	272.886832407527	PLPBP
ENSG00000106803	1.06103054187192	7.28291330049261	34.7597799679319	3.99864214533788e-124	2.62572126358175e-123	272.825857165606	SEC61B
ENSG00000116584	2.33274630541872	4.81926477832513	34.7419508901634	4.67743576974214e-124	3.06733053061412e-123	272.668956268516	ARHGEF2
ENSG00000114416	1.32451231527094	5.87894975369458	34.7340703166589	5.01316427740126e-124	3.28638900734571e-123	272.599592289557	FXR1
ENSG00000132357	2.3737157635468	1.68783226600985	34.7101899523117	6.18523986506664e-124	4.05338556147325e-123	272.389352231256	CARD6
ENSG00000161638	2.66988916256158	6.36624162561576	34.7099779906759	6.19678703249967e-124	4.05959142437508e-123	272.387485824203	ITGA5
ENSG00000054965	1.3712197044335	3.34259852216748	34.7088052046849	6.26106899018681e-124	4.10032876026242e-123	272.377158872148	FAM168A
ENSG00000101236	1.51775172413793	3.5284354679803	34.6961794717491	6.99686883232543e-124	4.57912962897868e-123	272.265972208073	RNF24
ENSG00000177150	1.93355960591133	2.73850640394089	34.6838927552846	7.79599594108325e-124	5.09870658235103e-123	272.157751832197	FAM210A
ENSG00000127989	1.58533497536946	2.37684285714286	34.6820409024085	7.92412488701421e-124	5.18077111214559e-123	272.141439222992	MTERF1
ENSG00000185009	1.14234926108374	3.9140578817734	34.6623561720606	9.42363315780115e-124	6.1549678866895e-123	271.968013683352	AP3M1
ENSG00000063438	2.28797290640394	2.53581403940887	34.6538140256293	1.01598412295259e-123	6.6335989745204e-123	271.892740910929	AHRR
ENSG00000086289	2.88867684729064	2.14565024630542	34.6500974919563	1.0497881320739e-123	6.85202394020982e-123	271.859988227572	EPDR1
ENSG00000128340	2.7125472906404	3.5605460591133	34.6319447169518	1.23180493165472e-123	8.03200933413295e-123	271.699988416831	RAC2
ENSG00000160199	1.23673743842365	2.67965640394089	34.630871091284	1.24351053519928e-123	8.10563138054179e-123	271.69052411075	PKNOX1
ENSG00000196465	1.26420689655172	5.31949852216748	34.6253009423993	1.306053689436e-123	8.50763373298608e-123	271.641419391198	MYL6B
ENSG00000180488	1.49921280788177	2.07714679802956	34.6251347301819	1.30796760990749e-123	8.51726192362954e-123	271.639954055572	MIGA1
ENSG00000164713	1.22529310344828	7.6514184729064	34.6168757287873	1.40669314274789e-123	9.15709440225826e-123	271.567137899384	BRI3
ENSG00000160062	1.68605467980296	0.863801231527094	34.6074546708196	1.52845551341611e-123	9.94310174539867e-123	271.484065924478	ZBTB8A
ENSG00000101871	2.25087586206897	2.16714482758621	34.589110421961	1.79666976643691e-123	1.16840334694543e-122	271.3222800504	MID1
ENSG00000256229	2.01577931034483	0.732615763546798	34.5861038261771	1.84492289543873e-123	1.19898514209058e-122	271.29575955202	ZNF486
ENSG00000078237	2.63567733990148	2.42961502463054	34.575256697083	2.03005448549137e-123	1.31798421114526e-122	271.200070060746	TIGAR
ENSG00000111860	1.8453842364532	0.559199507389162	34.5740573471012	2.05163423066695e-123	1.33155217986362e-122	271.189488917777	CEP85L
ENSG00000087263	1.65218768472906	4.60508891625616	34.572055778781	2.08816110040252e-123	1.35480890518148e-122	271.171829883255	OGFOD1
ENSG00000140682	1.85726798029557	5.12403743842364	34.5470225605521	2.60396642076772e-123	1.68778480247571e-122	270.950929372565	TGFB1I1
ENSG00000119977	1.15434187192118	4.69265418719212	34.5100220473322	3.60911932458119e-123	2.33386531571693e-122	270.624281896144	TCTN3
ENSG00000277443	1.84646157635468	5.37907807881773	34.5017715220028	3.88170871718116e-123	2.50930703774906e-122	270.551421284738	MARCKS
ENSG00000058729	1.70590295566502	4.02210467980296	34.498363735688	4.00023045735187e-123	2.58506956341171e-122	270.521324539339	RIOK2
ENSG00000176225	1.90166995073891	3.06859950738916	34.4956435466222	4.09743403441874e-123	2.64701011241689e-122	270.49729944087	RTTN
ENSG00000121486	1.7348684729064	2.44410714285714	34.4758978513194	4.87767370096688e-123	3.14793591361608e-122	270.322874807095	TRMT1L
ENSG00000143106	1.08121182266009	5.53649014778326	34.4627164642073	5.47973035571913e-123	3.53415480565885e-122	270.206409103527	PSMA5
ENSG00000112339	1.29703201970443	4.85873571428571	34.4616693900453	5.53063238107661e-123	3.56580725803362e-122	270.197156621356	HBS1L
ENSG00000174405	2.30604384236453	1.88590566502463	34.4547872599725	5.87719005815655e-123	3.78674738267377e-122	270.136339180951	LIG4
ENSG00000124795	1.54976009852217	5.54261600985221	34.4402928312476	6.67987704538424e-123	4.30251012593602e-122	270.008232356469	DEK
ENSG00000146223	1.22458226600985	5.49009162561576	34.4221874529731	7.83852614779957e-123	5.04380895555809e-122	269.848173671281	RPL7L1
ENSG00000105429	1.5862433497537	3.24545862068965	34.4048271688878	9.13815206765189e-123	5.87233698474361e-122	269.694663289584	MEGF8
ENSG00000136897	1.68832709359606	2.44529507389163	34.4038246934623	9.21947319057212e-123	5.92070144890438e-122	269.685797626388	MRPL50
ENSG00000164743	2.73938719211823	0.0368379310344826	34.3979802109779	9.70822038964317e-123	6.23252440388984e-122	269.634107850927	C8orf48
ENSG00000074621	1.68225320197044	2.51714384236453	34.3955519568871	9.91883827615692e-123	6.36146825049749e-122	269.612630624566	SLC24A1
ENSG00000015479	1.16773842364532	6.53888399014778	34.379195832072	1.14618410165302e-122	7.34625441603913e-122	269.467946016122	MATR3
ENSG00000186222	1.17107536945813	3.48238300492611	34.3754485055798	1.18479433858593e-122	7.5912298244742e-122	269.434792823622	BLOC1S4
ENSG00000160932	1.61391527093596	7.39928472906404	34.3603648273722	1.35384026999601e-122	8.6686587667962e-122	269.301327311471	LY6E
ENSG00000077782	2.19664827586206	5.82393793103448	34.3543361010228	1.42798109050076e-122	9.13739570090568e-122	269.247975108088	FGFR1
ENSG00000168803	1.85855024630542	1.90053768472906	34.3459109402311	1.5384556673854e-122	9.83786016100964e-122	269.1734076269	ADAL
ENSG00000023608	2.35723694581281	3.06910320197044	34.3441568685132	1.56251131630312e-122	9.98841875799658e-122	269.157881971296	SNAPC1
ENSG00000169255	2.22012512315271	1.73627881773399	34.3304109740293	1.76454684370511e-122	1.12725643738755e-121	269.036200821745	B3GALNT1
ENSG00000259207	3.11041330049261	1.71206428571428	34.3197301083033	1.93943334686005e-122	1.2385753746516e-121	268.941635499589	ITGB3
ENSG00000185842	3.21404384236453	0.634199261083743	34.3134225390284	2.05076016004948e-122	1.30881629809559e-121	268.885783369793	DNAH14
ENSG00000162512	2.23434137931035	3.67574014778325	34.3002926895338	2.30345580964051e-122	1.46960931870698e-121	268.769505453621	SDC3
ENSG00000115514	1.68115073891626	4.00716748768473	34.2871651343625	2.58729212906115e-122	1.65015870711857e-121	268.653226239618	TXNDC9
ENSG00000113812	1.00848571428571	3.80842413793103	34.2850706534033	2.63571252621877e-122	1.68049246940839e-121	268.634672072995	ACTR8
ENSG00000204186	2.15189359605911	0.488202955665024	34.2737094440906	2.91462189925661e-122	1.85771497571013e-121	268.534018090829	ZDBF2
ENSG00000184226	3.73970640394088	-1.35428916256158	34.273336470721	2.92426304814949e-122	1.86325231453986e-121	268.530713480216	PCDH9
ENSG00000196141	1.21049162561577	5.455160591133	34.2728073643731	2.93799497002931e-122	1.87139171135309e-121	268.526025473623	SPATS2L
ENSG00000108854	1.78938916256157	3.8245802955665	34.2722607811921	2.95224829454012e-122	1.87924547791215e-121	268.521182581313	SMURF2
ENSG00000116874	1.46939261083744	2.82923916256157	34.2707908487106	2.99092445356176e-122	1.90324473042996e-121	268.50815834904	WARS2
ENSG00000115594	2.34830147783251	5.8706354679803	34.2692481731783	3.03206050570061e-122	1.9287931771615e-121	268.494489290712	IL1R1
ENSG00000185379	1.41237044334975	2.41016896551724	34.259958098887	3.29204644409339e-122	2.0921356621292e-121	268.412167182308	RAD51D
ENSG00000122912	1.30476256157635	2.47015862068965	34.2517980710005	3.53876684408301e-122	2.24746771748685e-121	268.339849822174	SLC25A16
ENSG00000165060	1.79981724137931	3.08589334975369	34.2489518806967	3.62911000372931e-122	2.3033474404962e-121	268.314623805772	FXN
ENSG00000125965	7.34411625615763	-1.40785320197044	34.2466747212014	3.70305185607479e-122	2.34951426530564e-121	268.294440424231	GDF5
ENSG00000159131	1.51959802955665	4.93876650246306	34.2407034509623	3.90419151683971e-122	2.47552597735502e-121	268.241511563402	GART
ENSG00000114978	1.01679211822661	5.00649852216748	34.2305570249885	4.27138384394092e-122	2.70659478204583e-121	268.151564202944	MOB1A
ENSG00000113578	4.09785714285715	0.892706403940885	34.2171883702722	4.8085251428369e-122	3.04498374404792e-121	268.033032298647	FGF1
ENSG00000203778	1.93134926108374	3.24970714285714	34.216527633285	4.83676174048758e-122	3.06187230102392e-121	268.027173355871	FAM229B
ENSG00000145349	1.72610886699507	4.47533177339902	34.2046199402025	5.37507775615617e-122	3.4015469401167e-121	267.921575071809	CAMK2D
ENSG00000070081	2.24060886699508	4.79721921182266	34.2034266662436	5.4322259057911e-122	3.43659950310682e-121	267.910992051877	NUCB2
ENSG00000163848	1.72278226600985	2.65489753694581	34.1989882126928	5.65018547797446e-122	3.57333089354618e-121	267.87162631193	ZNF148
ENSG00000116030	1.22160738916256	5.99028251231527	34.1984700219906	5.67619673232331e-122	3.58861975228283e-121	267.867030189678	SUMO1
ENSG00000151572	6.73541428571428	-1.40377413793103	34.1700404777966	7.3032667240061e-122	4.61132272441122e-121	267.614821119142	ANO4
ENSG00000198836	1.59402660098522	4.47205369458128	34.1357311384134	9.90088312179553e-122	6.23937626462845e-121	267.310315263036	OPA1
ENSG00000136630	2.40309950738916	3.5109842364532	34.128588322859	1.05486172829598e-121	6.64542485311414e-121	267.246902036523	HLX
ENSG00000167291	2.02375024630542	3.79079581280788	34.1246223658371	1.09264165422313e-121	6.88121276404397e-121	267.211689891794	TBC1D16
ENSG00000103876	1.42515418719212	4.1681578817734	34.1073790075458	1.2733048331389e-121	8.01124373766914e-121	267.058570094729	FAH
ENSG00000132432	1.62189507389162	7.37674408866995	34.100412996487	1.35451391918362e-121	8.51670238374717e-121	266.996701841787	SEC61G
ENSG00000255529	1.61376945812807	4.04535763546798	34.0847045145796	1.55719446905172e-121	9.78164394542225e-121	266.857165481612	POLR2M
ENSG00000242247	1.24325862068966	4.47453768472906	34.0843290365891	1.56239399320366e-121	9.8111514830289e-121	266.853829781983	ARFGAP3
ENSG00000133026	1.89147093596059	3.71719014778325	34.0738533052199	1.71468483637486e-121	1.07605558999478e-120	266.76075756768	MYH10
ENSG00000168005	1.48561330049261	2.95359630541872	34.0728835782694	1.72951293358304e-121	1.08501257618234e-120	266.752141279469	SPINDOC
ENSG00000137959	3.60198325123153	1.75316403940887	34.0703341095756	1.76911245409129e-121	1.10949921623402e-120	266.729487993148	IFI44L
ENSG00000119004	1.07245221674877	2.79163645320197	34.0612317745657	1.918050565071e-121	1.2025198634141e-120	266.64860261279	CYP20A1
ENSG00000271303	1.9665197044335	4.18322586206896	34.0386760607977	2.34352292956676e-121	1.46785657338441e-120	266.448122761921	SRXN1
ENSG00000169139	1.60113497536946	5.03689359605912	34.02568142529	2.63032169482061e-121	1.64696400385083e-120	266.332594807409	UBE2V2
ENSG00000198331	1.78438866995074	1.63866034482759	34.0106433980555	3.00638366508022e-121	1.88062578690774e-120	266.19887380094	HYLS1
ENSG00000198715	1.19780541871921	5.63383472906404	34.0029917776271	3.21794530599251e-121	2.0116790521339e-120	266.130823255768	GLMP
ENSG00000103888	4.65829113300493	4.02255049261084	33.9690046001895	4.35314595615939e-121	2.71612957456152e-120	265.828465823198	CEMIP
ENSG00000181704	1.14450492610837	3.44006034482758	33.9646410702673	4.52538341534029e-121	2.82269526660006e-120	265.789636415123	YIPF6
ENSG00000144061	1.71568325123153	1.4660145320197	33.9572755338487	4.83174237225127e-121	3.01282416842803e-120	265.724087871442	NPHP1
ENSG00000176624	1.69491133004926	3.81647044334975	33.9534796839218	4.99765047899147e-121	3.11528183924885e-120	265.690304591237	MEX3C
ENSG00000049883	1.75384679802956	2.39805098522167	33.9353339286245	5.87310476410396e-121	3.65982823023341e-120	265.528781399856	PTCD2
ENSG00000151012	4.30541773399015	0.651710344827586	33.9214166688572	6.64731033242631e-121	4.13963475195268e-120	265.404869922811	SLC7A11
ENSG00000198792	1.26213004926108	4.70770886699508	33.8802462263441	9.58949857568754e-121	5.96618851213263e-120	265.038169359159	TMEM184B
ENSG00000156239	1.77346009852216	2.11232167487685	33.8551271932314	1.19933974112169e-120	7.44756823037814e-120	264.814332654532	N6AMT1
ENSG00000106853	1.44865418719212	5.61259162561576	33.8406706473915	1.3641671613508e-120	8.46034740308387e-120	264.685473978918	PTGR1
ENSG00000196458	1.58169556650247	2.45020443349754	33.8339251758771	1.44865989913471e-120	8.9729672738163e-120	264.62533914651	ZNF605
ENSG00000166997	1.70270492610837	3.6533854679803	33.8136294478467	1.73583081320299e-120	1.07346853644344e-119	264.444371522846	CNPY4
ENSG00000182197	1.98297733990148	5.21579753694582	33.7883446731673	2.17463528379069e-120	1.34228435615407e-119	264.218846737451	EXT1
ENSG00000135678	2.52490591133005	5.5160184729064	33.7828880182013	2.28304285304678e-120	1.40830882052526e-119	264.170166200622	CPM
ENSG00000135974	1.22235221674876	3.26798842364532	33.7667135074245	2.63724024529086e-120	1.6257712578383e-119	264.025846401402	C2orf49
ENSG00000128059	1.76970295566502	2.1584224137931	33.753675427114	2.96244218716568e-120	1.82567156170267e-119	263.909488096433	PPAT
ENSG00000183741	1.98787536945813	3.43908103448276	33.7481556185737	3.11194888383859e-120	1.91599574946357e-119	263.860220173124	CBX6
ENSG00000251349	3.85368374384237	-0.262643842364532	33.7473489788504	3.13442112143542e-120	1.92922386000286e-119	263.853020063488	MSANTD3-TMEFF1
ENSG00000162545	2.49068078817734	3.98163300492611	33.7465393215329	3.15714087640784e-120	1.94259593850006e-119	263.845792936758	CAMK2N1
ENSG00000167193	1.51558916256158	4.76497881773399	33.740642706334	3.32765695860882e-120	2.04687038983738e-119	263.793156360984	CRK
ENSG00000260916	1.94705123152709	4.2726197044335	33.724458822703	3.84456890130517e-120	2.36259639840584e-119	263.648667356148	CCPG1
ENSG00000073008	1.90004433497537	3.86361477832512	33.7167256882594	4.11923835671093e-120	2.53059276852704e-119	263.579614698232	PVR
ENSG00000112319	5.5998369458128	-1.91937118226601	33.7071947148137	4.48495490063357e-120	2.75439939246327e-119	263.494498027636	EYA4
ENSG00000176410	1.26765566502463	2.7351854679803	33.7022933376231	4.68551443338818e-120	2.87576391511532e-119	263.450721692601	DNAJC30
ENSG00000165424	2.26660738916256	3.97350172413793	33.6996267177581	4.7983778353096e-120	2.94410987936013e-119	263.426903686339	ZCCHC24
ENSG00000109133	1.65164876847291	3.85832536945813	33.6974019708372	4.89461997402584e-120	3.00221793887047e-119	263.407031768293	TMEM33
ENSG00000047621	1.61753300492611	2.7546197044335	33.6959022000549	4.96058843650657e-120	3.04172636417356e-119	263.393635143621	C12orf4
ENSG00000136866	2.31427783251232	0.121238916256158	33.6781895333253	5.81045058800018e-120	3.56060913736907e-119	263.235396379771	ZFP37
ENSG00000140451	3.22773645320197	1.34950270935961	33.6553363325058	7.12595056154449e-120	4.36400269112198e-119	263.031175896372	PIF1
ENSG00000104320	1.59985221674877	3.44231773399015	33.6227435322005	9.53451462186449e-120	5.82989626847547e-119	262.739807506403	NBN
ENSG00000137492	1.81338472906404	4.16240467980295	33.6169981957508	1.00368104729275e-119	6.13318793814723e-119	262.688432406606	THAP12
ENSG00000104442	1.33136798029556	3.40164359605911	33.6152120289786	1.01983060612619e-119	6.22992488431324e-119	262.672459568491	ARMC1
ENSG00000090861	1.59279901477832	5.67798719211823	33.6113680164282	1.05547434810311e-119	6.44564990957216e-119	262.638083043139	AARS1
ENSG00000091436	1.29507586206897	4.24005566502463	33.5689597415235	1.54205129443005e-119	9.39949045407116e-119	262.258708488028	MAP3K20
ENSG00000183431	1.26948374384237	5.15608719211823	33.5530465060623	1.77790085918316e-119	1.08337195479131e-118	262.116294369401	SF3A3
ENSG00000165046	2.48809014778325	0.868250492610837	33.5260909654925	2.26275293734933e-119	1.37838896202246e-118	261.874985874105	LETM2
ENSG00000130224	2.92199901477833	-0.674462068965517	33.5089478645626	2.63792999426637e-119	1.60543220018541e-118	261.721472000957	LRCH2
ENSG00000168487	1.6021960591133	4.88554285714286	33.5010910120918	2.83011452960682e-119	1.72185859706029e-118	261.651102802522	BMP1
ENSG00000247596	1.05138916256158	5.31005566502463	33.485381108935	3.25747260968365e-119	1.97888770676499e-118	261.510375322527	TWF2
ENSG00000075624	1.5606472906404	11.2961384236453	33.4853753402477	3.25764085183858e-119	1.97888770676499e-118	261.510323641634	ACTB
ENSG00000138131	3.36525960591133	2.45254162561576	33.4749494278078	3.57638555169321e-119	2.17183736641357e-118	261.416912501651	LOXL4
ENSG00000109738	2.86745073891626	1.02998349753695	33.4748994190407	3.57798738356279e-119	2.17213511803616e-118	261.416464414521	GLRB
ENSG00000247315	1.53447044334975	2.5301578817734	33.4702106134272	3.73141151652161e-119	2.26457279055483e-118	261.374450523901	ZCCHC3
ENSG00000218739	1.09079901477832	4.29823596059113	33.455283308801	4.26512769049605e-119	2.58527063671445e-118	261.240676602452	CEBPZOS
ENSG00000119927	2.74628965517241	1.95384975369458	33.4500124141598	4.4713201573182e-119	2.70689400601958e-118	261.193433812347	GPAM
ENSG00000244486	2.19735615763547	3.8539066502463	33.4357634183844	5.08009428305198e-119	3.0716337400805e-118	261.065703334757	SCARF2
ENSG00000165801	1.36614384236453	3.97845320197044	33.4356004975324	5.0875147707221e-119	3.07516899627131e-118	261.064242737234	ARHGEF40
ENSG00000069869	2.08892857142857	3.18765197044335	33.4326349848992	5.2244969648632e-119	3.15699195075315e-118	261.037656117045	NEDD4
ENSG00000168955	7.40705221674876	-4.7610896551724	33.4120094321994	6.28509184484422e-119	3.79201188119623e-118	260.85271208789	TM4SF20
ENSG00000165650	1.78400443349753	2.82217266009852	33.3950260103377	7.31850302297966e-119	4.40734009476328e-118	260.700386221856	PDZD8
ENSG00000170802	1.86354334975369	1.94135837438424	33.3802206397084	8.35732413999949e-119	5.02983764533015e-118	260.56756610908	FOXN2
ENSG00000043093	1.37371231527094	3.25058226600985	33.3777279906961	8.546210630317e-119	5.1419349796076e-118	260.545201671931	DCUN1D1
ENSG00000148677	5.72124827586207	1.51676995073892	33.3722765295989	8.97434356360583e-119	5.39677087586961e-118	260.496287605779	ANKRD1
ENSG00000143315	1.43585812807882	1.68102463054187	33.371809329158	9.01201986135811e-119	5.41719139128453e-118	260.492095405928	PIGM
ENSG00000102466	2.9851236453202	-1.01824162561576	33.3441579834704	1.15485547055166e-118	6.93552108344206e-118	260.243930733779	FGF14
ENSG00000180806	1.61090935960591	3.74963842364532	33.3415620316904	1.1820649133519e-118	7.09674732310996e-118	260.220627742979	HOXC9
ENSG00000178057	1.40894236453202	5.73578004926108	33.3076911276267	1.60189507961986e-118	9.6054721221023e-118	259.916502876347	NDUFAF3
ENSG00000117543	1.32246206896552	4.61850492610837	33.2992191030712	1.72845759817321e-118	1.03580246499543e-117	259.840410676318	DPH5
ENSG00000249992	3.09454482758621	2.25340246305419	33.2921293820254	1.84203572455331e-118	1.1035273491484e-117	259.776726866982	TMEM158
ENSG00000136051	1.42889310344828	4.0892263546798	33.2800265006123	2.05346591709964e-118	1.22906067234184e-117	259.667997575473	WASHC4
ENSG00000181163	1.80558669950739	9.567410591133	33.2506484598862	2.67341436469965e-118	1.59913876691034e-117	259.403996501128	NPM1
ENSG00000197006	1.26671674876848	6.10795541871922	33.2369297697811	3.02403808140126e-118	1.80720954699521e-117	259.280678801894	METTL9
ENSG00000033050	1.21496403940887	5.0598342364532	33.2320743442093	3.1588736932483e-118	1.88663538244066e-117	259.23702761709	ABCF2
ENSG00000135312	7.21561773399014	-1.38715714285714	33.2247769408627	3.37293390865997e-118	2.01325212104561e-117	259.171417064021	HTR1B
ENSG00000145604	2.04958522167488	3.03772561576355	33.2187750341637	3.55983887119278e-118	2.12351560503203e-117	259.117449272262	SKP2
ENSG00000258677	8.92703793103447	-4.70218399014777	33.2040673005357	4.06289587526875e-118	2.42050984074326e-117	258.985181653543	
ENSG00000122417	1.39450689655172	3.97750714285714	33.2040395350498	4.06390993116296e-118	2.42050984074326e-117	258.984931931184	ODF2L
ENSG00000138587	2.47602019704434	0.326460837438424	33.1976227758018	4.30519505680147e-118	2.56344063985418e-117	258.927217117496	MNS1
ENSG00000150540	2.43913399014778	4.68104236453202	33.1842890828595	4.85344361897378e-118	2.8881240926305e-117	258.80727230827	HNMT
ENSG00000156374	1.37475763546798	2.36610246305419	33.1839368107447	4.8688394481597e-118	2.89640366806505e-117	258.804103102286	PCGF6
ENSG00000188060	3.73986847290641	-0.134309113300493	33.1572870489704	6.18728796174804e-118	3.67401948795139e-117	258.564304424931	RAB42
ENSG00000158042	1.29925320197044	5.23238472906404	33.134621309906	7.58659216287864e-118	4.50219204515561e-117	258.360284927921	MRPL17
ENSG00000121864	1.42727733990148	3.96342684729064	33.1228081671602	8.43737236654493e-118	5.00252217193632e-117	258.253926746918	ZNF639
ENSG00000112992	1.26362216748769	4.25756625615764	33.1212347355016	8.55768021625708e-118	5.07231382426739e-117	258.239759235543	NNT
ENSG00000145390	2.30460492610837	4.46085467980295	33.1162992261816	8.94632096710346e-118	5.30106138081067e-117	258.195316864198	USP53
ENSG00000159840	1.49085172413793	7.2119224137931	33.10777460673	9.65967631278752e-118	5.71681994259521e-117	258.118548781091	ZYX
ENSG00000153029	1.70975073891626	3.38086650246306	33.0801577135939	1.23859408098903e-117	7.32363253576026e-117	257.869783887864	MR1
ENSG00000155115	1.53288078817734	5.22916995073892	33.0718572922321	1.33471032774746e-117	7.88718150131263e-117	257.794997549059	GTF3C6
ENSG00000013288	1.40250738916256	3.99923990147783	33.0704469116251	1.35176921912289e-117	7.98557257560442e-117	257.782289244466	MAN2B2
ENSG00000123552	1.35569507389162	2.25777610837438	33.0566714603541	1.53031011011407e-117	9.02938410985785e-117	257.658151826583	USP45
ENSG00000136869	3.32501773399015	2.39955566502463	33.0564206667736	1.53377062718143e-117	9.04707081086012e-117	257.655891582263	TLR4
ENSG00000100014	1.34964236453202	3.62899655172414	33.0538343759037	1.56991734485842e-117	9.25749087303054e-117	257.632582517325	SPECC1L
ENSG00000141219	1.44300541871921	2.89507266009852	33.0467199166508	1.67381371673703e-117	9.86122027509046e-117	257.568458829388	C17orf80
ENSG00000111605	1.15732512315271	4.88068374384236	33.0439191298691	1.71657976598956e-117	1.01101271208463e-116	257.543213188819	CPSF6
ENSG00000166263	1.86703251231527	0.545870935960591	33.0400663856305	1.77720234459519e-117	1.04608699452046e-116	257.508483852137	STXBP4
ENSG00000140650	1.21875123152709	4.63453669950739	33.0346188077367	1.86659681571784e-117	1.09837503681897e-116	257.459375240254	PMM2
ENSG00000182552	1.11655862068966	3.53617881773399	33.0297410646784	1.95045550853382e-117	1.14737512184732e-116	257.415400417117	RWDD4
ENSG00000110031	2.51054384236453	3.18993399014778	33.0099502380976	2.33123671563055e-117	1.37096081543341e-116	257.236947727981	LPXN
ENSG00000178860	3.23797733990148	2.5035078817734	32.9804114083446	3.04245664068959e-117	1.78706605567646e-116	256.970507173463	MSC
ENSG00000124155	1.02304778325123	6.04321305418719	32.9801119834097	3.05068117441148e-117	1.79135851894078e-116	256.967805801315	PIGT
ENSG00000081154	1.32391773399015	6.15326921182266	32.9759306137604	3.1678881975827e-117	1.85906519991475e-116	256.930080871495	PCNP
ENSG00000103241	4.21562857142857	-0.108034975369458	32.9616135433452	3.60444563241691e-117	2.1146225322333e-116	256.800893681978	FOXF1
ENSG00000196305	1.67777192118227	5.93835295566503	32.9452879006979	4.17625133128347e-117	2.44934884501625e-116	256.653551417883	IARS1
ENSG00000116237	1.28104630541872	4.66894285714286	32.930122550817	4.78853621960514e-117	2.80592428196473e-116	256.516651320133	ICMT
ENSG00000050820	1.98647783251231	4.81512413793104	32.9237608572118	5.0714352492204e-117	2.96991272521022e-116	256.459214750226	BCAR1
ENSG00000072401	1.41966748768473	3.3625381773399	32.9188534894846	5.30104822350983e-117	3.10158935280925e-116	256.414905125874	UBE2D1
ENSG00000138395	3.28886847290641	0.281348522167488	32.9153059184652	5.47349465700278e-117	3.20056949692245e-116	256.382871517686	CDK15
ENSG00000088543	2.26556551724138	2.23717733990148	32.9073173281256	5.88267022888637e-117	3.43880172338909e-116	256.310730972345	C3orf18
ENSG00000151553	1.18867635467981	3.21810812807882	32.9030271302757	6.11491698439169e-117	3.57242773419977e-116	256.271985289688	FHIP2A
ENSG00000106089	2.12759310344827	2.70215418719212	32.9020734573833	6.16777840318601e-117	3.60223328018712e-116	256.263372157404	STX1A
ENSG00000149313	1.29700985221675	3.95269261083744	32.9010801781217	6.22332181273426e-117	3.63358693948171e-116	256.254401198449	AASDHPPT
ENSG00000162384	1.04028078817734	5.55495615763547	32.8951765131309	6.56394284873763e-117	3.83017531054138e-116	256.201078780903	CZIB
ENSG00000090263	1.0919118226601	5.6764224137931	32.8948733111695	6.58193216571044e-117	3.8395259218601e-116	256.198340117284	MRPS33
ENSG00000088854	1.26346502463054	2.60676108374384	32.8864498361676	7.10194098174857e-117	4.1416332636625e-116	256.122250733048	DNAAF9
ENSG00000009954	1.51343645320197	4.28234039408867	32.8825274845145	7.35793045151905e-117	4.28835898847555e-116	256.086817056684	BAZ1B
ENSG00000178033	2.8185684729064	0.254451724137931	32.8656266282991	8.57096013507853e-117	4.99087315136188e-116	255.934116495245	CALHM5
ENSG00000224877	1.79238669950739	5.83694655172414	32.8619888543268	8.85719890785068e-117	5.15601373420369e-116	255.90124427683	NDUFAF8
ENSG00000225663	1.37095517241379	5.65348399014779	32.8536716156867	9.54812988361675e-117	5.55656802220484e-116	255.826080571191	MCRIP1
ENSG00000122641	3.97774137931034	1.87848842364532	32.831378319182	1.16781929085451e-116	6.79009954831268e-116	255.624571433609	INHBA
ENSG00000142794	2.04875369458128	2.87380689655172	32.8243712465623	1.24414260899969e-116	7.22956731045847e-116	255.56122173398	NBPF3
ENSG00000178202	1.8153724137931	3.50317290640394	32.8182522267244	1.31486840336421e-116	7.63600544978999e-116	255.505895770413	POGLUT3
ENSG00000006576	1.41672512315271	2.64468719211823	32.8145193817595	1.35997721390148e-116	7.88859445356568e-116	255.47214245143	PHTF2
ENSG00000100632	1.04552019704434	6.26016551724138	32.807279695934	1.45192947502956e-116	8.41946759674414e-116	255.406674462993	ERH
ENSG00000038427	2.78174285714286	4.54282561576355	32.7985558059262	1.57104378369204e-116	9.10748668671307e-116	255.327776263493	VCAN
ENSG00000131015	4.66609655172414	0.0648113300492607	32.7886162709204	1.71873008715835e-116	9.95477870872807e-116	255.237872337429	ULBP2
ENSG00000109452	1.92713497536946	1.84641921182266	32.7834024686862	1.80167938458165e-116	1.04321240099243e-115	255.190708151569	INPP4B
ENSG00000100664	1.77507093596059	6.45495320197045	32.7810578181697	1.8402773648704e-116	1.06524586090928e-115	255.169497283247	EIF5
ENSG00000211460	1.02780049261084	4.71515985221675	32.7794929422488	1.86649832456661e-116	1.08010394606694e-115	255.155340261582	TSN
ENSG00000165416	1.13857339901478	4.88532118226601	32.7579950206546	2.26699366423533e-116	1.30992283224385e-115	254.960823412054	SUGT1
ENSG00000128513	1.3564763546798	3.08751157635468	32.7565429173163	2.29696109977768e-116	1.32684640295168e-115	254.947682464345	POT1
ENSG00000159063	1.01360492610837	4.51637192118226	32.7559071091212	2.31020702144447e-116	1.33410359376678e-115	254.941928574976	ALG8
ENSG00000196460	4.1778591133005	0.840318226600985	32.745627119573	2.53530707328574e-116	1.4623663171827e-115	254.848890527099	RFX8
ENSG00000131238	1.28380886699508	5.16616256157636	32.7369613845413	2.74204069530621e-116	1.58114367859764e-115	254.770451938066	PPT1
ENSG00000129235	1.56646206896552	6.26046157635468	32.7252966163947	3.04723059740199e-116	1.7566070895112e-115	254.664852637733	TXNDC17
ENSG00000100154	2.31080985221675	2.12348078817734	32.7096270006978	3.51142612684093e-116	2.02181170803551e-115	254.522971494902	TTC28
ENSG00000157111	3.19594088669951	0.703610837438423	32.7049527034272	3.66315321129906e-116	2.10855198984407e-115	254.480641986018	TMEM171
ENSG00000169964	1.30740738916256	4.24419532019705	32.6973977419483	3.92239289868458e-116	2.25577993013814e-115	254.41222001873	TMEM42
ENSG00000269713	1.38985172413793	3.69790467980296	32.69724009114	3.92799384892387e-116	2.25833644588615e-115	254.410792169145	NBPF9
ENSG00000107758	1.00295615763547	4.55712192118227	32.692159882102	4.11283385107326e-116	2.36321667502716e-115	254.364778864174	PPP3CB
ENSG00000163378	1.5002078817734	3.75040985221675	32.6896629647087	4.20685060713147e-116	2.41652776497834e-115	254.342162199031	EOGT
ENSG00000121940	1.28563448275862	3.59789359605911	32.6885941945684	4.24774815511734e-116	2.43930339251552e-115	254.332481219203	CLCC1
ENSG00000170915	1.706139408867	0.89970369458128	32.6841275453318	4.4230232692091e-116	2.53846463221393e-115	254.292020525688	PAQR8
ENSG00000133706	1.23759753694581	5.71263522167488	32.6822346631467	4.4994698315527e-116	2.57930887205054e-115	254.274873295481	LARS1
ENSG00000167085	1.24922167487685	6.64753891625615	32.6763960591171	4.74370655966504e-116	2.71851946008722e-115	254.221979781788	PHB1
ENSG00000105926	2.14943349753695	2.02889704433497	32.6584038858183	5.5830532717672e-116	3.19765612652036e-115	254.058957149268	PALS2
ENSG00000006530	1.171160591133	3.66637684729064	32.651714630422	5.93173337161117e-116	3.39636488567318e-115	253.998337217229	AGK
ENSG00000137806	1.33156157635468	3.90820837438423	32.6422274342816	6.46398487371174e-116	3.70003492683289e-115	253.912352031142	NDUFAF1
ENSG00000134308	1.18060344827587	7.12769433497537	32.6395536699451	6.62245006525687e-116	3.7896316010322e-115	253.888116919318	YWHAQ
ENSG00000149311	1.79039064039409	3.80114655172414	32.6388787547225	6.66306135156525e-116	3.81175482822857e-115	253.881999319312	ATM
ENSG00000177432	1.72360197044335	1.36497783251232	32.6336248334783	6.98785048624582e-116	3.9963878900268e-115	253.834374533928	NAP1L5
ENSG00000122696	1.45681330049261	2.93829088669951	32.6178340928311	8.062615284157e-116	4.6070066632455e-115	253.691216902851	SLC25A51
ENSG00000174574	1.43311379310345	4.28826182266009	32.6149697067236	8.27461830417e-116	4.72676383806168e-115	253.665245286522	AKIRIN1
ENSG00000185515	1.13751724137931	3.06046453201971	32.6049197755707	9.06359115108538e-116	5.17594091976945e-115	253.574113714533	BRCC3
ENSG00000129480	1.5664960591133	2.88554753694581	32.568881843202	1.25653714363936e-115	7.16105245290182e-115	253.24722308689	DTD2
ENSG00000049167	1.49705369458128	2.07390073891626	32.5659774280401	1.29006784819779e-115	7.35000171704993e-115	253.220870888114	ERCC8
ENSG00000169554	2.04705369458128	3.8440145320197	32.5601774679762	1.35973232700874e-115	7.74464853815355e-115	253.168243842891	ZEB2
ENSG00000135074	2.88075221674877	0.540936206896552	32.5492553509646	1.5013115384744e-115	8.54855188952995e-115	253.069128609877	ADAM19
ENSG00000165832	1.56675862068966	2.58825221674877	32.5411012682334	1.61655448055953e-115	9.20207039297824e-115	252.995122894254	TRUB1
ENSG00000137478	1.35894482758621	3.13751625615763	32.5275627712064	1.82779454087508e-115	1.03984747941138e-114	252.87223052637	FCHSD2
ENSG00000197635	3.80077931034483	3.12013743842364	32.5234928942961	1.89654531206143e-115	1.07833251347991e-114	252.835282782686	DPP4
ENSG00000198919	1.73729064039409	1.6921645320197	32.4974143128451	2.4029094895337e-115	1.36544510742854e-114	252.598483741876	DZIP3
ENSG00000104643	1.2721157635468	1.88816724137931	32.4956916744809	2.44077373031087e-115	1.38655814644578e-114	252.582838854692	MTMR9
ENSG00000197217	1.42411280788177	4.40208399014778	32.4489707551514	3.73033513241311e-115	2.11605832097582e-114	252.158382431919	ENTPD4
ENSG00000134343	4.81395073891625	-1.57689901477833	32.4328213037811	4.31968786514766e-115	2.4482407268189e-114	252.011602898725	ANO3
ENSG00000078124	1.74046009852217	1.94054827586207	32.4254593673415	4.6184638678385e-115	2.61605857696522e-114	251.944680837287	ACER3
ENSG00000077942	3.12450935960591	8.78708965517241	32.4226150546963	4.73936383600522e-115	2.68298517042914e-114	251.918823443489	FBLN1
ENSG00000155313	1.2505645320197	3.95996551724138	32.3985790772586	5.89621903762865e-115	3.33595577398202e-114	251.700274533195	USP25
ENSG00000171202	1.23097586206896	4.65699039408867	32.386569487676	6.57625858341183e-115	3.7164038530085e-114	251.591049669661	TMEM126A
ENSG00000004399	1.84259261083744	5.68224359605912	32.3833068094466	6.774214468536e-115	3.82716678647385e-114	251.561373168775	PLXND1
ENSG00000145014	1.56928620689655	3.07632684729064	32.375374188037	7.28076315965852e-115	4.11215819844066e-114	251.489214546669	TMEM44
ENSG00000131711	2.17227684729064	3.73236108374384	32.3699346029095	7.64987470821041e-115	4.31938317098665e-114	251.439729183749	MAP1B
ENSG00000174007	2.68537044334976	0.0451167487684729	32.3609423214838	8.30161403847368e-115	4.68602373020949e-114	251.357915966602	CEP19
ENSG00000186448	1.24627980295566	2.70980098522167	32.3383783976758	1.01925025267314e-114	5.75171482464292e-114	251.152581752318	ZNF197
ENSG00000101290	1.1579197044335	3.06558399014778	32.3367481290078	1.03447686709878e-114	5.83595465844238e-114	251.13774368809	CDS2
ENSG00000140105	2.06363793103448	5.95547955665025	32.336019243091	1.04135811416443e-114	5.87307944213601e-114	251.131109548865	WARS1
ENSG00000160200	3.87720541871921	3.18397167487685	32.331906153139	1.08105702062157e-114	6.0952153193845e-114	251.093671991142	CBS
ENSG00000166171	1.24333448275862	4.03485689655172	32.3310032796459	1.08997231371803e-114	6.14370895721884e-114	251.085453709953	DPCD
ENSG00000198176	1.27597438423645	5.49343694581281	32.3208346181485	1.19561265084007e-114	6.73721523146384e-114	250.99288791627	TFDP1
ENSG00000143977	1.65206699507389	6.10827783251232	32.315422048165	1.25596377753659e-114	7.07525054500435e-114	250.943611830935	SNRPG
ENSG00000164902	2.02051034482759	4.69330049261084	32.2981455707829	1.46977869525645e-114	8.26782247055311e-114	250.786302406691	PHAX
ENSG00000125257	2.01581280788177	2.21845369458128	32.2902392597042	1.57943664553605e-114	8.87956010559999e-114	250.714299895497	ABCC4
ENSG00000154736	3.26320541871921	2.2871815270936	32.2708006818493	1.88516278153728e-114	1.05922516034507e-113	250.537240582662	ADAMTS5
ENSG00000100285	3.43178768472906	-0.989426354679803	32.2706279061134	1.88813039392267e-114	1.06058764466906e-113	250.535666618701	NEFH
ENSG00000111058	2.38408669950739	1.60178226600985	32.2271526721621	2.80528319033241e-114	1.57169851219828e-113	250.13949585637	ACSS3
ENSG00000188677	2.11307389162562	4.48096699507389	32.2177798503898	3.05534002439392e-114	1.71130566800533e-113	250.054054860243	PARVB
ENSG00000006282	1.66785960591134	4.9829051724138	32.216902721676	3.07985366415685e-114	1.72454155601585e-113	250.046058554177	SPATA20
ENSG00000122884	2.70553940886699	4.99114507389162	32.2073089654804	3.36118459696476e-114	1.88153163545933e-113	249.958591290733	P4HA1
ENSG00000213694	2.89088078817734	2.5009354679803	32.2038187995418	3.46979725901382e-114	1.94121895321065e-113	249.92676827054	S1PR3
ENSG00000006118	2.44421921182266	2.95870911330049	32.2026340536766	3.50745959977929e-114	1.96172797649934e-113	249.915965522189	TMEM132A
ENSG00000151067	2.61934187192118	1.63953448275862	32.1958355834216	3.73163166067279e-114	2.08651061267146e-113	249.853972370087	CACNA1C
ENSG00000014824	1.2513724137931	4.3333472906404	32.192434616047	3.84910360521153e-114	2.15157845117402e-113	249.822957858096	SLC30A9
ENSG00000196937	1.36488423645321	5.31169039408867	32.1718441645429	4.64374819839596e-114	2.59280363694439e-113	249.635156455284	FAM3C
ENSG00000170464	1.90909310344828	2.28504261083744	32.1698890510873	4.72725824719554e-114	2.6379234913391e-113	249.61732153645	DNAJC18
ENSG00000164442	2.66580295566503	7.80232413793103	32.1647008389274	4.95622985373333e-114	2.76490561808897e-113	249.569991387286	CITED2
ENSG00000169251	1.30088128078818	4.46189384236453	32.1609395396931	5.12914244458019e-114	2.86055084623248e-113	249.535676363422	NMD3
ENSG00000167196	1.89523694581281	4.07404408866995	32.1609050358676	5.13075628591799e-114	2.86063450326418e-113	249.535361570608	FBXO22
ENSG00000115128	1.0534748768473	6.33845221674877	32.1599078599892	5.17761738564462e-114	2.88593836138811e-113	249.526263855033	SF3B6
ENSG00000108106	2.34777733990148	4.18358620689655	32.1596052486475	5.19192284469257e-114	2.89308686144802e-113	249.523502961832	UBE2S
ENSG00000126091	1.20886502463054	3.11876009852217	32.1575808180051	5.28864806461624e-114	2.94530522880395e-113	249.505032653771	ST3GAL3
ENSG00000147874	1.51775517241379	2.4748263546798	32.1541725777247	5.4555843842486e-114	3.037408263162e-113	249.473935732997	HAUS6
ENSG00000160013	2.87732660098522	2.60075640394089	32.1466348304103	5.84376739374157e-114	3.25260331553682e-113	249.405155937328	PTGIR
ENSG00000141570	1.81390246305419	1.89134384236453	32.1403276862119	6.18975362686583e-114	3.44419605285342e-113	249.347599660553	CBX8
ENSG00000149798	2.73758522167488	3.32340640394088	32.137348468769	6.36024384412746e-114	3.53704852595159e-113	249.320410901932	CDC42EP2
ENSG00000106701	2.24445812807882	0.162153201970443	32.1362565035504	6.4239042367878e-114	3.57143489602581e-113	249.310445199262	FSD1L
ENSG00000184584	1.69812019704433	5.22695812807882	32.1287626199003	6.87834850532601e-114	3.82191317859201e-113	249.242049113015	STING1
ENSG00000100532	1.80073842364532	2.88406379310345	32.1267630297176	7.00495829802972e-114	3.89115676691577e-113	249.223797840677	CGRRF1
ENSG00000111897	1.25505714285714	6.48705172413793	32.1189435400827	7.52288675886949e-114	4.17648446141556e-113	249.15242066603	SERINC1
ENSG00000184898	1.62690344827586	2.00847536945813	32.1088776207408	8.24647111267034e-114	4.57689686122703e-113	249.060526734741	RBM43
ENSG00000180543	1.95806945812808	2.31270467980296	32.1027339130665	8.72195159327153e-114	4.83942016001455e-113	249.004433376073	TSPYL5
ENSG00000131446	1.21483497536946	6.67379236453202	32.0992118114413	9.00682107993749e-114	4.99606294476691e-113	248.972273740909	MGAT1
ENSG00000198498	1.35178423645321	4.06244482758621	32.0844287688791	1.03077300471877e-113	5.71118969611971e-113	248.837275939382	TMA16
ENSG00000134371	1.4002236453202	3.3299921182266	32.0708884457687	1.16637816280172e-113	6.45887278477506e-113	248.713602948154	CDC73
ENSG00000184156	2.9082472906404	-0.686164039408867	32.0598461767004	1.29009069899253e-113	7.13584841203281e-113	248.612729667196	KCNQ3
ENSG00000059769	1.38799556650247	2.64525492610837	32.0305208226871	1.68625154246418e-113	9.31657552808454e-113	248.344763949693	DNAJC25
ENSG00000117868	1.10680197044335	5.11771921182266	32.0281417976971	1.72329413574007e-113	9.51854550611434e-113	248.323020535987	ESYT2
ENSG00000221843	2.82219507389162	-2.71279507389163	32.0277885355166	1.72886366341992e-113	9.54661026011644e-113	248.319791790131	C2orf16
ENSG00000175352	2.3407591133005	-0.392784482758621	32.0176910304423	1.89591477457676e-113	1.04601825309935e-112	248.227496113211	NRIP3
ENSG00000164604	3.89999802955665	-1.13463645320197	32.0161917446506	1.9220608390049e-113	1.06014431035376e-112	248.213790905735	GPR85
ENSG00000198440	2.64006453201971	0.523619950738916	32.0130518036634	1.97799428549475e-113	1.09068748101406e-112	248.185087314358	ZNF583
ENSG00000165138	1.46853990147783	3.12298916256157	31.996613485622	2.29854835824622e-113	1.26672961130422e-112	248.034797564307	ANKS6
ENSG00000109680	1.76002561576355	1.6527433497537	31.9958408397045	2.31483438098646e-113	1.27534517827001e-112	248.027732716721	TBC1D19
ENSG00000212916	3.41256798029557	-0.964689408866995	31.9816640846866	2.63503665968007e-113	1.45094072706306e-112	247.898091590324	MAP10
ENSG00000099910	1.12383201970443	3.44550911330049	31.9659538508236	3.04195122365723e-113	1.67358701612358e-112	247.754398492636	KLHL22
ENSG00000173535	3.92084236453202	-0.359637931034483	31.9514210429273	3.47420549953761e-113	1.91086191590104e-112	247.621447651637	TNFRSF10C
ENSG00000213523	1.13912512315271	4.63523103448276	31.9431087428651	3.74856453728713e-113	2.06118312289435e-112	247.54539235875	SRA1
ENSG00000087470	1.12206748768473	4.90650320197045	31.9411835961995	3.81514095438959e-113	2.09661092605966e-112	247.52777657688	DNM1L
ENSG00000153767	1.29277980295567	2.20609236453202	31.9398333350984	3.862541699918e-113	2.12206325273538e-112	247.515420932066	GTF2E1
ENSG00000158473	3.86354630541872	-0.834585960591133	31.9339785935384	4.07499001869654e-113	2.23752331962259e-112	247.461844176899	CD1D
ENSG00000136371	1.68206551724138	3.56584064039408	31.9223743068339	4.53127989931383e-113	2.48736718517952e-112	247.355640866692	MTHFS
ENSG00000225973	1.11259655172414	3.34162980295567	31.9192576546031	4.66231943794277e-113	2.55786205660521e-112	247.327114209916	PIGBOS1
ENSG00000115363	3.29847389162562	2.87602266009852	31.9164910214472	4.78181885050479e-113	2.62268605042281e-112	247.301790270624	EVA1A
ENSG00000182670	1.33570738916256	5.20458669950739	31.914851487874	4.854077894994e-113	2.66157099393863e-112	247.286782615293	TTC3
ENSG00000112249	1.26397733990148	3.92648866995074	31.9147089586877	4.86041100174125e-113	2.66429598305828e-112	247.285477942717	ASCC3
ENSG00000110427	2.57121822660099	0.152038177339901	31.9004129356075	5.53955847299651e-113	3.03572775320521e-112	247.154603436127	KIAA1549L
ENSG00000126814	1.87005911330049	2.66670443349754	31.896634141999	5.73444239620784e-113	3.14164489225381e-112	247.120005860569	TRMT5
ENSG00000138698	1.29301921182266	4.3878342364532	31.8861325313447	6.31285986493374e-113	3.45756467153966e-112	247.023846843419	RAP1GDS1
ENSG00000198113	2.89378275862069	1.67002783251232	31.882129079866	6.54844234337101e-113	3.5855886879842e-112	246.987185284567	TOR4A
ENSG00000136144	1.36199261083744	3.02664408866995	31.8813000530385	6.59831601420261e-113	3.61188491735427e-112	246.979593235291	RCBTB1
ENSG00000162714	1.60971379310345	3.31736921182266	31.8714527991192	7.22063592513115e-113	3.94922102571825e-112	246.889407746547	ZNF496
ENSG00000115310	1.01442266009852	8.2845315270936	31.8665542516465	7.55177174683808e-113	4.12917525116704e-112	246.844540255443	RTN4
ENSG00000137076	1.11232807881773	7.027160591133	31.8664469967877	7.55918969771195e-113	4.13207510692831e-112	246.843557838115	TLN1
ENSG00000147912	1.62006748768473	1.65359088669951	31.8479858911541	8.95109346074849e-113	4.88882807182635e-112	246.674439463736	FBXO10
ENSG00000142279	2.02225862068965	3.10022684729064	31.8402555161435	9.60765177990682e-113	5.24595504562557e-112	246.60361066625	WTIP
ENSG00000179222	2.30719014778324	5.94080689655172	31.8370997718684	9.88934503213264e-113	5.39524233997588e-112	246.574694362441	MAGED1
ENSG00000163607	1.14295221674876	2.88115935960591	31.8365677998872	9.93763895053104e-113	5.42007648259218e-112	246.569819745855	GTPBP8
ENSG00000243449	3.98884187192118	2.87549236453202	31.8307447495552	1.04819678893319e-112	5.71536318340749e-112	246.516459142477	C4orf48
ENSG00000174437	1.37046009852217	6.58942413793104	31.8278461190721	1.07639586269178e-112	5.86748338876505e-112	246.489895452148	ATP2A2
ENSG00000175606	1.40996059113301	3.99548522167487	31.8272229156476	1.08255718499529e-112	5.89942345487395e-112	246.484184143554	TMEM70
ENSG00000159445	1.35366748768473	3.22310221674877	31.8226662845047	1.12869275023497e-112	6.14741185203226e-112	246.442423735654	THEM4
ENSG00000171928	1.38753793103448	4.69063940886699	31.8195918537225	1.16092859706392e-112	6.32122224681614e-112	246.41424589128	TVP23B
ENSG00000187240	1.51480492610838	3.21491724137931	31.8008164333486	1.37880601853388e-112	7.49294416412378e-112	246.242139803543	DYNC2H1
ENSG00000139304	6.88834729064039	-1.37866871921182	31.7835636243303	1.61495241025167e-112	8.77137298530799e-112	246.083952702041	PTPRQ
ENSG00000154134	1.97326995073892	3.35281133004926	31.782051943267	1.63748048532776e-112	8.89125969554741e-112	246.070090700872	ROBO3
ENSG00000141753	2.6005724137931	8.3358197044335	31.7781537380118	1.69703706881952e-112	9.20952468727326e-112	246.034343159962	IGFBP4
ENSG00000108100	1.04473990147783	4.77266305418719	31.7686657209603	1.85121920771382e-112	1.00406677094486e-111	245.94732782526	CCNY
ENSG00000165506	1.52406256157635	1.82332093596059	31.7623725374886	1.96114704803855e-112	1.06309946221274e-111	245.889606466463	DNAAF2
ENSG00000205730	2.10202413793104	3.41309236453202	31.7544450974278	2.10897401284757e-112	1.14291653242006e-111	245.816888722928	ITPRIPL2
ENSG00000138413	1.77810541871921	4.95395123152709	31.7506256363146	2.18413072914097e-112	1.18331806789223e-111	245.781850376033	IDH1
ENSG00000177888	1.52389359605911	1.44271280788177	31.7398169354336	2.41167231272238e-112	1.30550970457675e-111	245.682685595722	ZBTB41
ENSG00000099203	1.03399507389163	4.60185566502463	31.7046469420679	3.32971000179414e-112	1.80047572924906e-111	245.359918260999	TMED1
ENSG00000101298	2.05540197044335	0.828177832512315	31.7030484439382	3.37889789463638e-112	1.82656770835364e-111	245.345244684178	SNPH
ENSG00000177374	2.43083743842365	2.52793054187192	31.6946699425355	3.64887097717274e-112	1.97196450873644e-111	245.268328255817	HIC1
ENSG00000187678	2.72872660098522	2.25203768472906	31.6886003899557	3.85784227015517e-112	2.08432274380349e-111	245.212603099916	SPRY4
ENSG00000137501	2.16541724137931	3.92206034482759	31.6859940920077	3.95121487783948e-112	2.13418024164564e-111	245.188673039056	SYTL2
ENSG00000181315	1.45198374384236	2.46202044334975	31.6832306326818	4.05269124093028e-112	2.18778155332209e-111	245.16329907222	ZNF322
ENSG00000174891	1.16518620689656	3.91311330049261	31.6794745211996	4.19481615286048e-112	2.26388006791493e-111	245.12880911601	RSRC1
ENSG00000117298	1.66680689655172	5.55888472906404	31.653983628023	5.30057364029852e-112	2.85827290504177e-111	244.89469700303	ECE1
ENSG00000064313	1.22568669950739	3.51865812807882	31.6461552463775	5.69553779523937e-112	3.06786658198919e-111	244.822784031912	TAF2
ENSG00000112343	1.6375881773399	2.52907093596059	31.6390587481686	6.07898948770999e-112	3.27080431081577e-111	244.757587798104	TRIM38
ENSG00000131374	1.36589802955665	3.86460763546798	31.6384106010196	6.11527448109714e-112	3.28942179767686e-111	244.751632898785	TBC1D5
ENSG00000130309	1.28053743842365	5.84322980295567	31.618977746299	7.30999559177099e-112	3.92774082635108e-111	244.573068255451	COLGALT1
ENSG00000222009	2.62887733990148	2.54261108374384	31.6147165919532	7.60175603360943e-112	4.08226206124747e-111	244.533907179347	BTBD19
ENSG00000182117	1.28088866995073	7.28835566502462	31.6111373623925	7.85581843452345e-112	4.21753856723784e-111	244.501011446846	NOP10
ENSG00000155636	1.05156502463054	2.93561600985222	31.5987736398711	8.80066399848186e-112	4.72349837567516e-111	244.38736775914	RBM45
ENSG00000188921	2.24543694581281	1.16641699507389	31.5961052932537	9.01906766160131e-112	4.83939100063187e-111	244.362838652475	HACD4
ENSG00000136738	1.12406108374384	3.66573990147783	31.5952905388358	9.08683073828101e-112	4.87441247014789e-111	244.355348748126	STAM
ENSG00000121579	1.28131871921183	5.86330073891626	31.5906477977761	9.48281355280689e-112	5.08264241494658e-111	244.312667238675	NAA50
ENSG00000165124	4.01965320197045	3.62429162561576	31.589654811888	9.56972426997047e-112	5.12781880130965e-111	244.303538208177	SVEP1
ENSG00000135968	1.44643399014778	3.39509630541872	31.5735581027761	1.10952179202843e-111	5.93872222947675e-111	244.155536061189	GCC2
ENSG00000101000	1.91991379310345	4.43603916256158	31.5722045431806	1.12340940036464e-111	6.0114092283477e-111	244.143089233719	PROCR
ENSG00000123737	1.27714729064039	4.46236428571429	31.5562679432428	1.30061942814019e-111	6.9501517267475e-111	243.996525389126	EXOSC9
ENSG00000198843	1.19697586206896	5.58056034482759	31.551150372525	1.36326499334318e-111	7.28093044545296e-111	243.949454135303	SELENOT
ENSG00000152332	1.35264285714286	3.4796145320197	31.5401541089509	1.50828560152927e-111	8.05325607242757e-111	243.848300027314	UHMK1
ENSG00000182481	2.26479901477832	4.71029950738916	31.5295203004616	1.6632053396018e-111	8.87800020390561e-111	243.750466079601	KPNA2
ENSG00000137210	1.10659014778325	5.74025024630542	31.521888779655	1.78411688143686e-111	9.52081160487143e-111	243.680245488734	TMEM14B
ENSG00000023516	1.38663399014778	2.97313275862069	31.5075330538489	2.03593105746018e-111	1.08557066097918e-110	243.548133603115	AKAP11
ENSG00000136816	1.50490443349754	3.83439113300493	31.50130358482	2.15599758859307e-111	1.14927727431221e-110	243.49079764698	TOR1B
ENSG00000077420	2.7103472906404	1.96925098522168	31.4909077582061	2.3723657169274e-111	1.26358056255642e-110	243.395104039517	APBB1IP
ENSG00000119285	1.4156236453202	3.44958669950739	31.4861497171708	2.47852247273115e-111	1.31976256572513e-110	243.351301861407	HEATR1
ENSG00000130956	1.35808571428571	3.50968472906404	31.4794780568512	2.63543409526971e-111	1.40293252764262e-110	243.289878391595	HABP4
ENSG00000184517	1.52197881773399	1.87424113300493	31.4428849632031	3.6907664405112e-111	1.96151639326815e-110	242.95288296364	ZFP1
ENSG00000137814	1.22676009852217	3.12863965517241	31.4346619910455	3.98101635015986e-111	2.11404949768543e-110	242.877132979125	HAUS2
ENSG00000186469	2.0580921182266	2.13744458128079	31.4307096844727	4.12854952395925e-111	2.19179882633012e-110	242.840721414575	GNG2
ENSG00000174720	1.08585320197044	4.75545862068966	31.4254649016636	4.33281712318836e-111	2.29899300085113e-110	242.792399665222	LARP7
ENSG00000180694	1.65607389162562	3.02028226600985	31.41564528531	4.74286763643882e-111	2.51451761669255e-110	242.701919594065	TMEM64
ENSG00000169083	2.02130541871921	2.07032758620689	31.4042068954948	5.2697728858767e-111	2.79310826514246e-110	242.596508977632	AR
ENSG00000198960	1.30092512315271	5.1424408866995	31.3678008555637	7.36976633301616e-111	3.9008660259968e-110	242.26090259143	ARMCX6
ENSG00000163132	2.42700197044335	2.39490591133005	31.361647664935	7.7997338042167e-111	4.12621543048194e-110	242.204163913252	MSX1
ENSG00000152556	1.38617536945813	5.11232807881774	31.3530454574496	8.44326781515512e-111	4.46303326058321e-110	242.124835081713	PFKM
ENSG00000167566	1.65848866995074	3.1447408866995	31.3483530773512	8.81644926020544e-111	4.65903330024161e-110	242.081558551599	NCKAP5L
ENSG00000164031	1.42997832512316	3.3866197044335	31.32788166116	1.06476179825489e-110	5.61911289805482e-110	241.892724968672	DNAJB14
ENSG00000048052	2.6739842364532	1.35158275862069	31.3257042869591	1.08635317026926e-110	5.73151016560526e-110	241.872637311443	HDAC9
ENSG00000122694	1.77658719211822	3.59476256157635	31.3184295130145	1.16172218273047e-110	6.12584319884483e-110	241.805518727743	GLIPR2
ENSG00000134851	1.1402645320197	5.92982389162561	31.3063152812756	1.29902934022833e-110	6.8461789014946e-110	241.693736010429	TMEM165
ENSG00000244462	1.44503497536945	4.27345246305419	31.3055593551509	1.30811718333685e-110	6.89221515146097e-110	241.686760195107	RBM12
ENSG00000164346	1.438921182266	6.30842561576354	31.3003087638758	1.37302212200808e-110	7.23028787612015e-110	241.638304924885	NSA2
ENSG00000205765	1.39131083743843	3.49408497536946	31.2905283648783	1.50264413627898e-110	7.90861074903417e-110	241.548037223541	RIMOC1
ENSG00000107957	1.51264384236453	4.68464507389163	31.2872808039822	1.54834035600131e-110	8.14692171162565e-110	241.518061451365	SH3PXD2A
ENSG00000118985	1.65421083743843	5.39009556650247	31.2825576738056	1.6172944928209e-110	8.5074479081308e-110	241.474463529716	ELL2
ENSG00000155189	1.87798965517241	2.42408103448276	31.2726195632256	1.77259226134473e-110	9.31683646347466e-110	241.382718696204	AGPAT5
ENSG00000155970	2.14591428571428	1.15308177339901	31.2681634324604	1.84699297433717e-110	9.70267115712284e-110	241.341577504493	MICU3
ENSG00000075223	2.75121477832513	4.06805172413793	31.267653741937	1.85569978694684e-110	9.7457901737477e-110	241.336871637013	SEMA3C
ENSG00000168944	1.5514197044335	2.39875763546798	31.2667438978016	1.87134454444618e-110	9.82531302728834e-110	241.328471155287	CEP120
ENSG00000213760	2.30644433497537	0.407132019704434	31.2635416136498	1.92746581393976e-110	1.01118219962445e-109	241.29890404989	ATP6V1G2
ENSG00000169519	1.37195615763547	2.32405935960591	31.2558473489296	2.06929841206868e-110	1.08500750117108e-109	241.227856810942	METTL15
ENSG00000124120	1.4706	3.5370802955665	31.2553722658057	2.0783908704689e-110	1.08948268215406e-109	241.223469756483	TTPAL
ENSG00000110871	1.0296039408867	4.38092660098522	31.2544000016637	2.09712362729021e-110	1.09900750669095e-109	241.214491503762	COQ5
ENSG00000064933	1.73150935960591	3.12943399014778	31.2296831566283	2.63454258942022e-110	1.37916504908786e-109	240.986208297488	PMS1
ENSG00000116096	1.41866650246305	3.57120467980295	31.2246101305378	2.76086520388776e-110	1.44490701163296e-109	240.939344974929	SPR
ENSG00000145332	1.52905714285714	1.84245862068966	31.2185982791472	2.91844224765864e-110	1.52655777311952e-109	240.883804977785	KLHL8
ENSG00000188419	1.13607684729064	2.68339261083744	31.2176460703487	2.94421403594029e-110	1.53962618919842e-109	240.875007672176	CHM
ENSG00000177409	2.6443960591133	1.24778472906404	31.2066304007893	3.25945316211277e-110	1.70401909293761e-109	240.773227651666	SAMD9L
ENSG00000143324	1.51916305418719	2.42562044334975	31.1959033642029	3.59889174118523e-110	1.88097198198025e-109	240.674100320597	XPR1
ENSG00000165533	1.46719408866995	3.48986650246305	31.1957217960867	3.60493193446254e-110	1.88362513003388e-109	240.672422350001	TTC8
ENSG00000163012	6.33051527093595	-6.16587931034481	31.1667840811766	4.70967706761523e-110	2.45758369173129e-109	240.404941930778	ZSWIM2
ENSG00000146416	1.09333054187193	4.37236133004926	31.1568780209875	5.16110870749483e-110	2.69171033792004e-109	240.313353758512	AIG1
ENSG00000185989	1.69866108374384	3.97065467980296	31.1380198804697	6.1437403600545e-110	3.20077243711504e-109	240.138964714027	RASA3
ENSG00000146143	2.10603842364532	3.02710985221675	31.1370870214685	6.1969430309248e-110	3.22725358645456e-109	240.130337061064	PRIM2
ENSG00000147224	1.59302709359606	4.07757315270936	31.1370707930604	6.19787263840138e-110	3.22725358645456e-109	240.130186969846	PRPS1
ENSG00000111885	2.10851871921182	3.88459236453202	31.1228690174806	7.06734992760136e-110	3.6770541076993e-109	239.99882717494	MAN1A1
ENSG00000013561	1.19318965517242	4.66393472906404	31.121421966253	7.16253031081843e-110	3.72558337327692e-109	239.985441254541	RNF14
ENSG00000120837	2.1785881773399	5.04932709359607	31.1133552091645	7.71713932203472e-110	4.01299458837686e-109	239.910815219369	NFYB
ENSG00000136273	1.25885960591133	3.24300467980296	31.1124807574944	7.77978633518381e-110	4.04341980218516e-109	239.902725142914	HUS1
ENSG00000180329	1.22991871921182	3.475310591133	31.1095554240359	7.99308685605363e-110	4.15317477641585e-109	239.875660456687	CCDC43
ENSG00000112234	1.27224334975369	2.54288571428571	31.1077526886353	8.12743968921793e-110	4.22073947400204e-109	239.858981339987	FBXL4
ENSG00000153140	1.6916448275862	4.02980073891625	31.1043601984095	8.38643533526923e-110	4.354083935224e-109	239.827592560117	CETN3
ENSG00000138600	1.11028768472907	5.15276009852217	31.102520003157	8.53036390383141e-110	4.42763270673767e-109	239.810565698379	SPPL2A
ENSG00000163637	1.73702019704433	2.43735492610837	31.0983636510351	8.86461688738212e-110	4.59868179488244e-109	239.772106513018	PRICKLE2
ENSG00000176401	2.01165763546798	0.236117980295566	31.0960152377018	9.05924249903656e-110	4.69840013047167e-109	239.750375459999	EID2B
ENSG00000074201	1.06567339901478	6.09701256157635	31.0930605249484	9.31020593898426e-110	4.82727631890768e-109	239.723033063897	CLNS1A
ENSG00000105497	1.43688078817734	1.62566403940887	31.0549464896383	1.3245944476866e-109	6.8570131646865e-109	239.370237685171	ZNF175
ENSG00000100106	1.19806600985222	5.17109014778325	31.0485387239496	1.40550929970186e-109	7.27203143626521e-109	239.310908147974	TRIOBP
ENSG00000271605	4.34973694581281	1.04466108374384	31.016996538894	1.88201607637069e-109	9.72972438212594e-109	239.018786492372	MILR1
ENSG00000118961	1.41116108374384	2.92965246305419	31.0099855078893	2.00822590366479e-109	1.03794632661776e-108	238.953838885345	LDAH
ENSG00000135622	1.75570344827586	1.42243201970443	30.9992615499642	2.21786627632371e-109	1.14569238096532e-108	238.854484597402	SEMA4F
ENSG00000163521	1.77852660098522	2.2152302955665	30.9983414946483	2.23684212120024e-109	1.15518944853317e-108	238.845959910536	GLB1L
ENSG00000185420	1.80747733990148	3.89032931034483	30.9918778962026	2.37481483951142e-109	1.22579586882547e-108	238.786069157347	SMYD3
ENSG00000008256	1.37822019704434	4.9145657635468	30.9857882080437	2.51259472405034e-109	1.29622824966716e-108	238.729638383453	CYTH3
ENSG00000111231	1.34084827586207	3.68029310344827	30.9759071625056	2.75339231996303e-109	1.42007898434198e-108	238.638065041532	GPN3
ENSG00000103855	1.34599014778325	5.67301773399014	30.974028621486	2.80172139342896e-109	1.44424266606143e-108	238.62065418536	CD276
ENSG00000062725	1.38975369458128	3.33155517241379	30.9736853535275	2.81064398329296e-109	1.44846004012424e-108	238.617472633551	APPBP2
ENSG00000054277	2.11748620689655	3.74322684729064	30.96853940777	2.94786501889748e-109	1.51877611914829e-108	238.569776138207	OPN3
ENSG00000118600	1.19606699507389	3.50626305418719	30.9653476779168	3.03632589473317e-109	1.56270425691008e-108	238.540191178612	RXYLT1
ENSG00000138448	1.52314433497537	4.66622832512316	30.9591380276447	3.2161199358279e-109	1.65436735419713e-108	238.482628818624	ITGAV
ENSG00000137876	1.58583842364532	5.32248768472907	30.9540128735104	3.37251789166823e-109	1.7339054101284e-108	238.435116038889	RSL24D1
ENSG00000237515	4.82858078817734	-0.754629310344827	30.9497218474249	3.50930469823339e-109	1.80328247207144e-108	238.395333610409	SHISA9
ENSG00000257218	1.21758669950739	3.40917857142857	30.9191753340064	4.65764345264627e-109	2.39022238318313e-108	238.112070346706	GATC
ENSG00000140905	1.75547389162562	3.89268374384236	30.8948511611156	5.83582735079542e-109	2.99248853553514e-108	237.886427446372	GCSH
ENSG00000156531	1.33366699507389	2.66753645320197	30.8929596780187	5.93908303151158e-109	3.04463695177857e-108	237.868878136095	PHF6
ENSG00000143971	1.31423497536946	2.78552487684729	30.8844695064518	6.42556686907804e-109	3.29230277282441e-108	237.790100427129	ETAA1
ENSG00000073969	1.06693349753695	4.3562657635468	30.8811463114116	6.62667722037113e-109	3.39445678218854e-108	237.759263149068	NSF
ENSG00000157064	3.38865911330049	0.823689162561576	30.8715649024069	7.24250434489755e-109	3.70796489148514e-108	237.670345907627	NMNAT2
ENSG00000196981	1.45282709359606	1.45665295566502	30.8550692192501	8.44001047133444e-109	4.31879247527671e-108	237.517237010436	WDR5B
ENSG00000278053	1.03423497536946	3.23637857142857	30.8448436734843	9.27992788084171e-109	4.74609658852156e-108	237.422309536957	DDX52
ENSG00000171914	2.17630640394089	2.59456354679803	30.8332720333756	1.03318149648361e-108	5.28130599118042e-108	237.314870590089	TLN2
ENSG00000150433	1.22364433497537	4.12243694581281	30.8296690493737	1.06831063252951e-108	5.45944727533777e-108	237.281414753876	TMEM218
ENSG00000138172	1.86971330049261	4.56983743842365	30.8256274627483	1.10914153732026e-108	5.66662586204251e-108	237.243884373224	CALHM2
ENSG00000137693	1.26170591133005	5.76282586206896	30.8249063829648	1.11658897911478e-108	5.70318395971278e-108	237.237188182664	YAP1
ENSG00000120658	2.74634088669951	0.112095566502463	30.8234219943147	1.13207803573437e-108	5.77927611659378e-108	237.223403450961	ENOX1
ENSG00000136717	1.84854975369458	4.10109261083744	30.8200598802376	1.16796073455547e-108	5.96090067241658e-108	237.192180296395	BIN1
ENSG00000168303	1.00139655172414	1.92476379310345	30.7983499983692	1.42872892545688e-108	7.28226934305645e-108	236.990533028609	MPLKIP
ENSG00000244694	5.68043349753694	-2.86639261083744	30.7908272835683	1.5320847738987e-108	7.80093815829297e-108	236.920646784876	PTCHD4
ENSG00000179195	1.39199310344827	4.33508571428571	30.7893544034987	1.55318098320642e-108	7.90629402808539e-108	236.906962888442	ZNF664
ENSG00000103018	1.03640443349754	5.54650665024631	30.7837260282364	1.63651153808715e-108	8.32614123335047e-108	236.854669666469	CYB5B
ENSG00000119681	3.08511280788177	4.41588891625616	30.7815143347212	1.67046895485555e-108	8.49462336183805e-108	236.834119784264	LTBP2
ENSG00000166598	1.9024472906404	8.11175172413792	30.7815125755766	1.67049624294052e-108	8.49462336183805e-108	236.834103438992	HSP90B1
ENSG00000145022	1.27598078817734	4.18672192118226	30.7781567117099	1.72337405269765e-108	8.76123198174231e-108	236.802921409052	TCTA
ENSG00000134686	1.33699950738916	6.25980073891625	30.7742224919555	1.78750320786975e-108	9.08488626480899e-108	236.766363685058	PHC2
ENSG00000160360	1.27890935960591	4.23058866995074	30.7691174825825	1.87429212975154e-108	9.52103374047431e-108	236.718923925858	GPSM1
ENSG00000139350	1.2590078817734	2.67899113300493	30.7663957200863	1.92227600984259e-108	9.76224474645114e-108	236.693629889121	NEDD1
ENSG00000197381	2.31873743842365	4.49543325123152	30.754253005811	2.15178637928738e-108	1.09192961371161e-107	236.580773683706	ADARB1
ENSG00000129028	2.1977118226601	0.530250492610837	30.7338857490336	2.60002469986708e-108	1.31836229073177e-107	236.3914375629	THAP10
ENSG00000116473	1.0773157635468	5.09819975369458	30.7282866890669	2.73887682668164e-108	1.38804800173788e-107	236.339379390545	RAP1A
ENSG00000155438	1.43420689655173	5.37937339901478	30.7070342500108	3.3369654469891e-108	1.68896603898112e-107	236.141747109981	NIFK
ENSG00000115750	1.72880738916256	2.83476527093596	30.6977824362506	3.63664829066194e-108	1.83969404338896e-107	236.055695006109	TAF1B
ENSG00000145431	2.34275369458128	3.69357733990148	30.6932108743878	3.79453319490544e-108	1.91857096235038e-107	236.01317063058	PDGFC
ENSG00000019549	2.2455527093596	5.9585472906404	30.6919761995366	3.83833940216665e-108	1.94021801854994e-107	236.001685334066	SNAI2
ENSG00000183520	1.13610344827587	4.54009753694581	30.676336735506	4.43909898138335e-108	2.24099385931784e-107	235.856186760504	UTP11
ENSG00000162520	2.96219162561576	1.49204064039409	30.6757147749906	4.46484659214404e-108	2.25340992003303e-107	235.850399870626	SYNC
ENSG00000185761	1.95829753694581	1.55753596059113	30.6729667398101	4.58041040423073e-108	2.3111381388969e-107	235.82483084811	ADAMTSL5
ENSG00000157680	3.75905369458128	-0.467084482758621	30.6676685937736	4.81173715756714e-108	2.42723199621004e-107	235.775531828266	DGKI
ENSG00000162378	1.06716403940886	2.48502142857143	30.664812791971	4.94124247615524e-108	2.49127348991294e-107	235.74895731956	ZYG11B
ENSG00000130511	1.31220492610838	5.30065369458128	30.6628625939372	5.03168038316178e-108	2.53621609615031e-107	235.730809295584	SSBP4
ENSG00000138347	5.43887192118226	-1.94676256157636	30.6563973592784	5.34352259659567e-108	2.6920113065912e-107	235.670642280104	MYPN
ENSG00000078043	1.15171477832512	2.58283768472906	30.6497417946403	5.68477551452768e-108	2.86245511736408e-107	235.608698773352	PIAS2
ENSG00000181924	1.2830645320197	5.53186527093596	30.646220074627	5.87408890579079e-108	2.95701817096764e-107	235.575919888638	COA4
ENSG00000138442	1.58003743842365	4.82991871921183	30.6461381412523	5.87856765916587e-108	2.95851066689208e-107	235.575157264989	WDR12
ENSG00000064199	2.15196551724138	2.10107389162561	30.6452698827529	5.92624022759014e-108	2.98173497753776e-107	235.567075594749	SPA17
ENSG00000115641	1.66544187192117	5.94565640394089	30.6440798100476	5.99221192091433e-108	3.01415200407999e-107	235.555998360677	FHL2
ENSG00000055211	1.06237586206897	5.12981305418719	30.6324157894889	6.67903772873618e-108	3.35704103124903e-107	235.447420306773	GINM1
ENSG00000153130	1.56492167487685	4.60997266009852	30.621305305625	7.40646106031739e-108	3.72074709616253e-107	235.343979855854	SCOC
ENSG00000130517	1.91777192118227	1.97207857142857	30.6135190856359	7.96302832735939e-108	3.9993189301788e-107	235.271480040853	PGPEP1
ENSG00000175595	1.54789507389163	1.36931009852217	30.607560919388	8.41705078806654e-108	4.22625915982519e-107	235.215996874913	ERCC4
ENSG00000204366	2.12593004926108	1.24993300492611	30.5968534987754	9.29911882011668e-108	4.66435780243122e-107	235.116277392665	ZBTB12
ENSG00000136560	1.39144039408867	5.25709704433497	30.5963027851249	9.34691018055177e-108	4.68712647545144e-107	235.111148159741	TANK
ENSG00000067208	1.2794433497537	2.40858374384237	30.5852273617595	1.03620115547258e-107	5.19083388368245e-107	235.007986252364	EVI5
ENSG00000107371	1.52289704433497	4.20152044334975	30.5818768110065	1.06903278106467e-107	5.35255921280187e-107	234.976774692048	EXOSC3
ENSG00000119638	1.2541157635468	5.37872586206896	30.5813530175572	1.07425869569727e-107	5.37734719039858e-107	234.971895250154	NEK9
ENSG00000116761	2.56358965517241	1.17907807881773	30.5809827373069	1.07796842817053e-107	5.39453496115457e-107	234.968445853556	CTH
ENSG00000172269	1.13930591133005	4.63793472906404	30.5808201510126	1.07960138449772e-107	5.40132367021361e-107	234.966931253386	DPAGT1
ENSG00000160007	1.42624137931035	4.05563940886699	30.5793705994407	1.09427007387568e-107	5.47331092492412e-107	234.953427570306	ARHGAP35
ENSG00000129038	3.25595812807881	4.68891600985221	30.5779211053986	1.10913775407183e-107	5.54625639459358e-107	234.939924171728	LOXL1
ENSG00000133114	1.01239359605911	3.22714408866995	30.5736331504887	1.15431486566463e-107	5.770688438173e-107	234.899976371915	GPALPP1
ENSG00000010810	1.52320049261084	5.90574704433497	30.5540708217188	1.38496495306829e-107	6.91845222721385e-107	234.71770027917	FYN
ENSG00000204271	1.93792118226601	1.35903842364532	30.5530375897764	1.39835668119458e-107	6.983564084821e-107	234.708071651627	SPIN3
ENSG00000051825	1.68598571428571	2.2652987684729	30.5509549098911	1.42574572101766e-107	7.11489348317852e-107	234.688662892556	MPHOSPH9
ENSG00000159216	2.31613399014778	4.05002364532019	30.5244307610339	1.82535717914307e-107	9.10210002419339e-107	234.441435612887	RUNX1
ENSG00000155868	1.38972955665025	2.67612192118227	30.5070724916452	2.14581400237329e-107	1.06945925106807e-106	234.279596488345	MED7
ENSG00000243943	1.32647044334975	3.5697539408867	30.5020465517525	2.24871086023811e-107	1.12045659435934e-106	234.23273062064	ZNF512
ENSG00000090924	2.14132807881773	3.58813645320197	30.5002615028707	2.28643353622535e-107	1.13896212502972e-106	234.216084676671	PLEKHG2
ENSG00000144455	1.0725448275862	4.66585320197044	30.4911756044056	2.48849180182618e-107	1.23929935757613e-106	234.13135092734	SUMF1
ENSG00000106615	1.11300788177339	6.32456945812808	30.4857537711998	2.61748737227788e-107	1.30254490015417e-106	234.080783014268	RHEB
ENSG00000163840	1.82665960591133	2.6715657635468	30.482645021656	2.69444895766546e-107	1.34050207562878e-106	234.051786998786	DTX3L
ENSG00000179021	1.25923891625616	3.0969460591133	30.4696823063384	3.04055755708583e-107	1.5111540127307e-106	233.930868365307	C3orf38
ENSG00000089048	1.60065665024631	3.31329729064039	30.4578518133678	3.3951579771015e-107	1.68696102691374e-106	233.82049381231	ESF1
ENSG00000104368	3.08501871921183	3.40343793103448	30.4548476077839	3.4916159224367e-107	1.73444734001672e-106	233.792462917834	PLAT
ENSG00000149050	2.52814285714286	-0.545862561576355	30.4515566185395	3.60043439948378e-107	1.78804800596473e-106	233.761754938027	ZNF214
ENSG00000241399	2.38710049261084	2.57575665024631	30.4475103805652	3.73889140629607e-107	1.85633678510767e-106	233.723998017044	CD302
ENSG00000142166	1.20008275862069	3.65640985221675	30.4419347318324	3.93846114744574e-107	1.95442884061413e-106	233.671966407838	IFNAR1
ENSG00000179954	2.75457586206896	2.63818251231527	30.4151391388275	5.05687770445986e-107	2.50543771979769e-106	233.42185988268	SSC5D
ENSG00000106688	3.16281428571429	0.977312561576354	30.4151196027413	5.05779951110525e-107	2.50543771979769e-106	233.421677504213	SLC1A1
ENSG00000163931	1.46334926108374	6.91813620689655	30.402434173281	5.6933327990832e-107	2.81954154991596e-106	233.303243507951	TKT
ENSG00000100116	1.34093201970443	3.51778916256157	30.3947253005377	6.11799597484555e-107	3.02908227363648e-106	233.231262389735	GCAT
ENSG00000163565	1.32992019704433	6.48325467980296	30.3918202490548	6.2861337191722e-107	3.11154065704314e-106	233.204134816577	IFI16
ENSG00000145736	2.03744926108374	2.49715960591133	30.3885558533006	6.48059705463144e-107	3.20698474655882e-106	233.173650462387	GTF2H2
ENSG00000171421	1.36696157635467	5.71130049261084	30.3587939094195	8.55604398856648e-107	4.2276159702798e-106	232.89566191483	MRPL36
ENSG00000181381	1.52815911330049	2.40836231527093	30.3437769883087	9.84397652082107e-107	4.85785326186579e-106	232.755357811283	DDX60L
ENSG00000119673	1.45767192118226	4.34516108374385	30.3436027162622	9.8600100282897e-107	4.86453713640084e-106	232.753729418382	ACOT2
ENSG00000105968	1.2023	6.09406871921182	30.3427526933273	9.93859011208154e-107	4.90206784377328e-106	232.745786777182	H2AZ2
ENSG00000169895	1.1557724137931	3.33997536945813	30.3275680696681	1.14528900878571e-106	5.63901179382475e-106	232.60388669645	SYAP1
ENSG00000169760	3.26216699507389	-0.988908620689657	30.3095255408739	1.35554162248916e-106	6.66918287680846e-106	232.435243900997	NLGN1
ENSG00000150977	1.2505684729064	1.8767315270936	30.2971328367551	1.52194612643588e-106	7.48223174913459e-106	232.319387381246	RILPL2
ENSG00000146918	2.05779014778325	2.80712216748769	30.2916196457246	1.60240743079476e-106	7.87383606049566e-106	232.267839972162	NCAPG2
ENSG00000146433	1.14676896551724	3.86224852216748	30.2878637411983	1.65964838715396e-106	8.15305399239885e-106	232.232720829043	TMEM181
ENSG00000179965	1.31749950738916	2.27726305418719	30.2851711764424	1.70193969360817e-106	8.3587095985149e-106	232.207543288317	ZNF771
ENSG00000162825	1.66177192118227	0.582458866995074	30.2833246652072	1.7315644417912e-106	8.50206842248331e-106	232.190276497755	NBPF20
ENSG00000181751	1.62215665024631	2.18343990147783	30.2736495550717	1.89544071171796e-106	9.29736505732738e-106	232.099797590013	MACIR
ENSG00000198890	1.76137783251232	2.86038596059113	30.2639814421246	2.07471372359591e-106	1.01716145475442e-105	232.009373018315	PRMT6
ENSG00000163818	1.27485615763547	3.2368645320197	30.245904816003	2.45670891508228e-106	1.20353486133211e-105	231.840274986808	LZTFL1
ENSG00000110696	1.13880295566502	6.72065024630542	30.2194582033395	3.14603688683588e-106	1.53930527898214e-105	231.592809981056	C11orf58
ENSG00000262576	2.85425467980296	-0.0972633004926109	30.2121066144516	3.36998461773911e-106	1.64805403903548e-105	231.524005310086	PCDHGA4
ENSG00000164252	1.09006354679803	3.0026869458128	30.2100085572187	3.43677654737492e-106	1.68029740527397e-105	231.504368089338	AGGF1
ENSG00000204370	1.02060837438424	6.10149285714286	30.2083119321307	3.49175704211759e-106	1.70675127856583e-105	231.48848777819	SDHD
ENSG00000124380	1.01726600985222	4.9602512315271	30.2071866454097	3.52870780252995e-106	1.72438129224907e-105	231.477954972464	SNRNP27
ENSG00000175395	1.24804630541872	2.29908325123153	30.1929106911249	4.03292367906552e-106	1.96930021330081e-105	231.344317468641	ZNF25
ENSG00000160345	1.66594039408867	1.37959679802956	30.1832660227339	4.4138033867292e-106	2.15367155514262e-105	231.254019865479	PIERCE1
ENSG00000160055	1.21830147783251	3.46200197044335	30.1734192340646	4.8398540447267e-106	2.36038002850135e-105	231.161818561462	TMEM234
ENSG00000155754	3.74027931034482	-2.69558990147783	30.1678549919681	5.09857304743985e-106	2.48593599034605e-105	231.109712197624	C2CD6
ENSG00000116017	1.65752266009852	2.45432733990148	30.1672613057226	5.12698247725689e-106	2.49916416988162e-105	231.104152404432	ARID3A
ENSG00000072422	2.12181379310345	2.51314236453202	30.1619450796967	5.38854832819553e-106	2.62535555795555e-105	231.054364791531	RHOBTB1
ENSG00000182718	1.39455615763546	10.7137322660098	30.1617616664544	5.39780716533407e-106	2.62921105745161e-105	231.052647026945	ANXA2
ENSG00000267534	1.62324630541872	2.58979359605911	30.1590245655789	5.5378860048467e-106	2.69609786513986e-105	231.027012118383	S1PR2
ENSG00000168685	4.17703891625616	1.96409187192118	30.1540360095509	5.80261943213961e-106	2.82287251538143e-105	230.980288441038	IL7R
ENSG00000185630	1.94267536945813	3.82491995073892	30.1532859494347	5.84350517863462e-106	2.84205520659228e-105	230.973262993826	PBX1
ENSG00000077254	1.1342118226601	4.82962857142857	30.1359749720783	6.87161315027443e-106	3.33876340583448e-105	230.811101022953	USP33
ENSG00000065802	1.45988177339901	3.68120591133005	30.1054628668771	9.14442532012454e-106	4.4375554905854e-105	230.525190169658	ASB1
ENSG00000133065	1.33912216748768	3.77543201970443	30.1050638189295	9.17866940770563e-106	4.45306746686652e-105	230.521450199036	SLC41A1
ENSG00000171757	1.90397931034483	0.40595763546798	30.0992303196561	9.69418035295631e-106	4.70083554485042e-105	230.466775133127	LRRC34
ENSG00000126603	2.4584960591133	3.07017216748768	30.096590073439	9.93693628786483e-106	4.81735571663246e-105	230.442027835309	GLIS2
ENSG00000128578	2.80021822660099	0.22407118226601	30.0964424468965	9.95068802300446e-106	4.82282602543535e-105	230.440644092323	STRIP2
ENSG00000066651	1.27076748768473	3.13408522167488	30.085177870709	1.10582221104623e-105	5.35828853167998e-105	230.335050622536	TRMT11
ENSG00000198853	1.51182709359606	3.74570320197044	30.071494739833	1.25709082537583e-105	6.08522886041477e-105	230.206765613269	RUSC2
ENSG00000186665	1.40304581280788	2.4105618226601	30.0674777263744	1.30531427549376e-105	6.31710043875655e-105	230.169100255221	C17orf58
ENSG00000138483	6.71712413793102	-4.17102660098521	30.0644960006446	1.34230325489208e-105	6.49450116541249e-105	230.141140997815	CCDC54
ENSG00000144339	4.42911133004926	-0.865458128078817	30.0642766917899	1.34506491114352e-105	6.506252102368e-105	230.139084525567	TMEFF2
ENSG00000106049	1.49760689655173	4.50294532019704	30.0507688870737	1.52660110460829e-105	7.37523826607052e-105	230.012410094943	HIBADH
ENSG00000164330	2.18014285714286	2.82759310344828	30.0442334404575	1.62304624840163e-105	7.83924117307582e-105	229.951113803647	EBF1
ENSG00000232119	1.0312881773399	5.0707263546798	30.0244234129316	1.95429200839833e-105	9.43447984884394e-105	229.765283764605	MCTS1
ENSG00000060718	6.09893399014778	2.01348965517241	30.0073375338883	2.29388974212819e-105	1.10684428001652e-104	229.604970738034	COL11A1
ENSG00000029725	1.3014118226601	4.06506748768473	29.9989475320479	2.48168534281791e-105	1.19598261330081e-104	229.52623661563	RABEP1
ENSG00000163520	2.65575763546798	6.21100738916256	29.9978930246979	2.50635274075825e-105	1.207572614889e-104	229.516340237455	FBLN2
ENSG00000067369	1.23908374384236	3.79782167487684	29.9852225689299	2.8226631270136e-105	1.35930218896254e-104	229.397419854541	TP53BP1
ENSG00000085760	1.10677093596059	3.97295147783251	29.9574724342075	3.66215048596752e-105	1.76096812984196e-104	229.136900971255	MTIF2
ENSG00000141378	1.77020689655173	4.36088374384236	29.950139807106	3.92303332676257e-105	1.88595122439346e-104	229.068046973697	PTRH2
ENSG00000150636	2.63956256157635	1.29577931034483	29.94746426157	4.02279114271736e-105	1.93343296878954e-104	229.042921797193	CCDC102B
ENSG00000055070	1.18002216748768	5.94466379310346	29.9438976448157	4.15973378108712e-105	1.99875873002224e-104	229.009427552365	SZRD1
ENSG00000180626	2.20819162561577	0.398933251231527	29.9345772216617	4.54004355916119e-105	2.18096192805133e-104	228.921892014719	ZNF594
ENSG00000116649	1.36645073891626	6.41305344827586	29.9291923249623	4.77544061417978e-105	2.29291549096563e-104	228.871313495606	SRM
ENSG00000145715	1.01670197044335	4.01591600985221	29.920350591865	5.18875430999237e-105	2.49075501660209e-104	228.78825868738	RASA1
ENSG00000169136	2.53977536945813	5.16420541871921	29.9125194331455	5.58464761022186e-105	2.67882139418153e-104	228.71468903882	ATF5
ENSG00000143179	1.28380049261084	4.86309433497537	29.9091703040751	5.76306189144271e-105	2.76372406092205e-104	228.683223520365	UCK2
ENSG00000172757	1.10975763546799	9.44075369458128	29.9074215896352	5.8584758522216e-105	2.80879134210291e-104	228.666793589342	CFL1
ENSG00000175216	1.14342955665024	5.00260985221675	29.9073920917099	5.86009882146915e-105	2.80888033282193e-104	228.666516440453	CKAP5
ENSG00000141179	1.50443054187192	2.74093201970443	29.9044416928602	6.02472459472179e-105	2.88708111893215e-104	228.638795338683	PCTP
ENSG00000169429	5.9820512315271	0.800478817733991	29.8985834928097	6.36545299642396e-105	3.0488647660813e-104	228.583750340993	CXCL8
ENSG00000164167	1.28667931034483	4.44122241379311	29.8959768414901	6.52320250929481e-105	3.12365654096151e-104	228.559256349276	LSM6
ENSG00000136770	1.08407536945813	4.01576231527093	29.8958003244835	6.53402542237873e-105	3.12807263116426e-104	228.557597638259	DNAJC1
ENSG00000114698	2.26974236453202	3.99722389162562	29.8917939222129	6.78456697116515e-105	3.24563054468811e-104	228.519948930467	PLSCR4
ENSG00000113356	1.95658768472906	1.24166773399015	29.8831992464875	7.35496931275738e-105	3.5167802865159e-104	228.43917723662	POLR3G
ENSG00000118260	1.48164630541872	3.73366009852216	29.8644851643721	8.76861382450073e-105	4.19066400974305e-104	228.263274639145	CREB1
ENSG00000184216	1.27555665024631	5.6439157635468	29.8492162609868	1.01213527910237e-104	4.83361378890969e-104	228.119724496374	IRAK1
ENSG00000106665	1.44226256157635	3.84514113300493	29.8451726208419	1.05133563894943e-104	5.01959468760073e-104	228.081703756037	CLIP2
ENSG00000166833	2.05989359605911	3.26996847290641	29.8388692643547	1.11549642804483e-104	5.32073009442325e-104	228.022431979705	NAV2
ENSG00000172172	1.463539408867	4.57232044334975	29.8199986433549	1.3319860797829e-104	6.34870048076033e-104	227.844959764666	MRPL13
ENSG00000114026	1.24834827586207	3.75687266009852	29.8191898166615	1.34215227655232e-104	6.395596144449e-104	227.837352073565	OGG1
ENSG00000075213	3.37888620689656	0.300860344827586	29.8002960682874	1.60304853944987e-104	7.62951158254488e-104	227.659618786432	SEMA3A
ENSG00000117143	2.12259556650247	5.23934852216749	29.7981683999118	1.63544248168679e-104	7.78179132630222e-104	227.639601215333	UAP1
ENSG00000114904	1.46819310344827	2.49822216748769	29.7893564190669	1.77673461944821e-104	8.44997516019882e-104	227.556690525284	NEK4
ENSG00000168275	1.66137684729064	4.40935640394088	29.7891302082262	1.78051829394999e-104	8.46590961079578e-104	227.554562019653	COA6
ENSG00000100271	1.11938669950739	2.68141896551724	29.7782030543308	1.97322911548992e-104	9.37991811600682e-104	227.451737057889	TTLL1
ENSG00000109189	1.18759704433497	2.87151330049261	29.7638191994811	2.25910529913177e-104	1.07336337844962e-103	227.316363112394	USP46
ENSG00000166226	1.0510433497537	6.23043990147783	29.7636903594871	2.26184500628633e-104	1.07440386759474e-103	227.315150422843	CCT2
ENSG00000039123	1.09860344827586	4.89366674876847	29.7630046531062	2.2764822216541e-104	1.08109393865284e-103	227.308696268798	MTREX
ENSG00000100731	1.21389261083744	3.34924630541872	29.7490927709317	2.59481129169071e-104	1.23166874574253e-103	227.177739972569	PCNX1
ENSG00000175324	1.16261625615764	5.07886871921182	29.7352049960927	2.95704966026397e-104	1.40292946008445e-103	227.046988051729	LSM1
ENSG00000173456	1.0203881773399	4.26992561576355	29.7319071035426	3.05026101004716e-104	1.44680098685295e-103	227.015935434893	RNF26
ENSG00000160539	2.13698768472906	0.886397783251232	29.7171118403271	3.50599743326671e-104	1.66175604755998e-103	226.876609132122	PLPP7
ENSG00000080493	3.47982610837438	-2.54524408866995	29.7147218578083	3.58576250746694e-104	1.69915060428999e-103	226.854100381219	SLC4A4
ENSG00000164163	1.6881039408867	4.89308448275862	29.7122040185228	3.67176117571274e-104	1.73948016717038e-103	226.830386759829	ABCE1
ENSG00000154447	1.6246802955665	2.54768448275862	29.7052224969123	3.92117753154151e-104	1.85718980420223e-103	226.764629225789	SH3RF1
ENSG00000196839	1.8817118226601	3.54856133004926	29.7035824137963	3.98218933529903e-104	1.88562985196059e-103	226.749180791157	ADA
ENSG00000170417	2.22008275862069	-0.122671921182266	29.6946638360286	4.33099283356387e-104	2.05029704344731e-103	226.66516854069	TMEM182
ENSG00000204310	1.27496748768472	5.25614778325123	29.6928792286483	4.40437925750943e-104	2.08453328772703e-103	226.64835657576	AGPAT1
ENSG00000144285	6.79042068965517	-4.52394137931033	29.6550120595662	6.29160333978841e-104	2.97412947426573e-103	226.29153988583	SCN1A
ENSG00000183386	1.19702512315271	4.66296428571428	29.654482945676	6.32303992735595e-104	2.98826714051729e-103	226.286552940927	FHL3
ENSG00000082213	1.19668620689655	3.31720467980296	29.6482087126409	6.70802567158555e-104	3.16944481803977e-103	226.227415257746	C5orf22
ENSG00000159579	1.25084827586207	4.0789315270936	29.6416241069661	7.13732435665459e-104	3.37146706738564e-103	226.165347232652	RSPRY1
ENSG00000198429	2.10958275862069	0.44787709359606	29.6338440271398	7.68015935751791e-104	3.62613370777035e-103	226.092003884941	ZNF69
ENSG00000140718	1.26354975369458	4.8627236453202	29.6236630669162	8.45344376548809e-104	3.9902704846659e-103	225.996016631766	FTO
ENSG00000151240	1.64029162561577	2.40057389162562	29.6201003790696	8.74207360128712e-104	4.12551563188488e-103	225.962424356182	DIP2C
ENSG00000159239	1.80146945812808	1.05203275862069	29.6137005228715	9.28556568369469e-104	4.37988232176591e-103	225.902076957167	
ENSG00000170270	1.51624827586207	2.66311625615763	29.6102332713205	9.59401321489897e-104	4.52428103874411e-103	225.86938054349	GON7
ENSG00000187840	2.12147536945813	5.57839236453202	29.5939452285239	1.11860742696003e-103	5.27123856707328e-103	225.715764505165	EIF4EBP1
ENSG00000156671	1.40679014778325	2.90689901477833	29.5913969919239	1.14580437768402e-103	5.39809767326451e-103	225.691728747356	SAMD8
ENSG00000164603	1.78000147783251	2.38830270935961	29.5766057392887	1.31726782873092e-103	6.20290311061679e-103	225.552198164841	BMT2
ENSG00000157895	1.23384137931035	3.18024532019705	29.5544259395064	1.62372041642982e-103	7.64227947443918e-103	225.342921450631	C12orf43
ENSG00000145476	2.13300295566502	2.36980246305419	29.5542502769794	1.62641276795659e-103	7.65310818959972e-103	225.341263765132	CYP4V2
ENSG00000135336	1.03416896551724	3.46792142857143	29.5502456812874	1.68901787715176e-103	7.94578414908514e-103	225.303472376339	ORC3
ENSG00000196611	9.39148620689654	-0.766572167487685	29.5386195747536	1.8847825409213e-103	8.86033688108832e-103	225.193746209538	MMP1
ENSG00000088766	1.06552068965518	4.76899926108374	29.5227100138247	2.19001320649256e-103	1.02927460512933e-102	225.043567770536	CRLS1
ENSG00000176105	1.2462157635468	3.75387832512315	29.5224413168309	2.19557240088596e-103	1.03163923679042e-102	225.041031150883	YES1
ENSG00000165752	1.10100344827586	3.1448224137931	29.5201902068248	2.2427052062901e-103	1.05327914302622e-102	225.019779338007	STK32C
ENSG00000117262	1.14456256157635	4.05376206896552	29.5164534611175	2.32319096514338e-103	1.0908168630666e-102	224.984500946537	GPR89A
ENSG00000245680	1.44288571428571	2.20450197044335	29.5091013346181	2.4900901321717e-103	1.16862010957972e-102	224.915085237704	ZNF585B
ENSG00000075131	1.75795960591133	2.37014039408867	29.5049714316163	2.58905483354226e-103	1.21448174644942e-102	224.876089670191	TIPIN
ENSG00000147202	1.20764384236453	2.62234556650246	29.5031524707337	2.63388271982762e-103	1.23521324960095e-102	224.858913963919	DIAPH2
ENSG00000198028	5.96099802955664	-5.06344285714284	29.4860238478797	3.09604962964324e-103	1.45125933946962e-102	224.697156562217	ZNF560
ENSG00000143933	1.1250315270936	8.4795896551724	29.4832178956524	3.17915079747234e-103	1.48949807921852e-102	224.670654780821	CALM2
ENSG00000138134	1.98278078817734	2.58223325123153	29.4804651366754	3.26284662081184e-103	1.52797864040031e-102	224.644654515599	STAMBPL1
ENSG00000139505	1.17695763546798	2.80119753694581	29.4795299211351	3.29178047056741e-103	1.5411589352139e-102	224.635821050026	MTMR6
ENSG00000111832	1.25435467980295	5.2084763546798	29.4791186773674	3.3045847874841e-103	1.54678313573687e-102	224.631936664576	RWDD1
ENSG00000140416	2.10237339901478	7.6652275862069	29.4722299336974	3.52663842807748e-103	1.64953490094519e-102	224.566866419967	TPM1
ENSG00000168994	1.60185517241379	5.9072960591133	29.4517789332913	4.27784143687382e-103	1.99946370149219e-102	224.373656380116	PXDC1
ENSG00000104635	2.44088866995074	4.37536600985222	29.4329601771947	5.10991496288908e-103	2.38723304338462e-102	224.195824173605	SLC39A14
ENSG00000158186	2.45333201970443	3.90336699507389	29.426694899907	5.42145615087015e-103	2.53156740980417e-102	224.136609898255	MRAS
ENSG00000003509	1.05025615763547	3.18109359605911	29.4181639659239	5.87646141548677e-103	2.74337814098047e-102	224.055975197499	NDUFAF7
ENSG00000198369	1.49049901477833	3.72884162561576	29.4174280701515	5.91745857986497e-103	2.76185754878723e-102	224.049019089808	SPRED2
ENSG00000118965	1.61274975369458	1.98554630541872	29.4158744665447	6.0049536811999e-103	2.80202494837652e-102	224.034333334612	WDR35
ENSG00000177963	1.12778325123153	5.90517684729064	29.4086975076921	6.42626007825103e-103	2.99789865001627e-102	223.966488048057	RIC8A
ENSG00000147121	1.27149852216749	2.87373300492611	29.3933302464439	7.43057209834552e-103	3.46145983184429e-102	223.821198128537	KRBOX4
ENSG00000152219	1.6325921182266	3.59423546798029	29.3844182449182	8.08352228823285e-103	3.76383589603637e-102	223.736927038402	ARL14EP
ENSG00000147905	1.26486945812808	3.44808103448276	29.3638836633646	9.81517156315193e-103	4.56577202302107e-102	223.542718996962	ZCCHC7
ENSG00000131013	1.11755320197044	3.97724950738916	29.3629855576741	9.89886097513958e-103	4.60360640590618e-102	223.534223954868	PPIL4
ENSG00000196712	1.29170295566503	3.59134261083744	29.3097157902237	1.63819633740847e-102	7.60238252805422e-102	223.030187307531	NF1
ENSG00000115841	1.75016847290641	1.86092512315271	29.3088806168479	1.65119045251646e-102	7.65904671803387e-102	223.022282325824	RMDN2
ENSG00000150787	1.17377142857143	4.67918916256157	29.2960533324769	1.86423668389424e-102	8.6288283459643e-102	222.900860991273	PTS
ENSG00000169598	1.30796108374384	1.41793128078818	29.2926432240502	1.92536760379938e-102	8.90966936146046e-102	222.868578183562	DFFB
ENSG00000197826	7.11009162561575	-4.13949999999999	29.2886336967942	1.99981633287059e-102	9.2498013673271e-102	222.830619088777	CFAP299
ENSG00000170917	1.50814532019704	2.2847775862069	29.2460199744918	2.99332223701967e-102	1.38287241503164e-101	222.427071276695	NUDT6
ENSG00000198015	1.39923152709359	4.63018522167488	29.2416049800767	3.1210912343243e-102	1.44155908535016e-101	222.38524978824	MRPL42
ENSG00000073536	1.30660541871921	3.33757906403941	29.2387580255329	3.20636318265495e-102	1.48024449126962e-101	222.3582805325	NLE1
ENSG00000198855	1.98330738916256	1.14412610837438	29.2196537710533	3.84217387169825e-102	1.77126118897681e-101	222.177281506412	FICD
ENSG00000128050	1.47323497536946	5.38024950738916	29.2169667940305	3.94119929407432e-102	1.81648388218869e-101	222.151820980818	PAICS
ENSG00000119335	1.18563940886699	7.29599950738915	29.2059394531361	4.37509000354009e-102	2.0155117597638e-101	222.047322437776	SET
ENSG00000168724	1.28997142857143	4.70299901477832	29.2048095680829	4.42216429562886e-102	2.03671776255431e-101	222.036614505323	DNAJC21
ENSG00000106070	1.68786009852217	3.71245172413793	29.1941709508452	4.8910363613787e-102	2.25160500763398e-101	221.93578504668	GRB10
ENSG00000015171	1.04579556650247	4.80266133004926	29.1929643506183	4.94726369402625e-102	2.27695306426427e-101	221.92434845172	ZMYND11
ENSG00000075336	1.22021428571428	4.6486933497537	29.1885076307109	5.16061460157182e-102	2.37458748631779e-101	221.882104597314	TIMM21
ENSG00000147065	1.2808118226601	6.84546009852217	29.1643623294318	6.4872423479164e-102	2.98220865591584e-101	221.653199306657	MSN
ENSG00000079950	1.37431970443349	4.33654310344828	29.1639162846096	6.51472195169817e-102	2.99413679162948e-101	221.648970029398	STX7
ENSG00000118257	2.6422763546798	2.99627807881774	29.152153284206	7.28302501789993e-102	3.34645837996239e-101	221.537428203996	NRP2
ENSG00000178163	1.81728128078818	2.08167413793103	29.1519348280372	7.29812036269364e-102	3.35260620892711e-101	221.535356559046	ZNF518B
ENSG00000184408	4.39213645320196	-2.04774802955665	29.1482248310139	7.55931865488753e-102	3.47096346695987e-101	221.500173397762	KCND2
ENSG00000104324	1.61613448275862	4.57817561576355	29.1395718692596	8.2054783050315e-102	3.76500251319384e-101	221.418108309059	CPQ
ENSG00000133111	1.36244926108374	1.35865221674877	29.1347404865284	8.59002947861896e-102	3.9396000016703e-101	221.372283529186	RFXAP
ENSG00000140382	1.12967487684729	3.94081724137931	29.1331059345143	8.72417464719598e-102	3.99924515494966e-101	221.356779498996	HMG20A
ENSG00000152049	2.89322019704434	1.93474064039409	29.1116019218144	1.06972462293846e-101	4.89682796473727e-101	221.152781516022	KCNE4
ENSG00000067900	1.33287290640394	3.93074187192118	29.0970142852261	1.22843727253608e-101	5.61941038855339e-101	221.014365733211	ROCK1
ENSG00000168016	2.52818128078818	1.84859655172414	29.094502379006	1.25805506507125e-101	5.75354834580444e-101	220.990528889317	TRANK1
ENSG00000155729	1.19164433497537	3.2898842364532	29.0891312426972	1.32380701486788e-101	6.05283965478432e-101	220.939556841384	KCTD18
ENSG00000203666	1.49591527093596	2.41000344827586	29.0612516886552	1.72460812049905e-101	7.87620749960094e-101	220.674927207271	EFCAB2
ENSG00000179909	2.29736748768473	-0.0204995073891624	29.0604390192324	1.73795793856585e-101	7.93346742243724e-101	220.6672121105	ZNF154
ENSG00000172878	1.49272413793104	2.45108916256158	29.0587173403895	1.7665829558709e-101	8.06225224746128e-101	220.650867062322	METAP1D
ENSG00000117152	5.69265123152709	-0.958189162561578	29.0554901154838	1.82151742944914e-101	8.31101882005491e-101	220.620227949235	RGS4
ENSG00000119403	1.29768866995073	3.97250443349754	29.0486920448745	1.94289648982484e-101	8.86276452011136e-101	220.555683523007	PHF19
ENSG00000242265	3.42663054187192	1.34220492610837	29.0430844589077	2.04909208159952e-101	9.34500757493997e-101	220.502438217692	PEG10
ENSG00000197081	1.7080684729064	4.81306379310345	29.0360925199606	2.18968235337384e-101	9.98384800504705e-101	220.436043151104	IGF2R
ENSG00000143799	1.08988177339902	4.90477586206896	29.0200107808817	2.55080142323037e-101	1.16222339502839e-100	220.283310730197	PARP1
ENSG00000180773	1.28906256157635	2.48525935960591	29.0188370250697	2.57938313603539e-101	1.1749721502192e-100	220.272162116669	SLC36A4
ENSG00000128000	1.7825763546798	1.60000147783251	29.0033777941789	2.98715760323208e-101	1.36040628949805e-100	220.125312023465	ZNF780B
ENSG00000136824	1.77271822660098	2.3721078817734	28.9992077937813	3.10780756943128e-101	1.41469311721002e-100	220.085695765957	SMC2
ENSG00000103489	1.79613497536946	2.86832068965517	28.980946803828	3.69630478103876e-101	1.68179716021093e-100	219.912187601056	XYLT1
ENSG00000145354	1.2474039408867	3.5871236453202	28.9573956701512	4.62299994574292e-101	2.10245903978842e-100	219.68835883237	CISD2
ENSG00000123643	1.44199753694581	1.97403571428571	28.9564392202392	4.66519859383408e-101	2.12115660587961e-100	219.679267451366	SLC36A1
ENSG00000119965	1.43453448275862	2.34629236453202	28.951588858323	4.88520842869117e-101	2.22015681659262e-100	219.633161517837	C10orf88
ENSG00000009844	1.05559704433497	4.71676650246306	28.9508488081848	4.91967827833609e-101	2.23530232307007e-100	219.626126611762	VTA1
ENSG00000140350	1.31579704433497	5.74330197044335	28.9493417267841	4.99062947592044e-101	2.26701258062383e-100	219.611800125386	ANP32A
ENSG00000166446	1.84864975369458	-0.000527832512315194	28.9400481641954	5.45136865634014e-101	2.47572963704855e-100	219.523448776447	CDYL2
ENSG00000172301	1.02304039408867	5.05398768472906	28.92460463079	6.31310908242915e-101	2.86442483605365e-100	219.376609690807	COPRS
ENSG00000130818	1.51896009852217	1.85313078817734	28.8854594342053	9.15912590334513e-101	4.14817819565862e-100	219.004291165868	ZNF426
ENSG00000110330	1.33310935960591	4.55898177339902	28.8854557614514	9.15944576515554e-101	4.14817819565862e-100	219.004256225368	BIRC2
ENSG00000132613	1.81051674876847	5.48933522167488	28.8768462172673	9.94085620609288e-101	4.50102437394502e-100	218.922345703733	MTSS2
ENSG00000197056	1.2547960591133	1.90703596059113	28.8746857603877	1.014720289144e-100	4.59338982868937e-100	218.901789972594	ZMYM1
ENSG00000160293	1.1716802955665	2.71740073891626	28.8614159079688	1.15121131954664e-100	5.20883806589034e-100	218.775521995694	VAV2
ENSG00000151413	1.15026945812808	2.4306618226601	28.8613432951554	1.15200665802368e-100	5.2112301183099e-100	218.774831000861	NUBPL
ENSG00000048991	1.09393990147783	3.32447536945813	28.8370246735604	1.45184821102342e-100	6.56152121642454e-100	218.54337771566	R3HDM1
ENSG00000118596	1.72636453201971	2.04909556650246	28.8279934902663	1.58211726357318e-100	7.14860937913227e-100	218.457406129367	SLC16A7
ENSG00000134780	2.09847044334975	0.000404679802955561	28.8199940738496	1.70724616078061e-100	7.70864243853389e-100	218.381248675461	DAGLA
ENSG00000089159	1.22124137931034	5.7891157635468	28.8193842683676	1.71718183755621e-100	7.75171343717335e-100	218.375442801763	PXN
ENSG00000204713	1.09246354679803	4.69525	28.8015980965175	2.03389811573383e-100	9.16872825321118e-100	218.206084672484	TRIM27
ENSG00000163605	1.37314187192119	3.83639113300493	28.7952614768705	2.1603451641646e-100	9.73425529123923e-100	218.145739406858	PPP4R2
ENSG00000126562	3.72836354679803	-0.131530541871921	28.789712533601	2.27752243938602e-100	1.02598763279119e-99	218.092891671675	WNK4
ENSG00000155254	1.27890591133005	5.17309532019705	28.7844136057552	2.3953557519931e-100	1.07882097500459e-99	218.042421828136	MARVELD1
ENSG00000241839	2.11369753694582	3.74882167487685	28.7792370244015	2.5163607053514e-100	1.13305808534509e-99	217.99311422531	PLEKHO2
ENSG00000156639	1.28926945812808	5.54098497536946	28.764138359888	2.9054051205051e-100	1.30733195636451e-99	217.849280275247	ZFAND3
ENSG00000065183	1.91096502463054	3.23660517241379	28.7600406193907	3.02101587589357e-100	1.35872709428566e-99	217.81023966847	WDR3
ENSG00000164953	1.50487192118227	2.11972315270936	28.7524253136917	3.24824279983605e-100	1.46025214617888e-99	217.737680971335	TMEM67
ENSG00000204941	7.19053546798029	0.486857881773399	28.7516003086693	3.27386465491758e-100	1.47128765123321e-99	217.729819924958	PSG5
ENSG00000011405	1.30830738916256	3.49450689655173	28.7334875301055	3.89030748917461e-100	1.745279819868e-99	217.557213341248	PIK3C2A
ENSG00000106617	1.26663201970444	4.27649679802956	28.7318533528145	3.95134060013003e-100	1.77225379866286e-99	217.541638557863	PRKAG2
ENSG00000145685	2.00148325123152	2.81210665024631	28.7237904231352	4.26680166378366e-100	1.91242747967111e-99	217.46478914841	LHFPL2
ENSG00000187676	1.31659753694581	1.61005640394089	28.7195406399119	4.44309867960374e-100	1.99098909417144e-99	217.424280668714	B3GLCT
ENSG00000183087	2.26923004926108	8.33495640394089	28.6941681987594	5.65826093058728e-100	2.53260959930226e-99	217.182391088106	GAS6
ENSG00000141642	1.43635172413793	2.53863645320197	28.6707192140367	7.07535545530172e-100	3.1632714780944e-99	216.958774686398	ELAC1
ENSG00000221955	2.68135221674877	1.77571403940887	28.664142764609	7.53313584877037e-100	3.36639699878048e-99	216.89604866998	SLC12A8
ENSG00000040933	1.25193497536946	2.45047881773399	28.6608939829139	7.77010784262032e-100	3.47150085643544e-99	216.865060080685	INPP4A
ENSG00000175970	1.56326256157635	3.65620566502463	28.6589616258805	7.91458261613822e-100	3.53524053679024e-99	216.846627681904	UNC119B
ENSG00000152767	1.50770640394089	4.07559261083744	28.6527877318103	8.39445284320678e-100	3.74787291436936e-99	216.787733238616	FARP1
ENSG00000172086	1.46738128078818	4.38361133004926	28.6398056575583	9.50065652136663e-100	4.23982255630388e-99	216.663879807519	KRCC1
ENSG00000107443	1.38125467980296	1.06352684729064	28.6265811797509	1.07777258214589e-99	4.80644267464515e-99	216.537694376974	CCNJ
ENSG00000237651	1.9951236453202	3.46670714285714	28.6241010849069	1.10357081642427e-99	4.91924746682551e-99	216.514027609908	C2orf74
ENSG00000131634	1.63836600985222	4.35592339901478	28.6186263708173	1.16272949383445e-99	5.18058818251546e-99	216.461781696533	TMEM204
ENSG00000134531	1.59756206896552	7.87262684729064	28.6149229751729	1.20453793189973e-99	5.36442120902109e-99	216.42643780743	EMP1
ENSG00000026652	1.92050837438424	1.34135467980295	28.604563605142	1.32965524023515e-99	5.91758658726377e-99	216.32756353014	AGPAT4
ENSG00000012660	1.82757733990148	4.97689064039409	28.5911051048434	1.51183720601106e-99	6.72378759214113e-99	216.199091920972	ELOVL5
ENSG00000113595	1.43691674876848	2.35366231527094	28.5846631767227	1.60768368734805e-99	7.14843108490458e-99	216.137591667541	TRIM23
ENSG00000158079	1.28300098522167	1.93028522167488	28.5799160662205	1.68218629226559e-99	7.477999209157e-99	216.092268654664	PTPDC1
ENSG00000117122	2.35281231527094	5.12394261083744	28.5734779308492	1.78878214903205e-99	7.94824482864583e-99	216.030796573598	MFAP2
ENSG00000178966	1.59855320197044	1.74576527093596	28.5646813490713	1.9454444795464e-99	8.63846308095789e-99	215.94679829287	RMI1
ENSG00000173917	1.64118226600986	3.61869458128079	28.5619423064455	1.99697580456969e-99	8.86526605472534e-99	215.920641500108	HOXB2
ENSG00000134259	3.16182807881774	0.675295320197044	28.5501710652443	2.23445419366884e-99	9.91500995746515e-99	215.808221201809	NGF
ENSG00000196704	1.05523596059113	5.86481650246306	28.5220921223749	2.92147519771411e-99	1.2948847428834e-98	215.539993185327	AMZ2
ENSG00000128335	1.31824630541872	4.11582807881773	28.5173008010872	3.05825348750147e-99	1.35489434714926e-98	215.494214655829	APOL2
ENSG00000148219	1.90532857142857	0.880352955665025	28.5089636240778	3.31171768257669e-99	1.46685373873331e-98	215.414551271151	ASTN2
ENSG00000136522	1.0096684729064	4.59009975369458	28.4911823701994	3.924779560191e-99	1.73721499808047e-98	215.244622036702	MRPL47
ENSG00000198832	1.43610541871922	6.78867881773399	28.4863232275854	4.11126160103404e-99	1.81934497752281e-98	215.198178794918	SELENOM
ENSG00000179119	1.28639802955665	3.00710689655172	28.4843534569947	4.18936033028032e-99	1.85348606688562e-98	215.179351160229	SPTY2D1
ENSG00000132603	1.62556305418719	4.10649187192118	28.4822237810834	4.27547115416902e-99	1.89115566534113e-98	215.158994619602	NIP7
ENSG00000165169	1.45140738916257	3.45761256157635	28.4806525932684	4.3401341785878e-99	1.91932342425804e-98	215.143976073333	DYNLT3
ENSG00000020129	1.26980197044335	3.75915763546798	28.4554748268861	5.52061031913737e-99	2.4391536707344e-98	214.903271445075	NCDN
ENSG00000130513	5.43625517241379	3.00025172413793	28.4277487818521	7.19583951594016e-99	3.17500780809444e-98	214.638123409492	GDF15
ENSG00000135835	1.87785073891626	1.40924753694581	28.4248672528624	7.39682249473433e-99	3.26295045580358e-98	214.610562059536	KIAA1614
ENSG00000110237	1.71654433497537	4.17864802955665	28.4129105187693	8.29262947664173e-99	3.65564099328971e-98	214.496188045606	ARHGEF17
ENSG00000122862	2.89516305418719	4.63939187192118	28.4056278649308	8.89067773460959e-99	3.91839477423862e-98	214.426516924378	SRGN
ENSG00000184500	1.7040315270936	4.54214384236453	28.3996826426558	9.41077594233288e-99	4.14668282897563e-98	214.369636287822	PROS1
ENSG00000180914	4.37128226600985	-1.31204507389163	28.3990719150051	9.46589947212888e-99	4.17003172868221e-98	214.363792958084	OXTR
ENSG00000184988	2.1115039408867	0.316362807881773	28.384434841043	1.08882351610318e-98	4.79445451818123e-98	214.223735789032	TMEM106A
ENSG00000149485	3.6544802955665	3.5277145320197	28.3842742431687	1.09049730920687e-98	4.80074305395825e-98	214.22219895138	FADS1
ENSG00000132205	2.02113201970443	3.33870935960591	28.3786371247824	1.15091000916865e-98	5.0644186892983e-98	214.168252871108	EMILIN2
ENSG00000176261	1.03347980295566	4.59005911330049	28.371992274856	1.22643984261132e-98	5.39434782901428e-98	214.104658495537	ZBTB8OS
ENSG00000177889	1.03056403940887	5.94207266009852	28.3595816155902	1.38105155366942e-98	6.07029002739716e-98	213.98586952118	UBE2N
ENSG00000070214	1.55972216748769	4.57232906403941	28.3516192572683	1.49037547299748e-98	6.54639637970706e-98	213.90964863026	SLC44A1
ENSG00000102172	1.79427586206896	4.8543433497537	28.3444626487088	1.59601139885421e-98	7.00567267664173e-98	213.841134932164	SMS
ENSG00000196476	1.4914842364532	1.81618399014778	28.3406546350827	1.65524288450926e-98	7.26240602808262e-98	213.80467666074	C20orf96
ENSG00000180891	1.3610275862069	4.10202216748768	28.334265899628	1.75960128454474e-98	7.71681514869238e-98	213.743506729952	CUEDC1
ENSG00000168040	1.15032561576355	3.87088793103448	28.3331565154625	1.77838274933166e-98	7.79568319592626e-98	213.732884301947	FADD
ENSG00000072274	1.79983596059113	5.23756280788177	28.3176866072244	2.06219364315364e-98	9.03168717492347e-98	213.584744755715	TFRC
ENSG00000167005	1.18366305418719	4.92575221674877	28.3122556774248	2.17223632041928e-98	9.51150396003439e-98	213.532732022396	NUDT21
ENSG00000181195	4.27758522167488	0.831145812807882	28.3109000140435	2.20061007577712e-98	9.63358470000817e-98	213.519748148167	PENK
ENSG00000115084	1.35218423645321	5.07098128078818	28.3088273044952	2.24471049441385e-98	9.82444176524871e-98	213.499896368685	SLC35F5
ENSG00000156469	1.30720443349754	3.58927906403941	28.307816748768	2.266531570939e-98	9.91772502447153e-98	213.490217402798	MTERF3
ENSG00000134871	2.14118620689655	5.50856502463054	28.3006322187697	2.42791360116641e-98	1.06191333021473e-97	213.421401706554	COL4A2
ENSG00000101367	1.04076157635468	5.28238226600985	28.2904348683068	2.67692054707615e-98	1.17003760525525e-97	213.323718511019	MAPRE1
ENSG00000164403	1.76764285714286	1.43222783251231	28.2862861317466	2.78540297507115e-98	1.21718123745171e-97	213.283973360302	SHROOM1
ENSG00000080823	1.84620738916256	4.13120665024631	28.2678653748657	3.32277448998197e-98	1.45135581321475e-97	213.107478522396	MOK
ENSG00000107643	1.27482955665025	4.00649802955665	28.2651769527702	3.40944357387911e-98	1.48854661127671e-97	213.081716819227	MAPK8
ENSG00000164342	2.42857733990148	1.02556305418719	28.2606522507884	3.56045118790787e-98	1.55412859312253e-97	213.038357240625	TLR3
ENSG00000118526	5.08417783251231	-1.92933719211823	28.2565342097913	3.70370014506625e-98	1.61593454420372e-97	212.998892682	TCF21
ENSG00000198951	1.1168433497537	3.57329064039409	28.2500591211586	3.940700311131e-98	1.71857097701678e-97	212.936835984646	NAGA
ENSG00000107560	1.81916551724138	2.79705517241379	28.2353322899436	4.5378201251374e-98	1.97765568433174e-97	212.795678153694	RAB11FIP2
ENSG00000153214	1.05170935960591	3.44767142857143	28.2334848927404	4.61885648008622e-98	2.01252382015262e-97	212.777969026983	TMEM87B
ENSG00000000003	1.18095960591133	3.43865960591133	28.2239732696628	5.05959548973551e-98	2.20357956452889e-97	212.686784801328	TSPAN6
ENSG00000187498	2.44212709359606	4.72762610837438	28.2170443370187	5.40694975208654e-98	2.3538118078698e-97	212.620353578198	COL4A1
ENSG00000144136	2.33995418719212	4.66215837438424	28.2162432456486	5.44861886295238e-98	2.37142338128765e-97	212.612672765915	SLC20A1
ENSG00000180198	1.58092660098522	4.27970123152709	28.2113583410179	5.70975908275672e-98	2.48452709853555e-97	212.56583509418	RCC1
ENSG00000023171	2.5021709359606	-0.806656403940887	28.2028792714526	6.19314204288567e-98	2.69426495552252e-97	212.48452947461	GRAMD1B
ENSG00000067955	1.09644384236453	4.38966428571429	28.1830782361368	7.48762679456079e-98	3.25451963566074e-97	212.294627107658	CBFB
ENSG00000165914	1.21045862068966	3.85015098522168	28.1753575184365	8.06289806756408e-98	3.50378372328969e-97	212.220569729416	TTC7B
ENSG00000153037	1.22736157635468	5.58673793103448	28.1691564679671	8.55682647337703e-98	3.7175967750719e-97	212.161084328841	SRP19
ENSG00000153558	1.81440246305419	1.50150221674877	28.1356998853812	1.17939589411613e-97	5.11603874868312e-97	211.840069731279	FBXL2
ENSG00000139697	1.36798226600985	2.95061330049261	28.1344756854853	1.19332687966821e-97	5.17532043552512e-97	211.828321263431	SBNO1
ENSG00000102189	1.26278374384237	2.98561009852217	28.1201300187797	1.36938757273712e-97	5.93492391803698e-97	211.690635808778	EEA1
ENSG00000164151	1.46727339901477	2.97766133004926	28.1035163822082	1.60603274551201e-97	6.95745775056434e-97	211.531155011899	ICE1
ENSG00000178752	5.28117142857142	-1.58814384236453	28.1009341423173	1.64632514212877e-97	7.13042684562951e-97	211.506364380338	ERFE
ENSG00000183808	1.89596157635468	2.11812561576355	28.0874462277701	1.87383019491448e-97	8.11218202680964e-97	211.376862703057	RBM12B
ENSG00000182901	5.64454334975369	-2.87362389162561	28.0848619855354	1.92088676809293e-97	8.31405741352646e-97	211.352048325941	RGS7
ENSG00000111530	1.04238916256158	5.39327832512316	28.0805288458168	2.0024592684419e-97	8.66520350396183e-97	211.310439077204	CAND1
ENSG00000147454	1.58227290640394	4.56209359605911	28.0784615373599	2.04259006133377e-97	8.83690391378893e-97	211.290586896876	SLC25A37
ENSG00000003393	1.00902512315271	3.09152832512315	28.0696336208324	2.2232200233227e-97	9.61198356101154e-97	211.205807963673	ALS2
ENSG00000160877	1.36921625615764	4.50369236453202	28.0671726250979	2.27636730599652e-97	9.83958635120196e-97	211.182172270178	NACC1
ENSG00000005889	1.34379852216749	2.84061995073892	28.0639658732212	2.34753309219013e-97	1.01449561449756e-96	211.151373258635	ZFX
ENSG00000181004	2.01054187192118	0.875116748768472	28.0629418126406	2.37072551186328e-97	1.02429179643671e-96	211.141537508925	BBS12
ENSG00000198585	1.66233004926108	3.69053694581281	28.0596434486516	2.44699605438821e-97	1.0570114256157e-96	211.10985708225	NUDT16
ENSG00000164975	1.13460147783251	3.57676034482759	28.0424927489469	2.8850188374845e-97	1.24484517823189e-96	210.945107427119	SNAPC3
ENSG00000141646	1.23930985221674	4.97004261083744	28.029578443431	3.26594013452922e-97	1.407963867394e-96	210.821031502051	SMAD4
ENSG00000177189	1.18859458128079	3.68727463054187	28.0143879933127	3.77894553005314e-97	1.62696967500107e-96	210.675064051421	RPS6KA3
ENSG00000107937	1.31343596059113	5.0671184729064	28.0087070120645	3.99089175094616e-97	1.71784155499978e-96	210.620468170831	GTPBP4
ENSG00000142192	1.06635862068966	7.98143793103448	28.0041878524659	4.16796045253913e-97	1.79366402033736e-96	210.577035235903	APP
ENSG00000105329	1.29976748768473	5.24224827586207	27.9864279214707	4.9434053422794e-97	2.12550114848898e-96	210.406325890335	TGFB1
ENSG00000119632	1.47606748768473	6.29665640394089	27.9844311369452	5.03916595821766e-97	2.16619844160778e-96	210.387130561761	IFI27L2
ENSG00000162377	2.11643201970443	2.90599778325123	27.9689163908861	5.84934180275334e-97	2.51336494084006e-96	210.237970752149	COA7
ENSG00000168734	1.38561280788177	5.09593842364532	27.9574443860823	6.53116869510488e-97	2.80571771026027e-96	210.12766138711	PKIG
ENSG00000064601	1.06524088669951	7.29204507389163	27.9538966626697	6.75772133785869e-97	2.9017664334088e-96	210.093545279197	CTSA
ENSG00000137094	1.86515566502463	2.26765172413793	27.9441627238466	7.42054879695313e-97	3.18568463510672e-96	209.999933448422	DNAJB5
ENSG00000162851	1.128639408867	3.37655911330049	27.9408484695342	7.66077808269368e-97	3.28809412018449e-96	209.968057745124	TFB2M
ENSG00000134001	1.35931527093596	6.03397290640394	27.9315479118463	8.37731870745909e-97	3.59248545493012e-96	209.878600878154	EIF2S1
ENSG00000112893	1.27209310344828	4.28677413793104	27.9242312350081	8.9878715648733e-97	3.85346612814292e-96	209.808219291849	MAN2A1
ENSG00000156787	1.27834285714286	1.4877118226601	27.9184654648397	9.50023662308939e-97	4.07135140544765e-96	209.752752332254	TBC1D31
ENSG00000116005	1.3315921182266	4.61136256157635	27.9154324214089	9.7813970047628e-97	4.19092436454889e-96	209.723572883645	PCYOX1
ENSG00000121988	1.88049014778325	0.889688916256158	27.9104455344642	1.02619016267877e-96	4.39391063958555e-96	209.675594292573	ZRANB3
ENSG00000119820	1.07361133004926	4.19195147783251	27.8791361816553	1.38679804232021e-96	5.9327511696632e-96	209.374307352966	YIPF4
ENSG00000275740	4.80927980295566	-1.3001921182266	27.8748348412936	1.44538774724026e-96	6.18204582109194e-96	209.332907717054	
ENSG00000180953	1.43965812807882	2.6627645320197	27.8667351527613	1.56252690837431e-96	6.68159755874198e-96	209.254944253656	ST20
ENSG00000123091	1.28091822660099	5.45636256157636	27.8662867517089	1.56928260456941e-96	6.70901786447066e-96	209.250627968141	RNF11
ENSG00000144468	1.73491674876848	3.5275736453202	27.8567249374075	1.72051196493533e-96	7.34912455054998e-96	209.158581289868	RHBDD1
ENSG00000182405	1.86013694581281	-0.357120197044335	27.8537889580858	1.76981272525841e-96	7.55805950109262e-96	209.13031615223	PGBD4
ENSG00000082212	1.22920492610837	3.93708768472906	27.8510924661814	1.81633710438821e-96	7.75504909197167e-96	209.104355781974	ME2
ENSG00000167635	1.32455467980295	4.9400236453202	27.8457128594234	1.9128453115164e-96	8.1635341947267e-96	209.052561495073	ZNF146
ENSG00000170468	1.24430197044335	2.26277167487685	27.8436940571179	1.95037235895675e-96	8.3218726285443e-96	209.033123877212	RIOX1
ENSG00000185070	1.63407142857143	4.22117266009852	27.8396962675916	2.02687540623238e-96	8.64640890386228e-96	208.994630701433	FLRT2
ENSG00000107949	1.23912906403941	5.03260640394089	27.8351292563027	2.11795466249497e-96	9.03297032179764e-96	208.950654608977	BCCIP
ENSG00000155096	1.19725369458128	5.00083669950739	27.8211889258086	2.42209822866658e-96	1.0323368284537e-95	208.816408284423	AZIN1
ENSG00000225697	1.54271527093596	4.2830630541872	27.8194547804806	2.4628710675102e-96	1.04948596601144e-95	208.799706889959	SLC26A6
ENSG00000197885	1.29396305418719	2.59366280788177	27.8171160644626	2.51894884286151e-96	1.0731479896926e-95	208.777182420006	NKIRAS1
ENSG00000275004	3.25058325123152	-2.54390147783251	27.8114740804109	2.65955102789506e-96	1.13255493979353e-95	208.722841344025	ZNF280B
ENSG00000145348	1.42771724137931	3.64797044334975	27.8089005880534	2.72626785251348e-96	1.16046016932734e-95	208.698053479491	TBCK
ENSG00000066926	1.29489458128079	3.64576108374384	27.7937049560475	3.1558058217569e-96	1.34241962056538e-95	208.551674770076	FECH
ENSG00000181026	2.37812068965517	3.47902832512315	27.7879813808081	3.33462236310609e-96	1.41786749825542e-95	208.496533465526	AEN
ENSG00000196652	1.34425270935961	2.14930714285714	27.7662560018505	4.11071729966855e-96	1.74558099674321e-95	208.28719781688	ZKSCAN5
ENSG00000135090	1.07213645320197	4.19417463054188	27.7645886215376	4.1772713618247e-96	1.77307204502125e-95	208.271129630104	TAOK3
ENSG00000101444	1.05173300492611	6.05906945812808	27.760600472785	4.34086880153946e-96	1.8417120738099e-95	208.232695489881	AHCY
ENSG00000083457	1.07849704433498	4.68529876847291	27.7511337086379	4.7553531169251e-96	2.01712851336988e-95	208.141456646684	ITGAE
ENSG00000050730	6.30782068965516	-4.94358226600984	27.7483083472394	4.88656915055596e-96	2.07143892278014e-95	208.114224504836	TNIP3
ENSG00000107581	1.14553448275862	6.42837561576355	27.7415074440929	5.21747610748747e-96	2.21075277737468e-95	208.048670755196	EIF3A
ENSG00000165704	1.57038078817734	4.0995145320197	27.7276617630577	5.96211557126279e-96	2.52408280965376e-95	207.915197298953	HPRT1
ENSG00000147459	1.31745369458128	2.99980418719211	27.720070212645	6.41464289989913e-96	2.71448574165935e-95	207.842005475656	DOCK5
ENSG00000112308	1.10449556650246	5.70822857142857	27.7082362362443	7.18960932851328e-96	3.03979544564705e-95	207.727899229794	C6orf62
ENSG00000102580	1.05292266009852	3.53162389162562	27.7064192401242	7.31663124139979e-96	3.09283166167931e-95	207.71037796425	DNAJC3
ENSG00000187608	2.26429802955665	4.057428817734	27.704166206117	7.4772601820355e-96	3.15936472383433e-95	207.688651503743	ISG15
ENSG00000197603	1.43945024630542	2.15080935960591	27.7009546266778	7.71235036408065e-96	3.25799288402214e-95	207.657680662159	CPLANE1
ENSG00000010219	1.01124433497537	4.80200344827587	27.6876608061968	8.76682240891817e-96	3.70024284049846e-95	207.529470127517	DYRK4
ENSG00000147687	1.04342906403941	4.62067266009852	27.6726009087136	1.01368117116705e-95	4.27570849275769e-95	207.384204177248	TATDN1
ENSG00000126790	1.58856650246306	4.60109753694582	27.6680230178587	1.05942964706242e-95	4.46674739221011e-95	207.340041616608	L3HYPDH
ENSG00000254685	1.53720837438424	2.58734261083744	27.659720986649	1.14773295721691e-95	4.8359201056345e-95	207.259946879641	FPGT
ENSG00000164506	1.44647044334975	3.91378054187192	27.6449583277544	1.32334916230165e-95	5.57106620631169e-95	207.117504463803	STXBP5
ENSG00000171310	1.9434802955665	0.960535714285714	27.6415605378817	1.36743774854993e-95	5.7541921796216e-95	207.084716485348	CHST11
ENSG00000108256	1.79322167487685	4.0058118226601	27.6397038567617	1.3921476713471e-95	5.8569106121561e-95	207.066799374132	NUFIP2
ENSG00000076685	1.11444482758621	5.0643381773399	27.6349954619684	1.45683292860152e-95	6.12772903373458e-95	207.021361373922	NT5C2
ENSG00000151414	1.54161428571429	4.16952635467981	27.6240092445987	1.61971008615251e-95	6.80989124431851e-95	206.915330590148	NEK7
ENSG00000153015	1.06175517241379	3.82024901477832	27.6235401656936	1.62705656031192e-95	6.83930722770821e-95	206.910803105285	CWC27
ENSG00000119917	2.0561802955665	2.60555369458128	27.619982880409	1.6838655953722e-95	7.0765809601642e-95	206.876467919693	IFIT3
ENSG00000121361	2.37821428571428	2.56836231527094	27.6049018183546	1.94761227796906e-95	8.17094013226093e-95	206.730889484878	KCNJ8
ENSG00000130766	2.41142709359606	3.20525541871921	27.5973488303592	2.09486573630849e-95	8.78306505448197e-95	206.657970969928	SESN2
ENSG00000106723	1.18192413793103	4.7168724137931	27.5827564718366	2.41167357170548e-95	1.0106996555494e-94	206.517075443672	SPIN1
ENSG00000138286	1.08914137931035	3.86293620689655	27.5779075540443	2.52722801373834e-95	1.05867287983869e-94	206.470252063767	FAM149B1
ENSG00000135392	1.37078719211823	4.08187881773399	27.563477116812	2.90496545701377e-95	1.21664884185519e-94	206.330890428791	DNAJC14
ENSG00000063176	1.36016403940887	2.87414064039409	27.5530071049738	3.2139586443917e-95	1.34490749097864e-94	206.229762751934	SPHK2
ENSG00000131849	1.49623399014778	1.2267854679803	27.5375105013925	3.73271358103127e-95	1.56165037038135e-94	206.080063039136	ZNF132
ENSG00000134852	1.23050591133005	2.37573078817734	27.5310566800517	3.97275485397816e-95	1.66100931442964e-94	206.017710606654	CLOCK
ENSG00000242715	5.67081182266009	-1.93230935960591	27.5241129887888	4.24830319404949e-95	1.77469732830516e-94	205.950620483085	CCDC169
ENSG00000114446	1.17088275862069	4.25200344827586	27.5227783614489	4.30341817322505e-95	1.79733699382697e-94	205.937724697508	IFT57
ENSG00000166949	1.38828472906404	4.84879950738916	27.5172826290782	4.53801639618301e-95	1.89450793450563e-94	205.884620417431	SMAD3
ENSG00000198826	2.58347487684729	2.24659556650246	27.5148587861804	4.6455121763876e-95	1.93855645848743e-94	205.861198246032	ARHGAP11A
ENSG00000100209	1.04892413793103	3.71371625615763	27.5007470901878	5.32395945985269e-95	2.22024788229708e-94	205.72482128762	HSCB
ENSG00000164366	1.20885123152709	2.0051236453202	27.4847287870581	6.21506279856103e-95	2.5891016245892e-94	205.569993294133	CCDC127
ENSG00000023902	1.4490763546798	4.20267610837439	27.4816687629921	6.40156759934221e-95	2.66566021790636e-94	205.540412974749	PLEKHO1
ENSG00000230797	1.82936206896552	0.0277721674876846	27.4736394062181	6.9180239470898e-95	2.87887614936177e-94	205.462790955814	YY2
ENSG00000110583	1.30110197044335	2.85841059113301	27.4623020982763	7.71906775886132e-95	3.21153975183453e-94	205.353178530814	NAA40
ENSG00000183527	1.12910197044335	5.25880911330049	27.4555576073135	8.23899693056926e-95	3.42639876606053e-94	205.287964412603	PSMG1
ENSG00000008513	2.05289113300493	2.61855738916256	27.4521544760517	8.51450718569639e-95	3.53796511636995e-94	205.255056900633	ST3GAL1
ENSG00000106266	1.52310591133004	4.45337167487685	27.4502464767924	8.67299055297642e-95	3.60305232538829e-94	205.236606446791	SNX8
ENSG00000115977	1.26216896551724	2.89831305418719	27.4416006342428	9.42897072860911e-95	3.91627940443101e-94	205.152995909813	AAK1
ENSG00000179918	1.30703793103448	4.56763226600985	27.4369926234483	9.85848552218735e-95	4.09380629142765e-94	205.108430453341	SEPHS2
ENSG00000152784	2.34970295566503	1.63080615763547	27.4279784990567	1.07561589628945e-94	4.46372602363314e-94	205.021245719084	PRDM8
ENSG00000173838	6.41617192118226	-0.862889901477834	27.4157796926445	1.21026771567391e-94	5.02145471331202e-94	204.903245154261	MARCHF10
ENSG00000108021	1.42695615763547	3.79975	27.414668511311	1.22334166869574e-94	5.07462171293827e-94	204.892495786007	TASOR2
ENSG00000163754	1.0267039408867	4.3930381773399	27.411755903274	1.25828583815011e-94	5.21846813436533e-94	204.864319127183	GYG1
ENSG00000082126	4.55077290640394	-1.36835640394089	27.3684193894575	1.91345102239996e-94	7.92385248564102e-94	204.444975677683	MPP4
ENSG00000150347	1.4142448275862	4.30799384236453	27.3649266307127	1.97921354014469e-94	8.1944472460821e-94	204.411169650593	ARID5B
ENSG00000113522	1.16827931034483	3.99159285714286	27.3558133016273	2.16165392242808e-94	8.94600613131928e-94	204.322956755252	RAD50
ENSG00000169019	1.64921921182266	3.54652339901478	27.3272358317634	2.85030280367003e-94	1.17884904527661e-93	204.046283716117	COMMD8
ENSG00000198914	3.43661133004926	0.331252463054187	27.3256950800026	2.8931269831144e-94	1.19630739534536e-93	204.031364499603	POU3F3
ENSG00000173421	2.2730802955665	-0.486719458128079	27.3193271457398	3.07706043941126e-94	1.27209467118627e-93	203.969700689878	IHO1
ENSG00000020577	1.78249408866995	3.16264162561576	27.3100158991052	3.36728990996891e-94	1.39178467471684e-93	203.879527766798	SAMD4A
ENSG00000090612	1.74759310344827	2.21771477832512	27.2767690922938	4.64603164667185e-94	1.91748152986824e-93	203.557482215366	ZNF268
ENSG00000185869	1.4413802955665	0.100858620689655	27.2734663545316	4.79703396622643e-94	1.97896638733369e-93	203.52548395162	ZNF829
ENSG00000145725	1.06662315270936	3.91474408866995	27.2652289338998	5.1954100065205e-94	2.14195574572624e-93	203.445671553782	PPIP5K2
ENSG00000218891	1.33193103448276	3.13106945812808	27.2540666233472	5.78860612418569e-94	2.38400296899551e-93	203.337508676453	ZNF579
ENSG00000136643	1.78775024630542	2.80445	27.241536655537	6.5356369666374e-94	2.69109603038407e-93	203.216077831969	RPS6KC1
ENSG00000228716	2.29691871921182	2.52161256157636	27.2336695526185	7.05324002285971e-94	2.90299950561762e-93	203.139827604832	DHFR
ENSG00000204104	1.09473349753695	2.96139285714285	27.230228006012	7.29238868012725e-94	3.00079721177188e-93	203.106469133139	TRAF3IP1
ENSG00000164221	1.32653054187192	1.9070381773399	27.2289152200407	7.38573660638075e-94	3.0385697844609e-93	203.093744144008	CCDC112
ENSG00000100030	1.29406157635468	5.14831551724138	27.2244322183744	7.71361934361771e-94	3.17212856087915e-93	203.050288538762	MAPK1
ENSG00000154727	1.22485418719212	3.04315369458128	27.2198121517608	8.06678173118633e-94	3.31596652483894e-93	203.005502134456	GABPA
ENSG00000088205	1.18658768472906	4.78703374384237	27.2082387658671	9.02417480013402e-94	3.70873657085634e-93	202.89330136648	DDX18
ENSG00000168495	1.42233891625616	3.96177142857143	27.2060216301881	9.22017402508693e-94	3.78849118583366e-93	202.871805273524	POLR3D
ENSG00000213066	1.08296699507389	2.91038399014778	27.2036872182789	9.43114834599996e-94	3.87436411556719e-93	202.84917158873	CEP43
ENSG00000243335	1.62424088669951	2.06215985221675	27.2022170370959	9.56649046829279e-94	3.92913738401382e-93	202.834916910476	KCTD7
ENSG00000002746	3.35424975369458	-1.11242980295567	27.202015872324	9.58515992687489e-94	3.93597804771988e-93	202.832966426676	HECW1
ENSG00000167447	1.47606896551724	3.16014187192118	27.1726511083302	1.2741418596131e-93	5.22764648762526e-93	202.548202384957	SMG8
ENSG00000173193	1.51159113300492	2.702160591133	27.1692841445769	1.31641963001287e-93	5.39997321782359e-93	202.515545667881	PARP14
ENSG00000005448	1.47929064039409	3.80224679802956	27.1662837447454	1.35527657279711e-93	5.55819827609679e-93	202.486443330003	WDR54
ENSG00000128965	4.7623842364532	1.46671527093596	27.1650891304281	1.37106525681888e-93	5.62177029978065e-93	202.47485592677	CHAC1
ENSG00000273841	1.52560492610837	5.55742118226601	27.1629882963177	1.39927901157342e-93	5.73625140427266e-93	202.454478105371	TAF9
ENSG00000118369	1.3587	1.96735541871921	27.1622859507348	1.40884041503472e-93	5.7742364493726e-93	202.447665342088	USP35
ENSG00000152240	1.42523743842365	3.62225123152709	27.1601319861535	1.43857328635809e-93	5.8923913565311e-93	202.426771535258	HAUS1
ENSG00000204070	1.05602906403941	3.82656921182266	27.1509399549766	1.57268344143354e-93	6.43900687460595e-93	202.337601977906	SYS1
ENSG00000163138	1.12265172413793	3.43667167487685	27.1494172941174	1.59607716213742e-93	6.53341849654157e-93	202.322830193878	PACRGL
ENSG00000121904	3.37269901477832	-1.60051600985222	27.1430404418496	1.69789424789311e-93	6.94728839872847e-93	202.260963874197	CSMD2
ENSG00000120868	1.28543842364532	2.41971379310345	27.1268219219737	1.9871231311255e-93	8.12732528850032e-93	202.10359782051	APAF1
ENSG00000174780	1.03028620689656	5.81949630541872	27.1237779224216	2.04666962741036e-93	8.36736775289816e-93	202.074059306512	SRP72
ENSG00000197780	1.24053004926108	4.95743694581281	27.1170008042597	2.18573802529658e-93	8.93218161655077e-93	202.008291758806	TAF13
ENSG00000261796	1.29090738916256	2.73564581280788	27.1134212862486	2.26296888788458e-93	9.24392516869573e-93	201.973552952271	ISY1-RAB43
ENSG00000196504	1.13827192118226	5.35172315270936	27.0938893103901	2.73512205474043e-93	1.11656058478666e-92	201.783974278323	PRPF40A
ENSG00000165417	1.06963349753695	3.21164827586207	27.0914118859189	2.80166740472841e-93	1.14348756105269e-92	201.759925438838	GTF2A1
ENSG00000110881	2.00050049261084	0.746848768472907	27.0912672390302	2.8056024226379e-93	1.14485451123804e-92	201.758521304055	ASIC1
ENSG00000119185	1.05930738916256	6.09875369458128	27.0867286654747	2.93192202773538e-93	1.19590107004811e-92	201.714462795158	ITGB1BP1
ENSG00000106636	1.05931822660099	5.63766502463055	27.0853814985333	2.97050148988938e-93	1.21138439305965e-92	201.701384675754	YKT6
ENSG00000171490	1.21893940886699	6.67806724137931	27.0745814388985	3.29873429535677e-93	1.34495859795247e-92	201.596532412046	RSL1D1
ENSG00000147586	1.12569802955665	5.04499039408867	27.0744630599497	3.30252626584549e-93	1.34622378571449e-92	201.595383065236	MRPS28
ENSG00000009413	1.8624684729064	4.14613866995074	27.0625420322063	3.70761255192406e-93	1.51072069411384e-92	201.479633913413	REV3L
ENSG00000170734	1.55582463054187	3.08025615763547	27.0597652035924	3.80890204386505e-93	1.55166903775716e-92	201.452669762036	POLH
ENSG00000133216	2.98560443349754	0.20992684729064	27.0542232935939	4.01940929291932e-93	1.63708412676593e-92	201.398853177184	EPHB2
ENSG00000173218	1.22149655172414	2.52846600985222	27.0521614990644	4.10066475167032e-93	1.66983101848596e-92	201.378830626708	VANGL1
ENSG00000152582	1.78567093596059	1.30707487684729	27.0240903298068	5.38535632048374e-93	2.19114372714748e-92	201.106182071344	SPEF2
ENSG00000028839	1.10700197044335	4.37584137931034	27.0209314648054	5.55310363605667e-93	2.25845476078708e-92	201.075495746378	TBPL1
ENSG00000145908	1.28319704433497	1.59403399014778	27.0193690475158	5.63799718832971e-93	2.29250397532957e-92	201.060317500233	ZNF300
ENSG00000123500	5.4369275862069	-1.00824802955665	27.0028003101067	6.62225259791134e-93	2.68992018849269e-92	200.899343699891	COL10A1
ENSG00000187801	2.95326059113301	-0.792282512315271	26.9955750733745	7.10367318117521e-93	2.8842713755771e-92	200.829138072155	ZFP69B
ENSG00000117226	2.03988669950739	2.76338916256158	26.9841922023568	7.93418797042474e-93	3.2188063383442e-92	200.718523103674	GBP3
ENSG00000006534	2.64147339901478	3.28701108374384	26.9817245865959	8.12667831966949e-93	3.29621311172647e-92	200.694541896468	ALDH3B1
ENSG00000105255	6.19674532019704	-1.32265147783251	26.9765918055984	8.54217650143871e-93	3.4618667190194e-92	200.644657643421	FSD1
ENSG00000008853	1.61934926108375	2.6706027093596	26.9616183238734	9.87982187437975e-93	4.00148143148454e-92	200.499118740735	RHOBTB2
ENSG00000076321	1.21979310344827	3.4679408866995	26.9557635060573	1.0458182266558e-92	4.23397136633679e-92	200.442205037379	KLHL20
ENSG00000082898	1.265	5.83772857142857	26.9508786437853	1.09665819092382e-92	4.43887621520989e-92	200.394717452411	XPO1
ENSG00000006451	1.12726059113301	4.56822684729064	26.9394885119005	1.22502227486264e-92	4.95536851487596e-92	200.283980309381	RALA
ENSG00000187391	1.61070246305419	0.435697044334975	26.9235418485704	1.43039973192355e-92	5.78255514299753e-92	200.12892160678	MAGI2
ENSG00000184524	3.05848275862069	-0.654177339901478	26.9231547184239	1.43579255954045e-92	5.801955789607e-92	200.125156995117	CEND1
ENSG00000162129	1.51594926108375	2.51476280788177	26.9132244594181	1.58130180067071e-92	6.38598879700496e-92	200.028585925705	CLPB
ENSG00000180447	1.76930344827586	4.67306502463054	26.9067984448124	1.68324025678831e-92	6.79485253008823e-92	199.966088079653	GAS1
ENSG00000171262	1.04953497536946	3.09322118226601	26.9055255124584	1.70420088505302e-92	6.87804495987323e-92	199.953707356398	FAM98B
ENSG00000161647	1.32089113300493	2.73094901477833	26.900148159198	1.79566892833872e-92	7.24570766004445e-92	199.901404640645	MPP3
ENSG00000139329	2.80020985221675	6.32423251231527	26.8666093301668	2.48811398800627e-92	1.00377216254373e-91	199.57512413074	LUM
ENSG00000188760	1.49024482758621	0.803502709359606	26.8492998585385	2.9443704474959e-92	1.18636880999928e-91	199.40668566697	TMEM198
ENSG00000117751	1.15723399014778	4.78410862068965	26.825653830446	3.70598839943977e-92	1.49263036483619e-91	199.176537528534	PPP1R8
ENSG00000197140	2.43078916256158	-0.551529064039408	26.824545788128	3.74616127674489e-92	1.50832320729716e-91	199.165751513255	ADAM32
ENSG00000165055	1.10987684729064	3.47793940886699	26.824536628846	3.74649516335095e-92	1.50832320729716e-91	199.165662353552	METTL2B
ENSG00000056277	1.13561083743842	0.549086206896551	26.8036274836982	4.59191743662931e-92	1.84640433223477e-91	198.962103390435	ZNF280C
ENSG00000128536	1.95584236453202	1.31585615763547	26.8006337144832	4.72768232452058e-92	1.9002132452855e-91	198.932954255289	CDHR3
ENSG00000197062	1.32394581280788	2.75968177339902	26.7956697197842	4.96170815415457e-92	1.99386594177439e-91	198.884619844497	ZSCAN26
ENSG00000108518	1.09048571428572	9.14040295566502	26.7842485702484	5.54514351871204e-92	2.22665379457885e-91	198.773402763214	PFN1
ENSG00000116161	1.24417290640394	5.42848645320197	26.7842409434146	5.54555522373108e-92	2.22665379457885e-91	198.773328490132	CACYBP
ENSG00000167775	1.62650886699508	4.54435246305419	26.7785162976885	5.8633720498127e-92	2.35329670563647e-91	198.7175780176	CD320
ENSG00000163879	2.01860049261084	1.04748743842365	26.7706852853	6.32786780649187e-92	2.5376399071304e-91	198.641309018026	DNALI1
ENSG00000118655	1.39728620689655	1.64799285714286	26.7687844372524	6.44606514808989e-92	2.58450974813239e-91	198.622795062686	DCLRE1B
ENSG00000077514	1.07412413793103	2.94803054187192	26.7659504767055	6.62640116102676e-92	2.65572459985203e-91	198.595192071245	POLD3
ENSG00000048140	1.01266206896552	4.41198275862069	26.7637383108305	6.7706727605449e-92	2.71298927796941e-91	198.573644850036	TSPAN17
ENSG00000116704	1.26247290640394	2.88824827586207	26.7605237831133	6.98593871440237e-92	2.79809826515374e-91	198.542333425157	SLC35D1
ENSG00000180530	1.43555369458128	2.25808768472906	26.7455049736099	8.0861028154002e-92	3.23742309400842e-91	198.396027568305	NRIP1
ENSG00000169871	1.47007586206896	3.40010935960591	26.7342635845266	9.02163977977645e-92	3.60976422146583e-91	198.286504771024	TRIM56
ENSG00000090621	1.14251083743843	6.92293226600986	26.7290529962628	9.4913040880549e-92	3.79691022494921e-91	198.235734693909	PABPC4
ENSG00000114999	1.12488669950739	3.92557684729064	26.7249330740301	9.87992601698207e-92	3.95156598902709e-91	198.195589756716	TTL
ENSG00000048028	1.23294482758621	3.14434236453202	26.7142789610568	1.096037450145e-91	4.3801153068985e-91	198.09176717681	USP28
ENSG00000183765	1.4973763546798	3.11757783251231	26.7087746209844	1.15641353738613e-91	4.62045253477811e-91	198.038123865468	CHEK2
ENSG00000123416	1.96449113300493	8.56593620689655	26.7053234516323	1.19595558960315e-91	4.77746609403614e-91	198.004488478969	TUBA1B
ENSG00000105438	1.09937536945812	7.0508630541872	26.6874898884514	1.42290871587768e-91	5.68058878972044e-91	197.830662225002	KDELR1
ENSG00000178234	1.06751083743843	4.46735147783251	26.6845349734712	1.46447503688371e-91	5.8441435921547e-91	197.801857203869	GALNT11
ENSG00000030304	4.60831921182266	-1.90368620689655	26.6561481249639	1.93122036938036e-91	7.69730949590681e-91	197.525093214015	MUSK
ENSG00000170166	2.11898275862069	0.714159359605911	26.6556980073586	1.93971211037235e-91	7.72957872367385e-91	197.520704048054	HOXD4
ENSG00000123200	1.03261871921183	4.00921330049261	26.6531005844389	1.98944938139961e-91	7.92616102167402e-91	197.495375786259	ZC3H13
ENSG00000174010	1.17924384236453	1.05518103448276	26.6491709406989	2.06713446246727e-91	8.2323092858234e-91	197.45705536486	KLHL15
ENSG00000120800	1.21465960591133	2.36140566502463	26.6487275892882	2.07608754134552e-91	8.26459619738728e-91	197.452731871231	UTP20
ENSG00000120709	1.00580295566503	3.80042906403941	26.6415420039048	2.22672779509556e-91	8.86066271060018e-91	197.382656455981	FAM53C
ENSG00000256294	1.3555157635468	0.974347536945812	26.6378343518804	2.30868677272854e-91	9.18492608156781e-91	197.346496618593	ZNF225
ENSG00000144401	1.36222561576355	2.37877142857143	26.6351619132903	2.36962848397174e-91	9.42162356740097e-91	197.320432126146	METTL21A
ENSG00000196950	1.63099408866995	2.83507881773399	26.6293951739317	2.5066747901814e-91	9.9624646633567e-91	197.264186284373	SLC39A10
ENSG00000198108	2.0811354679803	0.39750566502463	26.6203753038954	2.73711550661171e-91	1.08716892744321e-90	197.176204476834	CHSY3
ENSG00000215883	1.55547142857143	1.09793078817734	26.6060251864017	3.14823189386518e-91	1.24995423953501e-90	197.036213713937	CYB5RL
ENSG00000163507	2.74895862068966	0.8115960591133	26.5978566923504	3.40929616588762e-91	1.35278102890916e-90	196.956517933924	CIP2A
ENSG00000150667	3.99403645320196	-2.54092019704434	26.5908286603631	3.65119113740027e-91	1.44817489764717e-90	196.887943794132	FSIP1
ENSG00000188993	3.06357783251231	-1.92121551724138	26.5870037222404	3.78998426956477e-91	1.50291949261028e-90	196.85062094165	LRRC66
ENSG00000143164	1.00964433497537	5.05843201970443	26.5770304894701	4.17722652645965e-91	1.65446616903272e-90	196.753297697299	DCAF6
ENSG00000123496	6.61726798029557	-0.544618226600985	26.568712863462	4.5303118950256e-91	1.79358498890985e-90	196.67212312146	IL13RA2
ENSG00000161298	2.28796847290641	-0.311730541871921	26.5565746301329	5.09988803263039e-91	2.01785810758581e-90	196.553649727145	ZNF382
ENSG00000081721	1.21241280788178	4.193060591133	26.5494031232086	5.46954209391121e-91	2.16324208863009e-90	196.483646519413	DUSP12
ENSG00000087245	2.5976157635468	8.69888226600985	26.5419524837527	5.88202003184563e-91	2.32543871054678e-90	196.410913272998	MMP2
ENSG00000138035	1.3286527093596	3.13320172413793	26.540917962812	5.94170312035973e-91	2.34855910958879e-90	196.400813834794	PNPT1
ENSG00000148572	1.1118275862069	4.18754433497537	26.5293478398701	6.65196453028913e-91	2.62823879601517e-90	196.287854174717	NRBF2
ENSG00000171827	1.43407339901478	0.799874137931034	26.5194974927948	7.32325736540129e-91	2.89171742644316e-90	196.1916744365	ZNF570
ENSG00000152558	1.30991724137931	6.39429310344828	26.5161634254333	7.56550506926145e-91	2.98676969825267e-90	196.159118130537	TMEM123
ENSG00000167034	2.58494236453202	-0.846822413793104	26.5096079091188	8.065460441668e-91	3.18221740260602e-90	196.095102037737	NKX3-1
ENSG00000157637	1.02967536945813	5.46208793103448	26.4956846693321	9.2397662009459e-91	3.64259655232771e-90	195.959124531676	SLC38A10
ENSG00000132256	1.32099064039409	3.06668990147783	26.4859399879715	1.01620529452252e-90	4.00457428222606e-90	195.863944509595	TRIM5
ENSG00000143499	1.15471921182266	4.13556354679803	26.4782602408764	1.09533967355902e-90	4.31554997997788e-90	195.788926960284	SMYD2
ENSG00000144827	1.04073497536946	3.36340837438423	26.4696253112677	1.19170788379187e-90	4.69334048066518e-90	195.704572099129	ABHD10
ENSG00000138768	1.19261280788177	4.96301674876847	26.4683341404429	1.20682967226262e-90	4.7519374280387e-90	195.691957991901	USO1
ENSG00000239789	1.30470295566503	3.33427216748768	26.4670054624847	1.22259129082082e-90	4.81206022260231e-90	195.678977288775	MRPS17
ENSG00000197208	2.53634532019704	0.553090886699507	26.4648798166959	1.24823670699581e-90	4.91201001371567e-90	195.658210140561	SLC22A4
ENSG00000156171	1.03606059113301	5.22503965517241	26.4582055661625	1.33231271331103e-90	5.24180693447236e-90	195.593001144143	DRAM2
ENSG00000125686	1.21616699507389	3.8275657635468	26.4522608962239	1.41196012753586e-90	5.55293314797862e-90	195.53491667073	MED1
ENSG00000108395	1.09471625615764	2.85419852216749	26.4472568044742	1.48268908179891e-90	5.82757643534077e-90	195.486019779811	TRIM37
ENSG00000237765	1.21511921182266	4.82467783251232	26.4311534768426	1.73527614383448e-90	6.81623445282683e-90	195.32865149648	FAM200B
ENSG00000228672	1.84462660098522	-0.19211527093596	26.4175921970295	1.98112094016707e-90	7.77723290734128e-90	195.196105606659	PROB1
ENSG00000105696	3.08359162561576	0.676557881773399	26.4143334304947	2.04521773626026e-90	8.0256315265056e-90	195.164252258306	TMEM59L
ENSG00000243414	3.19239950738916	0.968060344827586	26.4121854847333	2.08859673754825e-90	8.19420948507686e-90	195.143256246853	TICAM2
ENSG00000142669	1.16660295566503	8.06974827586207	26.4093025775528	2.14826987173728e-90	8.42663384855278e-90	195.115075338689	SH3BGRL3
ENSG00000135362	2.30317783251232	1.57188546798029	26.4005228076122	2.34072216706951e-90	9.17968946194509e-90	195.029246632364	PRR5L
ENSG00000108384	1.1077881773399	3.8165881773399	26.3988306064371	2.37975301039999e-90	9.33088549944555e-90	195.012703263423	RAD51C
ENSG00000087448	1.17077733990148	3.01967339901478	26.3982872582703	2.39242306868669e-90	9.37868236876136e-90	195.007391301202	KLHL42
ENSG00000137965	1.93632561576355	3.31257463054187	26.3941325113929	2.4915643652871e-90	9.76145766368092e-90	194.9667720938	IFI44
ENSG00000159885	1.42561625615764	1.12805738916256	26.382764928594	2.78434889300587e-90	1.08954237218904e-89	194.855627494531	ZNF222
ENSG00000198160	1.09109753694581	3.48338965517241	26.3814945256509	2.81913857389618e-90	1.10293505527686e-89	194.84320557024	MIER1
ENSG00000084093	1.14323694581281	2.74524162561576	26.3746577010915	3.01397351284484e-90	1.17821705117051e-89	194.776352827856	REST
ENSG00000169641	1.45976847290641	3.35558275862069	26.3608066737538	3.45099627342106e-90	1.34797859634608e-89	194.640899038226	LUZP1
ENSG00000010539	1.20951231527094	1.60567832512315	26.3556252306588	3.6303172976517e-90	1.41745575685733e-89	194.59022322792	ZNF200
ENSG00000145388	1.19511231527094	3.6528566502463	26.3509305115848	3.80083535610874e-90	1.48373800497557e-89	194.544305463929	METTL14
ENSG00000134684	1.61223300492611	6.16910566502463	26.3506109336922	3.81273012779453e-90	1.48808412537169e-89	194.541179682646	YARS1
ENSG00000118263	2.00778669950739	2.95912389162561	26.3396179309584	4.24539172399197e-90	1.65595698743016e-89	194.433651476032	KLF7
ENSG00000119013	1.17698275862069	5.66525492610837	26.3337556459923	4.49587264349415e-90	1.75330958290087e-89	194.376304695489	NDUFB3
ENSG00000166450	3.65020443349753	-2.52953866995074	26.3092994008396	5.71072908808857e-90	2.22486179903164e-89	194.137030066376	PRTG
ENSG00000162636	1.43643842364532	1.1291960591133	26.2984047167582	6.35293883434033e-90	2.47456907914448e-89	194.030420319009	EEIG2
ENSG00000151338	1.47275862068965	1.33002315270936	26.2926571927198	6.72037461591114e-90	2.61664795266259e-89	193.974173428633	MIPOL1
ENSG00000203705	1.03836798029557	2.84018300492611	26.2917467050625	6.78050262662288e-90	2.63953351253913e-89	193.965262848971	TATDN3
ENSG00000116497	1.05359556650247	3.70812832512315	26.2815807077158	7.48956703982869e-90	2.91323883543655e-89	193.86576688759	S100PBP
ENSG00000092140	1.34869950738916	2.50600738916256	26.2666607250246	8.6668011783547e-90	3.36779933639705e-89	193.719725111354	G2E3
ENSG00000176371	1.29051083743842	1.30741650246305	26.2650233127025	8.80678810976673e-90	3.42083588235065e-89	193.703696274588	ZSCAN2
ENSG00000151612	1.51644876847291	1.84242044334975	26.2637889362252	8.91381269428032e-90	3.46171954832325e-89	193.691612637192	ZNF827
ENSG00000164967	1.18318620689655	4.39138078817734	26.2583426141767	9.4017890291575e-90	3.65050191153975e-89	193.638295411659	RPP25L
ENSG00000100523	1.48230886699508	2.32682536945813	26.2576627214018	9.46455390737554e-90	3.6741420829943e-89	193.631639345252	DDHD1
ENSG00000156253	1.13081083743842	3.53071231527094	26.2481097806829	1.03921077931884e-89	4.03261657058157e-89	193.538112561461	RWDD2B
ENSG00000168938	1.27981921182266	4.58051896551724	26.2378665473507	1.14880249929047e-89	4.45522890278514e-89	193.437817874202	PPIC
ENSG00000182742	1.81629261083744	0.401941379310344	26.2350137331791	1.18133436278464e-89	4.57957471087828e-89	193.409883298874	HOXB4
ENSG00000114744	1.14435024630542	3.76562586206897	26.2331120401637	1.20353084229106e-89	4.66469649346528e-89	193.391261610144	COMMD2
ENSG00000198920	1.1168	2.85721625615763	26.228585298227	1.25806100912216e-89	4.87507996039368e-89	193.346933625402	KIAA0753
ENSG00000166575	1.48774384236453	2.52952660098522	26.2283843187731	1.26053858423704e-89	4.88371233409203e-89	193.344965494809	TMEM135
ENSG00000170027	1.17840098522167	5.82785763546798	26.2176644541231	1.40001556175208e-89	5.42193898290905e-89	193.239983544111	YWHAG
ENSG00000108960	1.91160886699507	2.88552266009852	26.2138360344356	1.45348644063715e-89	5.62790410598993e-89	193.202488349192	MMD
ENSG00000172986	2.5993275862069	0.556434236453202	26.2097638231298	1.51260787955177e-89	5.85450251182428e-89	193.162603949253	GXYLT2
ENSG00000256043	1.51160935960591	3.15161403940887	26.2074486856123	1.54728679649555e-89	5.98754031230021e-89	193.139928127608	CTSO
ENSG00000177225	1.15216699507389	5.09458990147783	26.1921785376495	1.79683564417566e-89	6.94771708715487e-89	192.99035052206	GATD1
ENSG00000134802	1.85047536945813	5.50524901477833	26.1886801823304	1.85945964833115e-89	7.18701749360905e-89	192.956079519658	SLC43A3
ENSG00000006025	1.57025024630542	1.56150689655172	26.1836949026537	1.95249480987266e-89	7.5436246687488e-89	192.907240123706	OSBPL7
ENSG00000139410	2.61251428571429	0.940739901477832	26.1797137411891	2.03012648493785e-89	7.84046082384495e-89	192.868236098945	SDSL
ENSG00000139793	1.32734729064039	4.27281009852217	26.1734605173649	2.15834803039576e-89	8.33236610232992e-89	192.806969307211	MBNL2
ENSG00000197841	1.68705960591133	2.27238743842365	26.1279727287806	3.37019254182971e-89	1.29799571644533e-88	192.361185132315	ZNF181
ENSG00000160336	1.02367586206896	2.5811842364532	26.1201795511626	3.63764501779184e-89	1.40017449158338e-88	192.284791694729	ZNF761
ENSG00000157833	1.76853842364532	0.339050985221675	26.1142975716552	3.8534883613356e-89	1.48296316575857e-88	192.22712917913	GAREM2
ENSG00000148680	2.90900591133005	-0.716172906403941	26.1002731575055	4.42127772628204e-89	1.70079939620086e-88	192.089631173919	HTR7
ENSG00000070404	1.90911083743843	5.19546083743842	26.0917882435923	4.80470869567034e-89	1.84757216314029e-88	192.006434475472	FSTL3
ENSG00000161653	2.41275369458128	1.51075960591133	26.0881682794838	4.9782616678008e-89	1.91393251056784e-88	191.97093776084	NAGS
ENSG00000133142	1.08699852216748	7.32872881773399	26.061999596877	6.43424000275055e-89	2.4702930871071e-88	191.714295725105	TCEAL4
ENSG00000099901	1.09794630541872	6.37840172413793	26.0476443736354	7.40679071852921e-89	2.84256685431064e-88	191.573483570786	RANBP1
ENSG00000134049	1.1041763546798	3.65532512315271	26.0474904559038	7.41797883700602e-89	2.84630163818519e-88	191.571973668051	IER3IP1
ENSG00000144792	2.2496197044335	-1.28929704433498	26.0334618934435	8.51207728693e-89	3.26503767328963e-88	191.434346901973	ZNF660
ENSG00000065615	1.43649014778325	2.73295985221675	26.0125253143345	1.04525658734258e-88	4.00360725790839e-88	191.228914997758	CYB5R4
ENSG00000167202	1.17015763546798	4.74533201970444	26.0052967539153	1.12206985125953e-88	4.29445535317543e-88	191.157978091598	TBC1D2B
ENSG00000198265	1.40434827586207	2.48390960591133	26.0000759755698	1.18103870540263e-88	4.51925952241593e-88	191.10674136175	HELZ
ENSG00000160050	1.28993054187192	2.35617512315271	25.9990076910729	1.19348213196262e-88	4.56598038817805e-88	191.096256901895	CCDC28B
ENSG00000198018	1.69803004926108	1.58155689655173	25.9925204455805	1.27191487437614e-88	4.86414099316212e-88	191.032586870609	ENTPD7
ENSG00000165675	1.11300935960591	2.82351009852217	25.9910106195169	1.2908971887724e-88	4.93576851163964e-88	191.017767896152	ENOX2
ENSG00000243667	1.08533103448276	2.4807842364532	25.9844776856239	1.37635541893181e-88	5.26046109852641e-88	190.953644564107	DNAAF10
ENSG00000157551	2.76923251231527	1.84444384236453	25.9824919123	1.40343713554326e-88	5.36187067503156e-88	190.934152624731	KCNJ15
ENSG00000184208	1.26325320197044	2.54234581280788	25.9789944979329	1.45243790899833e-88	5.54691061513492e-88	190.899821837008	C22orf46P
ENSG00000132763	1.53378128078818	1.28650098522167	25.9628321931414	1.70208588804877e-88	6.49271177518037e-88	190.741157086937	MMACHC
ENSG00000242732	1.76058571428571	1.57975541871921	25.956317799948	1.81446620823863e-88	6.91869241783403e-88	190.677198659769	RTL5
ENSG00000172888	1.42654778325123	3.53484975369458	25.9460517700438	2.00683213142768e-88	7.64921269989464e-88	190.576398595273	ZNF621
ENSG00000196678	1.26124236453202	2.97974827586207	25.9419705441873	2.08886194109712e-88	7.96032372326832e-88	190.536323148724	ERI2
ENSG00000061794	1.00124285714286	4.70890862068965	25.9416911907259	2.09459795328831e-88	7.98062647751223e-88	190.533579991212	MRPS35
ENSG00000108061	1.15829310344828	4.19896625615763	25.94081836215	2.11262167774195e-88	8.04772959579595e-88	190.525009060016	SHOC2
ENSG00000013293	4.72426206896551	-5.51406847290639	25.9151208000399	2.71887884377983e-88	1.03491099269859e-87	190.272634580775	SLC7A14
ENSG00000156384	1.35794975369458	1.48224827586207	25.9145467847323	2.73424623121745e-88	1.04055773808084e-87	190.266996506713	SFR1
ENSG00000121236	2.04263694581281	0.432693842364532	25.9089810568515	2.88783371915635e-88	1.09879374103881e-87	190.212327418839	TRIM6
ENSG00000132330	1.37734532019705	2.52641256157635	25.9076009025643	2.9272372612558e-88	1.11356960403856e-87	190.198770478055	SCLY
ENSG00000165983	1.54736995073892	2.69225935960591	25.8950610228805	3.31084191421625e-88	1.2585192119746e-87	190.075586033327	PTER
ENSG00000044574	2.13451576354681	7.36162881773399	25.8812759112698	3.79085359374502e-88	1.44070130161348e-87	189.940152403913	HSPA5
ENSG00000184384	1.44010935960591	3.12825862068966	25.8787212756069	3.88717698926806e-88	1.47702144126534e-87	189.915052126886	MAML2
ENSG00000166451	2.26570344827586	2.51676945812808	25.8557932036861	4.86911829520534e-88	1.84761766456122e-87	189.689748097147	CENPN
ENSG00000188243	1.0304566502463	7.36139187192118	25.847533056223	5.28074329626112e-88	2.00303349176116e-87	189.608567425699	COMMD6
ENSG00000151640	2.99657536945813	0.809308866995073	25.8293523300925	6.31362792831361e-88	2.39342224975955e-87	189.429865296617	DPYSL4
ENSG00000144320	1.22124975369458	3.36805738916256	25.827839667933	6.40817961656355e-88	2.42879453194113e-87	189.414995659462	LNPK
ENSG00000156103	2.926860591133	-1.63346921182266	25.8166163859787	7.15543288981013e-88	2.7104374788267e-87	189.30466299832	MMP16
ENSG00000132109	1.25886945812808	3.31608004926108	25.81485413168	7.28044148716196e-88	2.75725557252168e-87	189.287337765467	TRIM21
ENSG00000166275	1.44008522167487	3.80740812807882	25.8088577990639	7.72240729273196e-88	2.92407059319062e-87	189.228383951231	BORCS7
ENSG00000161011	1.37203300492611	7.98286773399015	25.8037117402578	8.12305693985623e-88	3.07458413168062e-87	189.177787103215	SQSTM1
ENSG00000092607	1.93316403940886	2.86448251231527	25.782954228768	9.96178355267253e-88	3.76908372093565e-87	188.973671451915	TBX15
ENSG00000177683	1.28877339901478	2.68475812807882	25.7822497774291	1.00310139659015e-87	3.79454268141011e-87	188.96674365245	THAP5
ENSG00000159110	1.32918374384237	2.70662093596059	25.7659782139897	1.1771277989513e-87	4.45112837598805e-87	188.806711301481	IFNAR2
ENSG00000169515	2.38528669950739	2.01773201970443	25.7610056149421	1.23611387312013e-87	4.67327090511001e-87	188.75780050934	CCDC8
ENSG00000134072	1.51694532019704	3.18656330049261	25.7568565682673	1.28758889521201e-87	4.86693659385555e-87	188.716988505994	CAMK1
ENSG00000136159	1.23989802955665	3.21159482758621	25.7449333366525	1.44777104875828e-87	5.46923290833835e-87	188.599697189481	NUDT15
ENSG00000005100	1.32538719211823	3.03527192118227	25.7432267323926	1.47227537924351e-87	5.56072776597926e-87	188.582907909652	DHX33
ENSG00000198807	3.39872019704433	-0.986545320197044	25.7419517920587	1.49085218373189e-87	5.62980355062583e-87	188.570365092681	PAX9
ENSG00000174963	5.790660591133	-0.490178078817734	25.7414823981526	1.49775052832844e-87	5.65476059207774e-87	188.565747175173	ZIC4
ENSG00000107833	1.26418965517241	4.73648546798029	25.7265793183664	1.73419816867217e-87	6.54241324559683e-87	188.419119628159	NPM3
ENSG00000174485	1.10307192118226	2.6550724137931	25.7264744319935	1.73598825226587e-87	6.54790241763744e-87	188.418087606815	DENND4A
ENSG00000115758	1.97645418719212	5.02794236453202	25.7262473184071	1.73987071441002e-87	6.56128010439996e-87	188.415852936847	ODC1
ENSG00000172817	2.67925418719212	2.33150197044335	25.7245951567122	1.76837690446208e-87	6.66749401254062e-87	188.39959645405	CYP7B1
ENSG00000165264	1.10572266009852	4.97631059113301	25.7233007176582	1.79103723086859e-87	6.75162993164237e-87	188.386859618356	NDUFB6
ENSG00000134987	1.18966600985222	3.08368177339902	25.7214019921918	1.82480303832081e-87	6.87758938763072e-87	188.368176536956	WDR36
ENSG00000096872	1.06241674876848	2.8325236453202	25.7180421015939	1.88612228242818e-87	7.10732773683213e-87	188.335115079838	IFT74
ENSG00000182504	1.28157586206897	1.00303177339901	25.7131567971736	1.9789792688762e-87	7.45579581113912e-87	188.287041664375	CEP97
ENSG00000182986	1.51879901477832	2.77442955665025	25.7053927455742	2.13605983203491e-87	8.04139496005128e-87	188.210635737643	ZNF320
ENSG00000062370	1.40498472906404	1.06096083743842	25.6950056608117	2.36589963822064e-87	8.90321793377772e-87	188.108408043723	ZNF112
ENSG00000114735	1.01572807881774	3.538	25.6923131123937	2.42941656198781e-87	9.1404810270246e-87	188.081906906382	HEMK1
ENSG00000120451	1.25076748768473	4.62714187192118	25.6870793164777	2.55780609363941e-87	9.61983192492328e-87	188.030391920818	SNX19
ENSG00000178187	2.09286403940887	-1.18602660098522	25.666636690613	3.1277762047831e-87	1.17544235757445e-86	187.82915640631	ZNF454
ENSG00000070614	1.34777684729064	5.34444556650246	25.6572073504909	3.43194656685266e-87	1.28851296463851e-86	187.736322062129	NDST1
ENSG00000068079	1.17658177339902	3.98988251231527	25.6539665168118	3.54318617962763e-87	1.33002198083525e-86	187.704413349115	IFI35
ENSG00000172476	2.9745724137931	-0.522684236453202	25.6469874699141	3.79514539918571e-87	1.42323414682186e-86	187.635695596171	RAB40A
ENSG00000253537	1.87003990147783	0.33193078817734	25.6372045842714	4.17880508559012e-87	1.56651081877234e-86	187.539363045565	PCDHGA7
ENSG00000176022	1.05822167487685	3.5262275862069	25.6314184773849	4.42375020210011e-87	1.65801546700116e-86	187.482382921582	B3GALT6
ENSG00000140265	1.37106256157636	2.68027857142857	25.6202883306294	4.93606882026126e-87	1.84861358538799e-86	187.372767585765	ZSCAN29
ENSG00000011052	1.81361773399015	4.33001674876847	25.6177840000512	5.05929459345426e-87	1.89439997979083e-86	187.348102135025	NME1-NME2
ENSG00000005175	1.17582610837438	3.43859088669951	25.6174967976594	5.07362178622262e-87	1.89940070778472e-86	187.345273408445	RPAP3
ENSG00000120334	1.54640541871921	1.46262783251231	25.6159410498782	5.15193957516181e-87	1.9279816770933e-86	187.329950339611	CENPL
ENSG00000187815	1.45389852216749	0.909410837438424	25.6151376369566	5.19285676142587e-87	1.9429218233158e-86	187.322037177959	ZFP69
ENSG00000183696	2.00248916256158	4.30668349753695	25.6130958963403	5.29831067575266e-87	1.98199822407271e-86	187.301926930426	UPP1
ENSG00000197170	1.00174285714286	4.5150039408867	25.6111773054077	5.39935674151361e-87	2.01863840525462e-86	187.283029312649	PSMD12
ENSG00000204852	1.04316256157636	4.30465763546798	25.610927311269	5.41266440053073e-87	2.02322662041262e-86	187.280566911623	TCTN1
ENSG00000144736	1.23535615763547	3.11819236453202	25.6094525825964	5.49183773662965e-87	2.05242862974214e-86	187.266040963526	SHQ1
ENSG00000108733	1.66510591133005	2.25768793103448	25.6072983570277	5.60957912395885e-87	2.09562980769268e-86	187.244821680423	PEX12
ENSG00000151065	1.00316009852217	3.29226330049261	25.603386884077	5.82986130171854e-87	2.17667461899472e-86	187.206292316633	DCP1B
ENSG00000188070	1.54823448275862	2.25153300492611	25.5992919941828	6.06975578493437e-87	2.26537753149709e-86	187.165954764833	ZFTA
ENSG00000118276	1.73703990147783	0.617572167487685	25.5967942386272	6.2209100724561e-87	2.32134857047808e-86	187.141349375212	B4GALT6
ENSG00000138363	1.02955960591133	5.8248354679803	25.5846749272791	7.00955979603078e-87	2.61363895313935e-86	187.021954119703	ATIC
ENSG00000133107	4.17691871921182	-2.3833697044335	25.5675042460255	8.30124392540412e-87	3.0911377437166e-86	186.852772056641	TRPC4
ENSG00000025772	1.12028866995073	4.17854630541872	25.5643229988634	8.56550796538234e-87	3.18771960882692e-86	186.821424462392	TOMM34
ENSG00000155621	1.00953743842365	3.14225246305419	25.5642448230651	8.57210690097764e-87	3.18956803234777e-86	186.820654116922	C9orf85
ENSG00000163734	4.77649408866995	0.609754926108375	25.5578531494662	9.12921685014033e-87	3.39621465230235e-86	186.75766862844	CXCL3
ENSG00000093217	2.28567586206897	0.486455172413793	25.554315294523	9.45301749632415e-87	3.51600433789811e-86	186.722803969077	XYLB
ENSG00000161813	1.33022660098522	3.49041921182266	25.5501543328543	9.84858930665637e-87	3.66243829173509e-86	186.681797325546	LARP4
ENSG00000136197	2.26634236453202	0.670002709359605	25.544457385596	1.04171935174547e-86	3.87094116216202e-86	186.625650909972	C7orf25
ENSG00000167720	1.25797339901478	2.98353645320197	25.5332962265175	1.16281856157328e-86	4.31929297286924e-86	186.515643443733	SRR
ENSG00000119326	1.47147733990148	4.06129778325123	25.5305471683999	1.19474869942641e-86	4.43705417791541e-86	186.488546268831	CTNNAL1
ENSG00000173391	6.42233645320197	-2.54139630541871	25.5208318742263	1.31478755064869e-86	4.88007185465843e-86	186.39277826735	OLR1
ENSG00000198042	1.53195566502463	3.03009704433497	25.5194320108628	1.33305156525578e-86	4.94504435995224e-86	186.378978497557	MAK16
ENSG00000240857	1.37995911330049	4.34221157635468	25.512132644804	1.43248213169921e-86	5.31187207166336e-86	186.307018965909	RDH14
ENSG00000179071	2.84121921182266	-0.571538177339902	25.5036860054629	1.55684201901382e-86	5.7708282882337e-86	186.223743347499	CCDC89
ENSG00000177694	2.06943694581281	0.724446059113299	25.5008747256064	1.60058474450066e-86	5.93184659150993e-86	186.196025471244	NAALADL2
ENSG00000205572	1.09147881773399	4.67381527093596	25.4948322226954	1.69881310132779e-86	6.29230584271184e-86	186.136446912435	SERF1B
ENSG00000162004	1.63021527093596	0.677801724137931	25.4858613885246	1.85588400918924e-86	6.8701809637386e-86	186.047989304563	CCDC78
ENSG00000140406	1.25185517241379	1.83213399014778	25.4838832511712	1.89243030932503e-86	7.0016344087606e-86	186.028482770396	TLNRD1
ENSG00000056097	1.04526354679803	5.04404064039409	25.4770671945127	2.02396438528315e-86	7.48105012619696e-86	185.961266569543	ZFR
ENSG00000164751	1.13101133004926	4.701589408867	25.4648415221856	2.2832403458533e-86	8.43779932652517e-86	185.840693444256	PEX2
ENSG00000185697	2.3466	0.0886197044334975	25.463383835464	2.31629379382474e-86	8.55509607237253e-86	185.826316435846	MYBL1
ENSG00000118690	1.49697980295567	1.14237807881773	25.4512260199526	2.6113090043038e-86	9.64107322163325e-86	185.706397910057	ARMC2
ENSG00000157542	4.42456699507388	-7.23308399014777	25.4180185912434	3.6232206659182e-86	1.33543904664982e-85	185.37879045099	KCNJ6
ENSG00000155961	4.19810492610837	-2.83322044334975	25.4086465290342	3.97416206407118e-86	1.46395994450667e-85	185.286312986846	RAB39B
ENSG00000241697	6.41071083743841	-5.71546182266007	25.4068189798848	4.04646098649268e-86	1.49031173384923e-85	185.268279014452	TMEFF1
ENSG00000170759	1.12525566502463	5.10996034482759	25.401991464449	4.24383547713357e-86	1.56212154632029e-85	185.220640432658	KIF5B
ENSG00000186310	2.0389275862069	0.138446551724138	25.4006783588895	4.29916992187233e-86	1.58219168763143e-85	185.207682174852	NAP1L3
ENSG00000152601	1.17082019704433	5.49636773399015	25.3994960358422	4.34961075799232e-86	1.60045365152864e-85	185.196014402834	MBNL1
ENSG00000114346	1.761739408867	2.71436428571429	25.3989158401528	4.37457957877752e-86	1.60933799187632e-85	185.190288688599	ECT2
ENSG00000131019	5.37373891625615	-0.785665024630541	25.3900205440357	4.7758539812866e-86	1.75662974783179e-85	185.102500960671	ULBP3
ENSG00000185129	1.24644778325123	2.24814458128079	25.3865645338705	4.94151627727611e-86	1.81722075819589e-85	185.068391711706	PURA
ENSG00000128915	1.08259704433497	3.83429408866995	25.3842229032909	5.05701805033296e-86	1.85899636455242e-85	185.045280289767	ICE2
ENSG00000172171	1.27277881773399	2.83381600985221	25.3838956213418	5.07337515395989e-86	1.86465859053384e-85	185.04205004475	TEFM
ENSG00000070669	1.8043960591133	5.21881231527094	25.3689274082021	5.88089448751603e-86	2.15982785331776e-85	184.894305065759	ASNS
ENSG00000152465	1.17957881773399	3.84382192118226	25.3630943248631	6.22936011342872e-86	2.28694637115582e-85	184.836723848077	NMT2
ENSG00000152422	1.23419852216749	2.04387167487685	25.3564217957534	6.65338826493552e-86	2.44169978353746e-85	184.770852417556	XRCC4
ENSG00000183023	2.58195467980295	1.22546650246305	25.351153510526	7.00849398858482e-86	2.57153566513189e-85	184.718840992515	SLC8A1
ENSG00000164105	1.25470147783252	3.25501477832512	25.3502837237782	7.06891952834601e-86	2.59273320988997e-85	184.710253744591	SAP30
ENSG00000088451	1.12602610837438	2.61323965517241	25.3465463057893	7.33455504978295e-86	2.68915337303674e-85	184.673354141333	TGDS
ENSG00000133103	1.22753004926108	3.03331477832512	25.3462886961428	7.35322840326387e-86	2.69549408097135e-85	184.670810711364	COG6
ENSG00000146112	1.59127093596059	5.58554187192119	25.345853779087	7.38486228628938e-86	2.70658249809953e-85	184.666516677888	PPP1R18
ENSG00000206190	2.10114187192118	1.60544088669951	25.3389196412061	7.908019277373e-86	2.89614903895096e-85	184.598052162207	ATP10A
ENSG00000214654	1.74641280788177	1.07603743842364	25.3309774520698	8.55296333386176e-86	3.13058642948729e-85	184.519629478664	B3GALT9
ENSG00000102763	1.17447733990148	2.3059302955665	25.3233823851388	9.21891057066532e-86	3.37118170606178e-85	184.444629227159	VWA8
ENSG00000119522	1.51514433497537	3.54431206896552	25.3171376177663	9.80516666848637e-86	3.58355277792333e-85	184.382959254424	DENND1A
ENSG00000068654	1.38201428571428	2.92382389162562	25.3163188776618	9.88474707421757e-86	3.61196199185414e-85	184.374873565866	POLR1A
ENSG00000136810	1.04926650246306	7.85685	25.3102820531147	1.04918228621424e-85	3.83235892284086e-85	184.315253486559	TXN
ENSG00000168566	1.00858275862069	2.60219581280788	25.2889873260725	1.29470839117178e-85	4.72037152617145e-85	184.104920185114	SNRNP48
ENSG00000123610	3.54920197044335	1.41733399014778	25.2655541030228	1.63186270438985e-85	5.94516423735765e-85	183.87341920187	TNFAIP6
ENSG00000186767	1.27734285714286	0.744981773399015	25.2620666330251	1.689056301496e-85	6.15238364283968e-85	183.838961821594	SPIN4
ENSG00000126653	1.07191330049261	4.73556354679803	25.2616922863232	1.69531350528285e-85	6.17402469627982e-85	183.835263087684	NSRP1
ENSG00000143127	2.80588571428572	2.0504802955665	25.2229048356179	2.4869751126695e-85	9.04026556022831e-85	183.451958316902	ITGA10
ENSG00000107779	1.18278078817734	2.53439039408867	25.2221174376144	2.506400306745e-85	9.10918259148425e-85	183.444175768126	BMPR1A
ENSG00000006468	2.7201802955665	1.36682857142857	25.2077192556776	2.88962903260852e-85	1.04941703317665e-84	183.301856487729	ETV1
ENSG00000170581	1.36005665024631	6.54566034482759	25.205297878271	2.95961016246208e-85	1.07443250594155e-84	183.277920566132	STAT2
ENSG00000109586	1.93426650246305	2.15034261083744	25.1828472521026	3.6948925464434e-85	1.33962133845263e-84	183.055966680249	GALNT7
ENSG00000170921	1.48438965517241	3.71062536945813	25.1826028680763	3.70382887605467e-85	1.342612203596e-84	183.053550387189	TANC2
ENSG00000067445	1.96597881773399	2.11224852216749	25.1804342259276	3.78408283043627e-85	1.37144930772228e-84	183.0321081943	TRO
ENSG00000129116	1.84261822660098	5.92702980295566	25.1588407572737	4.68455550507943e-85	1.69685975310959e-84	182.81858349802	PALLD
ENSG00000184374	6.12851921182264	-5.97598817733988	25.1585919561451	4.69609284112696e-85	1.70072361566536e-84	182.81612302383	COLEC10
ENSG00000196437	1.23977487684729	0.677482512315271	25.1517771148389	5.02341049760231e-85	1.81858999526018e-84	182.748726828363	ZNF569
ENSG00000006715	1.02494778325123	4.60488078817734	25.1501742072442	5.10365825098324e-85	1.84695721371693e-84	182.732874107781	VPS41
ENSG00000151778	1.61871822660099	1.4782078817734	25.132261870943	6.09261891693587e-85	2.20199665017127e-84	182.555706683616	SERP2
ENSG00000163644	1.38512807881773	1.50690295566503	25.1228767715006	6.68516275354811e-85	2.4148142426957e-84	182.462869651402	PPM1K
ENSG00000248710	6.24059261083742	-5.41103669950737	25.1172121873755	7.07037311525976e-85	2.55348792124203e-84	182.406832205929	TRIM59-IFT80
ENSG00000125827	1.04255566502463	3.01111034482759	25.116931270154	7.09004433422926e-85	2.5601191127034e-84	182.404053134635	TMX4
ENSG00000137962	1.44093694581281	3.9971315270936	25.1110194310763	7.51696678382663e-85	2.71377359855053e-84	182.34556666519	ARHGAP29
ENSG00000111640	1.37222266009852	11.2627921182266	25.1102659410704	7.57319711846735e-85	2.73356886016049e-84	182.338112094317	GAPDH
ENSG00000177732	1.2227197044335	2.40249236453202	25.1024766573717	8.17974002404098e-85	2.9486899013062e-84	182.261046862054	SOX12
ENSG00000157193	2.21090147783251	1.32727339901478	25.0977842593729	8.56835805845861e-85	3.08593537004051e-84	182.214618976214	LRP8
ENSG00000137273	1.97065369458128	0.723489408866994	25.0950019585161	8.80745630828724e-85	3.17146326103831e-84	182.18708924453	FOXF2
ENSG00000137168	1.52873349753694	3.52937216748769	25.0679421676014	1.15110648859571e-84	4.14042389106154e-84	181.919309685316	PPIL1
ENSG00000183475	1.15114384236453	2.19624827586207	25.0598856053699	1.24662696509854e-84	4.48235218987225e-84	181.839571293879	ASB7
ENSG00000164627	3.42093793103448	-1.20422561576355	25.0551705226411	1.30616934452716e-84	4.69298792622719e-84	181.792902076729	KIF6
ENSG00000111845	1.58943940886699	3.47921280788178	25.0487322223427	1.39209626885498e-84	4.99987967027457e-84	181.729173689572	PAK1IP1
ENSG00000105245	1.13294729064039	4.34321748768473	25.0465962254514	1.42183580538282e-84	5.10575437500754e-84	181.708030131955	NUMBL
ENSG00000117151	1.38792857142857	3.368610591133	25.0440165222688	1.45860207454614e-84	5.23681825110796e-84	181.68249395707	CTBS
ENSG00000173638	1.50225467980296	2.28167857142857	25.0407060324743	1.50718108141864e-84	5.40924383711352e-84	181.649722996814	SLC19A1
ENSG00000269897	1.1241566502463	4.26579852216748	25.0384997838692	1.54045208879184e-84	5.52662286013773e-84	181.627882551848	COMMD3-BMI1
ENSG00000129009	2.18439901477834	5.42594384236454	25.0380774932508	1.5469037034912e-84	5.54875039897668e-84	181.623702099398	ISLR
ENSG00000197429	1.03028620689655	2.66040221674877	25.0278698132854	1.71135371287832e-84	6.13300463177482e-84	181.522646965188	IPP
ENSG00000197472	5.90305024630541	-3.43266403940886	25.0210966917313	1.83001795197906e-84	6.55706102265765e-84	181.455588855794	ZNF695
ENSG00000186300	1.36960197044335	0.846751231527094	25.0156937660882	1.93055452679911e-84	6.91221996385272e-84	181.402093793109	ZNF555
ENSG00000101752	1.04390197044335	2.67760714285715	25.0117890356544	2.00663713421445e-84	7.18199686388622e-84	181.363431039482	MIB1
ENSG00000125148	2.8719330049261	9.81757733990148	24.9930277551926	2.41620055469882e-84	8.64312488374966e-84	181.177648207142	MT2A
ENSG00000184719	1.27828719211822	2.53413078817734	24.9917410884767	2.44717752242351e-84	8.75233220043929e-84	181.164905968699	RNLS
ENSG00000240445	1.81748128078818	0.239176600985222	24.9899891974445	2.48999497034818e-84	8.90383928829719e-84	181.147556256071	FOXO3B
ENSG00000149084	1.01225615763547	5.29031379310345	24.9859658507145	2.59118828183768e-84	9.26230133595607e-84	181.10771039884	HSD17B12
ENSG00000100889	1.52869507389163	4.30961896551724	24.9808487555143	2.72585953846209e-84	9.7419069313508e-84	181.057030487539	PCK2
ENSG00000115053	1.05964827586207	8.3014472906404	24.9706025968318	3.01694095661699e-84	1.07782559733472e-83	180.955545602694	NCL
ENSG00000204956	1.91539014778325	-1.90593054187192	24.9457493860029	3.85889761564138e-84	1.37711061367538e-83	180.709346485271	PCDHGA1
ENSG00000198768	2.82729359605912	0.419068965517242	24.9072936746505	5.64819529524547e-84	2.01087688940949e-83	180.328298797597	APCDD1L
ENSG00000097007	1.03250935960592	5.10643596059113	24.9047571875267	5.79194206959326e-84	2.06167817712188e-83	180.303161126569	ABL1
ENSG00000267508	2.23704975369458	-0.345829802955665	24.9045615301105	5.80318122268781e-84	2.06530263073694e-83	180.30122205604	ZNF285
ENSG00000039319	1.0330842364532	3.27568891625616	24.8886110527915	6.79683095180377e-84	2.41805334899234e-83	180.143133658266	ZFYVE16
ENSG00000178700	1.40068472906404	1.11240492610837	24.884173043233	7.10242022017305e-84	2.52631044671681e-83	180.099143942337	DHFR2
ENSG00000011376	1.08478522167487	2.94045714285714	24.8705610211336	8.12817311768489e-84	2.88853899010362e-83	179.964211019698	LARS2
ENSG00000138138	1.01040147783252	4.13337266009852	24.849787456482	9.98655859713293e-84	3.54509224532555e-83	179.758258157731	ATAD1
ENSG00000173598	1.25793497536946	4.31020049261084	24.8229222058646	1.30341958036879e-83	4.62024767632268e-83	179.491859102545	NUDT4
ENSG00000133466	1.91447832512315	3.07645985221675	24.8117794342145	1.45568371656583e-83	5.15530467363709e-83	179.381348839112	C1QTNF6
ENSG00000185875	1.54229162561576	0.544659113300492	24.8030782979744	1.5868605377288e-83	5.61681373452204e-83	179.295046898026	THNSL1
ENSG00000181915	1.63431477832512	2.97813472906404	24.8014855837083	1.61212283464209e-83	5.70519819532337e-83	179.279248948892	ADO
ENSG00000141837	2.78978472906404	-0.507658866995074	24.7984346791382	1.66164315741513e-83	5.87938268734502e-83	179.248986805144	CACNA1A
ENSG00000163322	1.56764532019704	2.28308768472906	24.7979539966909	1.66958293283649e-83	5.90640653032056e-83	179.24421881242	ABRAXAS1
ENSG00000203667	1.10920985221675	4.44051822660098	24.7867484435574	1.86582580826062e-83	6.59229216145888e-83	179.133063224731	COX20
ENSG00000185808	1.11412167487685	3.66057413793104	24.7848894197422	1.90054638055869e-83	6.71375223587816e-83	179.114621308041	PIGP
ENSG00000176490	2.12375073891626	1.36596502463054	24.7645861293125	2.32454975993741e-83	8.2011827782446e-83	178.913190147782	DIRAS1
ENSG00000146757	1.19785615763547	0.713624630541872	24.7477627851316	2.7467537622956e-83	9.67328564115709e-83	178.746258773398	ZNF92
ENSG00000214447	2.84987438423645	-1.64952339901478	24.7328857706263	3.18363639440778e-83	1.1207822449922e-82	178.598621121677	FAM187A
ENSG00000173674	1.43018719211823	5.23071822660099	24.7306560880415	3.25485493220182e-83	1.14564796622997e-82	178.576492498606	EIF1AX
ENSG00000153395	1.24977733990148	3.71664236453202	24.7168280455711	3.73356329719711e-83	1.31248954764932e-82	178.439246346562	LPCAT1
ENSG00000101574	1.22524581280788	2.2398302955665	24.7152814671632	3.79130661608728e-83	1.33230918704509e-82	178.423895288424	METTL4
ENSG00000189266	1.02465714285714	5.30448866995074	24.7000420888662	4.41033466500138e-83	1.54845059330681e-82	178.272621755815	PNRC2
ENSG00000138778	2.70794482758621	0.0322576354679803	24.693828715506	4.6908753904016e-83	1.64635572699763e-82	178.210939452492	CENPE
ENSG00000197223	1.01908522167488	4.35230665024631	24.6932640742759	4.7172382733753e-83	1.65531101343689e-82	178.20533391151	C1D
ENSG00000108511	2.6206	0.708653201970443	24.6905773728148	4.84472512164771e-83	1.69974180120717e-82	178.178661024791	HOXB6
ENSG00000168393	1.24958669950739	4.29219876847291	24.6762776904517	5.58359325795502e-83	1.95791457826946e-82	178.036687761811	DTYMK
ENSG00000124172	1.2568	5.6840512315271	24.6752001843771	5.64363729451577e-83	1.97825937236641e-82	178.0259891695	ATP5F1E
ENSG00000197977	3.77357684729064	-2.51833768472906	24.6562641812296	6.81086371001648e-83	2.38655009182611e-82	177.837957948678	ELOVL2
ENSG00000103111	1.05467733990148	3.83132192118226	24.6167645708578	1.00819840402622e-82	3.52707003427864e-82	177.44564235517	MON1B
ENSG00000161981	1.12596059113301	4.05733251231527	24.5999226530168	1.19177418089929e-82	4.16481599483798e-82	177.278328695338	SNRNP25
ENSG00000078725	4.61782610837438	-1.75661059113301	24.5963496218553	1.23483115551041e-82	4.31451286268273e-82	177.242830054236	BRINP1
ENSG00000067533	1.65953004926108	3.08595467980296	24.5842956713343	1.39190646626244e-82	4.85899181202225e-82	177.123064720873	RRP15
ENSG00000104142	1.10003251231527	3.43662807881773	24.5752709048843	1.52246553595559e-82	5.3109642098615e-82	177.03338922342	VPS18
ENSG00000148082	2.11932216748769	1.07657684729064	24.5735240738712	1.54911803073626e-82	5.40297422035483e-82	177.016030925363	SHC3
ENSG00000163428	1.05391330049261	2.99170935960591	24.5645993394884	1.69275315215935e-82	5.90288759805462e-82	176.927341920578	LRRC58
ENSG00000167088	1.25053891625616	5.52768128078818	24.5585926246483	1.79685653074789e-82	6.2636764758964e-82	176.867647053842	SNRPD1
ENSG00000104611	1.48467438423645	3.37007315270936	24.5414286339549	2.13100821066686e-82	7.42320186325345e-82	176.697055419653	SH2D4A
ENSG00000177426	1.08950098522168	6.04069384236453	24.5389619216794	2.18389183323518e-82	7.60606205758007e-82	176.67253706282	TGIF1
ENSG00000182287	1.3743354679803	3.15838300492611	24.5340701861538	2.29268198496104e-82	7.98353374021894e-82	176.623913325033	AP1S2
ENSG00000164099	2.14285024630542	2.89256945812808	24.5289528288747	2.41229918785944e-82	8.39856595922842e-82	176.573044921207	PRSS12
ENSG00000154040	1.41349014778325	1.42295689655172	24.5274104081624	2.44956341255046e-82	8.52526593197884e-82	176.557712295884	CABYR
ENSG00000239900	1.22270098522167	5.12185837438423	24.5192324104693	2.65698163801049e-82	9.24385529108083e-82	176.476414804755	ADSL
ENSG00000173621	1.11908374384237	3.51685763546798	24.5079169876386	2.97327241938145e-82	1.03368955024999e-81	176.363919611118	LRFN4
ENSG00000187735	1.26583349753695	5.49187093596059	24.502513144923	3.13735326029487e-82	1.09015215883148e-81	176.310192416669	TCEA1
ENSG00000119953	1.00679310344828	4.20859802955665	24.4864218368676	3.68159888078655e-82	1.27790062750144e-81	176.15019273881	SMNDC1
ENSG00000131323	1.41883842364532	2.62885960591133	24.4858763351919	3.70161960926496e-82	1.28462174399318e-81	176.144768336331	TRAF3
ENSG00000197746	1.16981477832512	9.269839408867	24.4749619604707	4.12590297806484e-82	1.43135799746748e-81	176.036232295672	PSAP
ENSG00000177034	1.22071674876847	2.84206822660099	24.4681300958459	4.41591193076646e-82	1.53142415174868e-81	175.968289373864	MTX3
ENSG00000116771	3.63403596059113	-2.6249224137931	24.4637923314045	4.61054834393021e-82	1.59807264521256e-81	175.925148424507	AGMAT
ENSG00000205189	1.47212857142857	0.932321921182266	24.4588663384734	4.8420105525627e-82	1.67770514571242e-81	175.876155533402	ZBTB10
ENSG00000152977	5.21191871921182	1.81948300492611	24.4536790460656	5.09833308126631e-82	1.76557903728701e-81	175.824561797476	ZIC1
ENSG00000175592	3.44690985221675	4.29416625615764	24.4487081933295	5.35669339440801e-82	1.85406486563091e-81	175.775118871121	FOSL1
ENSG00000167995	1.32644482758621	1.87784901477832	24.4356406754341	6.10011448089577e-82	2.11025734086856e-81	175.645132875851	BEST1
ENSG00000204764	2.23661674876847	0.440644827586207	24.4324539268582	6.29655580120464e-82	2.17744281484942e-81	175.613431476573	RANBP17
ENSG00000004776	2.59411625615763	5.33190049261083	24.4000041146967	8.69537970893809e-82	3.00221042883513e-81	175.290580407977	HSPB6
ENSG00000151229	1.11249556650246	1.02554679802956	24.3858751855792	1.00077757459022e-81	3.45228514786267e-81	175.149983193506	SLC2A13
ENSG00000112029	1.82530935960591	1.79535566502463	24.3624354951883	1.26366429111205e-81	4.35222551584626e-81	174.916701024973	FBXO5
ENSG00000102452	2.88030492610838	-0.681384975369458	24.3602893594968	1.29094313005827e-81	4.44539394671341e-81	174.895339654348	NALCN
ENSG00000099998	2.49188522167488	5.40918103448276	24.3415757622408	1.5552206616983e-81	5.35261045630646e-81	174.709060787503	GGT5
ENSG00000179630	1.1882236453202	1.77137881773399	24.3272460145685	1.7936457634558e-81	6.16885348635222e-81	174.566401784052	LACC1
ENSG00000136870	1.33285418719212	2.53426206896552	24.3218031869532	1.89350616605598e-81	6.51115563911066e-81	174.51221196985	ZNF189
ENSG00000162927	1.3041684729064	1.82637931034483	24.304709401694	2.24476941636478e-81	7.71089540070319e-81	174.342008573792	PUS10
ENSG00000184009	1.09273300492611	11.1249911330049	24.2923916854185	2.53765970923056e-81	8.71545624565618e-81	174.219347086891	ACTG1
ENSG00000182492	2.00460049261084	6.92471256157635	24.2812056901104	2.83665039179656e-81	9.7389005545482e-81	174.107945604808	BGN
ENSG00000156398	1.55893645320197	1.31346822660098	24.2806776902213	2.85160379788882e-81	9.78851948328533e-81	174.102687015769	SFXN2
ENSG00000259431	1.20840985221675	2.83461674876847	24.2797609427497	2.87775450117585e-81	9.87655048506824e-81	174.09355666482	THTPA
ENSG00000131171	1.13182512315271	5.53290369458128	24.2719156999134	3.11158976002172e-81	1.06734574495953e-80	174.015419367916	SH3BGRL
ENSG00000263002	1.42583448275862	1.72040886699507	24.2607346241266	3.47809152899482e-81	1.19139114214929e-80	173.904049816023	ZNF234
ENSG00000132646	1.36994581280789	5.67370098522168	24.2376936787239	4.37529230221941e-81	1.49819453600792e-80	173.674520271073	PCNA
ENSG00000149177	1.37019802955665	1.43377093596059	24.2297737524341	4.73445029717263e-81	1.62061004917407e-80	173.595614375808	PTPRJ
ENSG00000069974	1.03284039408867	3.24001527093596	24.2289870544399	4.77169874239791e-81	1.63278824766136e-80	173.587776283172	RAB27A
ENSG00000139269	4.98429753694581	-2.46065517241379	24.2220758104502	5.11179796298574e-81	1.74855165049304e-80	173.518915656051	INHBE
ENSG00000173040	1.14202561576355	1.98746157635468	24.2154810394816	5.45891850732456e-81	1.86630835322142e-80	173.453204939778	EVC2
ENSG00000121281	1.47664039408867	3.6527527093596	24.211767148884	5.66468479835033e-81	1.9359788445149e-80	173.416198086123	ADCY7
ENSG00000135537	1.32956600985222	1.18697906403941	24.1880902982432	7.17183815798843e-81	2.4497825779306e-80	173.180247568171	AFG1L
ENSG00000180917	1.39039901477832	3.02475566502463	24.1651206941622	9.01658622917179e-81	3.07722892229262e-80	172.95130575603	CMTR2
ENSG00000105849	1.2778	2.82190295566503	24.134571498549	1.22259987210693e-80	4.16673294396819e-80	172.646757176242	POLR1F
ENSG00000143891	1.33376009852217	1.88517807881774	24.1251099246662	1.34353178325477e-80	4.5756880635003e-80	172.552419836515	GALM
ENSG00000276043	2.7824960591133	1.80139137931034	24.1246039219456	1.35032637041544e-80	4.59802717035346e-80	172.547374514887	UHRF1
ENSG00000137807	2.31062906403941	2.46432536945813	24.1199119245153	1.41499123377303e-80	4.81654044424188e-80	172.50059001576	KIF23
ENSG00000111731	1.19323645320197	3.83452068965517	24.1189520490856	1.4285972861333e-80	4.86200769167834e-80	172.491018779841	C2CD5
ENSG00000095380	1.07718866995074	5.1379421182266	24.0838670792171	2.02694050360155e-80	6.88877762110981e-80	172.14112917111	NANS
ENSG00000152455	1.252	1.83875024630542	24.0715928464485	2.29087986502585e-80	7.7844504125083e-80	172.018701756273	SUV39H2
ENSG00000134864	1.6768763546798	2.10760911330049	24.0463424852214	2.94699876150306e-80	1.00017800967858e-79	171.766811951643	GGACT
ENSG00000145781	1.21069310344828	3.66837216748768	24.0130626079474	4.10742814549749e-80	1.39183909865289e-79	171.434752529186	COMMD10
ENSG00000219481	1.39622167487685	3.58694433497537	24.0129059870996	4.1138517792801e-80	1.39377412397177e-79	171.433189613657	NBPF1
ENSG00000162407	2.15920935960592	6.3860460591133	24.0096671841845	4.24896457533575e-80	1.43905139915444e-79	171.40086928939	PLPP3
ENSG00000249240	7.04359064039407	-4.4821672413793	24.0086200737135	4.29358978085201e-80	1.45391321256992e-79	171.390419914318	
ENSG00000159905	2.15583645320197	-0.574900985221675	23.9976393043564	4.79077227764706e-80	1.62086689490614e-79	171.280835405128	ZNF221
ENSG00000137185	1.06334433497537	2.64452586206896	23.983154338089	5.53581608901247e-80	1.87261412517711e-79	171.136267076989	ZSCAN9
ENSG00000159403	2.47974433497537	7.7773815270936	23.9809650962966	5.6580937317001e-80	1.91364603158331e-79	171.114415888218	C1R
ENSG00000160469	1.62247044334975	1.08517512315271	23.9685021019594	6.40751109343465e-80	2.16411306235568e-79	170.990014207138	BRSK1
ENSG00000253910	1.88573054187192	0.0553967980295566	23.9675595083691	6.46807597993024e-80	2.18419113184373e-79	170.980605089257	PCDHGB2
ENSG00000140543	1.13692955665025	1.90974014778325	23.962812916419	6.78187856816271e-80	2.28976280198748e-79	170.933222908242	DET1
ENSG00000189134	2.71406256157636	-0.206297290640394	23.9292266971963	9.48320337906263e-80	3.19739759842402e-79	170.597907985248	NKAPL
ENSG00000118412	1.19333201970443	1.93106009852217	23.9004642504404	1.26379172348156e-79	4.25443890788573e-79	170.310689425104	CASP8AP2
ENSG00000106546	1.43777536945813	4.46734630541872	23.8990391745642	1.28190434185222e-79	4.31467010824597e-79	170.296457278227	AHR
ENSG00000148019	1.24778472906404	2.22320566502463	23.8944289774722	1.34229829702797e-79	4.51716778379896e-79	170.250414550204	CEP78
ENSG00000173221	1.96283546798029	5.46097931034483	23.8762913800777	1.60884488291897e-79	5.40950562663497e-79	170.069257326884	GLRX
ENSG00000182150	1.10421280788178	3.09061724137931	23.8701061824104	1.71136437626922e-79	5.75124379037887e-79	170.007474734216	ERCC6L2
ENSG00000113810	1.38412167487685	4.23372733990148	23.8662548101396	1.778477671175e-79	5.97473107273541e-79	169.969002878216	SMC4
ENSG00000138594	1.03044137931035	4.08107783251231	23.8490442759843	2.1120652305948e-79	7.08931273381716e-79	169.797072109897	TMOD3
ENSG00000121964	1.19240344827586	3.16631995073891	23.8420196678657	2.26559621384719e-79	7.60334556259691e-79	169.726891415098	GTDC1
ENSG00000180008	1.42708226600985	2.26966379310345	23.8175149534159	2.89403761237283e-79	9.69907100342821e-79	169.482045825214	SOCS4
ENSG00000267673	1.17682758620689	4.20401773399014	23.8093856600168	3.13891651426698e-79	1.0510744777554e-78	169.400810667029	FDX2
ENSG00000152127	1.14410443349754	2.751839408867	23.8072373747609	3.20702386987322e-79	1.07369642736101e-78	169.379342327924	MGAT5
ENSG00000013619	1.73310738916256	2.28233349753695	23.8015573248958	3.3943083329849e-79	1.13600913586558e-78	169.322578684582	MAMLD1
ENSG00000123572	4.2293133004926	-2.61757536945813	23.7961013257954	3.58450355124402e-79	1.19945836298648e-78	169.268052022548	NRK
ENSG00000149231	1.28146502463054	4.12111625615764	23.7900874400477	3.80652662572898e-79	1.2735343831535e-78	169.20794755175	CCDC82
ENSG00000054356	4.19690837438424	-0.882413793103449	23.7852871469153	3.99358193976294e-79	1.335659391868e-78	169.15997030116	PTPRN
ENSG00000143013	1.05636206896552	5.40655935960591	23.7796551471307	4.22480721052366e-79	1.41226791837245e-78	169.103678436089	LMO4
ENSG00000176532	4.06655911330049	-0.650226354679803	23.7755370677973	4.40231382496063e-79	1.47085000457139e-78	169.062516849595	PRR15
ENSG00000149090	2.02416847290641	4.55398472906404	23.772183248	4.55237769429947e-79	1.52046769615451e-78	169.028993443614	PAMR1
ENSG00000130772	1.29645812807882	3.44533201970443	23.7683408859825	4.73060309350541e-79	1.57972395169656e-78	168.990585832634	MED18
ENSG00000131263	1.04651527093596	3.28292660098522	23.7620123172551	5.03949910716339e-79	1.6820135192517e-78	168.92732433292	RLIM
ENSG00000151287	1.39684088669951	2.52535197044335	23.7518973872256	5.57566206082304e-79	1.86033102258159e-78	168.826208065214	TEX30
ENSG00000100413	1.53525123152709	4.37517733990148	23.7513136086706	5.60829343576293e-79	1.87089911781631e-78	168.820371975099	POLR3H
ENSG00000162104	1.16123448275862	2.73281871921182	23.7442033518556	6.02141301971113e-79	2.00734311209817e-78	168.749288210732	ADCY9
ENSG00000175215	1.02157586206897	6.70215492610837	23.7437024225523	6.05164095880874e-79	2.01707602962716e-78	168.744280113867	CTDSP2
ENSG00000144681	2.52592610837439	0.225456650246306	23.7398173629167	6.29129456393005e-79	2.09659751651298e-78	168.705438220393	STAC
ENSG00000128654	1.01035320197045	4.74257118226601	23.7323228584681	6.78076116699526e-79	2.25932881032262e-78	168.630507092555	MTX2
ENSG00000159167	3.80642906403941	1.89487512315271	23.7288416420781	7.02090664840857e-79	2.33854708919721e-78	168.595700107722	STC1
ENSG00000138061	3.02330591133005	3.1153145320197	23.7277465946588	7.09819214968847e-79	2.36388669034104e-78	168.584751094226	CYP1B1
ENSG00000183496	1.60774532019705	0.00651305418719208	23.7213965211218	7.56344484486842e-79	2.51839903149461e-78	168.521257241558	MEX3B
ENSG00000132467	1.0171960591133	4.54952955665025	23.7206994283965	7.61634274848362e-79	2.53558040870301e-78	168.514286904982	UTP3
ENSG00000132031	2.34819655172414	0.264968719211823	23.7205065422445	7.63104492562312e-79	2.54004224044502e-78	168.512358201143	MATN3
ENSG00000139133	1.32900049261084	0.688678571428572	23.7167897013778	7.91996226351465e-79	2.63486385007837e-78	168.475192343588	ALG10
ENSG00000198315	1.12736995073892	2.93675985221675	23.7112493978137	8.37106536447678e-79	2.78399182016006e-78	168.41979139174	ZKSCAN8
ENSG00000173275	1.26238325123153	1.68687980295567	23.6966969338538	9.68224613124563e-79	3.21622393161316e-78	168.274262442229	ZNF449
ENSG00000033178	1.304760591133	3.37966600985222	23.6930508396859	1.00417774179358e-78	3.33451850979273e-78	168.237798204302	UBA6
ENSG00000074800	1.33659310344827	9.60456206896551	23.6924695760516	1.0100316266909e-78	3.35338736812666e-78	168.231984960499	ENO1
ENSG00000127870	1.44229901477832	4.11265541871921	23.6915591970726	1.01926872120891e-78	3.38348043992944e-78	168.222880174018	RNF6
ENSG00000081087	1.27353448275862	3.68331798029557	23.6891977600473	1.04362481627573e-78	3.46374255429015e-78	168.199262960868	OSTM1
ENSG00000100968	1.68820935960591	5.65164802955665	23.6844932254337	1.09389752684711e-78	3.62874647252523e-78	168.152210843435	NFATC4
ENSG00000142556	1.07517980295567	1.40727561576355	23.6741184595652	1.21349374081086e-78	4.02206490551658e-78	168.048443046131	ZNF614
ENSG00000198298	1.52180689655173	0.749883251231527	23.6728194067281	1.22936250195109e-78	4.07397015654201e-78	168.035449492084	ZNF485
ENSG00000185261	1.82561330049261	-0.743768226600985	23.6567045338454	1.4443712969056e-78	4.78486249942857e-78	167.874253920293	KIAA0825
ENSG00000116747	1.08291379310345	3.20623620689655	23.6497745954523	1.54804317267369e-78	5.12656493482278e-78	167.804929103791	RO60
ENSG00000214338	4.14066551724137	-2.47724901477833	23.6472617654319	1.58744743799952e-78	5.2561670337829e-78	167.779790797281	SOGA3
ENSG00000102543	1.01480443349754	2.61064901477832	23.6438816550097	1.6420394535667e-78	5.43416342110084e-78	167.745975575361	CDADC1
ENSG00000189159	1.45791133004926	5.80585172413793	23.636278387333	1.77180419895498e-78	5.86261389366378e-78	167.669908386866	JPT1
ENSG00000176171	1.68611625615764	5.57211083743842	23.6357934739584	1.78042003804574e-78	5.89012500143726e-78	167.665056922774	BNIP3
ENSG00000143344	1.3882684729064	3.20041009852217	23.6300525483082	1.88566668398234e-78	6.23619873724537e-78	167.607618900081	RGL1
ENSG00000064703	1.14239014778325	2.55159507389162	23.6278395803819	1.92787916581493e-78	6.37364484154211e-78	167.585477552938	DDX20
ENSG00000164284	1.3302645320197	2.36641798029557	23.6062341255783	2.39308684964117e-78	7.899612029677e-78	167.369292189518	GRPEL2
ENSG00000186687	1.16735517241379	1.8392578817734	23.5903169545884	2.80626960666639e-78	9.25884191346863e-78	167.21000454722	LYRM7
ENSG00000196569	2.356160591133	4.10626502463054	23.5864574933622	2.91677197640135e-78	9.62180249203834e-78	167.17137933275	LAMA2
ENSG00000127483	1.05286798029556	6.65057093596059	23.5768932779777	3.20974167545288e-78	1.05864593791899e-77	167.075657160412	HP1BP3
ENSG00000198538	1.56714433497537	2.09009433497537	23.5686660695308	3.48520994918227e-78	1.14872613976927e-77	166.993311482613	ZNF28
ENSG00000170946	1.11248226600985	2.94345	23.5649106118284	3.61869824876462e-78	1.19232171939569e-77	166.955721851272	DNAJC24
ENSG00000139734	2.91273793103448	0.527414778325124	23.5633469982664	3.67577460180983e-78	1.21092358847889e-77	166.940070850711	DIAPH3
ENSG00000101474	1.15770738916256	5.71439507389162	23.5587293394693	3.84964508725772e-78	1.26777492914038e-77	166.893849438366	APMAP
ENSG00000136161	1.29890443349754	2.26927290640394	23.5561237246115	3.95136296185747e-78	1.30083448451177e-77	166.867767386937	RCBTB2
ENSG00000167637	1.32140443349754	1.5239381773399	23.5493271346825	4.22952539927779e-78	1.3921742521928e-77	166.799731853603	ZNF283
ENSG00000169213	2.52249310344828	0.45402684729064	23.5449527808703	4.41883323182901e-78	1.45424114207481e-77	166.755941918555	RAB3B
ENSG00000169314	4.5739724137931	-2.26076157635468	23.5374690763321	4.76257325617038e-78	1.56683849447949e-77	166.681022631777	C22orf15
ENSG00000197594	2.09234679802956	0.637060591133005	23.5242917815548	5.43414806069486e-78	1.78717807812351e-77	166.549096100635	ENPP1
ENSG00000176125	2.02396650246306	0.787100492610837	23.511131911847	6.19941113325399e-78	2.03782829884019e-77	166.417332883486	UFSP1
ENSG00000164134	1.13774433497537	3.40711798029556	23.5064603566816	6.49626141328669e-78	2.13468875968469e-77	166.370556258621	NAA15
ENSG00000138792	2.48603300492611	0.458560344827586	23.4948036230334	7.30049808655808e-78	2.39815655753098e-77	166.253830439232	ENPEP
ENSG00000251201	5.09876995073891	-0.245057881773399	23.4757472572822	8.83541317086283e-78	2.89943986876577e-77	166.062989019925	TMED7-TICAM2
ENSG00000241360	2.53275911330049	1.25458349753695	23.4708130900214	9.28296617671787e-78	3.04579793528242e-77	166.013571661196	PDXP
ENSG00000174840	1.27054384236453	2.53901625615764	23.4644044718891	9.89829615361019e-78	3.24714627218147e-77	165.949384869206	PDE12
ENSG00000005801	1.25299901477833	3.2947527093596	23.4330295901414	1.3553114957317e-77	4.43791843994452e-77	165.635105979693	ZNF195
ENSG00000168939	1.4487591133005	-1.46659088669951	23.427717985102	1.4293776183261e-77	4.67887728933477e-77	165.58189404577	SPRY3
ENSG00000182890	1.81815911330049	-0.888269704433497	23.4256155152853	1.45980174277172e-77	4.7760665757986e-77	165.560830904361	GLUD2
ENSG00000163602	1.17275862068965	3.21967931034483	23.4087079799834	1.72924060757982e-77	5.65097323634195e-77	165.391436314644	RYBP
ENSG00000133812	1.77126945812808	4.90874655172414	23.3939089832481	2.00562446804312e-77	6.55087971828492e-77	165.243152237771	SBF2
ENSG00000101751	1.17939901477832	3.96974778325123	23.3804748863078	2.29461605610712e-77	7.48979237822704e-77	165.108532456668	POLI
ENSG00000108846	1.3230236453202	5.22682709359606	23.3735299878329	2.45999205821204e-77	8.02557008373616e-77	165.038934936154	ABCC3
ENSG00000151657	1.04316945812808	2.77810049261084	23.3702242789076	2.54284780954352e-77	8.29449706127515e-77	165.005806093491	KIN
ENSG00000108691	3.16670147783251	5.52485024630542	23.3661405934947	2.64906888161209e-77	8.63953672971687e-77	164.964879663752	CCL2
ENSG00000197930	1.43018275862069	4.62100073891626	23.3640969633237	2.70388143385061e-77	8.81682812953591e-77	164.944398147118	ERO1A
ENSG00000134548	5.25656995073891	-2.40511798029556	23.3638209463827	2.71137100637378e-77	8.8397751429023e-77	164.941631851062	SPX
ENSG00000149451	2.52044433497536	5.37555320197044	23.3607362403801	2.79649858997023e-77	9.11427208892565e-77	164.910716000116	ADAM33
ENSG00000129226	3.84210295566502	4.46189778325123	23.3329968942839	3.69281099208226e-77	1.202147466388e-76	164.632677537819	CD68
ENSG00000198189	1.60435714285714	4.1839815270936	23.3217331777021	4.13419758346796e-77	1.34493905736858e-76	164.519764949542	HSD17B11
ENSG00000158234	1.18800541871921	3.22668842364532	23.3102878904992	4.63681038888084e-77	1.50819821270821e-76	164.405024251757	FAIM
ENSG00000103196	2.22759507389163	5.31497487684729	23.2956422132814	5.3701425240045e-77	1.74614517810476e-76	164.258187498536	CRISPLD2
ENSG00000244405	1.41306798029557	2.81261527093596	23.266670093802	7.1803542635588e-77	2.33048468723578e-76	163.967676199667	ETV5
ENSG00000137218	1.25156748768473	1.59962315270936	23.2636087810843	7.4041938006242e-77	2.40273588926931e-76	163.936976616661	FRS3
ENSG00000145331	1.51217783251232	1.77970911330049	23.2603241356835	7.65213403080547e-77	2.48278272007306e-76	163.904036770121	TRMT10A
ENSG00000092439	1.20768275862069	3.81622561576355	23.2406938278319	9.31707363990537e-77	3.02097649031078e-76	163.707161987295	TRPM7
ENSG00000221886	1.70072955665025	0.672240640394089	23.2389980397096	9.47688847517728e-77	3.07228524522088e-76	163.690153631226	FAM200C
ENSG00000167842	1.07025812807882	3.2176236453202	23.2369819299024	9.67046410085932e-77	3.13451997775739e-76	163.6699322994	MIS12
ENSG00000158104	4.43073349753694	-1.47772733990148	23.2351291471626	9.85184471327397e-77	3.1927819135456e-76	163.651348902823	HPD
ENSG00000129675	1.45442315270936	2.45951551724138	23.2185056788173	1.16393613768798e-76	3.7702038791146e-76	163.484606446631	ARHGEF6
ENSG00000163001	1.1597039408867	4.46533768472907	23.217064158748	1.18088808025765e-76	3.8238467049536e-76	163.470146435485	CFAP36
ENSG00000172339	1.87314679802956	1.37322413793103	23.2143894655425	1.21299902473454e-76	3.9245739969143e-76	163.443316030575	ALG14
ENSG00000151376	1.49053645320197	2.41152093596059	23.1998544664673	1.40340263094195e-76	4.5383574737494e-76	163.297504973611	ME3
ENSG00000182141	1.40511527093596	0.797769950738915	23.1853614302579	1.62303115916708e-76	5.24425841806267e-76	163.152102376814	ZNF708
ENSG00000175602	1.28430443349754	5.58294827586206	23.1846968936228	1.63388807617636e-76	5.27846599183973e-76	163.145435058989	CCDC85B
ENSG00000183208	1.88718275862069	-0.080716502463054	23.1827919147697	1.66541522928443e-76	5.37853981336579e-76	163.12632219892	GDPGP1
ENSG00000121690	1.35294876847291	1.94847142857143	23.1818939957775	1.68048603894296e-76	5.42541849876481e-76	163.117313205539	DEPDC7
ENSG00000086061	1.24423990147784	5.6447854679803	23.1799427706551	1.71370783637398e-76	5.53176057786922e-76	163.097736025445	DNAJA1
ENSG00000047936	6.52098374384236	-2.856910591133	23.1788591492106	1.73244070323308e-76	5.59130573453027e-76	163.086863655256	ROS1
ENSG00000135828	1.11269261083744	2.01129064039409	23.1733377903452	1.83111967784619e-76	5.90588228164221e-76	163.03146476563	RNASEL
ENSG00000168496	1.51888669950739	3.167460591133	23.1694309202871	1.90432343524266e-76	6.1399585169959e-76	162.992263860524	FEN1
ENSG00000089351	1.01884187192119	4.67705147783251	23.168482229164	1.92253672387114e-76	6.19765962683764e-76	162.982744710731	GRAMD1A
ENSG00000128699	1.17379901477832	6.26754236453202	23.1577544964897	2.14102874831535e-76	6.89518520098525e-76	162.875099144446	ORMDL1
ENSG00000149571	3.23832807881773	-1.40134236453202	23.14668193355	2.39263337900363e-76	7.70420851746399e-76	162.763986345835	KIRREL3
ENSG00000177144	2.89694876847291	1.53681231527094	23.142988538425	2.48297583415486e-76	7.99379139226594e-76	162.72692165039	NUDT4B
ENSG00000270181	7.82617044334975	-2.0427724137931	23.1295958700528	2.84015863480641e-76	9.13769839337945e-76	162.59251418116	BIVM-ERCC5
ENSG00000247746	1.46706108374384	-1.38055812807882	23.109095366302	3.48899400169361e-76	1.12049171374029e-75	162.386752939842	USP51
ENSG00000167100	2.01118275862069	-0.183746551724138	23.1068541808236	3.56836904337163e-76	1.1457947394934e-75	162.364256933413	SAMD14
ENSG00000116675	1.92733497536946	0.237509359605911	23.1044149004062	3.6568147921194e-76	1.17400155524228e-75	162.339772208596	DNAJC6
ENSG00000188483	1.87686995073891	3.23917931034482	23.1020880676758	3.74322672453782e-76	1.20154626561955e-75	162.316415876792	IER5L
ENSG00000151694	1.10087931034482	3.58353669950739	23.1017744785617	3.75502771107171e-76	1.20513633650457e-75	162.313268101237	ADAM17
ENSG00000139985	3.81773940886699	-3.08162093596059	23.0809107353316	4.62987326085741e-76	1.48420248135951e-75	162.103827206648	ADAM21
ENSG00000113580	1.04216108374385	3.97669137931035	23.0720759752809	5.05926929935946e-76	1.62132241141493e-75	162.015131818687	NR3C1
ENSG00000135637	1.43331083743842	2.22874113300493	23.0645840965134	5.45447833159383e-76	1.74711384291111e-75	161.939914594236	CCDC142
ENSG00000254726	1.68189704433498	-0.662312068965518	23.0526998597752	6.14571964983423e-76	1.96787896767263e-75	161.820592225536	MEX3A
ENSG00000183688	1.73985517241379	2.76212068965517	23.0333088632087	7.46675880838942e-76	2.38735930355933e-75	161.62588175184	RFLNB
ENSG00000186446	1.7793960591133	0.869502955665025	23.0165989877973	8.83094969275923e-76	2.81892222959655e-75	161.45807603054	ZNF501
ENSG00000171872	4.60132413793103	-7.0848226600985	23.0113633502879	9.30770425418731e-76	2.96965153527067e-75	161.405494891735	KLF17
ENSG00000183570	2.69261871921182	1.83707438423645	23.001537698557	1.02730377668031e-75	3.27603955677002e-75	161.306812386581	PCBP3
ENSG00000113734	1.02035665024631	3.30309113300493	22.9939894430472	1.10821384676225e-75	3.53348262252044e-75	161.230998885911	BNIP1
ENSG00000071859	1.14600147783252	5.98379778325122	22.9934343410133	1.11440980492345e-75	3.55265846783265e-75	161.225423401217	FAM50A
ENSG00000152380	1.63555960591133	-0.247225123152709	22.9911565807656	1.1401988110421e-75	3.63368642618798e-75	161.202545232463	FAM151B
ENSG00000135679	1.65938226600986	5.40447438423645	22.9892154506998	1.16264721145721e-75	3.70462282835427e-75	161.183047998294	MDM2
ENSG00000120688	1.11716748768473	3.33327536945813	22.9755540411153	1.33365290322698e-75	4.24604839277643e-75	161.045823139753	WBP4
ENSG00000159674	2.30421921182265	6.25035443349754	22.9654567718239	1.47602220119547e-75	4.69625950110092e-75	160.944392319193	SPON2
ENSG00000144488	4.03773645320197	-1.1883184729064	22.9646144546348	1.48856455823742e-75	4.73462379509697e-75	160.935930673124	ESPNL
ENSG00000156486	3.96607635467979	-3.30377019704433	22.9608031681484	1.54666204309793e-75	4.91781152720792e-75	160.897643227645	KCNS2
ENSG00000273213	6.73728719211822	-2.40880911330049	22.9342517635469	2.01949586805577e-75	6.4139425082961e-75	160.630890573757	H3-7
ENSG00000187187	1.76973251231527	0.162886945812808	22.9305137998589	2.09678368635391e-75	6.65724562123934e-75	160.593333429061	ZNF546
ENSG00000143867	2.3177197044335	3.50310172413793	22.9134393869768	2.48921518378188e-75	7.89807486953489e-75	160.421768682146	OSR1
ENSG00000176273	1.28739704433498	1.50293891625616	22.8759945979283	3.62650092229908e-75	1.14879366223972e-74	160.045465219846	SLC35G1
ENSG00000243244	1.6831960591133	2.16278719211823	22.8629946626757	4.13269269981943e-75	1.30787175287241e-74	159.914803811281	STON1
ENSG00000187688	1.77440197044335	3.00908374384236	22.8613741766776	4.20055712633849e-75	1.32913353890717e-74	159.898515782373	TRPV2
ENSG00000187049	1.1143197044335	3.64067315270936	22.8569608247275	4.39109143147973e-75	1.38852279537179e-74	159.854155034897	TMEM216
ENSG00000185800	1.13435862068966	4.45684827586206	22.848202565627	4.79519479672022e-75	1.5153249792611e-74	159.766118399478	DMWD
ENSG00000150051	4.10149408866995	-0.483300738916256	22.8420526885042	5.10098865761887e-75	1.61091661840963e-74	159.704298338396	MKX
ENSG00000168811	4.65869655172413	-1.61164679802956	22.836332323642	5.40291557816263e-75	1.70599089074897e-74	159.646794014435	IL12A
ENSG00000161980	1.06303990147783	2.74303325123153	22.797292874064	7.99993461229795e-75	2.52274846205465e-74	159.254300804884	POLR3K
ENSG00000071967	1.75459507389163	6.33450935960592	22.7792153019733	9.59468911098619e-75	3.02272149938565e-74	159.072525831291	CYBRD1
ENSG00000172780	1.67612512315271	1.86067192118227	22.7688570342012	1.06480176365155e-74	3.35294167987085e-74	158.96836282328	RAB43
ENSG00000160209	1.02405517241379	5.16786108374385	22.7676027765712	1.07831755391832e-74	3.39495434810244e-74	158.955749593232	PDXK
ENSG00000104131	1.06477044334975	5.44004926108375	22.728754832629	1.59379141384157e-74	5.01301654744759e-74	158.565041061603	EIF3J
ENSG00000130479	1.22825960591133	3.6958184729064	22.7087207452821	1.94963135293609e-74	6.12830881439232e-74	158.36351997889	MAP1S
ENSG00000134030	1.23367783251231	4.24217487684729	22.7032520015823	2.05989407607387e-74	6.47385815931739e-74	158.308506778563	CTIF
ENSG00000170214	3.45575024630542	-0.082463300492611	22.7017296281919	2.09168415389419e-74	6.57271132584021e-74	158.293192085717	ADRA1B
ENSG00000124279	1.13357783251231	2.80432192118226	22.7015920160925	2.09458183730118e-74	6.5807585634308e-74	158.291807736785	FASTKD3
ENSG00000265118	7.29718669950737	-4.91999482758619	22.6990744602012	2.14830830458772e-74	6.74847144964688e-74	158.266481479401	
ENSG00000170584	1.08150689655172	4.04121896551724	22.6967967371165	2.19810366330351e-74	6.9037836368173e-74	158.243567625685	NUDCD2
ENSG00000169131	1.24083054187192	2.54253103448276	22.6960283050943	2.21516224473668e-74	6.9562430638991e-74	158.23583715312	ZNF354A
ENSG00000159184	5.61484039408867	-2.76073201970443	22.6940214804751	2.2603394204561e-74	7.09697187573153e-74	158.215648233322	HOXB13
ENSG00000168806	1.38013891625616	2.08769064039409	22.6935132062047	2.27192714524812e-74	7.13220887910662e-74	158.210534894478	LCMT2
ENSG00000102362	1.59025714285714	2.54862413793103	22.6802176459434	2.59709109656823e-74	8.1477531239583e-74	158.076774251662	SYTL4
ENSG00000135801	1.01643004926108	3.19403916256158	22.6653098607795	3.01737377517603e-74	9.46021471434142e-74	157.926783009107	TAF5L
ENSG00000152133	1.09819950738916	1.87754852216749	22.6518226528201	3.45595395514933e-74	1.08300596843374e-73	157.791074846697	GPATCH11
ENSG00000129295	1.48633793103448	1.15417783251232	22.6369060054366	4.01567161927866e-74	1.25780180772469e-73	157.640972965197	DNAAF11
ENSG00000120093	1.47361231527093	2.82092389162561	22.6234639862042	4.59735617442129e-74	1.43976817885482e-73	157.505700244247	HOXB3
ENSG00000127241	2.78650147783251	2.80073497536946	22.6144086930046	5.03602270822588e-74	1.57638884773587e-73	157.414567896101	MASP1
ENSG00000141873	1.15374384236453	4.22730541871921	22.6103266995394	5.24723059109192e-74	1.64171277955681e-73	157.373485429261	SLC39A3
ENSG00000065600	1.5657275862069	1.74084162561576	22.6013484847545	5.74348381188939e-74	1.79640141888512e-73	157.283122927835	PACC1
ENSG00000114948	2.36172167487685	-0.248793842364532	22.6000009267607	5.82191624637235e-74	1.82064149922561e-73	157.269559895261	ADAM23
ENSG00000117877	1.76933054187192	2.29303768472907	22.5967982132849	6.0126520168325e-74	1.87998793140705e-73	157.237324551565	POLR1G
ENSG00000008311	1.38257290640394	3.2453948275862	22.595765544796	6.07547520263709e-74	1.89932709022451e-73	157.226930624136	AASS
ENSG00000128881	1.13952019704433	1.63773596059113	22.5924137465734	6.28394518449301e-74	1.9638710506215e-73	157.193194023943	TTBK2
ENSG00000162426	1.43780541871921	0.644605665024631	22.5831228822768	6.89998278724539e-74	2.1550177981197e-73	157.099676483689	SLC45A1
ENSG00000116183	4.67247339901477	-1.95742783251231	22.5824602697628	6.94615922155949e-74	2.16909305701048e-73	157.09300676968	PAPPA2
ENSG00000164093	2.98789162561576	1.15478965517241	22.5795923748469	7.14960998079256e-74	2.2319117930455e-73	157.064138910772	PITX2
ENSG00000110841	1.29591083743842	4.99704064039409	22.5459804683856	1.00285347566478e-73	3.12763527313137e-73	156.725775664895	PPFIBP1
ENSG00000179256	3.87540640394088	-2.31149236453202	22.5400124891845	1.06495869205979e-73	3.32079507902226e-73	156.665691627094	SMCO3
ENSG00000269403	6.48549901477832	-3.16753275862068	22.5370469908492	1.09723546480119e-73	3.42089589233326e-73	156.635835128449	
ENSG00000170448	1.69309113300493	3.25291995073892	22.5356244234996	1.11306438685637e-73	3.46913943348441e-73	156.621512635082	NFXL1
ENSG00000138780	1.24349950738916	1.36778472906404	22.5277069770316	1.20542906215774e-73	3.75462141101156e-73	156.541797513968	GSTCD
ENSG00000182993	2.09362561576355	-0.516796551724138	22.5211729610028	1.28740323007447e-73	4.0067580700932e-73	156.476008878943	C12orf60
ENSG00000111305	3.94900246305418	-2.3217618226601	22.5116319424272	1.41722454925805e-73	4.40799015463962e-73	156.379940120972	GSG1
ENSG00000120802	1.20996256157636	4.18769113300493	22.5116154067056	1.41746055135241e-73	4.4080226121147e-73	156.37977361856	TMPO
ENSG00000134758	1.10441871921182	2.93496600985222	22.5110903973196	1.42497409839532e-73	4.43068318708693e-73	156.374487157874	RNF138
ENSG00000215695	7.98414236453201	-4.04024655172412	22.498050440294	1.62493377334297e-73	5.04920588307653e-73	156.243180070011	RSC1A1
ENSG00000119711	1.42763251231527	3.01236354679803	22.4973148743233	1.63701509540604e-73	5.08593783695149e-73	156.23577297522	ALDH6A1
ENSG00000132170	2.28263694581281	2.85987118226601	22.4704145735421	2.14639611224825e-73	6.66426323888707e-73	155.964871180094	PPARG
ENSG00000172687	1.22040837438424	1.6419302955665	22.4689726592058	2.17779496136602e-73	6.7606781787156e-73	155.950349284725	ZNF738
ENSG00000183196	2.35434334975369	-2.57792980295567	22.4577863434986	2.43752370121878e-73	7.56336744509644e-73	155.83768563479	CHST6
ENSG00000153551	1.23349458128079	3.55801871921182	22.4545245294245	2.51893737764282e-73	7.81350384665017e-73	155.804832964254	CMTM7
ENSG00000164291	1.12637389162562	2.03748891625616	22.4495728592728	2.64775900311149e-73	8.21048975544348e-73	155.754959270132	ARSK
ENSG00000104524	1.25115665024631	2.39858522167488	22.4268812750099	3.32774010699927e-73	1.03125114448112e-72	155.526392728553	PYCR3
ENSG00000164002	1.10042906403941	2.1071775862069	22.4254008092308	3.3777422443762e-73	1.04641469466708e-72	155.511479536406	EXO5
ENSG00000090932	4.66806650246305	-3.86190123152709	22.4187536268693	3.6116760775656e-73	1.11800053711052e-72	155.444519141412	DLL3
ENSG00000140534	1.8057763546798	0.171552216748768	22.3968625110067	4.50289457315726e-73	1.39211462978388e-72	155.223984457846	TICRR
ENSG00000144381	1.04074285714285	6.8291802955665	22.3799041486539	5.34193607135521e-73	1.65020731436016e-72	155.053127919718	HSPD1
ENSG00000133773	1.14043743842364	5.09145566502463	22.3545068643763	6.89991813061802e-73	2.12913627204386e-72	154.797224078225	CCDC59
ENSG00000127418	1.12019261083744	3.51149187192118	22.3416376187395	7.85539806605962e-73	2.42320740342442e-72	154.667541947363	FGFRL1
ENSG00000143653	1.05956256157635	4.07001773399015	22.3401831262291	7.97139302559363e-73	2.45860104965516e-72	154.652884696915	SCCPDH
ENSG00000071539	2.47934532019704	1.33526527093596	22.3233625788217	9.44403371361122e-73	2.90913157048219e-72	154.483373302105	TRIP13
ENSG00000078177	1.35792216748768	0.986701477832511	22.3181283358722	9.95563357124587e-73	3.0657578198753e-72	154.43062190019	N4BP2
ENSG00000144355	3.21732266009852	-0.378768226600985	22.3135214667013	1.04288059866704e-72	3.21045568039562e-72	154.384192240123	DLX1
ENSG00000012048	1.59657881773399	1.69432881773399	22.2863087206452	1.37202435809212e-72	4.22038407143652e-72	154.109913248392	BRCA1
ENSG00000023572	1.05754532019705	3.82460418719212	22.2860227404069	1.37598536464339e-72	4.23190210825638e-72	154.107030660981	GLRX2
ENSG00000189410	4.02699113300493	-1.0096645320197	22.2778432669123	1.49425054264236e-72	4.59346297063348e-72	154.024582710461	SH2D5
ENSG00000139687	1.08610295566502	3.03886428571429	22.271455796919	1.59363400375345e-72	4.89666599077829e-72	153.960195854756	RB1
ENSG00000197653	3.4172078817734	-1.67222709359606	22.2535734614487	1.90846427030862e-72	5.85665966871405e-72	153.779929150049	DNAH10
ENSG00000198756	1.94572216748769	-1.52609556650246	22.2529043658283	1.92138193234652e-72	5.89537536849046e-72	153.773183917272	COLGALT2
ENSG00000111664	1.59870738916256	1.75820147783251	22.2422248189741	2.13981300738373e-72	6.56146646638833e-72	153.665519492266	GNB3
ENSG00000131944	1.33012807881773	1.142039408867	22.2287311468902	2.45167686635829e-72	7.51422040815146e-72	153.529477761588	FAAP24
ENSG00000164929	2.2619921182266	1.59130246305419	22.2195697851204	2.68894493914644e-72	8.23884634694257e-72	153.437109428227	BAALC
ENSG00000089335	1.21479802955665	3.82554975369458	22.217249808828	2.75259056086642e-72	8.43121077436546e-72	153.413717971665	ZNF302
ENSG00000185745	2.20054581280788	2.25554482758621	22.212778498901	2.87953789811664e-72	8.81590625176176e-72	153.368634767507	IFIT1
ENSG00000197498	1.15190689655172	4.26814261083744	22.2123110862169	2.89314205814688e-72	8.85616887536126e-72	153.363921901872	RPF2
ENSG00000124688	1.3466645320197	4.15165147783251	22.1959148939937	3.41331960296289e-72	1.04403023448272e-71	153.198595162219	MAD2L1BP
ENSG00000111196	1.14305073891626	3.64117709359606	22.1938552370787	3.4849583856197e-72	1.06577553633459e-71	153.177826336567	MAGOHB
ENSG00000165304	2.55442807881773	1.62092536945813	22.1928391273846	3.52085275900925e-72	1.07658433134969e-71	153.167580192242	MELK
ENSG00000167380	1.47970098522167	3.7602421182266	22.159621420339	4.92201191001889e-72	1.50290557414983e-71	152.832598767641	ZNF226
ENSG00000138399	1.32862857142858	3.55918866995074	22.1573782680192	5.03464096760081e-72	1.53705598795274e-71	152.809976195269	FASTKD1
ENSG00000126458	1.56535073891626	6.11107586206897	22.1468190730395	5.60045094856768e-72	1.70899457271876e-71	152.703482092635	RRAS
ENSG00000152193	1.01392807881773	2.2493	22.1432875681609	5.80354294234954e-72	1.77041580049008e-71	152.667864282317	OBI1
ENSG00000244607	1.90784433497537	-0.273511330049261	22.101909431383	8.80993503402116e-72	2.68293206225403e-71	152.250497052533	CCDC13
ENSG00000075618	1.53854827586207	6.21794359605911	22.1008529832478	8.9043345500624e-72	2.71083511103473e-71	152.239840097333	FSCN1
ENSG00000154760	1.86301773399015	1.37159162561576	22.0939941454733	9.54231055767154e-72	2.90279939162542e-71	152.17065023904	SLFN13
ENSG00000109046	1.19475517241379	6.27017019704433	22.0748755418308	1.1572481228778e-71	3.51491184601772e-71	151.977777522271	WSB1
ENSG00000061656	2.99369261083744	1.03233743842365	22.0434971372994	1.58830246025786e-71	4.81891114397751e-71	151.661193306622	SPAG4
ENSG00000106991	1.38066009852217	5.66260049261084	22.0332695014228	1.76098914846807e-71	5.34201334047857e-71	151.557995757661	ENG
ENSG00000173145	1.19682906403941	3.18674802955665	22.0318028255885	1.78724735521253e-71	5.42082691534428e-71	151.54319655784	NOC3L
ENSG00000204899	1.43716896551724	2.70409384236453	22.0283008818645	1.85153849973714e-71	5.61495427713582e-71	151.507860549592	MZT1
ENSG00000106355	1.02513793103448	5.13713694581281	22.0204247643471	2.00471419258078e-71	6.07570172943759e-71	151.428385616178	LSM5
ENSG00000154240	1.21497684729064	1.96320073891626	22.0109954361992	2.20486040401032e-71	6.68125011864934e-71	151.333234611328	CEP112
ENSG00000122778	1.74817290640394	-0.298835714285714	22.006183660477	2.3145771485109e-71	7.01154342523641e-71	151.284677816243	KIAA1549
ENSG00000109917	1.17247093596059	4.86724384236453	22.0017363229888	2.4208351312391e-71	7.33229388324155e-71	151.23979785133	ZPR1
ENSG00000165891	2.25968916256158	-0.5973460591133	21.9914247834172	2.68635901603849e-71	8.1339987436356e-71	151.135736777705	E2F7
ENSG00000162999	1.55009064039409	-0.785919704433497	21.9876999255147	2.78927785540647e-71	8.44431725024838e-71	151.0981455745	DUSP19
ENSG00000166189	1.02774482758621	3.5321684729064	21.9832129225878	2.91850640961367e-71	8.83280970368133e-71	151.052862103324	HPS6
ENSG00000156017	1.01576108374384	2.49033620689655	21.9761699386082	3.13353413945221e-71	9.48211894598561e-71	150.981781740166	CARNMT1
ENSG00000175073	1.00720985221675	1.54761133004926	21.9730276705656	3.23451541183733e-71	9.78314505155938e-71	150.950068208486	VCPIP1
ENSG00000188487	3.6380118226601	-0.951361083743843	21.9711833344165	3.29529531579573e-71	9.96389618772708e-71	150.931453956716	INSC
ENSG00000141338	2.44033793103448	3.6920842364532	21.9700311387297	3.3338443034231e-71	1.00773372586998e-70	150.919825174779	ABCA8
ENSG00000115020	1.00211921182266	2.70657733990148	21.9557458241436	3.85097681842331e-71	1.16279031189166e-70	150.775643351977	PIKFYVE
ENSG00000180875	2.4189960591133	1.29157389162562	21.9468694033952	4.21197849509282e-71	1.27100808757109e-70	150.686049627172	GREM2
ENSG00000109066	1.12110147783251	2.57219359605911	21.9452675727799	4.28064189501267e-71	1.29152854581346e-70	150.66988130826	TMEM104
ENSG00000137288	1.01743743842365	5.7894039408867	21.9209285793721	5.47294919114321e-71	1.64999032849924e-70	150.424200083307	UQCC2
ENSG00000168124	4.78502660098521	-7.36632216748767	21.9182145526563	5.62498658865272e-71	1.69556513829171e-70	150.396802935677	OR1F1
ENSG00000131773	1.50417339901478	2.90750098522167	21.8878323843941	7.64443425146077e-71	2.30003901681365e-70	150.090086889272	KHDRBS3
ENSG00000198959	3.38483300492611	2.81940714285715	21.8813167753572	8.16428004439347e-71	2.45531487577004e-70	150.024305643626	TGM2
ENSG00000172465	1.03465369458128	4.34134408866995	21.8775553703987	8.48033284457392e-71	2.54957945305636e-70	149.986329987682	TCEAL1
ENSG00000270885	2.32720886699508	-0.155358128078817	21.873953501087	8.79444641633183e-71	2.64360978107917e-70	149.949964539645	RASL10B
ENSG00000142657	1.0460039408867	6.0342591133005	21.8701438457159	9.13935556070374e-71	2.74686690814015e-70	149.911500711227	PGD
ENSG00000059804	2.01299507389162	4.62829014778325	21.8547747082222	1.06737898319033e-70	3.20312040686508e-70	149.756322289095	SLC2A3
ENSG00000109084	1.41738719211823	3.20072463054187	21.8519369170125	1.09841011563479e-70	3.29523034690438e-70	149.727668868444	TMEM97
ENSG00000204147	1.37279359605911	0.848641133004926	21.8464437894029	1.16106477367781e-70	3.48212520061567e-70	149.672203462613	ASAH2B
ENSG00000075643	1.77366305418719	2.13794236453202	21.8398102433451	1.24151140578072e-70	3.72110673186608e-70	149.60522153386	MOCOS
ENSG00000177706	1.33368719211823	4.60378004926108	21.8371525705953	1.27528508484398e-70	3.82116239313417e-70	149.57838536096	FAM20C
ENSG00000147536	2.45894975369458	0.490422660098522	21.8338453649237	1.31859936563792e-70	3.94973464182959e-70	149.544990097077	GINS4
ENSG00000145220	1.12375418719212	3.43367561576355	21.8305226019881	1.36359957954712e-70	4.08327658343699e-70	149.511437346029	LYAR
ENSG00000198598	1.19776896551724	3.34383965517241	21.8279221937942	1.39988594803783e-70	4.19129327356447e-70	149.485178547375	MMP17
ENSG00000076003	1.25538768472906	3.50822783251232	21.8221612705906	1.4837521153237e-70	4.43899017722838e-70	149.427004159435	MCM6
ENSG00000174799	1.22150197044335	1.60992536945813	21.8030838093331	1.7990497850214e-70	5.3765148950739e-70	149.234349612987	CEP135
ENSG00000243978	3.80103596059113	-4.60124950738916	21.8013147414892	1.83148497035079e-70	5.4726115123234e-70	149.216483955921	RTL9
ENSG00000138378	2.39953300492611	0.945471921182265	21.7948866990728	1.9543438389917e-70	5.8370452852783e-70	149.15156680829	STAT4
ENSG00000196227	1.40328620689655	1.31766330049261	21.7871898106806	2.11234789748507e-70	6.30702866503487e-70	149.073833612967	FAM217B
ENSG00000136603	1.33874039408867	2.84302684729064	21.7860146756299	2.13757113281611e-70	6.38136496753626e-70	149.061965387926	SKIL
ENSG00000198246	1.24136995073892	1.48517315270936	21.7780014538134	2.31778889893444e-70	6.9183184149957e-70	148.981034923178	SLC29A3
ENSG00000101224	1.23983743842365	4.74520541871921	21.7530797989835	2.98132594960576e-70	8.88939147195541e-70	148.729321579399	CDC25B
ENSG00000171160	1.07718275862069	2.58434310344827	21.7529197359116	2.98615066336149e-70	8.902418957042e-70	148.727704843637	MORN4
ENSG00000064102	1.01476256157635	3.60982561576355	21.7518123717666	3.01974409713721e-70	9.00119572090533e-70	148.716519758679	INTS13
ENSG00000140836	1.21556650246306	1.39688620689655	21.7513632960211	3.03347493995281e-70	9.04074535253283e-70	148.71198379495	ZFHX3
ENSG00000186314	1.42350591133005	1.29650566502463	21.7291123099361	3.79811479816868e-70	1.13041059070686e-69	148.487225439413	PRELID2
ENSG00000126861	4.15343004926109	0.564163793103448	21.7253246634683	3.94627547366542e-70	1.17414913682049e-69	148.448964557621	OMG
ENSG00000152760	2.60382118226601	0.608592857142857	21.7140421837354	4.42276228158584e-70	1.31511899736382e-69	148.33499181688	DYNLT5
ENSG00000083454	4.3413763546798	-1.15446945812808	21.697240531319	5.24108104809426e-70	1.55726327872674e-69	148.165257914956	P2RX5
ENSG00000109685	1.35073349753695	3.71562487684729	21.6962490904533	5.29384898209018e-70	1.5727029006994e-69	148.15524187335	NSD2
ENSG00000100583	2.26680935960591	-1.66243768472906	21.6928562822535	5.47848010805093e-70	1.6273059472797e-69	148.12096574737	SAMD15
ENSG00000114107	1.39343645320197	2.19498325123153	21.6611575889614	7.5469364955105e-70	2.23898941847983e-69	147.800708805765	CEP70
ENSG00000143256	1.0489	6.02118399014778	21.6360159389656	9.73007372318427e-70	2.88317059436644e-69	147.546675533625	PFDN2
ENSG00000163491	2.69171822660099	-1.42538078817734	21.6132027784296	1.22532115732749e-69	3.62586705882706e-69	147.316152049959	NEK10
ENSG00000135124	1.05412561576355	3.30588940886699	21.6089997332844	1.2784954258498e-69	3.78207048319057e-69	147.273679131918	P2RX4
ENSG00000118523	2.369778817734	6.99354064039409	21.6074041339011	1.29928109920769e-69	3.84297733324e-69	147.257555019612	CCN2
ENSG00000112218	2.37343300492611	-1.18832438423645	21.5718540009549	1.86106332541892e-69	5.50210279959707e-69	146.898287456118	GPR63
ENSG00000178074	1.23394827586207	2.61240172413793	21.546342860708	2.40857935486198e-69	7.11218763262509e-69	146.64044946803	C2orf69
ENSG00000147526	1.29367931034482	4.55696822660099	21.5201573171646	3.13856345116562e-69	9.26072881816072e-69	146.375774997737	TACC1
ENSG00000254004	1.20472906403941	1.92261231527094	21.5084078641253	3.53444290213929e-69	1.0419381987269e-68	146.257008954879	ZNF260
ENSG00000065882	1.11304236453202	4.26550591133005	21.4986713936473	3.90008201860472e-69	1.14938022632444e-68	146.158587510935	TBC1D1
ENSG00000140545	1.61653399014779	7.61582167487685	21.4878382342694	4.35154578767466e-69	1.28165648504504e-68	146.0490769048	MFGE8
ENSG00000256500	7.7649487684729	-1.54180098522167	21.4873808699021	4.37171597605768e-69	1.28740315859131e-68	146.04445340966	
ENSG00000187266	1.07771921182266	1.72804482758621	21.4540831400054	6.12176363470064e-69	1.79896999923789e-68	145.707830632081	EPOR
ENSG00000145723	1.37929458128079	1.3470197044335	21.4338216947748	7.5138123348654e-69	2.20505962829163e-68	145.502982569722	GIN1
ENSG00000151247	1.0284354679803	4.99121280788177	21.422237179766	8.44771680040206e-69	2.47838585367748e-68	145.385855209562	EIF4E
ENSG00000139200	2.42883251231527	-0.690932019704434	21.4218675465508	8.47935460103196e-69	2.48729432022466e-68	145.382117904186	PIANP
ENSG00000075391	1.25941034482759	3.19133768472906	21.416140343876	8.98498256035166e-69	2.63482186666255e-68	145.324210546103	RASAL2
ENSG00000143970	1.07410344827586	2.48080246305419	21.4115616175239	9.41082629415152e-69	2.7584575887252e-68	145.277914706669	ASXL2
ENSG00000100439	1.06811477832512	4.67270123152709	21.4110170961581	9.46279435769064e-69	2.77285840962649e-68	145.272408972846	ABHD4
ENSG00000158691	1.15105763546798	0.835544581280788	21.404888907885	1.00678299011047e-68	2.94749860565375e-68	145.210445421991	ZSCAN12
ENSG00000242110	1.43505221674877	2.56244679802955	21.4045641941127	1.01009472496696e-68	2.95675121559382e-68	145.207162136232	AMACR
ENSG00000005020	1.23386995073892	3.00860295566502	21.4007470677788	1.04985202125157e-68	3.07266859357469e-68	145.168565724995	SKAP2
ENSG00000152763	1.78320541871921	0.359998768472907	21.3992431847737	1.06594219214535e-68	3.1192935488027e-68	145.153359285304	DNAI4
ENSG00000197568	1.13969802955665	3.30174704433497	21.3930598205109	1.13473221077555e-68	3.31910445486841e-68	145.090835855912	ANKRD13C-DT
ENSG00000203724	2.65019950738916	0.883740640394089	21.3748114733472	1.36474014038201e-68	3.98829846318906e-68	144.906310693322	C1orf53
ENSG00000169715	1.97372413793104	7.98229064039408	21.3552365698149	1.66355843028496e-68	4.85502670917394e-68	144.7083617092	MT1E
ENSG00000204611	1.12593152709359	1.86277463054187	21.3379695832244	1.98103371369821e-68	5.77552750008808e-68	144.53374294115	ZNF616
ENSG00000136244	3.59290147783251	1.94564729064039	21.3374122272252	1.99223419060296e-68	5.80731511825224e-68	144.528106344301	IL6
ENSG00000136122	1.20813497536946	1.37212955665025	21.3165828183789	2.45951115658834e-68	7.16087112962594e-68	144.317450737375	BORA
ENSG00000276547	1.44504137931034	2.36857142857143	21.3161134085912	2.47121813240542e-68	7.1938842162173e-68	144.312703292988	PCDHGB5
ENSG00000178695	1.43555763546798	3.6342197044335	21.2976355402281	2.97915445223581e-68	8.66606673200242e-68	144.125820257758	KCTD12
ENSG00000170955	1.69003793103448	5.2475302955665	21.2931995454486	3.11589645712623e-68	9.06248676367922e-68	144.080953842687	CAVIN3
ENSG00000189367	1.79333300492611	-0.0104625615763546	21.2826786459794	3.46584055072764e-68	1.00757893547039e-67	143.974541699727	KIAA0408
ENSG00000036549	1.23984236453202	4.19106896551724	21.2780636806174	3.63149711874256e-68	1.05558109020478e-67	143.927863425634	ZZZ3
ENSG00000068489	3.01159261083744	1.38370467980296	21.2741550626311	3.7779785488813e-68	1.09783281490317e-67	143.888329124562	PRR11
ENSG00000134982	1.29004926108375	2.47477142857143	21.2714247082687	3.8837949325369e-68	1.12791084219997e-67	143.86071232518	APC
ENSG00000107614	1.18875960591133	1.24011871921182	21.2713466052506	3.88686508180317e-68	1.12863473147991e-67	143.859922331497	TRDMT1
ENSG00000187189	1.06315960591133	3.56281034482759	21.264224137462	4.17729378172659e-68	1.21242648273431e-67	143.78787961786	TSPYL4
ENSG00000172935	1.3872433497537	3.69110098522167	21.236266923125	5.54296719298648e-68	1.60522621347572e-67	143.505084681025	MRGPRF
ENSG00000239672	1.33499704433497	6.402160591133	21.214500901042	6.90861155673045e-68	1.99893525379962e-67	143.28490252714	NME1
ENSG00000124201	1.09867733990148	3.62375197044335	21.1960721219599	8.324882563405e-68	2.40729291290412e-67	143.098470869164	ZNFX1
ENSG00000140030	2.56767733990147	-2.20791847290641	21.1934476573924	8.54893308119961e-68	2.47171549449331e-67	143.071920279276	GPR65
ENSG00000163728	1.03057142857143	4.06522118226601	21.1782493914378	9.97023900683015e-68	2.88052055989762e-67	142.918162826991	TTC14
ENSG00000136928	4.47816600985221	-2.5455578817734	21.1476771051427	1.35854062407338e-67	3.92092761418432e-67	142.608854233101	GABBR2
ENSG00000185551	1.58668768472907	4.31662610837439	21.1414306323592	1.4471963121696e-67	4.17433362840124e-67	142.545654350653	NR2F2
ENSG00000105792	1.55698620689655	2.27243054187192	21.11828072628	1.82928156792941e-67	5.27176233600892e-67	142.311423426486	CFAP69
ENSG00000146842	1.1022039408867	2.73413990147783	21.1161937769482	1.86833092205208e-67	5.38350381579797e-67	142.290307096545	TMEM209
ENSG00000174928	1.24327980295567	0.723176354679803	21.1146981009768	1.89682870560752e-67	5.46320214664438e-67	142.275173377278	C3orf33
ENSG00000170264	1.24343349753695	0.463272906403941	21.1136235590793	1.91757043391519e-67	5.52212811959485e-67	142.264300795749	FAM161A
ENSG00000183671	2.00382463054187	2.58520098522167	21.1093456133956	2.0024210321041e-67	5.76392868012644e-67	142.221014841095	CMKLR2
ENSG00000204682	1.43759753694581	0.105111083743842	21.1090579308153	2.00825999859371e-67	5.77988466752846e-67	142.218103940631	MIR1915HG
ENSG00000136982	1.4420039408867	0.934527093596059	21.0975258283672	2.25689423491876e-67	6.49068832064494e-67	142.101415570274	DSCC1
ENSG00000183044	1.36257044334975	1.82672709359606	21.089270652746	2.45357310556466e-67	7.05424829026698e-67	142.01788331663	ABAT
ENSG00000157654	4.60932315270936	0.150535960591133	21.0875000671884	2.49794092611458e-67	7.17969724637904e-67	141.999966979595	PALM2AKAP2
ENSG00000153179	1.24913399014778	2.6258763546798	21.0567449659403	3.41020599720825e-67	9.79312940447371e-67	141.68874976247	RASSF3
ENSG00000147251	1.54334778325123	2.47870197044335	21.0437329972203	3.89030377949486e-67	1.11587137030513e-66	141.557073287896	DOCK11
ENSG00000157827	1.2930039408867	3.42722216748769	20.9946226828606	6.39580340517461e-67	1.8294319400457e-66	141.060065070108	FMNL2
ENSG00000164051	1.11647192118226	3.55669753694581	20.9811115933651	7.33330712060501e-67	2.09575150264497e-66	140.92332167362	CCDC51
ENSG00000121621	2.26759064039409	-0.0895263546798029	20.9731218818833	7.95113852179677e-67	2.27065832227024e-66	140.842457625266	KIF18A
ENSG00000132386	1.66582512315272	7.87101403940887	20.9700414202866	8.20301960754128e-67	2.34190517415006e-66	140.811279897585	SERPINF1
ENSG00000271793	2.1732763546798	-0.039184975369458	20.9647449559662	8.65489644025432e-67	2.47019112363736e-66	140.757673339119	
ENSG00000275793	4.31952019704433	-3.52409162561576	20.9512214814104	9.92486452840874e-67	2.82975930280367e-66	140.620797334051	RIMBP3
ENSG00000134294	1.08451330049261	7.99425320197045	20.9502881194677	1.0019098278727e-66	2.85621033643885e-66	140.611350319711	SLC38A2
ENSG00000162194	1.22790985221675	1.92128596059113	20.9269792172033	1.26859108807743e-66	3.61382026868938e-66	140.37542459122	LBHD1
ENSG00000169288	1.12513793103448	3.83543596059114	20.9139947029381	1.44683367583437e-66	4.11857592034307e-66	140.243995214677	MRPL1
ENSG00000140025	1.20267931034483	2.04296330049261	20.9080732592489	1.53623442811034e-66	4.37051873549749e-66	140.184057370053	EFCAB11
ENSG00000155034	1.17600197044335	1.40695467980296	20.9078164456923	1.54023436501843e-66	4.38126054748037e-66	140.181457847083	FBXL18
ENSG00000145386	2.28700935960591	2.33904014778325	20.9022037909161	1.63030214706062e-66	4.63543788125398e-66	140.12464505679	CCNA2
ENSG00000178460	1.7938472906404	-1.08701921182266	20.8933470950548	1.78326286348986e-66	5.06961345334868e-66	140.034994167419	MCMDC2
ENSG00000254122	1.52023201970443	2.0077145320197	20.8789732178153	2.06265081901017e-66	5.85791633557575e-66	139.889493544077	PCDHGB7
ENSG00000100852	1.0734724137931	4.06919827586207	20.8647102968085	2.38314080555244e-66	6.76024642504076e-66	139.745112841012	ARHGAP5
ENSG00000149483	1.08031379310345	5.6634130541872	20.8511494534012	2.73393133919126e-66	7.74633699151452e-66	139.607836193798	TMEM138
ENSG00000184661	2.46268522167488	0.504050985221675	20.8503695187688	2.75560930917029e-66	7.80662759057781e-66	139.599940816499	CDCA2
ENSG00000184254	2.3022157635468	2.05938374384236	20.8480847205873	2.82010891726444e-66	7.98819661707228e-66	139.576811461155	ALDH1A3
ENSG00000165434	1.46586798029557	-0.625333990147783	20.8354137049499	3.20621045280172e-66	9.07397026338177e-66	139.448539434657	PGM2L1
ENSG00000058272	1.01216995073892	4.67711009852216	20.8316499089251	3.33077376994367e-66	9.42377023486886e-66	139.410437074055	PPP1R12A
ENSG00000118894	1.28644532019705	2.82681231527094	20.829661055752	3.39853791731155e-66	9.61410364506402e-66	139.390303060561	EEF2KMT
ENSG00000169432	2.31697881773399	-1.24129482758621	20.8116003105726	4.08060588235979e-66	1.15352524451143e-65	139.207463741293	SCN9A
ENSG00000130119	1.19408916256158	2.17886527093596	20.8109534321923	4.1074256878838e-66	1.16077097313992e-65	139.200914931442	GNL3L
ENSG00000104343	1.08175270935961	2.84244581280788	20.7951066968596	4.82244009188185e-66	1.36165473595658e-65	139.040485301561	UBE2W
ENSG00000114030	1.17688374384236	4.61150886699507	20.7852008506865	5.33133078708462e-66	1.5049092335867e-65	138.940198425197	KPNA1
ENSG00000178301	1.3135472906404	-0.414358374384236	20.7810029072254	5.56287891451825e-66	1.5695896584972e-65	138.897697999057	AQP11
ENSG00000250486	2.40829901477833	-1.03472783251232	20.7558620853414	7.17595881583502e-66	2.02268263636302e-65	138.643164664539	FAM218A
ENSG00000108187	1.37110738916256	1.16221133004926	20.7488303730439	7.70564914818932e-66	2.17104665014296e-65	138.571971972576	PBLD
ENSG00000164823	1.12675369458128	2.2578039408867	20.7108437983128	1.13214040389524e-65	3.1824349500749e-65	138.187365393532	OSGIN2
ENSG00000123975	2.21597586206896	4.61372881773399	20.6949072886221	1.3304625807988e-65	3.7366915426804e-65	138.026006123116	CKS2
ENSG00000122483	1.62247142857143	1.16822192118227	20.6905224763812	1.39088453657032e-65	3.9047070268147e-65	137.981608794022	CCDC18
ENSG00000135914	3.90070098522167	-2.31278201970443	20.6801604862144	1.54480276258515e-65	4.33556449611359e-65	137.876690150229	HTR2B
ENSG00000181472	1.29732807881773	2.83248325123153	20.6618797569135	1.85904844947764e-65	5.21301833831138e-65	137.691588648412	ZBTB2
ENSG00000148803	1.50098866995074	3.45918349753695	20.6546640026377	2.00001671297819e-65	5.60750740387657e-65	137.618524524776	FUOM
ENSG00000119636	1.30134581280788	1.79275812807882	20.6531387038646	2.03115760493724e-65	5.6931844400005e-65	137.603079827882	BBOF1
ENSG00000152433	1.63332463054187	0.750715517241379	20.6447937729713	2.21031588587454e-65	6.19179946126149e-65	137.51858123611	ZNF547
ENSG00000081386	1.0813527093596	1.70646108374384	20.6421867510533	2.26946317842362e-65	6.35293646078704e-65	137.492183061822	ZNF510
ENSG00000272414	3.14556748768473	0.56338275862069	20.6247083434022	2.70903735934604e-65	7.57801432527058e-65	137.315198440073	FAM47E-STBD1
ENSG00000094804	2.53952266009852	1.01524655172414	20.5941392398485	3.6923247543551e-65	1.03182339982279e-64	137.005651418161	CDC6
ENSG00000136720	1.15694384236453	5.02349014778325	20.5906709993265	3.8243556559256e-65	1.06856674618384e-64	136.970530965092	HS6ST1
ENSG00000180777	5.39289605911329	-4.66957315270935	20.5803023906649	4.24790595076754e-65	1.18589397271285e-64	136.865534635467	ANKRD30B
ENSG00000162706	3.09814581280788	4.36494778325123	20.5773681170863	4.37607042486115e-65	1.22097613139116e-64	136.835820929126	CADM3
ENSG00000170390	1.61862610837439	1.04669285714286	20.5652165146129	4.94932548349072e-65	1.37973920967726e-64	136.712767803449	DCLK2
ENSG00000164935	6.05127586206896	-5.65634187192116	20.5221465929767	7.65667407889516e-65	2.13143482691979e-64	136.276610498349	DCSTAMP
ENSG00000166197	1.11741280788177	5.19560738916256	20.5139895805301	8.31628497773077e-65	2.31406579858771e-64	136.194005010979	NOLC1
ENSG00000196154	1.63158374384236	8.56842733990148	20.5089215408864	8.75442950018025e-65	2.43528912871918e-64	136.142681081766	S100A4
ENSG00000188124	4.52379556650246	-7.38449384236451	20.4977666010421	9.80184879109589e-65	2.72549415303921e-64	136.029714584919	OR2AG2
ENSG00000135046	1.31293940886699	8.2093854679803	20.4808190072773	1.1637935389725e-64	3.23235550577041e-64	135.858083990518	ANXA1
ENSG00000167131	2.77335911330049	-1.72819384236453	20.4737622895923	1.25004374797675e-64	3.46944396008546e-64	135.786619076418	CCDC103
ENSG00000182326	1.85064876847291	7.30888842364533	20.4721754762726	1.27030249778519e-64	3.52517060660581e-64	135.770549028099	C1S
ENSG00000080839	1.26360541871921	1.08523719211823	20.4567748680041	1.48480673869337e-64	4.11692583534986e-64	135.614582454032	RBL1
ENSG00000166035	2.47693990147783	-0.795927093596059	20.4553108994236	1.50699373119609e-64	4.17725836808992e-64	135.599756329021	LIPC
ENSG00000115226	1.50348768472906	2.54763793103448	20.4506192290917	1.58035632689207e-64	4.3799919642781e-64	135.552242045392	FNDC4
ENSG00000167555	1.21162413793104	3.58208349753695	20.4300571453488	1.94639088758334e-64	5.39217050257351e-64	135.344000694792	ZNF528
ENSG00000280987	1.76997586206897	2.46057857142857	20.411683892952	2.34463489216737e-64	6.48992281341853e-64	135.1579246546	
ENSG00000196924	1.08154975369459	9.00466206896552	20.3946597352056	2.78602552631949e-64	7.70186884076042e-64	134.985510125655	FLNA
ENSG00000171132	1.21895812807882	1.63673128078818	20.3865508092572	3.02458899407242e-64	8.36018643877841e-64	134.903385372559	PRKCE
ENSG00000104435	4.31596995073892	2.63859532019704	20.3712058470287	3.53336493430525e-64	9.75682034000186e-64	134.747975447334	STMN2
ENSG00000267059	8.54819556650245	-2.00703226600984	20.3687702079102	3.62164641223565e-64	9.99777005055927e-64	134.723307816214	
ENSG00000005243	1.3258408866995	5.67245837438423	20.3493140155449	4.41082429223677e-64	1.21711844562117e-63	134.526258851799	COPZ2
ENSG00000150764	1.2487512315271	2.35143571428571	20.3442803614994	4.64162084295304e-64	1.28026188444585e-63	134.475278647807	DIXDC1
ENSG00000174804	1.88072955665025	2.30668645320197	20.3433181642923	4.687094236755e-64	1.29262200923887e-63	134.465533627788	FZD4
ENSG00000120669	5.23986502463053	-4.33516354679802	20.3290408828574	5.41663111394231e-64	1.49234181909856e-63	134.320934649225	SOHLH2
ENSG00000111554	1.05037339901478	2.47200443349754	20.3282568097673	5.45983476031855e-64	1.50403285714893e-63	134.312993611482	MDM1
ENSG00000147059	1.65431330049261	-0.127402955665025	20.3207498490798	5.89132843067507e-64	1.62198281476828e-63	134.23696354426	SPIN2A
ENSG00000149428	1.18377438423646	4.91486059113301	20.306210680743	6.82640318483488e-64	1.87863077084979e-63	134.089711240909	HYOU1
ENSG00000185561	1.6162684729064	1.44452142857143	20.2924347628585	7.84896494408031e-64	2.15912827895858e-63	133.950188638411	TLCD2
ENSG00000170681	2.9093448275862	-2.58989113300493	20.2746861027602	9.395399962925e-64	2.58380109872615e-63	133.770429490179	CAVIN4
ENSG00000142798	1.00020197044335	6.00092857142857	20.2638980463807	1.04806523783791e-63	2.88063162838655e-63	133.661167351364	HSPG2
ENSG00000123739	1.12930492610838	4.13110369458128	20.2513020275133	1.19074169259998e-63	3.27094098352386e-63	133.533593844798	PLA2G12A
ENSG00000189108	5.80477142857142	-4.25970197044334	20.2250058666785	1.55430227028042e-63	4.26483782165404e-63	133.267263677326	IL1RAPL2
ENSG00000140993	1.14860344827586	0.671240147783251	20.2197482513069	1.63935138266347e-63	4.49567846197159e-63	133.214013967055	TIGD7
ENSG00000011332	2.29025270935961	-0.451366748768473	20.217502367172	1.67708571149406e-63	4.59851395734769e-63	133.1912674011	DPF1
ENSG00000137561	4.68243743842364	-5.420521182266	20.2123903036778	1.76624667149001e-63	4.84095265838117e-63	133.13949184516	TTPA
ENSG00000117010	1.17357684729064	0.975799261083743	20.2015651176207	1.97100919917991e-63	5.39989650502928e-63	133.029853131309	ZNF684
ENSG00000249459	1.31610886699507	0.514297783251232	20.1479373005411	3.39378560188889e-63	9.27052812861514e-63	132.486705347674	ZNF286B
ENSG00000257108	2.28813743842365	-1.33299039408867	20.1259735719645	4.23973611259611e-63	1.15732536824072e-62	132.264255553092	NHLRC4
ENSG00000188215	1.06996354679803	3.002639408867	20.1103877710588	4.96508088312807e-63	1.3539995899817e-62	132.106402319482	DCUN1D3
ENSG00000074219	1.06770985221676	3.35166477832512	20.1034378252424	5.32734145842857e-63	1.4519791740671e-62	132.036013343449	TEAD2
ENSG00000189227	1.34589901477832	2.73669433497537	20.103141369303	5.34336854509309e-63	1.45614430495341e-62	132.033010843619	C15orf61
ENSG00000131470	1.21874137931034	2.59110221674877	20.0833938187397	6.52704977479363e-63	1.77673222870897e-62	131.833008591834	PSMC3IP
ENSG00000261740	1.09616354679803	4.13485123152709	20.0489240762437	9.2556161120513e-63	2.51667246503001e-62	131.48390368667	BOLA2-SMG1P6
ENSG00000174371	2.37573891625616	0.269078325123153	20.048494403689	9.29600088661956e-63	2.52730174354924e-62	131.479552048535	EXO1
ENSG00000169992	1.11304926108374	3.8510236453202	20.0478477884652	9.35710838869477e-63	2.54356116472212e-62	131.4730032596	NLGN2
ENSG00000221909	1.02318571428571	1.89843325123153	20.0385906665053	1.02772906775231e-62	2.79136642696534e-62	131.379249176644	FAM200A
ENSG00000126243	1.07632807881773	3.38484630541872	20.0379927422183	1.03397459689554e-62	2.80754919723951e-62	131.373193544005	LRFN3
ENSG00000128298	1.25819064039409	1.5703539408867	20.0026602028009	1.4790872815406e-62	4.00669859382677e-62	131.015357007129	BAIAP2L2
ENSG00000164283	5.01295418719211	-2.78821354679802	20.0016141709011	1.49484766041405e-62	4.04883062783248e-62	131.004763226557	ESM1
ENSG00000136153	1.45066650246306	6.01972536945812	19.9870610974709	1.73236164783642e-62	4.68889353490573e-62	130.857376288562	LMO7
ENSG00000178401	2.69000344827586	-1.52842290640394	19.9818102345628	1.82702801931379e-62	4.94169986898687e-62	130.804198210831	DNAJC22
ENSG00000182310	1.03435763546798	2.89296600985222	19.9805562228498	1.85039111334503e-62	5.00419916094501e-62	130.791498238921	SPACA6
ENSG00000162065	1.04225418719212	2.07192413793104	19.9785876434473	1.88767114778476e-62	5.10360674737268e-62	130.771561518943	TBC1D24
ENSG00000166225	1.08852068965517	2.95608645320197	19.9650636584378	2.16490554175147e-62	5.85153307011164e-62	130.634598441444	FRS2
ENSG00000116117	1.65964137931034	2.44054729064039	19.9582080363467	2.3206367390075e-62	6.26985803313764e-62	130.565169099396	PARD3B
ENSG00000179242	2.55572413793104	0.28162315270936	19.943712430955	2.68778730470733e-62	7.25780565270011e-62	130.418367891238	CDH4
ENSG00000170855	1.33333251231527	5.20548448275862	19.9402805717669	2.78289419853543e-62	7.51254571457099e-62	130.383612657922	TRIAP1
ENSG00000162976	1.22585714285714	3.6763448275862	19.9126363086305	3.68250718200708e-62	9.93011664837621e-62	130.103655787318	SLC66A3
ENSG00000078269	1.24341231527093	2.08317807881773	19.9121325741974	3.70135073469382e-62	9.97955243617366e-62	130.098554457691	SYNJ2
ENSG00000176697	2.17391822660099	-0.0135261083743842	19.8963139987915	4.34478356240085e-62	1.17046816068979e-61	129.938360380866	BDNF
ENSG00000180998	1.93151330049261	-2.0701802955665	19.8932927287806	4.4798435386875e-62	1.20668645669236e-61	129.907764322341	GPR137C
ENSG00000185480	1.47020689655172	1.12746305418719	19.8839955667578	4.92236299237583e-62	1.32496993935273e-61	129.813613476954	PARPBP
ENSG00000163918	1.12029359605911	3.43143940886699	19.8810799699199	5.06994497213562e-62	1.36431925978345e-61	129.784087847855	RFC4
ENSG00000173406	3.72976551724138	-1.80845911330049	19.8736575497134	5.46593289480331e-62	1.47047440294943e-61	129.708922896346	DAB1
ENSG00000090905	1.11946600985222	4.67355172413793	19.8615801463125	6.1774389090708e-62	1.66028759676883e-61	129.586619123384	TNRC6A
ENSG00000137809	3.08266699507389	1.70137783251231	19.8604943687462	6.24577281785461e-62	1.67819183839564e-61	129.575623883935	ITGA11
ENSG00000198924	1.49171773399015	1.25562931034483	19.8570018860171	6.47074161831657e-62	1.73840022965552e-61	129.540256965045	DCLRE1A
ENSG00000167315	1.38542216748769	4.83243571428571	19.8534005083253	6.71121364633837e-62	1.8025087558651e-61	129.503787426056	ACAA2
ENSG00000080986	2.39225172413793	1.36970320197044	19.8254240622892	8.91052792508806e-62	2.39090397792216e-61	129.220486558904	NDC80
ENSG00000165568	1.28013349753695	1.19629039408867	19.809775536869	1.04414117779308e-61	2.79936985820174e-61	129.06202651599	AKR1E2
ENSG00000164161	4.12641674876847	-1.82422709359606	19.8092021953274	1.05022413375364e-61	2.81529218406222e-61	129.056220793488	HHIP
ENSG00000102316	1.18377684729065	6.30542684729064	19.8014356760849	1.13620183500034e-61	3.04409874685724e-61	128.977576456173	MAGED2
ENSG00000146386	1.0904527093596	4.60269630541872	19.7841255007807	1.35400819088856e-61	3.62267635081385e-61	128.802294634332	ABRACL
ENSG00000239590	5.38301921182265	-5.52958596059112	19.7734963987064	1.50795864475397e-61	4.03236560423949e-61	128.694666567958	OR1J4
ENSG00000142528	1.11804334975369	1.72947389162562	19.7259907921409	2.44010801158658e-61	6.50362667245293e-61	128.213650513033	ZNF473
ENSG00000171806	1.33228620689655	1.92376527093596	19.7017385264694	3.1196992838854e-61	8.30701231852956e-61	127.968095784321	METTL18
ENSG00000186564	1.90179852216749	-2.15261896551724	19.6923088209271	3.43241876345397e-61	9.13224335948502e-61	127.872621852476	FOXD2
ENSG00000177602	1.89500197044335	-0.755756157635468	19.6904038962979	3.49930054593316e-61	9.30892067364903e-61	127.853335004188	HASPIN
ENSG00000111752	1.1205236453202	3.46669433497537	19.674240521458	4.1218627447959e-61	1.0962090604083e-60	127.6896871554	PHC1
ENSG00000108176	3.04985911330049	-1.02884975369458	19.672231276593	4.20662014895588e-61	1.11859805348885e-60	127.669344585743	DNAJC12
ENSG00000171951	3.07832512315271	-0.763247290640395	19.6713111908849	4.24601235350374e-61	1.12876579257475e-60	127.660029210313	SCG2
ENSG00000137821	1.05732610837438	1.45598768472906	19.6690972572445	4.34231705217443e-61	1.15405358130821e-60	127.637614364974	LRRC49
ENSG00000255330	3.2924960591133	-1.46579679802956	19.6640230677089	4.57136088180336e-61	1.21443086395053e-60	127.586241278701	
ENSG00000126709	1.61054630541872	4.84374261083744	19.6630837005365	4.61506959103909e-61	1.2257092952988e-60	127.576730796302	IFI6
ENSG00000253846	1.55263251231527	1.34290985221675	19.6559984569807	4.95849230449667e-61	1.31620288799883e-60	127.504997709021	PCDHGA10
ENSG00000183644	4.34017192118226	-5.3247554187192	19.655949168033	4.96096871636666e-61	1.31668138877139e-60	127.504498695728	HOATZ
ENSG00000177946	1.21259064039409	2.47517512315271	19.6476104935631	5.39823750978824e-61	1.43215255791857e-60	127.420076428268	CENPBD1P
ENSG00000251192	1.12132660098522	0.35189039408867	19.6444611816336	5.5732317642068e-61	1.47817718697244e-60	127.388192478452	ZNF674
ENSG00000187987	3.66321576354679	-1.65321083743842	19.6439525349931	5.6020224381062e-61	1.4856116499589e-60	127.383042902369	ZSCAN23
ENSG00000006634	1.22907783251232	2.50582660098522	19.626845365092	6.66201076488539e-61	1.76527477108326e-60	127.20985087095	DBF4
ENSG00000124217	1.0906039408867	1.43519704433498	19.5676980567647	1.21283716615191e-60	3.208510071875e-60	126.611081580518	MOCS3
ENSG00000187950	4.41650295566501	-4.22506773399014	19.5650736297426	1.2455100338472e-60	3.29405292751954e-60	126.58451487698	OVCH1
ENSG00000204442	2.90922807881773	-4.50677068965517	19.5499512335927	1.45167405556198e-60	3.83463292697922e-60	126.431435256857	NALF1
ENSG00000227268	1.30685270935961	-1.98506773399015	19.5384678620951	1.63073099903599e-60	4.30470690033247e-60	126.315195035653	KLLN
ENSG00000138835	1.16090443349754	4.13357142857142	19.5304838269625	1.7680807853303e-60	4.66538410841544e-60	126.234378136187	RGS3
ENSG00000082512	1.18828669950739	2.43007438423645	19.5275564504136	1.82128872023579e-60	4.8044849042721e-60	126.204746596837	TRAF5
ENSG00000184451	1.41358522167488	0.457033497536946	19.5268490686753	1.8343844473175e-60	4.83772481369481e-60	126.19758634847	CCR10
ENSG00000165501	1.02132610837438	2.62477832512315	19.5158450235044	2.05065899619645e-60	5.4059055852787e-60	126.086202524523	LRR1
ENSG00000229637	6.61417093596058	-2.94440320197043	19.5117224428202	2.13809540744367e-60	5.6356434383955e-60	126.044473994605	PRAC2
ENSG00000104093	1.10828620689655	2.91219778325123	19.4939740554378	2.55913982232886e-60	6.74362330204297e-60	125.864829365637	DMXL2
ENSG00000249715	3.36324039408868	-5.75736157635468	19.4917632908743	2.61708597478998e-60	6.893529332706e-60	125.842452981691	FER1L5
ENSG00000123219	2.33882906403941	1.36560566502463	19.483369635071	2.84929157067021e-60	7.50314726775869e-60	125.757496934843	CENPK
ENSG00000183770	3.33447389162561	-3.19022906403941	19.442956239372	4.29027541658093e-60	1.12870977639774e-59	125.348473367066	FOXL2
ENSG00000162620	4.03617684729064	-2.91211798029556	19.4415575869626	4.35147586332134e-60	1.14465663374647e-59	125.33431819643	LRRIQ3
ENSG00000171649	1.24954285714286	1.0335354679803	19.4409090083352	4.38015101737016e-60	1.15204456502621e-59	125.327754219263	ZIK1
ENSG00000185972	4.01145960591132	-3.90139679802955	19.4205251165549	5.38440296694591e-60	1.41484473282314e-59	125.121462227136	CCIN
ENSG00000152684	1.05282068965517	3.79779014778325	19.4185020475037	5.49584968879508e-60	1.44393512528144e-59	125.100988537953	PELO
ENSG00000127081	1.08369113300492	0.299238669950739	19.4102151855873	5.97694753631396e-60	1.57012379022244e-59	125.017125440387	ZNF484
ENSG00000102384	2.46118916256158	-0.295693596059113	19.4067769829775	6.1887091624895e-60	1.62509747988941e-59	124.98233122908	CENPI
ENSG00000188958	3.80896650246305	-3.06698768472906	19.3684188273553	9.12611899831273e-60	2.39033128890266e-59	124.594168299607	UTS2B
ENSG00000112655	1.03546009852217	5.4987315270936	19.3663100991477	9.32307622675467e-60	2.4409372403971e-59	124.572830088337	PTK7
ENSG00000120708	2.15884532019704	8.86420886699507	19.3571041605303	1.02339147648549e-59	2.67833349852411e-59	124.479676396678	TGFBI
ENSG00000164045	2.0257197044335	-0.401983004926108	19.3512066674472	1.08636378741837e-59	2.84199747439487e-59	124.420001432726	CDC25A
ENSG00000205090	1.49041231527094	1.42814408866995	19.3508068053521	1.09077107509391e-59	2.85314527499468e-59	124.415955376524	TMEM240
ENSG00000156467	1.01073103448275	7.68865960591133	19.3408876052614	1.20601116173915e-59	3.15331417215768e-59	124.315587833792	UQCRB
ENSG00000072571	2.68717044334975	1.07133448275862	19.3261458396585	1.4001472171437e-59	3.65895652813884e-59	124.166427279535	HMMR
ENSG00000124613	1.32747389162562	0.562177832512315	19.2854144128411	2.11479011408585e-59	5.51839076104497e-59	123.754324030833	ZNF391
ENSG00000145757	2.22541231527094	-0.859245073891626	19.2737166615031	2.38066711928747e-59	6.20720438227028e-59	123.635978584114	SPATA9
ENSG00000120784	1.00595812807882	1.47821650246305	19.2677862122885	2.5279735390003e-59	6.58688785321918e-59	123.575981880585	ZFP30
ENSG00000092964	1.0488551724138	4.45891280788177	19.2651620205265	2.59603146704624e-59	6.76061392977313e-59	123.549433943289	DPYSL2
ENSG00000169169	1.28658275862069	3.00166871921182	19.2622350966542	2.67410393272079e-59	6.96207554665996e-59	123.519823585463	CPT1C
ENSG00000095209	1.19722216748769	1.84481157635468	19.2507723541906	3.00312802201893e-59	7.81141059580647e-59	123.40386231305	TMEM38B
ENSG00000139178	1.31998620689655	4.4791842364532	19.246982974326	3.12056649516151e-59	8.11579856913047e-59	123.365528301921	C1RL
ENSG00000171121	1.60318226600985	0.142699014778325	19.2315897284557	3.64675579770232e-59	9.47797603387403e-59	123.209811401978	KCNMB3
ENSG00000169071	1.50609802955665	2.35915541871921	19.2187226725609	4.1540545627347e-59	1.07907130486457e-58	123.079653973392	ROR2
ENSG00000081923	1.26961083743842	3.41854187192118	19.2127154713762	4.41448628664755e-59	1.1465695243709e-58	123.018889283742	ATP8B1
ENSG00000156853	1.17746551724138	1.63064802955665	19.2111616881331	4.48446485291019e-59	1.16428075136935e-58	123.003172443584	ZNF689
ENSG00000151702	1.15898226600985	2.50075960591133	19.2088383871411	4.59117493394433e-59	1.19182705312354e-58	122.979671891457	FLI1
ENSG00000159784	2.16770738916256	-1.52290935960591	19.2076010292814	4.64903948502703e-59	1.20652761774765e-58	122.967155882326	FAM131B
ENSG00000089505	3.05891921182266	-0.844900000000001	19.1930609166649	5.38616923976108e-59	1.39578993878015e-58	122.820084142116	CMTM1
ENSG00000041982	2.29598719211823	4.82323497536946	19.1904221840142	5.53196390410874e-59	1.43338157801767e-58	122.793394245579	TNC
ENSG00000160207	2.30304039408867	-0.540126108374384	19.1870753439215	5.7225720836524e-59	1.48218030031458e-58	122.759542352068	HSF2BP
ENSG00000243811	1.46999950738916	0.213717980295567	19.1713741827053	6.70823592469177e-59	1.7363224694083e-58	122.600735745865	APOBEC3D
ENSG00000127423	2.38646206896552	-1.11919655172414	19.1512240521368	8.22578985813083e-59	2.1268640567292e-58	122.396940867989	AUNIP
ENSG00000183691	3.39665665024631	-1.07680665024631	19.1420178129369	9.0290456393238e-59	2.33331935841928e-58	122.303834397469	NOG
ENSG00000150281	1.46777487684729	1.83659236453202	19.1308433108355	1.01101108265922e-58	2.61165612390304e-58	122.190825336086	CTF1
ENSG00000113966	1.00386551724138	1.22429581280788	19.1292580030303	1.02736207859138e-58	2.65249170826169e-58	122.17479322233	ARL6
ENSG00000178235	4.69403645320197	-6.40547536945812	19.1199982074149	1.12829028613232e-58	2.91038130564914e-58	122.08115097541	SLITRK1
ENSG00000187123	2.64107487684729	-0.80837733990148	19.115729663893	1.17809687074334e-58	3.03805345052341e-58	122.037984989954	LYPD6
ENSG00000188766	1.20721133004926	0.670160837438423	19.1056483259086	1.30463016191527e-58	3.3625801403519e-58	121.936038786501	SPRED3
ENSG00000167779	2.14546305418719	6.4439118226601	19.1008271746511	1.36985765998993e-58	3.53023320473732e-58	121.887286592389	IGFBP6
ENSG00000107859	4.69953497536945	-5.58030098522166	19.0681922918947	1.90586509133512e-58	4.90445293848707e-58	121.557296208956	PITX3
ENSG00000188596	3.14618571428571	-2.88138103448276	19.0634480777733	1.99958526141128e-58	5.14427266699568e-58	121.509327387788	CFAP54
ENSG00000167552	1.24123596059113	7.03096527093596	19.048165155098	2.33397749035658e-58	5.99744748409577e-58	121.354806266363	TUBA1A
ENSG00000114423	1.16277487684729	3.64692192118226	19.0397627935038	2.54107432051919e-58	6.52531857708096e-58	121.269855578811	CBLB
ENSG00000101104	1.18980344827586	4.46771945812808	19.0388789239341	2.56390019427433e-58	6.58306892609498e-58	121.260919490974	PABPC1L
ENSG00000089225	1.93615369458128	-0.489388177339901	19.0371955681675	2.60794123384095e-58	6.69438954311307e-58	121.243900515402	TBX5
ENSG00000128617	4.55720098522166	-4.17742807881772	19.010775406019	3.40708992772942e-58	8.73427146368731e-58	120.976800613555	OPN1SW
ENSG00000138092	1.1225724137931	2.02295221674877	19.0066769258174	3.55132839053958e-58	9.1016471354655e-58	120.935368224665	CENPO
ENSG00000269858	1.0350448275862	5.22846083743843	19.0010720655959	3.75851427796752e-58	9.63011485774765e-58	120.878708412441	EGLN2
ENSG00000196867	1.00567783251231	1.86760147783251	18.9979467241347	3.87924712563249e-58	9.93424811022278e-58	120.847114625376	ZFP28
ENSG00000197128	1.15605024630542	1.23811477832512	18.984694618244	4.43577369151892e-58	1.13505158412548e-57	120.713153887047	ZNF772
ENSG00000109099	1.37220295566502	6.62089113300492	18.9732044551277	4.98251359941391e-58	1.27412039727488e-57	120.597008707283	PMP22
ENSG00000078053	2.26897832512315	0.547766009852217	18.963284372852	5.50843754487941e-58	1.40713577126841e-57	120.496737821984	AMPH
ENSG00000162600	1.01947290640394	3.36409753694581	18.9615114081712	5.60811751023408e-58	1.43241187276166e-57	120.478817278385	OMA1
ENSG00000212127	1.21786403940887	0.0408147783251231	18.9612770286808	5.62142908665875e-58	1.43562424479202e-57	120.476448255587	TAS2R14
ENSG00000041515	2.60105615763546	-2.73334679802956	18.9291735417701	7.7780469063274e-58	1.98250414299531e-57	120.151975624506	MYO16
ENSG00000197863	1.06094532019705	1.27373275862069	18.9255227732768	8.07061642327669e-58	2.05653913344208e-57	120.115079257818	ZNF790
ENSG00000114554	1.0875527093596	4.45311330049261	18.9102481359807	9.41887727438176e-58	2.39697486255982e-57	119.960711729457	PLXNA1
ENSG00000166839	1.29722068965517	1.42168177339901	18.9088655048174	9.55151043859758e-58	2.43041167957128e-57	119.946739080177	ANKDD1A
ENSG00000185950	1.24920837438424	4.17723472906404	18.9055770183069	9.87451855741644e-58	2.51227498566635e-57	119.91350643424	IRS2
ENSG00000083814	1.20083201970443	1.30714556650246	18.9010184688379	1.03404155632085e-57	2.63046603665999e-57	119.867439476731	ZNF671
ENSG00000277586	3.82172463054188	0.239698768472907	18.8974721957063	1.07179994050169e-57	2.72545405820222e-57	119.83160270956	NEFL
ENSG00000146205	1.7115512315271	-0.488454926108374	18.8940339633023	1.10972344560588e-57	2.82078766571672e-57	119.79685817489	ANO7
ENSG00000165633	1.53548522167488	2.12853325123153	18.878054478949	1.30435522158748e-57	3.30992205431274e-57	119.635385515586	VSTM4
ENSG00000159374	2.55653842364532	-1.6011815270936	18.8609481927577	1.5506783314987e-57	3.932946911635e-57	119.462536825056	M1AP
ENSG00000184986	1.65297536945813	0.970714285714285	18.8606790598295	1.55490420247377e-57	3.94264148498019e-57	119.459817485238	TMEM121
ENSG00000059377	1.7459433497537	0.960601724137931	18.8303573083104	2.11279381225982e-57	5.35098712793952e-57	119.153461430914	TBXAS1
ENSG00000107562	2.26316896551724	6.38866133004926	18.7944028674262	3.03897777365031e-57	7.67977546265025e-57	118.79024058566	CXCL12
ENSG00000121931	1.35247586206897	2.96068522167488	18.7862341780595	3.30059448696007e-57	8.33443823028475e-57	118.707725383583	LRIF1
ENSG00000040731	4.51934778325122	-3.98275615763546	18.7774814663873	3.60595078957273e-57	9.09962426779834e-57	118.619313638695	CDH10
ENSG00000099194	2.25118768472906	4.83549778325123	18.757677847782	4.40514746975104e-57	1.11034943704211e-56	118.419287099659	SCD
ENSG00000138028	1.90494975369458	1.57095862068965	18.7372532315275	5.41527757070703e-57	1.36355307675244e-56	118.213004618873	CGREF1
ENSG00000116791	1.15130098522167	4.05508300492611	18.7176147400455	6.60425111428481e-57	1.66186293169397e-56	118.014677751785	CRYZ
ENSG00000139354	1.53352512315271	1.23276403940887	18.7010582928339	7.80715575932567e-57	1.96303960175942e-56	117.847488447712	GAS2L3
ENSG00000151304	1.32179408866995	1.97544137931034	18.6744640472565	1.02143349730214e-56	2.56764257837387e-56	117.578960084878	SRFBP1
ENSG00000176887	4.11976206896551	-5.7500554187192	18.670465677307	1.06354814743415e-56	2.67316500284992e-56	117.538590191894	SOX11
ENSG00000189195	2.88449113300492	-1.9182145320197	18.6677133863615	1.09354225662771e-56	2.74819994586146e-56	117.510801841544	BTBD8
ENSG00000162878	1.62408571428571	3.93159556650246	18.6636899652589	1.13891705125063e-56	2.86149614496527e-56	117.470180180736	PKDCC
ENSG00000196787	2.64671773399015	-1.98103522167488	18.6600208453596	1.1819348720429e-56	2.96919543250576e-56	117.43313625631	H2AC11
ENSG00000116016	1.09608817733991	6.16793620689656	18.6406531679128	1.43741490571538e-56	3.60775264416773e-56	117.237607234821	EPAS1
ENSG00000214814	4.40016108374384	-5.97251600985221	18.6141179800406	1.87936941172014e-56	4.70854321074807e-56	116.969744255838	FER1L6
ENSG00000187800	1.94107290640394	2.90102660098522	18.6069100467158	2.02132729099416e-56	5.06095809360768e-56	116.896988197504	PEAR1
ENSG00000156265	1.29213891625616	2.7474157635468	18.5934945545849	2.31469617176593e-56	5.78881399905936e-56	116.761579937541	MAP3K7CL
ENSG00000006837	1.67034039408867	0.807518472906404	18.5585587004544	3.29421048575242e-56	8.22899927298656e-56	116.408995805887	CDKL3
ENSG00000185010	1.06262413793103	1.52014261083744	18.5330309647437	4.26306999613708e-56	1.06353216112714e-55	116.151397075656	F8
ENSG00000158270	1.93411477832512	2.59709285714286	18.5247150425573	4.63655609677812e-56	1.15644644854165e-55	116.06748823085	COLEC12
ENSG00000206262	3.86148768472906	-3.50933497536945	18.5000115005779	5.95025580606687e-56	1.48278371540626e-55	115.818245302734	FOXL2NB
ENSG00000166986	1.25292512315271	6.30693645320197	18.4927406063377	6.4035481151487e-56	1.59513240619804e-55	115.744892196219	MARS1
ENSG00000133640	3.98703940886699	-3.77321871921181	18.4840847337171	6.98840235250771e-56	1.74037668883275e-55	115.657569932193	LRRIQ1
ENSG00000102144	1.09094975369458	8.10913793103449	18.4754594083989	7.62429502180261e-56	1.89801239893078e-55	115.570559453715	PGK1
ENSG00000108679	1.48317980295567	5.88647216748769	18.4583029304901	9.06621284804293e-56	2.25495649072744e-55	115.397499308364	LGALS3BP
ENSG00000186603	1.51962266009852	0.0210945812807882	18.4580065064535	9.09338529384046e-56	2.26142702229868e-55	115.394509358774	HPDL
ENSG00000258405	1.76803201970443	-0.0921554187192118	18.4318425352829	1.1842283563417e-55	2.94280144196712e-55	115.130617599385	ZNF578
ENSG00000104313	3.58318916256157	-3.59134827586207	18.4179840460068	1.36203762796431e-55	3.38293585735619e-55	114.990853733179	EYA1
ENSG00000139618	2.19770935960591	0.0552300492610836	18.412911329604	1.43359401934367e-55	3.55930559344607e-55	114.93969744908	BRCA2
ENSG00000196659	1.00338275862069	0.54828448275862	18.4110113414125	1.46135237301785e-55	3.6277627125908e-55	114.920537176409	IFT70B
ENSG00000137941	1.60858571428571	0.706115024630542	18.3866382754377	1.86891593421987e-55	4.63422854796659e-55	114.674765387956	TTLL7
ENSG00000162892	3.49873743842364	-1.23381896551724	18.373501021621	2.13387650629936e-55	5.28519831256047e-55	114.542305364839	IL24
ENSG00000174442	1.3347645320197	2.20601083743842	18.3719412939466	2.16773004698296e-55	5.36836656673945e-55	114.526579571319	ZWILCH
ENSG00000123453	2.47508177339902	-1.16489458128079	18.3651896841798	2.32057333369084e-55	5.74397011868098e-55	114.45850862585	SARDH
ENSG00000097096	1.29182167487685	-0.328901477832512	18.3583618698183	2.48609879010055e-55	6.1505687499867e-55	114.389671798638	SYDE2
ENSG00000204815	1.33810443349754	-0.884799014778326	18.3522793116058	2.64347078611457e-55	6.53742167834104e-55	114.328350576859	ODAD4
ENSG00000135763	1.29291133004926	1.55260295566502	18.3441627852932	2.86908251773864e-55	7.09357421073489e-55	114.246526976961	URB2
ENSG00000165732	1.22656502463054	5.10993916256158	18.3405466406576	2.97570156243485e-55	7.35625046592054e-55	114.210073346533	DDX21
ENSG00000151962	4.11711034482758	-6.82381428571426	18.3305038714198	3.2930351635135e-55	8.13867372775778e-55	114.108837849031	RBM46
ENSG00000081853	1.29850886699507	0.209537684729064	18.3077247506996	4.1438621491992e-55	1.02311249677386e-54	113.879234407504	PCDHGA2
ENSG00000079931	1.45980985221675	3.63856403940887	18.2968925265395	4.62235930600335e-55	1.1405321408828e-54	113.770060232551	MOXD1
ENSG00000184347	1.99481280788177	4.28867142857143	18.2846196663028	5.231553539622e-55	1.2905203139522e-54	113.646374130909	SLIT3
ENSG00000138821	1.90003004926108	3.22671256157635	18.280359227806	5.46128339030648e-55	1.34668012635166e-54	113.603439289132	SLC39A8
ENSG00000113790	1.05771231527094	1.46017438423645	18.2436452087956	7.90885420493293e-55	1.94579918006797e-54	113.233493117037	EHHADH
ENSG00000183439	3.985821182266	-2.97876871921182	18.2369466665618	8.46158903603414e-55	2.08047776726446e-54	113.166003875495	TRIM61
ENSG00000176438	1.29675123152709	1.8893815270936	18.2175148974324	1.02932736182597e-54	2.52924874950372e-54	112.970239040292	SYNE3
ENSG00000169126	3.64392413793103	-2.65857290640394	18.2165235460569	1.03966856150419e-54	2.55433782108559e-54	112.960252274043	ODAD2
ENSG00000072832	1.09003103448276	2.46388645320197	18.1939596584256	1.30527481795252e-54	3.20287299000856e-54	112.732961376278	CRMP1
ENSG00000120693	1.4213236453202	0.528226354679803	18.1798232790798	1.50521609317273e-54	3.69070676195502e-54	112.590577586085	SMAD9
ENSG00000087586	2.14392463054187	1.82642733990148	18.1674289008609	1.70554957962224e-54	4.17876753823694e-54	112.465749097102	AURKA
ENSG00000143942	1.80243201970443	-0.0238618226600985	18.1633331908712	1.77744229925823e-54	4.35382018201357e-54	112.424501629347	CHAC2
ENSG00000116678	1.66726600985222	2.6363842364532	18.1595479855876	1.84657482790101e-54	4.5214591262801e-54	112.386382101106	LEPR
ENSG00000171811	2.70432463054187	-1.26540320197044	18.1493720408868	2.04604344348566e-54	5.00736142424505e-54	112.283907787939	CFAP46
ENSG00000104381	1.30404926108375	1.0755763546798	18.1284395890961	2.52664549403805e-54	6.17350665722576e-54	112.073132131651	GDAP1
ENSG00000181450	1.22798275862069	0.217977093596059	18.1096595208816	3.0531118785269e-54	7.45426191031642e-54	111.884051925636	ZNF678
ENSG00000258484	2.44429901477833	0.548558866995074	18.1087223820297	3.08208241577044e-54	7.52405428719375e-54	111.874617247123	SPESP1
ENSG00000185900	2.01300738916256	0.19519039408867	18.0958433240006	3.50920825907421e-54	8.56355491993359e-54	111.744962292136	POMK
ENSG00000176170	1.31357536945813	4.39589064039409	18.0944819495383	3.55768032523869e-54	8.68075776199456e-54	111.731257771025	SPHK1
ENSG00000134222	1.51796502463054	2.44007660098522	18.0773190898248	4.22934067325643e-54	1.03106007281409e-53	111.558494514879	PSRC1
ENSG00000188211	1.92919064039409	-0.0383490147783251	18.0712446635338	4.49627578720303e-54	1.09586207824297e-53	111.49735301674	NCR3LG1
ENSG00000171724	3.06637586206896	-2.42411403940887	18.0502706301125	5.55422078821184e-54	1.35286778814952e-53	111.286258727505	VAT1L
ENSG00000107731	1.75182463054187	2.97710591133005	18.0472683853085	5.72477327627685e-54	1.39406254660439e-53	111.256044722675	UNC5B
ENSG00000213799	1.06173251231527	1.24672832512315	18.0117003910825	8.19132745836656e-54	1.99122927219056e-53	110.898138715364	ZNF845
ENSG00000071575	1.20566502463054	4.12622955665025	18.0102644736888	8.31065327364435e-54	2.01948254505792e-53	110.883691363159	TRIB2
ENSG00000165685	4.66487586206896	-5.7099660098522	18.0003233488423	9.18580757280419e-54	2.23103469534849e-53	110.783673267876	TMEM52B
ENSG00000136492	1.712560591133	-0.0742236453201971	17.9925306472642	9.93574750588085e-54	2.41197984794936e-53	110.705275001474	BRIP1
ENSG00000173237	4.63847487684729	-6.93747684729062	17.9871636052573	1.04875396640624e-53	2.54529930595017e-53	110.651282300834	C11orf86
ENSG00000162458	1.16726995073892	4.19825221674877	17.9814139499647	1.11126902956691e-53	2.69635204566633e-53	110.593442564415	FBLIM1
ENSG00000270800	2.34163448275862	2.74149852216749	17.9723158109841	1.2178877920507e-53	2.95358193500307e-53	110.501922523069	RPS10-NUDT3
ENSG00000122824	1.78448128078818	-1.00155689655172	17.9678144817231	1.27435875177121e-53	3.08976659145323e-53	110.456644729506	NUDT10
ENSG00000122863	1.18471133004926	3.28027290640394	17.9457585664471	1.59123686806284e-53	3.85471065770225e-53	110.234808797002	CHST3
ENSG00000164136	1.29361330049261	1.28117857142857	17.9429306254084	1.63719160869298e-53	3.9650512352309e-53	110.206368005027	IL15
ENSG00000197935	1.19560246305419	0.0940795566502463	17.9427419184414	1.64030493089656e-53	3.97209900366551e-53	110.204470185326	ZNF311
ENSG00000198814	1.33057832512315	2.66407586206896	17.9281172640868	1.90048631398039e-53	4.59986419962903e-53	110.057397726635	GK
ENSG00000196636	1.10403497536946	3.14585147783252	17.9179525963314	2.10524188625782e-53	5.0935541588771e-53	109.955185423404	SDHAF3
ENSG00000138336	1.50239753694582	-1.64082586206897	17.9172197690497	2.12082883565011e-53	5.13063098616915e-53	109.94781663937	TET1
ENSG00000164109	2.06942167487685	2.18456945812808	17.9052134689129	2.39326097565677e-53	5.78610738417476e-53	109.827095071519	MAD2L1
ENSG00000039139	3.098821182266	-3.32566034482758	17.9021644439388	2.46784540607992e-53	5.96495175332267e-53	109.796439127342	DNAH5
ENSG00000162894	1.75455812807882	1.07429285714286	17.902029459443	2.47120053031805e-53	5.97232262719209e-53	109.795081961414	FCMR
ENSG00000175426	2.62748325123153	-1.66483177339902	17.8876359278081	2.85641549401863e-53	6.89732751564463e-53	109.650373102405	PCSK1
ENSG00000132563	1.43616748768473	1.51585714285714	17.8586339835727	3.82445512189125e-53	9.2177481489885e-53	109.358838068995	REEP2
ENSG00000125630	1.04690985221675	2.80190862068966	17.8563978470567	3.91148109579795e-53	9.42633661044316e-53	109.33636225446	POLR1B
ENSG00000254656	3.36075960591134	-6.65266896551723	17.8026617905115	6.71611654627449e-53	1.61474347376102e-52	108.79635650346	RTL1
ENSG00000112619	2.07124630541872	-1.1899236453202	17.7988479352834	6.97875642223064e-53	1.67768308529009e-52	108.758037958866	PRPH2
ENSG00000132436	1.25853004926108	2.17735615763547	17.7965730715347	7.14027561080053e-53	1.7160898534776e-52	108.735182454379	FIGNL1
ENSG00000130038	2.04313694581281	1.91257142857143	17.7861912858158	7.92614795972713e-53	1.90402929845098e-52	108.630881584336	CRACR2A
ENSG00000050438	2.06390640394089	-1.5478763546798	17.7813577284226	8.32096806968304e-53	1.99813661855181e-52	108.582323764617	SLC4A8
ENSG00000143469	3.41770541871921	-4.62226256157635	17.7712715581134	9.20927181491235e-53	2.2106324752121e-52	108.481003716809	SYT14
ENSG00000113448	1.42889014778325	2.39257266009852	17.7671888515324	9.59523645454627e-53	2.30271534808723e-52	108.439993208959	PDE4D
ENSG00000189420	1.4619039408867	-2.30729926108375	17.6987411537881	1.90946498250722e-52	4.57064731604069e-52	107.752622352934	ZFP92
ENSG00000171051	2.88122857142857	0.120753694581281	17.6927761945999	2.02744484939462e-52	4.85008290450113e-52	107.692737008295	FPR1
ENSG00000150627	1.9694763546798	-1.29146527093596	17.675114996568	2.42122174963405e-52	5.78924696333643e-52	107.515442683111	WDR17
ENSG00000146243	1.00263251231527	0.230886206896552	17.6740461566443	2.4473686884495e-52	5.85104953629558e-52	107.504713744055	IRAK1BP1
ENSG00000132801	1.05702906403941	0.605691379310345	17.6487503745182	3.15565488131617e-52	7.53424651077343e-52	107.250821811095	ZSWIM3
ENSG00000188647	1.06805418719212	3.3255	17.6475940272328	3.19253217979515e-52	7.61949973834353e-52	107.239216803729	PTAR1
ENSG00000185947	1.09666206896552	1.69871133004926	17.6415630368201	3.39196327349483e-52	8.08954677698755e-52	107.17869193565	ZNF267
ENSG00000175548	1.03646650246305	0.704336699507389	17.6415327080312	3.39299700400887e-52	8.09102470437356e-52	107.178387573799	ALG10B
ENSG00000100253	4.61559704433497	-5.53170394088668	17.6391276237442	3.47598255555446e-52	8.28487024035191e-52	107.154251790424	MIOX
ENSG00000165202	5.31155911330048	-4.43368546798028	17.6360257469117	3.58601204871184e-52	8.54191217161468e-52	107.123124129825	OR1Q1
ENSG00000188171	1.0601763546798	1.85829753694581	17.6353505323164	3.61042069750337e-52	8.59900563931882e-52	107.116348378439	ZNF626
ENSG00000139971	1.45386945812808	0.308637192118227	17.6285477733903	3.8657920165576e-52	9.20274181843934e-52	107.048084926732	ARMH4
ENSG00000150628	4.36620049261083	-4.23736970443348	17.6244129197468	4.02975153485828e-52	9.58955242257677e-52	107.006594775121	SPATA4
ENSG00000260027	1.54487586206896	2.14305369458128	17.6183971756915	4.28078218760301e-52	1.01807284301008e-51	106.946233665117	HOXB7
ENSG00000198865	1.36310049261084	1.14911280788177	17.6010901770639	5.09356408043405e-52	1.21034082271209e-51	106.772593428267	CCDC152
ENSG00000172409	1.01464039408867	3.47757832512315	17.5914601951549	5.61082350568996e-52	1.33292867673466e-51	106.675986447588	CLP1
ENSG00000144785	7.12154630541871	-2.35529729064038	17.5662237214532	7.22920731570945e-52	1.7163548701688e-51	106.422851419615	
ENSG00000168916	1.64974137931034	2.21162093596059	17.5503949279455	8.47450246830171e-52	2.01079076293774e-51	106.264106145095	ZNF608
ENSG00000119922	2.17945369458128	1.3104854679803	17.5436738403861	9.06608680620774e-52	2.15089800129794e-51	106.196707137142	IFIT2
ENSG00000171793	1.1853039408867	4.02893768472906	17.535805760185	9.81126030627889e-52	2.32655805005827e-51	106.117810706917	CTPS1
ENSG00000081041	3.12928719211823	1.8001736453202	17.5219039575484	1.12805882021112e-51	2.67303570565852e-51	105.978423901458	CXCL2
ENSG00000139190	1.10377881773399	2.87500221674877	17.5206748932922	1.14206209653654e-51	2.70588960845259e-51	105.96610140758	VAMP1
ENSG00000135048	1.08041674876848	4.06696798029557	17.4955768277692	1.46923348066145e-51	3.4785268571706e-51	105.714497233658	CEMIP2
ENSG00000171612	1.25630049261084	1.28512512315271	17.4876352029964	1.59112190428883e-51	3.7643709750136e-51	105.634894425879	SLC25A33
ENSG00000260456	1.17705418719212	1.6450472906404	17.4790426882405	1.73440486908023e-51	4.10137221098327e-51	105.54877327657	C16orf95
ENSG00000204131	1.51117290640394	0.17006921182266	17.4562959028457	2.17906873738687e-51	5.14789183583345e-51	105.320816067019	NHSL2
ENSG00000196584	1.92463399014779	-1.00625098522168	17.411505190586	3.41504399095978e-51	8.05707952086636e-51	104.872071996559	XRCC2
ENSG00000121068	1.26782266009852	2.44443004926108	17.4040436729519	3.68039670150564e-51	8.68102744005109e-51	104.797333895708	TBX2
ENSG00000198873	1.00509162561576	3.16556650246305	17.401015393322	3.79388021010043e-51	8.945464172995e-51	104.767002565115	GRK5
ENSG00000181544	2.01683793103448	-0.715138669950739	17.3919965525186	4.15299282514251e-51	9.78629998660738e-51	104.676674259416	FANCB
ENSG00000277462	1.00999014778325	0.647479310344828	17.3730998706978	5.01935437588276e-51	1.18192822284011e-50	104.487436984718	ZNF670
ENSG00000151748	1.02050541871922	4.30591921182266	17.3628306489841	5.56365733982439e-51	1.30946635836262e-50	104.38461072829	SAV1
ENSG00000160219	1.08409408866995	0.396936206896552	17.3621361310788	5.60252998394105e-51	1.31845665879306e-50	104.377656814331	GAB3
ENSG00000137727	1.79385270935961	-0.46072487684729	17.361744494023	5.62456971627236e-51	1.32348394214804e-50	104.373735536661	ARHGAP20
ENSG00000118432	3.21583694581281	1.8457697044335	17.3592168435629	5.76891432419168e-51	1.35712199016918e-50	104.348427682014	CNR1
ENSG00000130988	1.56790246305419	0.932141379310344	17.3468095371781	6.53294742913272e-51	1.53593429571838e-50	104.224208804872	RGN
ENSG00000178882	2.49944039408867	0.618763054187192	17.339417741299	7.03536443166295e-51	1.65365758628286e-50	104.150210371816	RFLNA
ENSG00000170703	3.74314581280787	-2.93423596059113	17.3307501824534	7.67388074684075e-51	1.80287301700844e-50	104.063446527196	TTLL6
ENSG00000105290	1.50316059113301	0.995950246305417	17.3286010243614	7.84096559502744e-51	1.84124188485972e-50	104.041934085355	APLP1
ENSG00000122176	1.88769852216749	4.75244630541872	17.3216141025884	8.40968829787891e-51	1.97407962423003e-50	103.971999863533	FMOD
ENSG00000196932	4.0157487684729	-5.10200591133003	17.320459962751	8.50752202821928e-51	1.99632559408575e-50	103.960448142336	TMEM26
ENSG00000139567	1.30948916256158	3.97999975369458	17.3160060820391	8.89584740576523e-51	2.08694657867304e-50	103.915870603899	ACVRL1
ENSG00000171608	1.0136763546798	1.64891650246305	17.3155181730022	8.93944928095734e-51	2.09692375283241e-50	103.910987377386	PIK3CD
ENSG00000184635	1.22248866995074	0.550599507389163	17.3154669984799	8.94403483439753e-51	2.09774758441907e-50	103.910475199564	ZNF93
ENSG00000179528	3.32522660098522	-1.02572709359606	17.2990321545162	1.05451984041311e-50	2.4706182377836e-50	103.745999862464	LBX2
ENSG00000177875	1.38426157635468	-1.28664408866995	17.2948159352033	1.1000218469227e-50	2.57691524005794e-50	103.703808992789	CCDC184
ENSG00000146197	3.14016403940887	-0.822488916256158	17.2924389299026	1.12653418402829e-50	2.63870682299903e-50	103.680023472857	SCUBE3
ENSG00000151687	1.15904384236453	0.643014532019704	17.2882852418714	1.17440478604356e-50	2.75017595312922e-50	103.63846077875	ANKAR
ENSG00000212724	6.56657487684728	-2.46742684729063	17.2615274937086	1.53543001924811e-50	3.59087762519706e-50	103.370754187716	KRTAP2-3
ENSG00000106399	1.00781477832512	4.03014581280789	17.2487170930086	1.74563469205516e-50	4.0805254966677e-50	103.24261129188	RPA3
ENSG00000077152	1.69242019704433	2.59619482758621	17.2316680853151	2.07063867948174e-50	4.83792695772742e-50	103.072092659591	UBE2T
ENSG00000103064	1.04429310344827	4.23340467980295	17.2197815421802	2.33236049716206e-50	5.44812202193893e-50	102.953223083787	SLC7A6
ENSG00000124787	1.15392463054187	3.00788349753695	17.19525108495	2.98163693465179e-50	6.95810233782724e-50	102.70795120069	RPP40
ENSG00000152413	1.22883990147783	1.14636280788177	17.1883863764787	3.19373232312431e-50	7.45039000340161e-50	102.63932327194	HOMER1
ENSG00000137760	1.1494039408867	1.91235320197044	17.1850465921132	3.30230579425063e-50	7.70183313417423e-50	102.605936337965	ALKBH8
ENSG00000134333	1.12671182266011	9.4302554187192	17.1828783514676	3.37475981799764e-50	7.86612074944059e-50	102.58426157235	LDHA
ENSG00000120051	1.29055418719212	-1.45982142857143	17.1686346730196	3.89185942143583e-50	9.06816702202205e-50	102.441885935538	CFAP58
ENSG00000157734	1.07977586206897	-0.3080460591133	17.1576257059177	4.34515572754729e-50	1.0120742935367e-49	102.331856599525	SNX22
ENSG00000205683	1.65796551724138	0.132474384236453	17.1512853620098	4.62977802907595e-50	1.07734129845442e-49	102.268493103752	DPF3
ENSG00000166455	1.48661674876847	-0.755061083743842	17.137537554513	5.31253730386659e-50	1.23533560200096e-49	102.131114734271	C16orf46
ENSG00000138193	1.30021625615764	0.375986453201971	17.1218768210768	6.21365823765133e-50	1.44367268196626e-49	101.974642922637	PLCE1
ENSG00000117281	2.38973251231527	-1.82251798029557	17.1164410825034	6.56089628409609e-50	1.52416827370192e-49	101.920338064941	CD160
ENSG00000198346	1.18645221674877	0.00607093596059109	17.1155001610043	6.62294163139021e-50	1.5383992079e-49	101.910938230531	ZNF813
ENSG00000153132	3.40779704433497	-2.05372118226601	17.0868318514937	8.82228117722668e-50	2.04659329018713e-49	101.624581882629	CLGN
ENSG00000117501	3.95561231527093	-7.09370123152707	17.0712175631825	1.03131781455952e-49	2.38989834366443e-49	101.468650506838	MROH9
ENSG00000099957	1.94816009852217	-0.24672684729064	17.0559303040877	1.20163956965399e-49	2.78063238249596e-49	101.316008088985	P2RX6
ENSG00000271741	1.59474532019704	0.177322906403941	17.0506895910747	1.26627695266644e-49	2.92985841925261e-49	101.263685150164	
ENSG00000106772	1.39694433497537	2.47291896551724	17.0496183628503	1.27991077156185e-49	2.96070268677339e-49	101.252990410101	PRUNE2
ENSG00000134627	1.44473201970443	0.73597881773399	17.0381130045347	1.43591902453453e-49	3.31883259343038e-49	101.138132379805	PIWIL4
ENSG00000257594	2.8938236453202	0.141097536945813	17.0307184445185	1.54607433822592e-49	3.57174426263281e-49	101.064319380224	GALNT4
ENSG00000106013	4.76858669950738	-3.61220960591132	17.0006835301271	2.08732988279757e-49	4.81873603894035e-49	100.764564823812	ANKRD7
ENSG00000140006	1.06700147783251	2.17321305418719	16.9797620717312	2.57261163824064e-49	5.93483374271025e-49	100.555817911878	WDR89
ENSG00000149289	1.09466798029557	1.98725369458128	16.9599949588009	3.13423346241431e-49	7.22619045805809e-49	100.358629377593	ZC3H12C
ENSG00000196110	1.22554630541872	0.687732266009852	16.9242259906461	4.47989617692451e-49	1.03153212076657e-48	100.001914526163	ZNF699
ENSG00000185933	3.35294827586207	-6.93820517241378	16.918215644176	4.75697107834808e-49	1.09481484881731e-48	99.941987802993	CALHM1
ENSG00000128228	1.10845073891626	4.53912586206896	16.9151119194207	4.9066889233267e-49	1.12913936575189e-48	99.9110432899666	SDF2L1
ENSG00000179300	2.94863152709359	-3.19556157635468	16.9137696245385	4.972888253101e-49	1.14410386439957e-48	99.8976607564844	RTL3
ENSG00000196639	1.27136059113301	2.47331625615764	16.892298205949	6.16166157290627e-49	1.41576943512915e-48	99.6836185532923	HRH1
ENSG00000138496	1.0609118226601	3.29196083743843	16.8852139146336	6.61313357143256e-49	1.51896869126628e-48	99.6130079234512	PARP9
ENSG00000159556	4.85699162561576	-3.33270369458127	16.8294247561197	1.15390015082409e-48	2.6441741026506e-48	99.0571307618469	ISL2
ENSG00000172399	2.18319507389162	-1.79010197044335	16.8235867954681	1.22309125386258e-48	2.80141224601297e-48	98.9989811061466	MYOZ2
ENSG00000282278	6.60747487684728	-6.66206256157632	16.8229321815012	1.23110364835753e-48	2.81943366883897e-48	98.9924609790093	
ENSG00000077616	1.72034384236453	-0.404868472906404	16.820535548021	1.26088814135806e-48	2.88696848956289e-48	98.9685902724693	NAALAD2
ENSG00000162746	1.58265960591133	-0.371779556650246	16.8175066614433	1.29956192846481e-48	2.97447168025993e-48	98.9384231457602	FCRLB
ENSG00000136573	3.56072019704432	-2.89625270935961	16.8136721200499	1.35022676320458e-48	3.08934918704412e-48	98.9002332684086	BLK
ENSG00000146858	1.29234137931035	1.7201775862069	16.805086555642	1.47093542101858e-48	3.36435159147296e-48	98.8147316202006	ZC3HAV1L
ENSG00000066279	2.17419261083744	1.12513866995074	16.7952835008244	1.62199595103732e-48	3.70855795895299e-48	98.7171150108468	ASPM
ENSG00000111674	1.13557044334976	4.43383990147783	16.7937024586472	1.64777044953891e-48	3.7670484469922e-48	98.7013723246179	ENO2
ENSG00000126950	2.12957438423646	-1.04040197044335	16.7852048910691	1.79347271039061e-48	4.09918639841559e-48	98.6167653562635	TMEM35A
ENSG00000179008	4.22083990147783	-6.24396034482757	16.7786043603797	1.9154710353616e-48	4.37546872858404e-48	98.5510518685706	C14orf39
ENSG00000253731	1.09684679802956	0.529367733990148	16.7754685474139	1.97630153276245e-48	4.51336736627834e-48	98.519834043164	PCDHGA6
ENSG00000233757	2.65906403940887	-1.87875714285714	16.7751584733292	1.98242040441209e-48	4.52681228593375e-48	98.5167472341711	ZNF892
ENSG00000267561	5.572221182266	-6.8673938423645	16.7502164283549	2.5419955105371e-48	5.7971380869315e-48	98.2684819627226	
ENSG00000137825	1.94559458128079	-0.202747536945813	16.7250108413612	3.26787548658172e-48	7.44385391756382e-48	98.0176631627536	ITPKA
ENSG00000272410	4.39392019704433	-1.31725862068966	16.7191188336193	3.46546937077066e-48	7.89119114933585e-48	97.959042429767	
ENSG00000074047	1.33767832512315	1.43056428571429	16.6560235535169	6.49669721456091e-48	1.47506049688567e-47	97.3315395016239	GLI2
ENSG00000196263	1.32641330049261	1.90738300492611	16.6348669779639	8.01986329907613e-48	1.8198347490774e-47	97.1212316429115	ZNF471
ENSG00000157693	1.0479118226601	2.54991453201971	16.6338762772968	8.0993452933635e-48	1.83744376274564e-47	97.1113847970269	TMEM268
ENSG00000143387	1.96341822660098	7.40695541871921	16.6185485077238	9.4342664172526e-48	2.13830241621376e-47	96.9590522816647	CTSK
ENSG00000149506	3.94438571428571	-1.82041896551724	16.6168958482464	9.59072640844417e-48	2.17351241416927e-47	96.9426292157484	ZP1
ENSG00000186340	1.59860246305419	5.37613226600985	16.5888039396546	1.2683938128753e-47	2.87085382108052e-47	96.6635183523363	THBS2
ENSG00000163596	1.15699014778325	0.920818719211823	16.5723552228075	1.49389931234746e-47	3.37773693878214e-47	96.5001326550488	ICA1L
ENSG00000172803	1.32296157635468	0.643216748768473	16.5715024996223	1.50662504491742e-47	3.40611599118189e-47	96.4916633892655	SNX32
ENSG00000128944	1.21128719211823	3.12031551724138	16.5690246872598	1.54422078210615e-47	3.49030332222049e-47	96.4670541859421	KNSTRN
ENSG00000166510	1.7299433497537	-0.505712561576355	16.5645385251111	1.614689245785e-47	3.64873464860435e-47	96.4225002364646	CCDC68
ENSG00000136490	1.05825566502463	2.56974408866995	16.5526982039185	1.81648834581701e-47	4.1033192988043e-47	96.3049204488123	LIMD2
ENSG00000124762	1.28866945812808	8.01201600985222	16.540893073366	2.04276001529396e-47	4.61285142348908e-47	96.1877066145316	CDKN1A
ENSG00000120262	2.46799261083743	-1.75442980295567	16.5383897187608	2.09424795781225e-47	4.72747991123565e-47	96.1628527825958	CCDC170
ENSG00000167554	1.688339408867	-0.210468226600985	16.5203525609857	2.50560392581871e-47	5.65018600488684e-47	95.9837981192757	ZNF610
ENSG00000182263	1.10444137931035	-0.36101724137931	16.5139313509449	2.67076222309836e-47	6.01845426242945e-47	95.9200642102607	FIGN
ENSG00000162409	1.50816798029557	-1.11542832512315	16.500805948085	3.04295912701849e-47	6.85402342786945e-47	95.7898030123872	PRKAA2
ENSG00000163888	3.31888620689655	-3.00203128078818	16.4886975922709	3.43209117406289e-47	7.72428028602293e-47	95.6696537286382	CAMK2N2
ENSG00000155749	2.87906305418719	-1.436339408867	16.4628229022194	4.43828807617696e-47	9.98078545277907e-47	95.4129627532429	FLACC1
ENSG00000162643	1.80322807881774	-0.67515	16.4292664786021	6.19398197181048e-47	1.39001832445017e-46	95.0801864152498	DNAI3
ENSG00000112578	1.06361477832513	3.99633251231527	16.4215086853461	6.69001269433038e-47	1.50098998935252e-46	95.0032726981335	BYSL
ENSG00000123977	3.88310689655172	-2.45596133004926	16.4104055926509	7.46974485808486e-47	1.67497135991617e-46	94.8932053492948	DAW1
ENSG00000031691	1.12170837438424	1.5307	16.4093275026092	7.5501290150642e-47	1.69260779181352e-46	94.8825188238921	CENPQ
ENSG00000105376	2.22995320197045	-0.492225862068965	16.4087811525703	7.59119505175959e-47	1.70161887705306e-46	94.8771032055297	ICAM5
ENSG00000100335	1.20198768472906	3.61704408866995	16.4067258669451	7.74768736983089e-47	1.73649852713884e-46	94.8567308059364	MIEF1
ENSG00000215472	2.14769064039409	2.74121133004926	16.4008518410895	8.21293477427604e-47	1.83971998348123e-46	94.7985091868794	RPL17-C18orf32
ENSG00000111452	2.06854482758621	3.0008960591133	16.3967830384313	8.55145967619729e-47	1.91511144845573e-46	94.758182925772	ADGRD1
ENSG00000142856	1.02024827586207	3.52260344827586	16.3673885867147	1.14483549365752e-46	2.56006124465674e-46	94.4669133652059	ITGB3BP
ENSG00000172167	1.04540591133005	0.595041871921182	16.3661386920089	1.15912337565085e-46	2.59171498935572e-46	94.4545305626628	MTBP
ENSG00000139187	2.93295467980296	-1.12516502463054	16.3657672165586	1.16340404246928e-46	2.60098865094779e-46	94.450850364828	KLRG1
ENSG00000091651	1.80243004926109	1.46938448275862	16.3286674414207	1.68104060989151e-46	3.75310129081457e-46	94.0833916686474	ORC6
ENSG00000168906	1.36334039408867	7.35563866995074	16.3100620593783	2.0216846978597e-46	4.51001853488291e-46	93.8991785541087	MAT2A
ENSG00000100490	1.69902660098522	2.12937980295567	16.2834849070809	2.63118542365731e-46	5.86368178231397e-46	93.6361134393291	CDKL1
ENSG00000196155	1.19876798029556	4.07242290640394	16.2647249510255	3.16888494996502e-46	7.05632972791892e-46	93.4504791782849	PLEKHG4
ENSG00000204183	4.3218330049261	-6.72301256157633	16.2506360741934	3.64369050656447e-46	8.11083265511822e-46	93.3110964491129	GDF5-AS1
ENSG00000151773	1.04408522167488	1.75012093596059	16.2251850809644	4.68865753597966e-46	1.04167514288443e-45	93.059372941697	CCDC122
ENSG00000158427	1.13539507389162	1.753839408867	16.2029134028616	5.84583537564916e-46	1.29699494676358e-45	92.8391644925929	TMSB15B
ENSG00000260238	1.02447093596059	2.06517339901478	16.1979510411157	6.14027218360133e-46	1.36185675873269e-45	92.7901087063929	PMF1-BGLAP
ENSG00000154262	1.47940344827586	3.39468694581281	16.1600945669352	8.93196475863426e-46	1.97811032766581e-45	92.4159838697839	ABCA6
ENSG00000133816	1.12476798029557	3.68116231527093	16.1600582558908	8.93517529377437e-46	1.97859711717778e-45	92.4156251101503	MICAL2
ENSG00000100526	2.45344926108375	2.24026945812808	16.1294940642994	1.20906864541774e-45	2.67432025679156e-45	92.1137085104921	CDKN3
ENSG00000269226	1.36570295566502	-0.237423891625616	16.1113221431265	1.44716644157138e-45	3.19915459289456e-45	91.9342642374179	TMSB15C
ENSG00000164219	1.03296798029557	2.72622438423645	16.1061643449612	1.52290635774586e-45	3.36468468547989e-45	91.8833401650003	PGGT1B
ENSG00000101166	1.08179458128079	4.74399285714286	16.1010089183129	1.60256701271258e-45	3.54028539028141e-45	91.8324431436397	PRELID3B
ENSG00000132530	1.57340640394089	3.82111798029557	16.0921603606206	1.74911328110921e-45	3.86271575764902e-45	91.7450941268556	XAF1
ENSG00000142224	4.60367931034482	-6.97341403940884	16.0776973205798	2.01800544483776e-45	4.4525078924037e-45	91.602344618062	IL19
ENSG00000221852	5.29191428571429	0.0697039408866995	16.0755129098297	2.06205931580742e-45	4.54919430452794e-45	91.5807870953371	KRTAP1-5
ENSG00000118193	2.21138571428572	-0.919404679802956	16.054232007706	2.54481766778278e-45	5.60852902490257e-45	91.3708045825449	KIF14
ENSG00000100599	1.0062566502463	2.97180911330049	16.0473898280922	2.72284822076611e-45	5.99818508964168e-45	91.3033049134073	RIN3
ENSG00000164749	3.57187586206896	-7.14382266009851	16.0363528122923	3.03660791226442e-45	6.6863540080531e-45	91.19443597609	HNF4G
ENSG00000142621	2.74773103448276	-1.31174975369458	16.0354166218573	3.06482756673897e-45	6.74773099472881e-45	91.1852021921184	FHAD1
ENSG00000165078	4.07746551724138	-6.63258300492608	16.0074785432428	4.03895008921904e-45	8.88541738641432e-45	90.9097013700363	CPA6
ENSG00000151023	3.50440591133004	-5.19576699507388	16.0062711577481	4.08740316945261e-45	8.99099873226507e-45	90.8977976682583	ENKUR
ENSG00000139514	1.08373596059114	4.54330689655172	15.9812621998659	5.23241312825866e-45	1.15005980601092e-44	90.6512788909315	SLC7A1
ENSG00000188501	2.59235566502462	-3.52068275862069	15.9748312797996	5.57539856792611e-45	1.2250330426626e-44	90.5879022485551	LCTL
ENSG00000156802	1.12807290640394	2.26024334975369	15.9728095654001	5.68779484184665e-45	1.24944791815835e-44	90.5679794933191	ATAD2
ENSG00000168306	1.58823990147783	2.93908596059114	15.9662460836847	6.06852079849373e-45	1.33263325591824e-44	90.5033044250805	ACOX2
ENSG00000179431	1.25817980295566	3.26299778325123	15.9505007538183	7.08884625182957e-45	1.55599498431151e-44	90.3481786043154	FJX1
ENSG00000157399	2.15235467980296	-1.43869556650246	15.9419566736151	7.71247343831685e-45	1.69155057162276e-44	90.264015670639	ARSL
ENSG00000115946	1.03841280788177	3.43528571428571	15.9253969568993	9.08139407486332e-45	1.9893353100659e-44	90.1009251364764	PNO1
ENSG00000159224	3.83920886699506	-8.04619556650243	15.9170160199478	9.86412811528598e-45	2.16007162291482e-44	90.0183994844601	GIP
ENSG00000134363	1.31510689655173	4.19827118226601	15.9159455422809	9.96883961863802e-45	2.18251247846095e-44	90.0078594068962	FST
ENSG00000274600	4.06155665024629	-5.84937241379309	15.8640073632122	1.66365079884549e-44	3.63292702101223e-44	89.496669255636	RIMBP3B
ENSG00000204952	3.03571921182266	-8.18714137931031	15.8561881634038	1.79693472177205e-44	3.92178895832805e-44	89.4197447559426	FBXO47
ENSG00000186871	2.21029802955665	-1.66370763546798	15.7919524611684	3.38336425326119e-44	7.37180334900548e-44	88.78814398899	ERCC6L
ENSG00000150637	1.82679408866995	-2.5665669950739	15.791867891797	3.38618275828458e-44	7.37712190216247e-44	88.7873128630942	CD226
ENSG00000110944	1.61688719211823	-0.875532266009852	15.7830352704789	3.69384067973282e-44	8.04110889643965e-44	88.7005140779184	IL23A
ENSG00000197919	4.18309852216748	-7.81864285714282	15.7620046221238	4.54343133825122e-44	9.87737626121986e-44	88.4938918658724	IFNA1
ENSG00000138182	1.20451428571429	1.32043645320197	15.7368722919638	5.81818174387811e-44	1.26388292173039e-43	88.247059491286	KIF20B
ENSG00000163453	1.34158866995074	7.2444869458128	15.7162790268065	7.12463306626327e-44	1.54579304297676e-43	88.0448786462149	IGFBP7
ENSG00000180938	1.39894827586207	-1.09966625615764	15.7019581525688	8.20211052510419e-44	1.77877753724987e-43	87.9043174070887	ZNF572
ENSG00000013588	1.83374876847291	2.34821379310345	15.6961548956427	8.68374344086312e-44	1.88218405414094e-43	87.8473667009562	GPRC5A
ENSG00000095321	1.23668719211823	4.35950960591134	15.6479199084924	1.39507354605921e-43	3.02044396599702e-43	87.3742114706816	CRAT
ENSG00000171617	1.48443497536946	2.11435985221675	15.6464500136801	1.41536650750827e-43	3.06336164467012e-43	87.3597984232749	ENC1
ENSG00000095752	1.70051773399015	0.864617980295566	15.5855038734547	2.57507496811886e-43	5.56168380050605e-43	86.7624915908033	IL11
ENSG00000108641	1.12357339901478	3.33708472906404	15.5828410828201	2.64326300499059e-43	5.70643456070771e-43	86.7364081820893	B9D1
ENSG00000168497	1.42386009852217	2.40553694581281	15.5802568719954	2.7111619698433e-43	5.85172600117934e-43	86.7110955869813	CAVIN2
ENSG00000132464	3.48168128078817	-7.19061059113299	15.5629734641974	3.21228177224885e-43	6.92950771534243e-43	86.5418304402146	ENAM
ENSG00000103599	1.11588374384237	-0.743851724137931	15.5485303452338	3.7012768004235e-43	7.97995931529966e-43	86.4004185012676	IQCH
ENSG00000115919	1.98121871921182	0.186773399014778	15.5452994111754	3.82046031910432e-43	8.23237794199323e-43	86.368789172873	KYNU
ENSG00000163376	1.85240098522168	-1.6697078817734	15.5186108962249	4.96345821828497e-43	1.06788396456815e-42	86.1075857842696	KBTBD8
ENSG00000262209	1.61510443349754	-0.47245960591133	15.5091798565205	5.44427804446485e-43	1.1708163480239e-42	86.0153108582701	PCDHGB3
ENSG00000213185	1.26684137931035	2.35683497536946	15.484025998686	6.96645081963083e-43	1.49750722601722e-42	85.7692722569565	FAM24B
ENSG00000273173	2.56885763546798	1.16797561576355	15.4762661531141	7.51681239570577e-43	1.61545747098738e-42	85.6933914749166	SNURF
ENSG00000134830	2.20941527093596	0.215775615763547	15.4714861877443	7.87721756002217e-43	1.69216868811645e-42	85.6466548217396	C5AR2
ENSG00000113389	1.86086305418719	2.46934236453202	15.468547166064	8.10732941470911e-43	1.74102671892577e-42	85.6179200748609	NPR3
ENSG00000109805	2.02942660098522	1.21953842364532	15.4654509504436	8.35701108033642e-43	1.79385666225763e-42	85.5876499889079	NCAPG
ENSG00000160352	1.06847931034483	1.20479876847291	15.4603147561641	8.7882409312577e-43	1.88579998109847e-42	85.5374395889348	ZNF714
ENSG00000256966	4.92051477832511	-5.13690763546796	15.4574628100595	9.03720699747572e-43	1.93901075038066e-42	85.5095614230488	
ENSG00000130997	1.085360591133	0.569067487684729	15.4466047680821	1.00512367264362e-42	2.15492340217243e-42	85.4034349021651	POLN
ENSG00000135749	1.13248866995074	2.98626157635468	15.42711389572	1.21647792960055e-42	2.60633830723101e-42	85.212980246107	PCNX2
ENSG00000124216	1.35777931034483	1.89709704433497	15.3996185556551	1.59214388366196e-42	3.40598530646108e-42	84.9444180486689	SNAI1
ENSG00000129749	1.06270541871921	-0.627150246305419	15.3974269528341	1.62665758768663e-42	3.4794376727859e-42	84.9230169125989	CHRNA10
ENSG00000097046	1.19097487684729	1.19831403940887	15.3829777777986	1.87367131387608e-42	4.00604866693285e-42	84.7819400957212	CDC7
ENSG00000134769	1.40884384236453	2.18684064039409	15.3759505297044	2.00700348206135e-42	4.28971475953658e-42	84.7133411889555	DTNA
ENSG00000104722	2.30118965517242	-0.881883990147784	15.3671618928419	2.18716222873004e-42	4.6732477885242e-42	84.6275596506383	NEFM
ENSG00000183246	4.00714334975369	-5.73402339901477	15.3508433314188	2.56557795753345e-42	5.47700725869768e-42	84.4683170449926	RIMBP3C
ENSG00000198046	1.19987684729064	1.18694187192118	15.3250404516713	3.30164029753879e-42	7.04373959546977e-42	84.2166156765122	ZNF667
ENSG00000115425	1.21990837438424	1.99786453201971	15.32447707417	3.31986943396074e-42	7.08108365842182e-42	84.2111213265156	PECR
ENSG00000105750	1.01407438423645	1.23638448275862	15.3229422995295	3.37004123320601e-42	7.18731264643806e-42	84.1961536836731	ZNF85
ENSG00000249319	5.18571280788177	-1.70919975369458	15.3208680388369	3.43905366635601e-42	7.33289544440035e-42	84.1759254330786	
ENSG00000167992	1.74356551724138	1.05914384236453	15.3204197469045	3.45415313464149e-42	7.36428764533756e-42	84.1715537743146	VWCE
ENSG00000158092	1.17078128078818	5.13315960591133	15.3140462848066	3.67612413106991e-42	7.83496758309174e-42	84.1094047085025	NCK1
ENSG00000206052	2.23913201970443	-1.2366	15.2929557461062	4.51726968723558e-42	9.62141517470928e-42	83.903796062731	DOK6
ENSG00000123473	1.18040886699507	0.680308866995074	15.282661546429	4.99507329624758e-42	1.06321449030901e-41	83.8034673393535	STIL
ENSG00000154217	1.17152266009852	2.60149581280788	15.2739192622514	5.44024809696377e-42	1.15721485045027e-41	83.7182782567392	PITPNC1
ENSG00000205639	2.44893004926108	-2.6436921182266	15.271256666242	5.58354353979531e-42	1.18743723859702e-41	83.6923352644605	MFSD2B
ENSG00000109654	1.00285073891626	2.56777807881773	15.2711251818186	5.59071657668706e-42	1.18883333342349e-41	83.6910541785721	TRIM2
ENSG00000130413	2.28337438423645	-1.56660197044335	15.2666274654529	5.8417046481223e-42	1.24206933123279e-41	83.6472336088162	STK33
ENSG00000154545	4.09059852216749	0.157498768472906	15.257468973946	6.38808460113403e-42	1.35765034557217e-41	83.558014727423	MAGED4
ENSG00000166289	1.15977290640394	2.95825492610838	15.2463362456216	7.12137636367781e-42	1.5128376660397e-41	83.4495832666991	PLEKHF1
ENSG00000183161	1.00219950738916	1.49754507389162	15.2388920901202	7.65800581538518e-42	1.62630677726861e-41	83.3770901958706	FANCF
ENSG00000270757	4.44688325123153	1.43921798029557	15.2365233963679	7.83708292893046e-42	1.66397516946066e-41	83.3540252983599	HSPE1-MOB4
ENSG00000101333	1.88752955665025	2.26675	15.222135287058	9.01827883336592e-42	1.91393576196391e-41	83.2139438764083	PLCB4
ENSG00000234284	1.08524039408867	0.410866009852217	15.2131328089437	9.84608460084442e-42	2.08893915177181e-41	83.1263150878954	ZNF879
ENSG00000112245	1.37354433497537	6.26025197044335	15.2101111362137	1.01406040602078e-41	2.1511906702625e-41	83.0969057867225	PTP4A1
ENSG00000141449	1.93675172413793	0.183125123152709	15.2043552345558	1.07261732100882e-41	2.27467039469934e-41	83.0408892898258	GREB1L
ENSG00000168062	1.69999113300493	-1.14869753694581	15.1982407900279	1.13852295136833e-41	2.41417269049913e-41	82.9813898882015	BATF2
ENSG00000113722	3.38976206896551	-2.28973866995074	15.1613332158173	1.63154688318681e-41	3.45173640697593e-41	82.6223853038225	CDX1
ENSG00000257950	1.49023399014778	-2.35088793103449	15.1540764301578	1.75109989301211e-41	3.70346256593535e-41	82.5518263236562	P2RX5-TAX1BP3
ENSG00000152495	2.08937733990148	-2.02495566502463	15.1457504385748	1.89907594011244e-41	4.01468433813039e-41	82.4708829340378	CAMK4
ENSG00000121075	2.29337192118226	-1.57888694581281	15.13438581031	2.12140312330945e-41	4.48226401078099e-41	82.360418778559	TBX4
ENSG00000171320	2.88394236453202	-0.744795812807882	15.1341209333341	2.12688355846345e-41	4.49335767562083e-41	82.3578444531693	ESCO2
ENSG00000175294	2.85393054187192	-1.78271600985222	15.1118623433329	2.64170995764995e-41	5.5761823279753e-41	82.1415597825912	CATSPER1
ENSG00000223658	2.15566059113301	-1.16161995073892	15.1113537996042	2.65482284205432e-41	5.60325607294801e-41	82.13661936045	C1GALT1C1L
ENSG00000196420	3.78459852216748	-1.78014359605911	15.1072970348757	2.76178041143165e-41	5.8277413670443e-41	82.0972102150447	S100A5
ENSG00000254788	2.27121674876847	-0.185687192118227	15.0991051306919	2.99105144341124e-41	6.30949128963109e-41	82.0176396940361	CKLF-CMTM1
ENSG00000170439	3.97628669950739	-1.62175073891626	15.0882869800141	3.32318301448095e-41	7.00859512939637e-41	81.9125783829152	TMT1B
ENSG00000139832	1.05811034482758	1.90682463054187	15.0846763167251	3.44203439922217e-41	7.25768625697019e-41	81.8775179079248	RAB20
ENSG00000152463	4.12771477832512	-1.78252438423646	15.0827127322559	3.50844063876233e-41	7.3953130150678e-41	81.858451996492	OLAH
ENSG00000214960	1.15167733990148	-0.990120443349755	15.0731893211206	3.8491053790462e-41	8.10988865954942e-41	81.7659920963221	CRPPA
ENSG00000131096	4.13552758620689	-3.7561672413793	15.0542205098834	4.62914169659065e-41	9.74078680249537e-41	81.5818793519497	PYY
ENSG00000145934	1.85108916256158	2.09888300492611	15.0476950867486	4.93245381733222e-41	1.03779083223844e-40	81.5185584276734	TENM2
ENSG00000048540	2.15391724137931	0.731482266009852	14.9988031761629	7.93359380117499e-41	1.66636167307139e-40	81.0443760631425	LMO3
ENSG00000144229	2.99153842364532	-3.74324014778325	14.997371699497	8.04470986517206e-41	1.68915569125596e-40	81.0304994811496	THSD7B
ENSG00000186174	1.07237684729064	5.50067955665024	14.987215708116	8.87894001723033e-41	1.86391928044597e-40	80.9320594145493	BCL9L
ENSG00000160818	1.13394137931035	4.56423374384237	14.9795891371358	9.561679937674e-41	2.00573582376584e-40	80.8581492642224	GPATCH4
ENSG00000164188	3.00265073891625	-1.60891009852217	14.9711231235595	1.03810933265816e-40	2.17692162021738e-40	80.7761167790449	RANBP3L
ENSG00000185958	2.36234532019704	-4.08757019704433	14.9649631311434	1.1021020388681e-40	2.31037095511268e-40	80.7164372644579	FAM186A
ENSG00000106823	1.83635812807882	2.54235935960591	14.9368996849362	1.44722533862637e-40	3.03093747373663e-40	80.4446425996488	ECM2
ENSG00000164241	1.22644729064039	1.30323448275862	14.9317240875409	1.52177120586556e-40	3.18603523730713e-40	80.3945332361275	C5orf63
ENSG00000162804	1.72958571428572	3.6371815270936	14.9140266899423	1.80684520669182e-40	3.77963701875098e-40	80.2232282636237	SNED1
ENSG00000256061	1.60539310344828	-0.206707881773399	14.885241615413	2.38868312487317e-40	4.99034056299674e-40	79.9447263738446	DNAAF4
ENSG00000111912	1.04438669950739	3.23279039408867	14.878334914491	2.5541024016628e-40	5.33250738603574e-40	79.8779262476842	NCOA7
ENSG00000152076	1.60240147783251	1.05199334975369	14.8616327860616	3.00292392042329e-40	6.26488088533275e-40	79.7164249562775	CCDC74B
ENSG00000126353	1.59469014778325	0.134292857142857	14.8604822150137	3.03659384910092e-40	6.33444886839562e-40	79.7053014943886	CCR7
ENSG00000169684	1.83153399014779	-0.631194088669951	14.856440541571	3.15788225994645e-40	6.58675793829368e-40	79.6662295411883	CHRNA5
ENSG00000103647	1.39439704433497	1.9493315270936	14.8158126301942	4.68060705836454e-40	9.74831324038793e-40	79.2736452458533	CORO2B
ENSG00000132000	1.26886748768472	4.26148251231527	14.8124882639242	4.83370890241173e-40	1.0066106071071e-39	79.2415364445081	PODNL1
ENSG00000151025	2.962460591133	-4.5849027093596	14.8006486847388	5.42070966296645e-40	1.1280109491395e-39	79.1272000469973	GPR158
ENSG00000197233	4.25321083743842	-6.68163891625613	14.794385373925	5.75948269841882e-40	1.19786942201469e-39	79.0667255766155	OR1J2
ENSG00000138180	2.54836600985221	0.986916995073891	14.7881552698032	6.11741553147002e-40	1.27163636119548e-39	79.0065794042757	CEP55
ENSG00000175946	2.68225812807881	-2.08632807881773	14.7878613858129	6.13483753821579e-40	1.27512226304843e-39	79.0037424022653	KLHL38
ENSG00000176732	2.94635566502462	-1.9217236453202	14.7495728695194	8.88492009744773e-40	1.84495918121691e-39	78.6342715160063	PFN4
ENSG00000248672	4.36447192118226	-5.9179660098522	14.738608089549	9.87856714366276e-40	2.04976597070989e-39	78.5285189315717	LY75-CD302
ENSG00000171049	3.82153399014777	-4.03670886699507	14.7365360016803	1.00784415747487e-39	2.090795172545e-39	78.5085368570772	FPR2
ENSG00000162618	1.26440935960591	2.86308842364532	14.7108272427892	1.2921068086656e-39	2.67822987430454e-39	78.2606873375756	ADGRL4
ENSG00000101335	1.37599458128079	7.68735344827586	14.6785240188072	1.76523259693081e-39	3.6550302404346e-39	77.9494515826951	MYL9
ENSG00000119938	1.73676305418719	3.44293866995074	14.6564788585959	2.18385695140763e-39	4.51655546030352e-39	77.7371719279634	PPP1R3C
ENSG00000101134	2.13748128078818	-0.766983497536945	14.6554687948409	2.2052497457605e-39	4.56031645837583e-39	77.727448084464	DOK5
ENSG00000198554	1.12343251231527	1.51132610837438	14.6535902349963	2.24559464685336e-39	4.64325580243448e-39	77.709363817661	WDHD1
ENSG00000092853	2.32633842364532	-0.457193842364532	14.634816665335	2.69153487784137e-39	5.55991910906728e-39	77.5286765942085	CLSPN
ENSG00000110492	1.35120246305419	4.43841157635468	14.6272638992491	2.89494590750945e-39	5.9758141887134e-39	77.4560049736557	MDK
ENSG00000162775	1.02990295566503	1.57709679802956	14.6238157290453	2.99284385273896e-39	6.17659251982518e-39	77.4228310771674	RBM15
ENSG00000165490	1.32528571428571	0.327377832512315	14.6196920401395	3.11426740573883e-39	6.42650619249717e-39	77.3831614132252	DDIAS
ENSG00000151014	1.2643275862069	1.56207709359606	14.6081547828143	3.48073680133673e-39	7.17970852561985e-39	77.2721922387702	NOCT
ENSG00000163071	1.03157733990148	2.95423300492611	14.6053632734676	3.57568798164531e-39	7.37478570314646e-39	77.2453467016696	SPATA18
ENSG00000138379	2.19820886699508	-1.10339655172414	14.5953603110325	3.93765608543259e-39	8.11962384948019e-39	77.1491629071467	MSTN
ENSG00000154319	1.28787684729065	3.72813201970444	14.5872932853822	4.25602935481088e-39	8.77242122684466e-39	77.0716092695005	FAM167A
ENSG00000205835	3.61805517241379	-7.00182019704432	14.5829303729912	4.43878843632047e-39	9.14622560339252e-39	77.0296713420847	GMNC
ENSG00000174448	4.19298571428571	-6.10996724137929	14.5819947662449	4.47898869186654e-39	9.22711332663461e-39	77.0206784589297	STARD6
ENSG00000188820	1.65935714285714	0.633902709359606	14.5613310527322	5.46560294316386e-39	1.12536943120122e-38	76.8221090302417	CALHM6
ENSG00000165923	1.45612610837438	-0.121489162561576	14.5594541891637	5.56530681674051e-39	1.14553639996569e-38	76.8040775876744	AGBL2
ENSG00000079215	1.21518571428571	2.86000714285714	14.5580589185534	5.64060140704518e-39	1.16079015055262e-38	76.7906733919807	SLC1A3
ENSG00000117632	1.24286945812808	6.00436379310345	14.5394207970043	6.74948388968143e-39	1.38767400496743e-38	76.6116582985519	STMN1
ENSG00000117525	1.23621133004927	6.10501256157635	14.5316170391944	7.27607123231398e-39	1.4953095385622e-38	76.5367265530275	F3
ENSG00000268750	2.21282413793103	0.462887438423645	14.5027169662844	9.60896580025254e-39	1.97204799063784e-38	76.2593395926402	
ENSG00000162068	3.31893940886698	-6.21956822660098	14.4906755060144	1.07889322497565e-38	2.21212164541749e-38	76.1438161168085	NTN3
ENSG00000130540	2.20703940886699	-2.05730147783251	14.4872614969246	1.11490464917186e-38	2.28547851191824e-38	76.1110683656214	SULT4A1
ENSG00000161896	2.14589261083744	-1.54338965517241	14.4767167968106	1.23388036265961e-38	2.52777964640887e-38	76.0099374815218	IP6K3
ENSG00000109674	1.9248	-0.345523645320197	14.4320956623555	1.89453376532847e-38	3.87512862068757e-38	75.5822533855325	NEIL3
ENSG00000137707	4.13491428571428	-6.92726502463052	14.4253500564823	2.02134217199081e-38	4.13320798629741e-38	75.5176354029758	BTG4
ENSG00000185860	3.98601083743841	-6.81799999999997	14.4239118161565	2.04945569245909e-38	4.1902556122657e-38	75.5038593795546	CCDC190
ENSG00000152292	3.92247487684728	-3.53301921182265	14.4234347520524	2.05886683906639e-38	4.20905699017004e-38	75.4992899732372	SH2D6
ENSG00000118113	3.67807980295566	-5.32333990147782	14.414905695066	2.23458813973882e-38	4.56686063865049e-38	75.4176054196142	MMP8
ENSG00000102053	1.15321822660099	-1.50871206896552	14.3635287500901	3.65861239937152e-38	7.45455150750893e-38	74.9258917871532	ZC3H12B
ENSG00000172156	4.68202068965516	-5.48483251231525	14.3415018454065	4.51898725336741e-38	9.19800530208372e-38	74.7152553891735	CCL11
ENSG00000183850	3.58659605911329	-4.48979458128078	14.3325228798165	4.92513886737159e-38	1.0020516787733e-37	74.629422960842	ZNF730
ENSG00000120341	1.03555073891626	0.812746305418718	14.3273642576417	5.1747483049155e-38	1.05261716846735e-37	74.580118298811	SEC16B
ENSG00000160951	3.17919211822659	-3.41962561576354	14.2876078779371	7.57313912833178e-38	1.53680461937549e-37	74.2003357085489	PTGER1
ENSG00000166435	1.05539655172414	2.09656379310345	14.2770304851781	8.38017074656611e-38	1.6993389719767e-37	74.0993517710307	XRRA1
ENSG00000158113	1.67145517241379	-0.880079310344828	14.2714034817133	8.84389502443951e-38	1.79281531709125e-37	74.0456401187094	LRRC43
ENSG00000171848	2.92521034482759	2.33420566502463	14.253333813224	1.05132382341077e-37	2.12945378908513e-37	73.8732069709971	RRM2
ENSG00000158286	1.13218522167488	2.05343448275862	14.248880861827	1.09707689500118e-37	2.2218962257346e-37	73.8307251163704	RNF207
ENSG00000170967	3.3722290640394	-6.91137955665023	14.2274894935637	1.34612340951097e-37	2.72402854599393e-37	73.6267103679057	DDI1
ENSG00000108342	4.15697881773399	-1.13124704433497	14.2108962369729	1.57751629389502e-37	3.18996517128482e-37	73.468527605975	CSF3
ENSG00000183668	3.79562857142856	-6.11376403940885	14.2097012772952	1.59563611734466e-37	3.22593844456336e-37	73.4571385185116	PSG9
ENSG00000198185	1.59755270935961	0.582919704433498	14.1892582562065	1.93984430627228e-37	3.91737495434256e-37	73.2623476146807	ZNF334
ENSG00000080031	1.76909655172414	-1.7371	14.1820615144061	2.07788646678716e-37	4.19440732713094e-37	73.1937962683581	PTPRH
ENSG00000127561	1.48149359605911	-0.369509359605911	14.1796984941907	2.12531578455513e-37	4.28889586725618e-37	73.1712902983349	SYNGR3
ENSG00000112715	1.27816108374384	6.24798546798029	14.1769927129807	2.18095250174538e-37	4.40063745886507e-37	73.1455213579685	VEGFA
ENSG00000130045	2.3196960591133	-1.70862783251232	14.1703918138895	2.32285291035625e-37	4.68502338468179e-37	73.0826636660676	NXNL2
ENSG00000166246	1.2527236453202	-1.2147381773399	14.1667507348773	2.40502904013639e-37	4.84976550431795e-37	73.0479954133528	DNAAF8
ENSG00000139289	1.64190443349754	3.60231034482759	14.13364147514	3.2988053190166e-37	6.64453242055476e-37	72.7328879344697	PHLDA1
ENSG00000188033	1.19284384236453	-0.220908620689655	14.1149986410465	3.9407895445857e-37	7.93027590158519e-37	72.5555716407044	ZNF490
ENSG00000138696	1.28889704433498	-1.07312881773399	14.0969165536623	4.68224710807898e-37	9.41266052732018e-37	72.383665755985	BMPR1B
ENSG00000109472	1.47191674876847	4.90287068965517	14.0703699034071	6.02997483666556e-37	1.21120123607892e-36	72.1314255826745	CPE
ENSG00000188306	3.2345842364532	-7.46314975369455	14.0460518993079	7.60137621029918e-37	1.52527049904165e-36	71.90050639546	LRRIQ4
ENSG00000132840	1.19591871921182	1.11225640394089	14.0229330552872	9.47228235889802e-37	1.89892636292147e-36	71.6811033984758	BHMT2
ENSG00000161800	1.04143399014779	3.6062302955665	14.0197952231803	9.75934853851726e-37	1.95627437829218e-36	71.6513344130405	RACGAP1
ENSG00000134057	1.91326650246305	3.62875640394088	13.9921248264999	1.2697492068327e-36	2.54262106772463e-36	71.388923292054	CCNB1
ENSG00000181773	1.66377733990148	-0.861535467980295	13.9869476775944	1.33381144400256e-36	2.67008228218582e-36	71.3398462489619	GPR3
ENSG00000162639	1.12226108374384	1.5423763546798	13.9511427616632	1.87438519285736e-36	3.74570359329364e-36	71.0006073385657	HENMT1
ENSG00000135747	3.02447093596058	-6.69845911330047	13.9502680596969	1.89002281969245e-36	3.7765670697781e-36	70.9923236981422	ZNF670-ZNF695
ENSG00000254245	1.18241133004926	-0.758552955665024	13.9347427318122	2.19026693151205e-36	4.3715857803706e-36	70.8453257481556	PCDHGA3
ENSG00000129048	1.86456453201971	3.05157783251232	13.922650444482	2.45669542663267e-36	4.90035133482247e-36	70.7308730715314	ACKR4
ENSG00000089199	2.04889162561576	-2.20194532019705	13.9103512729065	2.76085209914086e-36	5.50367966147208e-36	70.6144985840518	CHGB
ENSG00000169258	1.26138620689655	0.173284729064039	13.8559226448072	4.62579922283926e-36	9.20262327320827e-36	70.0999385747956	GPRIN1
ENSG00000205670	1.84861428571428	1.59742044334975	13.8336398908487	5.71295805214127e-36	1.13608045441075e-35	69.8894904039507	SMIM11
ENSG00000183831	3.42654630541871	-4.90277610837438	13.8320874818442	5.79756894308816e-36	1.1527888917972e-35	69.874833331177	ANKRD45
ENSG00000218823	2.99189359605912	-7.37323596059112	13.8244998906476	6.2294429580137e-36	1.2377811315252e-35	69.8032036464138	PAPOLB
ENSG00000006788	2.71666748768473	-7.74679679802953	13.8142252116003	6.86583382402628e-36	1.36353785151546e-35	69.7062295719855	MYH13
ENSG00000235961	1.30026551724138	-0.276664285714286	13.7829715924053	9.22833613126334e-36	1.83030695906981e-35	69.4114141346329	PNMA6A
ENSG00000242221	4.30791231527093	-5.82408866995072	13.7612410065689	1.1333387718802e-35	2.24621767546479e-35	69.2065731922544	PSG2
ENSG00000174697	4.59457881773399	-0.182399261083744	13.7179361142816	1.70624218731071e-35	3.37551982429904e-35	68.7987184431867	LEP
ENSG00000161681	1.64938719211823	0.33590197044335	13.7171553696401	1.71886689150031e-35	3.3998073677833e-35	68.791369569801	SHANK1
ENSG00000137309	1.00558719211823	7.57702463054187	13.6993186901912	2.03407332564261e-35	4.02001020729246e-35	68.6235213351525	HMGA1
ENSG00000198795	1.06871527093596	2.46179753694581	13.6819619953843	2.39601904651488e-35	4.73294290983461e-35	68.4602675823998	ZNF521
ENSG00000256671	2.38528374384236	-0.0156266009852218	13.6807306220168	2.42401279667891e-35	4.78775602109353e-35	68.4486884386989	LIMS4
ENSG00000259024	1.59905517241379	1.44140591133005	13.6580035346707	3.00339765076393e-35	5.91955591439523e-35	68.2350453122084	TVP23C-CDRT4
ENSG00000180592	1.18080689655173	-0.947208866995074	13.6500752034691	3.23645679999252e-35	6.37633216911521e-35	68.1605471880579	SKIDA1
ENSG00000177599	1.06784433497537	-0.447785714285714	13.6412600753047	3.51681171848154e-35	6.92588275748929e-35	68.0777352994127	ZNF491
ENSG00000166803	2.71032118226601	2.69626551724138	13.6363166977109	3.68449593207354e-35	7.25392096560358e-35	68.031304523416	PCLAF
ENSG00000130827	1.00553793103448	4.81353103448276	13.5824903037196	6.11602777593062e-35	1.20180407035934e-34	67.5261482720043	PLXNA3
ENSG00000145826	3.76717438423644	-7.55602167487682	13.5738531504444	6.63370692808932e-35	1.30300432997006e-34	67.4451594388353	LECT2
ENSG00000147488	3.13476600985221	-3.82281650246305	13.5674243956368	7.04718064089297e-35	1.38380229184416e-34	67.3848909626134	ST18
ENSG00000100342	1.08129507389162	2.57980024630542	13.5274365051004	1.02623827435696e-34	2.01110593235898e-34	67.010254753266	APOL1
ENSG00000143473	3.12324384236453	-3.96254753694581	13.5238374198644	1.06152719361754e-34	2.07984403626168e-34	66.9765565003146	KCNH1
ENSG00000233822	1.43893694581281	-1.0039527093596	13.5128628330254	1.1767775122078e-34	2.30403628329475e-34	66.8738225202054	H2BC15
ENSG00000271092	1.49874876847291	-0.609192610837438	13.5118176303535	1.18838411407724e-34	2.32652798610473e-34	66.8640399565229	TLCD4-RWDD3
ENSG00000165899	2.11363448275862	-2.49797290640394	13.5067204361841	1.246643060121e-34	2.44033844344232e-34	66.816336966031	OTOGL
ENSG00000139220	1.75946157635468	-0.613510098522168	13.503534700824	1.28449199060743e-34	2.51342169625017e-34	66.7865261964513	PPFIA2
ENSG00000254870	1.94765418719212	3.51115960591133	13.5029082981741	1.29206782921992e-34	2.52799254291306e-34	66.780664900935	ATP6V1G2-DDX39B
ENSG00000145945	1.06390197044335	3.14594113300492	13.4722021523913	1.72354827205714e-34	3.36782125112895e-34	66.4934731216557	FAM50B
ENSG00000175538	1.47592906403941	-0.585706403940886	13.46589756116	1.82853658827911e-34	3.57154043059973e-34	66.4345379513045	KCNE3
ENSG00000064763	1.26265320197044	2.0886842364532	13.4582693989899	1.96412478830643e-34	3.83484130413471e-34	66.3632442790664	FAR2
ENSG00000260643	2.58946995073892	-0.969231527093596	13.4371473630848	2.39416086652855e-34	4.66653617132464e-34	66.1659167067705	
ENSG00000198225	1.54719064039409	-1.21335443349754	13.4324984090826	2.50075770048382e-34	4.87382138055798e-34	66.1225010582936	FKBP1C
ENSG00000108950	1.94499753694581	3.15077709359606	13.4305777645808	2.54616589662869e-34	4.96182428718766e-34	66.1045662428914	FAM20A
ENSG00000162745	1.34640443349754	2.86866133004926	13.422295921026	2.75157024860185e-34	5.36103547339754e-34	66.0272424739744	OLFML2B
ENSG00000151418	3.65848275862068	-8.13655862068962	13.4157871675667	2.924525126835e-34	5.69630918255852e-34	65.9664862175178	ATP6V1G3
ENSG00000129214	2.76787536945812	-2.24859334975369	13.4025814630747	3.30944716173782e-34	6.44219707487604e-34	65.8432521494655	SHBG
ENSG00000164400	4.50821182266009	-6.65973103448274	13.3888556875851	3.76312940191751e-34	7.32096314308332e-34	65.7152149133018	CSF2
ENSG00000162687	1.39825665024631	-1.22710911330049	13.3862580998193	3.85572106979228e-34	7.50034851143547e-34	65.6909897639543	KCNT2
ENSG00000101255	1.52764532019705	4.34910246305419	13.3749079823811	4.28768374621021e-34	8.33398804142032e-34	65.5851598977413	TRIB3
ENSG00000267022	4.23349310344826	-3.30964802955664	13.3659828953326	4.66096873277409e-34	9.05684110329833e-34	65.5019659564917	
ENSG00000273590	1.09233399014778	3.28504729064039	13.3587212449535	4.98845435048813e-34	9.68933256308905e-34	65.4342935469663	
ENSG00000162062	1.47447980295566	0.396500492610838	13.3438540795294	5.7322219682247e-34	1.11229353294655e-33	65.2957891961383	TEDC2
ENSG00000146072	1.17636650246306	1.95574039408867	13.3186952001865	7.25108871739049e-34	1.40520404318966e-33	65.061544139983	TNFRSF21
ENSG00000234409	2.0439921182266	-0.38405960591133	13.2724688806885	1.11627154544518e-33	2.1581102632657e-33	64.6316033879431	CCDC188
ENSG00000181374	2.59539507389163	1.64859704433498	13.2203660257868	1.81406635419754e-33	3.49955426394159e-33	64.1477194452738	CCL13
ENSG00000197980	1.52335714285714	-1.3472854679803	13.2105935557477	1.98687583494824e-33	3.83216813724422e-33	64.0570464235171	LEKR1
ENSG00000169031	1.83115270935961	-0.656859113300492	13.2001946984201	2.18881328451509e-33	4.22123647547556e-33	63.9605910808416	COL4A3
ENSG00000155542	1.06868226600985	2.42378349753695	13.1968043382068	2.2589761577995e-33	4.35568940066283e-33	63.9291501516132	SETD9
ENSG00000197283	1.0675842364532	3.42477684729064	13.1873122051797	2.46756718543779e-33	4.75554220294134e-33	63.8411409565567	SYNGAP1
ENSG00000244414	4.14114729064039	-4.88337068965516	13.1812791624646	2.61001290483113e-33	5.02857854542148e-33	63.7852170264679	CFHR1
ENSG00000178342	2.71342610837438	-2.8508381773399	13.1793853294225	2.65639646273263e-33	5.11743884806005e-33	63.7676640674809	KCNG2
ENSG00000213160	1.068739408867	0.366848522167488	13.1728849787199	2.82194224605711e-33	5.43367773893468e-33	63.707423419189	KLHL23
ENSG00000006638	1.30663990147783	-0.387687931034483	13.1614155226075	3.13950652715468e-33	6.04276928530057e-33	63.6011618963911	TBXA2R
ENSG00000188611	1.30694088669951	-0.783052216748769	13.1591916097719	3.20508563062798e-33	6.16777778372545e-33	63.5805622549995	ASAH2
ENSG00000162631	1.92474236453202	0.308614039408867	13.1397459697819	3.83989130006091e-33	7.38138459431342e-33	63.4005014133916	NTNG1
ENSG00000166342	3.38404581280788	-2.00520911330049	13.1345249905581	4.03071521807388e-33	7.74744140765218e-33	63.3521750915598	NETO1
ENSG00000115963	1.31888177339901	5.73215763546798	13.1343343084655	4.03786066016926e-33	7.76041237421594e-33	63.3504102514696	RND3
ENSG00000267740	1.14233694581281	0.570709359605911	13.1185150214229	4.67682445803014e-33	8.98137810129963e-33	63.204032618284	
ENSG00000180815	2.96867438423645	-5.28204950738916	13.1062594750513	5.24031239044701e-33	1.00565830044305e-32	63.0906800622915	MAP3K15
ENSG00000117148	3.23893152709359	-7.56433916256154	13.103053819722	5.39855086251694e-33	1.03582210069029e-32	63.0610378215425	ACTL8
ENSG00000133863	2.66776896551723	-7.6302830049261	13.0836711285777	6.4620469359015e-33	1.23841640895741e-32	62.8818719436908	TEX15
ENSG00000254585	2.54068128078817	-3.38982093596059	13.0823198016224	6.54354196673696e-33	1.25391152298464e-32	62.8693848614161	MAGEL2
ENSG00000260537	5.54028719211822	-1.79831551724137	13.0580003837299	8.19835399230561e-33	1.56886245316918e-32	62.6447490832883	
ENSG00000122121	1.83468620689655	1.87687610837438	13.0514754338599	8.70932998873836e-33	1.6656657529842e-32	62.5845080542957	XPNPEP2
ENSG00000221818	1.88842709359606	0.306726847290641	13.023377134348	1.12979441713747e-32	2.15883861344484e-32	62.325234727023	EBF2
ENSG00000048740	1.31652463054187	2.78134556650246	13.0195729232216	1.17028837683193e-32	2.23555967351413e-32	62.2901496045934	CELF2
ENSG00000205221	1.54933891625616	3.23663201970443	13.016628917231	1.2026160037619e-32	2.29655361557247e-32	62.2630008107463	VIT
ENSG00000260342	5.12278226600985	-2.51516650246305	13.0128761298114	1.24511820010402e-32	2.3766458162173e-32	62.2283973450667	
ENSG00000154839	2.27035665024631	-0.54073448275862	13.0024290532988	1.3714859204196e-32	2.61734158758202e-32	62.1320893631913	SKA1
ENSG00000231738	3.95782315270935	-6.09983620689654	12.9885034531222	1.56001635075519e-32	2.97626081484505e-32	62.0037639597065	TSPAN19
ENSG00000251692	3.39225172413792	-5.92732635467979	12.9737544713669	1.78791950665189e-32	3.41006470808035e-32	61.8679133558424	PTX4
ENSG00000140459	1.55421083743843	-1.02257142857143	12.9509631260771	2.20700905203582e-32	4.20733303042474e-32	61.6581122839109	CYP11A1
ENSG00000139973	2.5774960591133	-6.98307561576354	12.9476562222573	2.27545626468471e-32	4.33612543388285e-32	61.6276840517085	SYT16
ENSG00000165480	2.0099039408867	0.213534236453202	12.9431305095349	2.37257211903853e-32	4.52030850641036e-32	61.5860463050856	SKA3
ENSG00000137473	3.44205665024629	-5.70386921182265	12.9367206990966	2.51722675349219e-32	4.7949746775265e-32	61.5270847869638	TTC29
ENSG00000112981	2.54122512315271	-1.30484852216749	12.9326884757996	2.61269449385163e-32	4.97488802483178e-32	61.4900000963025	NME5
ENSG00000090889	1.78149802955665	0.549672167487685	12.928520015724	2.71518216286229e-32	5.16953330345429e-32	61.4516675176518	KIF4A
ENSG00000139211	1.57315172413793	1.70132561576355	12.924830180479	2.80923965234165e-32	5.34652914745427e-32	61.4177406296222	AMIGO2
ENSG00000165323	2.17585172413793	-2.61161453201971	12.9208103846434	2.91540714799387e-32	5.5480462056769e-32	61.3807844809435	FAT3
ENSG00000119280	1.06688719211822	5.22423029556651	12.8598332165144	5.1148139003201e-32	9.7098983135861e-32	60.8207825910284	C1orf198
ENSG00000126010	3.40238669950738	-5.53377019704433	12.8428664631599	5.97962686161285e-32	1.13450357407416e-31	60.6651626733862	GRPR
ENSG00000081051	3.901381773399	-7.17503768472904	12.8358447915805	6.37882258524342e-32	1.20965503115795e-31	60.6007850713768	AFP
ENSG00000188991	2.5146014778325	-8.46533472906401	12.8319282989845	6.61290740990685e-32	1.25392428298467e-31	60.5648835435658	SLC15A5
ENSG00000166596	3.47211871921182	-4.25336034482758	12.82006815224	7.37527827936553e-32	1.39807632297372e-31	60.4561929322052	CFAP52
ENSG00000164087	1.13308472906404	1.45092857142857	12.8169293028629	7.59130279696416e-32	1.43860782833857e-31	60.4274345643382	POC1A
ENSG00000198963	1.62286009852216	-2.99794285714286	12.8162328722698	7.64008134906945e-32	1.44757096881438e-31	60.4210542232326	RORB
ENSG00000169067	3.65554334975369	-6.3650884236453	12.8069183498071	8.32330516558705e-32	1.57656324072795e-31	60.335733550251	ACTBL2
ENSG00000158077	2.59510788177339	-6.9896987684729	12.8027251132979	8.6504354775592e-32	1.63789177504565e-31	60.2973323086139	NLRP14
ENSG00000235387	1.61712167487685	-0.602235221674877	12.7999857544258	8.87103023535766e-32	1.67917156973421e-31	60.2722484352422	SPAAR
ENSG00000099860	1.29362364532019	7.21102167487685	12.7807113398709	1.0589951478982e-31	2.00395886319615e-31	60.0958206333157	GADD45B
ENSG00000117477	2.27435418719211	-2.94996773399015	12.7444899087812	1.47677613971732e-31	2.78913301656093e-31	59.7645776414443	CCDC181
ENSG00000253485	1.00296551724138	-0.763141871921183	12.7150619627263	1.93429205953296e-31	3.64793818060153e-31	59.4957591485237	PCDHGA5
ENSG00000104043	1.62586108374384	0.800779802955665	12.7107067329433	2.01306887341047e-31	3.79577305327937e-31	59.4559978142407	ATP8B4
ENSG00000213996	1.67310295566503	-1.24917906403941	12.7076221973521	2.07078749267044e-31	3.90347537202332e-31	59.4278409291417	TM6SF2
ENSG00000168078	2.1607315270936	1.15238054187192	12.6750334793696	2.79104257581005e-31	5.25255720497688e-31	59.1305392611514	PBK
ENSG00000197380	1.01964384236453	1.37836477832512	12.6743014276956	2.809808931487e-31	5.28736505913519e-31	59.123864683474	DACT3
ENSG00000160161	1.34813152709359	-1.98169482758621	12.6681560214784	2.97238807156102e-31	5.59222178631419e-31	59.0678397549285	CILP2
ENSG00000188316	2.37718078817734	-2.67988694581281	12.636499870589	3.9706603410152e-31	7.46102349847299e-31	58.7794327227619	ENO4
ENSG00000111247	1.57470197044335	1.11442192118226	12.6314587314492	4.15792649064946e-31	7.8098999884921e-31	58.733533980583	RAD51AP1
ENSG00000140945	1.10417980295567	5.44586379310345	12.613130159488	4.91603799815605e-31	9.22500619934372e-31	58.5667230560946	CDH13
ENSG00000173626	3.14102709359605	-6.21111699507388	12.5962054587189	5.7377572312276e-31	1.07618055295758e-30	58.4127835156652	TRAPPC3L
ENSG00000112320	1.15410738916256	-0.115388669950739	12.5935764036388	5.87714076194476e-31	1.10221770412595e-30	58.3888789679545	SOBP
ENSG00000169271	2.42883743842365	0.575651231527093	12.5825245973589	6.50092445870501e-31	1.21850245321325e-30	58.2884150544924	HSPB3
ENSG00000157343	1.17010935960591	0.178875369458128	12.5530153574192	8.50879034542689e-31	1.59225108618531e-30	58.020359094264	ARMC12
ENSG00000224982	2.54058078817733	-2.79173719211823	12.5312415229875	1.03763104567491e-30	1.9381940254807e-30	57.82274890377	TMEM233
ENSG00000144671	2.58781970443349	-3.94104236453202	12.5262569860982	1.08582878634696e-30	2.02744755807302e-30	57.7775327835203	SLC22A14
ENSG00000120075	1.34887931034483	-0.708757881773399	12.5203510214383	1.14583065379574e-30	2.13744011421118e-30	57.7239684990048	HOXB5
ENSG00000122035	1.41565369458128	3.51745049261084	12.5001491118868	1.37716593656607e-30	2.56579051695816e-30	57.5408319551232	RASL11A
ENSG00000153714	1.06924975369458	3.71223078817734	12.4929643960472	1.47020089928978e-30	2.73807928847049e-30	57.4757321206389	LURAP1L
ENSG00000274276	4.70455517241379	0.0590110837438428	12.4814813905004	1.63206347270327e-30	3.03721401614773e-30	57.3717207697126	
ENSG00000135069	1.25700492610837	6.12277290640394	12.4530671483717	2.11300847698517e-30	3.92662720209626e-30	57.1145331876692	PSAT1
ENSG00000046653	1.5427527093596	2.82187044334976	12.4482265200176	2.20799612436615e-30	4.10236359216232e-30	57.0707451646983	GPM6B
ENSG00000087589	1.4546960591133	-1.26119433497537	12.447405943849	2.22451475790462e-30	4.13266160271624e-30	57.0633230430051	CASS4
ENSG00000182791	1.57699999999999	-3.2900275862069	12.4263476684872	2.69322942998498e-30	4.99915363989044e-30	56.8729261093872	CCDC87
ENSG00000112186	1.21607536945813	0.849921428571428	12.3950783113443	3.57653307005004e-30	6.62740463255433e-30	56.5904751589828	CAP2
ENSG00000170962	2.0282118226601	2.48896798029557	12.3690786891201	4.52674679787892e-30	8.3810218781762e-30	56.355870622739	PDGFD
ENSG00000109705	2.58123842364532	-4.21854778325123	12.3621182937174	4.82129121940189e-30	8.92381824299599e-30	56.2931023299487	NKX3-2
ENSG00000120217	1.22041724137931	-0.466697783251231	12.3397284959819	5.90448847055228e-30	1.09111596871426e-29	56.0913021830669	CD274
ENSG00000024526	2.30926157635468	-0.059292857142857	12.3394356538194	5.92015438604483e-30	1.09390749822322e-29	56.0886638914097	DEPDC1
ENSG00000122966	1.05896305418719	2.05695443349754	12.3387462613822	5.95719783839587e-30	1.10064820041536e-29	56.0824530875446	CIT
ENSG00000169607	1.87495073891626	0.373075862068966	12.3272032175838	6.61288243556093e-30	1.2210993910586e-29	55.9784842510129	CKAP2L
ENSG00000172789	1.21010886699507	-0.729769704433498	12.3253934756742	6.7220070340266e-30	1.24113247788122e-29	55.9621878430221	HOXC5
ENSG00000027644	2.72219950738916	-6.84861847290639	12.3157807103266	7.33242154610342e-30	1.3529428935318e-29	55.875644953011	INSRR
ENSG00000197238	2.67726945812808	1.54209285714286	12.3077412815888	7.88510443114724e-30	1.45437197539858e-29	55.8032904505934	H4C11
ENSG00000135472	1.43213251231527	-0.207367733990148	12.2670203634208	1.13899573203625e-29	2.09805397261311e-29	55.4371378275658	FAIM2
ENSG00000136531	1.80211428571428	-3.3667354679803	12.2452640286026	1.38597983903165e-29	2.55083989587083e-29	55.241739663602	SCN2A
ENSG00000180660	2.0084472906404	-0.895678325123153	12.2445958688449	1.39435540845989e-29	2.56601312667137e-29	55.2357413217396	MAB21L1
ENSG00000218305	3.00134039408866	-7.24901551724135	12.2130993566601	1.85201079343043e-29	3.40406272810549e-29	54.9531566117385	CDC14C
ENSG00000102271	2.16242709359605	-3.6823972906404	12.2108977870432	1.88909840340853e-29	3.47190454240661e-29	54.9334169119805	KLHL4
ENSG00000258644	1.67952561576355	2.33118694581281	12.1949591185489	2.18059504601547e-29	4.00462253446426e-29	54.7905571442076	SYNJ2BP-COX16
ENSG00000123096	1.10758522167488	1.72605763546798	12.191556165073	2.24841172911683e-29	4.12800281946647e-29	54.7600674210682	SSPN
ENSG00000105371	3.27212364532019	-4.14971600985221	12.1915232668188	2.24907749779088e-29	4.12883724394827e-29	54.7597726792339	ICAM4
ENSG00000274810	1.60142561576355	-0.136013300492611	12.187088726728	2.34064075938342e-29	4.29491095961227e-29	54.7200461716033	NPHP3-ACAD11
ENSG00000147145	2.54234581280787	-3.43805320197044	12.1860940184857	2.36168366806915e-29	4.332709560778e-29	54.7111360757069	LPAR4
ENSG00000172733	2.49096502463054	-4.28517660098522	12.1783131893482	2.53291981773563e-29	4.64554848223272e-29	54.6414510428307	PURG
ENSG00000147872	1.08149704433497	6.3757381773399	12.1337645025622	3.78009702428944e-29	6.92321050128062e-29	54.2428748224451	PLIN2
ENSG00000119969	1.12014630541872	1.59265049261084	12.1199037444683	4.28099368262089e-29	7.83325641814396e-29	54.119002851833	HELLS
ENSG00000130433	3.25679999999999	-6.16967241379309	12.1031313381321	4.97623156109499e-29	9.09771888548211e-29	53.9691990450028	CACNG6
ENSG00000170965	3.67746108374383	-3.44796009852216	12.0916545185944	5.51566198019405e-29	1.00810948762581e-28	53.8667495496309	PLAC1
ENSG00000067715	1.43042364532019	-2.07930541871921	12.0714856933176	6.60843897870766e-29	1.2064846274468e-28	53.6868210426416	SYT1
ENSG00000102802	1.46118620689655	3.50083349753694	12.0643965050735	7.04169358599814e-29	1.28546264416231e-28	53.6236113621779	MEDAG
ENSG00000214575	1.02999507389163	0.724050246305417	12.0457595927386	8.32036584339344e-29	1.51775029694385e-28	53.4575222737826	CPEB1
ENSG00000258713	3.81534236453201	-6.9436041871921	12.0146694314713	1.09878768085013e-28	2.00209872812803e-28	53.180724106767	C20orf141
ENSG00000126259	2.74304137931034	-5.82994778325122	12.0106021400687	1.13946941000763e-28	2.07564422169734e-28	53.1445379484999	KIRREL2
ENSG00000124140	2.12961527093596	-0.610238669950739	11.9952189465775	1.30736382377132e-28	2.3792609279325e-28	53.0077287051054	SLC12A5
ENSG00000186191	3.70654975369458	-7.54664679802953	11.9867100919314	1.41058540037113e-28	2.56639604264524e-28	52.9320919411866	BPIFB4
ENSG00000184227	1.1678	2.13325172413793	11.9809513325999	1.48501019084152e-28	2.70130030246905e-28	52.88091588398	ACOT1
ENSG00000186952	1.51934482758621	-0.468273399014778	11.9521385880201	1.92033865688582e-28	3.48831177104133e-28	52.6250447502665	TMEM232
ENSG00000151490	1.06678374384237	-1.3212933497537	11.9431909211074	2.07981213698805e-28	3.77659252750609e-28	52.5456455055455	PTPRO
ENSG00000240764	1.42868275862069	-0.917264039408867	11.9096268350909	2.8046524565347e-28	5.08710955129025e-28	52.2480626655615	PCDHGC5
ENSG00000114757	1.53003546798029	-3.16632807881774	11.9008751391304	3.03186533925344e-28	5.49718987378833e-28	52.170535830239	PEX5L
ENSG00000205809	3.8555802955665	-5.72106354679801	11.8939713754524	3.22395562591572e-28	5.844933745398e-28	52.1093983986356	KLRC2
ENSG00000116717	1.102	5.50577832512315	11.8833725963096	3.54268975575476e-28	6.41862073122191e-28	52.0155726765135	GADD45A
ENSG00000119698	1.5721118226601	-1.11861551724138	11.8799859624951	3.65100446601465e-28	6.61241235170142e-28	51.9856010639971	PPP4R4
ENSG00000188613	1.47642216748768	0.287434236453202	11.866966117118	4.09900848820134e-28	7.41898896697513e-28	51.8704145290102	NANOS1
ENSG00000109163	2.70595320197044	-4.9378514778325	11.8335591667922	5.51486986427847e-28	9.96685349928141e-28	51.5751453255301	GNRHR
ENSG00000100292	1.15459704433497	6.09151330049261	11.8286625398314	5.75980662141081e-28	1.04075950989931e-27	51.5319004166358	HMOX1
ENSG00000101347	1.35177881773398	4.42088842364532	11.8068250855563	6.99082981980623e-28	1.26238030251944e-27	51.3391482229247	SAMHD1
ENSG00000181072	3.12348768472906	-4.86509802955664	11.7994165973057	7.46535339982532e-28	1.34744560948911e-27	51.2737956056634	CHRM2
ENSG00000102760	1.55076551724138	5.64425270935961	11.771705439372	9.5424188892565e-28	1.72011760846647e-27	51.0295257583599	RGCC
ENSG00000196381	1.29480738916256	-0.660716995073892	11.7672520411793	9.92613140464897e-28	1.78895563874989e-27	50.9902961099395	ZNF781
ENSG00000133958	1.54513990147784	-5.21753990147783	11.7492535197213	1.16397984800089e-27	2.09529239034942e-27	50.831823221633	UNC79
ENSG00000167244	2.34763842364532	2.90614039408867	11.7273262990762	1.41299100003825e-27	2.54119916461877e-27	50.6389213393778	IGF2
ENSG00000253767	1.16815714285714	-2.00325640394089	11.72712270273	1.41553557717637e-27	2.54554120264845e-27	50.6371310641964	PCDHGA8
ENSG00000159640	1.17157881773399	1.93663078817734	11.7239920997155	1.45524151672298e-27	2.61670313947372e-27	50.6096048069685	ACE
ENSG00000088325	1.3616078817734	2.95217733990148	11.7238437474829	1.4571503598081e-27	2.61989440899529e-27	50.6083004901194	TPX2
ENSG00000132938	1.76354729064039	-2.46255935960591	11.7191399911812	1.51898298727712e-27	2.73056439493787e-27	50.5669491873794	MTUS2
ENSG00000154920	1.21140738916256	0.907354433497537	11.7145983959471	1.58116033891148e-27	2.84181323857336e-27	50.5270312859645	EME1
ENSG00000124191	1.14955418719212	1.7721736453202	11.7016504443962	1.77268039871917e-27	3.18456704833334e-27	50.4132687952486	TOX2
ENSG00000186281	1.51125073891626	1.01024704433497	11.6949114949983	1.8813229233392e-27	3.3784977548148e-27	50.3540842399637	GPAT2
ENSG00000154310	1.08131724137931	0.327900985221675	11.6920752987075	1.92900515940443e-27	3.46348941796044e-27	50.3291805387082	TNIK
ENSG00000268790	4.6692157635468	0.553275369458128	11.6883552168407	1.99337535660267e-27	3.57807855412229e-27	50.2965202964756	
ENSG00000197903	1.04032857142857	5.13062044334975	11.6690993570978	2.36234930877868e-27	4.23804555146911e-27	50.1275475410689	H2BC12
ENSG00000138160	1.19589704433498	1.63844507389162	11.6667657088683	2.41145182675648e-27	4.32415044948385e-27	50.1070789237137	KIF11
ENSG00000254221	1.55953990147783	-1.87652068965517	11.6634585269043	2.48278318110748e-27	4.45083468720323e-27	50.0780748707469	PCDHGB1
ENSG00000152034	2.36602463054186	-8.61152758620686	11.6179486800232	3.70661106673969e-27	6.63138272143432e-27	49.6793715206345	MCHR2
ENSG00000204518	3.31684039408866	-6.76208620689653	11.6057939734039	4.12479747231887e-27	7.37482087868759e-27	49.5730190099112	AADACL4
ENSG00000156006	3.37818128078817	-5.8787344827586	11.5837981576183	5.00444991089456e-27	8.94021027138692e-27	49.3807005260604	NAT2
ENSG00000204963	2.17045812807881	-3.62414334975369	11.5837678326189	5.00578321114709e-27	8.94177472689546e-27	49.3804355093001	PCDHA7
ENSG00000172967	3.3617645320197	-7.59716009852214	11.5835843663243	5.01385722209141e-27	8.95517309207338e-27	49.3788321649613	XKR3
ENSG00000143476	1.92121822660098	0.526254433497538	11.5625480418319	6.0310026634548e-27	1.07613088065407e-26	49.1950772350049	DTL
ENSG00000143028	1.73223201970444	-0.687679556650246	11.5531134089414	6.55153643515903e-27	1.16869123702307e-26	49.1127195157605	SYPL2
ENSG00000188219	2.52788325123153	-7.71027857142855	11.5517945338302	6.62777866424561e-27	1.18207584792085e-26	49.101209379566	POTEE
ENSG00000204970	2.79463054187192	-6.31203694581279	11.5511057858528	6.66794445085407e-27	1.18913095873873e-26	49.0951987775553	PCDHA1
ENSG00000102524	1.03466009852217	-0.0794246305418719	11.5460444236569	6.9706338062896e-27	1.24243091793608e-26	49.0510345980716	TNFSF13B
ENSG00000153237	1.7013645320197	-2.07923054187192	11.5189437878675	8.83966716506922e-27	1.57369751061112e-26	48.8147287141592	CCDC148
ENSG00000163581	2.95088620689655	-7.43104950738913	11.4812103888648	1.22991448250271e-26	2.18658923008261e-26	48.4861816394518	SLC2A2
ENSG00000166448	1.9586645320197	-1.82952192118227	11.4803939860683	1.23872752362001e-26	2.202057060546e-26	48.4790792626524	TMEM130
ENSG00000137834	1.0685157635468	1.14379433497537	11.4701298921974	1.35503850394875e-26	2.40772526315388e-26	48.3898078446632	SMAD6
ENSG00000170153	1.26762955665025	-0.35391921182266	11.4619765551789	1.45512372872487e-26	2.58485845893476e-26	48.3189238092287	RNF150
ENSG00000198673	1.02427931034483	-0.470567733990148	11.4571325603502	1.51803390109579e-26	2.69489630225417e-26	48.2768230103567	TAFA2
ENSG00000206026	2.27080837438423	-8.7240386699507	11.430788696879	1.91064831041188e-26	3.38665662422394e-26	48.0480198210928	SMIM21
ENSG00000145358	1.43961527093596	-0.517059359605912	11.4125116586549	2.24089719016868e-26	3.9691482724804e-26	47.8894385730287	DDIT4L
ENSG00000162814	1.42676305418719	-1.14428300492611	11.4124030660585	2.24302007636794e-26	3.97254833536182e-26	47.8884967576947	SPATA17
ENSG00000196081	1.2458566502463	-2.01936822660099	11.3999674360734	2.49984213504109e-26	4.42579407528293e-26	47.7806741220259	ZNF724
ENSG00000178404	1.93743645320197	-2.65212216748769	11.3527166190706	3.77190944193318e-26	6.66341116563535e-26	47.3715435325406	CEP295NL
ENSG00000119913	2.51152315270935	-8.20986157635465	11.323925661895	4.84430917491882e-26	8.55094299487522e-26	47.122684842703	TECTB
ENSG00000162849	1.41976896551724	0.497937192118226	11.3101998380913	5.45745649273157e-26	9.62976205697158e-26	47.0041598887564	KIF26B
ENSG00000065534	1.1202669950739	4.27205123152709	11.3056810524541	5.67574792817706e-26	1.00113246694139e-25	46.9651558124233	MYLK
ENSG00000102468	2.18872364532019	-3.44994014778325	11.2974133870066	6.09786405337312e-26	1.07520039096831e-25	46.8938142553153	HTR2A
ENSG00000203805	2.21511822660099	-0.172320197044335	11.2973825587115	6.09949507486174e-26	1.07539094869134e-25	46.8935482895879	PLPP4
ENSG00000251258	2.56892561576354	-8.36381009852213	11.2880423274032	6.61418307739253e-26	1.16518854861989e-25	46.8129845951763	RFPL4B
ENSG00000182013	1.50743793103448	-0.0096869458128079	11.2828833377766	6.91675646009657e-26	1.21827178677969e-25	46.7685009734173	PNMA8A
ENSG00000248919	1.58590640394089	1.48230591133005	11.2703870802796	7.70794484676159e-26	1.35652610046303e-25	46.660795685255	ATP5MF-PTCD1
ENSG00000147206	2.35593842364532	-1.95840812807882	11.2698405845923	7.74452898840101e-26	1.36284183242983e-25	46.6560868682618	NXF3
ENSG00000184530	3.09729507389162	-5.7900357142857	11.2651149240071	8.06817102972407e-26	1.41902797464556e-25	46.6153737672307	C6orf58
ENSG00000255072	6.14512216748768	-1.24802709359606	11.2557629116279	8.74883822797598e-26	1.53805142723198e-25	46.5348296263956	PIGY
ENSG00000255150	1.12964285714286	1.38110911330049	11.2486512367669	9.30441759624379e-26	1.63513425059169e-25	46.4736039567746	EID3
ENSG00000169548	3.04874532019704	-6.38773226600984	11.2224612058718	1.16703799347424e-25	2.04907964676312e-25	46.2483053980965	ZNF280A
ENSG00000106633	1.32604778325123	-1.05138448275862	11.2062325121784	1.34275564268461e-25	2.35464202883548e-25	46.1088381322723	GCK
ENSG00000267699	2.89882807881773	-2.61647758620689	11.1937214127318	1.49597579565679e-25	2.62144539084693e-25	46.0013923818118	
ENSG00000134824	2.1926566502463	4.64502586206897	11.177670206467	1.71826863078497e-25	3.00881770455196e-25	45.8636373743523	FADS2
ENSG00000270011	1.65253694581281	0.219367487684729	11.1602307826228	1.99714963840143e-25	3.49277771913734e-25	45.7140875353391	ZNF559-ZNF177
ENSG00000138669	1.43404137931035	-0.0787241379310344	11.1210872584219	2.79788979749213e-25	4.88836499084409e-25	45.3788702535102	PRKG2
ENSG00000121318	2.6829487684729	-3.32864729064039	11.1193604880635	2.83977281585781e-25	4.96065436376985e-25	45.364097039627	TAS2R10
ENSG00000215372	2.03363004926107	-8.74220714285712	11.1182408470466	2.86726247727941e-25	5.00822696916286e-25	45.3545187173912	ZNF705G
ENSG00000251503	1.5177802955665	-1.00799802955665	11.1125210504577	3.01187997755123e-25	5.25988905462968e-25	45.3055949732943	CENPS-CORT
ENSG00000198885	1.02125517241379	-0.485137438423645	11.1017558552111	3.30402161035898e-25	5.76750248411211e-25	45.2135524823571	ITPRIPL1
ENSG00000264545	2.88323054187191	-8.37513793103445	11.0795141691195	3.99986608089245e-25	6.97344838547599e-25	45.0235376307168	
ENSG00000157315	1.39618472906404	-1.01880812807882	11.0311514608758	6.05657332339673e-25	1.05281583246592e-24	44.6110747821668	TMED6
ENSG00000173432	2.23793103448276	5.49829556650246	11.0139803809379	7.01617636289743e-25	1.21799874285992e-24	44.4648653630359	SAA1
ENSG00000257315	1.1111039408867	2.16197857142857	10.9947726420779	8.26966541359238e-25	1.43509281158354e-24	44.3014604468691	ZBED6
ENSG00000151364	1.28114778325123	0.508345812807882	10.9945402951904	8.28611728717226e-25	1.43769248003125e-24	44.2994847633157	KCTD14
ENSG00000205111	3.05597832512315	-5.07733448275861	10.983639574088	9.09567591709149e-25	1.57773565393043e-24	44.2068196638247	CDKL4
ENSG00000163584	1.19079753694582	6.64173768472906	10.9822096091883	9.20755057772827e-25	1.59699967506848e-24	44.1946674948404	RPL22L1
ENSG00000091106	1.21349162561576	-2.28081428571429	10.962366580582	1.09088516790672e-24	1.89023567576104e-24	44.026125850524	NLRC4
ENSG00000051341	1.31359014778325	-0.636575369458128	10.953535138592	1.17632872942736e-24	2.03720454009832e-24	43.9511672759835	POLQ
ENSG00000116194	1.48540147783251	2.33088596059114	10.9433624497073	1.2830239814142e-24	2.21962240127446e-24	43.8648654970759	ANGPTL1
ENSG00000102174	1.36523399014778	-3.25306674876848	10.9354849114495	1.37221090271535e-24	2.37370500671536e-24	43.7980651452131	PHEX
ENSG00000083067	1.84225369458128	-3.54527167487685	10.933257773619	1.39852532080583e-24	2.41901060534497e-24	43.7791841195814	TRPM3
ENSG00000254598	1.11359950738916	-0.404851477832512	10.9216286957228	1.54429657495534e-24	2.66996758982371e-24	43.6806303903524	CSNK2A3
ENSG00000279968	1.48941674876847	-2.77435073891626	10.9192386060433	1.57607818655477e-24	2.72419245724866e-24	43.6603820552823	CCDC28A-AS1
ENSG00000184588	1.03612857142857	2.63663472906404	10.9180455674157	1.59218479282375e-24	2.75130207987989e-24	43.6502757928967	PDE4B
ENSG00000259224	2.8225014778325	-6.12953546798028	10.9085759727705	1.72597113380397e-24	2.98116739409556e-24	43.5700800852971	SLC35G6
ENSG00000131386	1.8104960591133	4.3340697044335	10.9060023464997	1.76422446435454e-24	3.04697078943141e-24	43.548291266122	GALNT15
ENSG00000146674	1.49349359605911	7.23345862068965	10.8786884804457	2.22596795135395e-24	3.83867505342031e-24	43.3172209572309	IGFBP3
ENSG00000134183	3.2611763546798	-6.34849211822657	10.8702176793644	2.39223329803226e-24	4.12357970452028e-24	43.2456243368393	GNAT2
ENSG00000198353	1.16945714285714	2.76767192118226	10.8632808341778	2.53754168771675e-24	4.37251033077866e-24	43.1870158688407	HOXC4
ENSG00000256980	3.58353645320196	-5.59425591133003	10.8453122843681	2.95603293186103e-24	5.09093113196688e-24	43.03529807801	KHDC1L
ENSG00000171388	1.50540640394089	-0.438190886699507	10.8430140263226	3.01428690185336e-24	5.19034228883765e-24	43.0159027050162	APLN
ENSG00000149968	3.12412660098523	2.55046034482759	10.8213651653286	3.62219655250729e-24	6.23052240375824e-24	42.8333161349438	MMP3
ENSG00000184557	1.40923349753695	4.32666502463054	10.7969436253904	4.45528130453837e-24	7.65676785272085e-24	42.6275877762104	SOCS3
ENSG00000172403	1.24435665024631	3.29515221674877	10.7677747358038	5.70309886134177e-24	9.79177279461789e-24	42.3822064229597	SYNPO2
ENSG00000090339	1.19508472906404	3.6420684729064	10.7664760058279	5.76609599103057e-24	9.89906420598431e-24	42.3712895470531	ICAM1
ENSG00000103485	1.10271773399015	1.49991600985222	10.7655371794785	5.81206567198775e-24	9.9771071119101e-24	42.3633984097548	QPRT
ENSG00000143341	1.3417921182266	1.17132068965517	10.7599578104071	6.09287360134531e-24	1.04545557922109e-23	42.3165099429263	HMCN1
ENSG00000184697	2.96839556650245	-5.98105049261082	10.7528333942614	6.47112862200267e-24	1.10996924015778e-23	42.2566567872794	CLDN6
ENSG00000255073	3.52101822660098	-7.26076576354677	10.751143287828	6.56423339040798e-24	1.12584034505312e-23	42.2424612318683	ZFP91-CNTF
ENSG00000173452	2.70715221674876	-8.0076041871921	10.7408584760259	7.160209329301e-24	1.22741062029123e-23	42.15610385925	TMEM196
ENSG00000131747	1.54988472906404	3.00281083743843	10.669557116018	1.30627837462695e-23	2.23394521720135e-23	41.5586914821293	TOP2A
ENSG00000028277	1.45337339901478	0.76645960591133	10.6543345827358	1.48476739912246e-23	2.53719172032626e-23	41.4314368845254	POU2F2
ENSG00000173918	1.0196369458128	4.97539975369458	10.6451163367885	1.60442879241704e-23	2.74071219068302e-23	41.3544257639939	C1QTNF1
ENSG00000244588	2.66072019704433	-7.6651596059113	10.631529248503	1.79848524432962e-23	3.07086051941367e-23	41.2409852194295	RAD21L1
ENSG00000203995	1.49877389162561	-3.15419827586207	10.591879105408	2.50848614350434e-23	4.27569439305379e-23	40.910410571129	ZYG11A
ENSG00000164122	2.58247980295566	-3.77451822660098	10.591407117645	2.51843108148481e-23	4.29227107922346e-23	40.906479702103	ASB5
ENSG00000204334	2.11997733990148	-1.01987142857143	10.5877048480418	2.59781035488243e-23	4.42678845091667e-23	40.875649444223	ERICH2
ENSG00000164796	2.60581428571428	-7.11765246305417	10.5722241531484	2.95756025219082e-23	5.03411222439796e-23	40.7468021257653	CSMD3
ENSG00000104953	1.66957389162562	0.449465763546798	10.5617037198284	3.22987656653137e-23	5.49619016572239e-23	40.6593009169443	TLE6
ENSG00000244255	3.86690985221674	-5.65810665024629	10.5580370480653	3.33052728594728e-23	5.66647781838601e-23	40.6288159332178	
ENSG00000170989	1.01016256157635	3.55932857142857	10.5503856220557	3.55070827534599e-23	6.03688368860374e-23	40.565220885024	S1PR1
ENSG00000078579	3.00761970443349	-6.98438374384234	10.531833180024	4.14648540905631e-23	7.04552802919558e-23	40.411131253339	FGF20
ENSG00000203963	2.57921527093596	-8.35584211822657	10.5270501912586	4.31555651636877e-23	7.33089407535453e-23	40.3714307262278	C1orf141
ENSG00000134376	2.2124330049261	-4.36613571428571	10.5035915696918	5.24929119865663e-23	8.90388409028278e-23	40.1768655782576	CRB1
ENSG00000145287	1.49459014778325	-0.66236551724138	10.4873898838381	6.00880613873132e-23	1.01806909626398e-22	40.0426349152755	PLAC8
ENSG00000125551	2.40766502463054	0.135908866995074	10.4628685897294	7.37081636898565e-23	1.24721182338486e-22	39.8397035583108	PLGLB2
ENSG00000141294	1.09162413793104	-1.35387512315271	10.4550323404801	7.86766051841301e-23	1.33070643803728e-22	39.7749107638645	LRRC46
ENSG00000162843	2.78562758620689	-7.10955763546795	10.4508720628937	8.14481514021463e-23	1.37734490714845e-22	39.7405235622677	WDR64
ENSG00000174279	1.71713054187191	-8.83505935960589	10.4439213917143	8.62966818679818e-23	1.45895817723341e-22	39.6830897318588	EVX2
ENSG00000128652	1.24534137931035	-0.0980155172413795	10.4399068182452	8.92266384807603e-23	1.50810151287927e-22	39.6499271320094	HOXD3
ENSG00000132821	1.45442561576355	0.0407857142857143	10.3949325316209	1.29635801130242e-22	2.18655517494147e-22	39.278920122396	VSTM2L
ENSG00000261611	2.28456305418719	-2.1875539408867	10.3891317329775	1.36025631348339e-22	2.29334215150482e-22	39.2311352757837	
ENSG00000214376	1.46150640394088	-2.45952512315271	10.3846315770575	1.41197432087011e-22	2.38012612597634e-22	39.1940753400997	VSTM5
ENSG00000153495	1.67206453201971	-1.03952142857143	10.3793484452263	1.47518827934932e-22	2.48625522682574e-22	39.1505793307699	TEX29
ENSG00000065328	1.71546650246306	-0.625908128078817	10.3440920072972	1.97532958702089e-22	3.32402400667891e-22	38.8606439112409	MCM10
ENSG00000129951	2.64905024630542	-4.49985369458127	10.3298653816013	2.22194476751161e-22	3.73773303320237e-22	38.7438129429353	PLPPR3
ENSG00000136514	1.07324876847291	-0.618075615763547	10.2938704141702	2.99107575593426e-22	5.02550102505952e-22	38.4486386445018	RTP4
ENSG00000186297	2.93573054187192	-5.05922684729063	10.2787834289118	3.38734729988467e-22	5.68739074957867e-22	38.3250990005447	GABRA5
ENSG00000132693	3.09159507389162	-2.69252807881773	10.2787194416965	3.38913441125393e-22	5.68990246260518e-22	38.3245752690082	CRP
ENSG00000111780	3.87809605911329	-6.61081896551722	10.2711599614917	3.60699125930298e-22	6.0520153850175e-22	38.2627148960812	
ENSG00000129810	1.56547586206897	-0.678864532019704	10.2665413338962	3.74688288339567e-22	6.28565415978352e-22	38.2249331705934	SGO1
ENSG00000166800	2.42925911330049	-5.914121182266	10.2654932228349	3.7793714035536e-22	6.33961167109395e-22	38.216360710613	LDHAL6A
ENSG00000145244	1.65008522167488	1.69759433497537	10.2603284980391	3.94359559761437e-22	6.61338240526732e-22	38.1741261674613	CORIN
ENSG00000259571	2.79170788177339	-7.90812339901475	10.2497404624235	4.30275111710493e-22	7.21073341312619e-22	38.0875817288669	BLID
ENSG00000241690	2.4707566502463	-8.04653645320194	10.244575827474	4.48954640016032e-22	7.52119294915841e-22	38.0453862163523	
ENSG00000257767	4.79323546798029	-1.80096896551723	10.2440661492222	4.50841152806087e-22	7.55214967266976e-22	38.0412227826863	
ENSG00000119547	2.01456354679803	-7.30151280788178	10.2351920113508	4.84978667721512e-22	8.11981933225992e-22	37.9687518173234	ONECUT2
ENSG00000039600	2.16194679802955	-5.1675157635468	10.2232234631694	5.3511880241988e-22	8.95546085200761e-22	37.8710691313535	SOX30
ENSG00000182459	2.40086798029556	-8.07751182266006	10.2149985146093	5.72527731779064e-22	9.57741562611407e-22	37.8039795322149	TEX19
ENSG00000157060	2.75248916256157	-6.690752955665	10.2146233951112	5.74294446429078e-22	9.60614745537708e-22	37.8009205055121	SHCBP1L
ENSG00000120337	3.10501625615762	-4.75079039408866	10.2126216507912	5.83814076112673e-22	9.76370960666996e-22	37.7845977956547	TNFSF18
ENSG00000259332	2.24251527093596	0.0475428571428571	10.2036463338693	6.28461067218814e-22	1.05067894392934e-21	37.7114342204799	ST20-MTHFS
ENSG00000279170	1.99048522167487	-4.70021650246305	10.2014868949291	6.39699483507018e-22	1.06937615968299e-21	37.6938369463189	TSTD3
ENSG00000166482	1.39720541871921	6.44899187192118	10.164528655761	8.66110138340134e-22	1.44539063394047e-21	37.3930076825878	MFAP4
ENSG00000160838	2.85571576354679	-3.92623866995073	10.1469323406074	1.00030234290423e-21	1.66805259706753e-21	37.2500075592696	LRRC71
ENSG00000146122	1.0532	3.11481280788177	10.1448883539247	1.01717100122444e-21	1.69589247555055e-21	37.2334062673865	DAAM2
ENSG00000011426	1.36821428571429	2.92637955665025	10.1381725095731	1.0746095848725e-21	1.7911992926969e-21	37.1788741488461	ANLN
ENSG00000183346	2.45174975369457	-2.93438325123153	10.1108081992982	1.34388578680357e-21	2.23774847015298e-21	36.9569016445506	CABCOCO1
ENSG00000165084	1.87980295566502	-1.78905270935961	10.1079357941001	1.37577443399163e-21	2.29026186123729e-21	36.933622257875	C8orf34
ENSG00000222046	1.84363251231526	-3.28382413793103	10.103115620142	1.43098360372968e-21	2.38156034611527e-21	36.8945661113418	DCDC2B
ENSG00000196747	3.88607931034482	-4.51891551724136	10.0967200112026	1.50764692686911e-21	2.50872243229532e-21	36.8427620415872	H2AC13
ENSG00000197405	1.28423399014778	0.987646551724138	10.0840237967552	1.67212285969419e-21	2.78075269544241e-21	36.7399818274912	C5AR1
ENSG00000179292	1.69183694581281	-3.98814507389162	10.071211823106	1.85615093050541e-21	3.08547988124675e-21	36.6363433668291	TMEM151A
ENSG00000094963	1.77639064039409	1.82781256157635	10.0585972080552	2.05696548574742e-21	3.41725916198896e-21	36.5343789200523	FMO2
ENSG00000260001	1.21307339901478	0.538216502463054	10.0555793020065	2.10812081554923e-21	3.50194635986595e-21	36.5099964838353	TGFBR3L
ENSG00000145681	3.1667802955665	-3.66491330049261	10.0534402787598	2.14514151508233e-21	3.56162748408996e-21	36.492717439689	HAPLN1
ENSG00000189057	1.75897931034483	-0.756035960591132	10.0501696630192	2.20299866278023e-21	3.6570676068681e-21	36.4663016724409	FAM111B
ENSG00000137812	1.50246108374384	-0.208217733990148	10.0474648380008	2.25201544725903e-21	3.7374849996039e-21	36.444459543786	KNL1
ENSG00000101162	1.90869901477832	-4.78501896551724	10.0260813479725	2.67962481708168e-21	4.44413376690233e-21	36.2719076605766	TUBB1
ENSG00000212124	1.73130837438423	-2.2386157635468	10.0109819316398	3.02922450826551e-21	5.02223681517983e-21	36.1501984747232	TAS2R19
ENSG00000188626	1.80355418719212	-1.09055492610837	9.98554989209174	3.72328869038799e-21	6.16353304426617e-21	35.9454544496514	GOLGA8M
ENSG00000152779	1.45609162561576	-1.38811034482759	9.97841721370055	3.94485043507296e-21	6.52864729015885e-21	35.8880886728513	SLC16A12
ENSG00000164308	1.41087635467981	2.18363275862069	9.97683670812606	3.99568996623562e-21	6.61166581881257e-21	35.8753805616561	ERAP2
ENSG00000165171	1.39171083743842	0.880831280788177	9.9720312820809	4.15429364775479e-21	6.87119817726823e-21	35.8367498844025	METTL27
ENSG00000164287	2.30795467980295	-7.91203349753692	9.96360081287537	4.44778552815697e-21	7.35227751575397e-21	35.7690049619414	CDC20B
ENSG00000178125	3.36777783251231	-6.84042487684726	9.9536298558863	4.82157217305445e-21	7.96813221190952e-21	35.6889261580882	PPP1R42
ENSG00000254550	3.28854039408866	-7.20273177339899	9.92110047168521	6.27155359698388e-21	1.03503674007482e-20	35.4280162872028	OMP
ENSG00000148288	1.07507684729064	1.53859162561576	9.87348934422983	9.2066685718013e-21	1.51636508411413e-20	35.0470828184754	GBGT1
ENSG00000268182	2.15053546798029	-3.04325985221675	9.85940447192261	1.03117944623138e-20	1.69738112687446e-20	34.9346064614282	SMIM17
ENSG00000242419	1.29930640394089	-1.6389118226601	9.85038217145839	1.10878781031391e-20	1.8242070541467e-20	34.8626097895025	PCDHGC4
ENSG00000154258	1.33595911330049	2.65466379310345	9.84907702530234	1.12048434154379e-20	1.84314015172127e-20	34.8521982710615	ABCA9
ENSG00000086991	1.33504581280788	0.1287539408867	9.846695610497	1.14214267676247e-20	1.87860888723948e-20	34.8332032455315	NOX4
ENSG00000177464	1.02437290640394	1.06491650246305	9.82779276271694	1.32946195541954e-20	2.18469101352243e-20	34.6825278136229	GPR4
ENSG00000161888	1.47903842364532	1.06932906403941	9.82686058602375	1.33944995372792e-20	2.20091911172547e-20	34.675102016359	SPC24
ENSG00000250709	2.92459261083743	-7.41215344827583	9.82241583139515	1.3881077671396e-20	2.28010439484257e-20	34.6397007142611	CCDC169-SOHLH2
ENSG00000084674	2.03923990147783	-1.85757561576355	9.81661687484845	1.45423639934919e-20	2.38792435224618e-20	34.5935284310239	APOB
ENSG00000173077	2.43370492610837	-3.50851699507389	9.79676727528569	1.70516007292731e-20	2.79830686472502e-20	34.4356102455716	DELEC1
ENSG00000256436	1.68918275862069	-1.95194556650247	9.7872040077825	1.8409464592909e-20	3.01962193280701e-20	34.3595980891838	TAS2R31
ENSG00000168454	2.37689655172413	-5.58114827586206	9.78564734440446	1.86404255004096e-20	3.05724880511124e-20	34.3472295464324	TXNDC2
ENSG00000182329	2.28497044334975	-6.9109738916256	9.77809719338648	1.98020776964188e-20	3.24613876640731e-20	34.2872567807842	KIAA2012
ENSG00000170848	2.71760591133004	-7.2087068965517	9.76501243894662	2.19878570366945e-20	3.60263856972485e-20	34.1833893299706	PSG6
ENSG00000188107	1.18301379310344	-3.613639408867	9.76323924886779	2.23019211963504e-20	3.65379061048859e-20	34.1693203057433	EYS
ENSG00000111206	1.14899852216749	2.59906822660098	9.76019370773101	2.28517640061593e-20	3.7435591601003e-20	34.1451597720101	FOXM1
ENSG00000226174	1.29552709359605	-2.57388374384237	9.75209015036744	2.43811661963454e-20	3.99109356516152e-20	34.0808964060103	TEX22
ENSG00000172179	3.64619704433497	-1.7864487684729	9.72983620520351	2.91236274577803e-20	4.76342423652446e-20	33.9045877181247	PRL
ENSG00000182667	1.24573054187192	1.81054359605911	9.72141621677168	3.11475318433027e-20	5.09317268246859e-20	33.8379451748289	NTM
ENSG00000205129	1.21745812807882	-0.657870935960592	9.7129961543321	3.33109330023809e-20	5.44373852427268e-20	33.7713380704471	CFAP96
ENSG00000179455	1.90835172413793	-1.8925078817734	9.67061728285787	4.66804384781486e-20	7.61777978070965e-20	33.4366474494936	MKRN3
ENSG00000164675	1.12596403940886	-3.04514014778325	9.65491131237363	5.28868988017377e-20	8.62628976198612e-20	33.3128413860234	IQUB
ENSG00000257529	3.92781280788177	-3.47138374384235	9.64899565260654	5.54311157145091e-20	9.03825501287391e-20	33.2662425676568	RPL36A-HNRNPH2
ENSG00000214050	2.08173349753695	-1.2810263546798	9.62016829256192	6.96757853380992e-20	1.13457561626292e-19	33.0394210648588	FBXO16
ENSG00000237452	1.94376009852216	-8.37278694581278	9.60974158894707	7.56769675354226e-20	1.23147580945726e-19	32.9574862917753	MEIOSIN
ENSG00000117009	1.71273990147783	-3.31769507389163	9.59838409809243	8.27983477878973e-20	1.34635156637634e-19	32.8683010778844	KMO
ENSG00000153789	2.7537408866995	-7.15257487684727	9.59413102640341	8.56328784338516e-20	1.39197946294654e-19	32.834920790689	CIBAR2
ENSG00000257921	2.77967487684729	-1.28029655172414	9.58244903994354	9.39234523615328e-20	1.52585593652762e-19	32.743282722158	
ENSG00000166349	1.07138275862068	-2.60372389162562	9.57963609552653	9.60358654815843e-20	1.55991429078308e-19	32.7212274420745	RAG1
ENSG00000116032	1.38038078817734	-2.04822290640394	9.56165837999058	1.10694566038935e-19	1.79547909157775e-19	32.5803675810027	GRIN3B
ENSG00000185742	1.95155123152709	-5.42863078817733	9.56110830295339	1.11176459984665e-19	1.8031458054779e-19	32.5760602359136	C11orf87
ENSG00000166897	1.26258177339902	-1.57619876847291	9.56030218555427	1.11886418990434e-19	1.81450987544487e-19	32.5697482661725	ELFN2
ENSG00000130270	1.27359014778325	0.128422660098522	9.55034018105033	1.21040211959769e-19	1.9618212010598e-19	32.4917727778401	ATP8B3
ENSG00000169679	1.56734187192118	0.992706896551723	9.54368303826099	1.27567448974737e-19	2.06675765865057e-19	32.4396941725969	BUB1
ENSG00000103154	2.03126157635467	-2.75800911330049	9.5232910379636	1.49813385281107e-19	2.42415597844117e-19	32.280311940673	NECAB2
ENSG00000170122	1.88919113300492	-3.03995763546798	9.51289037915276	1.62600250226782e-19	2.62953830679558e-19	32.1991048091594	FOXD4
ENSG00000083782	2.85104581280788	-7.2088884236453	9.51158847906015	1.64275222085419e-19	2.65596623644681e-19	32.1889437068682	EPYC
ENSG00000264187	3.5123369458128	-4.01993497536944	9.48628148644436	2.00454265151432e-19	3.23929318580112e-19	31.9916033485147	
ENSG00000109511	3.01672561576354	-6.33786428571426	9.46216295414865	2.42251499336324e-19	3.90826285811149e-19	31.8038432282371	ANXA10
ENSG00000205362	1.98653842364532	3.08899137931035	9.43681893236008	2.95499719146144e-19	4.76063933351521e-19	31.6068728515115	MT1A
ENSG00000166153	1.23819458128079	-1.07683768472906	9.43570425308537	2.98091095346691e-19	4.80199174450996e-19	31.5982174946631	DEPDC4
ENSG00000185760	1.60744778325123	-3.16047167487684	9.40282872946323	3.85531717917649e-19	6.19883234453406e-19	31.3432384825183	KCNQ5
ENSG00000248144	1.49746206896552	-0.763881773399015	9.38657202944931	4.37734400612323e-19	7.03413013466493e-19	31.2173650825347	ADH1C
ENSG00000254673	3.89462660098522	-7.35398669950736	9.38025013929284	4.59876799917462e-19	7.38751535058532e-19	31.168453499983	
ENSG00000131094	1.48269655172414	-0.736570443349753	9.36155628937677	5.32058939854064e-19	8.54073911830797e-19	31.0239463391465	C1QL1
ENSG00000267228	3.14745172413793	1.17692881773399	9.3374755519169	6.41811541357048e-19	1.02974393605907e-18	30.8380724098417	
ENSG00000180537	1.2776039408867	-1.92496256157636	9.33548697711171	6.51819822735848e-19	1.04571570280798e-18	30.8227369021426	RNF182
ENSG00000129195	1.77697586206897	0.948953448275861	9.31789785911116	7.47356513397194e-19	1.19819845637935e-18	30.6871852733192	PIMREG
ENSG00000186086	2.68215812807881	-7.02877512315268	9.31319082630031	7.75196905932434e-19	1.24262963954816e-18	30.6509383867331	NBPF6
ENSG00000135842	1.00265763546798	2.78299532019704	9.31288253921238	7.77055772055611e-19	1.2455072094415e-18	30.648564812288	NIBAN1
ENSG00000263620	3.2408014778325	-8.27314901477828	9.30330663042799	8.37048297920925e-19	1.34089661758921e-18	30.5748630822604	
ENSG00000257335	1.81701280788177	-3.81034532019704	9.28551189866674	9.60980075754726e-19	1.53854437493027e-18	30.4380355734033	MGAM
ENSG00000117724	1.25271231527093	2.5896118226601	9.28507653644533	9.64229781918359e-19	1.54362074205362e-18	30.4346901177907	CENPF
ENSG00000118094	2.7021448275862	-5.38504137931033	9.28218616824464	9.86082519816685e-19	1.57834585979668e-18	30.4124822419023	TREH
ENSG00000183801	1.27908325123153	2.12180123152709	9.28061965173663	9.98130631703024e-19	1.59723786478386e-18	30.4004479404839	OLFML1
ENSG00000249884	3.56495862068965	-5.76599704433495	9.25358310266552	1.23062336429487e-18	1.96670279563709e-18	30.1929564587748	RNF103-CHMP3
ENSG00000136267	2.21637290640394	-4.18685197044335	9.24300472182445	1.33554976850438e-18	2.13334261697831e-18	30.1118805172008	DGKB
ENSG00000176244	2.18214778325123	-3.52943940886699	9.24014432688826	1.3654138652996e-18	2.18068958447898e-18	30.0899679941832	ACBD7
ENSG00000100121	2.62992266009852	-8.06368842364529	9.23840092298999	1.38393962214246e-18	2.21009627326207e-18	30.0766145402088	GGTLC2
ENSG00000166707	1.01794926108374	-1.03671600985222	9.21690543659977	1.6338901466392e-18	2.60648826494884e-18	29.9121073094916	ZCCHC18
ENSG00000255690	1.26072955665025	0.199847044334976	9.20540264529051	1.78552020653589e-18	2.84721630976127e-18	29.8241784404694	TRIL
ENSG00000091137	1.00399310344827	-2.54179014778326	9.13974959698103	2.959100700302e-18	4.70748501182854e-18	29.3237011255709	SLC26A4
ENSG00000110076	1.13214926108374	0.533761330049261	9.12174669434298	3.3973925208796e-18	5.39814982055689e-18	29.1868768638179	NRXN2
ENSG00000174236	1.67420443349754	-1.14612881773399	9.11298217621586	3.63347265201239e-18	5.77044474324471e-18	29.1203300476286	REP15
ENSG00000186051	2.94669655172413	-4.76062216748767	9.05921611449786	5.48163532581537e-18	8.68440352955686e-18	28.7130265585655	TAL2
ENSG00000173988	2.36844827586206	-6.4720857142857	9.04485470751954	6.11642755460268e-18	9.67988559054467e-18	28.6045032983041	LRRC63
ENSG00000092345	2.28766305418719	-7.62614975369456	9.03172061943483	6.7604587936848e-18	1.06948017280165e-17	28.5053548445726	DAZL
ENSG00000126787	1.88091379310345	0.564768719211823	9.00730813490831	8.14107299150926e-18	1.28674254610218e-17	28.3213220011028	DLGAP5
ENSG00000126583	2.10293596059113	-5.20604285714285	8.98387235028652	9.72804376064795e-18	1.53620550440874e-17	28.1449654479178	PRKCG
ENSG00000103742	1.03679950738916	-0.147283990147783	8.98149144489493	9.9054862474361e-18	1.56409996967838e-17	28.1270661233178	IGDCC4
ENSG00000257207	2.57823743842364	-5.29170246305417	8.95737238066305	1.18939148377415e-17	1.8767128280916e-17	27.9459216980116	
ENSG00000112337	1.94217832512315	-8.72029802955661	8.95228360540719	1.2361459036926e-17	1.95032805182955e-17	27.9077446159198	SLC17A2
ENSG00000056998	1.23424975369458	0.554481034482758	8.94962142720548	1.26132593658143e-17	1.98973453767147e-17	27.8877781933672	GYG2
ENSG00000116996	1.72100049261083	-9.05925788177336	8.94211143847392	1.33512931134202e-17	2.1054790996002e-17	27.8314745538167	ZP4
ENSG00000168263	1.41393743842364	-3.27034704433498	8.93019808105298	1.46107275534582e-17	2.30297497862301e-17	27.7422233661494	KCNV2
ENSG00000205549	2.54962216748768	-8.57258349753691	8.92845938183039	1.48041184116242e-17	2.33326947334431e-17	27.7292042681461	LINC03041
ENSG00000166851	1.14255024630542	2.52844310344828	8.91624784226392	1.62356853328765e-17	2.55704193081135e-17	27.6378143660999	PLK1
ENSG00000081842	1.67711330049261	-4.36099113300493	8.90970901405653	1.70577455472973e-17	2.68506999916843e-17	27.588913118303	PCDHA6
ENSG00000121211	1.66290837438424	0.128365517241379	8.90419910582772	1.77823539632188e-17	2.79815412794285e-17	27.5477255372591	MND1
ENSG00000167612	2.44872068965517	-6.83285985221673	8.89070460386345	1.96883128475665e-17	3.09358373938365e-17	27.4469243124601	ANKRD33
ENSG00000099953	1.17676206896552	1.0714342364532	8.85624965506178	2.55219024872023e-17	4.00344371813218e-17	27.1900219435466	MMP11
ENSG00000176927	1.62418965517241	-2.84261206896552	8.85035766615672	2.66782604085674e-17	4.18382605653017e-17	27.146157868738	EFCAB5
ENSG00000205592	3.25181182266009	-4.53029655172412	8.7853558458763	4.34419470475604e-17	6.78882470374591e-17	26.6635565199309	MUC19
ENSG00000185758	3.0244763546798	-6.73271256157632	8.78458526489978	4.36931540853126e-17	6.82753571993587e-17	26.6578499311719	CLDN24
ENSG00000183615	1.02091477832512	0.762330788177339	8.78415963920674	4.38325227283198e-17	6.84876596431459e-17	26.6546980781565	FAM167B
ENSG00000147223	2.56050689655172	-5.74601157635467	8.76943702347992	4.89339677860384e-17	7.6415822157165e-17	26.5457380071074	RIPPLY1
ENSG00000136881	2.32327684729064	-5.64697586206895	8.75015047576654	5.65153562880153e-17	8.8205661894449e-17	26.403189914971	BAAT
ENSG00000175697	1.13429655172414	-2.4441	8.74995443701881	5.65981005370604e-17	8.8327749616294e-17	26.401742082401	GPR156
ENSG00000177363	1.06374581280788	2.80009014778325	8.74728824541366	5.77354278041719e-17	9.00810962194913e-17	26.3820532863606	LRRN4CL
ENSG00000203877	3.17828768472906	-5.9930871921182	8.73938058166086	6.12433777303457e-17	9.55238317189253e-17	26.3236824041074	RIPPLY2
ENSG00000173114	1.18030443349753	-2.26051034482759	8.7390308874596	6.14032856336929e-17	9.57656031806566e-17	26.3211019507364	LRRN3
ENSG00000197889	3.05095024630542	-4.62273522167486	8.71082184093719	7.5761250292292e-17	1.18017246170743e-16	26.1131758317187	MEIG1
ENSG00000269964	1.79633743842365	-5.39171699507388	8.70173408898046	8.10595472277762e-17	1.26220372264956e-16	26.0462891960747	MEI4
ENSG00000165120	2.50799556650246	-6.83350221674874	8.64689134883115	1.21768804200272e-16	1.89022636562214e-16	25.643662576516	SSMEM1
ENSG00000179813	2.15037290640394	-7.65545886699505	8.64131428556688	1.26901459040519e-16	1.9695880490587e-16	25.6028170797287	FAM216B
ENSG00000205108	1.63065320197044	-4.74731133004926	8.59330243429412	1.80929002726579e-16	2.80034418761508e-16	25.2519406559603	SPATA31F1
ENSG00000169297	2.42725024630541	-6.0870857142857	8.55174447500661	2.45685433089288e-16	3.79690370378084e-16	24.9493258911187	NR0B1
ENSG00000234414	2.21700640394088	-8.69932881773395	8.55140441204082	2.46300272896258e-16	3.80610464410776e-16	24.9468538467771	RBMY1A1
ENSG00000140323	1.62209901477832	-1.91421453201971	8.54709635235198	2.54222373370639e-16	3.92790450696476e-16	24.9155428843975	DISP2
ENSG00000205571	1.0834763546798	4.44067955665025	8.54041093208306	2.67018049219287e-16	4.1243018636131e-16	24.8669750410761	SMN2
ENSG00000203760	1.01547832512315	2.65911995073892	8.53615038146992	2.75502888962164e-16	4.2536757968702e-16	24.8360370671788	CENPW
ENSG00000177992	1.57788719211823	-8.66000566502461	8.53368661092884	2.80530611556357e-16	4.33061790902466e-16	24.8181513181105	SPATA31E1
ENSG00000198283	2.04531921182265	-8.66199950738913	8.53086784758761	2.86394155292165e-16	4.42043644476699e-16	24.7976929146914	OR5B21
ENSG00000251569	2.81354433497537	-3.69935344827585	8.52445759157335	3.00183855646197e-16	4.63144868706615e-16	24.7511852449543	
ENSG00000180053	1.91177931034482	-8.98069458128075	8.50945891977384	3.3506803143099e-16	5.16518061861987e-16	24.6424623153774	NKX2-6
ENSG00000133105	2.24923054187192	-7.13309999999998	8.46233366139504	4.72910715874398e-16	7.27686709418699e-16	24.3017310847524	RXFP2
ENSG00000183032	1.24734778325123	-1.82081083743842	8.45958577414023	4.8248937265317e-16	7.42250438509664e-16	24.2819038806267	SLC25A21
ENSG00000185130	3.12606748768472	-5.06599827586205	8.44854994117794	5.22929594941542e-16	8.04019680908545e-16	24.2023210794648	H2BC13
ENSG00000157150	1.23502315270936	2.10222586206897	8.44551713632364	5.34618616399646e-16	8.21862570931551e-16	24.1804633699337	TIMP4
ENSG00000197410	1.05454975369458	-2.418939408867	8.44276104380484	5.45465052859032e-16	8.38404755621457e-16	24.1606047355253	DCHS2
ENSG00000171241	1.19104482758621	1.59825492610837	8.42596709479901	6.16420420999168e-16	9.46424251034392e-16	24.0396968360588	SHCBP1
ENSG00000115844	1.37965960591133	-1.48603275862069	8.39347697216823	7.80588024125187e-16	1.19697513868914e-15	23.8062659635705	DLX2
ENSG00000134594	1.17476059113301	-1.06699113300493	8.39136247597577	7.92658831005639e-16	1.21538947630539e-15	23.7910960503296	RAB33A
ENSG00000158406	2.16891428571429	-0.220763054187192	8.37088928400059	9.19505137834008e-16	1.40855760786644e-15	23.6443560112383	H4C8
ENSG00000072657	1.48963793103448	-2.43834310344828	8.36905257102623	9.31821081642159e-16	1.4270883681388e-15	23.6312038978618	TRHDE
ENSG00000261147	1.67798275862068	-3.78164408866995	8.36412222861656	9.65693513019292e-16	1.4782876263134e-15	23.5959093910821	
ENSG00000204086	1.79148226600985	-3.33596133004926	8.36412049264873	9.65705651290391e-16	1.4782876263134e-15	23.5958969665189	RPA4
ENSG00000166670	2.70964630541872	-6.33832315270934	8.3615853636749	9.83593770378803e-16	1.50555255429957e-15	23.577754643144	MMP10
ENSG00000139780	2.32383743842364	-7.91655665024628	8.35411559837205	1.0382280609131e-15	1.58893043827738e-15	23.5243208686696	METTL21C
ENSG00000134940	1.93427339901478	-4.33977906403941	8.33916188574056	1.15677349877091e-15	1.76897000649356e-15	23.4174535385222	ACRV1
ENSG00000196427	2.47680295566502	-7.46700591133002	8.33884053983001	1.15946260509047e-15	1.77294352337073e-15	23.4151585162189	NBPF4
ENSG00000234289	1.07095418719212	0.679863300492611	8.32723381708447	1.26084594443753e-15	1.92751712791975e-15	23.3323064524584	H2BC12L
ENSG00000259075	2.09119753694581	-2.32905837438424	8.32460234389496	1.28502330963087e-15	1.9641709438253e-15	23.3135336430425	POC1B-GALNT4
ENSG00000151079	1.26519458128078	-9.23771699507386	8.29957911153815	1.53908713456977e-15	2.35048771364196e-15	23.135229727819	KCNA6
ENSG00000212710	1.75660147783251	-8.10304802955664	8.29708991079245	1.56692609438427e-15	2.39281626447272e-15	23.1175137156412	CTAGE1
ENSG00000115457	1.21143300492611	4.89864556650246	8.26641932695959	1.95363513782901e-15	2.978695315866e-15	22.8995373189652	IGFBP2
ENSG00000145384	1.97543645320197	-7.97360147783248	8.19817914445231	3.18497559908062e-15	4.8425109435333e-15	22.416623442147	FABP2
ENSG00000137804	1.03804187192118	3.19697512315271	8.17515174628297	3.75369989947082e-15	5.69967392660907e-15	22.2543136620618	NUSAP1
ENSG00000173702	2.08705172413793	-5.36226970443349	8.1696993046928	3.9024231065312e-15	5.92411654997536e-15	22.2159298912859	MUC13
ENSG00000104804	2.43315123152709	-4.7793830049261	8.16854324914267	3.93469650939613e-15	5.97264557919988e-15	22.2077939270661	TULP2
ENSG00000172940	1.73773793103448	-4.8246802955665	8.14538727963154	4.63962651919772e-15	7.03503890736824e-15	22.0450038835668	SLC22A13
ENSG00000152936	2.50901674876846	-7.71056847290638	8.13475342846852	5.00384187241763e-15	7.58258978526562e-15	21.9703578340774	LMNTD1
ENSG00000179058	2.13137290640394	-3.94292438423645	8.0907984275581	6.83362986199424e-15	1.03401312243973e-14	21.6625558215034	C9orf50
ENSG00000123576	1.60544827586207	-8.94187142857139	8.0711705790698	7.85101001004909e-15	1.18676081077026e-14	21.5254984165545	ESX1
ENSG00000170312	1.16322906403941	2.70527068965517	8.06897126498658	7.97393941790918e-15	1.20524962568475e-14	21.5101560701427	CDK1
ENSG00000204010	1.90582315270936	-8.2312426108374	8.05820397165046	8.6037548439847e-15	1.30004312349145e-14	21.4350875387318	IFIT1B
ENSG00000116703	2.27292857142857	-5.54298546798029	8.05010826148793	9.10942916373074e-15	1.37570683707594e-14	21.3786929424576	PDC
ENSG00000160472	2.54094384236453	-2.83042463054187	8.03422368668962	1.01884184103983e-14	1.53746774189964e-14	21.2681609084173	TMEM190
ENSG00000144278	1.28403990147783	-1.51063768472906	8.03323277384817	1.0259762151551e-14	1.54811421485298e-14	21.2612709488647	GALNT13
ENSG00000168158	2.1958330049261	-5.83351059113299	8.02960253044691	1.0525372619573e-14	1.58782485511575e-14	21.2360346240669	OR2C1
ENSG00000269955	1.6127960591133	3.29422955665024	8.02245212016417	1.10685572893978e-14	1.66912374835568e-14	21.1863514643825	FMC1-LUC7L2
ENSG00000281613	1.8426724137931	-8.84054113300489	8.01233001640082	1.18851195625835e-14	1.79129266151479e-14	21.1160751959259	
ENSG00000145002	2.62862561576354	-2.25422955665024	8.01143465860745	1.196015012418e-14	1.8024620477113e-14	21.1098619699654	FAM86B2
ENSG00000180574	1.29197339901478	-1.1443842364532	7.99777873066561	1.31642097953461e-14	1.98285022214161e-14	21.015161047873	EIF2S3B
ENSG00000147647	2.51946206896551	-3.62053743842364	7.98750624508963	1.41481211863074e-14	2.12990204316169e-14	20.944001228821	DPYS
ENSG00000164451	3.03296600985221	-6.14138645320195	7.97222704995597	1.5747362093865e-14	2.36956148485646e-14	20.8382823340133	CALHM4
ENSG00000147571	1.80745517241379	-8.45745369458123	7.93013726414614	2.11350490853172e-14	3.17610834531889e-14	20.547823173596	CRH
ENSG00000256566	1.73107783251232	-0.674418226600985	7.89891126033109	2.62727581135836e-14	3.94182141309521e-14	20.3330630054143	
ENSG00000171450	1.88334137931034	-6.4949041871921	7.88390554369057	2.91625440752009e-14	4.37169711811581e-14	20.2300811324257	CDK5R2
ENSG00000232040	1.39200886699507	-3.03759802955665	7.80117101164954	5.17132064210096e-14	7.72555217398799e-14	19.6648819472924	SCAND3
ENSG00000203797	1.06638669950739	-1.87636231527094	7.78070114387121	5.95477254208805e-14	8.88577924690629e-14	19.5257233908392	DDO
ENSG00000093009	1.25957832512315	1.15842709359606	7.77932676421784	6.01138327953787e-14	8.96956952345797e-14	19.5163897770057	CDC45
ENSG00000103522	1.27124236453202	-2.15314039408867	7.77368838778208	6.24923891290383e-14	9.32162635187899e-14	19.4781115424995	IL21R
ENSG00000226430	2.1060802955665	-6.34294605911328	7.74006131113625	7.87327201433695e-14	1.17297767556738e-13	19.2502498199374	USP17L7
ENSG00000187758	1.99616305418719	-2.70933078817734	7.73744805309333	8.01565575260165e-14	1.19382626870926e-13	19.2325727901523	ADH1A
ENSG00000259511	2.13528571428571	-2.07202807881773	7.71194517152857	9.5455925419108e-14	1.42039114790239e-13	19.0602954903231	UBE2Q2P16
ENSG00000213297	1.21607783251232	-0.0276315270935961	7.68736941051941	1.12911794278771e-13	1.67796371391312e-13	18.8946826110852	ZNF625-ZNF20
ENSG00000180138	1.67386650246305	-8.12281305418716	7.64757242878542	1.48079726477504e-13	2.19758050943452e-13	18.6273344576534	CSNK1A1L
ENSG00000196196	1.01431724137931	1.74504137931034	7.64714202413174	1.48513776273303e-13	2.20385467076687e-13	18.6244487662109	HRCT1
ENSG00000258064	3.36409852216748	-4.06247339901476	7.63371658284586	1.62701298620706e-13	2.41347258057221e-13	18.5344976937767	
ENSG00000111046	2.29786748768472	-4.88838793103448	7.59569177058076	2.10545874303325e-13	3.11703596639059e-13	18.2803740762947	MYF6
ENSG00000240720	1.65984581280788	-4.84759630541871	7.58587816824771	2.24996280435501e-13	3.32970640838362e-13	18.2149437626172	LRRD1
ENSG00000108700	1.76064137931034	-1.80719261083744	7.55303685660357	2.80837332282086e-13	4.14980956329416e-13	17.9964443754572	CCL8
ENSG00000258790	1.00031674876847	-0.46952487684729	7.52418957503478	3.41016974646941e-13	5.03258852027679e-13	17.8051086786151	
ENSG00000185352	1.28437290640394	-2.4781933497537	7.52404749265416	3.41342785884865e-13	5.03701632693652e-13	17.8041676573348	HS6ST3
ENSG00000213471	1.66398866995073	-4.34158990147783	7.50100622186928	3.98448283193186e-13	5.87259699084489e-13	17.6517417790137	TTLL13
ENSG00000163808	1.00171034482759	0.433723645320197	7.49423623186252	4.16948826058444e-13	6.14388022834725e-13	17.6070233164341	KIF15
ENSG00000113262	1.24029014778325	-4.53670665024631	7.47718182135914	4.67389892982791e-13	6.88195696855764e-13	17.4945079728368	GRM6
ENSG00000256206	2.62524285714285	-3.65516280788176	7.47585587920608	4.71554506418525e-13	6.94275458783306e-13	17.4857683092783	
ENSG00000185155	2.17429901477832	-7.00586773399012	7.46730341389366	4.99309155079092e-13	7.34917489534956e-13	17.4294248533851	MIXL1
ENSG00000255378	1.81255615763546	-7.5008884236453	7.45553271503062	5.40156464904409e-13	7.94799912443488e-13	17.3519598992646	PRR23D2
ENSG00000177994	2.21215221674876	-5.20550517241378	7.45129380598119	5.55658836675764e-13	8.17425849617417e-13	17.324085682755	C2orf73
ENSG00000130477	1.19098768472906	-3.65664014778325	7.44946883826174	5.62467277724302e-13	8.27192620506345e-13	17.312088774314	UNC13A
ENSG00000164591	1.01081280788177	-2.28612315270936	7.42609518852688	6.57285783952474e-13	9.65692714081592e-13	17.1586337540809	MYOZ3
ENSG00000115602	1.18069014778325	1.153210591133	7.42313050500965	6.7038561883129e-13	9.84717059771578e-13	17.1391959744844	IL1RL1
ENSG00000170577	1.2416566502463	-2.00728743842365	7.4186696033737	6.90582829535072e-13	1.0141556815792e-12	17.1099594762066	SIX2
ENSG00000187912	1.9056566502463	-7.52297660098519	7.37130761033952	9.45655784384657e-13	1.38530774651012e-12	16.8003794666327	CLEC17A
ENSG00000172058	1.41616354679803	0.130478325123153	7.34145514734964	1.15199808244796e-12	1.68556053662759e-12	16.6060295653641	SERF1A
ENSG00000272822	1.54681133004926	-1.12885689655172	7.31437998924759	1.37713030814894e-12	2.0127051441064e-12	16.4302841442593	
ENSG00000255251	1.76732266009851	-7.52350517241377	7.30357690450167	1.4785921595445e-12	2.15937881935719e-12	16.3603003417956	PRR23D1
ENSG00000233816	1.982160591133	-8.38965073891622	7.2642795300382	1.9136846711283e-12	2.7891725718369e-12	16.1063985604304	IFNA13
ENSG00000112742	1.00983842364532	0.757510837438424	7.24945734448426	2.10866314185877e-12	3.07151871781486e-12	16.0109061978192	TTK
ENSG00000154143	1.7246369458128	-8.58318054187188	7.21343090966433	2.66783573343772e-12	3.87763822259873e-12	15.779433261334	PANX3
ENSG00000168065	1.84903990147783	-7.62064162561573	7.21283974787039	2.67813319100303e-12	3.89231584252426e-12	15.7756424350813	SLC22A11
ENSG00000265818	2.26372266009852	-8.55370467980291	7.18385381898389	3.234020457517e-12	4.69185061475852e-12	15.5900653901078	EEF1E1-BLOC1S5
ENSG00000179750	1.74563497536946	0.277735221674877	7.17897714393746	3.33810227353665e-12	4.84141269329474e-12	15.5589003258068	APOBEC3B
ENSG00000203756	1.97679261083743	-8.54147857142853	7.17711645152176	3.3786775220296e-12	4.89953369957721e-12	15.5470136425744	TMEM244
ENSG00000165805	1.83814926108374	-5.93260073891624	7.16824962829989	3.5787973546128e-12	5.18780935419058e-12	15.490402469658	C12orf50
ENSG00000166603	1.85294926108374	-7.92681256157632	7.15766774631273	3.83293311092575e-12	5.55414347128215e-12	15.4229124673532	MC4R
ENSG00000156414	1.09066009852217	-1.7540433497537	7.14684294388474	4.11126575600083e-12	5.9530494519686e-12	15.3539533350265	TDRD9
ENSG00000272772	2.82415566502462	-4.22583399014777	7.14640402698026	4.12296136589614e-12	5.9695421954762e-12	15.3511589379921	
ENSG00000256861	2.51715517241379	-7.71150369458125	7.14268527891018	4.22337575737545e-12	6.11447688921552e-12	15.3274886096433	
ENSG00000156689	1.2842197044335	-0.718821674876847	7.12734042764177	4.66379256982359e-12	6.74859936316124e-12	15.2299180051424	GLYATL2
ENSG00000205212	1.59076896551724	-8.33042684729061	7.09858289646194	5.6142050393213e-12	8.11125202413254e-12	15.0475030004922	CCDC144NL
ENSG00000137860	1.60241822660098	-6.18948103448276	7.07503389889061	6.53232464407223e-12	9.42240095914228e-12	14.8985555579425	SLC28A2
ENSG00000112984	1.4675	1.22698349753695	7.06911996568903	6.78518313637421e-12	9.78496412449449e-12	14.8612106912119	KIF20A
ENSG00000176165	1.5889802955665	-6.42922709359605	7.04733400597999	7.80249117887705e-12	1.1245392921131e-11	14.7238491600765	FOXG1
ENSG00000172969	1.74824433497537	-7.20822364532017	7.04705188491471	7.81660288013775e-12	1.12649006993844e-11	14.7220725502509	FRG2C
ENSG00000250264	2.4818724137931	-1.9628775862069	7.01980901960984	9.3043823987593e-12	1.33951849739616e-11	14.5507778575696	
ENSG00000111713	1.61864679802955	-6.0473672413793	7.01226678129229	9.76333188543639e-12	1.40507424482803e-11	14.503446606154	GYS2
ENSG00000121743	1.16868226600985	-3.56864408866995	6.9761256143022	1.22903450110011e-11	1.76601413386018e-11	14.2771979930138	GJA3
ENSG00000273514	1.89722807881773	-7.58994802955662	6.95002069826295	1.45053734951522e-11	2.08199786149295e-11	14.1143501980966	FOXD4L6
ENSG00000223601	1.56705763546798	-8.78848497536942	6.94029198385652	1.54275428508705e-11	2.21305910879917e-11	14.0537836162879	EBLN1
ENSG00000114786	1.04213300492611	-1.11060344827586	6.91660428949079	1.7920652207271e-11	2.56861805364889e-11	13.9065948454802	ABHD14A-ACY1
ENSG00000198326	1.74725615763546	-8.34855763546795	6.90430773705553	1.93668800581264e-11	2.7748923681788e-11	13.8303442968048	TMEM239
ENSG00000113600	1.82305073891626	-4.99769778325122	6.90338867123765	1.94794676162875e-11	2.79081932666781e-11	13.8246495075047	C9
ENSG00000254959	2.6648881773399	-4.99018891625614	6.90334621844981	1.94846836869386e-11	2.79136198673231e-11	13.8243864726281	INMT-MINDY4
ENSG00000156509	1.16093300492611	-2.80405566502463	6.90069491959537	1.98131763500888e-11	2.83779750977305e-11	13.8079617228037	FBXO43
ENSG00000187546	1.27043448275862	-2.3568275862069	6.88955497778687	2.12538961967388e-11	3.04281054561662e-11	13.7390045503255	AGMO
ENSG00000157131	1.75894039408867	-7.90436133004923	6.86795223951034	2.43471757922844e-11	3.48285271453642e-11	13.6055333313888	C8A
ENSG00000249853	1.55341083743842	-5.24216650246305	6.83445398962284	3.00383173103974e-11	4.28849208708201e-11	13.3992242314645	HS3ST5
ENSG00000235631	1.85733251231527	-5.13351600985221	6.82358299986617	3.21520361604471e-11	4.58858607060145e-11	13.3324442262526	RNF148
ENSG00000168702	1.27533349753695	-2.21686921182266	6.82145620892577	3.25823277898138e-11	4.64965568620229e-11	13.3193893325374	LRP1B
ENSG00000206043	1.36826551724138	-8.83115443349751	6.78765902223422	4.02298845961482e-11	5.73095498453074e-11	13.1123668155319	C18orf63
ENSG00000143512	1.3427369458128	-3.01231034482759	6.77845648610754	4.26011660695397e-11	6.06654512374076e-11	13.0561392346119	HHIPL2
ENSG00000121152	1.01683349753694	0.880185714285715	6.77417933463206	4.37495003385256e-11	6.22871000739813e-11	13.0300265161272	NCAPH
ENSG00000146250	1.32051625615763	-3.47298965517241	6.77125780234981	4.45512926365545e-11	6.34240082103554e-11	13.0121976384343	PRSS35
ENSG00000021852	1.80854285714286	-7.6168911330049	6.74999097762082	5.08389001534562e-11	7.23382690256911e-11	12.8826002957314	C8B
ENSG00000226650	1.38003399014778	-8.11822931034481	6.74994818118747	5.0852392276758e-11	7.23510074552876e-11	12.8823398280998	KIF4B
ENSG00000140527	1.13308325123152	-3.38851403940886	6.74495322136932	5.24515076771254e-11	7.46002447617456e-11	12.8519485757797	WDR93
ENSG00000243232	1.64164729064039	-5.13661822660097	6.74454051976789	5.25858191388399e-11	7.47858290962237e-11	12.8494383453978	PCDHAC2
ENSG00000235272	2.06982660098523	1.66887931034483	6.72570902264847	5.90871711479645e-11	8.39646232237872e-11	12.7350277450958	RAMACL
ENSG00000180828	1.27351379310345	-1.09435640394089	6.72074753197577	6.09274788855854e-11	8.65419968296344e-11	12.7049268729991	BHLHE22
ENSG00000125954	2.37248866995073	-1.97449655172413	6.70633110900339	6.65999969381218e-11	9.45305883327119e-11	12.6175648523776	CHURC1-FNTB
ENSG00000228144	2.75382610837438	-6.52099876847287	6.70512871331694	6.70958806003095e-11	9.52275182432456e-11	12.610285253276	
ENSG00000176029	1.66134285714286	-8.09192315270932	6.70394822956011	6.75862526012583e-11	9.59095598238175e-11	12.6031393324815	C11orf16
ENSG00000249967	1.52274532019704	-9.08964556650242	6.6941403035298	7.17988260763242e-11	1.01857906292815e-10	12.5438072176644	
ENSG00000265590	2.08505566502463	-0.407449014778325	6.69047199184601	7.34397290260387e-11	1.0417066013115e-10	12.5216340228665	CFAP298-TCP10L
ENSG00000144191	1.91590591133005	-5.64529729064039	6.6828819208493	7.69526406837541e-11	1.09106036729444e-10	12.4757866384464	CNGA3
ENSG00000259066	2.70667586206896	-6.73067733990145	6.66770006538406	8.44812439380699e-11	1.19667473835732e-10	12.3842069443748	
ENSG00000183560	1.45440689655172	-9.08123448275858	6.63171493376692	1.05332440550576e-10	1.49008726888618e-10	12.1678073755719	IZUMO1R
ENSG00000163081	1.87758719211822	-5.19972216748768	6.61130717295333	1.19320955685232e-10	1.68602322198178e-10	12.0455028708969	CCDC140
ENSG00000126231	1.57209950738916	-4.63127142857142	6.58546223087364	1.39674152900994e-10	1.97119397413968e-10	11.8910497443355	PROZ
ENSG00000167900	1.20430246305419	3.06050886699507	6.58372180393682	1.41161008219324e-10	1.99203381182988e-10	11.8806662624823	TK1
ENSG00000172410	1.67617487684729	-8.57710960591129	6.54144301835801	1.82448667220775e-10	2.56929585272637e-10	11.6291110075192	INSL5
ENSG00000213793	2.26190295566502	-4.59328546798028	6.53325949741428	1.91709966247193e-10	2.69874381242087e-10	11.5805713800619	ZNF888
ENSG00000260170	2.39142709359605	-7.58965147783248	6.51445394827185	2.14774109677902e-10	3.02037683601437e-10	11.4692151725302	
ENSG00000259399	2.87166108374384	-5.01224088669948	6.51075674189783	2.19618462601022e-10	3.08761438571883e-10	11.4473529784548	TGIF2-RAB5IF
ENSG00000273155	2.03507881773399	-2.79818620689655	6.49378261412531	2.43269577388567e-10	3.4169295488589e-10	11.3471115534965	
ENSG00000269533	2.18052463054187	-3.39918645320196	6.47459736405338	2.73014277221489e-10	3.82921481767195e-10	11.2340684203406	
ENSG00000211452	1.47343004926108	-3.50559827586206	6.47189732550403	2.77476795004541e-10	3.89124616288392e-10	11.2181811274193	DIO1
ENSG00000148942	1.33146403940887	-6.05553743842364	6.45822970655601	3.01186202757734e-10	4.22131591070189e-10	11.1378423077447	SLC5A12
ENSG00000187553	1.45127980295566	-7.56022118226599	6.45522132009514	3.06665594501541e-10	4.29718847536864e-10	11.1201774688365	CYP26C1
ENSG00000134339	1.45125024630542	2.13701674876847	6.44549961665139	3.25048856807741e-10	4.5538065522524e-10	11.0631388089556	SAA2
ENSG00000185523	2.18543349753694	-7.21160541871919	6.42818377569906	3.60503635560354e-10	5.04689594248902e-10	10.961717915765	SPATA45
ENSG00000173261	1.53342610837439	-1.68465640394089	6.42705728844551	3.62937097365042e-10	5.08059939592239e-10	10.9551276628172	PLAC8L1
ENSG00000136834	1.92589458128079	-7.01172758620688	6.40761256550426	4.07569540883236e-10	5.70008156297159e-10	10.8415195064361	OR1J1
ENSG00000077935	1.20231625615764	-6.01453349753694	6.39302462108996	4.44542539480432e-10	6.21316714813803e-10	10.7564724218953	SMC1B
ENSG00000123485	1.11051231527094	1.18192561576355	6.37118322034498	5.06117650839737e-10	7.06669843720358e-10	10.6294346041657	HJURP
ENSG00000175820	1.12298669950739	-8.04799236453203	6.35498486636725	5.57105286356111e-10	7.77472791971086e-10	10.5354489376827	CCDC168
ENSG00000248993	1.44789408866994	-9.00088694581277	6.3473750435089	5.82763593922978e-10	8.12758075395578e-10	10.4913631622147	
ENSG00000161594	1.35941083743842	-3.74577438423645	6.33974958673809	6.09634411797576e-10	8.50051778476506e-10	10.44723029383	KLHL10
ENSG00000255408	1.09398128078817	-3.8890472906404	6.3363558848445	6.21979896557511e-10	8.67074496079836e-10	10.4276030081671	PCDHA3
ENSG00000276302	2.46592610837438	-5.13279753694579	6.33331119037447	6.33263894555042e-10	8.82496115481326e-10	10.4100015311129	
ENSG00000118017	1.74174285714285	-3.69272709359606	6.32552916461708	6.63023844917198e-10	9.23507624901773e-10	10.3650449655703	A4GNT
ENSG00000256162	1.32413645320197	-8.48959039408864	6.31889349459414	6.89478197758902e-10	9.59807874384134e-10	10.3267467426279	SMLR1
ENSG00000275221	2.49146108374384	-4.64983645320195	6.31728598715452	6.96040736452023e-10	9.68874426365512e-10	10.3174738748361	H2AC15
ENSG00000256977	1.86230492610837	-1.61055443349754	6.30479873117587	7.49144804674942e-10	1.04160709875188e-09	10.2455075120701	LIMS3
ENSG00000221887	1.19486403940887	-0.846273891625616	6.29209386996867	8.07240362754245e-10	1.12142540477312e-09	10.1724072971677	HMSD
ENSG00000152670	1.76928325123153	-6.8560687192118	6.27656441371107	8.84264745368858e-10	1.22677137966763e-09	10.083220085349	DDX4
ENSG00000186136	1.46427044334975	-8.7943544334975	6.27094667911167	9.13863409561513e-10	1.26765465287132e-09	10.0510016098146	TAS2R42
ENSG00000183090	1.46637192118226	-7.95354211822659	6.25498363968436	1.00336277844902e-09	1.3908153934211e-09	9.95958125896455	FREM3
ENSG00000269526	1.18264876847291	-8.93939876847286	6.24659251039906	1.05379269537983e-09	1.459994105148e-09	9.9116023536729	ERVV-1
ENSG00000143355	1.29010788177339	-8.71165147783248	6.24155014128221	1.08528123683678e-09	1.50330067552199e-09	9.88279661124109	LHX9
ENSG00000205810	1.8428039408867	-8.03863300492608	6.23177557616879	1.14896548421441e-09	1.590386987712e-09	9.82701179477121	KLRC3
ENSG00000159182	2.03241231527093	-8.3004859605911	6.23065534833034	1.15649361410398e-09	1.60069397314398e-09	9.82062311136137	PRAC1
ENSG00000127954	1.11196354679803	3.46814778325123	6.21924172483386	1.23599923677825e-09	1.71013148436141e-09	9.75558509352832	STEAP4
ENSG00000178997	1.80174975369458	-7.07008078817731	6.20618811883767	1.33349500289757e-09	1.84372147634246e-09	9.68132292063978	EXD1
ENSG00000165509	1.84951428571428	-6.44928275862067	6.19636520351802	1.41178380996679e-09	1.95099916656326e-09	9.62552536518151	MAGEC3
ENSG00000230667	1.94887389162561	-6.61641034482757	6.19545293273412	1.41927876007097e-09	1.96121804053931e-09	9.62034706601185	SETSIP
ENSG00000184933	1.36691280788177	-8.78835788177336	6.1563923219368	1.77941310106981e-09	2.45418101638127e-09	9.3992213751411	OR6A2
ENSG00000124208	1.32169359605911	1.12571034482759	6.15580319310301	1.78547712652183e-09	2.46237078380307e-09	9.39589514586887	PEDS1-UBE2V1
ENSG00000250361	1.80033004926108	-8.44704285714282	6.12610821179939	2.1187720790277e-09	2.91893154517866e-09	9.22857956674517	GYPB
ENSG00000249590	1.93002463054187	-1.52396305418719	6.11846809758551	2.21392402435933e-09	3.04851347829975e-09	9.18564036376755	
ENSG00000184492	1.46052807881773	-4.95646600985221	6.11311685719842	2.2830446537796e-09	3.14346921892207e-09	9.15559171331294	FOXD4L1
ENSG00000176076	1.26422955665024	-3.77223793103448	6.11271821477914	2.28827743280453e-09	3.1500082834507e-09	9.15335410503588	KCNE5
ENSG00000187559	1.68732118226601	-8.24885960591129	6.10390483685347	2.40700784405092e-09	3.31228415523153e-09	9.10391502393254	FOXD4L3
ENSG00000164483	1.20752364532019	-2.32770862068966	6.10184878862807	2.43556077081503e-09	3.3508679655919e-09	9.09239006525306	SAMD3
ENSG00000168658	1.64006748768473	-5.6695908866995	6.08630334077531	2.66242666200219e-09	3.65938541488583e-09	9.00535643269034	VWA3B
ENSG00000258465	2.16975418719211	-4.35166182266008	6.05978855514643	3.09791941902511e-09	4.25495792005825e-09	8.85733657820293	
ENSG00000276903	2.36225172413793	-6.69467758620687	6.05474047133594	3.1883835785191e-09	4.37859394879974e-09	8.82921658578346	H2AC16
ENSG00000135517	1.59961428571428	-6.94291945812806	6.03659018624249	3.5354759467775e-09	4.85320813093044e-09	8.72827351018721	MIP
ENSG00000235376	1.38199359605911	-8.0368938423645	6.02177118288869	3.84600412752375e-09	5.27502896266628e-09	8.64604535583559	RPEL1
ENSG00000188992	1.48601379310345	-8.04246256157631	6.02107092671253	3.86131902394073e-09	5.2956625984876e-09	8.64216393690436	LIPI
ENSG00000204962	1.43451182266009	-7.67434408866992	5.95174113124572	5.71254536194098e-09	7.81699891205452e-09	8.25975301282814	PCDHA8
ENSG00000276087	1.54940886699508	-6.51370935960589	5.94407359562944	5.96410917842759e-09	8.15723835140201e-09	8.21768863722703	
ENSG00000255432	1.89260591133004	-8.45403891625612	5.93700320517524	6.20564604529885e-09	8.48521795530577e-09	8.17894063095797	
ENSG00000152822	1.21643251231527	-6.14433891625615	5.93659801547119	6.21977363955839e-09	8.50394014302456e-09	8.1767212366402	GRM1
ENSG00000074803	1.56180886699508	-5.51716206896551	5.93185926878699	6.38734654609073e-09	8.72999903508918e-09	8.15077458948876	SLC12A1
ENSG00000170160	1.37444137931035	-0.860217241379311	5.91085818157573	7.18458182294326e-09	9.8134548112083e-09	8.03599468154158	CCDC144A
ENSG00000131142	1.98436256157635	-6.79735123152707	5.82224120504289	1.17587424523795e-08	1.59975873715121e-08	7.55545009260208	CCL25
ENSG00000187268	1.50682857142857	-7.41816896551723	5.82110358961114	1.18328912311932e-08	1.60951040885347e-08	7.54932103792331	FAM9C
ENSG00000136535	1.33807832512315	-7.83373325123152	5.81774097864044	1.20547392901137e-08	1.63945796650708e-08	7.53121045353163	TBR1
ENSG00000102128	1.49858768472906	-4.32461650246305	5.80950525393465	1.26153637048204e-08	1.71522603158423e-08	7.48689135977832	RAB40AL
ENSG00000267360	2.10374630541871	-6.74420615763544	5.79141876562214	1.39372467686105e-08	1.89403112901381e-08	7.38974891235822	
ENSG00000257184	1.34659950738915	-9.05716970443346	5.79132947923155	1.39440960914201e-08	1.89483016353892e-08	7.38926999273933	
ENSG00000146618	1.98957438423645	-6.9687226600985	5.78962022945019	1.4075850338137e-08	1.91260094081403e-08	7.38010302541803	FERD3L
ENSG00000145888	1.25336009852217	-8.68906477832508	5.77073471070418	1.56148526336322e-08	2.11994893821343e-08	7.27896999113867	GLRA1
ENSG00000132874	1.6759802955665	-4.3604	5.75064822433021	1.74316297790906e-08	2.36479631477257e-08	7.171713756539	SLC14A2
ENSG00000152402	1.05793054187192	-1.64509187192118	5.74558302635165	1.79213504682531e-08	2.43022018493235e-08	7.14471720669721	GUCY1A2
ENSG00000130720	1.51564975369457	-3.01289334975369	5.73361576500974	1.91322571109504e-08	2.59262581278825e-08	7.08101435237723	FIBCD1
ENSG00000233087	1.81816650246304	-6.77975418719209	5.73195782694808	1.93061811289217e-08	2.61586403416016e-08	7.07219790659409	RAB6D
ENSG00000174844	1.15230443349753	-3.64061231527093	5.72318030151882	2.02529606107137e-08	2.74278140162555e-08	7.02555767542755	DNAH12
ENSG00000112053	1.25533891625616	-4.4923724137931	5.69449809670729	2.36729957114175e-08	3.20128490895109e-08	6.87357669287787	SLC26A8
ENSG00000132703	1.92267931034482	-6.33137758620688	5.69399607639416	2.37376035348026e-08	3.20979966978351e-08	6.87092238977989	APCS
ENSG00000160349	1.17551182266009	-9.11354113300488	5.68050961561497	2.55389904094887e-08	3.45027964453666e-08	6.79969093662116	LCN1
ENSG00000163467	1.32470443349753	-2.09504926108374	5.6489904997002	3.02838251324168e-08	4.08819087273894e-08	6.63377903169872	TSACC
ENSG00000170748	1.37825812807881	-7.93251428571426	5.64883997199346	3.03084256950711e-08	4.09122922520604e-08	6.63298856954103	RBMXL2
ENSG00000231213	1.3988	-8.61188275862065	5.63663772966985	3.23686912016501e-08	4.36632127743941e-08	6.56897118779008	PLSCR5
ENSG00000129910	1.21440591133005	-3.57446600985222	5.62560170839812	3.43490325547293e-08	4.62930202885875e-08	6.51117425482186	CDH15
ENSG00000110245	2.33620837438423	-3.3132514778325	5.62054444644384	3.52954696999198e-08	4.75554377327518e-08	6.48472118768023	APOC3
ENSG00000196166	1.19911724137931	-8.63968374384232	5.58857451208076	4.18933221542032e-08	5.63751068404792e-08	6.31796767921519	LINC03042
ENSG00000175664	1.73723054187192	-7.3740068965517	5.58283093897394	4.31995981197244e-08	5.81129308498419e-08	6.28809595645612	TEX26
ENSG00000205177	1.68146403940886	-3.55878078817733	5.55808618991967	4.9295114945302e-08	6.62306728264759e-08	6.15970272098386	C11orf91
ENSG00000158164	1.73687536945812	-2.06380073891625	5.55077031099545	5.12522347859604e-08	6.88365066795353e-08	6.12183664111793	TMSB15A
ENSG00000223443	1.6075684729064	-5.76413546798028	5.52434947076565	5.89697382050968e-08	7.91039692479408e-08	5.98544293097706	USP17L2
ENSG00000185105	1.37889064039409	-4.62989310344827	5.49904498205376	6.74143604275385e-08	9.03450439908763e-08	5.8553376753297	MYADML2
ENSG00000196826	1.79399014778325	-7.63942216748766	5.47726655825647	7.56143698188851e-08	1.0127174388326e-07	5.74377443965568	
ENSG00000089685	1.00849359605911	2.10780541871921	5.4720152612535	7.77322020189288e-08	1.04086795385357e-07	5.71693105705533	BIRC5
ENSG00000196844	1.26838571428571	-8.67409039408863	5.46033243290399	8.26527329663541e-08	1.10622540074549e-07	5.65729098262167	PATE2
ENSG00000262406	1.75059014778325	-6.79829704433495	5.43072209538682	9.65188368415527e-08	1.2903072305087e-07	5.50662574222669	MMP12
ENSG00000124467	1.56788078817734	-7.87521379310341	5.40069914106593	1.1287650799692e-07	1.50723110302413e-07	5.3545851026536	PSG8
ENSG00000073598	1.63031871921182	-5.74932635467979	5.39865036582379	1.1408596664522e-07	1.52307492705632e-07	5.34423642250738	FNDC8
ENSG00000187753	1.61613152709359	-6.20124901477831	5.39194400085917	1.18133628421851e-07	1.57645955109247e-07	5.31038534653936	C9orf153
ENSG00000113302	1.22205467980295	-8.05307068965515	5.39072831474665	1.18882145432464e-07	1.58612336044324e-07	5.30425295050499	IL12B
ENSG00000172640	1.56460197044334	-6.71385812807879	5.36462287053372	1.36113318428684e-07	1.81465852690226e-07	5.1728564300304	OR10AD1
ENSG00000129988	1.55924975369458	-3.74877463054187	5.3575279103853	1.41200779119667e-07	1.88171414726986e-07	5.13724108260867	LBP
ENSG00000132958	1.51226995073891	-6.06390295566501	5.35016589491504	1.46674755749973e-07	1.95399691653553e-07	5.10032845986206	TPTE2
ENSG00000169777	1.14470197044335	-9.04877758620685	5.29962761931676	1.90218267716051e-07	2.52891039370506e-07	4.84812534907402	TAS2R1
ENSG00000121101	1.08363990147783	-1.8484012315271	5.29652639869619	1.93264338140678e-07	2.56870822005382e-07	4.83271708892106	TEX14
ENSG00000204779	1.40856748768473	-6.17581034482757	5.27869100325533	2.11722878620376e-07	2.81270461862637e-07	4.74425547040422	FOXD4L5
ENSG00000198021	1.39020443349754	-8.71676576354676	5.25921998698024	2.3382616827723e-07	3.1040221319704e-07	4.64797861318956	SPANXA1
ENSG00000169495	1.35533793103448	-4.82255221674876	5.25213654532206	2.42409572395471e-07	3.216218252259e-07	4.61303071815517	HTRA4
ENSG00000147573	1.44448916256157	-3.50978743842364	5.25058285467583	2.44332716729674e-07	3.24151388345641e-07	4.60537070638835	TRIM55
ENSG00000084734	1.03086600985221	-2.33929901477833	5.22457613275741	2.78807174263421e-07	3.69411471927302e-07	4.47744637724012	GCKR
ENSG00000147246	1.15427635467979	-7.92884753694581	5.2054535365372	3.07117916114617e-07	4.06646677736422e-07	4.38373887405936	HTR2C
ENSG00000171570	1.28520443349754	-1.21293522167488	5.20266735830165	3.11468631069874e-07	4.1235146591474e-07	4.370110720123	RAB4B-EGLN2
ENSG00000135973	1.40248522167487	-7.70725985221672	5.19531021536217	3.23246103065634e-07	4.27769712609779e-07	4.33415512650511	GPR45
ENSG00000216588	1.48267044334975	-8.12285246305416	5.16414094243366	3.78109082617134e-07	4.99561063653846e-07	4.18232045127409	IGSF23
ENSG00000110243	1.46934482758621	-7.52459014778322	5.14725037606447	4.11502285973617e-07	5.43313132389462e-07	4.10037648713288	APOA5
ENSG00000115263	1.70405812807882	-6.94739261083741	5.14621334032079	4.13643043836149e-07	5.46102713325633e-07	4.09535302666579	GCG
ENSG00000273398	1.30797832512314	-8.7667123152709	5.14416477549167	4.17903644942739e-07	5.51653136278776e-07	4.0854322740603	
ENSG00000268870	1.71118669950738	-7.9163426108374	5.14031898023509	4.26017180957446e-07	5.62249459733261e-07	4.0668172974827	
ENSG00000152086	1.44050492610837	-6.367892364532	5.11514949697331	4.83009601348381e-07	6.36821861391854e-07	3.94529044114442	TUBA3E
ENSG00000163568	1.20831034482758	-3.2478763546798	5.10413944284579	5.10199468664133e-07	6.72171375759084e-07	3.89229510043018	AIM2
ENSG00000117598	1.17131724137931	-7.86748620689654	5.09886432765351	5.23745920633818e-07	6.89832363754538e-07	3.86693968986469	PLPPR5
ENSG00000262874	1.39398866995073	-7.64739926108371	5.03905754420848	7.03845346202417e-07	9.2517291689565e-07	3.58108846663173	C19orf84
ENSG00000163623	1.18336354679803	-5.01303251231526	5.03829484190315	7.06490229834931e-07	9.28587037357695e-07	3.57746228782008	NKX6-1
ENSG00000015413	1.1080118226601	-0.877705911330049	5.02811125477928	7.42738832926919e-07	9.76099682115525e-07	3.52909206527664	DPEP1
ENSG00000170498	1.98592807881773	-6.117902955665	5.02137508268724	7.67697613857094e-07	1.00869675048715e-06	3.49714396226701	KISS1
ENSG00000243130	1.50451773399014	-7.3535490147783	5.00605938398419	8.27499562488829e-07	1.08654145334655e-06	3.42464605779171	PSG11
ENSG00000255663	2.04032610837438	-5.68718275862067	5.00603030909497	8.2761726098877e-07	1.0866229853697e-06	3.42450861605213	
ENSG00000124657	1.68147980295566	-6.92910443349751	4.98822172582125	9.02832482408491e-07	1.18410418598837e-06	3.34045724623959	OR2B6
ENSG00000260836	1.36358128078817	-8.65178325123149	4.98116519393432	9.34428024026142e-07	1.2250498085012e-06	3.3072257975414	
ENSG00000179097	1.10034384236453	-4.0774724137931	4.98110896415838	9.3468403275978e-07	1.22530323795476e-06	3.30696116095767	HTR1F
ENSG00000221947	1.44498916256158	-2.42522660098522	4.95915948984527	1.03997001184928e-06	1.36149889271513e-06	3.20386158122456	XKR9
ENSG00000178602	1.25871576354679	-8.75769482758617	4.95767775770403	1.04747607227401e-06	1.37114189861201e-06	3.19691622926628	OTOS
ENSG00000187726	1.41664876847291	-4.49954064039408	4.95069370487507	1.08356578235177e-06	1.41752861954199e-06	3.16420452095323	DNAJB13
ENSG00000213204	1.00389802955664	-3.11065935960591	4.91589286675218	1.28205422013369e-06	1.67427850640555e-06	3.00181538624771	
ENSG00000091583	1.80065073891625	-5.20154310344826	4.91521691340986	1.28623736130206e-06	1.67962916903207e-06	2.99867129481413	APOH
ENSG00000128714	1.41081576354679	-7.54125911330047	4.89817620932042	1.39615480550371e-06	1.82146052534571e-06	2.91953606048442	HOXD13
ENSG00000172061	1.02380147783251	0.0191721674876847	4.89087206684969	1.44599595089983e-06	1.88585510360948e-06	2.88569120294305	LRRC15
ENSG00000268643	1.18906206896551	-9.17191182266005	4.88703163003002	1.47288625099331e-06	1.92066883203731e-06	2.86791397205216	
ENSG00000115009	1.44317142857143	0.631130541871921	4.87902399556074	1.53051557049089e-06	1.99501969573993e-06	2.8308869069965	CCL20
ENSG00000226321	1.31549655172414	-5.11805467980295	4.87573388693787	1.5548191679652e-06	2.0258885304958e-06	2.81568920327484	CROCC2
ENSG00000258555	1.44094187192118	-6.50091527093594	4.87211523747415	1.58197962494761e-06	2.06086566433746e-06	2.79898443748303	SPECC1L-ADORA2A
ENSG00000105550	1.14336748768473	-9.03922019704429	4.85398898532585	1.72506534106931e-06	2.24576822964336e-06	2.71547447408568	FGF21
ENSG00000270617	1.96432807881773	-6.3365714285714	4.83977924360474	1.84588491074677e-06	2.40145682216985e-06	2.65020231692833	URGCP-MRPS24
ENSG00000196900	1.16494630541871	-9.14408891625612	4.83907469650513	1.85208299199263e-06	2.40935999397683e-06	2.64697043287793	SPMIP10
ENSG00000240563	1.40834285714286	-4.41169014778325	4.83308332739609	1.90560786276864e-06	2.47833015135264e-06	2.6195039013587	L1TD1
ENSG00000068781	1.8349645320197	-4.80059655172413	4.80945380718256	2.13161815530643e-06	2.7691339487468e-06	2.51147392504704	STON1-GTF2A1L
ENSG00000144644	1.00194433497536	-8.4187396551724	4.80885993335019	2.13761871872905e-06	2.77674454941525e-06	2.5087649273516	GADL1
ENSG00000179046	1.54815172413793	-7.03694729064037	4.7652175366284	2.6260764218583e-06	3.40649090182243e-06	2.31050535837675	TRIML2
ENSG00000164744	1.53068325123153	-7.52677955665022	4.7611363569701	2.67689380725547e-06	3.47125804786903e-06	2.29204794204627	SUN3
ENSG00000196353	1.10491280788177	-3.80091256157635	4.76011708863414	2.68973243547966e-06	3.48744368724413e-06	2.28744043928327	CPNE4
ENSG00000205236	1.80864039408866	-1.96545024630542	4.75318172689803	2.77867776142863e-06	3.6015733112581e-06	2.25611325858182	
ENSG00000273049	1.80472019704433	-7.21621133004923	4.73286931562273	3.05578153164649e-06	3.95759047593848e-06	2.16459699656836	
ENSG00000080511	1.27711034482758	-8.13875665024627	4.71410860237575	3.33521216928532e-06	4.3154814415794e-06	2.08038383913002	RDH8
ENSG00000153822	1.0568236453202	-4.47851724137931	4.71380344780749	3.33995451930632e-06	4.32104542974407e-06	2.07901653895588	KCNJ16
ENSG00000185149	1.29771280788177	-5.23843177339901	4.70386646053437	3.49797946862975e-06	4.52159774943528e-06	2.03453546213679	NPY2R
ENSG00000135577	1.36839113300492	-7.2963714285714	4.63903736636208	4.71999490817197e-06	6.08511284440537e-06	1.74641000117607	NMBR
ENSG00000163736	1.69425566502463	-6.6529174876847	4.60869913713017	5.42406545070509e-06	6.98268030551244e-06	1.61281113596769	PPBP
ENSG00000161133	2.04633793103448	-1.09363300492611	4.57388336983831	6.3564929914451e-06	8.16421860261716e-06	1.46046860837979	USP41
ENSG00000100298	1.35287684729063	-3.54305467980295	4.56958735438411	6.48169475401403e-06	8.32338539117769e-06	1.44174288098267	APOBEC3H
ENSG00000104760	1.5825842364532	-5.18506847290639	4.56162334104089	6.72008665279631e-06	8.6283793277888e-06	1.40707089195457	FGL1
ENSG00000275591	1.0565669950739	-5.87677315270936	4.55851252627187	6.81547223801536e-06	8.74970164730628e-06	1.39354253688404	XKR5
ENSG00000267261	1.25762364532019	-8.8531965517241	4.55680714728608	6.86831377507274e-06	8.81638122651547e-06	1.38612969813089	
ENSG00000178732	1.01509704433497	-5.85587610837438	4.46845255443406	1.02143253263578e-05	1.30727844343234e-05	1.00550931193927	GP5
ENSG00000171931	1.10406502463054	-4.61010689655172	4.46006377773853	1.06030154013661e-05	1.35649182961372e-05	0.969722515622214	FBXW10
ENSG00000104901	1.41256157635468	-4.05291921182265	4.43826509445761	1.16804468063034e-05	1.49296416697482e-05	0.877013946783261	DKKL1
ENSG00000108255	1.30086798029556	-8.03532266009849	4.38894223622805	1.45187959613883e-05	1.85175767313308e-05	0.668770240302971	CRYBA1
ENSG00000140835	1.0155118226601	-8.41085197044331	4.36676069485368	1.60004342254732e-05	2.03886597309727e-05	0.575808869506632	CHST4
ENSG00000163209	1.31180098522168	-0.182585221674877	4.31667223734594	1.98964769347614e-05	2.5298780158703e-05	0.367470904097406	SPRR3
ENSG00000185271	1.14095812807881	-5.16465985221674	4.2964626031844	2.17123817560878e-05	2.75862014353728e-05	0.28403202453562	KLHL33
ENSG00000164532	1.01402118226601	-8.47800418719208	4.28650866781602	2.2663960478899e-05	2.8780240150669e-05	0.243067003774742	TBX20
ENSG00000165309	1.11270049261083	-8.05801625615761	4.26066591755355	2.53240089002278e-05	3.21164113134046e-05	0.137117771300838	ARMC3
ENSG00000198610	1.14139113300492	-8.19815615763543	4.25690177570548	2.573549077835e-05	3.26297904879333e-05	0.121734568429432	AKR1C4
ENSG00000163075	1.11670886699507	-3.37790123152709	4.2430687527071	2.730317216001e-05	3.45972370866889e-05	0.0653090098809059	CFAP221
ENSG00000281883	1.18319113300493	-5.85344729064038	4.20876176727254	3.1593999086023e-05	3.99592214186176e-05	-0.0739047501049939	
ENSG00000206181	1.14553103448276	-6.9655738916256	4.20445278598628	3.21763304990284e-05	4.06931044921054e-05	-0.0913168646296949	ELOA2
ENSG00000173401	1.40032610837438	-5.29921133004925	4.20419477767821	3.22115214917143e-05	4.07323380995911e-05	-0.0923589285395785	GLIPR1L1
ENSG00000141255	1.34114926108374	-3.83073325123152	4.1889420343435	3.43583919218721e-05	4.34049838345868e-05	-0.15385864388624	SPATA22
ENSG00000282301	1.1353684729064	-8.17484876847287	4.164684899081	3.8056005879405e-05	4.80203052169777e-05	-0.251241818285903	CYP3A7-CYP3A51P
ENSG00000255641	1.4542290640394	-6.4360647783251	4.15970855706695	3.88600629560391e-05	4.90317245794755e-05	-0.271155729384287	
ENSG00000276368	1.67925123152708	-6.71109261083741	4.15545701962435	3.95598041094748e-05	4.99081789481831e-05	-0.288151849766662	H2AC14
ENSG00000249773	1.32800049261083	-3.69230418719211	4.13377699909712	4.33186781815091e-05	5.46115482241823e-05	-0.37457232562487	
ENSG00000169306	1.04543546798029	-7.09067339901476	4.13108314287244	4.38088194401955e-05	5.52116567457952e-05	-0.385281487889534	IL1RAPL1
ENSG00000162723	1.43074679802955	-5.2700133004926	4.12789871119299	4.43950299287578e-05	5.59360203009533e-05	-0.397932602769416	SLAMF9
ENSG00000163645	1.13682364532019	-5.29757192118226	4.08826197291638	5.23456011035002e-05	6.58557739499518e-05	-0.554649850943978	ERICH6
ENSG00000187581	1.29332561576354	-7.92838546798027	4.08566202507545	5.29118842663245e-05	6.6559642248633e-05	-0.564880949339672	COX8C
ENSG00000159961	1.05826995073891	-8.50887339901474	4.0608798338431	5.86100607962915e-05	7.3661187734332e-05	-0.662100582998869	OR3A3
ENSG00000169903	1.35705467980296	-6.12496330049259	4.05394940039691	6.03051043303397e-05	7.57622853631307e-05	-0.689190807572009	TM4SF4
ENSG00000168148	1.47605024630542	-6.75843743842362	4.02789082735852	6.7104802657661e-05	8.41857901737183e-05	-0.790668378096139	H3-4
ENSG00000134812	1.44515221674877	-5.87616379310343	4.02687212743262	6.73848796072747e-05	8.45317317553834e-05	-0.794623137152108	CBLIF
ENSG00000183153	1.46232216748768	-3.36234433497536	4.01249027558541	7.14593670734723e-05	8.95338174873242e-05	-0.850357200773425	GJD3
ENSG00000188581	1.72929999999999	-3.33318004926108	3.98963968493694	7.84177335586967e-05	9.81452125787147e-05	-0.938531078616791	KRTAP1-1
ENSG00000111536	1.04470344827586	-8.54813497536942	3.97904729955814	8.18570687791937e-05	0.000102390759654548	-0.97924605117471	IL26
ENSG00000173080	1.00532413793103	-8.34004630541868	3.9504814884049	9.18598350745764e-05	0.000114748459283263	-1.08854768180783	RXFP4
ENSG00000206127	1.25071871921182	-1.89404113300492	3.93831970470824	9.64610398996369e-05	0.000120411475037924	-1.13486101380413	GOLGA8O
ENSG00000263201	1.00910492610837	-8.60623866995071	3.83309768909655	0.00014646541965571	0.000181890393423481	-1.53002078681675	DPEP2NB
ENSG00000204740	1.00180246305418	-3.66165738916256	3.81411303716367	0.000157771383288261	0.000195781583199085	-1.60025766665622	MALRD1
ENSG00000163746	1.30951527093596	-6.47860935960589	3.80816988332124	0.000161476889060523	0.000200328933850986	-1.62217861253604	PLSCR2
ENSG00000268107	1.34493004926108	-7.80190147783248	3.76615461439135	0.000190114629499078	0.000235378870354219	-1.77624040080113	
ENSG00000184389	1.07824679802955	-7.81177857142854	3.73477035981843	0.000214563323802181	0.000265144585414331	-1.89027978311008	A3GALT2
ENSG00000115386	1.67084729064039	-0.744239408866996	3.66292952354624	0.000282133873021161	0.000347523488596252	-2.14796559746037	REG1A
ENSG00000226761	1.1831566502463	-6.37992068965516	3.66210601231329	0.000283013483318459	0.000348541056907571	-2.15089229677466	TAS2R46
ENSG00000274944	1.21925221674877	-1.9224802955665	3.62074187097472	0.000330665460347259	0.00040632990166045	-2.29710403927534	
ENSG00000226784	1.04247586206897	-3.5572330049261	3.61631865267167	0.000336184839812534	0.000413008369875937	-2.31264683486878	PGAM4
ENSG00000131668	1.09624039408867	-5.42443103448274	3.58673488717165	0.000375384157399241	0.000460673022098465	-2.41614315114134	BARX1
ENSG00000276085	1.20259950738916	-4.65705738916255	3.58287554127714	0.00038080315566156	0.000467235214914184	-2.42958589995001	CCL3L3
ENSG00000277150	1.6431039408867	-0.260497783251232	3.58137732628075	0.000382926540456134	0.000469781559017752	-2.43480077196637	F8A3
ENSG00000280778	1.04893448275862	-8.09741256157632	3.57960220809688	0.000385456748207132	0.000472855980757299	-2.44097681614975	
ENSG00000189167	1.05322807881773	-7.72893275862066	3.53280445489149	0.000458097434592785	0.000560981330167453	-2.6027588857303	ZAR1L
ENSG00000197153	1.27840443349754	-7.62573374384234	3.47699194589402	0.000561463378574342	0.000685757334006237	-2.7930853478514	H3C12
ENSG00000175097	1.1403724137931	-7.24348078817732	3.46091403409652	0.00059506120538301	0.000726157491919244	-2.84738283410401	RAG2
ENSG00000275674	1.0806408866995	-8.01749236453199	3.42401244621083	0.000679405070531417	0.000827584235387706	-2.97110708332119	
ENSG00000170890	1.54820738916256	-2.10378054187191	3.40845171268439	0.000718210821442297	0.000874199680636896	-3.02290401641711	PLA2G1B
ENSG00000261717	1.13898768472906	-8.16440812807878	3.39935316231808	0.000741848616146201	0.000902184682103993	-3.05308704846084	
ENSG00000165061	1.02727684729064	-4.87342266009851	3.3546677827294	0.000868833436960991	0.00105412199820523	-3.20021644509252	ZMAT4
ENSG00000127377	1.07747142857143	-6.22462389162559	3.34554418968995	0.000897130724757892	0.00108771116907921	-3.23002999638128	CRYGN
ENSG00000172023	1.60153645320197	-2.66958645320196	3.32493030570218	0.000964252029730712	0.00116785950821181	-3.29710775987292	REG1B
ENSG00000205693	1.02921330049261	-6.53474901477831	3.2917067977997	0.00108232946533182	0.00130787054238897	-3.4043904691838	MANSC4
ENSG00000278677	1.33241280788177	-4.24280837438422	3.27899174066629	0.00113096918414405	0.00136537961305634	-3.44517860233806	H2AC17
ENSG00000183598	1.36107142857143	-3.35688399014777	3.25569101213244	0.00122540452314493	0.00147765365860164	-3.51953529974986	H3C13
ENSG00000171564	1.33908325123153	-4.44929482758619	3.24192051627697	0.00128459895494639	0.00154807799565629	-3.56324266408346	FGB
ENSG00000268193	1.20211477832512	-6.94189039408864	3.24093471283212	0.0012889365826169	0.00155311374383397	-3.566364841778	
ENSG00000258466	1.31100640394089	-5.15931699507387	3.22859057804324	0.00134441297495412	0.00161876268370631	-3.60538407440063	
ENSG00000255526	1.10437438423645	-1.69812364532019	3.16743772266342	0.00165331852564297	0.00198507929639438	-3.79659685853187	NEDD8-MDP1
ENSG00000124731	1.02529359605911	-2.94611477832512	3.1647341213592	0.00166838167505333	0.00200304200367956	-3.80497016201009	TREM1
ENSG00000126545	1.16817783251231	-6.24114901477831	3.148268618622	0.00176288900761839	0.00211442809715084	-3.8558183253896	CSN1S1
ENSG00000197734	1.13931428571428	-6.83411182266007	3.14712600989026	0.00176962716240143	0.00212224940212634	-3.85933751328432	C14orf178
ENSG00000248167	1.06073152709359	-7.68323916256154	3.12098211089157	0.00193044514024441	0.00231170775970686	-3.93952702460437	TRIM39-RPP21
ENSG00000108849	1.07318866995073	-7.73534556650244	3.07919507366206	0.0022156683075965	0.00264709849404235	-4.06637279062987	PPY
ENSG00000171557	1.15768325123152	-3.95450123152708	3.06384788176169	0.00232981125220735	0.00278176645021299	-4.11254985005756	FGG
ENSG00000259112	1.42230738916256	-5.73178078817732	3.02688353408858	0.00262726075432743	0.00313079636935586	-4.2228642617713	NDUFC2-KCTD14
ENSG00000267952	1.03861133004926	-8.0031386699507	2.89922271015609	0.00394258722059949	0.00466747679559916	-4.59398682675644	
ENSG00000171560	1.13620049261083	-4.27666379310343	2.84958991164925	0.00459901651186078	0.00543176481776764	-4.73413242759438	FGA
ENSG00000254647	1.23537142857143	-4.68276059113299	2.80573180007219	0.0052601384123437	0.00620210117376738	-4.85603635883312	INS
ENSG00000143185	1.00372413793103	-6.34449704433495	2.71418580148949	0.00692512979396978	0.00812700495038178	-5.10462159104189	XCL2
