logFC	AveExpr	t	P.Value	adj.P.Val	B	HGNC_symbol
ENSG00000255248	3.02917083333335	3.85086041666667	15.6187860442617	1.20669411844043e-33	8.38899069558953e-30	65.6663924100165	MIR100HG
ENSG00000162692	3.96454722222223	2.91943472222222	15.6073530251475	1.29379868840061e-33	8.38899069558953e-30	65.5982455883786	VCAM1
ENSG00000099625	3.47230277777778	0.136288888888889	14.3287023844417	3.36188218667435e-30	1.63488330737974e-26	57.9039990802119	CBARP
ENSG00000091972	2.86362083333334	3.04985069444444	13.4751686480247	6.79925531166075e-28	1.88941591889178e-24	52.7018909536815	CD200
ENSG00000151789	3.29347916666667	1.04733958333333	13.3211464894009	1.77900631914761e-27	3.84502565778437e-24	51.7590648678213	ZNF385D
ENSG00000167157	2.72364166666667	1.53884583333333	12.8194082337888	4.1045058315203e-26	6.65340395289441e-23	48.681643584449	PRRX2
ENSG00000157214	2.60130972222223	3.54337569444444	12.1989460007543	2.00274656579863e-24	1.85511553323404e-21	44.8684154303568	STEAP2
ENSG00000140287	3.16867361111112	3.86345625	12.1396066481385	2.90486820263292e-24	2.56843164898253e-21	44.50359583523	HDC
ENSG00000137571	2.72210833333333	-3.01840833333334	12.1014060582606	3.69053802558096e-24	3.12123242059134e-21	44.2687441667822	SLCO5A1
ENSG00000203814	3.57109861111112	3.13194930555555	12.0610892393664	7.07908480842423e-24	5.50809430773872e-21	43.635875581676	H2BC18
ENSG00000119699	2.83795277777779	4.73685694444444	11.9303138426142	1.07805418966395e-23	8.06550388359351e-21	43.2170258268971	TGFB3
ENSG00000164949	2.77690138888891	4.62791458333333	11.8867800330478	1.41602397477033e-23	1.02016660582342e-20	42.9494718176926	GEM
ENSG00000147138	2.91554305555556	-0.106879861111111	11.7999271466094	2.43950622376634e-23	1.63631982981734e-20	42.4157725528052	GPR174
ENSG00000234511	2.58720833333334	1.47851388888889	11.7729403184769	2.88861590470825e-23	1.87297855261283e-20	42.2499700408013	C5orf58
ENSG00000165617	2.30995833333334	2.74814166666667	11.7168255356953	4.10454262095322e-23	2.49504884571194e-20	41.9052588792022	DACT1
ENSG00000173253	2.93691388888889	0.668359722222223	11.668786199029	5.54441260706905e-23	3.26817921311234e-20	41.6102122483616	DMRT2
ENSG00000101134	2.69494861111111	-0.503736805555556	11.5315123444977	1.30877034384544e-22	7.4877060966122e-20	40.7674487484645	DOK5
ENSG00000158373	3.03443750000001	4.09115347222222	11.5263111803063	1.35204519145373e-22	7.5142808754737e-20	40.7355284061415	H2BC5
ENSG00000138685	2.26864305555557	2.68341736111111	11.4925418748152	1.66996679228036e-22	9.02338723428823e-20	40.5283026242681	FGF2
ENSG00000155367	2.24251388888889	0.410129166666666	11.3654133570917	3.69674925512198e-22	1.94349098677386e-19	39.748541593338	PPM1J
ENSG00000119508	3.09447916666668	3.20765208333333	11.317295681379	5.55268478739027e-22	2.76950832011066e-19	39.3513781346882	NR4A3
ENSG00000140511	2.5208138888889	3.62501388888889	11.2829213726348	6.18875586256989e-22	3.00959197596774e-19	39.2429095079789	HAPLN3
ENSG00000019991	2.39060833333335	3.97638055555556	11.1723289666688	1.23424256024459e-21	5.45647415497224e-19	38.5655216046731	HGF
ENSG00000073756	3.40305694444446	4.23061319444444	11.208886981934	1.28540033488551e-21	5.55635718093178e-19	38.5310189866566	PTGS2
ENSG00000172156	4.84961527777778	0.507061805555556	11.2576340842634	1.69261426120647e-21	7.00526225723155e-19	38.2724168178231	CCL11
ENSG00000184845	2.63939027777778	-1.32390625	11.1072772386658	1.85190080562875e-21	7.5048280148105e-19	38.1673599270307	DRD1
ENSG00000140285	2.67507916666668	4.94943958333333	11.0899968376824	2.06258272228492e-21	8.02427182277727e-19	38.0616299465067	FGF7
ENSG00000135245	2.96693750000002	4.11127013888889	11.0154262879005	3.28288744499736e-21	1.25213189372723e-18	37.6055637531269	HILPDA
ENSG00000145777	2.16859027777778	0.409010416666667	10.9433002624867	5.1445274173543e-21	1.92444898696877e-18	37.1647623576403	TSLP
ENSG00000158859	3.74375694444446	4.52401041666667	10.9953961776729	5.9531208413447e-21	2.07718521334769e-18	37.0314751862648	ADAMTS4
ENSG00000007908	4.04655694444445	1.23368680555556	10.9547393917193	9.47513205157778e-21	3.23351348539107e-18	36.5801085016909	SELE
ENSG00000078269	1.9734875	1.83170763888889	10.8111919437	1.17029417408549e-20	3.92492453005361e-18	36.3582489826858	SYNJ2
ENSG00000139926	2.03287916666668	2.95956319444444	10.7880916241932	1.35100438711892e-20	4.45419276919274e-18	36.2173466592508	FRMD6
ENSG00000124575	5.86186527777778	-2.62339375	10.8896039987466	1.45043614028994e-20	4.70231396681997e-18	36.1630172634626	H1-3
ENSG00000163121	3.69642916666667	-0.540384027777778	10.7595661400133	2.21282425173915e-20	6.83235830870316e-18	35.7402959704996	NEURL3
ENSG00000123689	3.39030555555557	7.05717361111111	10.6484104427243	3.2164007596322e-20	9.77584805880711e-18	35.3661998747229	G0S2
ENSG00000198535	4.14234722222222	-2.95781666666667	10.637839307583	3.53296752098509e-20	1.05728129566465e-17	35.2747423275144	C2CD4A
ENSG00000105792	2.23308333333334	2.6297125	10.597097228889	4.42171757099034e-20	1.26487132633683e-17	35.0539103146614	CFAP69
ENSG00000131435	2.39363750000001	3.51690347222222	10.5877621475182	4.6851814832583e-20	1.32081377119334e-17	34.9971210087155	PDLIM4
ENSG00000211448	2.35205277777778	-1.42971666666667	10.4443767266788	1.13864603870677e-19	3.11956940069354e-17	34.1258012167342	DIO2
ENSG00000205502	3.42574305555556	2.17030625	10.4879111998706	1.39341503289394e-19	3.71297386573328e-17	33.9391169349104	C2CD4B
ENSG00000111537	4.63313055555556	-1.91620416666667	10.4591765261451	1.6711379830363e-19	4.33426347280295e-17	33.7609772886851	IFNG
ENSG00000204657	4.12685555555555	-4.73323194444444	10.370733960814	1.79534196113981e-19	4.59513050369625e-17	33.6790260410706	OR2H2
ENSG00000149090	2.47143611111112	1.64025	10.2895794784675	2.96354229349131e-19	7.29706641683455e-17	33.1872958634865	PAMR1
ENSG00000128342	3.16866944444446	3.24390277777778	10.336972030921	3.01817387225318e-19	7.33868977038361e-17	33.1771992193213	LIF
ENSG00000133107	2.11229166666667	1.35653055555556	10.2698151460104	3.34793557238363e-19	8.04000527827238e-17	33.067641770436	TRPC4
ENSG00000165868	1.82469027777778	1.33939791666667	10.2508465805075	3.76351761335747e-19	8.8202342909674e-17	32.9528436938705	HSPA12A
ENSG00000164694	2.4984125	-0.862428472222222	10.2268592372999	4.36347650740648e-19	1.01045648835799e-16	32.8077264626996	FNDC1
ENSG00000182621	1.88662777777779	1.62094722222222	10.1288241950869	7.98164396132663e-19	1.78692657469292e-16	32.2152918418152	PLCB1
ENSG00000006128	5.02580416666667	-2.93307430555556	10.2029739314699	7.99211453826258e-19	1.78692657469292e-16	32.2259635847898	TAC1
ENSG00000167100	2.24096666666668	3.07299583333333	10.1250325322802	8.17008149898462e-19	1.80595937861646e-16	32.1924000631104	SAMD14
ENSG00000178031	2.13998055555556	0.377577777777778	10.1220710842911	8.32033873720536e-19	1.81850819231594e-16	32.1745217631928	ADAMTSL1
ENSG00000117407	2.27069166666667	0.558811111111111	10.099782836222	9.54319061538933e-19	2.03993564670938e-16	32.039999617658	ARTN
ENSG00000020577	2.21876111111113	4.29108333333333	10.0827158371786	1.05993368989183e-18	2.24106849301911e-16	31.9370295200363	SAMD4A
ENSG00000178860	2.36230000000001	2.91735277777778	10.0702856762752	1.14411539958521e-18	2.39304653255177e-16	31.8620562255856	MSC
ENSG00000139330	3.97805555555555	-5.86410555555555	10.0247670635578	1.51337633903227e-18	3.10161103950183e-16	31.5876642610823	KERA
ENSG00000197380	2.09651666666668	3.39442916666667	10.0246172118306	1.51476994012273e-18	3.10161103950183e-16	31.5867613461647	DACT3
ENSG00000196935	1.9613388888889	2.53842777777778	10.012144581361	1.63536265535421e-18	3.31365358041147e-16	31.5116184409924	SRGAP1
ENSG00000160013	2.43109583333334	5.30390763888888	9.99782440835084	1.7856620694781e-18	3.58089676035958e-16	31.4253681610732	PTGIR
ENSG00000128591	2.31976944444445	3.02806666666667	9.98265850971756	1.95987264611815e-18	3.89014721553983e-16	31.3340515401079	FLNC
ENSG00000164530	3.12189027777778	2.49107291666667	9.99675038126916	2.55387654956993e-18	4.91861451903309e-16	31.0840244380808	PI16
ENSG00000261609	1.65344305555556	0.595661805555555	9.93297766568142	2.65814574939301e-18	5.06924030560715e-16	31.0351149241581	GAN
ENSG00000100739	3.60078194444445	-1.54231597222222	9.90444083440123	3.74428562321578e-18	6.93655656598033e-16	30.7037694157353	BDKRB1
ENSG00000177688	3.35786388888889	-1.37186944444444	9.85696520437205	4.53346233822278e-18	8.24158031804763e-16	30.513401193331	SUMO4
ENSG00000196639	1.88638472222223	1.64396736111111	9.84289624096645	4.61542966129666e-18	8.3129016455132e-16	30.4938893994373	HRH1
ENSG00000223802	2.30804861111111	-1.47756180555556	9.83389816704686	4.87667217562452e-18	8.70284652846314e-16	30.4398860376394	CERS1
ENSG00000138378	2.07795555555556	3.238725	9.81437848958998	5.49514325407016e-18	9.63139098982753e-16	30.322773036454	STAT4
ENSG00000005513	1.83312638888889	-1.05786319444444	9.8143526188787	5.49601274866777e-18	9.63139098982753e-16	30.3226178530652	SOX8
ENSG00000239474	2.30241805555556	0.796009027777778	9.79619065464761	6.14152822830891e-18	1.06665184908094e-15	30.2136972339118	KLHL41
ENSG00000273802	2.91209305555557	2.51262847222222	9.83104100954139	6.36617615515544e-18	1.09588370416003e-15	30.1855957542326	H2BC8
ENSG00000006283	2.19321944444444	-2.05895	9.75979936363878	7.67104412747492e-18	1.2975404379795e-15	29.995588331956	CACNA1G
ENSG00000106809	2.68694166666667	3.29791388888889	9.76135018500433	8.20524473861495e-18	1.36417453551742e-15	29.9317958265772	OGN
ENSG00000163564	2.1098138888889	1.86983194444444	9.74293904505857	8.50301644283223e-18	1.40170064276248e-15	29.8945994952375	PYHIN1
ENSG00000152495	1.87659444444445	0.141086111111111	9.737024384385	8.81569183650796e-18	1.44103224877103e-15	29.859181706501	CAMK4
ENSG00000183908	3.47904166666666	-6.01048055555555	9.70725850832729	1.05718691567995e-17	1.68711793461353e-15	29.6810148680692	LRRC55
ENSG00000180616	1.96943194444444	-1.70343819444444	9.7071116070761	1.05813483458179e-17	1.68711793461353e-15	29.6801358881675	SSTR2
ENSG00000273703	5.97188333333333	-5.82652638888888	9.77203461665764	1.21524876130905e-17	1.92187145568973e-15	29.5599720947438	H2BC14
ENSG00000133056	2.24144027777779	3.88888125	9.68002888457164	1.24818012024133e-17	1.95803223378504e-15	29.5181401880499	PIK3C2B
ENSG00000164318	1.98490000000001	1.11668333333333	9.67348205850364	1.29900724958241e-17	2.02146312151016e-15	29.4789961899641	EGFLAM
ENSG00000177363	2.06163611111112	1.27529166666667	9.66851394418436	1.33894915460757e-17	2.06708245677987e-15	29.4492956040324	LRRN4CL
ENSG00000143768	2.29241111111112	0.509283333333333	9.66674799854261	1.35343951607068e-17	2.07300043044148e-15	29.4387392233035	LEFTY2
ENSG00000274322	2.36303472222223	1.25599097222222	9.65589917223195	1.44595012650215e-17	2.19739233286874e-15	29.3738976793042	
ENSG00000154548	1.97672222222222	-0.694727777777778	9.64477894351031	1.54731397862855e-17	2.31525780863712e-15	29.3074519720598	SRSF12
ENSG00000156265	2.01627361111112	3.21064791666667	9.63079991028935	1.68483417551023e-17	2.50178583068893e-15	29.2239502566892	MAP3K7CL
ENSG00000178562	1.92310138888889	0.186335416666667	9.62033229327908	1.79572160549067e-17	2.63018180586105e-15	29.1614425118281	CD28
ENSG00000204388	3.43652222222225	7.30602777777778	9.64655760177455	1.79834556950195e-17	2.63018180586105e-15	29.1648442537822	HSPA1B
ENSG00000129244	2.07746527777778	1.39307847222222	9.60343693291037	1.99023511340191e-17	2.88910846461896e-15	29.0605858992389	ATP1B2
ENSG00000106483	2.53836250000001	3.29812986111111	9.60006442526004	2.03150506580732e-17	2.92717307704326e-15	29.0404589087653	SFRP4
ENSG00000105509	3.26312777777778	-0.186143055555556	9.6101629582608	2.49038243152089e-17	3.51035645347423e-15	28.8487790060006	HAS1
ENSG00000196843	2.48538888888891	6.38939166666666	9.5585965614099	2.61430950055355e-17	3.6585286622135e-15	28.7931217579769	ARID5A
ENSG00000078098	2.19601666666668	2.55540694444444	9.54580066663668	2.82575925452532e-17	3.92619064421618e-15	28.7168532993067	FAP
ENSG00000138623	2.22608194444445	2.95182847222222	9.52983900137644	3.11354403383215e-17	4.29536585433354e-15	28.6217512630696	SEMA7A
ENSG00000171408	1.66596527777778	0.0532312500000001	9.51082758012268	3.49462377922875e-17	4.75366585689214e-15	28.5085303260889	PDE7B
ENSG00000082175	1.68291388888889	0.149269444444444	9.49280208840386	3.89872730461573e-17	5.26653080065174e-15	28.4012336762506	PGR
ENSG00000105855	1.96829444444445	1.16430555555556	9.47862973127557	4.24885015628e-17	5.6999057406868e-15	28.3169090817786	ITGB8
ENSG00000150048	2.18023750000001	4.42775069444444	9.47098708590715	4.45047606321087e-17	5.92949728640944e-15	28.2714491866193	CLEC1A
ENSG00000178752	2.15444583333334	-0.36881875	9.46881381540537	4.50953086869466e-17	5.96730574543187e-15	28.2585238777584	ERFE
ENSG00000151834	3.14777916666667	-3.73084375	9.46583826853536	4.59165356698692e-17	5.99441913993488e-15	28.2408283436821	GABRA2
ENSG00000172572	1.722675	1.74107638888889	9.44479861683429	5.21640476816926e-17	6.71983480466413e-15	28.1157466786495	PDE3A
ENSG00000078589	1.90758611111111	0.621105555555556	9.38423664311005	7.52787318205629e-17	9.50858371021812e-15	27.7561077839013	P2RY10
ENSG00000033867	1.85945277777779	3.0771375	9.34774540341567	9.38711987923147e-17	1.17805326381168e-14	27.5397049879396	SLC4A7
ENSG00000117228	2.33975000000002	5.56880694444444	9.31210217344548	1.16431808757629e-16	1.43343768604646e-14	27.3285499313678	GBP1
ENSG00000148848	1.95014444444445	-0.342952777777778	9.30390654299774	1.22339426842505e-16	1.49669593140907e-14	27.2800289175643	ADAM12
ENSG00000075213	1.73725	0.745720833333333	9.27909255279212	1.42107213325506e-16	1.72766844600484e-14	27.1331926600367	SEMA3A
ENSG00000123610	2.71702083333334	2.77333819444445	9.29614770872523	1.55095965473372e-16	1.87386752819132e-14	27.053694935283	TNFAIP6
ENSG00000170542	2.06865972222223	4.30455208333333	9.25970261356925	1.59740382838069e-16	1.91806785615192e-14	27.0185282904658	SERPINB9
ENSG00000213809	2.11922916666668	3.62401458333333	9.23091610359742	1.90010923733423e-16	2.24005605361367e-14	26.8484193173609	KLRK1
ENSG00000151835	1.61787083333334	1.66922708333333	9.22297895756717	1.99318288349925e-16	2.32164032633697e-14	26.8015421658938	SACS
ENSG00000172575	1.78810416666667	1.28490902777778	9.20080497300095	2.27794210470367e-16	2.60650175415857e-14	26.6706417993305	RASGRP1
ENSG00000182463	1.83365138888889	1.07880486111111	9.1836405332276	2.52586310575943e-16	2.87328006627091e-14	26.5693757456679	TSHZ2
ENSG00000170390	1.69521666666667	2.03167083333333	9.11897851665581	3.72585862628288e-16	4.18932959528639e-14	26.188373193759	DCLK2
ENSG00000106819	2.3910513888889	2.60404652777778	9.10428735150444	4.13270026314231e-16	4.59367345820824e-14	26.0873307180089	ASPN
ENSG00000117152	2.55337222222223	-0.315961111111111	9.09628135023011	4.26976778443618e-16	4.71906380357117e-14	26.0548221364883	RGS4
ENSG00000254726	1.8901375	-1.40375069444444	9.09302747257844	4.35396195067581e-16	4.78493038782745e-14	26.0356841912751	MEX3A
ENSG00000137331	2.65780416666668	6.35519513888889	9.05817854209492	5.36605679447194e-16	5.798918709226e-14	25.8308443344779	IER3
ENSG00000116132	1.94452222222223	4.20639027777778	9.0468198775493	5.74406841695049e-16	6.17312811306746e-14	25.7641293385885	PRRX1
ENSG00000205869	2.15419166666667	-0.501140277777778	9.04370968086128	5.85211664756988e-16	6.25469082574337e-14	25.7458659938652	KRTAP5-1
ENSG00000160161	2.27015555555555	-2.11092777777778	9.037872878245	6.06037331653216e-16	6.44187878432697e-14	25.7115968596133	CILP2
ENSG00000148948	1.82331805555556	-0.988440972222223	9.03619802282432	6.12148171492499e-16	6.47147077819135e-14	25.7017646450635	LRRC4C
ENSG00000147437	1.79371666666668	2.36297777777778	9.02893604797854	6.39360913171402e-16	6.6864776790377e-14	25.6591396584829	GNRH1
ENSG00000113578	1.90431666666667	-0.0325541666666667	9.00777242728973	7.2572308353363e-16	7.46918805338422e-14	25.5349763219199	FGF1
ENSG00000002745	2.47881527777778	-2.53005763888889	8.99021883520755	8.06085996850697e-16	8.20941613127736e-14	25.4320594164022	WNT16
ENSG00000101463	2.03523472222222	-1.07890902777778	8.98173313087026	8.48048973504538e-16	8.54727908425403e-14	25.3823295670827	SYNDIG1
ENSG00000151320	1.91665694444445	1.25959513888889	8.94533369751616	1.0541204541173e-15	1.05694593162318e-13	25.1691768974932	AKAP6
ENSG00000187260	1.81449027777779	2.02561041666667	8.92057000504092	1.22206918189615e-15	1.21906101160225e-13	25.0243154240343	WDR86
ENSG00000154553	2.08817500000002	5.88100972222222	8.91679623990666	1.24990063115264e-15	1.24046260597863e-13	25.0022508118661	PDLIM3
ENSG00000204389	3.15646388888891	7.74499583333333	8.91541583422351	1.37203636583073e-15	1.34792178727977e-13	24.91396428492	HSPA1A
ENSG00000164483	1.85275833333334	1.33685833333333	8.89799823864348	1.39820857238096e-15	1.36523195291805e-13	24.8923853890039	SAMD3
ENSG00000011590	1.79736388888889	-0.207688888888889	8.8878128747019	1.48574535557339e-15	1.43784669933401e-13	24.8328871820938	ZBTB32
ENSG00000124635	2.20255833333334	2.31242777777778	8.88221479045136	1.53615600953732e-15	1.47927260878812e-13	24.8001949003753	H2BC11
ENSG00000173805	2.07075555555556	-0.915466666666666	8.87986119273082	1.55785457920652e-15	1.49277769826232e-13	24.7864520552707	HAP1
ENSG00000168334	2.72454583333333	-0.762413194444445	8.87281368570124	1.62466707706051e-15	1.54916784230299e-13	24.745307989812	XIRP1
ENSG00000117707	1.67163333333334	-0.355665277777778	8.86906245275398	1.66138387831422e-15	1.57645069273016e-13	24.7234121296359	PROX1
ENSG00000135074	1.8361263888889	3.22283680555555	8.86283356270197	1.7241828673276e-15	1.62809733666293e-13	24.687060734024	ADAM19
ENSG00000168398	2.06340972222223	0.372661805555555	8.85360939446822	1.8215400756165e-15	1.70389976735656e-13	24.6332440144635	BDKRB2
ENSG00000124766	1.7240263888889	3.14804097222222	8.85356902467847	1.82197795399016e-15	1.70389976735656e-13	24.6330085235607	SOX4
ENSG00000144369	1.45692638888889	-0.496525694444444	8.84777655134422	1.88590422469967e-15	1.75524444874919e-13	24.5992225812578	FAM171B
ENSG00000008405	1.97914722222224	4.46355138888889	8.83678275177958	2.01342754410699e-15	1.86500917085568e-13	24.5351181430675	CRY1
ENSG00000075340	1.69289027777778	-0.826411805555555	8.81286468757829	2.32124542076251e-15	2.13240299775566e-13	24.3957412531421	ADD2
ENSG00000148154	1.97478750000002	4.86760763888889	8.80811958524819	2.38765983292417e-15	2.1805051206592e-13	24.3681047698675	UGCG
ENSG00000122641	2.19636527777778	2.57987013888889	8.79857164185232	2.52707497832649e-15	2.28343054103873e-13	24.3125101268366	INHBA
ENSG00000178343	1.97936944444445	1.83498888888889	8.79800624709644	2.53557987283758e-15	2.28343054103873e-13	24.3092186258735	SHISA3
ENSG00000170961	2.62730277777778	0.631505555555556	8.81428527317252	2.63419334334502e-15	2.36130547994228e-13	24.2768347680914	HAS2
ENSG00000145824	2.56163194444445	1.64099652777778	8.80770097411262	2.80697837048222e-15	2.50464877351469e-13	24.2155113988972	CXCL14
ENSG00000165259	1.50118055555556	0.566951388888889	8.76757154542981	3.03794521583555e-15	2.69836120266818e-13	24.1321417466031	HDX
ENSG00000163508	1.95825277777778	0.3672875	8.76409535382285	3.10127977517599e-15	2.74209519030561e-13	24.1119291411346	EOMES
ENSG00000156011	1.55213055555556	1.69309583333333	8.75962939978544	3.18457699777149e-15	2.80300415206566e-13	24.085965340246	PSD3
ENSG00000196890	2.99744305555555	-1.76171319444444	8.75573202712388	3.25908405478904e-15	2.85566229881786e-13	24.0633106648427	H2BC26
ENSG00000161681	2.37123055555555	-2.262925	8.74873476601944	3.39722628903515e-15	2.96335631274941e-13	24.0226452628916	SHANK1
ENSG00000278588	5.4777263888889	-5.54642569444443	8.80783324342841	3.58651781932024e-15	3.11450645631328e-13	23.984604352736	H2BC10
ENSG00000158050	2.25462916666668	3.93424097222222	8.73333728630266	3.72204066767898e-15	3.21782822523073e-13	23.9331988014663	DUSP2
ENSG00000116717	2.13196944444446	5.93636666666666	8.72998004289482	3.79686237552039e-15	3.25676586977649e-13	23.9137029533197	GADD45A
ENSG00000185955	2.40663333333334	-0.131568055555556	8.72906218726522	3.81757724596756e-15	3.25699616616495e-13	23.9083733065282	SPACDR
ENSG00000183918	1.783375	0.788780555555556	8.72799906666691	3.8417109991128e-15	3.26327346527259e-13	23.9022003923622	SH2D1A
ENSG00000104856	2.04057083333335	4.30260902777778	8.70206902121742	4.47966157450519e-15	3.77222411027165e-13	23.7517174169235	RELB
ENSG00000110076	2.06505972222223	0.242820138888889	8.68711996765713	4.89420055375737e-15	4.10353401602105e-13	23.6650297956216	NRXN2
ENSG00000163638	2.16323611111113	4.93967638888889	8.68126237769857	5.06683593668192e-15	4.23004689443505e-13	23.6310760417445	ADAMTS9
ENSG00000144730	1.7615625	-1.61387986111111	8.67954197298348	5.11867997452217e-15	4.25506678907715e-13	23.6211051115488	IL17RD
ENSG00000255398	2.35155000000001	1.81829027777778	8.67195790840313	5.73176649055565e-15	4.73114499382391e-13	23.5129215175329	HCAR3
ENSG00000169429	3.08635000000001	4.96688472222222	8.70307094154764	5.74002785596567e-15	4.73114499382391e-13	23.5185740739813	CXCL8
ENSG00000084112	1.8308888888889	3.84851944444444	8.65827534292675	5.80478482337534e-15	4.76433225250199e-13	23.4979054561375	SSH1
ENSG00000078795	2.82785277777778	-3.95497777777778	8.65052500046975	6.07692475956196e-15	4.96673699256299e-13	23.4530324221498	PKD2L2
ENSG00000146592	1.7961013888889	3.00477152777778	8.64004650852617	6.46511826727458e-15	5.26190295125628e-13	23.3923856402493	CREB5
ENSG00000174255	2.30522916666667	-1.33124236111111	8.63615020149382	6.61566461655078e-15	5.33680786059002e-13	23.3698412190164	ZNF80
ENSG00000100626	1.74545	1.59559027777778	8.63564266802125	6.63552949090092e-15	5.33680786059002e-13	23.366904835147	GALNT16
ENSG00000141052	1.90469166666667	1.342925	8.63507275814833	6.65790642754886e-15	5.33680786059002e-13	23.3636076368169	MYOCD
ENSG00000159167	2.57474027777779	2.09694097222222	8.66491274408412	6.66689445878765e-15	5.33680786059002e-13	23.3691237444177	STC1
ENSG00000188158	1.50250694444445	-0.04055625	8.6225843270086	7.16751886683744e-15	5.69071742847844e-13	23.2913748338075	NHS
ENSG00000184260	1.89799722222223	1.46946666666667	8.62151063589224	7.21310097700942e-15	5.70362765060111e-13	23.2851662997744	H2AC20
ENSG00000003096	1.7660625	-0.270524305555556	8.61140867223423	7.65631949145242e-15	6.02958407885556e-13	23.2267654879309	KLHL13
ENSG00000143320	1.9026388888889	2.07516666666666	8.60663601438581	7.87502737983751e-15	6.17681583034674e-13	23.1991822982169	CRABP2
ENSG00000173926	1.84120416666668	2.93348819444444	8.60087859248139	8.14713700754839e-15	6.36458269360768e-13	23.1659147548617	MARCHF3
ENSG00000162409	1.57326111111111	0.172002777777778	8.57980696735216	9.22511224613567e-15	7.09276219019095e-13	23.044224293313	PRKAA2
ENSG00000182272	1.88657083333334	-0.30418125	8.56946934370452	9.80463375142565e-15	7.50865101309968e-13	22.984561492638	B4GALNT4
ENSG00000176692	1.74071388888889	0.647779166666667	8.56793627855636	9.89360206401688e-15	7.54707244506888e-13	22.9757156563124	FOXC2
ENSG00000151136	1.64071944444444	-1.13362083333333	8.54139300839837	1.15675316031791e-14	8.75531613793927e-13	22.8226478153357	ABTB3
ENSG00000131459	2.04238611111112	4.63937916666667	8.53789761341141	1.18079678956498e-14	8.85249387228706e-13	22.8025032251744	GFPT2
ENSG00000277075	3.53693194444445	1.36654652777778	8.60390067700741	1.18520594495017e-14	8.85249387228706e-13	22.8142393783326	H2AC8
ENSG00000162738	1.72148611111112	2.09460277777778	8.53689335855073	1.18779606244444e-14	8.85249387228706e-13	22.7967160596704	VANGL2
ENSG00000100302	1.82610694444445	1.27241597222222	8.53165622902478	1.2249701887172e-14	9.09470233241485e-13	22.7665402162351	RASD2
ENSG00000134070	1.93992777777779	2.94524166666667	8.52915773643563	1.24310988348741e-14	9.15945964151406e-13	22.7521464364852	IRAK2
ENSG00000187479	2.5189527777778	8.008225	8.50914000188679	1.39841125384159e-14	1.02049928296579e-12	22.6368783195242	C11orf96
ENSG00000150275	2.16361111111111	0.468320833333334	8.50885610048301	1.40074701085681e-14	1.02049928296579e-12	22.6352442195604	PCDH15
ENSG00000087085	1.80853472222223	1.88861736111111	8.48923150677992	1.57195823907512e-14	1.13250858024034e-12	22.5223345468178	ACHE
ENSG00000102466	1.85471111111111	0.0833625	8.47787917462791	1.68032710247198e-14	1.20611523237214e-12	22.4570615855807	FGF14
ENSG00000176170	2.05644027777779	4.67111319444444	8.47137968837734	1.74567778223769e-14	1.24841633162086e-12	22.4197052932486	SPHK1
ENSG00000148344	2.17161111111112	2.34133888888889	8.46865547778565	1.77381404713939e-14	1.26389123974195e-12	22.4040507390791	PTGES
ENSG00000256671	2.76850138888889	0.852917361111111	8.5055183260279	1.79048169245539e-14	1.27111130954899e-12	22.4039503794597	LIMS4
ENSG00000188766	1.84629305555556	0.70195625	8.46196513440324	1.84483918528616e-14	1.30493861207951e-12	22.3656126501075	SPRED3
ENSG00000111728	1.83137222222223	2.20265833333333	8.45130376378019	1.96390107614045e-14	1.38412332366246e-12	22.3043823644428	ST8SIA1
ENSG00000131409	1.75665694444445	1.90200902777778	8.43505570590317	2.16018424359755e-14	1.51150733476473e-12	22.2111202567573	LRRC4B
ENSG00000134317	1.87642222222223	1.96555694444444	8.43202575809793	2.19888583439215e-14	1.53307266131169e-12	22.1937358669665	GRHL1
ENSG00000108691	3.22126111111113	7.30317916666667	8.45452964511037	2.2981836631258e-14	1.59658102196868e-12	22.1576455716487	CCL2
ENSG00000112218	1.44851111111111	-1.80454861111111	8.42128206803855	2.3417473038775e-14	1.62105582046353e-12	22.1321119870024	GPR63
ENSG00000177098	1.9997638888889	2.72178888888889	8.41999385633114	2.35948421809835e-14	1.62754209256912e-12	22.124724952688	SCN4B
ENSG00000152672	2.57610277777778	-1.90731527777778	8.40697947197561	2.54632755348186e-14	1.74405505529328e-12	22.050119237466	CLEC4F
ENSG00000132639	2.06543750000001	1.07749652777778	8.39771547491531	2.68820827017582e-14	1.8283575969042e-12	21.9970385128059	SNAP25
ENSG00000137501	1.80202777777779	4.45430138888889	8.3958060640433	2.71841288739852e-14	1.84245879741031e-12	21.98610065835	SYTL2
ENSG00000100450	1.97331250000001	2.17451736111111	8.38905242994963	2.82797633110017e-14	1.91006234696391e-12	21.9474205091253	GZMH
ENSG00000168229	1.64005555555556	0.177993055555555	8.38475880390879	2.8998995928357e-14	1.9518632138353e-12	21.9228355266077	PTGDR
ENSG00000156103	2.17578194444444	-3.50197152777778	8.37903512712543	2.99860941766092e-14	2.01134311697725e-12	21.8900693753777	MMP16
ENSG00000242028	1.73968333333335	3.47228611111111	8.37707121684817	3.03324171225824e-14	2.02758136724561e-12	21.8788285377739	HYPK
ENSG00000166923	2.75576527777778	-0.590486805555555	8.38666655517334	3.1778350563367e-14	2.11696053136512e-12	21.8374823375788	GREM1
ENSG00000180432	1.89287222222222	-2.75426666666666	8.36327313698993	3.28801691960465e-14	2.1828841337935e-12	21.7998798398156	CYP8B1
ENSG00000128917	1.90734861111112	4.07580625	8.35914587578837	3.36827334292089e-14	2.22855962811215e-12	21.7762741659658	DLL4
ENSG00000168811	2.03175694444445	0.662575694444445	8.35823023837564	3.38634023684537e-14	2.2329183148175e-12	21.7710378058779	IL12A
ENSG00000113319	1.67736250000001	1.73892986111111	8.35406514277373	3.46974555321835e-14	2.28018548990552e-12	21.7472210802887	RASGRF2
ENSG00000121898	1.9485763888889	2.24262569444444	8.35154449856704	3.52120827619666e-14	2.30621358210698e-12	21.7328097451337	CPXM2
ENSG00000102780	1.57293333333334	2.72905555555555	8.3508271702026	3.53599162031444e-14	2.3081244630321e-12	21.7287088425861	DGKH
ENSG00000170456	1.42524166666667	1.19024027777778	8.32428363116635	4.12857655425183e-14	2.6504643938385e-12	21.5770539716308	DENND5B
ENSG00000059758	1.80322083333335	4.67567708333333	8.32342380858037	4.14933749485728e-14	2.65503003124881e-12	21.5721444401469	CDK17
ENSG00000113739	2.0612763888889	3.12064513888889	8.3094847091766	4.50073269531372e-14	2.87043450456533e-12	21.4925795790783	STC2
ENSG00000153283	1.86456111111112	2.69578472222222	8.3069587977013	4.56749940517728e-14	2.90349668070289e-12	21.4781669421568	CD96
ENSG00000095397	1.81071250000001	2.75242708333333	8.29528569883379	4.88904718073008e-14	3.09777673483914e-12	21.411582633437	WHRN
ENSG00000172548	2.32918055555556	-1.3797125	8.29294071464907	4.95630257419785e-14	3.12788920451422e-12	21.3982109056709	NIPAL4
ENSG00000172061	2.54543333333333	-1.65936388888889	8.29244398287239	4.97066654204541e-14	3.12788920451422e-12	21.3953785910237	LRRC15
ENSG00000183943	1.72024722222223	3.7189625	8.29195619392851	4.98481211905927e-14	3.12788920451422e-12	21.3925973297799	PRKX
ENSG00000183807	1.92035972222223	3.47291041666667	8.29050517350609	5.02712745519362e-14	3.13422061725725e-12	21.3843243073406	FAM162B
ENSG00000125347	2.27318750000002	6.63082708333333	8.28578680687003	5.16720670489743e-14	3.21126213494136e-12	21.3574262225392	IRF1
ENSG00000165028	1.51565416666667	1.61358402777778	8.28285707093283	5.25612746264222e-14	3.25612074532855e-12	21.3407275312885	NIPSNAP3B
ENSG00000121753	1.76986944444445	0.0559194444444444	8.27735899489275	5.42711952546893e-14	3.35137552410862e-12	21.3093960363153	ADGRB2
ENSG00000183963	1.94788611111113	6.1583	8.27259213623721	5.57983162716764e-14	3.43477483581218e-12	21.2822378558039	SMTN
ENSG00000198400	1.74066111111111	0.146548611111111	8.26912425174171	5.69360225077346e-14	3.49375239690995e-12	21.2624840372308	NTRK1
ENSG00000185947	1.63900555555556	3.01724166666667	8.24140574465965	6.68968118045416e-14	4.06648994756857e-12	21.1047067703902	ZNF267
ENSG00000077150	1.96864027777779	5.44061875	8.23698591063488	6.86376241762668e-14	4.14639461328181e-12	21.0795672135448	NFKB2
ENSG00000144824	1.85214583333334	5.07665763888888	8.23073493050622	7.11766649821623e-14	4.27323607170685e-12	21.0440211086495	PHLDB2
ENSG00000089692	1.69955416666667	1.84538680555556	8.22793536479331	7.23438122009682e-14	4.32994410748687e-12	21.0281047760277	LAG3
ENSG00000141622	1.45708472222222	-0.773710416666667	8.21560909354567	7.77127202136316e-14	4.60874339510842e-12	20.95805115023	ARK2C
ENSG00000081985	1.77333055555555	-1.06242777777778	8.21408115362923	7.84051998370143e-14	4.63006966350078e-12	20.9493702590453	IL12RB2
ENSG00000186827	1.90427222222223	2.75435555555555	8.21376691224204	7.85483749205869e-14	4.63006966350078e-12	20.9475849941946	TNFRSF4
ENSG00000186340	1.97155416666668	4.01320902777778	8.2112682165287	7.96961057268652e-14	4.68353066041989e-12	20.9333903675372	THBS2
ENSG00000115085	1.88156666666668	4.09029722222222	8.19955853877146	8.53003923480837e-14	4.967853987889e-12	20.86689207921	ZAP70
ENSG00000102445	1.74283333333334	2.40150694444444	8.19205056451857	8.90977065297365e-14	5.17351817139234e-12	20.8242742329108	RUBCNL
ENSG00000162645	2.04511944444446	6.65000555555556	8.18004717660859	9.55200260622406e-14	5.52992722310329e-12	20.7561703385184	GBP2
ENSG00000183876	1.64158333333334	1.8056	8.177903200681	9.67145561263301e-14	5.58246749486461e-12	20.7440100991385	ARSI
ENSG00000163618	1.74266666666667	-0.863225	8.17280542937693	9.96146615467038e-14	5.71594217229051e-12	20.7151014560459	CADPS
ENSG00000181016	1.81095833333334	2.52872638888889	8.16837593771923	1.02204536861633e-13	5.83393787317002e-12	20.6899882240403	LSMEM1
ENSG00000111344	2.02689722222222	-1.19998333333333	8.16826396868541	1.02270862366388e-13	5.83393787317002e-12	20.6893534786251	RASAL1
ENSG00000137573	1.79517500000001	3.37071805555555	8.16008059103245	1.07235741834473e-13	6.08863596902162e-12	20.6429716247141	SULF1
ENSG00000130176	2.1607777777778	6.06908611111111	8.15987771025663	1.07361820757476e-13	6.08863596902162e-12	20.641821965224	CNN1
ENSG00000172987	2.05520555555556	0.142819444444444	8.15492916436947	1.10483016679106e-13	6.24742918733131e-12	20.6137836255931	HPSE2
ENSG00000138316	2.10417777777778	-0.166194444444444	8.15045420332394	1.13382933275562e-13	6.37434918519142e-12	20.5884343415361	ADAMTS14
ENSG00000115523	2.21133611111112	5.11016666666667	8.14834280680425	1.14777282154614e-13	6.4341432059699e-12	20.5764758206686	GNLY
ENSG00000169129	1.59701527777778	2.46144236111111	8.14571341757827	1.16537514302869e-13	6.5140451960328e-12	20.5615851937904	AFAP1L2
ENSG00000185697	1.56570694444445	1.38505902777778	8.14493235364575	1.17065534435082e-13	6.52481024593472e-12	20.5571622745867	MYBL1
ENSG00000125869	1.95368194444444	-1.30433680555556	8.12705417450331	1.29822163445023e-13	7.21514492380742e-12	20.4559693920177	LAMP5
ENSG00000069399	2.24499861111113	7.13645069444444	8.11416958397006	1.39861781175751e-13	7.7289527483827e-12	20.3830952857901	BCL3
ENSG00000147234	1.65029305555555	-2.65403402777778	8.10768481864131	1.45202298883017e-13	8.00134594298146e-12	20.3464353370629	FRMPD3
ENSG00000150347	1.71914027777779	3.95991180555555	8.10610446851728	1.46534154316817e-13	8.05192759822238e-12	20.3375029959416	ARID5B
ENSG00000125726	2.2055375	-1.02700902777778	8.09530498453393	1.55965598782677e-13	8.54603613386094e-12	20.2764814401431	CD70
ENSG00000169245	2.77617222222223	2.243425	8.13374816900163	1.60747989945888e-13	8.78334241693095e-12	20.2580801562222	CXCL10
ENSG00000182866	1.80050972222223	3.14117847222222	8.08841357815707	1.62296227454516e-13	8.84309864550487e-12	20.2375590562643	LCK
ENSG00000172738	2.04927361111111	0.230309027777778	8.07868307342198	1.71671157354354e-13	9.30180321130052e-12	20.182624070408	TMEM217
ENSG00000165434	1.38229861111111	0.717261805555556	8.07762988259119	1.72717532565477e-13	9.33250400962128e-12	20.1766797115559	PGM2L1
ENSG00000188015	2.06599027777779	3.31306597222222	8.06907021902683	1.81459795546901e-13	9.77771729356873e-12	20.1283792526191	S100A3
ENSG00000137672	1.75005972222223	3.61223402777778	8.06539829909576	1.8534326060031e-13	9.95938426850061e-12	20.1076656338015	TRPC6
ENSG00000145423	2.92339722222223	4.47957083333333	8.10485754310924	1.86093325352268e-13	9.97214150069509e-12	20.1140241826992	SFRP2
ENSG00000105825	2.50107361111112	2.20624930555555	8.09294526057307	1.89321242673357e-13	1.01172439903355e-11	20.0949269783846	TFPI2
ENSG00000206052	1.45643194444445	0.96636875	8.05012736207339	2.02397889347042e-13	1.0786421215284e-11	20.0215615678272	DOK6
ENSG00000139155	2.47657361111111	-1.84496875	8.03869401765344	2.16177264580368e-13	1.14579840616276e-11	19.9571385012341	SLCO1C1
ENSG00000271810	4.45143472222222	-3.32004375	8.07789313582767	2.26889612109572e-13	1.19930889531397e-11	19.9221264745434	
ENSG00000160963	2.15372916666666	-2.22969930555556	8.01779583914546	2.43810786999679e-13	1.27833084332015e-11	19.8394799598616	COL26A1
ENSG00000106823	1.93325833333334	3.09320555555556	8.00803332282435	2.57893302480091e-13	1.33418630846881e-11	19.784558746673	ECM2
ENSG00000125245	1.55076666666667	-1.26419027777778	8.00384481468103	2.64179797153675e-13	1.36308366425286e-11	19.7610037070139	GPR18
ENSG00000198932	1.64159305555556	2.54531458333333	7.98547107083278	2.93600946434505e-13	1.50689330080316e-11	19.6577341600053	GPRASP1
ENSG00000117560	1.98393472222222	-1.00209930555556	7.98245268576425	2.98735567383156e-13	1.52411596704731e-11	19.6407786229461	FASLG
ENSG00000151892	1.71334305555556	1.13968819444444	7.97305635404149	3.1529665541118e-13	1.59717462006726e-11	19.5880123079553	GFRA1
ENSG00000274290	5.21784166666667	-3.09046527777778	8.02997157071765	3.17705785102046e-13	1.60398416907192e-11	19.5957740560884	H2BC6
ENSG00000110852	1.81545138888891	5.39697569444444	7.9714103163465	3.18290093184125e-13	1.60398416907192e-11	19.5787713966906	CLEC2B
ENSG00000137033	1.78446527777779	4.28122569444444	7.96952576229737	3.21751900861272e-13	1.61723978696472e-11	19.5681924092403	IL33
ENSG00000117143	1.83355416666668	5.31499930555556	7.9687991886637	3.23096519109017e-13	1.61981275507953e-11	19.5641140460814	UAP1
ENSG00000054598	1.68796944444445	1.28774583333333	7.96060686031049	3.38648492434087e-13	1.69341657450588e-11	19.5181399084929	FOXC1
ENSG00000173762	1.8453138888889	3.88166944444444	7.95560893636684	3.48498495988575e-13	1.73820326768455e-11	19.49010186579	CD7
ENSG00000150636	1.76674027777778	3.90635208333333	7.94477751735448	3.7083067237462e-13	1.84015261199773e-11	19.4293632305483	CCDC102B
ENSG00000276180	1.95333611111111	-0.659325	7.93963877311584	3.81916319446459e-13	1.8903400116724e-11	19.4005590037195	H4C9
ENSG00000153721	1.62901666666667	3.11105277777778	7.9315666972096	3.99996831064603e-13	1.96980717920726e-11	19.3553281555475	CNKSR3
ENSG00000133874	1.81045833333335	4.42893333333333	7.92291398892584	4.20320837497611e-13	2.05946622947192e-11	19.3068650234702	RNF122
ENSG00000133069	1.59604722222223	1.71131388888889	7.90709409975874	4.60161506604917e-13	2.24901045891428e-11	19.2183160402532	TMCC2
ENSG00000044524	1.67560694444445	0.0332993055555556	7.89797196182765	4.84813177018259e-13	2.35176706218433e-11	19.1672901117353	EPHA3
ENSG00000007350	1.92023055555556	-1.25107916666667	7.89589859571238	4.90596319381006e-13	2.37390039915406e-11	19.1556958919774	TKTL1
ENSG00000010818	1.5246013888889	2.84373958333333	7.88429582417891	5.24244123633514e-13	2.51792510936275e-11	19.0908369959948	HIVEP2
ENSG00000160224	3.11401527777777	-5.62334375	7.88312949272595	5.27750434395298e-13	2.5285225245954e-11	19.0843194778322	AIRE
ENSG00000135144	1.63061527777778	1.22838125	7.87288899560008	5.59551262804849e-13	2.67429758331202e-11	19.0271124843769	DTX1
ENSG00000116991	1.67443888888889	4.36424027777778	7.86167149294143	5.96568615702572e-13	2.84422860604079e-11	18.9644835679611	SIPA1L2
ENSG00000164776	1.38304166666667	1.01023333333333	7.8584114969428	6.07774589052217e-13	2.88726994760572e-11	18.946289617523	PHKG1
ENSG00000164484	1.57908333333334	2.4023125	7.85818380197534	6.08565020829912e-13	2.88726994760572e-11	18.9450189771834	TMEM200A
ENSG00000075223	1.04936666666668	3.68003472222222	7.85694176851809	6.12894647973826e-13	2.90073642150532e-11	18.9380881459034	SEMA3C
ENSG00000152402	1.53767083333334	1.59664236111111	7.84994654711346	6.37855705411262e-13	3.01154591787861e-11	18.8990618676398	GUCY1A2
ENSG00000085465	1.65999861111112	2.04717291666667	7.84428808633392	6.58781750152428e-13	3.10281418982204e-11	18.8675041420823	OVGP1
ENSG00000118473	1.63225833333335	3.6209125	7.82580470805127	7.31992555840894e-13	3.41456095832544e-11	18.764488130432	SGIP1
ENSG00000143178	1.52965277777778	2.23911944444444	7.82456112437094	7.3719814030216e-13	3.43061680027694e-11	18.7575608055765	TBX19
ENSG00000255150	1.45904583333334	1.26620625	7.82166519707787	7.4946296887408e-13	3.47336208980732e-11	18.7414309974741	EID3
ENSG00000107130	1.70932361111112	2.78691180555556	7.82155004923479	7.49954800390229e-13	3.47336208980732e-11	18.7407896968001	NCS1
ENSG00000177710	2.82419166666666	-2.67491527777778	7.81752258509156	7.67360028345091e-13	3.53712968515846e-11	18.7183618039564	SLC35G5
ENSG00000172137	1.99286111111112	0.629816666666667	7.80594207580598	8.19668345994831e-13	3.76504334052181e-11	18.6539004981688	CALB2
ENSG00000112182	1.54643611111112	1.09586666666667	7.80531249332298	8.22611258339383e-13	3.76504334052181e-11	18.6503971865497	BACH2
ENSG00000166839	1.58015833333334	3.16659583333333	7.7986699508093	8.54306216269403e-13	3.89179496929097e-11	18.613442141436	ANKDD1A
ENSG00000166676	1.304975	0.561470833333333	7.78729300974557	9.11426542296482e-13	4.14230586466149e-11	18.5501791869922	TVP23A
ENSG00000105894	1.57955555555557	3.6280125	7.783563867355	9.30960659200229e-13	4.22122301696104e-11	18.5294514530283	PTN
ENSG00000128652	2.65682083333333	-2.37740486111111	7.77468533144192	9.79153789931496e-13	4.41914142035904e-11	18.4801190101268	HOXD3
ENSG00000132003	1.59156944444445	2.66622638888889	7.77370577920207	9.84619945908804e-13	4.43352481199492e-11	18.4746777419914	ZSWIM4
ENSG00000165997	1.64911111111112	3.04885	7.77117037541501	9.98908954000298e-13	4.48747736101935e-11	18.4605953230804	ARL5B
ENSG00000187955	1.89191111111112	4.10557361111111	7.77075876989976	1.00124798132905e-12	4.48762113659277e-11	18.4583093256287	COL14A1
ENSG00000102802	2.29372083333334	3.15531875	7.78791631334333	1.01075882676681e-12	4.51983464328001e-11	18.4542329751201	MEDAG
ENSG00000118946	1.89777777777779	3.11212222222222	7.76396007730538	1.04067727235993e-12	4.63232363888908e-11	18.420557945195	PCDH17
ENSG00000090539	1.62326805555557	3.53795625	7.75569233141899	1.09070415756314e-12	4.84392175180781e-11	18.3746685700772	CHRD
ENSG00000131620	1.81104305555556	3.06191041666667	7.75271962871006	1.10926783771644e-12	4.91514304766745e-11	18.3581740339713	ANO1
ENSG00000188487	1.76914444444445	-0.448905555555556	7.74723726916856	1.14432824343968e-12	5.04749954453257e-11	18.3277614491354	INSC
ENSG00000240764	1.32975138888889	-0.852827083333333	7.74356260858317	1.16844042303132e-12	5.13058760921112e-11	18.3073820423662	PCDHGC5
ENSG00000104447	1.42863611111112	2.05629444444444	7.74147328543551	1.18237375694877e-12	5.18007529733503e-11	18.2957966797482	TRPS1
ENSG00000112309	1.3413625	-0.06521875	7.73336147941069	1.23804746000114e-12	5.41179757122294e-11	18.2508293642453	B3GAT2
ENSG00000197410	1.73767916666666	-2.94453402777778	7.73072069269785	1.25672630447682e-12	5.48113006158816e-11	18.2361947538	DCHS2
ENSG00000188536	2.84347777777779	9.78278888888889	7.72042091617264	1.3322845113213e-12	5.78473176656739e-11	18.1791367067034	HBA2
ENSG00000091986	1.81698194444446	5.98358125	7.71922197394202	1.34136712683079e-12	5.81119673744155e-11	18.1724970435332	CCDC80
ENSG00000163132	1.87825555555556	1.58359305555556	7.71757310081221	1.3539584580767e-12	5.85271109477955e-11	18.1633664296377	MSX1
ENSG00000138166	1.83216944444446	4.11862638888889	7.71584171425309	1.3673059052967e-12	5.89730254319987e-11	18.1537798176737	DUSP5
ENSG00000204086	2.4561125	-2.60962013888889	7.71352764787773	1.38534900194075e-12	5.9619045986176e-11	18.1409684038024	RPA4
ENSG00000153976	1.84462083333334	-0.153757638888889	7.71241358378948	1.39411941739766e-12	5.98640417377908e-11	18.1348011879714	HS3ST3A1
ENSG00000143322	1.44097777777779	2.59662916666667	7.70538651472974	1.45072110082813e-12	6.20207183589203e-11	18.095909869357	ABL2
ENSG00000161958	1.48429444444445	0.0695374999999999	7.70317137734129	1.46903105669585e-12	6.26657721816835e-11	18.0836534153446	FGF11
ENSG00000119326	1.7128277777778	5.17091527777778	7.70053300727404	1.49113825115895e-12	6.33936893684623e-11	18.0690572159812	CTNNAL1
ENSG00000104635	1.87037916666668	4.13105208333333	7.69929472016696	1.50162730313607e-12	6.36375910688516e-11	18.0622074239123	SLC39A14
ENSG00000100625	1.8268375	-1.15205208333333	7.69693452836576	1.52182237054711e-12	6.43532364171355e-11	18.0491529699906	SIX4
ENSG00000134013	1.56400972222223	2.89254930555556	7.69203924718304	1.564570542367e-12	6.6017410390722e-11	18.0220823011921	LOXL2
ENSG00000137558	2.59706666666667	-0.3173	7.71092616257566	1.58398763339156e-12	6.66920507461746e-11	18.0159061734305	PI15
ENSG00000166073	1.58537083333334	2.55887152777778	7.68891219799113	1.59249787456562e-12	6.69055478532407e-11	18.0047938400881	GPR176
ENSG00000166670	4.16621944444444	-2.42220972222222	7.72508455181569	1.68698136662744e-12	7.04188015957875e-11	17.9613830929404	MMP10
ENSG00000114423	1.6077763888889	4.47833402777778	7.67765842329299	1.69715136424456e-12	7.06916238485764e-11	17.9426009603154	CBLB
ENSG00000014914	1.63461250000001	4.00970208333333	7.6737983679261	1.73459389385728e-12	7.20968385113501e-11	17.9212780126829	MTMR11
ENSG00000172175	1.52381527777778	3.47331736111111	7.66908329767019	1.78144155977707e-12	7.38527923562548e-11	17.8952383994703	MALT1
ENSG00000196526	1.4389388888889	2.97931805555556	7.66878629298833	1.78443411512645e-12	7.38527923562548e-11	17.8935983881582	AFAP1
ENSG00000181264	1.45169305555556	2.62819375	7.66044667429054	1.87052528762055e-12	7.72515029613482e-11	17.8475598702005	TLCD5
ENSG00000077157	1.70906527777779	4.54710902777778	7.65909610475756	1.88484924612398e-12	7.76781515584822e-11	17.8401061978543	PPP1R12B
ENSG00000027869	1.63768194444445	2.46562986111111	7.65757902675308	1.90106873854465e-12	7.80335219943738e-11	17.8317342759066	SH2D2A
ENSG00000167244	1.6355388888889	2.61779583333333	7.65753928821066	1.90149544650078e-12	7.80335219943738e-11	17.8315149905698	IGF2
ENSG00000242173	2.25182083333333	-1.22233819444444	7.65712975467924	1.90589850027561e-12	7.80495528997077e-11	17.8292551309224	ARHGDIG
ENSG00000007171	1.78979444444445	0.360313888888889	7.65584597467437	1.91976645313411e-12	7.84523047192536e-11	17.8221714126583	NOS2
ENSG00000087494	2.10752361111111	-0.353907638888889	7.64525713869262	2.03802901143793e-12	8.2591125688522e-11	17.763763843528	PTHLH
ENSG00000164171	1.83373194444445	3.12620069444445	7.64438429466201	2.04809334716378e-12	8.28264278358208e-11	17.7589508781486	ITGA2
ENSG00000141314	1.43069027777778	-1.66068541666667	7.63736623885546	2.13082416330238e-12	8.59933436194146e-11	17.7202613896434	RHBDL3
ENSG00000101333	1.49849305555556	2.30287013888889	7.63449741610984	2.16558778222829e-12	8.70646523914413e-11	17.7044505651033	PLCB4
ENSG00000151014	1.5696388888889	1.51389027777778	7.63443733461819	2.16632180533917e-12	8.70646523914413e-11	17.7041194688046	NOCT
ENSG00000142920	1.43947500000001	1.50471388888889	7.62516251675845	2.28263856945371e-12	9.15502792845642e-11	17.6530218894832	AZIN2
ENSG00000130032	2.01482361111111	-1.53166458333333	7.6192330477754	2.36021948971404e-12	9.44670566129989e-11	17.6203693427892	PRRG3
ENSG00000112541	1.44415	-0.261943055555556	7.61120190608873	2.46947627210506e-12	9.86370686755391e-11	17.5761614101158	PDE10A
ENSG00000169122	1.43063750000001	2.26332986111111	7.6079201084347	2.51555021250257e-12	1.00271481011475e-10	17.5581025684025	FAM110B
ENSG00000175471	1.60189027777779	3.40262152777778	7.6062734749045	2.53898731659755e-12	1.00998734728948e-10	17.5490429093624	MCTP1
ENSG00000013725	1.69761666666668	2.6141875	7.59677752428632	2.67842610003055e-12	1.06111495922188e-10	17.4968140874567	CD6
ENSG00000125878	2.26268194444444	-1.07008125	7.59397532949785	2.72100367034759e-12	1.07579193893499e-10	17.4814073080692	TCF15
ENSG00000261308	1.87330138888889	-2.07573819444444	7.59189400926696	2.75306104836938e-12	1.08625848910509e-10	17.4699656357982	FIGNL2
ENSG00000136378	1.62174722222223	2.64015416666667	7.55999274151216	3.29387714912432e-12	1.28918507655466e-10	17.2947718792209	ADAMTS7
ENSG00000143248	1.89744444444446	4.8413	7.5432816870951	3.6178756079253e-12	1.41253064604524e-10	17.2031327006977	RGS5
ENSG00000171056	1.75869583333334	3.92065069444444	7.54126098514762	3.6591316524981e-12	1.42354857808786e-10	17.1920579479845	SOX7
ENSG00000176678	1.47344444444445	0.0852486111111111	7.54010651254359	3.68291082510725e-12	1.42993974790392e-10	17.1857312997578	FOXL1
ENSG00000206172	2.74996388888891	8.98900833333334	7.54221060014487	3.71497820809063e-12	1.43951705386014e-10	17.1783182120951	HBA1
ENSG00000185518	1.41404444444444	-1.53859444444444	7.5296961361841	3.90436443336809e-12	1.50813535799603e-10	17.1287011802108	SV2B
ENSG00000067840	1.54274027777778	2.22575069444445	7.52914447402378	3.91646045886543e-12	1.50857403655149e-10	17.125680070134	PDZD4
ENSG00000127561	1.56956944444445	-0.225844444444444	7.50861565406451	4.39394731194913e-12	1.68915144490187e-10	17.0133286823705	SYNGR3
ENSG00000198885	1.40704861111111	0.207346527777778	7.49689940263488	4.69182907495617e-12	1.79616638445043e-10	16.9492704771621	ITPRIPL1
ENSG00000125775	1.88631527777779	4.65412013888889	7.49658758383118	4.70002410901331e-12	1.79616638445043e-10	16.9475662481311	SDCBP2
ENSG00000186891	1.93304305555556	1.69452847222222	7.48891454821603	4.90620570743626e-12	1.87128457688334e-10	16.9056399875373	TNFRSF18
ENSG00000023445	1.79704722222223	4.33083611111111	7.48745424258524	4.94644732700262e-12	1.88294116252162e-10	16.8976629721264	BIRC3
ENSG00000185070	1.53960138888889	1.96921736111111	7.48597718783832	4.98748275303773e-12	1.89485379906426e-10	16.8895951948567	FLRT2
ENSG00000140743	1.57979722222224	4.32205138888889	7.47909333649246	5.18321682366482e-12	1.96155512945385e-10	16.8520048236194	CDR2
ENSG00000120160	2.27247083333333	-1.96920902777778	7.47752724779554	5.22879729695995e-12	1.97496242758184e-10	16.8434551807567	EQTN
ENSG00000116147	2.67019861111111	-2.70097847222222	7.47679002231604	5.25039107370496e-12	1.97927533266878e-10	16.8394307822444	TNR
ENSG00000119147	1.93636250000001	4.16172986111111	7.46763546183943	5.52599885780409e-12	2.07914370951654e-10	16.7894727945612	ECRG4
ENSG00000162772	2.19331666666668	6.21310833333333	7.4662703696616	5.56830479373655e-12	2.09064537499243e-10	16.7820256882728	ATF3
ENSG00000184451	1.49843333333334	1.81921805555556	7.46595693459205	5.57806369330181e-12	2.09064537499243e-10	16.7803158678646	CCR10
ENSG00000183114	2.32547361111111	-2.41315902777778	7.46291314268441	5.67371764358321e-12	2.11833312097852e-10	16.763713405272	FAM43B
ENSG00000156049	1.53342777777778	2.88328194444444	7.45902460168888	5.79828302458666e-12	2.1606935133e-10	16.7425078087587	GNA14
ENSG00000163631	2.42540555555556	1.21395972222222	7.47607796179012	6.1743267229499e-12	2.29048413079314e-10	16.6894558033213	ALB
ENSG00000180739	1.84060416666667	0.771064583333333	7.44549018836605	6.25331626936218e-12	2.31253817626679e-10	16.6687399669469	S1PR5
ENSG00000188996	2.17643888888889	-1.35824861111111	7.44486465159888	6.27518054941902e-12	2.31622034245349e-10	16.6653320570477	HUS1B
ENSG00000138134	1.44541527777779	2.13248541666667	7.44351277045203	6.32269131567222e-12	2.32933695970561e-10	16.6579674961065	STAMBPL1
ENSG00000183542	2.07335416666667	0.00241875000000003	7.4405012557259	6.42981179032307e-12	2.36432323148137e-10	16.6415640945765	KLRC4
ENSG00000185008	1.86713750000001	2.29926875	7.43905603514177	6.48185439061945e-12	2.37896286049679e-10	16.6336932320965	ROBO2
ENSG00000108852	1.42283194444445	0.333696527777778	7.43725745571612	6.54720387067083e-12	2.39576552709103e-10	16.6238989284088	MPP2
ENSG00000082293	2.59889027777777	-5.03536874999999	7.43711880819853	6.55226845780603e-12	2.39576552709103e-10	16.6231439585546	COL19A1
ENSG00000275713	4.2496125	-0.859952083333333	7.47890718026196	6.84467645232395e-12	2.49158668485925e-10	16.595076550632	H2BC9
ENSG00000187634	1.86956111111112	1.57017361111111	7.42907679760642	6.85276000616749e-12	2.49158668485925e-10	16.5793644981352	SAMD11
ENSG00000169604	1.65196111111112	5.27191944444444	7.41769233646484	7.30158612892626e-12	2.64488739999765e-10	16.5174272019206	ANTXR1
ENSG00000168734	1.84435555555557	7.07627638888889	7.41676685130972	7.33932583603584e-12	2.65361647142322e-10	16.5123940476797	PKIG
ENSG00000113361	1.53672916666667	2.38381041666667	7.41344018454532	7.47658199172872e-12	2.69822769764577e-10	16.4943047541598	CDH6
ENSG00000224982	1.70525416666667	-0.634840972222222	7.40444519232601	7.86055507657289e-12	2.82631270516628e-10	16.4454121260515	TMEM233
ENSG00000118596	1.46937083333334	1.96192847222222	7.4001785687254	8.04944454379856e-12	2.88888921154925e-10	16.4222305006155	SLC16A7
ENSG00000276903	4.86361388888889	-5.54827083333332	7.44110703195302	8.25172224534738e-12	2.94518350672472e-10	16.4114251191375	H2AC16
ENSG00000272822	2.938475	-0.600806944444444	7.41242304910265	9.03026424450235e-12	3.21715567919523e-10	16.3197785254163	
ENSG00000127311	1.31885555555556	0.4754	7.37410972986085	9.30504238468846e-12	3.30295044647737e-10	16.2807291365431	HELB
ENSG00000166482	2.03812222222224	8.84368333333334	7.37064975611403	9.48563095445664e-12	3.36091973271568e-10	16.2619662111086	MFAP4
ENSG00000166949	1.50725416666668	4.40781180555555	7.37013084705642	9.51301196926051e-12	3.3623660392138e-10	16.2591526043368	SMAD3
ENSG00000145283	1.9693875	-2.10374791666667	7.35835082077754	1.01560683095931e-11	3.54678349655664e-10	16.1953047606627	SLC10A6
ENSG00000144229	2.65203888888889	-4.53629305555555	7.3527007977922	1.04795690357976e-11	3.64442561462931e-10	16.1646988266702	THSD7B
ENSG00000151422	1.32036111111111	2.06450694444444	7.34653420436154	1.0844284784212e-11	3.74676780857001e-10	16.1313074378394	FER
ENSG00000143185	2.37951666666667	0.406559722222222	7.36523182511609	1.10110987520827e-11	3.79093615797369e-10	16.1228474857291	XCL2
ENSG00000168490	1.76899305555556	0.72860625	7.34125374983384	1.11665476906035e-11	3.83766229112403e-10	16.1027250118785	PHYHIP
ENSG00000153993	1.55805694444445	0.856840972222222	7.33229486235248	1.17351065040673e-11	4.01179774546779e-10	16.0542541632894	SEMA3D
ENSG00000179954	1.64290416666668	2.73482708333333	7.32738577265009	1.20586975098821e-11	4.10810794371553e-10	16.0277062090016	SSC5D
ENSG00000080709	1.70920416666667	0.827295138888889	7.32738024796144	1.20590666042647e-11	4.10810794371553e-10	16.0276763367356	KCNN2
ENSG00000117226	1.62331250000001	4.33769375	7.32500036570282	1.22191055917229e-11	4.1553503840943e-10	16.0148091988221	GBP3
ENSG00000259571	3.77036111111111	-6.96806527777776	7.3463700999051	1.24426820147034e-11	4.22399739179773e-10	16.0045424958809	BLID
ENSG00000073861	1.48925972222223	1.35451180555556	7.31011071328616	1.3269149863991e-11	4.48889570703221e-10	15.9343519257535	TBX21
ENSG00000170893	2.65913611111111	-2.7246	7.3034951793054	1.37638592210486e-11	4.64816995777494e-10	15.8986296811105	TRH
ENSG00000176204	2.37165694444444	-2.92723680555556	7.2943149029296	1.4480700869517e-11	4.8817780470337e-10	15.8490842800345	LRRTM4
ENSG00000015520	1.99372777777777	-3.00044861111111	7.28201293454967	1.5499471137611e-11	5.20717983711241e-10	15.7827384733826	NPC1L1
ENSG00000109452	1.4328263888889	2.34198958333333	7.28149167056586	1.55441693958283e-11	5.21319281185609e-10	15.7799284378523	INPP4B
ENSG00000006210	1.98334861111112	5.99890069444445	7.27431224078932	1.6172925353268e-11	5.40542515415409e-10	15.7412354001814	CX3CL1
ENSG00000127334	1.37001527777778	2.75963125	7.26998156044697	1.65642847694112e-11	5.52673185822619e-10	15.7179044449546	DYRK2
ENSG00000034971	2.41437083333334	1.40221875	7.29573580348173	1.68430283365156e-11	5.5970861185415e-10	15.7103921628464	MYOC
ENSG00000179388	1.97090138888889	1.54450486111111	7.27287381653236	1.68614665096922e-11	5.5970861185415e-10	15.7024240930654	EGR3
ENSG00000243284	1.95170833333333	-1.37919027777778	7.26438447296289	1.70839854921229e-11	5.66128936614607e-10	15.6877608807513	VSIG8
ENSG00000155269	2.37561111111111	-3.25298888888889	7.2591823003766	1.75814554479695e-11	5.8162325063589e-10	15.6597542757883	GPR78
ENSG00000077522	1.66442361111112	2.81324375	7.25474648815225	1.80169320594484e-11	5.95017593243446e-10	15.6358811837439	ACTN2
ENSG00000244734	2.71600000000003	9.85877222222222	7.23649771965696	2.00243982134371e-11	6.5685429013116e-10	15.5330948300865	HBB
ENSG00000095794	1.63776944444446	5.14243888888889	7.23154001613724	2.04749765331025e-11	6.70503776972914e-10	15.5111023158442	CREM
ENSG00000143196	1.84186527777779	5.11265347222222	7.22898929887051	2.07645881541351e-11	6.7884498953653e-10	15.4973992818657	DPT
ENSG00000166448	1.86657916666667	1.65971458333333	7.21561430080385	2.2350779353956e-11	7.29475436230122e-10	15.4255845265455	TMEM130
ENSG00000141433	3.3688625	-1.34001041666667	7.24646489279346	2.3050676311117e-11	7.51058217091874e-10	15.4067369798512	ADCYAP1
ENSG00000134369	1.41287083333334	3.31454097222222	7.20313162077776	2.39389145121754e-11	7.773952672635e-10	15.3586198436142	NAV1
ENSG00000120820	1.57451527777779	3.14281597222222	7.19875201750622	2.45221405467696e-11	7.93684988212584e-10	15.3351385103303	GLT8D2
ENSG00000120332	1.90697916666666	-2.88568819444444	7.19805691278551	2.46159890890826e-11	7.95399036147566e-10	15.3314123389295	TNN
ENSG00000128710	3.02114027777778	-4.65380208333333	7.19858057374284	2.51770171681083e-11	8.12178006557285e-10	15.3108671162996	HOXD10
ENSG00000138135	2.09770277777779	3.23607638888889	7.2062010834036	2.53432121286826e-11	8.14836631945675e-10	15.3071848834223	CH25H
ENSG00000170290	2.49441388888889	0.862270833333334	7.21248718325843	2.6761740025968e-11	8.57610159777809e-10	15.2590840883419	SLN
ENSG00000120254	1.57970416666668	4.03456736111111	7.18196994922581	2.68898937735855e-11	8.60299693558856e-10	15.2452263332898	MTHFD1L
ENSG00000009694	1.35458611111111	0.103541666666667	7.17783286843986	2.75074727179237e-11	8.77172720178772e-10	15.2230773031858	TENM1
ENSG00000133657	1.64837222222223	5.42429722222223	7.1735299320337	2.81646809484607e-11	8.96660186267524e-10	15.200047020641	ATP13A3
ENSG00000145362	1.50711805555556	2.21202708333333	7.17111265612643	2.8540664784081e-11	9.0566559768343e-10	15.1871122179176	ANK2
ENSG00000198574	1.64714444444445	0.429681944444445	7.16966262484686	2.87685784675382e-11	9.11411055945527e-10	15.1793541617295	SH2D1B
ENSG00000106018	1.70601111111111	-1.33169027777778	7.16410260454451	2.96592840589642e-11	9.38101452869872e-10	15.1496137747781	VIPR2
ENSG00000181218	1.41597500000001	1.83319861111111	7.15572842236362	3.10524823904872e-11	9.77399494271452e-10	15.1048421426721	H2AC25
ENSG00000067445	1.49110416666668	2.82178402777778	7.15190364885511	3.17101272901226e-11	9.948796710443e-10	15.0844020786038	TRO
ENSG00000082196	1.54204027777779	2.58677291666667	7.14277993884325	3.33349723690136e-11	1.04249498797758e-09	15.0356658153632	C1QTNF3
ENSG00000135919	1.83687222222223	3.29951944444444	7.13720469614635	3.43680782045001e-11	1.07307842252638e-09	15.0058997251748	SERPINE2
ENSG00000137285	1.66271388888889	0.4268	7.1363524995526	3.45287549015262e-11	1.07636753260335e-09	15.001350889654	TUBB2B
ENSG00000166402	1.35556805555556	1.67586458333333	7.13468317628727	3.48456497988158e-11	1.08450812781851e-09	14.9924412001185	TUB
ENSG00000154134	1.56757083333334	4.47316041666667	7.13006327184804	3.57377235686989e-11	1.1104955253328e-09	14.9677887849793	ROBO3
ENSG00000139679	1.58878611111112	4.90128888888889	7.12819732640526	3.61043888524805e-11	1.11831619738607e-09	14.9578341190779	LPAR6
ENSG00000158815	1.438275	-0.191536111111111	7.12310379435115	3.71243131592037e-11	1.14625736440132e-09	14.9306671800743	FGF17
ENSG00000121594	1.42439027777778	1.13077013888889	7.11823483398448	3.81258583704916e-11	1.17345600794747e-09	14.904707111743	CD80
ENSG00000008517	1.96117083333335	7.91796597222222	7.11719070042725	3.83440876613812e-11	1.17830836206823e-09	14.8991412134425	IL32
ENSG00000134323	2.10165416666666	-2.81163958333333	7.11571784765027	3.86540209210802e-11	1.18595901412753e-09	14.8912906641007	MYCN
ENSG00000182264	1.80873055555556	1.57203055555556	7.11308216159643	3.92148388839742e-11	1.20127093853711e-09	14.8772440548777	IZUMO1
ENSG00000139910	1.37485694444445	0.254552083333333	7.10753369217448	4.04218379564538e-11	1.23435728717259e-09	14.8476826134512	NOVA1
ENSG00000213886	2.34101805555556	1.51431180555556	7.1321847966691	4.08799451028381e-11	1.24630666855167e-09	14.8451232493756	UBD
ENSG00000259305	1.32909583333334	1.35864236111111	7.10519602191535	4.09412893894981e-11	1.24630666855167e-09	14.8352313144534	ZHX1-C8orf76
ENSG00000106089	1.53540972222223	3.02858680555556	7.09689618355176	4.28394168623947e-11	1.29799429409237e-09	14.7910399379018	STX1A
ENSG00000115232	1.46836805555556	3.03025069444444	7.0899466667955	4.44953961150724e-11	1.34607223208459e-09	14.7540581757512	ITGA4
ENSG00000171989	2.02305555555555	-3.29318888888889	7.0882851453262	4.49005880986553e-11	1.35622086909168e-09	14.7452191165679	LDHAL6B
ENSG00000114200	1.7510013888889	2.49614513888889	7.08259670689392	4.63156097825337e-11	1.39632232568252e-09	14.7149653454595	BCHE
ENSG00000184371	1.64800277777779	5.27413194444445	7.08237438573388	4.63717983955843e-11	1.39632232568252e-09	14.7137831867428	CSF1
ENSG00000180828	1.54978333333334	0.6191	7.07904420749046	4.72215570608941e-11	1.41752118510573e-09	14.6960777176137	BHLHE22
ENSG00000112769	1.72632916666668	6.12596875	7.06998880512445	4.96107662431631e-11	1.48465942301847e-09	14.6479543985018	LAMA4
ENSG00000163519	1.51213194444445	0.449557638888889	7.06304282264009	5.15239749035511e-11	1.539545867625e-09	14.6110623559693	TRAT1
ENSG00000158636	1.42261250000001	3.65773402777778	7.05498232488512	5.38356473746298e-11	1.60615186001733e-09	14.5682738728341	EMSY
ENSG00000167414	5.61796111111112	-4.3551625	7.09810823422172	5.41073916565436e-11	1.60932260321573e-09	14.5773772422964	GNG8
ENSG00000162998	1.63772083333334	2.70252847222222	7.05210238408254	5.46861797771803e-11	1.62157861131968e-09	14.5529919627813	FRZB
ENSG00000171174	1.50228194444445	1.86771319444445	7.05180156658751	5.4775781940957e-11	1.62176333381354e-09	14.5513959094358	RBKS
ENSG00000173068	1.25876111111112	1.36005416666667	7.05103578013453	5.50045356282059e-11	1.62606113531894e-09	14.5473330172654	BNC2
ENSG00000123374	1.61709305555557	5.27167986111111	7.04863090024266	5.5729065803058e-11	1.64497995144322e-09	14.5345753474367	CDK2
ENSG00000212124	2.17250416666666	-2.21308541666667	7.0476225861965	5.60356423775348e-11	1.65152320534516e-09	14.5292269914056	TAS2R19
ENSG00000140403	1.52664583333334	4.73385625	7.04662537155999	5.63404821338936e-11	1.6579955498767e-09	14.5239378923544	DNAJA4
ENSG00000139626	1.47724583333334	2.24847291666667	7.04586615079775	5.65736667475679e-11	1.66234284829863e-09	14.5199113377654	ITGB7
ENSG00000075884	1.49368333333334	3.65596111111111	7.03917967772355	5.86689192486607e-11	1.72130892492451e-09	14.4844589283774	ARHGAP15
ENSG00000150471	1.51742916666667	0.473307638888889	7.03255129996231	6.08215561054782e-11	1.77642779183748e-09	14.4493314819161	ADGRL3
ENSG00000154096	2.18370000000001	4.42564444444445	7.04318755781639	6.1794598191456e-11	1.79944389823384e-09	14.4382167998415	THY1
ENSG00000156475	1.30589583333333	-0.258225694444445	7.02896621625241	6.20181595512432e-11	1.80325446874556e-09	14.430339174073	PPP2R2B
ENSG00000196866	2.61501666666667	0.581295833333333	7.05888077004697	6.25123884644508e-11	1.81491191106044e-09	14.4326600255634	H2AC7
ENSG00000132329	1.66662083333334	4.55924513888889	7.01990056215637	6.51487299052514e-11	1.88863352327414e-09	14.382335125731	RAMP1
ENSG00000242419	1.33422777777778	-1.644775	7.01768661753076	6.59366570271743e-11	1.90863073287588e-09	14.3706167591874	PCDHGC4
ENSG00000221946	1.56524027777778	0.204861805555556	7.00581334909721	7.03255565865054e-11	2.02963312569837e-09	14.3078040926676	FXYD7
ENSG00000162594	2.78554999999999	-6.0352486111111	7.00483733035567	7.06989097259683e-11	2.03738546961413e-09	14.3026431270339	IL23R
ENSG00000175183	1.68937777777779	5.639375	6.9933467867191	7.52442381541851e-11	2.15877716898998e-09	14.2419115167016	CSRP2
ENSG00000181856	1.37107222222223	1.21341111111111	6.99279547762274	7.54694277210325e-11	2.16204905453538e-09	14.2389989408893	SLC2A4
ENSG00000185760	1.49976805555555	-2.18550069444445	6.99026655861018	7.65109538382289e-11	2.18866334420769e-09	14.2256401308533	KCNQ5
ENSG00000151388	1.38109166666668	2.07479861111111	6.98819329376548	7.73753953760543e-11	2.21014124941998e-09	14.2146901328545	ADAMTS12
ENSG00000149633	1.50685694444445	0.942304861111111	6.98691131654562	7.79147286718459e-11	2.22228343420051e-09	14.207920176458	KIAA1755
ENSG00000176531	1.40287222222223	2.74641111111111	6.98502099967402	7.87167704591009e-11	2.24187206291425e-09	14.1979388243005	PHLDB3
ENSG00000123908	1.37805277777779	3.54529444444444	6.98301910805719	7.9575039004134e-11	2.2630024250123e-09	14.1873698469288	AGO2
ENSG00000161940	1.67977777777779	4.41194027777778	6.95972757764554	9.02658861185402e-11	2.55211048950268e-09	14.0645173597624	BCL6B
ENSG00000102385	1.61817499999999	-4.0855125	6.95897205841766	9.06354321316181e-11	2.55883951498438e-09	14.0605358872324	DRP2
ENSG00000145242	2.28252499999999	-5.69456666666666	6.95511019497693	9.25478315747313e-11	2.60526833544381e-09	14.0401879478043	EPHA5
ENSG00000160185	1.40056388888889	-0.00973194444444451	6.95208254931125	9.40749292782356e-11	2.64442994843965e-09	14.0242395506403	UBASH3A
ENSG00000172399	1.51735	-1.66900555555555	6.95086819792803	9.46943938768342e-11	2.65800194760776e-09	14.0178438572976	MYOZ2
ENSG00000205710	1.28261527777778	0.765765972222222	6.94738933745608	9.64914042254512e-11	2.6976756307369e-09	13.9995247562294	C17orf107
ENSG00000205755	1.77704722222222	-1.3540625	6.94732708418327	9.65238658746086e-11	2.6976756307369e-09	13.9991969842118	CRLF2
ENSG00000223609	2.67829166666667	0.229527777777778	6.9767965571166	9.72458607980934e-11	2.71395478370805e-09	14.0019991072115	HBD
ENSG00000030419	1.22939722222223	0.956223611111111	6.93921559406338	1.00847075622042e-10	2.810425952722e-09	13.9565019344665	IKZF2
ENSG00000111860	1.20013888888889	1.57440277777778	6.93468101170717	1.03346594451413e-10	2.8759627400127e-09	13.9326453434767	CEP85L
ENSG00000110448	1.46877361111112	1.39839375	6.93406340354573	1.03691724672088e-10	2.88144489760209e-09	13.9293967142539	CD5
ENSG00000184254	1.58181111111112	2.724825	6.92860990075113	1.06789023557342e-10	2.95065353158723e-09	13.9007177411456	ALDH1A3
ENSG00000033178	1.3564638888889	3.43692638888889	6.92412348005937	1.09405381763341e-10	3.01438170830099e-09	13.8771332964267	UBA6
ENSG00000184232	1.56072500000001	3.83176944444444	6.92255103686616	1.10337278019843e-10	3.03575775394905e-09	13.8688690833929	OAF
ENSG00000172986	1.35753611111112	1.2202	6.91819655904017	1.12959003650647e-10	3.10350076131692e-09	13.8459885815457	GXYLT2
ENSG00000144857	1.49012500000001	2.66442222222222	6.91594124458648	1.14340942724896e-10	3.13703810703057e-09	13.8341410411423	BOC
ENSG00000168453	1.46271111111111	0.822111111111111	6.91347800039668	1.15869356323003e-10	3.17449397069727e-09	13.821203518536	HR
ENSG00000140534	1.23452222222222	-0.959669444444445	6.90363204165329	1.22182604937806e-10	3.33805622366601e-09	13.7695143773025	TICRR
ENSG00000165379	1.39408333333333	-0.537856944444444	6.90233906966387	1.23036479933234e-10	3.35666985646743e-09	13.7627294218052	LRFN5
ENSG00000131979	1.51315000000001	3.72675694444444	6.8974759364477	1.26301128341924e-10	3.4360972706393e-09	13.7372157770439	GCH1
ENSG00000278828	1.67806111111112	1.23568333333333	6.89549354075691	1.27656312367159e-10	3.46811534660051e-09	13.7268181640044	H3C10
ENSG00000104332	1.93788194444445	1.12871180555556	6.90013761888168	1.29740511201914e-10	3.51003118762119e-09	13.7135761819844	SFRP1
ENSG00000173227	2.3152625	-4.25451458333333	6.88646800429022	1.34009845513924e-10	3.6104702422948e-09	13.6794993068293	SYT12
ENSG00000205189	1.25709166666667	2.12520694444444	6.88441180088037	1.35500388695307e-10	3.64339582220792e-09	13.6687236513122	ZBTB10
ENSG00000162433	1.48631527777778	1.02339375	6.88426620641711	1.35606548184173e-10	3.64339582220792e-09	13.6679607190872	AK4
ENSG00000179772	1.83409583333334	1.68156597222222	6.88651342209634	1.36357158658074e-10	3.65850958650601e-09	13.6636707801872	FOXS1
ENSG00000029153	1.3603875	0.672838194444445	6.88065035109565	1.38269517440862e-10	3.69961300310817e-09	13.649015932921	BMAL2
ENSG00000128335	1.59074305555557	5.45329652777778	6.87933208863361	1.39253157687704e-10	3.72081376832586e-09	13.6421103778194	APOL2
ENSG00000137727	1.35357361111111	1.29597847222222	6.87907462133558	1.39446074881489e-10	3.72085740547973e-09	13.6407617484995	ARHGAP20
ENSG00000171357	1.40534305555556	0.313972916666667	6.8734008123477	1.43764960759996e-10	3.82037707199923e-09	13.6110487431941	LURAP1
ENSG00000138448	1.45077083333335	4.71205208333333	6.87254264307218	1.44429585272613e-10	3.82871630150227e-09	13.6065557465366	ITGAV
ENSG00000101596	1.57265833333334	4.99174305555556	6.87248745155079	1.44472432927342e-10	3.82871630150227e-09	13.6062667981432	SMCHD1
ENSG00000105655	1.57368055555557	4.96312777777778	6.8717218946001	1.4506806418795e-10	3.83927072732517e-09	13.6022589454873	ISYNA1
ENSG00000143067	1.24255138888889	1.89517013888889	6.86773188181886	1.48211878194275e-10	3.91714328075414e-09	13.5813741969844	ZNF697
ENSG00000006652	1.64139444444446	5.89034444444444	6.86532861595999	1.50137797202321e-10	3.96266001516899e-09	13.568797977557	IFRD1
ENSG00000197183	1.40449166666667	3.57150694444444	6.85821217565501	1.55986712829919e-10	4.11145465849267e-09	13.5315714935208	NOL4L
ENSG00000144642	1.39742500000001	3.69627916666667	6.85685205510567	1.57129895689813e-10	4.13598204459844e-09	13.524458952642	RBMS3
ENSG00000131873	1.49244583333334	4.58460902777778	6.85166936253559	1.61562203643414e-10	4.24117137013724e-09	13.4973637017815	CHSY1
ENSG00000154451	1.67775416666667	3.49700486111111	6.85103201013261	1.62115721740231e-10	4.24996633327624e-09	13.4940323558159	GBP5
ENSG00000109265	1.35275555555556	-0.796976388888888	6.8454362498673	1.67056448778829e-10	4.3735962875448e-09	13.4647912002391	CRACD
ENSG00000091831	1.219	0.741177777777778	6.84346128851202	1.68835448412994e-10	4.41423003028167e-09	13.4544738834861	ESR1
ENSG00000049247	4.18408055555556	-3.88141944444444	6.87465387753149	1.71541903847567e-10	4.47897062233944e-09	13.4503753162267	UTS2
ENSG00000171864	2.78208055555554	-6.59555138888888	6.8348009486984	1.76859687167367e-10	4.59929764007971e-09	13.4092504028123	PRND
ENSG00000101144	1.44844722222223	0.497263888888889	6.83363033485788	1.77972785697999e-10	4.62206492309409e-09	13.4031399006468	BMP7
ENSG00000151617	1.44316111111112	3.68354305555556	6.80460241627324	2.07895437060993e-10	5.37049407929672e-09	13.2517950453048	EDNRA
ENSG00000117122	1.57926111111112	4.17631805555556	6.80282411949926	2.09881861975779e-10	5.41461800948655e-09	13.2425345946501	MFAP2
ENSG00000141086	1.35562083333334	1.41866319444444	6.7980132749683	2.15350057508951e-10	5.54833022339619e-09	13.217488690601	CTRL
ENSG00000167483	1.73733472222222	-0.750792361111111	6.79705715075681	2.16453444515815e-10	5.56938148508151e-09	13.2125121086371	NIBAN3
ENSG00000168394	1.66493333333335	6.27319583333334	6.79272419331802	2.21524055133398e-10	5.6773200533002e-09	13.1899639651759	TAP1
ENSG00000198060	1.44559861111112	4.62260902777778	6.79189742895391	2.2250479266822e-10	5.6874681037874e-09	13.185662466606	MARCHF5
ENSG00000270379	1.68748333333333	-2.37625138888889	6.79028855142544	2.24425590291399e-10	5.72903750964343e-09	13.1772925854557	HEATR9
ENSG00000211455	1.37819305555556	3.90687569444444	6.77966261828985	2.37528690079906e-10	6.05558070699127e-09	13.1220398901109	STK38L
ENSG00000182916	1.35651666666667	2.25682916666667	6.77899869683338	2.38371976374261e-10	6.06141088920393e-09	13.1185891752014	TCEAL7
ENSG00000197181	1.2416625	-1.79130347222222	6.77853425230871	2.3896364935851e-10	6.06141088920393e-09	13.1161753444948	PIWIL2
ENSG00000101082	1.39053472222223	1.61415208333333	6.77851048712859	2.38993963611984e-10	6.06141088920393e-09	13.1160518334861	SLA2
ENSG00000179111	2.04903333333333	-1.06714027777778	6.77738485367642	2.40434144368443e-10	6.08974606283197e-09	13.1102020234106	HES7
ENSG00000174485	1.35277083333334	3.72398541666667	6.77530384072002	2.43119246358452e-10	6.14974717836751e-09	13.0993885717015	DENND4A
ENSG00000165895	1.26528333333334	1.94779027777778	6.76862838033096	2.51933617833425e-10	6.34794395608261e-09	13.0647133024158	ARHGAP42
ENSG00000081189	1.3966763888889	3.89649791666667	6.76547872655782	2.56201150778885e-10	6.44712132593903e-09	13.0483590072254	MEF2C
ENSG00000119681	1.59398055555556	5.80361527777778	6.76215395059163	2.60783296285247e-10	6.55394919811449e-09	13.0310998544342	LTBP2
ENSG00000182742	1.25435416666667	1.95241875	6.76151276409083	2.61676216415658e-10	6.56790420866758e-09	13.0277719347455	HOXB4
ENSG00000174501	1.3654	1.45353611111111	6.76098338693104	2.62415701458836e-10	6.57797709378515e-09	13.0250244619383	ANKRD36C
ENSG00000147889	1.42346527777778	1.09642847222222	6.76053348083987	2.63045793044576e-10	6.5852854135175e-09	13.0226895359404	CDKN2A
ENSG00000130449	1.38240416666668	3.58863125	6.75948325020699	2.64522447717084e-10	6.61361100740921e-09	13.0172393671835	ZSWIM6
ENSG00000158578	2.31016527777778	0.215935416666667	6.77984750590079	2.64857237033301e-10	6.61361100740921e-09	13.0230147578675	ALAS2
ENSG00000166856	1.35011527777778	-0.741660416666667	6.75613662360895	2.69282631817611e-10	6.7154945565592e-09	12.9998751047832	GPR182
ENSG00000168298	2.70721944444444	-1.34405277777778	6.77412581776943	2.73000017147307e-10	6.79948314154855e-09	12.9935291681522	H1-4
ENSG00000188729	2.89305972222222	-4.36982847222222	6.75874187033043	2.73884477470985e-10	6.81278881811457e-09	12.9853535451522	OSTN
ENSG00000204767	2.39428194444444	-3.46223680555555	6.74924087376621	2.79358906429585e-10	6.9400886945955e-09	12.9641105455952	INSYN2B
ENSG00000136244	2.57349861111113	4.90025347222222	6.77328186537799	2.83110179469123e-10	7.02431021815482e-09	12.9601681162444	IL6
ENSG00000154217	1.4568013888889	4.29945347222222	6.73872182389428	2.95449832349919e-10	7.32113393486703e-09	12.9095919036062	PITPNC1
ENSG00000171724	1.92337361111111	-2.64586458333334	6.73679805563464	2.98489895504325e-10	7.38705527652689e-09	12.8996262823453	VAT1L
ENSG00000004939	2.45994861111111	-1.30418680555556	6.74847710495154	2.99572672766447e-10	7.40443155102024e-09	12.9003319219251	SLC4A1
ENSG00000164220	1.59626666666666	-1.66947083333333	6.733946963232	3.03052176917055e-10	7.48092759567329e-09	12.8848597152162	F2RL2
ENSG00000109472	1.57360833333334	4.85445138888889	6.73159982304673	3.06859575257218e-10	7.56531363485855e-09	12.8727057933158	CPE
ENSG00000114315	1.68919861111112	5.23459652777778	6.72767144504316	3.13337745619866e-10	7.71524788328815e-09	12.8523690735013	HES1
ENSG00000165731	1.23424444444444	-1.7706875	6.72358841304688	3.20213829466702e-10	7.86464572068975e-09	12.8312385572944	RET
ENSG00000214226	1.31682361111112	0.849061805555556	6.7230708261106	3.21096033006514e-10	7.87636826487102e-09	12.8285604376549	C17orf67
ENSG00000206177	3.68699861111111	-0.991127083333333	6.75804343854645	3.2381395454523e-10	7.93303406021892e-09	12.8328558508297	HBM
ENSG00000203685	1.31725555555555	-1.33747916666667	6.71858939321726	3.28835293122892e-10	8.04591713437296e-09	12.8053771065024	STUM
ENSG00000079263	1.35167777777778	2.86091944444445	6.71241444384723	3.398012013956e-10	8.30378513762211e-09	12.7734466524984	SP140
ENSG00000115226	1.36048750000001	2.19418541666667	6.7108940261232	3.42556099540501e-10	8.36060382466979e-09	12.7655870749602	FNDC4
ENSG00000163531	1.4473263888889	3.23656319444444	6.70815584835736	3.47573135699874e-10	8.45124079454243e-09	12.7514349095851	NFASC
ENSG00000106366	2.19486250000001	7.08479513888889	6.70744213660895	3.50717782326093e-10	8.51705655656324e-09	12.7430075063379	SERPINE1
ENSG00000134569	1.33208333333334	2.41022361111111	6.70529419544167	3.52893808134645e-10	8.55921490752508e-09	12.7366479297869	LRP4
ENSG00000105245	1.44789722222224	4.66658194444444	6.7033962963348	3.564667672386e-10	8.63510779118959e-09	12.7268428382524	NUMBL
ENSG00000138759	1.39305277777778	1.31331388888889	6.70036498841004	3.62247553846084e-10	8.75334089119754e-09	12.7111853705355	FRAS1
ENSG00000272573	1.61571805555556	4.22878541666666	6.69940929359018	3.64089174646148e-10	8.78692633401597e-09	12.7062497673741	MUSTN1
ENSG00000065357	1.57064166666668	5.83089583333333	6.6963437100189	3.70059040541711e-10	8.91993612963737e-09	12.6904204191794	DGKA
ENSG00000103742	1.82051527777778	-1.02002986111111	6.69332667019648	3.76028539912094e-10	9.05260786926987e-09	12.6748455920244	IGDCC4
ENSG00000163032	1.34740972222223	0.924745138888889	6.68924006298987	3.84265861731104e-10	9.2280735091277e-09	12.6537554652476	VSNL1
ENSG00000127241	1.58692500000001	1.96072083333333	6.68844028499859	3.85898648248939e-10	9.25585759030625e-09	12.6496288017206	MASP1
ENSG00000167612	2.29354722222222	-3.36103194444445	6.68341305323047	3.96319694949814e-10	9.48242399282139e-09	12.6236956657474	ANKRD33
ENSG00000123243	1.51433055555557	3.77663611111111	6.68281851025892	3.97570327537265e-10	9.50066094748757e-09	12.6206294023195	ITIH5
ENSG00000182759	2.64465694444445	-4.49456597222222	6.68235176346752	3.98554862868117e-10	9.50084459866496e-09	12.6182223325424	MAFA
ENSG00000040199	1.15274583333334	1.60049236111111	6.67991569636009	4.03732523832367e-10	9.61249088566364e-09	12.6056607330994	PHLPP2
ENSG00000181847	1.25333472222222	0.298824305555556	6.67912117224261	4.05435512300434e-10	9.62952414271e-09	12.6015643055875	TIGIT
ENSG00000175130	1.52880833333334	4.98262083333333	6.67912000691559	4.05438015262158e-10	9.62952414271e-09	12.601558297561	MARCKSL1
ENSG00000186684	2.12390138888888	-4.19272986111111	6.67811349379307	4.07605563094884e-10	9.65881753140458e-09	12.596369275505	CYP27C1
ENSG00000175264	1.35675972222223	2.00927569444444	6.67808621555689	4.07664466033475e-10	9.65881753140458e-09	12.596228650048	CHST1
ENSG00000177374	1.41803472222223	3.32133819444444	6.67432536625132	4.15866230824584e-10	9.84115562287082e-09	12.5768436375645	HIC1
ENSG00000138944	1.50793888888889	-2.60952083333333	6.67194439995474	4.21142547154168e-10	9.95390622994274e-09	12.5645742222764	SHISAL1
ENSG00000198821	1.45741805555556	3.40541875	6.6714030985821	4.22351265691413e-10	9.97036021872497e-09	12.5617851639877	CD247
ENSG00000214756	1.43413055555556	3.06909305555555	6.66933947438841	4.26990750607462e-10	1.00676655525047e-08	12.5511534678563	CSKMT
ENSG00000130283	2.16187638888889	-4.86789791666666	6.66639177770269	4.33705048987685e-10	1.02135963836664e-08	12.5359702022187	GDF1
ENSG00000148357	1.64248472222223	1.77407013888889	6.66468725571721	4.37634992987868e-10	1.02936830515115e-08	12.5271920762485	HMCN2
ENSG00000158258	1.51416805555556	-0.474235416666667	6.66274818515437	4.42148389581473e-10	1.03872831813271e-08	12.5172075466594	CLSTN2
ENSG00000104722	1.56049166666666	-2.43535694444444	6.6601911873029	4.48170264344658e-10	1.05160530543212e-08	12.5040436689638	NEFM
ENSG00000152137	1.63872500000001	6.26242638888889	6.65608563286866	4.58008546491071e-10	1.07339545136679e-08	12.482913359615	HSPB8
ENSG00000123096	1.36326527777778	2.41222986111111	6.65092099076761	4.70687445963555e-10	1.10091869307401e-08	12.4563423616325	SSPN
ENSG00000102057	1.23426944444445	1.10987916666667	6.65084184547621	4.70884409128922e-10	1.10091869307401e-08	12.4559352640866	KCND1
ENSG00000107518	1.88804305555556	-3.32278541666667	6.65003651864217	4.72893190872785e-10	1.1042879170297e-08	12.4517930774089	ATRNL1
ENSG00000150630	1.49310000000001	3.82223194444444	6.64340402171583	4.89761412047233e-10	1.13957404152426e-08	12.4176894404349	VEGFC
ENSG00000151025	2.09131666666666	-3.9351	6.63762686470165	5.04936398945786e-10	1.17207909693239e-08	12.3879991717349	GPR158
ENSG00000124875	2.86154861111111	-0.88720625	6.66405791358604	5.06923167648737e-10	1.1752883739098e-08	12.3936555250411	CXCL6
ENSG00000168280	1.16937083333333	-0.469395138888889	6.63407126667268	5.14505279578588e-10	1.19144722599556e-08	12.369733145203	KIF5C
ENSG00000197714	1.21167916666667	0.129185416666667	6.62789306664984	5.31558867176974e-10	1.22636763207699e-08	12.3380069994017	ZNF460
ENSG00000148053	1.72062500000001	1.28222916666667	6.62769778970604	5.32106868945599e-10	1.22636763207699e-08	12.3370044843719	NTRK2
ENSG00000175779	2.8921111111111	-6.75881666666666	6.61995000470455	5.64256442083387e-10	1.29596127696533e-08	12.2811165541601	LINC02694
ENSG00000112559	1.51950416666668	3.88286180555555	6.61095176463458	5.81230953595866e-10	1.33279753267194e-08	12.2510944128781	MDFI
ENSG00000213949	1.4737638888889	5.19154166666667	6.61079495285419	5.81711446246391e-10	1.33279753267194e-08	12.250290510193	ITGA1
ENSG00000065320	1.40339722222223	1.72803333333333	6.61013667233423	5.83732780030384e-10	1.33585529848836e-08	12.2469159207894	NTN1
ENSG00000125675	1.61351805555555	-2.08076736111111	6.59714876273298	6.2505885383699e-10	1.42525050118665e-08	12.1803732756317	GRIA3
ENSG00000163806	1.21098055555556	-0.288970833333333	6.59472597825686	6.33080741175775e-10	1.43987433070877e-08	12.1679683638286	SPDYA
ENSG00000135547	1.38353194444445	1.31855347222222	6.59330733773374	6.37824871078455e-10	1.44772104926699e-08	12.1607059522212	HEY2
ENSG00000046889	1.31823611111112	2.47610972222222	6.59257969522601	6.40271777269641e-10	1.45158119014558e-08	12.1569812873252	PREX2
ENSG00000146005	1.48360277777777	-3.6243625	6.59202114707983	6.42156325857054e-10	1.45415888830866e-08	12.1541223399076	PSD2
ENSG00000106624	1.71215694444447	7.85011736111111	6.5883567190075	6.54656367870182e-10	1.47902156420567e-08	12.1353691886545	AEBP1
ENSG00000183454	2.07494722222221	-4.53323611111111	6.58514302356793	6.65815923166332e-10	1.50248855422639e-08	12.1189274993431	GRIN2A
ENSG00000086205	1.30633194444445	0.435211805555555	6.58264895786791	6.74605500980307e-10	1.51879932929039e-08	12.1061706137324	FOLH1
ENSG00000166793	1.41602361111112	2.25304375	6.5702744883783	7.19934179811268e-10	1.61524332937587e-08	12.0429164046707	YPEL4
ENSG00000122691	2.56862777777778	-1.66812638888889	6.58092600050566	7.32704014758226e-10	1.64199982662178e-08	12.0307833629651	TWIST1
ENSG00000175414	1.25368472222223	1.06473402777778	6.56564105852671	7.37667692525835e-10	1.65122116858602e-08	12.0192489609465	ARL10
ENSG00000169248	2.43047638888889	-0.551188194444444	6.57862935775255	7.62508588871432e-10	1.70321998853017e-08	11.9938890215129	CXCL11
ENSG00000165891	1.40470555555555	-1.85469027777778	6.55924793121267	7.62844212214877e-10	1.70321998853017e-08	11.9866083738156	E2F7
ENSG00000152952	1.37744722222223	3.94293055555555	6.55907808555405	7.63524485913175e-10	1.70321998853017e-08	11.9857414570788	PLOD2
ENSG00000196950	1.26254305555556	2.98610069444444	6.55223977386477	7.91415480643699e-10	1.76139747476902e-08	11.9508481832927	SLC39A10
ENSG00000164309	1.25587916666667	0.958563194444444	6.54926794005311	8.03847032476465e-10	1.78498087622514e-08	11.9356904244258	CMYA5
ENSG00000167604	1.52464722222223	4.46476388888889	6.54795200959271	8.09412970691448e-10	1.79529089006728e-08	11.9289797894881	NFKBID
ENSG00000166707	1.23766944444445	-0.0193875	6.54653780163272	8.15436898497866e-10	1.80659208992944e-08	11.921768829137	ZCCHC18
ENSG00000198796	1.64683749999999	-3.34958125	6.54572183291044	8.18932641273445e-10	1.81227278021059e-08	11.917608652293	ALPK2
ENSG00000255837	1.20292361111111	0.178342361111111	6.54462190096342	8.23668291654874e-10	1.8206813192353e-08	11.9120011638257	TAS2R20
ENSG00000156738	1.70707500000001	1.70310694444444	6.54461249203589	8.25341751878189e-10	1.82230962060551e-08	11.9101623747287	MS4A1
ENSG00000117601	1.47924583333333	-1.93609375	6.54026912026083	8.426747050582e-10	1.85847033591747e-08	11.8898157433023	SERPINC1
ENSG00000172901	1.56518055555555	-1.5754625	6.536571992633	8.59156885615709e-10	1.89099539505725e-08	11.870978600654	LVRN
ENSG00000170153	1.1800375	-0.261025694444444	6.53652540065994	8.5936660972168e-10	1.89099539505725e-08	11.8707412492944	RNF150
ENSG00000132481	1.49216944444446	4.96523055555555	6.53599894457888	8.61739848090197e-10	1.89407497458198e-08	11.8680594142951	TRIM47
ENSG00000124256	1.40956805555556	2.29457291666667	6.53502549178633	8.66145136070544e-10	1.90160893756707e-08	11.8631008407926	ZBP1
ENSG00000196109	1.36150416666666	-2.25917708333333	6.52841731372588	8.96641705826205e-10	1.96192063686517e-08	11.8294511019335	ZNF676
ENSG00000169877	3.91895	-1.0223875	6.55886447737921	9.18101818918416e-10	2.00661984062933e-08	11.8189291142029	AHSP
ENSG00000128271	1.41691250000001	3.50317013888889	6.52173025246917	9.285780946381e-10	2.02723918034796e-08	11.7954192161113	ADORA2A
ENSG00000081059	1.27529305555556	2.23761458333333	6.51936209759755	9.40154461991056e-10	2.05021127742713e-08	11.7833718877225	TCF7
ENSG00000277224	3.9408375	-1.45434097222222	6.55329850343823	9.41957157134906e-10	2.05184217475792e-08	11.793763987855	H2BC7
ENSG00000182324	1.14444166666667	-0.668094444444444	6.51610158889248	9.56325755462292e-10	2.08081080483809e-08	11.7667890001519	KCNJ14
ENSG00000146232	1.48371944444445	3.42764305555555	6.51577035031324	9.57983857958793e-10	2.08208960949882e-08	11.7651045889937	NFKBIE
ENSG00000162695	1.25342361111112	3.11212986111111	6.50651743551798	1.00546296209239e-09	2.1804086442164e-08	11.7180713225594	SLC30A7
ENSG00000126785	1.34539722222223	4.14978055555556	6.50055720209548	1.03726534626378e-09	2.24187616839144e-08	11.6877950353153	RHOJ
ENSG00000184357	3.73980277777778	-6.44724027777776	6.52516074800511	1.04144736220488e-09	2.24841665811425e-08	11.6929998976401	H1-5
ENSG00000197409	2.54960972222223	0.621577083333334	6.52646510588008	1.04887077529919e-09	2.2619328515654e-08	11.6870498142106	H3C4
ENSG00000196376	1.41934305555555	-3.09164236111111	6.48820151815334	1.10637927904132e-09	2.37804306474164e-08	11.6250817905601	SLC35F1
ENSG00000196628	1.41029305555556	4.89207569444444	6.48249103975519	1.13983476391692e-09	2.44454970537066e-08	11.5961202357873	TCF4
ENSG00000189067	1.62206111111113	7.29304166666666	6.47848890304899	1.16387321841631e-09	2.49335482870419e-08	11.5758314344761	LITAF
ENSG00000054179	1.63640277777778	-0.971420833333333	6.47688046773787	1.17367408428486e-09	2.51158507013301e-08	11.5676794918093	ENTPD2
ENSG00000167210	1.35268888888889	-0.0713902777777777	6.4652404888528	1.24706347416327e-09	2.65985512055087e-08	11.5087195982272	LOXHD1
ENSG00000116273	1.24546805555556	3.23021180555556	6.46163269879486	1.27071393340577e-09	2.70436842807539e-08	11.4904573618807	PHF13
ENSG00000112837	1.75511944444444	-2.25025138888889	6.45865851505274	1.29054234677892e-09	2.74356609066049e-08	11.4754067455504	TBX18
ENSG00000170624	1.39450277777778	1.90467777777778	6.4466159134169	1.37398827793148e-09	2.91459323689457e-08	11.4145066083354	SGCD
ENSG00000147100	1.26491527777779	3.04119652777778	6.44572868672059	1.38034192967838e-09	2.92169871774797e-08	11.4100224222245	SLC16A2
ENSG00000241404	1.43013611111112	4.17729861111111	6.44420640153666	1.39131082096287e-09	2.94037585662786e-08	11.4023293716162	EGFL8
ENSG00000198910	1.28946666666667	-0.620454166666667	6.44392620786979	1.3933390944726e-09	2.94037585662786e-08	11.400913492689	L1CAM
ENSG00000184678	1.5957013888889	4.72212013888889	6.4422969546133	1.40519075485482e-09	2.95705260416634e-08	11.3926812235852	H2BC21
ENSG00000108797	1.28389444444445	3.1115875	6.44216352117248	1.40616577156789e-09	2.95705260416634e-08	11.3920070656871	CNTNAP1
ENSG00000125733	1.59063611111113	7.20036527777778	6.44021678012273	1.4204668169655e-09	2.98357641879178e-08	11.3821722785202	TRIP10
ENSG00000204314	1.32009861111112	2.47711319444444	6.44003002364232	1.42184625756733e-09	2.98357641879178e-08	11.3812288885465	PRRT1
ENSG00000166173	1.33795555555557	3.83436666666667	6.43342168146053	1.47151524178201e-09	3.08115333510696e-08	11.347857310397	LARP6
ENSG00000178882	1.6671625	-0.554797916666667	6.43183510659248	1.48369197033241e-09	3.1033092695598e-08	11.3398481642808	RFLNA
ENSG00000198542	1.60694444444445	4.2527875	6.42922485559237	1.50394134100535e-09	3.14228431420367e-08	11.326673892733	ITGBL1
ENSG00000116711	1.22838194444445	2.42386041666667	6.42555882931947	1.53284088823566e-09	3.19580074576206e-08	11.3081761722216	PLA2G4A
ENSG00000182782	1.61451944444445	2.44753333333333	6.42491082841942	1.53800564691514e-09	3.20313552931407e-08	11.3049071751579	HCAR2
ENSG00000128274	1.38274861111112	4.62563819444444	6.42257646253104	1.55675356723447e-09	3.23525324677831e-08	11.2931324729578	A4GALT
ENSG00000101825	1.59819861111112	1.64732013888889	6.42191911933275	1.56207331873738e-09	3.23938701450741e-08	11.289817232355	MXRA5
ENSG00000101670	2.23200416666667	2.53916736111111	6.44424107446461	1.57239665294275e-09	3.25732265101622e-08	11.2920410315834	LIPG
ENSG00000078549	1.42501666666667	-0.726877777777778	6.41995741169143	1.57805560040152e-09	3.26556782329898e-08	11.2799247279723	ADCYAP1R1
ENSG00000181291	1.97035833333333	-3.85352777777778	6.41615629727228	1.60948299490242e-09	3.32706304110966e-08	11.2607614055596	TMEM132E
ENSG00000218336	1.383425	-0.117181944444444	6.41463372576592	1.62224354181108e-09	3.34632888391401e-08	11.2530871914435	TENM3
ENSG00000206384	1.68269305555556	3.33082708333333	6.41317951282887	1.6345240910021e-09	3.36808926039967e-08	11.2457585036973	COL6A6
ENSG00000105088	1.5354888888889	3.16100138888889	6.4113059688171	1.65048071355196e-09	3.3973704592606e-08	11.2363179549248	OLFM2
ENSG00000054967	1.46699444444446	4.23546805555555	6.40877319783472	1.67229570262585e-09	3.43616209182249e-08	11.2235581714061	RELT
ENSG00000141434	2.68787083333333	-5.73646736111111	6.4100380649211	1.67430495641012e-09	3.43616209182249e-08	11.2229420661542	MEP1B
ENSG00000152049	1.38937083333334	0.750020138888889	6.40850461821734	1.6746255722022e-09	3.43616209182249e-08	11.2222052712162	KCNE4
ENSG00000105327	1.49245277777779	3.67105833333333	6.4045146002228	1.70961656418639e-09	3.4968939439068e-08	11.2021104391516	BBC3
ENSG00000168140	1.50735277777779	5.23461527777778	6.40312086732066	1.72200779888051e-09	3.51853946468736e-08	11.1950929160595	VASN
ENSG00000175600	1.2309	0.260961111111111	6.4013503019102	1.73787681190931e-09	3.5472381684428e-08	11.186179290702	SUGCT
ENSG00000143199	1.70430694444444	-2.84030625	6.40114564514642	1.73972033511179e-09	3.54727882165561e-08	11.1851490710008	ADCY10
ENSG00000112164	2.09210972222222	-3.38644097222222	6.40047207839312	1.74580133802558e-09	3.55595053688729e-08	11.1817585440533	GLP1R
ENSG00000143179	1.39167916666668	3.72547152777778	6.39833645566411	1.76522045537957e-09	3.59174354582044e-08	11.1710098404796	UCK2
ENSG00000160321	1.24067222222222	0.00722916666666668	6.39678720409636	1.77944055919206e-09	3.61689422752393e-08	11.1632136703649	ZNF208
ENSG00000185615	1.64099027777778	-0.324609027777778	6.38633362622126	1.87838011598785e-09	3.80606771002037e-08	11.1106375156017	PDIA2
ENSG00000110786	1.93836527777778	-0.776299305555555	6.38184218943144	1.92253390884126e-09	3.88542911620457e-08	11.0880631608018	PTPN5
ENSG00000092969	1.30450833333334	2.49946805555556	6.37899303536988	1.95107053088947e-09	3.93695269365788e-08	11.0737478298356	TGFB2
ENSG00000154678	1.25946111111112	2.49139583333333	6.37506161192899	1.99113212130675e-09	4.01362715271077e-08	11.0540008104603	PDE1C
ENSG00000140450	1.35635833333334	3.8009875	6.3722716050236	2.0200522926011e-09	4.05930342930543e-08	11.03999125681	ARRDC4
ENSG00000205045	1.23346666666667	1.11898194444444	6.36754945271147	2.06994456308481e-09	4.15098573619852e-08	11.0162878645982	SLFN12L
ENSG00000111341	1.85029861111114	9.89249930555555	6.36629855566909	2.08336280555052e-09	4.16683259416561e-08	11.0100105502986	MGP
ENSG00000168993	1.43492777777778	2.76743888888889	6.36617663057017	2.08467524993732e-09	4.16683259416561e-08	11.0093987379487	CPLX1
ENSG00000077264	1.17099722222222	-1.06874444444444	6.3657869698745	2.08887514840079e-09	4.16746660376329e-08	11.0074434911135	PAK3
ENSG00000026103	1.39534444444446	5.00591805555556	6.3642610108148	2.10540272138184e-09	4.19184173350252e-08	10.9997871738398	FAS
ENSG00000062716	1.65814722222224	7.50013333333334	6.35760941233785	2.17896065860828e-09	4.33385917497426e-08	10.9664260317438	VMP1
ENSG00000163606	1.24039027777778	-0.720050694444444	6.35731203642108	2.18230761198933e-09	4.33608249932752e-08	10.9649350142399	CD200R1
ENSG00000171621	1.4158388888889	4.48870416666666	6.35686475239327	2.18735129845174e-09	4.33874396905032e-08	10.9626924466308	SPSB1
ENSG00000146374	1.42578194444445	1.81807152777778	6.35679772720878	2.18810807816079e-09	4.33874396905032e-08	10.9623564074208	RSPO3
ENSG00000006062	1.32470000000001	3.78732777777778	6.35568103161033	2.20075461030686e-09	4.35937664762618e-08	10.9567580165128	MAP3K14
ENSG00000134817	2.02147083333334	0.397529861111111	6.3635465015826	2.25778205186579e-09	4.46324964155421e-08	10.9366758134916	APLNR
ENSG00000167535	1.29091944444446	3.95739166666667	6.3468118746241	2.30378308924459e-09	4.54494813914664e-08	10.9123141211656	CACNB3
ENSG00000130158	1.5850763888889	6.42532986111111	6.34517508030194	2.32330870808518e-09	4.57882482164873e-08	10.9041159949637	DOCK6
ENSG00000125735	1.63209583333334	1.31439375	6.34287131650335	2.35106671246765e-09	4.62884106183408e-08	10.8925793418955	TNFSF14
ENSG00000099256	1.24360277777778	1.59337083333333	6.34077844932061	2.37656617992869e-09	4.6648804573131e-08	10.8821009222611	PRTFDC1
ENSG00000185989	1.30796805555557	4.12971041666667	6.33582806151656	2.43796904330124e-09	4.77576775733088e-08	10.8573237009043	RASA3
ENSG00000185477	1.37365833333334	2.53656527777778	6.3344744152669	2.45502905788969e-09	4.80434861509761e-08	10.8505505232156	GPRIN3
ENSG00000152592	2.57997916666666	-6.94371180555555	6.33387397402057	2.46263395541607e-09	4.81438750761341e-08	10.8475463934588	DMP1
ENSG00000100628	1.42384583333334	1.23947291666667	6.33122076370166	2.49651648571048e-09	4.87572677510444e-08	10.8342738338105	ASB2
ENSG00000256950	1.90684722222222	-1.07399305555556	6.32865460152054	2.52972328551814e-09	4.92964597322304e-08	10.8214398197961	
ENSG00000171551	2.43261527777778	-2.73325208333333	6.32686079579005	2.57936627312362e-09	5.01738327448007e-08	10.8033070643358	ECEL1
ENSG00000124508	1.33848194444446	4.02021041666667	6.32280070414908	2.60710814147441e-09	5.06628047631971e-08	10.7921744130337	BTN2A2
ENSG00000204475	1.49006944444445	0.343436111111111	6.32011341131882	2.64340745015842e-09	5.12945346596245e-08	10.7787451292114	NCR3
ENSG00000121895	1.27903333333334	0.125427777777778	6.32000436067422	2.64489092451179e-09	5.12945346596245e-08	10.7782002379282	TMEM156
ENSG00000164647	1.59726527777779	3.43122152777778	6.31953735103918	2.65125317084021e-09	5.13667098398244e-08	10.7758668020282	STEAP1
ENSG00000235162	1.48837500000001	3.29406111111111	6.3173281651981	2.68155426394e-09	5.18178716758664e-08	10.7648298683903	C12orf75
ENSG00000138792	1.13085555555556	2.68549583333333	6.3141220682846	2.72613545484056e-09	5.26079234797208e-08	10.7488164600147	ENPEP
ENSG00000073605	1.33097777777778	4.16685972222222	6.31020804573307	2.78154912835733e-09	5.35709838067394e-08	10.7292736536404	GSDMB
ENSG00000123500	2.35259861111111	-2.30907430555556	6.31101702659848	2.81109049640659e-09	5.40863821326419e-08	10.7200910167088	COL10A1
ENSG00000133858	1.40164444444446	5.36584583333333	6.30767993434934	2.81792853069507e-09	5.41643732994866e-08	10.7166545122592	ZFC3H1
ENSG00000111796	1.34895833333334	2.22502777777778	6.30459040884004	2.86302222218581e-09	5.49768097393469e-08	10.701237085198	KLRB1
ENSG00000278705	4.08223055555555	-6.11596388888888	6.3314547278102	2.88164547278017e-09	5.52798498387769e-08	10.7054797444288	H4C2
ENSG00000107249	1.23945833333334	2.41821666666666	6.30204269451614	2.90074089826861e-09	5.5591341825735e-08	10.6885267542229	GLIS3
ENSG00000162654	1.55705416666668	4.65586736111111	6.29468066345511	3.01250189878621e-09	5.76354270986152e-08	10.6518151709521	GBP4
ENSG00000116191	1.11403055555556	1.1733625	6.29462734095268	3.013326617278e-09	5.76354270986152e-08	10.6515493644152	RALGPS2
ENSG00000177294	2.03606527777777	-2.51313402777778	6.29421250335726	3.01975033420265e-09	5.76449298340627e-08	10.6494814919817	FBXO39
ENSG00000120833	1.54503750000001	5.69721458333333	6.28316308219741	3.19589181534516e-09	6.09284979460455e-08	10.5944321325082	SOCS2
ENSG00000123560	1.57066388888889	-0.3092875	6.28303292485057	3.19802572501092e-09	6.09284979460455e-08	10.5937840146527	PLP1
ENSG00000150045	1.44799305555556	1.45341180555556	6.27608342094617	3.31401851346958e-09	6.30174262190607e-08	10.5591904913395	KLRF1
ENSG00000182541	1.49509861111112	5.72323402777778	6.27607573647322	3.31414903465449e-09	6.30174262190607e-08	10.559152251757	LIMK2
ENSG00000064300	1.37023888888889	0.994766666666667	6.27464921501708	3.33846631081242e-09	6.34178190214094e-08	10.5520540542619	NGFR
ENSG00000159784	1.09267638888889	-0.678427083333334	6.2668527143085	3.47450068761889e-09	6.58091405799053e-08	10.5132764497583	FAM131B
ENSG00000112562	1.4614888888889	3.62461388888889	6.26459504628617	3.51489997711847e-09	6.65095664931016e-08	10.502052762746	SMOC2
ENSG00000118369	1.20718611111112	2.95047638888889	6.2622551873053	3.55725716306627e-09	6.7214692759744e-08	10.4904229982344	USP35
ENSG00000113248	1.12784583333334	1.65658541666667	6.25813323212537	3.63309826822469e-09	6.85460984612092e-08	10.4699419615274	PCDHB15
ENSG00000090924	1.46863472222224	5.42743680555556	6.25324840295536	3.72503501091751e-09	6.99414874829802e-08	10.4456807190936	PLEKHG2
ENSG00000198547	1.51095833333333	-3.21148472222222	6.25029624668418	3.78170155182536e-09	7.0936989957673e-08	10.4310238301611	C20orf203
ENSG00000158874	3.05449166666667	-0.906968055555555	6.27706369878118	3.79753809213896e-09	7.11654248249393e-08	10.437425693716	APOA2
ENSG00000132510	1.53362361111112	4.79709375	6.24820193238845	3.82241463877824e-09	7.15626655952977e-08	10.4206284496037	KDM6B
ENSG00000249992	1.37707916666667	0.131064583333333	6.24678360597328	3.85023095057169e-09	7.19818350629964e-08	10.4135895893779	TMEM158
ENSG00000149256	1.48623055555555	-1.29031944444444	6.24656824616571	3.85447196000469e-09	7.19818350629964e-08	10.4125208861416	TENM4
ENSG00000121297	1.15323750000001	2.45165763888889	6.24637889172795	3.85820464661522e-09	7.19818350629964e-08	10.4115812502167	TSHZ3
ENSG00000138835	1.51294444444446	5.97022916666667	6.24604566315407	3.86478210833993e-09	7.19818350629964e-08	10.4099277068749	RGS3
ENSG00000172673	1.22374722222222	-0.564802777777778	6.24595711034934	3.86653186811344e-09	7.19818350629964e-08	10.4094882998749	THEMIS
ENSG00000117139	1.24218055555557	3.87698888888889	6.2459330779743	3.86700687028744e-09	7.19818350629964e-08	10.409369049701	KDM5B
ENSG00000097046	1.25529305555556	1.94223125	6.23394346826402	4.11127575958174e-09	7.62369266686216e-08	10.3499098182035	CDC7
ENSG00000110492	1.54164305555557	5.34337291666667	6.23320673321308	4.12677031801137e-09	7.64513678342449e-08	10.3462583934592	MDK
ENSG00000027644	2.05012638888888	-5.74035347222222	6.2316153448646	4.16043551354796e-09	7.70017046712987e-08	10.3383719903894	INSRR
ENSG00000160097	1.37009027777778	0.281127083333333	6.22896242555357	4.21715782823846e-09	7.79773327708122e-08	10.3252276478263	FNDC5
ENSG00000154864	1.39811250000001	2.90558263888889	6.22035957740697	4.40637358499846e-09	8.10139687858129e-08	10.2826262871889	PIEZO2
ENSG00000198597	1.44421805555555	-2.52005069444444	6.2194470997647	4.42692585224954e-09	8.13149779772975e-08	10.278109749248	ZNF536
ENSG00000143033	1.24103194444445	3.51409791666667	6.21902160528298	4.43654168323554e-09	8.14147253040545e-08	10.2760037921345	MTF2
ENSG00000151151	1.097125	1.362175	6.2172135917197	4.47763069799551e-09	8.20913028627791e-08	10.2670561051005	IPMK
ENSG00000130528	1.30574305555556	1.00945763888889	6.21080151782403	4.62638843975571e-09	8.47387080321357e-08	10.235335872701	HRC
ENSG00000164674	1.36682916666668	3.88114236111111	6.20661851082915	4.72603839449693e-09	8.64825012697594e-08	10.2146532612412	SYTL3
ENSG00000156427	1.31635138888889	0.986350694444445	6.20544886377093	4.75427762322981e-09	8.69092998615802e-08	10.2088715048625	FGF18
ENSG00000091428	1.36376666666668	3.82476666666667	6.20528291582572	4.75829757107665e-09	8.69092998615802e-08	10.2080512498091	RAPGEF4
ENSG00000135097	1.25905416666667	-1.05220208333333	6.20369801775636	4.79685900258629e-09	8.74493920508983e-08	10.2002180039112	MSI1
ENSG00000073792	1.29258333333334	3.85399166666667	6.20347784711124	4.80224010231022e-09	8.74655191667962e-08	10.1991299207642	IGF2BP2
ENSG00000175505	1.3296763888889	3.02054791666667	6.20275718848421	4.81989492709614e-09	8.76693924257581e-08	10.1955685878375	CLCF1
ENSG00000128602	1.28970694444445	1.61322986111111	6.19867151833565	4.92119843978453e-09	8.93810943517168e-08	10.1753828013038	SMO
ENSG00000170464	1.32627638888889	3.58004791666667	6.19582095874931	4.99311334031551e-09	9.06026499028146e-08	10.1613039515813	DNAJC18
ENSG00000168137	1.44559583333335	6.04982708333333	6.19401535607286	5.039198705116e-09	9.13536749412082e-08	10.1523881254605	SETD5
ENSG00000134470	1.46741666666668	5.91188194444445	6.18769765076351	5.20376144058417e-09	9.4161458178831e-08	10.1212043854813	IL15RA
ENSG00000103404	1.18218472222223	2.42397291666667	6.18385540752026	5.30641312116738e-09	9.59296914804349e-08	10.102248675002	USP31
ENSG00000183230	2.53210694444444	-4.31855208333333	6.17970960246394	5.41940617139312e-09	9.78814195412618e-08	10.0818032630746	CTNNA3
ENSG00000175592	1.82330833333335	3.32680277777778	6.18873107391958	5.4341400568683e-09	9.80564864436013e-08	10.082859770467	FOSL1
ENSG00000139289	1.45935277777779	4.5359625	6.17565542128784	5.53218628129521e-09	9.97331673250736e-08	10.0618176616812	PHLDA1
ENSG00000085741	1.34601666666667	2.322475	6.17268941143094	5.6161523776688e-09	1.00966170102046e-07	10.0472013285775	WNT11
ENSG00000140464	1.44639166666668	6.12716388888889	6.17207041550898	5.63383303010485e-09	1.01190507942382e-07	10.0441514828655	PML
ENSG00000101204	2.08486388888889	-3.75900277777778	6.17010060555943	5.69046215128316e-09	1.01989372679972e-07	10.0344472844441	CHRNA4
ENSG00000139597	1.38966111111112	5.01189027777778	6.16997681275912	5.69403962216991e-09	1.01989372679972e-07	10.0338374858138	N4BP2L1
ENSG00000106211	1.87416944444447	9.02536944444445	6.16969531418615	5.70218283461372e-09	1.02041270008193e-07	10.0324508619184	HSPB1
ENSG00000278463	3.67395694444445	-7.45484236111109	6.19031835987899	5.74604152497106e-09	1.02731617411523e-07	10.0335663008981	H2AC4
ENSG00000106462	1.16469583333334	2.19063541666667	6.16653738926469	5.79432307067083e-09	1.03499699146638e-07	10.0168979580798	EZH2
ENSG00000146966	1.31198055555557	3.65921944444444	6.16505127395191	5.83818859668025e-09	1.0418756383727e-07	10.009580439305	DENND2A
ENSG00000105656	1.3031763888889	4.03894652777778	6.15918520066222	6.0145437680683e-09	1.07236393562296e-07	9.98070670582474	ELL
ENSG00000115165	1.38773055555557	4.47880694444444	6.15844571983192	6.0371432274213e-09	1.07518868103678e-07	9.97706803981715	CYTIP
ENSG00000145819	1.33394861111112	4.34111597222222	6.15605710905725	6.11071338346334e-09	1.08652282207613e-07	9.96531651527348	ARHGAP26
ENSG00000159216	1.33221666666668	4.5960125	6.15355859931799	6.18861056247692e-09	1.0993685174548e-07	9.95302724797694	RUNX1
ENSG00000164946	1.32021666666667	1.56067916666667	6.15199086129868	6.23798567920821e-09	1.107128626204e-07	9.94531764633305	FREM1
ENSG00000187398	2.45179722222222	-4.15120277777778	6.15132373970502	6.25911347898123e-09	1.10986577386639e-07	9.9420373288239	LUZP2
ENSG00000168243	2.14814999999999	-4.09034722222222	6.15060756327117	6.28187306263249e-09	1.11288702016691e-07	9.93851604152733	GNG4
ENSG00000120324	1.05081111111111	0.434977777777778	6.15030380786745	6.29155072192686e-09	1.11358730339328e-07	9.93702261545797	PCDHB10
ENSG00000269720	2.29130694444444	-1.96698958333333	6.15488266613599	6.32045122105147e-09	1.11768561047176e-07	9.9347097810171	CCDC194
ENSG00000138079	1.22334027777778	-1.40718680555556	6.14616914940015	6.42474613045256e-09	1.13406680335357e-07	9.91669882094995	SLC3A1
ENSG00000164056	1.43528888888891	5.83211944444444	6.14552829973883	6.44563703967233e-09	1.13672286215509e-07	9.91354948127059	SPRY1
ENSG00000232810	1.71311805555556	0.685822916666667	6.14356011570653	6.60372071681051e-09	1.16354687847281e-07	9.89114251894105	TNF
ENSG00000165507	1.8424402777778	8.11232569444445	6.139005680968	6.66209717951751e-09	1.17277026548393e-07	9.88150653475939	DEPP1
ENSG00000106086	1.07103194444445	1.76895902777778	6.13842839280204	6.68159540148121e-09	1.17513918399288e-07	9.87867154550153	PLEKHA8
ENSG00000187151	1.55094027777778	-1.63746736111111	6.13538262984801	6.78539907203324e-09	1.19016756311263e-07	9.86371685685	ANGPTL5
ENSG00000180667	1.30050277777778	2.90082361111111	6.13451624357513	6.8152148406128e-09	1.19324535625203e-07	9.85946372228995	YOD1
ENSG00000159147	1.23339166666667	3.67813472222222	6.13292063193264	6.8704631166877e-09	1.20183676749828e-07	9.85163173377388	DONSON
ENSG00000109625	1.49081250000001	2.52980763888889	6.130182418426	6.96630074923995e-09	1.21750657838469e-07	9.83819420810685	CPZ
ENSG00000150594	1.50580972222223	1.46299513888889	6.1298288163955	6.97877214153103e-09	1.21859134377973e-07	9.83645920413382	ADRA2A
ENSG00000151746	1.1569138888889	2.85875694444445	6.12881862801205	7.01452194770862e-09	1.22356321948063e-07	9.83150288974065	BICD1
ENSG00000213512	2.45036388888888	-5.63384166666666	6.12866918136622	7.01982599702028e-09	1.22356321948063e-07	9.83076969764138	GBP7
ENSG00000106034	1.28104722222223	3.05277361111111	6.12487581997291	7.15578346865061e-09	1.24391689036811e-07	9.81216291810255	CPED1
ENSG00000170801	1.50976666666668	4.65724444444444	6.12387844486369	7.19195741211531e-09	1.24908888911131e-07	9.80727186197148	HTRA3
ENSG00000166012	1.48659444444445	6.79453194444444	6.12330248515759	7.21292869016854e-09	1.25161363854735e-07	9.80444761664248	TAF1D
ENSG00000153922	1.35376666666668	5.10564861111111	6.12291600377998	7.22703451718004e-09	1.25182792010851e-07	9.8025525774015	CHD1
ENSG00000107954	1.23923333333333	-0.9000125	6.12076549244112	7.30602006926352e-09	1.26325957677612e-07	9.79200927085635	NEURL1
ENSG00000155858	1.00191666666667	0.759181944444445	6.11802339810983	7.40796393682252e-09	1.27934757571271e-07	9.7785688691773	LSM11
ENSG00000118292	1.28564722222223	4.13306944444445	6.11790976883697	7.41221837254898e-09	1.27934757571271e-07	9.77801199302207	C1orf54
ENSG00000152689	1.2245388888889	2.84950416666667	6.11621149315733	7.47609071029252e-09	1.28855261677907e-07	9.76968980411277	RASGRP3
ENSG00000127074	1.30170277777778	0.526133333333333	6.11613980921518	7.47879860345243e-09	1.28855261677907e-07	9.7693385566958	RGS13
ENSG00000163053	1.18439583333334	0.55075625	6.11479615631195	7.52973424103616e-09	1.2961804465189e-07	9.76275519281922	SLC16A14
ENSG00000205089	1.29850416666667	2.44132430555556	6.10726870382141	7.82144852772269e-09	1.34401781591221e-07	9.72588991771155	CCNI2
ENSG00000188425	2.68721388888887	-7.65410833333332	6.10783970631904	7.83675049962418e-09	1.34427222855987e-07	9.72437093716162	NANOS2
ENSG00000102683	1.54922916666667	1.32822013888889	6.10454244639793	7.92981364746439e-09	1.35903731339628e-07	9.71254503119296	SGCG
ENSG00000056487	1.51816527777777	-2.59617847222222	6.10199262341888	8.0324988514329e-09	1.37542401107458e-07	9.70006706061092	PHF21B
ENSG00000118922	1.08970138888889	1.19597986111111	6.10178171880045	8.04105050886845e-09	1.37567734827185e-07	9.69903510675652	KLF12
ENSG00000169851	1.29043333333334	0.514191666666667	6.09933543769187	8.14089648681421e-09	1.39153531161257e-07	9.68706706711982	PCDH7
ENSG00000168477	1.55008750000002	6.59750625	6.09552677917353	8.29877562368615e-09	1.41479214226067e-07	9.66843962723447	TNXB
ENSG00000124762	1.64706111111113	7.34236111111111	6.09396341669973	8.364447740369e-09	1.42177915249027e-07	9.6607955631415	CDKN1A
ENSG00000107317	1.7690777777778	8.81666666666667	6.09395158920965	8.36494651641187e-09	1.42177915249027e-07	9.66073773715517	PTGDS
ENSG00000188290	1.76988611111112	4.17931388888889	6.09436223537941	8.5454837196422e-09	1.45049519471623e-07	9.64186261560553	HES4
ENSG00000112149	1.55620555555557	4.29911805555555	6.08616227833427	8.69984994141274e-09	1.47540959948004e-07	9.62266973778328	CD83
ENSG00000100385	1.31463750000001	2.30855208333333	6.08477778803464	8.76073864720469e-09	1.48444153454203e-07	9.61590654991663	IL2RB
ENSG00000124788	1.2073888888889	3.62394305555555	6.08243489423983	8.86473126624391e-09	1.50075502690145e-07	9.60446373203474	ATXN1
ENSG00000153956	1.05435694444445	1.52396180555556	6.08120519476709	8.91979705131772e-09	1.50876428036724e-07	9.5984588905689	CACNA2D1
ENSG00000136383	1.21864583333334	2.70437847222222	6.07717528105497	9.10261933779757e-09	1.5370152027677e-07	9.57878529955682	ALPK3
ENSG00000072110	1.50789444444446	7.12146944444444	6.07693641332441	9.11357058685389e-09	1.53752970559828e-07	9.57761942386702	ACTN1
ENSG00000277632	1.93623750000001	4.16242986111111	6.08613311033877	9.21735217776391e-09	1.55234575378237e-07	9.57116183794205	CCL3
ENSG00000169884	1.21581388888889	-0.137402777777778	6.07037579208025	9.41945866158775e-09	1.58501133118689e-07	9.54560901479244	WNT10B
ENSG00000145861	1.38262361111111	0.628040972222222	6.06944853881127	9.46349649764273e-09	1.59104523657862e-07	9.54108649022974	C1QTNF2
ENSG00000132855	2.8120111111111	-4.74451527777778	6.07598471441166	9.66296431967717e-09	1.61759020607883e-07	9.52509224602781	ANGPTL3
ENSG00000061337	1.31261250000001	2.48368263888889	6.059031283933	9.97234057345545e-09	1.66651175974962e-07	9.49030711208564	LZTS1
ENSG00000131127	1.2088388888889	3.11108611111111	6.05686620563651	1.00814182698258e-08	1.68329397583392e-07	9.47976004633592	ZNF141
ENSG00000122870	1.15799583333334	2.30832013888889	6.05559162068825	1.01461790694357e-08	1.6926541617381e-07	9.47355205276521	BICC1
ENSG00000108556	1.25215138888889	0.366674305555555	6.05466917381254	1.01933024216246e-08	1.69760375603974e-07	9.46905968251785	CHRNE
ENSG00000255423	1.02257361111111	1.42202708333333	6.05142209685946	1.03608946782767e-08	1.72403869359999e-07	9.45324956669176	EBLN2
ENSG00000108256	1.24088333333334	4.26864722222222	6.04760953819276	1.05611264281506e-08	1.75430986461601e-07	9.43469274518486	NUFIP2
ENSG00000105146	1.11725555555556	1.065725	6.04744467001637	1.05698702515421e-08	1.75430986461601e-07	9.43389044617874	AURKC
ENSG00000158711	1.14748472222223	3.32571597222222	6.04713527178009	1.05862984385465e-08	1.75553859528224e-07	9.43238485590869	ELK4
ENSG00000137094	1.25626527777779	3.58401319444444	6.04695303148745	1.05959866136554e-08	1.75564848048402e-07	9.43149806234592	DNAJB5
ENSG00000182253	1.31482361111112	4.21168402777778	6.04668265885727	1.06103760694161e-08	1.75653647065771e-07	9.43018244110951	SYNM
ENSG00000198598	1.29803472222223	2.09475902777778	6.04404636487741	1.0751690567378e-08	1.77539800438572e-07	9.41735624474002	MMP17
ENSG00000138767	1.20482500000001	3.27777916666667	6.04157594468436	1.08857888334337e-08	1.79601666147542e-07	9.4053401820906	CNOT6L
ENSG00000169992	1.24999444444446	3.86054166666667	6.04098720217759	1.09179880465577e-08	1.79980257187832e-07	9.40247699849679	NLGN2
ENSG00000154040	1.20089166666667	0.589763888888889	6.03889166302795	1.10333562804781e-08	1.81574320108172e-07	9.39228732478562	CABYR
ENSG00000155903	1.15788750000001	3.22680486111111	6.03862679596135	1.1048023201856e-08	1.81662001117924e-07	9.39099954889027	RASA2
ENSG00000108342	2.74798055555557	4.51654583333334	6.05886905278292	1.13686438281068e-08	1.86776063973254e-07	9.37358572182831	CSF3
ENSG00000189056	1.19891805555556	0.44121875	6.030805300799	1.14898641467797e-08	1.88449272667081e-07	9.35298733175915	RELN
ENSG00000167772	1.85941944444446	4.66829861111111	6.03655537220468	1.15818292574734e-08	1.89797592852884e-07	9.34819101570644	ANGPTL4
ENSG00000072195	1.43413472222223	3.70535069444444	6.02886722260991	1.16020000325358e-08	1.89968101542834e-07	9.34357302122875	SPEG
ENSG00000156194	1.70804444444445	-3.91236527777778	6.02674419161453	1.172606955051e-08	1.91838103361246e-07	9.33326243203611	PPEF2
ENSG00000162670	1.44061805555556	-0.666495138888889	6.02591786379171	1.1774711087068e-08	1.92310394681484e-07	9.32924994104228	BRINP3
ENSG00000127152	1.09870555555556	-0.115959722222222	6.02153002941833	1.20363346585487e-08	1.96418441089001e-07	9.30794913121702	BCL11B
ENSG00000160999	1.22897916666667	2.40307013888889	6.02019206946023	1.21172387156674e-08	1.97572948446909e-07	9.30145588701722	SH2B2
ENSG00000184014	1.3886888888889	6.18959583333334	6.01912329045005	1.21822489425638e-08	1.98466588300462e-07	9.29626964234655	DENND5A
ENSG00000112033	1.33119444444446	4.83755138888889	6.018772595445	1.22036549992867e-08	1.98648951503034e-07	9.29456802038626	PPARD
ENSG00000167992	1.17969305555556	-0.245152083333333	6.01600873066887	1.23736546957936e-08	2.01247768513861e-07	9.28115949675986	VWCE
ENSG00000091879	1.39479861111112	1.69242569444444	6.01460767861254	1.24607156486436e-08	2.02494436756404e-07	9.27436393004369	ANGPT2
ENSG00000157064	1.12276111111111	-1.16520555555555	6.00894798541136	1.28185649140067e-08	2.07962239121983e-07	9.246922491416	NMNAT2
ENSG00000186567	1.31163333333334	3.48903194444445	6.00678391576736	1.29580417482998e-08	2.1004985673994e-07	9.23643405876801	CEACAM19
ENSG00000155380	1.18257916666667	2.07984930555555	6.00580491160254	1.30216277351047e-08	2.10904831559747e-07	9.23168996046407	SLC16A1
ENSG00000128881	1.08834444444445	2.08276527777778	6.00367591133982	1.31609638962186e-08	2.12984251006027e-07	9.22137481447052	TTBK2
ENSG00000139797	2.76126805555554	-7.15349097222221	6.00362422740442	1.35656987146922e-08	2.1898752813128e-07	9.19443784646202	RNF113B
ENSG00000059804	1.61949861111113	6.75844513888889	5.99462791880194	1.37696190081723e-08	2.22095048878083e-07	9.17756194256246	SLC2A3
ENSG00000134874	1.16768333333334	3.01798611111111	5.99406021019695	1.38087157269097e-08	2.22541125368556e-07	9.17481430512045	DZIP1
ENSG00000138795	1.17096250000001	2.81745069444444	5.99363345338796	1.38381771002198e-08	2.22831308736321e-07	9.17274896256626	LEF1
ENSG00000105559	1.36487083333335	4.53797847222222	5.99230426027114	1.39303342113653e-08	2.24129744482612e-07	9.16631675120787	PLEKHA4
ENSG00000196338	1.03339722222222	0.0156916666666667	5.9909015690519	1.40282399459784e-08	2.25518449115017e-07	9.15952982755386	NLGN3
ENSG00000213694	1.24094027777779	2.93693680555556	5.9903027507654	1.40702418180736e-08	2.26006890045555e-07	9.15663274424547	S1PR3
ENSG00000152518	1.52995555555558	7.11557638888889	5.99004098213934	1.4088641319996e-08	2.26115718611025e-07	9.15536636382026	ZFP36L2
ENSG00000271503	1.43571250000001	4.72310902777778	5.9892546013429	1.41440574221708e-08	2.26817976072602e-07	9.15156222862988	CCL5
ENSG00000104368	1.51060138888891	5.16699375	5.98435860845779	1.4493917248152e-08	2.31854998611064e-07	9.12788471719576	PLAT
ENSG00000160584	1.24685000000001	4.34596527777778	5.9821813881352	1.46522110027984e-08	2.34194583752206e-07	9.11735932058798	SIK3
ENSG00000080298	1.12632222222223	1.83443611111111	5.97711508701899	1.50271456932739e-08	2.39990179002925e-07	9.09287636434452	RFX3
ENSG00000196368	1.05155416666667	-1.16591736111111	5.975642346421	1.51378907789661e-08	2.41560501585274e-07	9.08576174598545	NUDT11
ENSG00000167617	1.37080000000001	4.74766944444444	5.9695895873493	1.56015023199565e-08	2.48144254397214e-07	9.05653309639546	CDC42EP5
ENSG00000105737	1.17030138888889	-0.596625694444445	5.96833207277274	1.56995541380024e-08	2.49296103748917e-07	9.0504628951192	GRIK5
ENSG00000134594	1.19300138888889	0.677132638888889	5.96714145012684	1.57929469891544e-08	2.50574555328736e-07	9.04471632387686	RAB33A
ENSG00000132535	1.25885416666668	4.42419930555555	5.96169825028058	1.62268983476432e-08	2.57249899477062e-07	9.01845366633847	DLG4
ENSG00000151067	1.17690833333334	2.91821388888889	5.95892636980129	1.64523539047451e-08	2.60399664894306e-07	9.00508547658083	CACNA1C
ENSG00000165959	1.22751250000001	3.49365208333333	5.95022942512101	1.71798551905616e-08	2.71032070694893e-07	8.96316711818913	CLMN
ENSG00000139187	1.25764305555556	0.921624305555556	5.94794616771697	1.73760193405843e-08	2.73904641987881e-07	8.95216838713846	KLRG1
ENSG00000131016	1.39947083333335	5.24793263888889	5.9473490069582	1.74276851287262e-08	2.74496624391888e-07	8.94929222513647	AKAP12
ENSG00000258691	3.65415	-6.28926249999999	5.96630310514163	1.77376948359526e-08	2.78927760670129e-07	8.94134150918113	
ENSG00000144152	1.18619305555556	1.31612430555556	5.9429575716088	1.78122820852508e-08	2.79874403168254e-07	8.92814687724015	FBLN7
ENSG00000177679	1.24060138888889	-0.000934027777777772	5.94190610903673	1.79055955539461e-08	2.81113514701662e-07	8.92308539207458	SRRM3
ENSG00000038295	1.11186666666667	-0.1784625	5.94084861658276	1.79999274822849e-08	2.82366604343069e-07	8.91799544491697	TLL1
ENSG00000008838	1.66191666666668	6.6339625	5.93905983046418	1.81606035547981e-08	2.8442838997418e-07	8.90938690701368	MED24
ENSG00000255819	1.36041805555556	0.340388194444445	5.93430540217542	1.85945320892492e-08	2.90756300803919e-07	8.88651408800323	KLRC4-KLRK1
ENSG00000137809	1.24848333333334	0.403354166666667	5.92810601492693	1.91756346481746e-08	2.99361512982579e-07	8.85670701174032	ITGA11
ENSG00000167034	1.24309861111111	0.124365972222222	5.92609396467175	1.93680337270773e-08	3.02122688098723e-07	8.84703713001416	NKX3-1
ENSG00000131263	1.16815833333334	3.53300416666667	5.92017628106168	1.99449359707284e-08	3.10375115602087e-07	8.81860875789458	RLIM
ENSG00000013441	1.5423263888889	7.67104791666666	5.91100000096971	2.08729751075188e-08	3.23780790902277e-07	8.77456142152576	CLK1
ENSG00000143614	1.1679638888889	3.57697916666667	5.90734861942932	2.12539129820365e-08	3.29164900737719e-07	8.75704624789887	GATAD2B
ENSG00000166813	1.09064583333334	1.00716736111111	5.90606390529208	2.13895571936495e-08	3.31002121345163e-07	8.75088526858025	KIF7
ENSG00000132561	1.37829861111112	3.48472569444445	5.90586296663383	2.14108495248822e-08	3.31068239235301e-07	8.74992172265292	MATN2
ENSG00000158555	1.30662083333335	4.12184236111111	5.90527730070183	2.14730278042959e-08	3.31765954606167e-07	8.74711344072043	GDPD5
ENSG00000197540	1.38429305555556	1.82263958333333	5.90358507131084	2.16536824736929e-08	3.34291612284345e-07	8.73900014470057	GZMM
ENSG00000168918	1.00279861111112	5.12138263888889	5.90324922124756	2.1689713027972e-08	3.34582313893824e-07	8.73739010484466	INPP5D
ENSG00000081923	1.17947361111112	3.07063541666667	5.90286072781224	2.1731464547875e-08	3.3496073564601e-07	8.73552776847951	ATP8B1
ENSG00000056558	1.20008611111112	3.00575555555556	5.90178054788925	2.18479662458506e-08	3.36489817430155e-07	8.7303500722848	TRAF1
ENSG00000104432	1.19390694444445	1.27814236111111	5.90077674982979	2.19567784302242e-08	3.37898144006899e-07	8.72553903645088	IL7
ENSG00000113657	1.34539722222224	5.41279722222222	5.89950768251585	2.2095106352554e-08	3.3975810969951e-07	8.71945734637438	DPYSL3
ENSG00000116852	1.13611666666667	2.11108194444444	5.89618825855467	2.24609735835531e-08	3.44751867289222e-07	8.70355372348798	KIF21B
ENSG00000106665	1.19010416666667	3.39138263888889	5.89607978314244	2.24730293914628e-08	3.44751867289222e-07	8.703034104265	CLIP2
ENSG00000163545	1.38857916666668	3.10523541666667	5.89481293579131	2.26142954006317e-08	3.46453019657306e-07	8.69696609412307	NUAK2
ENSG00000172985	1.14176527777779	2.65928958333333	5.89476603293218	2.26195422046463e-08	3.46453019657306e-07	8.69674145217305	SH3RF3
ENSG00000204595	3.31719305555555	-3.61323958333333	5.91331429297904	2.27891953102436e-08	3.48776889988087e-07	8.69773965118103	DPRX
ENSG00000125046	2.0130861111111	-2.7280625	5.89009149935804	2.31484886217666e-08	3.53441444796392e-07	8.67435835070523	SSUH2
ENSG00000138136	1.62908472222222	-3.60337291666667	5.88952305460456	2.32136317926694e-08	3.54158090690985e-07	8.67163722568104	LBX1
ENSG00000105219	1.43968194444444	-1.63687291666667	5.88405728706269	2.38492418602796e-08	3.63570103970343e-07	8.64548123848104	CCNP
ENSG00000177103	1.18614166666667	-0.917704166666666	5.87630360607905	2.47802573350003e-08	3.77467161848415e-07	8.60840291387181	DSCAML1
ENSG00000172568	2.33652638888888	-4.55433402777778	5.87480307884354	2.49645005021928e-08	3.79976106235254e-07	8.60123091481054	FNDC9
ENSG00000170486	2.01266944444444	-1.87403472222222	5.87294299564927	2.51947559132859e-08	3.83180916360623e-07	8.59234196937827	KRT72
ENSG00000198879	1.08412083333334	2.15913958333333	5.87251372353256	2.52481893145505e-08	3.83586158530997e-07	8.59029082103179	SFMBT2
ENSG00000204291	1.48687777777778	3.09544305555556	5.87241221717233	2.52608404831486e-08	3.83586158530997e-07	8.58980581711667	COL15A1
ENSG00000149257	1.60426805555557	7.03736875	5.86993274272047	2.55718039568758e-08	3.88005250053938e-07	8.57796037430123	SERPINH1
ENSG00000087258	1.09200833333334	0.136858333333333	5.86805110866722	2.581028934046e-08	3.91318587880458e-07	8.56897316533756	GNAO1
ENSG00000143924	1.33598333333334	5.0478875	5.86768597468024	2.58568196034675e-08	3.9171873436655e-07	8.56722939468311	EML4
ENSG00000160856	1.30198333333333	-0.0205958333333334	5.86693058780556	2.59533421513638e-08	3.92819160220892e-07	8.56362211086589	FCRL3
ENSG00000213088	1.72065555555556	6.54943888888889	5.86680170579479	2.59698457764789e-08	3.92819160220892e-07	8.56300667545307	ACKR1
ENSG00000183655	1.1902763888889	2.20712430555556	5.86331731529872	2.6419946904071e-08	3.99316866494163e-07	8.5463713087443	KLHL25
ENSG00000122591	1.17790833333334	3.69419583333333	5.86228788917901	2.65543808562355e-08	4.00726001873927e-07	8.54145776337305	HYCC1
ENSG00000112706	1.10025416666667	-0.964407638888889	5.85853427327403	2.70502707090083e-08	4.07892919249325e-07	8.52354603724017	IMPG1
ENSG00000137077	1.75837222222224	6.89467083333333	5.85790223454425	2.71346569731898e-08	4.08848448832292e-07	8.52053075217584	CCL21
ENSG00000101096	1.10150277777778	1.167525	5.85701762556414	2.72531982250021e-08	4.09999390466156e-07	8.51631086912152	NFATC2
ENSG00000175155	1.19922083333334	3.54882291666667	5.85496408520537	2.75303403751191e-08	4.13848671543134e-07	8.50651634601084	YPEL2
ENSG00000106976	1.27099861111112	2.69042847222222	5.85436348285416	2.7611917128799e-08	4.14545458534112e-07	8.50365213699606	DNM1
ENSG00000110697	1.31563750000001	4.78997569444445	5.85430910303498	2.76193149424331e-08	4.14545458534112e-07	8.50339281459048	PITPNM1
ENSG00000169181	2.14357916666666	-2.43611180555556	5.84760785615685	2.85459693744137e-08	4.2779367971579e-07	8.47144810277868	GSG1L
ENSG00000165323	1.23166805555556	0.118815972222222	5.84600840350912	2.87716059370075e-08	4.30843170659485e-07	8.46382697455949	FAT3
ENSG00000182732	1.16436666666667	-0.3736625	5.84508305724309	2.89029423367635e-08	4.32476949488249e-07	8.45941845631669	RGS6
ENSG00000077782	1.3866888888889	6.35200416666667	5.84384838905342	2.90790963697055e-08	4.34778310978872e-07	8.45353696193039	FGFR1
ENSG00000161791	1.20254583333334	3.99571041666667	5.84082357230442	2.95151127676486e-08	4.40958505035561e-07	8.43913120797181	FMNL3
ENSG00000152484	1.22686666666668	4.45918333333333	5.84058831095468	2.95492919868887e-08	4.41047352296207e-07	8.43801096934348	USP12
ENSG00000163600	1.19987222222222	0.144538888888889	5.84044132694781	2.95706657792447e-08	4.41047352296207e-07	8.43731109348247	ICOS
ENSG00000169057	1.22586527777779	4.74076458333333	5.84031477510624	2.95890805442397e-08	4.41047352296207e-07	8.43670851594052	MECP2
ENSG00000179097	1.15189861111111	-2.59220625	5.83479826337904	3.04028067774356e-08	4.52829553931605e-07	8.41044966835634	HTR1F
ENSG00000154380	1.28038194444445	4.65444236111111	5.8334628941862	3.06030552061385e-08	4.55463374039638e-07	8.40409562157545	ENAH
ENSG00000134548	1.25073333333333	-0.362201388888889	5.82848556191266	3.13608878427296e-08	4.65673275050974e-07	8.38042028318552	SPX
ENSG00000261884	1.13088194444445	1.46679930555556	5.82572559866831	3.1789001041423e-08	4.71670212248482e-07	8.3672976969793	
ENSG00000175352	1.08013055555556	-0.389618055555556	5.8231488601159	3.21938567468908e-08	4.77313187073567e-07	8.35504984768626	NRIP3
ENSG00000140015	2.40852222222221	-7.25817916666665	5.81520607017385	3.34738582791649e-08	4.95523799276956e-07	8.31731761210603	KCNH5
ENSG00000115641	1.24435416666667	3.95570902777778	5.81505579244768	3.34985500745012e-08	4.95523799276956e-07	8.31660403406693	FHL2
ENSG00000157103	1.22424583333334	0.818171527777778	5.81334243638307	3.37813317958073e-08	4.99327101893649e-07	8.30846917391227	SLC6A1
ENSG00000198720	1.16513472222223	2.46540069444444	5.8122711191854	3.39593343091971e-08	5.01196487847118e-07	8.30338343357439	ANKRD13B
ENSG00000147485	1.20369305555555	-2.56794375	5.80843082719497	3.46049896436801e-08	5.10338330969571e-07	8.28515777519141	PXDNL
ENSG00000112619	1.06600138888889	0.300563194444444	5.80337251499775	3.54737988041626e-08	5.22754798741342e-07	8.26116324962226	PRPH2
ENSG00000105205	2.55340833333334	-0.0562083333333334	5.82451113192599	3.56182280303125e-08	5.24485822593216e-07	8.2664285869061	CLC
ENSG00000123240	1.32755694444446	5.89792430555556	5.80180046558275	3.5748136513736e-08	5.26000568430553e-07	8.25370882292433	OPTN
ENSG00000176641	1.25201805555556	2.46000763888889	5.80158496645118	3.57859047191288e-08	5.26158290700298e-07	8.25268705839693	RNF152
ENSG00000118200	1.13230000000001	3.57609583333333	5.79927329349218	3.61935122403808e-08	5.31749395845836e-07	8.24172805115566	CAMSAP2
ENSG00000183580	1.15218611111112	3.04580833333334	5.7987457186494	3.62871724900431e-08	5.32723078699109e-07	8.23922735497985	FBXL7
ENSG00000102606	1.31131111111112	5.57334027777778	5.79618056185696	3.67459569712777e-08	5.39051549777747e-07	8.2270706272918	ARHGEF7
ENSG00000076706	1.47836111111113	6.97202916666667	5.79502049036357	3.69552990027295e-08	5.41713998644382e-07	8.22157397515006	MCAM
ENSG00000198435	1.35277222222223	2.45374305555556	5.79450932418348	3.70479122934427e-08	5.42662643021121e-07	8.21915219039388	NRARP
ENSG00000066382	1.21475833333333	-1.2036	5.78972371106808	3.79260679769109e-08	5.55107505106749e-07	8.19648571803623	MPPED2
ENSG00000140332	1.30149166666668	5.28510833333333	5.78839217507489	3.81740063316438e-08	5.5831636929559e-07	8.19018119292268	TLE3
ENSG00000204248	1.06974444444445	0.258725	5.7868967491097	3.84543539620986e-08	5.61994059557282e-07	8.18310179292113	COL11A2
ENSG00000173406	1.59066388888888	-2.15460972222222	5.78581020804471	3.8659311260891e-08	5.63718832568854e-07	8.17795880380202	DAB1
ENSG00000237988	2.7415	-1.93637638888889	5.80367057738152	3.8689572381841e-08	5.63737499604174e-07	8.18478015471496	OR2I1P
ENSG00000161381	1.28134027777779	3.61735763888889	5.7843193534311	3.89422767809415e-08	5.66994886184786e-07	8.17090306065097	PLXDC1
ENSG00000188452	1.13634027777778	2.03521319444444	5.78341397451271	3.91151070614034e-08	5.68659986964438e-07	8.16661875753144	CERKL
ENSG00000171951	1.34782916666667	-0.698303472222222	5.78205941956883	3.93750848548592e-08	5.72012061685378e-07	8.16020973145577	SCG2
ENSG00000059728	1.40991250000001	4.94327847222222	5.78077914221125	3.96223613281102e-08	5.75174755637611e-07	8.15415303193055	MXD1
ENSG00000250254	2.40358472222222	-2.24926736111111	5.7857313756727	4.05971146758358e-08	5.88446404377316e-07	8.13483005827699	PTTG2
ENSG00000189079	1.08529166666668	2.95697083333333	5.77393466134399	4.09703354115741e-08	5.92972443769301e-07	8.12178795592085	ARID2
ENSG00000107611	1.02105833333333	-0.742269444444444	5.77363956639748	4.10294508377828e-08	5.93278767944544e-07	8.12039311200945	CUBN
ENSG00000179165	1.90887361111111	-3.01583125	5.7735246234952	4.10524995709107e-08	5.93278767944544e-07	8.11984981652446	PXT1
ENSG00000150672	1.01829305555556	0.633254861111112	5.77298935099428	4.11600012523166e-08	5.94390753051272e-07	8.11731985936828	DLG2
ENSG00000257524	1.30461666666668	4.52906388888889	5.7681056194663	4.21536407444531e-08	6.07387125748964e-07	8.09424393703605	
ENSG00000142549	1.74345555555555	-2.43616388888889	5.7665312468364	4.24789376795e-08	6.11621240371305e-07	8.08680760745669	IGLON5
ENSG00000141682	1.26787222222223	1.60203333333333	5.76619187544452	4.25493798719128e-08	6.12182350050627e-07	8.08520480495928	PMAIP1
ENSG00000010030	1.21204305555556	1.92539375	5.76289330425751	4.3240037529096e-08	6.21200302818298e-07	8.06962928525247	ETV7
ENSG00000107562	1.41497777777779	5.16940972222222	5.76211225642861	4.34051739420581e-08	6.23112504443479e-07	8.06594209564668	CXCL12
ENSG00000123685	1.3147763888889	3.23768819444444	5.761564182096	4.35214213401802e-08	6.24320566304708e-07	8.06335492493474	BATF3
ENSG00000185652	1.22645972222222	0.510754861111111	5.7542809693497	4.50954377076055e-08	6.45472004627183e-07	8.02898974567155	NTF3
ENSG00000116833	1.29611805555556	0.858763194444445	5.75375763744606	4.52106593892236e-08	6.46645401793512e-07	8.0265215293206	NR5A2
ENSG00000134121	1.13804444444445	1.77031111111111	5.75221614327492	4.55517262048945e-08	6.510449508726e-07	8.01925214378991	CHL1
ENSG00000157766	2.01416527777778	-0.290845138888889	5.76013996448838	4.64257572322487e-08	6.63049801528416e-07	8.00588892250951	ACAN
ENSG00000067066	1.36655833333335	6.62134305555556	5.74705930011163	4.67111197270943e-08	6.66635877425854e-07	7.99494260230556	SP100
ENSG00000162761	2.72052499999999	-6.61036388888888	5.75412962001733	4.69656224175215e-08	6.69776603567177e-07	7.99316669969542	LMX1A
ENSG00000119729	1.32508333333335	6.18023194444444	5.74437862590636	4.73251640171756e-08	6.74409590082124e-07	7.98231136242643	RHOQ
ENSG00000182752	1.37368472222222	0.299670138888889	5.74355498839264	4.75154106874897e-08	6.76625013684516e-07	7.97843117565024	PAPPA
ENSG00000118058	1.20229861111112	3.80708819444444	5.74310687895899	4.76192307438644e-08	6.77112044173721e-07	7.97632026631389	KMT2A
ENSG00000136011	1.53800694444444	-1.04487013888889	5.74240368373929	4.77825979440846e-08	6.78938710889944e-07	7.9730079384578	STAB2
ENSG00000118985	1.34902083333335	5.08915486111112	5.74124264984079	4.80535320110919e-08	6.82290003415883e-07	7.96753958199852	ELL2
ENSG00000158747	1.48926666666669	7.66437638888889	5.73778500290411	4.88693305545251e-08	6.93367044454138e-07	7.95125863009902	NBL1
ENSG00000087237	1.24291111111111	0.680381944444444	5.73376378986776	4.98351531448819e-08	7.06480282508994e-07	7.93233199320755	CETP
ENSG00000171388	1.78349305555556	1.79776319444444	5.74587794540982	4.9866205422828e-08	7.06480282508994e-07	7.9369436536135	APLN
ENSG00000198604	1.28676666666668	4.86115555555555	5.73287274653175	5.00516803723428e-08	7.0859191164688e-07	7.92813928125858	BAZ1A
ENSG00000183598	3.34245694444444	-1.94105902777778	5.75534620647782	5.01854052859655e-08	7.09968366270982e-07	7.93534701033584	H3C13
ENSG00000121858	1.61123055555557	6.22722083333334	5.72768634372371	5.13303927522802e-08	7.25638662657961e-07	7.90374356270035	TNFSF10
ENSG00000154478	1.9566736111111	-7.37358263888887	5.72143124216429	5.29151673737883e-08	7.45873794025311e-07	7.87433991865712	GPR26
ENSG00000181722	1.16486944444445	-0.162518055555556	5.72050969017935	5.31526593031738e-08	7.48678876730874e-07	7.87000969443058	ZBTB20
ENSG00000180596	1.38522916666667	2.36783541666667	5.72031090911468	5.32040234851329e-08	7.48860104799424e-07	7.86907571346719	H2BC4
ENSG00000183798	1.33268194444444	-2.42906736111111	5.71958114297369	5.33930087212371e-08	7.50976721363343e-07	7.86564705760884	EMILIN3
ENSG00000077616	1.15461527777778	0.899346527777778	5.71534481514946	5.45031204210518e-08	7.65483536772779e-07	7.84574914106843	NAALAD2
ENSG00000170180	3.36388194444444	-4.33956180555555	5.73374903318567	5.47830437299554e-08	7.68859860487079e-07	7.84910805597748	GYPA
ENSG00000119778	1.0529638888889	2.5008875	5.71153536175572	5.55206339378681e-08	7.78649871203612e-07	7.8278644014356	ATAD2B
ENSG00000020181	1.21276805555556	3.73689930555556	5.71126287625694	5.55941234766714e-08	7.79118796735023e-07	7.82658542436313	ADGRA2
ENSG00000120075	1.13983611111112	2.2681125	5.71098346449563	5.56695798619434e-08	7.79614591414343e-07	7.8252739782792	HOXB5
ENSG00000146112	1.36429444444446	6.37794166666667	5.70992278449771	5.59569344289293e-08	7.83075027706138e-07	7.82029595306831	PPP1R18
ENSG00000161638	1.46362916666668	7.42085069444445	5.70871018159673	5.62872253131996e-08	7.87130917895297e-07	7.81460565202716	ITGA5
ENSG00000076344	1.28746527777778	3.47623680555555	5.70791192468048	5.65056962199367e-08	7.8961839286653e-07	7.81086015278596	RGS11
ENSG00000173917	1.21813888888889	3.89034166666667	5.70719603161313	5.67023308536252e-08	7.91797372408268e-07	7.80750140178981	HOXB2
ENSG00000105722	1.30872222222223	5.54243333333333	5.70299666102336	5.78693265088327e-08	8.06934866845744e-07	7.78780474744028	ERF
ENSG00000169071	1.13452916666667	2.35792708333333	5.70219409382835	5.80950173458034e-08	8.08922174238059e-07	7.78404147163554	ROR2
ENSG00000166947	1.94019861111111	-1.98660625	5.70063426245783	5.853612511171e-08	8.14481191468515e-07	7.77672833191856	EPB42
ENSG00000139329	1.65290000000003	9.13918611111111	5.69921500848204	5.89403245320794e-08	8.195190799128e-07	7.77007540683466	LUM
ENSG00000189129	1.5111263888889	5.39604236111111	5.69864220888976	5.91042284249355e-08	8.21211036658462e-07	7.76739064412001	PLAC9
ENSG00000118971	1.15036527777779	4.06015763888889	5.6911545570658	6.12882333603689e-08	8.49130139121008e-07	7.73231148716017	CCND2
ENSG00000125814	1.09187916666667	3.17796736111111	5.68602743869559	6.28290477726954e-08	8.69239429071459e-07	7.70830858091046	NAPB
ENSG00000151468	1.33505972222223	3.91001736111111	5.68448156737401	6.33010061369566e-08	8.751465326056e-07	7.70107425649202	CCDC3
ENSG00000173641	1.40168333333335	4.30549166666667	5.68359672738975	6.35727086508132e-08	8.78278642525296e-07	7.69693398405083	HSPB7
ENSG00000120217	1.37546527777779	4.15411875	5.67998134340495	6.46947641008168e-08	8.91334386979114e-07	7.68002153100586	CD274
ENSG00000134668	1.49780694444446	3.71989791666667	5.67996137287524	6.47010155467052e-08	8.91334386979114e-07	7.67992813007017	SPOCD1
ENSG00000205362	2.08683750000002	5.84549930555556	5.69135576216334	6.50730926523916e-08	8.94039567458895e-07	7.67980873088582	MT1A
ENSG00000186049	2.28566805555555	-2.92273402777778	5.68243616498887	6.5081226995774e-08	8.94039567458895e-07	7.67585624443808	KRT73
ENSG00000175104	1.08514166666667	2.80290138888889	5.67723989661236	6.55584784209748e-08	8.99960142727453e-07	7.66720195542743	TRAF6
ENSG00000188483	1.32251666666668	3.065875	5.67679926378116	6.56983512721868e-08	9.01244237620999e-07	7.66514184095705	IER5L
ENSG00000183386	1.2353138888889	4.50997916666667	5.67497748158981	6.62797555605271e-08	9.07939299410826e-07	7.65662547092666	FHL3
ENSG00000104312	1.22675555555557	3.85475972222222	5.6718143104986	6.73012278940265e-08	9.21283240671783e-07	7.64184268308058	RIPK2
ENSG00000163660	1.49573750000002	7.78303125	5.66771469793573	6.8648035623019e-08	9.38398867841859e-07	7.62269152520603	CCNL1
ENSG00000159164	1.06844861111111	0.827615972222223	5.66608083753634	6.91921072609869e-08	9.45171959579156e-07	7.61506153839414	SV2A
ENSG00000141503	1.37458333333336	6.58758055555555	5.66221892807138	7.04949326296929e-08	9.61618113262824e-07	7.5970324672341	MINK1
ENSG00000112210	1.13013472222223	2.59284236111111	5.66032208066974	7.11435940699257e-08	9.69786399333003e-07	7.58818010095495	RAB23
ENSG00000196839	1.17035416666668	3.31950347222222	5.6600535740516	7.12358851043129e-08	9.70364451715052e-07	7.58692716841718	ADA
ENSG00000103647	1.09972638888889	2.13747013888889	5.65900864711234	7.15961628383056e-08	9.74589614787069e-07	7.58205159524621	CORO2B
ENSG00000139083	1.16807916666668	3.85259652777778	5.65634474200303	7.25227248146304e-08	9.85134108305998e-07	7.56962461959638	ETV6
ENSG00000162891	2.99605277777777	-6.68668055555554	5.66753321707942	7.33895913033631e-08	9.96213768341255e-07	7.56405841084258	IL20
ENSG00000260230	1.73863888888888	-5.90519583333333	5.64883059727861	7.5199943267068e-08	1.02007621787378e-06	7.53459216476277	FRRS1L
ENSG00000186187	1.21882083333335	4.74769513888889	5.64747715470452	7.56923272846136e-08	1.02603982602112e-06	7.52828538334578	ZNRF1
ENSG00000074706	1.05390416666667	0.956310416666667	5.646265949752	7.61356369444901e-08	1.0313303689723e-06	7.5226422410676	IPCEF1
ENSG00000163520	1.42863611111112	4.32108055555556	5.64460813904697	7.67465251209022e-08	1.03888198096854e-06	7.51491959697687	FBLN2
ENSG00000085224	1.18235833333334	4.11293333333333	5.64236812700315	7.75795673941434e-08	1.04797065621589e-06	7.50448722227727	ATRX
ENSG00000137507	1.52137083333335	6.96778263888889	5.64075183047032	7.81861394859439e-08	1.05543149568396e-06	7.49696135431745	LRRC32
ENSG00000131188	1.39305	0.609804166666667	5.63775608215388	7.93226852077878e-08	1.07003111835082e-06	7.48301616361283	PRR7
ENSG00000162490	1.35969722222221	-4.17991527777778	5.63333640822942	8.102899780306e-08	1.09229110551984e-06	7.46245148189338	DRAXIN
ENSG00000124212	1.3406638888889	3.68425	5.63319052668069	8.10859260723527e-08	1.0923015470633e-06	7.46177287750397	PTGIS
ENSG00000180875	1.17894722222222	-0.470852777777778	5.63272671778881	8.12671810276788e-08	1.09398560923904e-06	7.45961543146337	GREM2
ENSG00000257446	1.04553333333333	-1.55370972222222	5.62801066288237	8.31328362774635e-08	1.11447273002703e-06	7.43768492884379	ZNF878
ENSG00000090975	1.22768194444445	4.36330763888889	5.62708774029033	8.35028091719764e-08	1.11866160056011e-06	7.43339458460921	PITPNM2
ENSG00000164938	1.28609166666667	4.40607638888889	5.6217345164814	8.56807193817326e-08	1.14547172055908e-06	7.40851844028551	TP53INP1
ENSG00000069849	1.50654027777779	7.65701597222223	5.61490827572915	8.85385985212126e-08	1.18286594672708e-06	7.37681985518395	ATP1B3
ENSG00000146281	1.02420416666667	2.18181597222222	5.61474807870385	8.86067735149406e-08	1.18296428168334e-06	7.37607626269733	PM20D2
ENSG00000135925	1.66811527777778	-1.86511180555556	5.61439164115053	8.87586466755006e-08	1.18417914618096e-06	7.37442182336354	WNT10A
ENSG00000145536	2.53764027777778	-3.87701458333333	5.61993023616978	8.94725252966689e-08	1.19206819319918e-06	7.369839312857	ADAMTS16
ENSG00000175820	1.48199027777779	-6.29346180555555	5.61249517048278	8.95709952964114e-08	1.19256331314565e-06	7.36562033431637	CCDC168
ENSG00000160469	1.10836388888889	1.03847083333333	5.61144190767621	9.00252920270097e-08	1.19779205233201e-06	7.36073300472944	BRSK1
ENSG00000175182	1.18078611111112	4.22417083333333	5.60358667191921	9.34852071284248e-08	1.24212721930473e-06	7.32430235586467	FAM131A
ENSG00000135426	1.08008055555556	1.43255555555556	5.60316675260563	9.36737795524533e-08	1.24378318078793e-06	7.32235582075853	TESPA1
ENSG00000266964	1.44532916666668	6.09108402777778	5.59867464259566	9.57144481124887e-08	1.27001189951168e-06	7.30153867462422	FXYD1
ENSG00000144596	1.52806527777778	-1.49624375	5.59668427621346	9.66324589564739e-08	1.28131874002817e-06	7.29231852511004	GRIP2
ENSG00000124177	1.09136944444445	3.16558888888889	5.59565067704175	9.71125717312698e-08	1.28680772841734e-06	7.28753134630531	CHD6
ENSG00000243156	1.12598472222223	2.93556736111111	5.59369850878758	9.80257329275477e-08	1.29800229790551e-06	7.27849135026158	MICAL3
ENSG00000196267	1.09700833333334	3.08067083333333	5.59334426937484	9.81923318031067e-08	1.29846175270838e-06	7.27685118067373	ZNF836
ENSG00000162924	1.09571944444445	2.17968333333333	5.58654053104717	1.01446355603315e-07	1.33876153948147e-06	7.24536240090079	REL
ENSG00000153933	1.07686250000001	2.19842291666667	5.58528834332722	1.02056615613203e-07	1.34590188942918e-06	7.23956983786775	DGKE
ENSG00000187607	1.00563055555556	2.19368611111111	5.58497285436049	1.02210935651206e-07	1.34702379423257e-06	7.23811053577476	ZNF286A
ENSG00000154928	1.302275	-0.952380555555555	5.58060250632591	1.04372274548972e-07	1.3717901922477e-06	7.21790099119117	EPHB1
ENSG00000069493	1.21826805555557	3.76192013888889	5.57555489610975	1.0692415806504e-07	1.40343368601968e-06	7.19457265305338	CLEC2D
ENSG00000130508	1.22254027777779	4.85117430555556	5.57452906139163	1.0745018611813e-07	1.40870382164353e-06	7.18983330280964	PXDN
ENSG00000177791	1.21185277777778	1.71977916666667	5.57448951417845	1.07470515696021e-07	1.40870382164353e-06	7.18965060648429	MYOZ1
ENSG00000100226	1.23931527777779	5.31122986111111	5.57270638744302	1.08391062292506e-07	1.41981343011032e-06	7.18141398506952	GTPBP1
ENSG00000269226	1.06196666666667	-0.45435	5.57189109499699	1.08814522736703e-07	1.4244011415036e-06	7.1776485666944	TMSB15C
ENSG00000122756	1.37751527777778	1.41717708333333	5.5703854030913	1.09600827875397e-07	1.43372918885825e-06	7.170695506386	CNTFR
ENSG00000189184	1.09970694444445	2.02249097222222	5.57023868065208	1.09677745713622e-07	1.43377117582081e-06	7.17001803066857	PCDH18
ENSG00000134954	1.29945694444446	5.98772013888889	5.56840343143674	1.10644324780881e-07	1.44543546382653e-06	7.16154495616426	ETS1
ENSG00000164430	1.10063194444445	1.39397013888889	5.56797864008805	1.10869234942707e-07	1.44740158262117e-06	7.15958402105898	CGAS
ENSG00000120278	1.14455416666668	3.06775625	5.56557577075139	1.12149893362934e-07	1.46313864902468e-06	7.14849368807805	PLEKHG1
ENSG00000101384	1.27073055555557	5.14545972222222	5.56322098498672	1.13418941820954e-07	1.47771283074427e-06	7.13762836314496	JAG1
ENSG00000213085	1.56926250000001	2.51371319444444	5.56838940009726	1.13754380557433e-07	1.48109117175581e-06	7.13734079303032	CFAP45
ENSG00000134532	1.00160555555556	0.724616666666667	5.55982863212512	1.15271855741492e-07	1.49884233815742e-06	7.12198091626616	SOX5
ENSG00000253304	1.13372777777779	3.03260694444444	5.55462411188726	1.18172207589449e-07	1.535528244509e-06	7.09798704965418	TMEM200B
ENSG00000000971	1.33081111111113	6.04457222222223	5.55421279230131	1.18404441814117e-07	1.53751882654754e-06	7.09609142151004	CFH
ENSG00000259207	1.21060000000001	2.34066111111111	5.55402326427999	1.18511600795356e-07	1.53788369491078e-06	7.09521798452067	ITGB3
ENSG00000131323	1.06010972222223	2.81792569444444	5.55204383443121	1.19636445749791e-07	1.55144542848329e-06	7.08609699589376	TRAF3
ENSG00000204010	2.59062777777777	-5.22693055555555	5.55797459038476	1.21077542104784e-07	1.56908750767638e-06	7.07828541451626	IFIT1B
ENSG00000124466	1.08399027777778	0.646528472222222	5.54916332761536	1.21291996240355e-07	1.57082018033781e-06	7.0728278072696	LYPD3
ENSG00000213760	1.00893611111111	0.466180555555555	5.54759782115498	1.22201124599568e-07	1.58090448509864e-06	7.06561814930925	ATP6V1G2
ENSG00000008056	1.1569875	0.314939583333333	5.54754278349298	1.22233207155478e-07	1.58090448509864e-06	7.0653647078885	SYN1
ENSG00000186479	1.20650277777778	-0.971479166666666	5.54174656385535	1.25658402239992e-07	1.61981924477954e-06	7.03868322021896	RGS7BP
ENSG00000185046	1.06039722222222	-0.323163888888889	5.5400865314806	1.26656525892935e-07	1.62944625771784e-06	7.03104508457154	ANKS1B
ENSG00000074047	1.04993194444445	0.903636805555555	5.53943210988947	1.27052132923269e-07	1.63288770663562e-06	7.02803438074835	GLI2
ENSG00000198286	1.11709583333334	1.96533125	5.53815229944244	1.2782928746748e-07	1.64127742562205e-06	7.02214722434625	CARD11
ENSG00000112139	1.25906666666667	1.77874305555556	5.53766887315923	1.2812405071839e-07	1.6439769357349e-06	7.01992368847398	MDGA1
ENSG00000164164	1.11126250000001	3.95555902777778	5.53737121840897	1.28305872168963e-07	1.645224670686e-06	7.01855467948559	OTUD4
ENSG00000136274	1.05325972222223	1.31324930555556	5.53623036490469	1.29005095882829e-07	1.65201259059434e-06	7.01330798489645	NACAD
ENSG00000184613	1.40204583333334	0.792864583333333	5.53503864767143	1.29739467954003e-07	1.66032377015872e-06	7.0078281411887	NELL2
ENSG00000105499	1.05109583333334	4.44511180555555	5.53200774809852	1.31625646254692e-07	1.68224840403828e-06	6.99389477356905	PLA2G4C
ENSG00000116141	1.0304125	1.46435625	5.52843481737315	1.33883550697819e-07	1.70886012347374e-06	6.97747616563808	MARK1
ENSG00000178764	1.09948194444445	3.71288402777778	5.52814012856099	1.34071458139149e-07	1.71013639588375e-06	6.97612230459033	ZHX2
ENSG00000144354	1.19064722222222	-0.0559930555555555	5.52780237678376	1.34287141339465e-07	1.71176505461027e-06	6.97457066262296	CDCA7
ENSG00000101871	1.05525555555556	2.84945694444444	5.52703159947251	1.34780617960569e-07	1.71580666267603e-06	6.97102992498229	MID1
ENSG00000164099	1.32782222222223	1.71559722222222	5.52623313197194	1.35293690272571e-07	1.72121181372272e-06	6.96736233363836	PRSS12
ENSG00000110172	1.20981944444446	4.12568194444444	5.52431166646633	1.36536199567123e-07	1.73588376077103e-06	6.95853793803114	CHORDC1
ENSG00000197121	1.07473611111112	2.38606805555556	5.52103651953623	1.38679795447823e-07	1.76198522602943e-06	6.9435014359608	PGAP1
ENSG00000169908	1.48769305555558	7.57594513888889	5.52035853253052	1.39127628813297e-07	1.76652130266074e-06	6.94038947881459	TM4SF1
ENSG00000168079	1.70038333333334	3.59230555555556	5.52734300608563	1.40140560027416e-07	1.77706269468925e-06	6.93719385815375	SCARA5
ENSG00000175718	1.7475097222222	-8.63370624999997	5.51534639790547	1.42482409593701e-07	1.80558164913138e-06	6.9173917245858	RBMXL3
ENSG00000152217	1.03640833333334	2.496	5.51477112156379	1.42872477307774e-07	1.80934598215548e-06	6.91475301094225	SETBP1
ENSG00000275832	1.25707222222224	4.80113333333333	5.51364576018769	1.43638549193183e-07	1.81786405914495e-06	6.90959166468567	ARHGAP23
ENSG00000167971	1.71572222222222	-4.70311388888889	5.51215982129432	1.4465622580806e-07	1.8295532538481e-06	6.90277764805372	CASKIN1
ENSG00000083799	1.14232361111112	4.34653263888889	5.51176376134239	1.44928662069554e-07	1.83061839907596e-06	6.90096165742646	CYLD
ENSG00000164708	1.84009027777778	-0.568979861111111	5.51372750646456	1.48067083882236e-07	1.8690466681877e-06	6.8831895705597	PGAM2
ENSG00000177464	1.3600388888889	4.607075	5.50313271266934	1.50991647604978e-07	1.90226005777981e-06	6.8614087663114	GPR4
ENSG00000091513	1.04076805555556	0.503745138888889	5.50081409437089	1.52662146829303e-07	1.92206089328388e-06	6.85079047030517	TF
ENSG00000115474	2.14061944444444	-3.87034444444444	5.50024882047413	1.53072138739834e-07	1.92597622429965e-06	6.84820220813704	KCNJ13
ENSG00000147206	1.34405416666667	3.31924513888889	5.49704772536544	1.55414246929267e-07	1.95291856025071e-06	6.83354847478557	NXF3
ENSG00000165300	1.17313333333333	-4.5312875	5.49414132890689	1.57571016216652e-07	1.97746542415891e-06	6.82024874292339	SLITRK5
ENSG00000169756	1.25260277777778	5.1354625	5.49397249556574	1.57697197568072e-07	1.97777297684987e-06	6.81947630288164	LIMS1
ENSG00000145632	1.34786111111113	5.38526111111111	5.49255055633867	1.58763836927045e-07	1.98986736849541e-06	6.81297133077924	PLK2
ENSG00000087303	1.16836805555557	3.55840763888889	5.49191216921107	1.59244998181679e-07	1.9946128168899e-06	6.81005125646112	NID2
ENSG00000164929	1.18205277777779	2.5474	5.4900235945103	1.60676793869684e-07	2.00995819572547e-06	6.80141397777114	BAALC
ENSG00000184786	1.07563333333334	1.15161805555556	5.48275460674282	1.66305879538085e-07	2.07770197095365e-06	6.76818832059899	DYNLT2
ENSG00000187627	1.80730277777778	1.02008611111111	5.49430014219529	1.66784776528461e-07	2.082347543666e-06	6.7708907608184	RGPD1
ENSG00000116031	2.12330138888889	-2.62345902777778	5.48387545508529	1.673834039025e-07	2.08848106010996e-06	6.763079082435	CD207
ENSG00000130643	1.81268888888889	-1.5512875	5.47937590735322	1.68987433945403e-07	2.10610373688863e-06	6.75275476144495	CALY
ENSG00000154269	1.09333194444444	-1.10554513888889	5.47797515079122	1.70111499854493e-07	2.11708822467664e-06	6.74635812072605	ENPP3
ENSG00000088881	1.15603472222223	3.97473402777777	5.47415500357901	1.73214279168435e-07	2.15294834401559e-06	6.72891877176499	EBF4
ENSG00000187848	1.76114305555556	1.41388958333333	5.48094685278639	1.77370368714743e-07	2.20179222223305e-06	6.71137987328868	P2RX2
ENSG00000164591	1.09955833333333	-0.439334722222222	5.46732175013074	1.78902693533593e-07	2.2179829156249e-06	6.69774470690274	MYOZ3
ENSG00000071991	1.03241111111111	-0.0147194444444445	5.46154534954328	1.83853193463266e-07	2.27500783667141e-06	6.67141256902547	CDH19
ENSG00000120063	1.16949583333334	4.63472986111111	5.458417357082	1.86589492820679e-07	2.30593317302913e-06	6.65716121731334	GNA13
ENSG00000053328	1.0633375	-0.133049305555556	5.45773041901792	1.87195712420678e-07	2.31048921193339e-06	6.65403221653182	METTL24
ENSG00000151790	1.80754583333334	0.77551875	5.46840251718465	1.88089385271933e-07	2.32004738256794e-06	6.65473309890804	TDO2
ENSG00000175879	1.29628194444444	-0.637447916666666	5.45567190566688	1.89023873939225e-07	2.33009657532687e-06	6.64465728439318	HOXD8
ENSG00000074181	1.25495833333334	5.22304861111111	5.45263207254244	1.91755445647953e-07	2.35779199035651e-06	6.63081756325629	NOTCH3
ENSG00000113532	1.05110416666667	2.11019236111111	5.45197288972456	1.92352844994158e-07	2.36364342440074e-06	6.62781712896537	ST8SIA4
ENSG00000164916	1.05678055555557	3.20429305555555	5.4479328924294	1.96054058758895e-07	2.40760325188006e-06	6.60943342591058	FOXK1
ENSG00000105287	1.26382638888889	5.67791875	5.44495835781352	1.98823486218132e-07	2.43853370360347e-06	6.59590391112841	PRKD2
ENSG00000108381	1.1006125	1.28806180555556	5.44287530947192	2.00785587974387e-07	2.4594970133991e-06	6.58643224610373	ASPA
ENSG00000134242	1.08400138888889	2.60465486111111	5.4404469621293	2.03096798096256e-07	2.48467856387948e-06	6.57539359042827	PTPN22
ENSG00000163874	1.49263333333334	5.31242916666667	5.43605427571139	2.07343718023283e-07	2.53344849433976e-06	6.55543400362359	ZC3H12A
ENSG00000124225	1.18878333333334	4.05073333333333	5.43402752923044	2.09332303645829e-07	2.55614059668466e-06	6.54622850333522	PMEPA1
ENSG00000234719	1.19937083333334	3.25912152777778	5.43182358395192	2.11515872100216e-07	2.57956535679837e-06	6.53622080037867	NPIPB2
ENSG00000117643	1.14324166666668	3.99597361111111	5.42840338872562	2.14948516194464e-07	2.61814560865042e-06	6.52069577460847	MAN1C1
ENSG00000154165	2.93513888888889	-1.49554444444444	5.44541959571078	2.17204101132201e-07	2.64231030345439e-06	6.51939601905657	GPR15
ENSG00000129009	1.26850972222224	4.87799375	5.42587456743946	2.1752143011631e-07	2.64451678663904e-06	6.50922115051125	ISLR
ENSG00000164543	1.16953750000001	4.22937013888889	5.4243147334227	2.19123417784326e-07	2.66066711781568e-06	6.50214514928801	STK17A
ENSG00000111300	1.05794444444445	3.10456527777778	5.42395656942364	2.19492882655486e-07	2.66349067586682e-06	6.50052057553429	NAA25
ENSG00000143772	1.19211666666668	4.29660416666667	5.42245189697183	2.21051681544973e-07	2.68073398342445e-06	6.49369641963622	ITPKB
ENSG00000173702	1.74677638888888	-2.46350902777778	5.42124858918553	2.22306041988961e-07	2.69410361308798e-06	6.48823996922164	MUC13
ENSG00000118402	1.14083472222222	-2.04040763888889	5.42055523974112	2.23031958535899e-07	2.69949938244901e-06	6.48509631934553	ELOVL4
ENSG00000163536	1.07651805555556	1.93095763888889	5.42030649307318	2.23292952208537e-07	2.69949938244901e-06	6.48396856712721	SERPINI1
ENSG00000203867	1.47258472222222	-0.417892361111111	5.41349139603775	2.30560632266355e-07	2.78044973270002e-06	6.45308435632897	RBM20
ENSG00000162613	1.27162083333335	6.48336597222222	5.41071610975347	2.33585886837521e-07	2.81344437818171e-06	6.44051504943676	FUBP1
ENSG00000118271	2.55936944444444	-2.67700833333333	5.42264474919704	2.34095450398179e-07	2.81783706754045e-06	6.44409058347449	TTR
ENSG00000204397	1.29164444444446	5.85336388888889	5.4082638311618	2.36291237470443e-07	2.84250906077616e-06	6.42941228979677	CARD16
ENSG00000109846	1.51475000000002	7.40018333333333	5.40477134136521	2.40196972648282e-07	2.88592434339369e-06	6.41360584585291	CRYAB
ENSG00000171189	1.50668749999999	-4.15438680555556	5.40081751031904	2.4469465393621e-07	2.93633584723452e-06	6.39571981948163	GRIK1
ENSG00000058668	1.23426666666668	5.84157916666667	5.39857876208797	2.47277655660093e-07	2.96185034353457e-06	6.38559629390066	ATP2B4
ENSG00000164877	1.2954902777778	5.76232430555556	5.3979764228578	2.47977144680061e-07	2.96840087281018e-06	6.38287302843357	MICALL2
ENSG00000130595	1.25859583333334	1.86805486111111	5.39706176212944	2.49043020406923e-07	2.97932646553227e-06	6.37873810608663	TNNT3
ENSG00000117600	1.33120833333333	-0.647988888888889	5.39590425716473	2.50398295104998e-07	2.99369860871691e-06	6.37350603690579	PLPPR4
ENSG00000166086	1.1911138888889	5.04064444444444	5.39396989699165	2.52679228147367e-07	3.01725988086101e-06	6.36476418784449	JAM3
ENSG00000213420	1.08483472222222	-0.18118125	5.39051883890074	2.56799027732274e-07	3.06457342788232e-06	6.34917330615578	GPC2
ENSG00000153157	1.19484166666667	1.27303194444444	5.38996399057945	2.57467477772898e-07	3.07056902266009e-06	6.34666729588252	SYCP2L
ENSG00000153707	1.10143333333334	2.58412777777778	5.38983995402604	2.57617141938169e-07	3.07056902266009e-06	6.34610710035302	PTPRD
ENSG00000151322	1.13174444444444	-2.49174166666667	5.38872264118351	2.58969136462376e-07	3.08290553394501e-06	6.3410612928	NPAS3
ENSG00000114861	1.12069027777779	4.50949097222222	5.38817726102061	2.59631579511481e-07	3.08890121385769e-06	6.33859860361617	FOXP1
ENSG00000176907	1.45532777777779	6.86403194444444	5.38672728573794	2.61400831389604e-07	3.10732096863156e-06	6.33205199931112	TCIM
ENSG00000080845	1.24504027777779	6.11416597222222	5.38664686626596	2.61499302161725e-07	3.10732096863156e-06	6.3316889424156	DLGAP4
ENSG00000205795	1.34788611111111	0.730633333333333	5.38431974078522	2.6436450511324e-07	3.13944954423855e-06	6.32118464175734	CYS1
ENSG00000140470	1.03176666666667	0.968915277777778	5.38299263853912	2.66012142747575e-07	3.15708859104688e-06	6.31519568320116	ADAMTS17
ENSG00000146278	1.33479444444446	7.07531944444445	5.38194919016895	2.67314643329842e-07	3.17061246466591e-06	6.31048750695317	PNRC1
ENSG00000112208	1.03017638888889	2.17183125	5.38159381089854	2.6775966910845e-07	3.17395556581205e-06	6.30888413099629	BAG2
ENSG00000165194	1.32361944444444	-3.29755555555556	5.38095388592532	2.68562841322449e-07	3.18153738696972e-06	6.30599714315386	PCDH19
ENSG00000197217	1.19131527777779	5.16743819444444	5.37964324117996	2.70215176291697e-07	3.19916348705179e-06	6.30008496903726	ENTPD4
ENSG00000144031	1.07185694444445	0.653271527777778	5.3743478347154	2.76992634175799e-07	3.27342692587342e-06	6.27620797682406	ANKRD53
ENSG00000173258	1.14344583333333	-0.0340368055555555	5.36969217451066	2.83088003725143e-07	3.33676429642071e-06	6.25522885922131	ZNF483
ENSG00000105808	1.35614027777779	5.04378819444445	5.36960011362713	2.83209842349917e-07	3.33676429642071e-06	6.25481414395442	RASA4
ENSG00000257704	1.18643055555556	4.46612361111111	5.36721831096531	2.86379888669005e-07	3.37003121257682e-06	6.24408630308353	INAFM1
ENSG00000198759	1.28749027777779	4.34858125	5.36656275197438	2.87258455223193e-07	3.37832616142778e-06	6.24113418049507	EGFL6
ENSG00000166478	1.08729166666667	3.94632083333333	5.36597650893951	2.88046351310735e-07	3.38554539317004e-06	6.23849441118429	ZNF143
ENSG00000164038	1.0722263888889	2.10110902777778	5.36480163652014	2.89631698050445e-07	3.4021230618824e-06	6.23320472035916	SLC9B2
ENSG00000154654	1.05638333333334	1.47036944444444	5.36348648522159	2.91416425739431e-07	3.42102131169789e-06	6.22728438349073	NCAM2
ENSG00000164070	1.09798055555556	0.259326388888889	5.36316734413132	2.9185113053201e-07	3.42405801635021e-06	6.225847874983	HSPA4L
ENSG00000153975	1.07720694444445	3.34741736111111	5.36274960684888	2.92421089468249e-07	3.42661146526288e-06	6.22396765648703	ZUP1
ENSG00000109184	1.0761263888889	4.11121180555555	5.36238493765235	2.92919529567456e-07	3.43038572495253e-06	6.22232637713396	DCUN1D4
ENSG00000133026	1.33477083333335	5.97379930555556	5.35853945785161	2.98226317686768e-07	3.49043220917149e-06	6.20502353816197	MYH10
ENSG00000095777	1.74593194444444	-3.98799236111111	5.35644410159127	3.01157253134418e-07	3.51838491770012e-06	6.19559900042125	MYO3A
ENSG00000144339	1.76679861111111	-3.97522986111111	5.35270328191425	3.06459793614939e-07	3.57603833557156e-06	6.17877973426606	TMEFF2
ENSG00000120694	1.52506944444446	5.33452361111111	5.3523956731237	3.06899850612201e-07	3.57902631541278e-06	6.17739703856684	HSPH1
ENSG00000079102	1.02500694444445	2.04650486111111	5.3441922718735	3.18865332817557e-07	3.71633819890181e-06	6.14054298736523	RUNX1T1
ENSG00000197457	1.19191666666668	4.26415972222223	5.34164325514824	3.2267506580093e-07	3.75848825147287e-06	6.1290993349244	STMN3
ENSG00000106633	1.12558333333333	-1.21125833333333	5.34036692304227	3.2459929085892e-07	3.77637883121274e-06	6.12337072767773	GCK
ENSG00000196747	3.65646111111111	-3.80051388888889	5.35915342503212	3.24855083623311e-07	3.77709568836859e-06	6.13142292649981	H2AC13
ENSG00000157764	1.06188333333334	3.8458375	5.33848858933927	3.27451462456255e-07	3.8050094669648e-06	6.11494184275598	BRAF
ENSG00000226979	1.08291111111111	-1.26189027777778	5.33709343282744	3.29585744303281e-07	3.82752352130593e-06	6.10868249670762	LTA
ENSG00000128016	1.67961805555558	9.71367013888889	5.33413337797585	3.34158970884454e-07	3.87600495029481e-06	6.09540597885226	ZFP36
ENSG00000144619	1.00775277777778	1.31824305555555	5.33198609814017	3.37515120896126e-07	3.91260079360634e-06	6.08577810576649	CNTN4
ENSG00000183735	1.10111805555557	4.22315763888889	5.32977769240479	3.41001071071545e-07	3.95055501039181e-06	6.07587893607452	TBK1
ENSG00000117000	1.02036944444445	2.92195138888889	5.329655246536	3.41195374123907e-07	3.95055501039181e-06	6.07533015538292	RLF
ENSG00000173276	1.02976111111112	2.36712638888889	5.328780532588	3.42586554673877e-07	3.96430318948022e-06	6.07141009435744	ZBTB21
ENSG00000206579	1.73058055555555	-5.54507361111111	5.3251743545552	3.48380569653033e-07	4.02416795777364e-06	6.05525355053924	XKR4
ENSG00000135406	1.5216375	-0.0520173611111111	5.32215246844984	3.5330925234618e-07	4.07867749355364e-06	6.04172056472563	PRPH
ENSG00000135424	1.29543472222223	4.79843541666667	5.31902438564704	3.58482699611501e-07	4.1334946489881e-06	6.02771756032584	ITGA7
ENSG00000092009	3.03038472222222	-2.73848263888889	5.33570475551121	3.58940505741918e-07	4.13482553353148e-06	6.03441131066113	CMA1
ENSG00000176076	1.27543888888889	-1.68367222222222	5.31870008625293	3.59023253451299e-07	4.13482553353148e-06	6.02626614339255	KCNE5
ENSG00000092096	1.1257763888889	3.96155486111111	5.3156282304952	3.64183084639289e-07	4.18681404397367e-06	6.01252093126874	SLC22A17
ENSG00000113070	1.39160972222223	5.29693541666667	5.3146864171859	3.65779481967561e-07	4.20268309700709e-06	6.00830782300102	HBEGF
ENSG00000163637	1.05975277777778	3.28610833333333	5.31105446838532	3.71999821348122e-07	4.27162958964797e-06	5.99206547410098	PRICKLE2
ENSG00000100342	1.2350888888889	5.73712083333333	5.30829459688071	3.76795377766732e-07	4.32414376891945e-06	5.97972823451185	APOL1
ENSG00000095739	1.09043750000001	3.52406736111111	5.3069394469393	3.79172084729855e-07	4.34117445095064e-06	5.97367203023207	BAMBI
ENSG00000164327	1.0742263888889	3.54307013888889	5.3061300290589	3.80598629628139e-07	4.35494384913327e-06	5.97005522665498	RICTOR
ENSG00000144283	1.1639138888889	5.01343194444445	5.30574952443517	3.81271049179533e-07	4.3568358075543e-06	5.96835511084584	PKP4
ENSG00000114698	1.16377916666668	4.82066180555556	5.30186348985611	3.88204977463789e-07	4.42376287148542e-06	5.95099690533887	PLSCR4
ENSG00000087903	1.22916111111112	3.73614722222222	5.30085828409223	3.90018492380156e-07	4.44182653031546e-06	5.94650826287753	RFX2
ENSG00000204381	1.06095416666667	3.46009236111111	5.30021059185908	3.91191378540254e-07	4.45257735246637e-06	5.94361637114576	LAYN
ENSG00000049249	1.21974583333333	-1.78533958333333	5.29881807521925	3.93724692288131e-07	4.47830718354803e-06	5.93739972613399	TNFRSF9
ENSG00000163565	1.27731666666668	6.78337361111111	5.29871525496559	3.93912378729728e-07	4.47830718354803e-06	5.93694074792138	IFI16
ENSG00000167281	1.11177083333333	-1.17462430555556	5.29740977950649	3.96302964876281e-07	4.50285354718074e-06	5.9311137845863	RBFOX3
ENSG00000167657	1.3004388888889	6.22808888888889	5.29225572442927	4.058798802668e-07	4.60091808330407e-06	5.9081184450262	DAPK3
ENSG00000204065	1.89855138888888	-2.49887152777778	5.29189662757673	4.06555466715321e-07	4.60589221814003e-06	5.90651687394532	TCEAL5
ENSG00000174332	1.28506805555555	-2.70959097222222	5.28574892860927	4.18292780436765e-07	4.73225788280366e-06	5.87910979818809	GLIS1
ENSG00000132854	1.33029444444445	0.0783791666666667	5.28485211862157	4.20032343926427e-07	4.74718259046243e-06	5.87511356709662	KANK4
ENSG00000080224	1.87976944444444	-3.75130694444444	5.28461614354079	4.20491240148405e-07	4.74718259046243e-06	5.87406212799319	EPHA6
ENSG00000107165	1.28537777777778	1.13939444444444	5.28426175722175	4.21181325992038e-07	4.75221528607721e-06	5.8724831424382	TYRP1
ENSG00000181826	1.01801250000001	2.58470069444444	5.28121278236753	4.27164254773802e-07	4.8085642846412e-06	5.8589013112739	RELL1
ENSG00000148516	1.09048194444446	4.13848263888889	5.27968113503292	4.30200925733723e-07	4.8399470256636e-06	5.85208054756442	ZEB1
ENSG00000110811	1.14965972222223	3.92037152777778	5.27715914355018	4.35246943178085e-07	4.89369840905642e-06	5.84085254562003	P3H3
ENSG00000119231	1.03111944444445	3.6230375	5.27671087717583	4.36149851280349e-07	4.89837581241648e-06	5.83885723528859	SENP5
ENSG00000167941	2.75579722222222	-5.07435416666666	5.28522987391093	4.43375848896582e-07	4.97092046843591e-06	5.82874346973253	SOST
ENSG00000084636	1.23331250000001	5.52742013888889	5.27277228431037	4.4416188102871e-07	4.97686457936087e-06	5.8213309297141	COL16A1
ENSG00000114127	1.05649027777778	3.32653680555555	5.27264515776791	4.44422860142902e-07	4.97692197783519e-06	5.82076538153422	XRN1
ENSG00000109670	1.05336111111112	3.99720972222222	5.26892806447494	4.52120081828523e-07	5.06020703781843e-06	5.80423331485068	FBXW7
ENSG00000176083	1.78764166666667	-1.35693611111111	5.27059614094321	4.52456422714681e-07	5.06105942187808e-06	5.80438458797362	ZNF683
ENSG00000139220	1.11544027777778	-0.187504861111111	5.26802507011792	4.54009481693377e-07	5.07259760936218e-06	5.80021839555047	PPFIA2
ENSG00000105122	1.19271250000001	4.29412708333333	5.26638667326963	4.57457269042733e-07	5.1081853027665e-06	5.79293492641953	RASAL3
ENSG00000135205	1.26197777777779	2.87725277777778	5.26524288995371	4.5987930824054e-07	5.13228474119047e-06	5.78785118536997	CCDC146
ENSG00000049323	1.1786513888889	4.63385486111111	5.2618463570726	4.67145535387125e-07	5.20740111997154e-06	5.77275922568494	LTBP1
ENSG00000132530	1.32708055555557	5.56460277777778	5.25926264478281	4.72747640557731e-07	5.26381631604406e-06	5.76128343041598	XAF1
ENSG00000159958	1.13923333333333	-0.503015277777778	5.25796109261264	4.75594441030176e-07	5.29248459205891e-06	5.7555039483146	TNFRSF13C
ENSG00000140563	1.12324861111112	3.91128541666667	5.25582931602256	4.80293236864163e-07	5.33561624413576e-06	5.74604003800493	MCTP2
ENSG00000131203	1.56502222222223	3.49769722222222	5.26125382293111	4.8189122753965e-07	5.34421217679662e-06	5.74576270273768	IDO1
ENSG00000106538	1.44746527777779	8.47747013888889	5.25394251637214	4.8448974973156e-07	5.36996843975972e-06	5.73766591273177	RARRES2
ENSG00000182103	1.34776388888888	-4.21034305555556	5.25342879487035	4.85638510067103e-07	5.37963570491189e-06	5.7353862399045	FAM181B
ENSG00000099864	1.17105555555557	4.77378472222222	5.24943234154461	4.94666220089266e-07	5.47340575266007e-06	5.71765700427377	PALM
ENSG00000113905	2.64049305555555	-6.1843048611111	5.25766731177956	4.97956257064797e-07	5.50354835933206e-06	5.71587761960312	HRG
ENSG00000242866	1.12187361111111	-1.42749513888889	5.2472011330473	4.99777226553429e-07	5.51740443298371e-06	5.70776290082523	STRC
ENSG00000157557	1.37757777777779	7.24866388888889	5.24682708842843	5.00639064084554e-07	5.52378393339351e-06	5.70610451805808	ETS2
ENSG00000174175	1.14463194444446	4.00779236111111	5.24580693126128	5.02996973507198e-07	5.54665370105557e-06	5.70158191639584	SELP
ENSG00000128656	1.1371263888889	4.26848402777778	5.24558570695213	5.03509718379201e-07	5.54916206340635e-06	5.70060125658338	CHN1
ENSG00000141293	1.03511944444445	2.08831111111111	5.24462130452616	5.05750922922751e-07	5.57070608872783e-06	5.69632651664035	SKAP1
ENSG00000197608	1.02833333333334	3.32071944444445	5.24445096465469	5.06147788999561e-07	5.57192234952997e-06	5.69557153732392	ZNF841
ENSG00000205213	1.02093333333334	1.49473472222222	5.24419430495746	5.0674633985658e-07	5.57535622335418e-06	5.69443400401578	LGR4
ENSG00000129595	1.03869722222223	3.10543194444445	5.24351087886481	5.08343506573344e-07	5.58976703779801e-06	5.69140520168854	EPB41L4A
ENSG00000079385	1.27282777777779	2.95396388888889	5.24330216261394	5.088322526226e-07	5.59198021356769e-06	5.6904802693871	CEACAM1
ENSG00000092421	1.20716111111112	4.18093611111111	5.24078833498451	5.14754882896502e-07	5.64749688781881e-06	5.67934217887935	SEMA6A
ENSG00000066056	1.22572500000001	5.43486666666667	5.23742355348966	5.2278751559364e-07	5.72271398611564e-06	5.66443955847631	TIE1
ENSG00000063127	1.08877500000001	2.21986111111111	5.23635958831017	5.25352783665198e-07	5.74432959407275e-06	5.65972864196202	SLC6A16
ENSG00000082512	1.07396527777779	3.56954097222222	5.23523412029953	5.28079674538619e-07	5.77090215119394e-06	5.65474613469443	TRAF5
ENSG00000074219	1.1616763888889	5.11191597222222	5.23068340533058	5.39246756169191e-07	5.88962824312359e-06	5.6346074809092	TEAD2
ENSG00000037280	1.15349027777779	4.32395347222222	5.22785957333253	5.46291433929945e-07	5.96322164579421e-06	5.6221170795692	FLT4
ENSG00000183092	1.04121388888889	1.0594625	5.22746726060109	5.47277205581862e-07	5.9706316337512e-06	5.62038216996005	BEGAIN
ENSG00000225528	1.24182777777778	-0.521140277777778	5.22589880772352	5.51235614950897e-07	6.01044572983456e-06	5.61344696747736	TMA7B
ENSG00000164867	1.25082500000001	4.06919722222222	5.22536453641048	5.52590343951004e-07	6.01846997230399e-06	5.61108492003299	NOS3
ENSG00000104921	1.40627222222222	-0.916402777777778	5.22473796816477	5.54183235620141e-07	6.03046877554433e-06	5.60831503651412	FCER2
ENSG00000097007	1.13404444444446	5.13811666666667	5.22468737180595	5.54312058948862e-07	6.03046877554433e-06	5.60809137422523	ABL1
ENSG00000185650	1.3331513888889	7.63704097222222	5.22398495695452	5.56103490641987e-07	6.04657635548795e-06	5.60498649035118	ZFP36L1
ENSG00000110427	1.10893888888888	-3.82668333333334	5.22374571684913	5.56714931781055e-07	6.04683732162497e-06	5.60392904394499	KIAA1549L
ENSG00000108700	1.66819722222222	-0.0514833333333333	5.22969620984875	5.56749210519757e-07	6.04683732162497e-06	5.60672452933182	CCL8
ENSG00000126603	1.19340694444446	4.77917291666667	5.22219456685462	5.606952099669e-07	6.08290196557509e-06	5.59707374710616	GLIS2
ENSG00000076108	1.18889722222224	5.79051388888889	5.22126121496095	5.63103540818366e-07	6.10222288356482e-06	5.59294948913997	BAZ2A
ENSG00000089505	1.03710277777778	0.175025	5.21759831620264	5.72652597100277e-07	6.20224850712393e-06	5.57676898946709	CMTM1
ENSG00000134107	1.38655972222223	6.81215486111111	5.21706260381967	5.74062327084532e-07	6.21060088234055e-06	5.57440319633175	BHLHE40
ENSG00000139973	1.87677499999999	-6.85020138888888	5.21528336254359	5.78768690760011e-07	6.25456031814652e-06	5.56654699404803	SYT16
ENSG00000075618	1.22140694444445	4.58329097222222	5.21414926761493	5.81788118695611e-07	6.28021225575307e-06	5.56154039827751	FSCN1
ENSG00000168758	1.11325694444446	4.61448541666667	5.21320053165055	5.84325817218065e-07	6.3041074855939e-06	5.55735267564699	SEMA4C
ENSG00000198523	1.30715416666668	3.42582291666667	5.21240394082251	5.86464872177356e-07	6.32036221693678e-06	5.55383693304845	PLN
ENSG00000185022	1.30385277777779	5.62104027777778	5.21239746031788	5.8648230524218e-07	6.32036221693678e-06	5.55380833296985	MAFF
ENSG00000110841	1.18000416666668	5.37076458333333	5.20684884856286	6.01595072413237e-07	6.46531897711729e-06	5.52933004755953	PPFIBP1
ENSG00000072952	1.11895416666668	3.62021319444445	5.2060584671134	6.0377844130714e-07	6.48520057443759e-06	5.52584467927974	IRAG1
ENSG00000116679	1.29983194444446	6.51647708333334	5.19957788452531	6.21973765342516e-07	6.67326733780619e-06	5.49728102095555	IVNS1ABP
ENSG00000280987	1.07563333333334	2.50538472222222	5.19704844154704	6.29219432822783e-07	6.7472857812948e-06	5.48613906443132	
ENSG00000197766	1.49289861111113	8.06784375	5.19567900950738	6.33176416142305e-07	6.78597666490365e-06	5.48010842971748	CFD
ENSG00000100068	1.06950833333334	3.2045125	5.19471546104417	6.35975097387862e-07	6.8084686815568e-06	5.47586587126368	LRP5L
ENSG00000157654	1.21530555555556	1.57613888888889	5.19395940787813	6.38179521053936e-07	6.82455637357953e-06	5.47253731216463	PALM2AKAP2
ENSG00000184347	1.18575416666668	5.01594375	5.19149418871022	6.45419125855379e-07	6.89061077724415e-06	5.46168642773851	SLIT3
ENSG00000020633	1.09791111111112	3.01589027777778	5.19124052396399	6.46168581152085e-07	6.89104782926006e-06	5.460570104257	RUNX3
ENSG00000050628	1.02978472222222	-0.284124305555556	5.1901039637703	6.49536970241083e-07	6.92317432609838e-06	5.45556881882047	PTGER3
ENSG00000069667	1.10504444444445	3.30887916666667	5.18917746561523	6.52295439176536e-07	6.94876828196165e-06	5.45149245182303	RORA
ENSG00000273291	1.07874027777778	0.273315972222222	5.18900035863788	6.52824037043578e-07	6.95059286730798e-06	5.45071328217466	
ENSG00000182050	1.62137361111111	-3.64047152777778	5.18765025014493	6.56867325637741e-07	6.98981576493728e-06	5.44477418776117	MGAT4C
ENSG00000004478	1.31296944444446	4.99744444444444	5.18564106805906	6.62929544419131e-07	7.04661502625188e-06	5.43593785047212	FKBP4
ENSG00000147255	1.51044861111111	-3.35658680555556	5.18455607704475	6.66225839907117e-07	7.07778538387397e-06	5.43116708256098	IGSF1
ENSG00000188828	2.36852499999998	-7.12748749999999	5.18778382744128	6.67219427626225e-07	7.08299978084146e-06	5.43145120736973	GLRA4
ENSG00000147548	1.08390000000001	4.70525972222222	5.18415613341954	6.67444920742463e-07	7.08299978084146e-06	5.42940868401897	NSD3
ENSG00000167566	1.08208472222223	4.11056319444444	5.18185296422055	6.74507633235855e-07	7.15014849139174e-06	5.41928438508814	NCKAP5L
ENSG00000168077	1.13027083333334	3.50897708333333	5.17711337430293	6.89271181731652e-07	7.30267049403273e-06	5.39845997110111	SCARA3
ENSG00000164176	1.11776805555556	3.93858125	5.17523032395077	6.95223624306333e-07	7.36172560697158e-06	5.39019009486479	EDIL3
ENSG00000104213	1.24954583333334	1.68154097222222	5.16998686446283	7.12063243422918e-07	7.52774685383837e-06	5.36717329427578	PDGFRL
ENSG00000180957	1.10795694444446	5.01303125	5.1693914859383	7.14000229941075e-07	7.54412410256045e-06	5.36456084448155	PITPNB
ENSG00000163395	1.36273333333334	0.405073611111111	5.16897618397873	7.15354394329546e-07	7.55022988524054e-06	5.36273867431179	IGFN1
ENSG00000070495	1.1627513888889	5.32598263888889	5.16703212798206	7.21726617580979e-07	7.60922827381312e-06	5.35421034320696	JMJD6
ENSG00000173077	2.65654166666667	-5.06402777777777	5.17776773470156	7.22287354964341e-07	7.61101496682902e-06	5.35874756644756	DELEC1
ENSG00000102452	1.00265833333333	-0.8056625	5.16536330520541	7.27240695158458e-07	7.65491666786922e-06	5.34689122490623	NALCN
ENSG00000177380	1.12988472222223	2.82213402777778	5.16180426760971	7.39137595770782e-07	7.77593537746525e-06	5.33128756201792	PPFIA3
ENSG00000170667	1.27175694444446	3.91029930555556	5.15992442374399	7.45497585530822e-07	7.8386048831057e-06	5.32304893531288	RASA4B
ENSG00000149451	1.27800416666668	4.40248402777778	5.15923970331938	7.47827367808412e-07	7.85885357029132e-06	5.32004859587077	ADAM33
ENSG00000170091	1.31520555555555	-2.20543055555556	5.15889983045455	7.48986424042712e-07	7.86678397434062e-06	5.31855942938775	NSG2
ENSG00000173530	1.10755277777778	3.10875833333333	5.15754711673036	7.53616875307813e-07	7.91114703642071e-06	5.31263314469158	TNFRSF10D
ENSG00000138376	1.00459305555556	1.50681736111111	5.15611707146541	7.58542312477934e-07	7.95426687995729e-06	5.30636925753622	BARD1
ENSG00000100644	1.27408611111113	6.49888888888889	5.13788273593582	8.24157500696141e-07	8.5959848276361e-06	5.22660652391149	HIF1A
ENSG00000128585	1.04130833333334	3.95147083333333	5.13615101430702	8.30668525376721e-07	8.6592519590718e-06	5.21904179241829	MKLN1
ENSG00000244694	1.48645	-2.02532222222222	5.13499791378674	8.3503172884048e-07	8.69629699463887e-06	5.2140056674398	PTCHD4
ENSG00000143398	1.12097222222223	5.13291527777778	5.13497561435537	8.35116326649466e-07	8.69629699463887e-06	5.21390828334643	PIP5K1A
ENSG00000196562	1.11295416666668	4.28265902777778	5.13296817307438	8.42766236837733e-07	8.76657157164042e-06	5.20514278796913	SULF2
ENSG00000128422	1.8256888888889	2.09511666666667	5.1450908938471	8.46784152710576e-07	8.80365865233892e-06	5.20700084356863	KRT17
ENSG00000113758	1.13929166666668	4.72962916666667	5.13145497575189	8.4857768743781e-07	8.81759250856852e-06	5.19853700983492	DBN1
ENSG00000130226	1.512325	-0.995093055555555	5.12960510830585	8.55735069598126e-07	8.88721760481727e-06	5.19046338652874	DPP6
ENSG00000205363	1.16644583333334	1.90267986111111	5.12906000165499	8.57855332199104e-07	8.90448341618836e-06	5.188084697233	INSYN1
ENSG00000188803	1.73162916666666	-4.36194097222222	5.12766429173065	8.63307433851663e-07	8.95152249641927e-06	5.18199503325097	SHISA6
ENSG00000008128	1.28226944444446	6.453675	5.12634205100216	8.68503607462354e-07	9.00060318186345e-06	5.17622700558364	CDK11A
ENSG00000102786	1.0095263888889	3.49554513888889	5.12323991427796	8.80814094948491e-07	9.11012544472625e-06	5.16269864351032	INTS6
ENSG00000117519	1.31611388888891	7.77360694444444	5.12299891252137	8.81777553625557e-07	9.11388787094811e-06	5.16164788165572	CNN3
ENSG00000196358	1.05689166666667	1.45455972222222	5.12222840679095	8.84864702310254e-07	9.14093902779557e-06	5.15828872980873	NTNG2
ENSG00000140853	1.21391666666668	5.38787777777778	5.1219378222399	8.86031700103921e-07	9.14813621572265e-06	5.15702196944642	NLRC5
ENSG00000183091	1.09833333333334	1.26782638888889	5.12172181647758	8.86900156225714e-07	9.15224500737538e-06	5.1560803572222	NEB
ENSG00000180573	1.24712500000001	4.56994027777778	5.12130173037717	8.88591492303135e-07	9.16233568664616e-06	5.15424919852412	H2AC6
ENSG00000163635	1.04729861111112	3.59630625	5.12123056575222	8.8887832326302e-07	9.16233568664616e-06	5.15393900187558	ATXN7
ENSG00000171872	1.10946111111111	-1.27289722222222	5.12070097466129	8.91015683679486e-07	9.17524461563439e-06	5.15163068416134	KLF17
ENSG00000165029	1.08393472222223	3.42391458333333	5.11821688670511	9.01108000240063e-07	9.26935633033829e-06	5.14080559594758	ABCA1
ENSG00000183960	1.10872916666666	-3.42139930555556	5.10907224141543	9.39227118833387e-07	9.6359946811957e-06	5.10098736935336	KCNH8
ENSG00000155980	1.06548055555555	-1.99149861111111	5.10546862589897	9.54675285625704e-07	9.78349296337686e-06	5.08531012497112	KIF5A
ENSG00000118729	1.24867638888889	1.78919513888889	5.10536740616843	9.55112746116217e-07	9.78349296337686e-06	5.08486988976468	CASQ2
ENSG00000153246	1.00648611111111	1.67401805555555	5.10196701428438	9.6992261133243e-07	9.92996559770444e-06	5.07008415435312	PLA2R1
ENSG00000121749	1.14668333333334	5.32731944444445	5.10036221134853	9.76989367175792e-07	9.99179661950762e-06	5.06310850597854	TBC1D15
ENSG00000165495	1.07735000000001	3.28569027777778	5.08854654535965	1.03058253042206e-06	1.04957546501414e-05	5.01179694129693	PKNOX2
ENSG00000183260	3.79411805555555	-5.66250208333333	5.10516834474181	1.0325478113187e-06	1.05102668894669e-05	5.01836629437644	ABHD16B
ENSG00000198626	1.05446250000001	2.32046319444445	5.08636789549327	1.04077159510129e-06	1.0588435704974e-05	5.00234501146583	RYR2
ENSG00000122574	1.11104722222222	-0.9126625	5.08506053909562	1.04693273610382e-06	1.06455491807065e-05	4.99667451275057	WIPF3
ENSG00000011083	1.56571805555555	-3.52645763888889	5.08478295544378	1.04824545057018e-06	1.06533283722525e-05	4.99547066094972	SLC6A7
ENSG00000182674	2.03401527777777	-5.29754652777777	5.08109129397259	1.06585641390421e-06	1.08210015465891e-05	4.97946474833084	KCNB2
ENSG00000164066	1.02439305555556	2.24928958333333	5.07974961257256	1.0723278233317e-06	1.08810228583455e-05	4.97364967790142	INTU
ENSG00000135048	1.27008750000001	6.63869930555555	5.07824947672735	1.07960872469828e-06	1.09434856241954e-05	4.96714913350527	CEMIP2
ENSG00000188215	1.02207500000001	3.11844722222222	5.07489565133889	1.09606065768464e-06	1.10871408805416e-05	4.95262093229609	DCUN1D3
ENSG00000126778	1.67199861111111	-1.13923541666667	5.074947031149	1.1021635099061e-06	1.11430793111713e-05	4.94792375721327	SIX1
ENSG00000143995	1.17979444444446	5.32239444444444	5.07280981194877	1.10641516387657e-06	1.11802533858322e-05	4.94358887759628	MEIS1
ENSG00000154721	1.16140833333334	4.38831527777778	5.06831177751621	1.12906873874714e-06	1.13914134367787e-05	4.9241205924702	JAM2
ENSG00000139880	1.09207777777778	2.42261805555556	5.067810283208	1.13162217493749e-06	1.14112568931489e-05	4.92195079928473	CDH24
ENSG00000099860	1.50827222222223	8.1048875	5.06613329944307	1.1402016101492e-06	1.14759415258232e-05	4.91469617949352	GADD45B
ENSG00000145901	1.25526527777779	6.62455208333334	5.06377004925415	1.15239932962982e-06	1.15907299689552e-05	4.90447568189088	TNIP1
ENSG00000163110	1.07565833333335	4.63423194444444	5.0615821738548	1.16380480668479e-06	1.16983509024337e-05	4.89501667032849	PDLIM5
ENSG00000196914	1.11219166666668	5.07120694444444	5.06148722582326	1.16430224897757e-06	1.16983509024337e-05	4.89460624014399	ARHGEF12
ENSG00000251201	1.40229305555556	-0.310895138888889	5.05975063361339	1.17343694991735e-06	1.17779646799754e-05	4.88710047248464	TMED7-TICAM2
ENSG00000130340	1.02951944444445	4.35265138888889	5.05894485225562	1.17769907399913e-06	1.18086295809027e-05	4.88361840934151	SNX9
ENSG00000183625	1.69750694444444	-2.57728541666667	5.05894350368293	1.17770621976924e-06	1.18086295809027e-05	4.88361258201883	CCR3
ENSG00000041982	1.62760000000001	5.19997777777778	5.06169526411229	1.1902239189456e-06	1.19157157340864e-05	4.87599779852704	TNC
ENSG00000160271	1.24046111111113	6.2595875	5.0552225728891	1.19758377839635e-06	1.19718883206811e-05	4.86753827537138	RALGDS
ENSG00000159618	1.0284625	-0.592714583333333	5.05520448472845	1.19768119843951e-06	1.19718883206811e-05	4.86746015569397	ADGRG5
ENSG00000206181	2.0335111111111	-7.55551944444443	5.05301929199171	1.20950712006321e-06	1.20776860880234e-05	4.85802414986383	ELOA2
ENSG00000104140	2.00236388888889	-0.432286111111111	5.06335736424764	1.21726149773502e-06	1.2142651617406e-05	4.85773849559783	RHOV
ENSG00000165566	2.26667222222222	-5.23530555555555	5.05593067508274	1.22020615023928e-06	1.21657867936722e-05	4.85199397930338	AMER2
ENSG00000135744	1.14542083333334	1.89603680555556	5.04813851415596	1.2363321543582e-06	1.23140510226577e-05	4.83695870751437	AGT
ENSG00000060138	1.34481666666669	8.47738055555555	5.04344064147856	1.2626972034321e-06	1.25380224610317e-05	4.8166964258629	YBX3
ENSG00000185633	1.27656250000002	5.50780486111111	5.04021070787301	1.28113991339365e-06	1.2714659997619e-05	4.8027733029727	NDUFA4L2
ENSG00000161544	1.1412513888889	4.60767569444445	5.03978239976531	1.28360508396399e-06	1.27242374487507e-05	4.80092749449109	CYGB
ENSG00000181790	1.03712638888889	0.472935416666667	5.03924933983916	1.28667959915412e-06	1.27398423752288e-05	4.79863041120626	ADGRB1
ENSG00000162631	1.09045138888889	1.56884791666667	5.03920217093374	1.28695199811457e-06	1.27398423752288e-05	4.79842715743287	NTNG1
ENSG00000102886	1.11440555555556	3.28822777777778	5.03902310629166	1.28798660079526e-06	1.27435988599539e-05	4.79765556904615	GDPD3
ENSG00000104888	1.03224444444444	-0.921344444444445	5.0383038661081	1.29215038265494e-06	1.27782965141861e-05	4.79455656539856	SLC17A7
ENSG00000133636	2.31206944444444	-1.80978194444444	5.0463052092165	1.31367382697124e-06	1.29845443507341e-05	4.78453213615742	NTS
ENSG00000128512	1.12191805555557	5.11626319444445	5.03404690426213	1.31706348630166e-06	1.30081345152109e-05	4.77622099697767	DOCK4
ENSG00000013297	1.04515972222223	2.83481041666667	5.0327939661116	1.32448450320028e-06	1.30648440954624e-05	4.770826460514	CLDN11
ENSG00000110848	1.2494513888889	4.31132569444445	5.0320942325446	1.32864660273617e-06	1.30992568253543e-05	4.76781416983307	CD69
ENSG00000083168	1.03698055555557	4.08125972222222	5.03160619671543	1.33155701379971e-06	1.31213004216981e-05	4.76571339662487	KAT6A
ENSG00000064932	1.2659888888889	6.34717083333334	5.03055029421949	1.33787511065066e-06	1.31768843809502e-05	4.76116871406221	SBNO2
ENSG00000213999	1.06490833333334	1.00845138888889	5.02540913582415	1.36905600305765e-06	1.34567343969062e-05	4.7390505525121	MEF2B
ENSG00000128709	1.102475	-1.17045555555555	5.02497627524055	1.3717132539712e-06	1.34760435435595e-05	4.7371890504858	HOXD9
ENSG00000162407	1.21543750000001	6.23748958333333	5.02463019670519	1.37384136776598e-06	1.34901374486542e-05	4.73570083435817	PLPP3
ENSG00000110046	1.1152513888889	4.67549236111111	5.02424271373782	1.37622789060779e-06	1.34974239300189e-05	4.73403465698626	ATG2A
ENSG00000050820	1.16207222222224	5.35949166666667	5.02417180156774	1.37666507696676e-06	1.34974239300189e-05	4.7337297445151	BCAR1
ENSG00000133392	1.35244166666668	7.02151805555555	5.02365589036506	1.37984982465643e-06	1.35218331431823e-05	4.7315114909635	MYH11
ENSG00000197467	1.20221111111112	3.49023611111111	5.02098063004437	1.39647941448305e-06	1.36572737911133e-05	4.72001134499793	COL13A1
ENSG00000130813	1.13524583333335	5.68143125	5.02086343101776	1.39721236260164e-06	1.36575753152397e-05	4.71950764179853	SHFL
ENSG00000188886	1.79115972222222	-2.32652152777778	5.01690756827647	1.4221720800897e-06	1.38806278484219e-05	4.70251090615864	ASTL
ENSG00000090006	1.39678750000002	8.23069513888889	5.01595717426074	1.4282328274817e-06	1.3932790852645e-05	4.69842888130257	LTBP4
ENSG00000122224	1.09990694444445	1.90832152777778	5.01454973623414	1.43725427221075e-06	1.39976271192484e-05	4.69238483244311	LY9
ENSG00000145349	1.05674861111112	4.48161597222222	5.0124481753181	1.45082798563506e-06	1.41037011377177e-05	4.68336223506564	CAMK2D
ENSG00000075290	1.87850555555555	-4.79885416666666	5.01081211585722	1.46148115808698e-06	1.419307612936e-05	4.67634004772078	WNT8B
ENSG00000135472	1.34956388888889	0.119436111111111	5.00491142874094	1.50053786829076e-06	1.45578367152079e-05	4.65102718700244	FAIM2
ENSG00000107957	1.01835000000001	3.92741666666667	5.00120926670662	1.52555777320124e-06	1.47711049299704e-05	4.63515653950372	SH3PXD2A
ENSG00000189320	1.21417361111111	1.33287708333333	4.99619057159148	1.5601224758787e-06	1.50982599008918e-05	4.613655587752	FAM180A
ENSG00000167766	1.1651888888889	5.62860555555556	4.99571883945168	1.56341019102834e-06	1.51225534738356e-05	4.61163540488117	ZNF83
ENSG00000132693	1.80990138888889	-1.59172430555555	4.99789764218883	1.57355080758464e-06	1.52130766944018e-05	4.60726374292786	CRP
ENSG00000182704	1.05521666666668	3.70480138888889	4.99224122801196	1.5878556156953e-06	1.53285198196054e-05	4.59674684511443	TSKU
ENSG00000140750	1.11081250000001	5.64331736111111	4.99098704135271	1.59676245448566e-06	1.54068567781027e-05	4.59137917713786	ARHGAP17
ENSG00000137831	1.17870694444446	5.52818819444444	4.98923681900627	1.60927307247091e-06	1.55121802803291e-05	4.58389019921039	UACA
ENSG00000276966	3.22853194444444	-1.08108819444444	5.00559574339667	1.61287798116968e-06	1.5539228573409e-05	4.59024833233899	H4C5
ENSG00000006118	1.10129722222223	3.25000277777778	4.98755107674845	1.62141269297096e-06	1.56137226255798e-05	4.5766789122321	TMEM132A
ENSG00000187498	1.27959861111113	6.96295763888889	4.98532500148294	1.63757967964931e-06	1.57460207259211e-05	4.56715887310356	COL4A1
ENSG00000011422	1.25870833333335	6.04304166666667	4.9845047822898	1.64357591417132e-06	1.57958689142591e-05	4.56365189382228	PLAUR
ENSG00000135824	1.71886666666667	-5.91938888888888	4.98115992348114	1.66824996242882e-06	1.60092739364408e-05	4.54935471850038	RGS8
ENSG00000180914	1.18178472222222	-1.62700763888889	4.97996962006071	1.6771169015349e-06	1.60864289786276e-05	4.54426858685428	OXTR
ENSG00000104517	1.13343333333335	5.88724305555555	4.97761774328169	1.69477140873609e-06	1.62352174533398e-05	4.53422166394173	UBR5
ENSG00000138193	1.00846944444445	3.03202222222222	4.97756982529858	1.69513297592706e-06	1.62352174533398e-05	4.53401699991073	PLCE1
ENSG00000198353	1.42904027777778	-1.00292291666667	4.97634766217941	1.70438020153559e-06	1.63107978143505e-05	4.5287974604119	HOXC4
ENSG00000160180	1.38924027777779	3.99857986111111	4.97731128311969	1.70488201711194e-06	1.63107978143505e-05	4.52903772235686	TFF3
ENSG00000080824	1.45916388888891	8.10476249999999	4.97482494464214	1.71597000732189e-06	1.63944246475567e-05	4.5222956255622	HSP90AA1
ENSG00000144290	1.40525972222221	-4.04006180555555	4.97370548036404	1.72453928390798e-06	1.64682072413245e-05	4.51751655336557	SLC4A10
ENSG00000137265	1.0818	1.35943888888889	4.9724154501115	1.73446570769228e-06	1.6554870925432e-05	4.51201028580393	IRF4
ENSG00000125354	1.03867777777779	4.18842083333333	4.97191313186645	1.73834588392371e-06	1.65756392814137e-05	4.5098665075394	SEPTIN6
ENSG00000196850	1.02859166666668	3.99471944444445	4.96696209363407	1.77704374633706e-06	1.69122378080935e-05	4.48874498842539	PPTC7
ENSG00000274641	3.30107638888889	-2.59923125	4.98275978022096	1.77712389881468e-06	1.69122378080935e-05	4.49671846579528	H2BC17
ENSG00000105771	1.12577222222224	5.23933888888889	4.96588086564302	1.78560526492637e-06	1.69846423537153e-05	4.48413440707212	SMG9
ENSG00000189337	1.05729027777779	4.08748125	4.96553759912821	1.7883317214931e-06	1.7002262290559e-05	4.48267079884209	KAZN
ENSG00000165863	1.87912777777777	-3.64599305555555	4.96470292279146	1.79497815105622e-06	1.7057115287907e-05	4.47911223896624	SPMIP5
ENSG00000175084	1.39346388888891	7.21803888888889	4.96432920046712	1.79796181948147e-06	1.70687912701579e-05	4.47751905098324	DES
ENSG00000101115	1.14713888888888	-2.64958333333333	4.96316417431739	1.80729389259386e-06	1.71406537292715e-05	4.47255307054228	SALL4
ENSG00000172508	1.05647777777778	-0.1314125	4.960279672901	1.83060193452695e-06	1.7347797086226e-05	4.46026136932777	CARNS1
ENSG00000170558	1.04630555555555	-1.07700694444444	4.95981761898295	1.83436252941855e-06	1.73719668560125e-05	4.4582929030454	CDH2
ENSG00000167378	1.00210972222223	3.59701319444444	4.95525944874389	1.8718647747165e-06	1.76840765409351e-05	4.43888105643536	IRGQ
ENSG00000093134	1.28917361111112	2.42752430555556	4.95509863307322	1.87410612807582e-06	1.76966565064713e-05	4.43778878657684	VNN3P
ENSG00000113263	1.05329444444445	2.7339875	4.95476108111963	1.8760099059371e-06	1.77060381806349e-05	4.43675944497439	ITK
ENSG00000139537	1.24494027777778	1.23388541666667	4.94858430800832	1.92812957479712e-06	1.81803085259106e-05	4.41047699439095	CCDC65
ENSG00000151748	1.0472888888889	4.38577083333333	4.94718248087508	1.94015229595617e-06	1.82717244153951e-05	4.4045154617248	SAV1
ENSG00000131196	1.02207916666668	3.80811458333333	4.94712547465067	1.94064274327608e-06	1.82717244153951e-05	4.40427305795726	NFATC1
ENSG00000119650	1.04870972222223	4.72574652777778	4.94536938288479	1.95581015037334e-06	1.83700169891486e-05	4.39680673736582	IFT43
ENSG00000152154	1.06280833333334	2.55375555555556	4.94526115447074	1.95674867373617e-06	1.83700169891486e-05	4.39634664882404	TMEM178A
ENSG00000070501	1.01753333333334	4.11569583333333	4.94420150149774	1.96596076222681e-06	1.8447597079998e-05	4.39184235593313	POLB
ENSG00000139915	2.11290555555555	-7.64855416666665	4.94189945873384	1.9861187416647e-06	1.85919065268825e-05	4.38205941705217	MDGA2
ENSG00000132938	1.44546388888889	-3.07874305555556	4.94030047778875	2.00023814269999e-06	1.86931274846277e-05	4.37526620778322	MTUS2
ENSG00000143473	1.40911111111111	-5.42480694444444	4.93809072957411	2.01991110015548e-06	1.88628472012599e-05	4.3658808008516	KCNH1
ENSG00000172020	1.90042222222222	-3.04668333333333	4.9371006418016	2.02878641205688e-06	1.89337119468819e-05	4.3616766143577	GAP43
ENSG00000151917	1.06357083333333	-1.20349652777778	4.93702719579093	2.02944629905659e-06	1.89337119468819e-05	4.36136476664745	BEND6
ENSG00000137801	1.53918611111113	8.29848888888888	4.93672693311082	2.03214622101482e-06	1.89498122201248e-05	4.36008990287025	THBS1
ENSG00000184163	1.34907222222223	1.95453611111111	4.93840713424468	2.04165741015292e-06	1.9020268171597e-05	4.35701340557633	C1QTNF12
ENSG00000177425	1.04178472222223	4.41065069444445	4.92941930545339	2.09893989520263e-06	1.95165290829261e-05	4.32908032055334	PAWR
ENSG00000196993	1.16628611111111	0.300097222222222	4.92409566408121	2.14893476365509e-06	1.99337525143628e-05	4.30651069499258	NPIPB9
ENSG00000133812	1.0205138888889	4.40157638888889	4.92366053292806	2.15307179029928e-06	1.99626084198769e-05	4.30466673582006	SBF2
ENSG00000174951	1.18313750000001	3.30424236111111	4.9235318066222	2.15429714023937e-06	1.99644535359392e-05	4.30412125390101	FUT1
ENSG00000010244	1.16110555555557	6.75193611111112	4.92136231190585	2.17505064725526e-06	2.01202389762435e-05	4.29492950865197	ZNF207
ENSG00000055732	1.0850263888889	3.17182569444445	4.92134210697388	2.17524483688259e-06	2.01202389762435e-05	4.29484391795538	MCOLN3
ENSG00000111291	1.29451527777778	2.38676319444444	4.91868153455468	2.20848658662308e-06	2.03889326449891e-05	4.28070178707064	GPRC5D
ENSG00000168065	2.45490277777777	-6.14057222222221	4.92360522411739	2.22916283133669e-06	2.05505570593181e-05	4.27538455139989	SLC22A11
ENSG00000196739	1.08005694444445	3.43358263888889	4.91200032537955	2.26685269506839e-06	2.08881187231029e-05	4.2552983028691	COL27A1
ENSG00000152578	1.24311944444444	-3.46758472222222	4.91139053605462	2.27296075269026e-06	2.09344851142665e-05	4.25271884437081	GRIA4
ENSG00000101236	1.01855555555556	3.57730694444444	4.91113453333573	2.27552979972191e-06	2.09482279527641e-05	4.25163600149127	RNF24
ENSG00000271824	1.97880277777776	-8.42797638888886	4.90740087829485	2.31331933695122e-06	2.12659204831641e-05	4.23584801977141	SMIM32
ENSG00000107438	1.32787361111113	8.40297569444444	4.90695793360236	2.3178426892804e-06	2.12974378799634e-05	4.2339755820233	PDLIM1
ENSG00000117385	1.08022083333334	5.07503402777778	4.90445535765637	2.3435605162584e-06	2.1513421029853e-05	4.2233988815824	P3H1
ENSG00000095752	1.94940694444444	-1.46693819444444	4.91053279759863	2.35965116610775e-06	2.16509124920415e-05	4.22077545320595	IL11
ENSG00000172724	2.22746111111113	3.78715	4.91661347018919	2.37175420205931e-06	2.17414527513938e-05	4.21959702392054	CCL19
ENSG00000244414	2.69410833333333	-5.39486249999999	4.91148590368639	2.38581036518334e-06	2.18600015183921e-05	4.21198943972233	CFHR1
ENSG00000122547	1.03574722222223	3.87357916666667	4.89912714731001	2.39924078904105e-06	2.19623679192595e-05	4.20089322711512	EEPD1
ENSG00000168779	1.2960125	-2.39425763888889	4.89858462691533	2.40498157811208e-06	2.2004563338399e-05	4.19860269310172	SHOX2
ENSG00000198719	1.04250416666668	3.37183680555555	4.89785243792201	2.41275049788794e-06	2.20548978782501e-05	4.19551166698441	DLL1
ENSG00000144476	1.13610833333334	4.42459722222222	4.89646412599794	2.42754807811675e-06	2.2168829259364e-05	4.18965166208171	ACKR3
ENSG00000204361	2.09386666666666	-6.3413861111111	4.89710164759934	2.43088853344851e-06	2.21790073886681e-05	4.18882508528401	NXPE2
ENSG00000160326	1.14209305555556	3.10930486111111	4.88797960027064	2.5199118758048e-06	2.29267192741604e-05	4.15386518337641	SLC2A6
ENSG00000100376	1.37089722222224	4.81789583333333	4.88467829305951	2.55676317427056e-06	2.32511254165082e-05	4.13995300065975	FAM118A
ENSG00000124882	1.31175972222223	1.08394097222222	4.8821890916069	2.59258081754566e-06	2.3565832739672e-05	4.12697320441829	EREG
ENSG00000182492	1.33610416666668	8.56442569444445	4.87731241277009	2.64087813798974e-06	2.39824283567583e-05	4.10893687940256	BGN
ENSG00000196684	1.02547222222223	3.16360694444444	4.86936394141564	2.73465338312439e-06	2.47992902603895e-05	4.07550599037	HSH2D
ENSG00000165030	1.17588194444445	5.89729930555556	4.86821446767455	2.7484790001715e-06	2.49014501682981e-05	4.07067466112918	NFIL3
ENSG00000198517	1.19590694444446	6.07211180555556	4.86611641034576	2.77388878211908e-06	2.50732735082623e-05	4.0618585127939	MAFK
ENSG00000126583	1.83424027777778	-4.49303263888889	4.86580407406168	2.77769092775459e-06	2.50951926449197e-05	4.06054629707484	PRKCG
ENSG00000110318	1.06934861111112	1.90277986111111	4.86180252880002	2.82685167490401e-06	2.54809632901913e-05	4.04374009751993	CEP126
ENSG00000182310	1.06151805555556	4.18881041666667	4.86078552941867	2.83947967373098e-06	2.55829359024618e-05	4.03947038818823	SPACA6
ENSG00000215788	1.09990416666668	3.58926180555555	4.85995247436842	2.84986435116901e-06	2.56646117402498e-05	4.03597342734671	TNFRSF25
ENSG00000085563	1.055275	1.76485972222222	4.85903655601119	2.86132444793796e-06	2.57558922541829e-05	4.03212913357797	ABCB1
ENSG00000243509	1.77901527777779	4.58430347222222	4.86874196684854	2.86457251717238e-06	2.57732028695824e-05	4.03623289616425	TNFRSF6B
ENSG00000213923	1.18343194444446	7.02495763888889	4.85811200799389	2.87293779138454e-06	2.58245775961239e-05	4.02824915793938	CSNK1E
ENSG00000163374	1.10383333333334	5.9879875	4.85748130354744	2.88088632044902e-06	2.58601756831446e-05	4.02560264227037	YY1AP1
ENSG00000175906	1.09401250000001	3.73065902777778	4.85701554080795	2.88676982224982e-06	2.59010362464961e-05	4.02364840455388	ARL4D
ENSG00000183638	1.30368611111111	-3.41881388888889	4.85443855419074	2.91953319530332e-06	2.61829228746151e-05	4.01283842008678	RP1L1
ENSG00000087074	1.33352638888891	7.33365625	4.85361721047269	2.93005110940977e-06	2.62651401752253e-05	4.00939391845118	PPP1R15A
ENSG00000183098	1.00604722222223	1.15154583333333	4.85335816679588	2.93337596227846e-06	2.62707316842729e-05	4.00830764540132	GPC6
ENSG00000128284	1.15888750000002	5.87171458333333	4.8503492357029	2.97226467182519e-06	2.65822953546407e-05	3.99569311789182	APOL3
ENSG00000096063	1.00609305555557	3.97346736111111	4.84852301456273	2.99611056146098e-06	2.67586513505689e-05	3.98803973728684	SRPK1
ENSG00000135916	1.09942222222224	5.25151111111111	4.84816581690621	3.00079628887543e-06	2.6788200739424e-05	3.98654303026988	ITM2C
ENSG00000159200	1.14458611111112	5.0266	4.84618256758345	3.02694199165665e-06	2.69968251360409e-05	3.97823441664528	RCAN1
ENSG00000173451	1.0094763888889	1.86913958333333	4.84469723755196	3.0466678579553e-06	2.71603039289397e-05	3.97201341773785	THAP2
ENSG00000088448	1.14999305555556	6.71944930555555	4.84287358540016	3.07105711335832e-06	2.73622662745158e-05	3.96437734130812	ANKRD10
ENSG00000118004	1.10932777777778	1.05478055555556	4.83390596872069	3.19376610295464e-06	2.83477245982436e-05	3.92685847597214	COLEC11
ENSG00000177669	1.19529722222222	-1.97461805555556	4.83385777480403	3.19443822328552e-06	2.83477245982436e-05	3.92665697953885	MBOAT4
ENSG00000156575	3.2084	-4.72648333333333	4.84757128179525	3.19787104265816e-06	2.83652473879556e-05	3.93293755736915	PRG3
ENSG00000148926	1.43583472222224	6.91123541666667	4.83243385154218	3.214358416774e-06	2.84984958628477e-05	3.92070429187691	ADM
ENSG00000179564	1.40865277777778	-1.85241111111111	4.83197807331876	3.22075997165207e-06	2.85292454319563e-05	3.91879919101908	LSMEM2
ENSG00000007384	1.18704166666668	6.38467777777778	4.83119612932408	3.23177140177708e-06	2.8613753895024e-05	3.9155310623903	RHBDF1
ENSG00000204642	1.29309166666668	8.037625	4.82740880322139	3.28562293320562e-06	2.90640915401163e-05	3.8997074698009	HLA-F
ENSG00000169271	1.15772083333334	0.804178472222222	4.82256436307755	3.35577310645499e-06	2.96307301256298e-05	3.87948052761893	HSPB3
ENSG00000198336	1.22544722222223	0.793977777777778	4.82117130720503	3.37621234465837e-06	2.97706629774681e-05	3.87366688355447	MYL4
ENSG00000054803	2.33114166666667	-3.41872083333333	4.8284599087006	3.38469503777292e-06	2.98188796587169e-05	3.87540030880377	CBLN4
ENSG00000181541	1.44146666666666	-3.98988472222222	4.81921042412404	3.40518723338756e-06	2.99718108886221e-05	3.86548562075325	MAB21L2
ENSG00000173193	1.12893472222224	5.29181319444444	4.81836087277151	3.41781519990879e-06	3.006935380761e-05	3.86194185502403	PARP14
ENSG00000162981	1.06940416666667	2.32793958333333	4.81825088305677	3.41945342873533e-06	3.00701664085713e-05	3.86148308441487	LRATD1
ENSG00000086015	1.01080694444445	4.37116736111111	4.81783618239988	3.4256369782121e-06	3.00973308492239e-05	3.85975342413308	MAST2
ENSG00000281348	2.92120138888889	-1.75411736111111	4.83192247574793	3.43092912108785e-06	3.01302181776076e-05	3.86586487071503	
ENSG00000147588	1.47948194444444	-3.91800208333334	4.81446050095375	3.47637566236795e-06	3.05017859198833e-05	3.84567799522791	PMP2
ENSG00000182853	1.14505972222223	2.95329236111111	4.8141745201769	3.48070741239093e-06	3.05260237086693e-05	3.84448588799115	VMO1
ENSG00000184702	1.05720694444445	4.21614791666667	4.81310033495652	3.49702481624818e-06	3.06414985250719e-05	3.84000862683167	SEPTIN5
ENSG00000223953	1.1157138888889	5.32895138888889	4.81046533385061	3.53736603224412e-06	3.09546864485422e-05	3.82902892198451	C1QTNF5
ENSG00000147027	1.03731250000001	4.02347152777778	4.81045390055392	3.53754205095154e-06	3.09546864485422e-05	3.82898129059418	TMEM47
ENSG00000255641	1.77740972222222	-0.929442361111111	4.8168106903159	3.5414680377837e-06	3.0961980960529e-05	3.83140614033741	
ENSG00000135253	1.1659375	-0.257654861111111	4.80781275978506	3.57843114648525e-06	3.12702797221164e-05	3.81798047195878	KCP
ENSG00000165071	1.00501944444445	2.89484166666667	4.80693045036415	3.59219237686938e-06	3.13623546296513e-05	3.81430649025111	TMEM71
ENSG00000159640	1.24705277777779	5.113875	4.8036752260067	3.64340807571691e-06	3.17524972620275e-05	3.80075587352587	ACE
ENSG00000155287	1.15158611111113	6.49705416666667	4.80018917524897	3.69903910232117e-06	3.21621960907724e-05	3.78625190327414	SLC25A28
ENSG00000114115	1.06366250000001	4.66497152777778	4.79865325476032	3.72380969936366e-06	3.23228675912636e-05	3.77986406083287	RBP1
ENSG00000073417	1.05956805555557	4.92078125	4.79569880499152	3.77190986845684e-06	3.27257764323026e-05	3.76758084827199	PDE8A
ENSG00000155886	1.69221527777777	-7.26665902777776	4.79460181181704	3.78992219743161e-06	3.28673948214176e-05	3.76302148959178	SLC24A2
ENSG00000166922	1.0469375	-0.527688194444444	4.79191491158812	3.8343927303726e-06	3.31687551983521e-05	3.75185736408215	SCG5
ENSG00000134480	1.08121805555557	5.38935208333333	4.79188426493425	3.83490286043049e-06	3.31687551983521e-05	3.75173005328983	CCNH
ENSG00000170748	2.03416805555554	-5.38361041666666	4.79234008168868	3.85533841802901e-06	3.33158786794759e-05	3.7475351402178	RBMXL2
ENSG00000105374	1.23830555555557	5.06454305555556	4.79037804369226	3.86005582640649e-06	3.3328417427259e-05	3.74547372638497	NKG7
ENSG00000078295	1.03574583333333	-0.612628472222222	4.79033875793593	3.86071400606532e-06	3.3328417427259e-05	3.74531056627444	ADCY2
ENSG00000140678	1.27631805555557	6.83033263888889	4.7869553545273	3.91780764758671e-06	3.37358098100295e-05	3.73126245633269	ITGAX
ENSG00000133247	1.05672777777779	3.79336388888889	4.78581192498302	3.93728666047422e-06	3.38735515787459e-05	3.72651652273104	KMT5C
ENSG00000165181	1.25402638888888	-3.79234236111111	4.78549913876173	3.94263146670693e-06	3.39045390319996e-05	3.72521841426293	SHOC1
ENSG00000101425	1.40805277777778	0.795009722222222	4.78883193544167	3.95485575309888e-06	3.39841390679833e-05	3.72440424272292	BPI
ENSG00000152760	1.36469583333334	2.13203958333333	4.78908749695495	3.95538200955759e-06	3.39841390679833e-05	3.72442874874654	DYNLT5
ENSG00000132424	1.17028472222223	6.95312430555556	4.78406454251968	3.96723553929281e-06	3.40709340884431e-05	3.71926543473979	PNISR
ENSG00000153898	1.03748611111112	3.36214722222222	4.78358265230991	3.97553349407886e-06	3.41120765446943e-05	3.71726608653255	MCOLN2
ENSG00000160741	1.10728611111113	6.06773194444445	4.77192152832447	4.18153150367552e-06	3.5753472883295e-05	3.66892990219438	CRTC2
ENSG00000178531	1.49016388888889	1.88335277777778	4.77914800834021	4.18540331631824e-06	3.57708547051944e-05	3.67200361536252	CTXN1
ENSG00000197948	1.01726944444446	4.56015416666667	4.77030638397401	4.21086550219363e-06	3.59726639212431e-05	3.66224190651114	FCHSD1
ENSG00000134247	1.02522777777779	3.48095416666667	4.76832783899875	4.24707091257645e-06	3.6234220785718e-05	3.65405142759572	PTGFRN
ENSG00000100351	1.02351805555556	2.54278541666667	4.76549960284337	4.2993482123377e-06	3.6648081256088e-05	3.6423479018427	GRAP2
ENSG00000197614	1.56724861111112	2.26352430555555	4.7737247238281	4.31060903286798e-06	3.67144238285064e-05	3.64455050647602	MFAP5
ENSG00000171456	1.08552222222224	5.77937083333333	4.76450037868822	4.31796632756459e-06	3.67584599578934e-05	3.63821424303187	ASXL1
ENSG00000162892	1.01255277777778	0.808997222222223	4.75903875212436	4.42111680283318e-06	3.75216248031025e-05	3.6156315795664	IL24
ENSG00000165349	1.97107222222221	-7.45798472222221	4.7562896453521	4.47393537515436e-06	3.79037416888077e-05	3.60427188327732	SLC7A3
ENSG00000181195	1.06719027777778	1.62119097222222	4.75437282182707	4.51112390170627e-06	3.81820046418318e-05	3.59635418295077	PENK
ENSG00000170956	1.19734166666667	1.73442777777778	4.75423181284676	4.51387140925144e-06	3.81820046418318e-05	3.59577181978414	CEACAM3
ENSG00000126950	1.017675	0.249494444444444	4.75419282107004	4.51463143513331e-06	3.81820046418318e-05	3.59561078709525	TMEM35A
ENSG00000243772	1.14970555555556	-0.997291666666667	4.75328547046215	4.5323524639455e-06	3.82985752079356e-05	3.59186378407188	KIR2DL3
ENSG00000141068	1.06693611111112	5.35960138888889	4.75061886811711	4.58482287020096e-06	3.87082966003789e-05	3.58085483536518	KSR1
ENSG00000075426	1.15030416666668	6.16888819444444	4.75049361316433	4.58730188796405e-06	3.87082966003789e-05	3.58033783876747	FOSL2
ENSG00000153048	1.17245694444447	6.69283125	4.75041796586609	4.58879971007987e-06	3.87082966003789e-05	3.58002560535586	CARHSP1
ENSG00000204531	1.12904583333334	1.51765763888889	4.74928905856032	4.61120843682924e-06	3.88804622944093e-05	3.57536649163388	POU5F1
ENSG00000172183	1.20202500000002	5.81471666666667	4.74889578515739	4.61903971314815e-06	3.89296189342105e-05	3.57374360614747	ISG20
ENSG00000103710	1.08561111111112	4.9631125	4.74334758093417	4.73090164939252e-06	3.97025598027675e-05	3.55085898703258	RASL12
ENSG00000186591	1.04253750000001	5.36475763888889	4.74333489108268	4.73116047824466e-06	3.97025598027675e-05	3.55080666814172	UBE2H
ENSG00000104972	1.17418055555556	3.97963888888889	4.73946300885093	4.81077625287575e-06	4.02837794536974e-05	3.5348481781677	LILRB1
ENSG00000172935	1.05913611111112	3.94431527777778	4.73874837384776	4.82561192439201e-06	4.03906209781727e-05	3.53190377280994	MRGPRF
ENSG00000132704	1.074125	-0.574015277777777	4.73754583584697	4.85067627246154e-06	4.05655007961831e-05	3.52694987853334	FCRL2
ENSG00000124226	1.09425833333334	5.97113888888889	4.73586544995252	4.88591130118517e-06	4.08075339762361e-05	3.52002904214706	RNF114
ENSG00000183775	1.16207361111111	-1.87730763888889	4.73269299014505	4.95310861902124e-06	4.13155526831908e-05	3.50696793517174	KCTD16
ENSG00000158864	1.17845694444446	7.07425208333333	4.73211294579602	4.96549105235666e-06	4.14010852766574e-05	3.50458058103751	NDUFS2
ENSG00000124253	1.66079166666666	-2.59287777777778	4.72839809240684	5.04550606879667e-06	4.1996227663771e-05	3.48929610808071	PCK1
ENSG00000023902	1.10640972222224	5.87653541666667	4.72781715507242	5.0581311885075e-06	4.20619865540674e-05	3.48690669576866	PLEKHO1
ENSG00000104783	1.05544861111112	3.03648125	4.72737190028188	5.0678282814012e-06	4.20907323566575e-05	3.48507549786752	KCNN4
ENSG00000168143	1.99560972222221	-5.48296041666666	4.7285492421688	5.06984299360726e-06	4.20907323566575e-05	3.4853792976547	FAM83B
ENSG00000139112	1.18442777777779	7.19878472222222	4.72518216219777	5.11578018960055e-06	4.24358875258464e-05	3.47607164018386	GABARAPL1
ENSG00000197584	1.96145138888889	-1.98456041666667	4.72806931711035	5.19697264462888e-06	4.30176646312004e-05	3.4645459476507	KCNMB2
ENSG00000158615	1.01639861111112	4.50559375	4.71946083596792	5.24314794471893e-06	4.33814180436719e-05	3.45256113225596	PPP1R15B
ENSG00000090339	1.35114583333335	7.43351736111111	4.71887119651322	5.25644736661766e-06	4.34729652106491e-05	3.45013934886367	ICAM1
ENSG00000111262	2.17194722222222	-6.52750416666666	4.72170665388845	5.27888785470905e-06	4.36214641248091e-05	3.44813150994732	KCNA1
ENSG00000139636	1.12005000000001	6.21670555555555	4.71314429510579	5.3873266835016e-06	4.4385547923538e-05	3.42662941151255	LMBR1L
ENSG00000144560	1.01040694444445	4.90287708333333	4.71283939115014	5.39438239016732e-06	4.44248629354507e-05	3.42537832475663	VGLL4
ENSG00000149575	1.19553888888889	-0.769756944444445	4.71211283847393	5.41123138506444e-06	4.45447621253803e-05	3.42239736587962	SCN2B
ENSG00000072818	1.13399166666668	4.98286527777778	4.71193520817155	5.41535842213802e-06	4.45598781841915e-05	3.42166862217203	ACAP1
ENSG00000162510	1.36107777777777	-3.48255138888889	4.71147608145022	5.42603980674241e-06	4.4628890621883e-05	3.41978511006261	MATN1
ENSG00000164047	1.34367222222223	1.53395972222222	4.71407797800324	5.45622111418616e-06	4.48581627697165e-05	3.4165879205799	CAMP
ENSG00000011465	1.36866944444447	9.95110138888889	4.70944993881719	5.47342085990388e-06	4.4980558752366e-05	3.41147474119888	DCN
ENSG00000173391	1.35516527777779	5.18519652777778	4.70817509279614	5.50343765258198e-06	4.51890541232692e-05	3.40624723781188	OLR1
ENSG00000183018	1.2408888888889	5.91521805555556	4.70756710359014	5.51780899124754e-06	4.52497556904499e-05	3.40375455177959	SPNS2
ENSG00000055483	1.04695694444446	5.22227013888889	4.70459777622395	5.58851918613882e-06	4.58103140365665e-05	3.3915841066746	USP36
ENSG00000171988	1.06489861111113	5.48109097222222	4.70355597245823	5.61353513840782e-06	4.59766254788669e-05	3.38731540369036	JMJD1C
ENSG00000184588	1.03663055555557	3.77145277777778	4.70211900004716	5.64821759286038e-06	4.62412157476094e-05	3.38142869034607	PDE4B
ENSG00000173442	1.13267222222224	6.51667222222222	4.70006026024874	5.69826799909823e-06	4.65921433873303e-05	3.37299718344161	EHBP1L1
ENSG00000169744	1.1380138888889	5.64122222222222	4.69379985118885	5.85311333514041e-06	4.77600802273849e-05	3.3473748392387	LDB2
ENSG00000181656	1.3910736111111	-4.54861736111111	4.69378903727082	5.85338429272495e-06	4.77600802273849e-05	3.34733060259232	GPR88
ENSG00000004776	1.20672777777779	6.82493472222222	4.69344574651059	5.86199221736075e-06	4.7810261053292e-05	3.34592633790877	HSPB6
ENSG00000272896	1.98111388888889	-1.981625	4.6986777581803	5.90694543998621e-06	4.81365323412701e-05	3.34243303503215	
ENSG00000198089	1.0372638888889	4.85215555555556	4.68226749356559	6.14906461953743e-06	5.00466966440344e-05	3.30024263067777	SFI1
ENSG00000100448	1.52314583333334	2.64787013888889	4.68883199792367	6.18777185106745e-06	5.03020002875744e-05	3.29861570414605	CTSG
ENSG00000188011	1.26114027777778	-0.938760416666667	4.67361577608129	6.38052994086369e-06	5.18005293863441e-05	3.26494053075116	RTP5
ENSG00000163421	1.40081250000001	2.76579930555555	4.67824903406246	6.40133433107725e-06	5.19044416040495e-05	3.26477246596731	PROK2
ENSG00000177455	1.03844722222222	-0.558698611111112	4.67189864836153	6.42746000221569e-06	5.20728662903372e-05	3.25793986184743	CD19
ENSG00000186998	1.00949027777779	3.50498402777778	4.67147737514133	6.43902447175987e-06	5.21448393108547e-05	3.25622264081092	EMID1
ENSG00000185507	1.11901666666668	5.26072222222222	4.67007099969917	6.47777694306497e-06	5.23932295619542e-05	3.2504907244257	IRF7
ENSG00000162458	1.07246944444446	5.303725	4.66801551782122	6.5348209628943e-06	5.27668482234205e-05	3.24211559802869	FBLIM1
ENSG00000126368	1.34071250000001	4.96258819444444	4.66694839778303	6.56462686036563e-06	5.29855276712997e-05	3.23776867526216	NR1D1
ENSG00000100592	1.00652361111112	4.27863263888889	4.663301244777	6.6674906177248e-06	5.3726606253514e-05	3.22291760168517	DAAM1
ENSG00000099331	1.15437500000001	6.93278055555556	4.66165588217876	6.71440413386889e-06	5.4059846528153e-05	3.21622060091984	MYO9B
ENSG00000136859	1.01130000000001	4.30912222222222	4.65470249743258	6.91620745987523e-06	5.55008529329592e-05	3.18793836072403	ANGPTL2
ENSG00000153250	1.05633472222223	5.96889791666667	4.65342727840257	6.95384746550377e-06	5.57798931542183e-05	3.18275497236387	RBMS1
ENSG00000143195	1.01646388888889	-1.40992083333333	4.64848556527321	7.10158688764131e-06	5.68243801474285e-05	3.16267846483596	ILDR2
ENSG00000130303	1.1742277777778	6.83238333333333	4.6472557405061	7.13882257646687e-06	5.70988391272342e-05	3.15768459829865	BST2
ENSG00000115594	1.14908611111113	6.67865138888889	4.6468534949705	7.15104231955171e-06	5.71730683106946e-05	3.1560514428689	IL1R1
ENSG00000067842	1.76295555555555	-5.27969861111111	4.64606173573713	7.17515405746244e-06	5.7342274743533e-05	3.1528371354423	ATP2B3
ENSG00000127481	1.13797361111113	7.02148402777778	4.64460145355572	7.21983063655433e-06	5.76519480879536e-05	3.14690990518793	UBR4
ENSG00000148120	1.05077083333335	5.43219236111111	4.64041927852695	7.3492733135978e-06	5.86614954846551e-05	3.12994238058943	AOPEP
ENSG00000114270	1.04675000000001	2.77356805555556	4.63939449093807	7.38133171794687e-06	5.88690711674877e-05	3.1257864661723	COL7A1
ENSG00000108819	1.05484305555557	5.51450625	4.63542928065813	7.50665190622321e-06	5.97705251247867e-05	3.10971250565188	PPP1R9B
ENSG00000130822	1.21902222222222	-0.439643055555555	4.63236717731826	7.60483257841405e-06	6.05027416422537e-05	3.0973066041175	PNCK
ENSG00000050405	1.07670972222224	5.97091458333333	4.63218405237777	7.6107432585823e-06	6.05250113924541e-05	3.09656488192534	LIMA1
ENSG00000134884	1.20507777777781	8.06982083333333	4.63144290188208	7.63471052433058e-06	6.06908006208739e-05	3.09356318046724	ARGLU1
ENSG00000197461	1.03164861111112	4.61432569444445	4.63077774801036	7.65628224122702e-06	6.08125774423634e-05	3.0908695781463	PDGFA
ENSG00000125965	1.4799875	0.0888729166666667	4.63384102850852	7.70919476425157e-06	6.11579349731736e-05	3.08687757166961	GDF5
ENSG00000136872	1.1855875	-1.57737291666667	4.6289999837433	7.71422638287613e-06	6.11729032204266e-05	3.08367178941138	ALDOB
ENSG00000172346	1.04381111111112	3.26731805555555	4.62870604049392	7.72384781138626e-06	6.12218160739923e-05	3.08248187673763	CSDC2
ENSG00000167460	1.22858888888891	8.54985972222222	4.62652043715761	7.79575172123582e-06	6.16936381128882e-05	3.07363611681296	TPM4
ENSG00000204590	1.06731944444445	5.98655694444444	4.6256481139049	7.82463021909114e-06	6.18969935021394e-05	3.07010645634051	GNL1
ENSG00000204583	1.12926805555556	2.39960069444444	4.62476399674334	7.85400450889543e-06	6.21041039459487e-05	3.06652958715106	LRCOL1
ENSG00000137463	1.26094305555555	-1.16993402777778	4.62206732455674	7.9442588348e-06	6.27157966130396e-05	3.05562286034329	MGARP
ENSG00000055163	1.01266250000001	4.80809791666667	4.61311908933597	8.25097370630121e-06	6.49526266835172e-05	3.01946603959113	CYFIP2
ENSG00000137752	1.10322083333335	5.75987291666667	4.61103580134263	8.32400478018733e-06	6.55010279062313e-05	3.01105577192244	CASP1
ENSG00000125895	1.163475	4.47235972222222	4.6093106630269	8.38495246342012e-06	6.58740288038967e-05	3.00409353501278	TMEM74B
ENSG00000170044	1.76217777777778	-8.30404444444442	4.60756225681027	8.44716146436193e-06	6.63359647980494e-05	2.9970394053817	ZPLD1
ENSG00000172602	1.63687222222223	4.41455555555555	4.60671708004326	8.76973043509056e-06	6.87303772858105e-05	2.96573095417263	RND1
ENSG00000180777	1.77577777777778	-8.09048888888887	4.59791318062471	8.7985718911595e-06	6.89008938916403e-05	2.95814562904462	ANKRD30B
ENSG00000074660	1.0487513888889	4.72054513888889	4.59766936486894	8.80763163544199e-06	6.89440847374719e-05	2.95716364921413	SCARF1
ENSG00000066248	1.13927083333333	-1.18152847222222	4.59718462159648	8.82567054481221e-06	6.9029731981378e-05	2.95521143925133	NGEF
ENSG00000189266	1.05053750000002	6.03027708333333	4.59432877753225	8.93267179016819e-06	6.97544486801894e-05	2.9437132444878	PNRC2
ENSG00000130812	1.0460125	-1.20625486111111	4.59298979848993	8.98326986385426e-06	7.00932873612888e-05	2.93832411369308	ANGPTL6
ENSG00000138675	1.68152499999997	-8.39982499999998	4.59244948076109	9.00376588842004e-06	7.01764981481412e-05	2.93614977684847	FGF5
ENSG00000081248	1.24990277777777	-3.96554305555556	4.59242337467888	9.0047573194407e-06	7.01764981481412e-05	2.93604472613437	CACNA1S
ENSG00000278677	3.12259305555555	-3.54093402777778	4.60449352503583	9.01752494846143e-06	7.02197339061136e-05	2.94157955969439	H2AC17
ENSG00000215695	3.59930416666667	-6.5930923611111	4.60371088816432	9.06326310878418e-06	7.05476566594917e-05	2.93698558695647	RSC1A1
ENSG00000163453	1.25892638888891	8.82412569444444	4.58903281478398	9.13441966149005e-06	7.09595572105849e-05	2.92240498177112	IGFBP7
ENSG00000129038	1.06263333333334	4.1685875	4.58286081166554	9.37508823175739e-06	7.26840240271601e-05	2.89759549811876	LOXL1
ENSG00000125772	1.06078194444445	5.32728819444445	4.58112058371962	9.44404395119585e-06	7.31603118035291e-05	2.8906049159107	GPCPD1
ENSG00000275023	1.06879861111113	6.03960625	4.58016019390429	9.48230816597495e-06	7.33982723615379e-05	2.88674784523794	MLLT6
ENSG00000165233	1.0732388888889	5.74020555555556	4.57874413698335	9.53900014989317e-06	7.37490583925763e-05	2.88106186655066	CARD19
ENSG00000002933	1.12695694444446	5.89945486111111	4.5719328596312	9.81628953408273e-06	7.55625104934615e-05	2.85373079426102	TMEM176A
ENSG00000068028	1.07196944444446	5.98304722222222	4.57138093848258	9.83909577967312e-06	7.57029281142188e-05	2.85151749796928	RASSF1
ENSG00000186265	1.17564583333333	-0.731417361111111	4.57115490709208	9.84845049134467e-06	7.57201814061804e-05	2.85061113282581	BTLA
ENSG00000103121	1.04795972222224	5.54343680555555	4.56930241061962	9.92544324611448e-06	7.62217615568176e-05	2.84318407546081	CMC2
ENSG00000134201	1.08055277777779	3.90472222222222	4.56201863190761	1.02338350280438e-05	7.84043162526613e-05	2.81400403346913	GSTM5
ENSG00000086991	1.02812638888889	0.697189583333333	4.55984578274522	1.03276078019065e-05	7.90915854183802e-05	2.80530609239783	NOX4
ENSG00000121741	1.00868194444446	5.21068125	4.55910202510345	1.03598957604086e-05	7.92764328605301e-05	2.80232954612853	ZMYM2
ENSG00000213145	1.27974444444447	7.79564166666666	4.55790333284167	1.04121382418487e-05	7.96135664624377e-05	2.79753311203093	CRIP1
ENSG00000113504	1.00621527777779	4.98900902777778	4.55700746523212	1.04513485076728e-05	7.98819768845778e-05	2.79394902408122	SLC12A7
ENSG00000147421	1.00080972222223	4.89272291666667	4.55448375560416	1.05625729569305e-05	8.06370365613078e-05	2.78385532996179	HMBOX1
ENSG00000173039	1.07477083333334	6.32665069444444	4.55357425282551	1.06029354325255e-05	8.0888117939727e-05	2.78021877500313	RELA
ENSG00000079931	1.06636527777779	4.35591180555556	4.53954139812197	1.12448613844022e-05	8.54100131391612e-05	2.7241799835767	MOXD1
ENSG00000173575	1.05800555555557	5.91476527777778	4.53689761744871	1.13699225434505e-05	8.62925217772921e-05	2.71363707911744	CHD2
ENSG00000105472	1.02333333333335	3.55949305555556	4.53593031933391	1.14160136283806e-05	8.65747746975672e-05	2.7097808456991	CLEC11A
ENSG00000145040	1.41400972222222	-2.78995902777778	4.53411396028273	1.15030488852219e-05	8.71329076773117e-05	2.70254143929011	UCN2
ENSG00000101017	1.01586527777779	5.24651875	4.53361844085773	1.15269037115332e-05	8.72796150240341e-05	2.70056684704256	CD40
ENSG00000112715	1.13259583333335	7.14647708333333	4.52979549093965	1.1712554107271e-05	8.85474553030061e-05	2.68533833790606	VEGFA
ENSG00000196767	1.53297777777777	-8.53674861111109	4.52886126809553	1.17583581393839e-05	8.88239298126365e-05	2.68161840478668	POU3F4
ENSG00000114784	1.09522500000002	6.48034444444445	4.5283604761709	1.17829824943962e-05	8.89416280485041e-05	2.67962456889466	EIF1B
ENSG00000116670	1.00492083333334	5.04727430555556	4.52771083851007	1.18149997709381e-05	8.91487104516245e-05	2.6770383746378	MAD2L2
ENSG00000152661	1.0896263888889	5.62527847222222	4.52112621645639	1.21442888753794e-05	9.12792531699695e-05	2.6508411322714	GJA1
ENSG00000274997	3.01482083333334	-5.8032798611111	4.52913628294486	1.23197811311555e-05	9.25267886344547e-05	2.64364284688368	H2AC12
ENSG00000080166	1.05645416666666	-2.89873819444444	4.51734556455645	1.2337332485553e-05	9.26228450439895e-05	2.6358127967995	DCT
ENSG00000239704	1.05796250000001	2.83627291666667	4.5143945718937	1.24900640296209e-05	9.36610352753224e-05	2.62408909362902	CDRT4
ENSG00000034152	1.12051527777779	6.19571180555556	4.50947219327438	1.27488884838208e-05	9.54547262460672e-05	2.60454651608237	MAP2K3
ENSG00000172543	1.08404027777779	3.37230347222222	4.50881297461625	1.27839408500544e-05	9.56803452925196e-05	2.60193055899171	CTSW
ENSG00000204520	1.03205277777779	5.2456875	4.50536615428658	1.29687342712024e-05	9.68349985513126e-05	2.58825741752811	MICA
ENSG00000019186	3.15345972222222	-3.66055902777778	4.51712720549479	1.29730622159531e-05	9.68349985513126e-05	2.59465438499187	CYP24A1
ENSG00000274588	1.57128472222221	-6.01480486111111	4.50413467076849	1.30353792410154e-05	9.72255356580643e-05	2.58337420558493	DGKK
ENSG00000147454	1.12207083333335	6.01785208333333	4.50131131768396	1.31894198905368e-05	9.81862210909769e-05	2.57218260074331	SLC25A37
ENSG00000187730	1.02350833333333	-0.562577777777778	4.49262721881916	1.36742881682648e-05	0.000101407645234117	2.53779307205305	GABRD
ENSG00000160683	1.71623055555556	1.57454305555555	4.4999856045573	1.38369540345802e-05	0.000102496736435893	2.5323411395713	CXCR5
ENSG00000112511	1.10274583333335	6.68380625	4.48710703230216	1.39913783176928e-05	0.000103443668200593	2.51595930605403	PHF1
ENSG00000197057	1.34549861111111	0.67073125	4.49012084826636	1.40331797340707e-05	0.000103673912718247	2.515248485269	DTHD1
ENSG00000170525	1.11074444444446	5.95900555555555	4.48108470048158	1.43453869131284e-05	0.000105819668651564	2.49216293552082	PFKFB3
ENSG00000086061	1.11437500000001	6.27206805555556	4.48043512697325	1.43840818371697e-05	0.000106024691131726	2.48959770682953	DNAJA1
ENSG00000153234	1.2294763888889	3.59964791666667	4.48097206176276	1.44012314412742e-05	0.000106110891665025	2.48893450876395	NR4A2
ENSG00000197992	1.22929027777778	-0.915125694444445	4.47991103085381	1.4415375339073e-05	0.000106174888714747	2.48752820876827	CLEC9A
ENSG00000113721	1.09175277777779	6.603925	4.47903528593032	1.44678119373626e-05	0.000106520771311725	2.48407057038844	PDGFRB
ENSG00000100249	2.01389305555555	-3.51380208333333	4.4778177224417	1.47925692464772e-05	0.000108706103884577	2.46530220481161	C22orf31
ENSG00000120051	1.01545694444445	-0.19083125	4.47267939488674	1.48539219222483e-05	0.000109115743667513	2.45899165101708	CFAP58
ENSG00000136943	1.23288472222222	-1.09691041666667	4.47056074492153	1.49848168438263e-05	0.000109952718689592	2.45063801963198	CTSV
ENSG00000136450	1.0608902777778	6.68871875	4.47043312570305	1.49927368002473e-05	0.000109969350014484	2.45013492664275	SRSF1
ENSG00000113083	1.00671805555557	3.59002430555555	4.46807688638855	1.51396893759228e-05	0.000110963540972287	2.44084828362873	LOX
ENSG00000158164	1.27947777777778	1.9972875	4.47145476103742	1.51600849694328e-05	0.000111071176205427	2.44168987688952	TMSB15A
ENSG00000118972	1.82826388888888	-7.89562083333331	4.46763385364101	1.51674746153928e-05	0.000111083477491951	2.43910257997281	FGF23
ENSG00000099953	1.12305972222222	-0.51000625	4.46269926935687	1.5480288980471e-05	0.000113203977912828	2.41966760244103	MMP11
ENSG00000116809	1.0301763888889	5.48501319444444	4.46245912054793	1.54956699439197e-05	0.00011327387138261	2.41872219257633	ZBTB17
ENSG00000172638	1.05752222222224	6.34650138888889	4.46187136214076	1.5533376562452e-05	0.000113464228649199	2.41640849004641	EFEMP2
ENSG00000149557	1.02085972222224	5.06551458333333	4.45997673211883	1.56555253745856e-05	0.00011427064900054	2.40895190379567	FEZ1
ENSG00000141753	1.21744583333335	8.29540763888889	4.45982153433585	1.56655720049042e-05	0.000114301090262339	2.40834120890102	IGFBP4
ENSG00000196565	1.5767888888889	1.91274305555556	4.46740201750884	1.57432104307212e-05	0.000114781457758016	2.40867303633239	HBG2
ENSG00000110887	2.32773055555555	-4.93630555555555	4.4658969806847	1.5760712443757e-05	0.000114866009162968	2.40690726156388	DAO
ENSG00000125414	1.3118	-2.16727083333333	4.45247399682255	1.61483763512644e-05	0.000117471285259833	2.37944778425146	MYH2
ENSG00000187912	1.42092916666666	-3.41562291666667	4.45032827446788	1.62920516544019e-05	0.000118383634210469	2.37101688290382	CLEC17A
ENSG00000038427	1.13653055555556	5.81441527777778	4.4462540479807	1.65682501009306e-05	0.000120121357049311	2.35501719229425	VCAN
ENSG00000011028	1.06749444444445	5.99966666666667	4.44391340541814	1.67289580605407e-05	0.000121196160965973	2.34583048528913	MRC2
ENSG00000143321	1.10168611111113	7.1443375	4.4413754780297	1.69049062214994e-05	0.000122252772069117	2.33587368032689	HDGF
ENSG00000240771	1.00236944444445	4.4819	4.44135650142745	1.69062285043145e-05	0.000122252772069117	2.33579924779544	ARHGEF25
ENSG00000213366	1.14387500000002	6.64573472222222	4.43785100657849	1.71522047624792e-05	0.000123696519682112	2.32205374572574	GSTM2
ENSG00000122176	1.02412083333335	5.87293125	4.43778660761512	1.7156755608798e-05	0.000123696519682112	2.32180130739095	FMOD
ENSG00000151929	1.14361527777779	5.68775763888889	4.4352760251123	1.7335077768456e-05	0.000124773056397888	2.31196224748606	BAG3
ENSG00000255524	1.47444305555556	-0.259367361111111	4.43717100315081	1.75079174788269e-05	0.000125762190102711	2.30501154285901	NPIPB8
ENSG00000101470	1.00719444444445	1.4464875	4.43065019798629	1.76683220465893e-05	0.000126820738173526	2.29384473553567	TNNC2
ENSG00000130254	1.0233638888889	5.91530416666667	4.43003781270549	1.77128974789012e-05	0.000127093796296417	2.29144736280014	SAFB2
ENSG00000163017	1.30081250000002	6.55306736111111	4.42967825791452	1.77391198023699e-05	0.000127235014157706	2.29003989303148	ACTG2
ENSG00000135363	1.02137083333334	5.21534236111111	4.42710585233265	1.79278175609843e-05	0.000128351824510956	2.27997284091972	LMO2
ENSG00000100918	1.01534722222223	5.18069861111111	4.4248000720378	1.80985968846885e-05	0.000129431583309177	2.27095306403341	REC8
ENSG00000162706	1.09727916666667	1.78969375	4.42419112702195	1.81439593906267e-05	0.000129708305059342	2.2685715927943	CADM3
ENSG00000149527	1.04504305555556	1.53965208333333	4.41929272437019	1.85128582712799e-05	0.00013215123636438	2.24942407088078	PLCH2
ENSG00000120068	1.54009722222222	-2.26745972222222	4.41818428950971	1.8597329839862e-05	0.000132661989726267	2.24509355204211	HOXB8
ENSG00000205592	2.6100875	-4.03323680555555	4.42338207954759	1.89261996823642e-05	0.000134657072502322	2.23391398779662	MUC19
ENSG00000095587	1.46815833333333	-4.65376944444444	4.41080761550722	1.91690067087066e-05	0.000136198874748239	2.21629521860734	TLL2
ENSG00000148840	1.02864861111112	5.03102986111111	4.4044401860228	1.9676024719566e-05	0.000139481790395407	2.19146693015376	PPRC1
ENSG00000167861	1.00370694444446	4.86318263888889	4.40198747158426	1.98747461175998e-05	0.000140787895658977	2.18191056726372	HID1
ENSG00000130173	1.81999583333333	-2.06188125	4.40442586750897	2.00852823745466e-05	0.000142227489169888	2.17481176107893	ANGPTL8
ENSG00000101210	1.05283333333333	-0.148483333333333	4.39290200444473	2.06278070305606e-05	0.000145803816263977	2.14654739408991	EEF1A2
ENSG00000142303	1.04963333333334	4.60331388888889	4.39228734722432	2.06797323649506e-05	0.000146064689165947	2.14415702461915	ADAMTS10
ENSG00000003402	1.10928472222224	7.50554097222223	4.39209796034478	2.06957567943598e-05	0.000146124813489614	2.14342056137901	CFLAR
ENSG00000136999	1.18141111111112	2.24773472222222	4.38821961739756	2.11539285763143e-05	0.000149089209661763	2.12346735465482	CCN3
ENSG00000161682	1.00699305555556	-0.799370138888889	4.38356997539138	2.14298275456974e-05	0.000150760580621666	2.11028359735736	FAM171A2
ENSG00000172403	1.0056125	3.58447847222222	4.37994372205164	2.17494936511527e-05	0.000152678148864029	2.09620832686961	SYNPO2
ENSG00000182871	1.09859444444446	6.32	4.37933205414511	2.1803863911485e-05	0.000153004603465442	2.09383503584868	COL18A1
ENSG00000126733	1.80387638888888	-5.77913125	4.37910465725967	2.18241101737537e-05	0.000153069991343547	2.09295279438329	DACH2
ENSG00000115414	1.28735277777781	10.2801180555556	4.37905066287115	2.18289202131915e-05	0.000153069991343547	2.09274331526778	FN1
ENSG00000149948	1.77877361111111	-4.35213680555556	4.37334036995552	2.23434085024907e-05	0.000156452117419168	2.07060074121164	HMGA2
ENSG00000106484	1.16305416666668	5.06323819444445	4.3729271335291	2.23810891777661e-05	0.000156659570595864	2.06899922305694	MEST
ENSG00000101251	2.60855416666666	-3.73137013888889	4.38181337398647	2.24358983963974e-05	0.000156986725038389	2.0722365720795	SEL1L2
ENSG00000185304	1.19823611111111	1.45130972222222	4.37354622439387	2.24869458424041e-05	0.000157230794581756	2.06555808330185	RGPD2
ENSG00000075035	1.0146625	-1.81940486111111	4.36895096798672	2.27467872238807e-05	0.000158933371077201	2.05359541629578	WSCD2
ENSG00000154175	1.04753472222223	6.24284236111111	4.36762928478031	2.28696121840603e-05	0.000159676847165951	2.04847758407861	ABI3BP
ENSG00000243716	1.10914583333335	7.45452152777778	4.36649711929633	2.29753316236748e-05	0.000160357427608081	2.0440945626324	NPIPB5
ENSG00000110245	3.05146111111111	-2.32764305555556	4.37426831777025	2.33098519077695e-05	0.000162284623947721	2.03700856865169	APOC3
ENSG00000269404	1.26927361111111	-1.66812847222222	4.35733484809843	2.38483338134014e-05	0.000165736973682845	2.0086566729191	SPIB
ENSG00000151572	1.5037361111111	-3.34370555555556	4.35573305059614	2.4004193601923e-05	0.000166760562123074	2.00246718846019	ANO4
ENSG00000105835	1.26538194444447	7.63674513888888	4.35058629512789	2.45116391981133e-05	0.000169921741155275	1.98259169161812	NAMPT
ENSG00000196923	1.11554583333335	7.01246180555556	4.34566743071272	2.50062345237148e-05	0.000172980538390932	1.963613388493	PDLIM7
ENSG00000197106	1.1700986111111	-4.60999930555556	4.34343802508835	2.52335463869546e-05	0.000174345885615453	1.9550172604089	SLC6A17
ENSG00000137193	1.04803194444447	5.59442569444445	4.34337875592236	2.52396165124335e-05	0.000174345885615453	1.95478877772958	PIM1
ENSG00000160951	1.31984166666667	0.314623611111111	4.3461980391767	2.52624387741621e-05	0.000174380751964159	1.95572954281293	PTGER1
ENSG00000196361	1.40026388888888	-3.18817361111111	4.34082597079762	2.55023982544773e-05	0.000175787615466369	1.94495009992584	ELAVL3
ENSG00000196468	1.93374027777776	-7.93255763888887	4.33575276581614	2.60998086890798e-05	0.000179523860898154	1.9233346460443	FGF16
ENSG00000105639	1.05224166666668	3.79228888888889	4.3333013425747	2.62923523993617e-05	0.000180784319148951	1.91597575652887	JAK3
ENSG00000137726	1.05048611111112	6.29259305555555	4.33263220475593	2.63637266808352e-05	0.000181211028761698	1.91340107577255	FXYD6
ENSG00000160471	1.311175	-1.67207222222222	4.33248814406758	2.63791173835422e-05	0.000181252769814434	1.91284680569197	COX6B2
ENSG00000135447	1.05493055555556	-0.110411111111111	4.32968935756832	2.66798428097801e-05	0.000183125018467129	1.90208140049871	PPP1R1A
ENSG00000165646	1.00157916666667	1.49994097222222	4.32705198585336	2.69662347881011e-05	0.000184960225351954	1.89194184896261	SLC18A2
ENSG00000169504	1.05008472222224	6.74309236111111	4.32691604794251	2.69810759780509e-05	0.000184975109342897	1.89141935755811	CLIC4
ENSG00000022267	1.18742916666667	8.08400902777778	4.31994122316415	2.77531736954831e-05	0.000189822339917207	1.8646281363083	FHL1
ENSG00000103196	1.11324861111113	6.39451041666667	4.31863686792926	2.78998978274037e-05	0.000190691782339655	1.85962169112189	CRISPLD2
ENSG00000127603	1.13090277777779	7.95308194444444	4.31567049558796	2.82363560234476e-05	0.000192720560480036	1.84824041208028	MACF1
ENSG00000108848	1.06430000000001	7.17691111111111	4.31503830134423	2.83085638698984e-05	0.000193145627638465	1.84581562196467	LUC7L3
ENSG00000176406	1.29128611111111	-4.14699166666667	4.31186550592944	2.86736386047844e-05	0.000195362388140198	1.83365052281582	RIMS2
ENSG00000108231	2.05920972222221	-5.27843402777777	4.31383806017448	2.89950248837177e-05	0.000196931293309384	1.82589217103996	LGI1
ENSG00000124140	1.01146111111111	0.841320833333333	4.30276856118465	2.97455926048981e-05	0.000201747303818158	1.79881000160284	SLC12A5
ENSG00000196187	1.00092916666668	5.81244791666666	4.29991187142605	3.00900769118233e-05	0.000203941524769612	1.78788103152887	TMEM63A
ENSG00000149591	1.29063750000002	10.03700625	4.29715997184261	3.04255425989496e-05	0.000205784998134481	1.77735834847961	TAGLN
ENSG00000133055	1.64895138888888	-3.04423125	4.2967810062757	3.0472019929189e-05	0.000206027713473265	1.77590967836465	MYBPH
ENSG00000175267	1.44336527777778	2.12342152777778	4.30253877559205	3.06318164476325e-05	0.000206892393590051	1.77516588485285	VWA3A
ENSG00000175868	1.62222222222221	-4.77847361111111	4.29520802202482	3.06656640583285e-05	0.000207049113940509	1.7698977100954	CALCB
ENSG00000103888	1.2020638888889	3.33641388888889	4.2968453924018	3.06833493782732e-05	0.000207096638482363	1.7704168079794	CEMIP
ENSG00000163554	1.51972916666666	-1.92140208333333	4.28877451425854	3.15310130590497e-05	0.000212302272767267	1.74377848774373	SPTA1
ENSG00000169246	1.04280972222224	6.41107152777778	4.2850154494596	3.19493430373803e-05	0.000214673098709196	1.73098345583855	NPIPB3
ENSG00000137745	2.50517777777776	-6.59191388888887	4.29260639745636	3.20068548774233e-05	0.000214985269708439	1.73409635610824	MMP13
ENSG00000174080	1.03966805555556	4.98844791666667	4.28285489946316	3.22279932295586e-05	0.000216023061440859	1.72274401845903	CTSF
ENSG00000205307	1.09312916666668	3.81476875	4.28229168797998	3.23010138393065e-05	0.0002164379335867	1.72059670137861	SAP25
ENSG00000171223	1.31818333333335	8.28299583333333	4.27737870582635	3.29447495272396e-05	0.000220296070059768	1.70187473632883	JUNB
ENSG00000104435	1.17319861111111	-2.48165763888889	4.27538465077677	3.32095207258292e-05	0.000221837773749598	1.69428078847287	STMN2
ENSG00000172733	1.15961111111111	-2.67540416666667	4.27055536720215	3.38592373552231e-05	0.000225712777598972	1.67590100487088	PURG
ENSG00000113520	2.57059722222222	-7.11163888888887	4.27197590320595	3.47910607497012e-05	0.000230855265529208	1.65508834748748	IL4
ENSG00000103740	1.16352777777778	-1.26372361111111	4.26167234204685	3.50862972505416e-05	0.000232458669658561	1.64213579884272	ACSBG1
ENSG00000149295	1.49886388888888	-3.47073194444445	4.25992488408786	3.53326506355167e-05	0.000234011140674863	1.63550006950003	DRD2
ENSG00000204165	1.2457625	1.77850763888889	4.26279433483896	3.5455535881254e-05	0.000234665220810532	1.63446447171259	CXorf65
ENSG00000103496	1.02229583333335	6.60199097222223	4.2580489160914	3.55989667324755e-05	0.000235378741924511	1.6283787289311	STX4
ENSG00000184905	1.00088194444446	3.10535902777778	4.25306753505077	3.63155058031273e-05	0.000239379606534202	1.60948097068259	TCEAL2
ENSG00000154027	1.24617222222222	-1.95865694444444	4.25197516734579	3.64744738609518e-05	0.000240264634454194	1.60533921156202	AK5
ENSG00000221938	2.11612916666664	-7.61256041666665	4.25583670679999	3.65005500100109e-05	0.00024034850571353	1.60710625390817	OR2A14
ENSG00000151651	1.0546263888889	4.65245763888889	4.24985215584336	3.67853376295728e-05	0.000242066436931817	1.59729212335081	ADAM8
ENSG00000120708	1.09118888888891	6.81033194444445	4.24872544517736	3.6951347160106e-05	0.000242994457389582	1.59302271400822	TGFBI
ENSG00000105401	1.10262916666669	7.91939097222222	4.24623260104167	3.73211986649086e-05	0.00024501247263915	1.58357983362529	CDC37
ENSG00000127314	1.03126111111113	7.08491666666667	4.24390554895598	3.76696525573497e-05	0.000247049926347123	1.57476892141023	RAP1B
ENSG00000184144	1.3801375	-4.90557152777778	4.24330635153546	3.77598802426396e-05	0.00024747479463606	1.57250079901309	CNTN2
ENSG00000171916	1.34147638888889	-0.912215972222222	4.24154382896992	3.80532254444201e-05	0.000249263910772089	1.56527116945464	LGALS9C
ENSG00000137270	1.43627916666666	-3.50105763888889	4.2399823019986	3.8264192519987e-05	0.000250358248536424	1.55992297716394	GCM1
ENSG00000185885	1.13807222222224	7.78042916666666	4.23646785939217	3.88044085652869e-05	0.000253466539762243	1.54663319977321	IFITM1
ENSG00000026508	1.08361250000002	7.42103541666667	4.23160363695001	3.95641747067951e-05	0.000257564366263915	1.52825363582875	CD44
ENSG00000144406	1.13514305555555	-5.06268541666667	4.23130724673872	3.96109271197173e-05	0.000257696238907271	1.52713425900066	UNC80
ENSG00000275379	2.30669999999999	-8.04004999999998	4.2359664121055	3.98019868420883e-05	0.000258679668577448	1.5261414931277	H3C11
ENSG00000273047	2.06021944444445	0.569479166666666	4.22916114508798	4.15692799045692e-05	0.00026926594495627	1.48747968305427	
ENSG00000267706	1.8889625	-7.74353402777776	4.21941077320646	4.1676038066631e-05	0.000269867607347572	1.47950311626709	
ENSG00000170373	2.25151944444444	-7.96760555555553	4.21987854745969	4.23623088162683e-05	0.000273401337456553	1.46682204442689	CST1
ENSG00000185215	1.17868750000002	7.70447847222222	4.21388769753833	4.24536112158501e-05	0.000273718145631659	1.4614548638737	TNFAIP2
ENSG00000184270	2.85343055555556	-6.21899999999999	4.22099049663136	4.28435092708538e-05	0.000275683738781557	1.45853427618323	H2AC21
ENSG00000173110	1.40178194444445	4.13498402777778	4.21522479328251	4.31225924597854e-05	0.000277204450934483	1.44986550515318	HSPA6
ENSG00000086506	2.49993333333333	-3.14982083333333	4.21737972196827	4.3360613973889e-05	0.000278274715612039	1.44681304985656	HBQ1
ENSG00000178055	1.7867625	-3.14931180555556	4.21100567239487	4.33906649821023e-05	0.000278375730617366	1.44237090444955	PRSS42P
ENSG00000089351	1.05142777777779	6.86943194444444	4.20388665251175	4.41729159641487e-05	0.000282555593993627	1.4238435217577	GRAMD1A
ENSG00000234965	2.2483861111111	-5.53347777777777	4.20899100404686	4.44465496922216e-05	0.00028411905508153	1.42207264854624	SHISA8
ENSG00000167779	1.25848194444446	6.05166041666667	4.19975654747554	4.49022161711724e-05	0.000286560993753821	1.40833194753406	IGFBP6
ENSG00000162951	2.01832777777777	-6.34655416666666	4.19785044142395	4.59500229127267e-05	0.000292480316000772	1.38888866705199	LRRTM1
ENSG00000007933	1.01486111111112	3.86169166666667	4.18813195615245	4.70173193323968e-05	0.000298589910432185	1.36473806835388	FMO3
ENSG00000170166	1.20591388888889	-1.73432222222222	4.18719211278822	4.71924303396047e-05	0.000299604162847908	1.36121771547715	HOXD4
ENSG00000077238	1.05618750000002	7.03859652777778	4.18617720966366	4.7382227509347e-05	0.000300710959057689	1.35741691785621	IL4R
ENSG00000181143	2.25305972222222	-1.14893263888889	4.19489571436703	4.75284757798784e-05	0.000301442422846493	1.36033557580648	MUC16
ENSG00000115155	1.0037861111111	-2.87607222222222	4.18386085129101	4.78181508722333e-05	0.000303180792296832	1.34874493229041	OTOF
ENSG00000108947	1.20525972222222	-0.944147916666667	4.18310111352042	4.79619627008525e-05	0.000303894494611395	1.34590145603063	EFNB3
ENSG00000268902	1.72739861111107	-9.03329236111108	4.1812337458445	4.83172008424208e-05	0.000305946025646735	1.33891418990061	CSAG2
ENSG00000115541	1.14027916666668	6.88083125	4.18074430587097	4.8410725048319e-05	0.00030633878452827	1.33708322692855	HSPE1
ENSG00000111405	1.1918	-0.7725875	4.18064127433789	4.84304348033115e-05	0.000306363843185045	1.33669781441146	ENDOU
ENSG00000100146	2.23218194444444	-4.79211736111111	4.17508703681742	5.08346130636906e-05	0.000319804299260967	1.29498209158295	SOX10
ENSG00000183090	1.81911944444443	-6.05636944444444	4.16209284204255	5.24257843800618e-05	0.000328862054573462	1.26261875408023	FREM3
ENSG00000187140	1.91597638888888	-6.68875208333332	4.15773128818537	5.35487615184405e-05	0.000334606652443528	1.24319731706579	FOXD3
ENSG00000061273	1.00688194444446	6.70875763888889	4.15239359719182	5.41338846857798e-05	0.000337828785661786	1.2313164207381	HDAC7
ENSG00000106565	1.04431527777779	6.32655069444445	4.15086973468844	5.44591610362752e-05	0.000339531923230008	1.22564765812631	TMEM176B
ENSG00000180383	2.19656805555556	-1.37934930555556	4.15346466374495	5.58343696113215e-05	0.000347026086201301	1.20760555725096	DEFB124
ENSG00000184922	1.01019444444446	6.39786527777778	4.14449808046996	5.5839587179214e-05	0.000347026086201301	1.20196311821099	FMNL1
ENSG00000096006	1.29815972222222	-0.970302083333333	4.14231480080679	5.6320248731631e-05	0.000349549719998478	1.1938541728017	CRISP3
ENSG00000136267	1.57512916666666	-4.47988819444444	4.13921946986325	5.70084901812541e-05	0.000353274657854653	1.18236361597206	DGKB
ENSG00000118503	1.0695263888889	5.62027152777778	4.1389678170193	5.70647969029582e-05	0.000353510964763166	1.18142972626862	TNFAIP3
ENSG00000197721	1.42976388888889	-1.85730972222222	4.13844114472019	5.71828107436349e-05	0.000353999045206243	1.1794753796328	CR1L
ENSG00000133742	1.24042361111111	0.840609027777778	4.14005458089765	5.7542964295579e-05	0.000355906436081908	1.17553905272202	CA1
ENSG00000069696	1.25644583333333	-0.381060416666667	4.13667986287705	5.77382241873209e-05	0.000356783845695086	1.17077044374006	DRD4
ENSG00000138755	1.35677916666667	1.97618125	4.14184391573878	5.77415243462449e-05	0.000356783845695086	1.17394148383204	CXCL9
ENSG00000144381	1.14990416666669	7.02786180555556	4.13467820433333	5.80328061434291e-05	0.000358252664265942	1.16551784998052	HSPD1
ENSG00000005102	1.426325	-1.67742222222222	4.13313447292325	5.84697900696913e-05	0.000360721330934233	1.15865322932595	MEOX1
ENSG00000197506	1.21801388888889	-0.287383333333333	4.12942106855037	5.92536203213968e-05	0.000365209576201461	1.14586187458568	SLC28A3
ENSG00000122786	1.04125555555557	7.2043125	4.12564684590096	6.01224364669052e-05	0.000369744430652621	1.1320600860927	CALD1
ENSG00000170689	1.65763749999998	-6.41062152777777	4.12548210517971	6.01612133381417e-05	0.000369785371626963	1.13145032758915	HOXB9
ENSG00000196611	2.10147916666667	0.187340972222222	4.12343786531347	6.29031026950328e-05	0.000383811528740207	1.09516178049086	MMP1
ENSG00000181273	1.87291527777778	-8.42456736111109	4.09690549367547	6.75033366660938e-05	0.000408421432295134	1.02316693976552	OR5AK2
ENSG00000204969	1.14020972222222	-2.64450208333333	4.09468425980362	6.78460950024621e-05	0.000410240049732015	1.01780039536378	PCDHA2
ENSG00000182870	1.36580833333333	-2.11123333333333	4.08099229826904	7.15559800989592e-05	0.000430664271313414	0.96749394925919	GALNT9
ENSG00000150656	1.16231944444444	-2.4660125	4.07570315444411	7.30403308062612e-05	0.000438647889732446	0.948097063749944	CNDP1
ENSG00000035862	1.03570416666668	7.73648541666667	4.07515456261624	7.31959603257414e-05	0.000439446858103803	0.946086370276886	TIMP2
ENSG00000172232	1.34234861111112	2.63188541666667	4.08002784863878	7.34132424210984e-05	0.00044047945452659	0.946853797497153	AZU1
ENSG00000006377	1.86456944444443	-7.69378749999998	4.06679087713951	7.60560386175465e-05	0.000455072920082595	0.910849391071451	DLX6
ENSG00000159251	1.10254305555556	0.696632638888889	4.06517120938951	7.6092475155925e-05	0.000455099056945669	0.909447161752858	ACTC1
ENSG00000116014	2.05391805555555	-4.96390069444444	4.06768937181893	7.6891857791701e-05	0.000459226410121022	0.902889488172932	KISS1R
ENSG00000275302	1.12892916666668	4.41177291666667	4.06135935962847	7.72152300189708e-05	0.000460874702156803	0.895595960591225	CCL4
ENSG00000166592	1.04215416666668	5.30221736111111	4.05907048267769	7.79021554668038e-05	0.000464120284269607	0.887232015591662	RRAD
ENSG00000134531	1.12440694444446	7.37045208333333	4.05870714280731	7.80117341577977e-05	0.000464488598970763	0.885904659477445	EMP1
ENSG00000071909	1.35171388888888	-5.21339305555556	4.05576972405386	7.89030411820066e-05	0.00046893429791396	0.87517717493625	MYO3B
ENSG00000147257	1.03314444444446	6.85304722222222	4.05417022736125	7.93924587061135e-05	0.000471123278447627	0.869338429040757	GPC3
ENSG00000111087	1.02578611111111	0.828238888888889	4.05367761470162	7.95437720990199e-05	0.000471877235398028	0.867540587330019	GLI1
ENSG00000128683	1.06289305555555	-1.68911180555555	4.05273704456158	7.98334472112552e-05	0.000473451285107724	0.864108366995805	GAD1
ENSG00000069011	1.49812361111111	-2.47286180555556	4.04661273333999	8.17787157251941e-05	0.000482783712847535	0.841448813999115	PITX1
ENSG00000066032	1.83591388888889	-5.73056249999999	4.04911059978535	8.17793714699069e-05	0.000482783712847535	0.8430358276437	CTNNA2
ENSG00000198805	1.06615138888891	5.78218125	4.04206081714977	8.31928619660815e-05	0.00049083031573073	0.825194953838357	PNP
ENSG00000005471	1.16301388888888	-2.66111388888889	4.0409461753479	8.35512741768416e-05	0.000492795447328054	0.821137011125421	ABCB4
ENSG00000166741	1.15585416666669	8.43665486111111	4.03988648124916	8.38933838233759e-05	0.000494663262240772	0.817279947929748	NNMT
ENSG00000170577	1.58197083333332	-3.27949930555556	4.03708659128106	8.48037378493361e-05	0.000499728054724413	0.807092869769069	SIX2
ENSG00000142025	2.0952236111111	-6.20011458333332	4.04116546759103	8.5150684013361e-05	0.000501620564938794	0.806523861946646	DMRTC2
ENSG00000159176	1.09858750000002	8.42475208333334	4.0324866072782	8.63198675399418e-05	0.000507739359959767	0.7903687447039	CSRP1
ENSG00000254979	1.00525416666667	0.916865972222222	4.02881938668645	8.75470527641347e-05	0.000514180335256023	0.777046900464077	
ENSG00000175161	1.23006666666666	-1.88330555555556	4.02747038630395	8.80026502269507e-05	0.000516232675577396	0.772148877207118	CADM2
ENSG00000101323	1.81819583333333	-8.02167708333331	4.02425939503621	8.93805673420454e-05	0.000523999637111955	0.758021033178218	HAO1
ENSG00000273079	1.52787222222222	-6.61538888888888	4.01818791082193	9.11994904724357e-05	0.000533056637220499	0.738481546576847	GRIN2B
ENSG00000179168	1.02354166666667	-1.04913888888889	4.01778056772443	9.13422839106834e-05	0.000533730882135961	0.737005562220455	GGN
ENSG00000123496	1.567125	-0.520315277777778	4.01938837445031	9.28239544421198e-05	0.0005412504681679	0.725553622574078	IL13RA2
ENSG00000256188	1.89828472222222	-6.32985486111111	4.01408003146909	9.37774921052862e-05	0.000545828778106531	0.714215694153348	TAS2R30
ENSG00000130066	1.2335277777778	10.6658152777778	4.01077827065885	9.38305145743822e-05	0.000545974026174359	0.711652084479923	SAT1
ENSG00000259399	2.93280833333333	-4.5062	4.01850341674629	9.41669570112942e-05	0.000547604080054916	0.713843269870662	TGIF2-RAB5IF
ENSG00000162734	1.00638194444447	7.20983402777778	4.00554261272381	9.57330664820454e-05	0.000556212547553389	0.692718552683402	PEA15
ENSG00000197977	1.01635416666666	-2.81921180555556	4.00487208148387	9.59793667279254e-05	0.00055747705034088	0.690295181232775	ELOVL2
ENSG00000163040	1.12115416666667	2.02048125	4.0021334953765	9.78173856640321e-05	0.000567305839575657	0.67383547402788	CCDC74A
ENSG00000140873	1.76344722222223	-6.22145555555555	4.00032499229456	9.82208818040946e-05	0.000568780308779735	0.669480644940545	ADAMTS18
ENSG00000170370	1.86188333333333	-5.72783194444444	4.0013836690529	9.84398188760514e-05	0.000569557214984221	0.668440183658848	EMX2
ENSG00000012504	2.07022777777777	-5.34182916666666	3.99892016651546	0.000100214237723223	0.000578618982544416	0.653021982940561	NR1H4
ENSG00000120329	1.68793888888889	-4.25729583333333	3.98856350704292	0.000102494963229805	0.000590560433870311	0.62891902793643	SLC25A2
ENSG00000177108	1.5539611111111	-5.78464444444444	3.98619291586392	0.000103088511124599	0.000593628691058525	0.622918990161512	ZDHHC22
ENSG00000134871	1.03623750000002	7.51903819444444	3.97556686879591	0.00010735376747594	0.000615094399099257	0.584704751781449	COL4A2
ENSG00000145681	1.47695138888889	-2.45074930555556	3.97336217030422	0.000108377085774378	0.000620044433083294	0.57594901444134	HAPLN1
ENSG00000152527	1.01505972222223	4.93325486111111	3.96765497424131	0.000110638211677179	0.000632236925248087	0.556305238814625	PLEKHH2
ENSG00000121053	1.34708194444444	-2.46175763888889	3.96406054075282	0.000112161776124536	0.00064037888734208	0.543418334002981	EPX
ENSG00000179088	1.95106527777777	-4.77081736111111	3.96841804176068	0.000112219952619103	0.000640523039421005	0.545856975717635	C12orf42
ENSG00000169594	1.40363749999999	-3.77545763888889	3.95723857731575	0.000115108503576677	0.000654513478975013	0.518986116155594	BNC1
ENSG00000147647	1.041725	-0.0863069444444444	3.95669049110732	0.000115348420281314	0.00065549444093255	0.517024684745509	DPYS
ENSG00000172058	1.13209861111111	0.982022916666666	3.95764069115273	0.000115775071238124	0.000657726835783877	0.514802312662626	SERF1A
ENSG00000147378	2.1559861111111	-4.50390277777778	3.95856782611641	0.000117168286231912	0.000664283737622603	0.506197109849864	FATE1
ENSG00000187546	1.0159	-2.52992222222222	3.9479583662674	0.000119235599677223	0.000673843952620957	0.485804971716485	AGMO
ENSG00000137948	1.87969166666666	-4.88739305555555	3.95105632659234	0.000119523642526259	0.000675079527996747	0.48597591708479	BRDT
ENSG00000168314	1.10148055555555	-1.56725555555555	3.94459680381233	0.000120765016661369	0.000679919277596799	0.473801467993077	MOBP
ENSG00000105642	1.33202083333333	-4.06230208333334	3.94130369820516	0.000122281383162319	0.000686866146483809	0.462050499108646	KCNN1
ENSG00000169035	1.51788888888889	-2.24323888888889	3.93974759305607	0.000123825705256614	0.000694249862682603	0.451386389355761	KLK7
ENSG00000184697	1.98550277777777	-5.04302777777777	3.94055767863721	0.000124850300284303	0.00069947812244535	0.445587195586537	CLDN6
ENSG00000184601	1.03931388888889	-2.20655555555556	3.92731857964805	0.00012892532943132	0.000718995271817097	0.412235913714307	C14orf180
ENSG00000124493	1.28145972222221	-4.49344513888889	3.92709209287166	0.000129035702295345	0.000719198418638698	0.411430364682477	GRM4
ENSG00000166920	1.30173333333334	2.53956944444444	3.93205749898933	0.000129143558208189	0.000719593381342222	0.414054607292505	C15orf48
ENSG00000182379	1.18294722222222	-2.22481388888889	3.92436967070013	0.000130369464204137	0.000725800462993381	0.401750454807233	NXPH4
ENSG00000142102	1.02902083333335	7.02552986111111	3.91470556151144	0.00013521078702579	0.000749108581380139	0.367432847154937	PGGHG
ENSG00000206432	1.26411666666666	-3.29867083333333	3.9117791576965	0.000136710211575086	0.000756769218997887	0.357054735147421	TMEM200C
ENSG00000249240	2.37395138888888	-3.35547013888889	3.91506566794078	0.00013874401348342	0.000765848056265464	0.347920651388919	
ENSG00000184408	1.16899583333333	-3.17776736111111	3.90721922822333	0.000139078181317406	0.000767039632261462	0.340896199001588	KCND2
ENSG00000183715	1.38388472222221	-5.52119097222222	3.90578234933716	0.000139832399171651	0.000770543860817834	0.335807682147141	OPCML
ENSG00000174226	2.14051111111111	-5.55173888888888	3.9109316231949	0.000140150783365958	0.000771860996046041	0.337472637068804	SNX31
ENSG00000131055	1.02109305555557	5.49029097222222	3.8990409062128	0.000143423215172165	0.000787875849062117	0.311954225062575	COX4I2
ENSG00000143333	1.05250000000001	4.36650833333333	3.89720513218411	0.000144416122151334	0.000791988274059132	0.305464498988687	RGS16
ENSG00000162494	1.74903611111111	-6.06287777777777	3.8988586409305	0.000144556546356229	0.000792534932277726	0.305818721405774	LRRC38
ENSG00000175602	1.03262777777779	5.37021666666667	3.89239288456724	0.000147050015111488	0.000803939542987256	0.288464403189891	CCDC85B
ENSG00000120088	2.01154166666664	-6.5561861111111	3.89517502038167	0.000147959386469392	0.000808002803369628	0.285604061117931	CRHR1
ENSG00000197641	2.01937499999999	-4.99534861111111	3.89397079443873	0.000148970532141531	0.000812384298070383	0.279605483290533	SERPINB13
ENSG00000180638	1.00884444444444	-3.5948625	3.88637754597858	0.000150406646777802	0.000819526636728799	0.267238410462014	SLC47A2
ENSG00000170442	1.07844166666666	-2.34165	3.88230613438679	0.000152719735422442	0.000830269506270918	0.252887134273225	KRT86
ENSG00000144644	1.54808194444444	-5.39822569444444	3.88121689451187	0.000153344273594991	0.000833431911139919	0.249049777869312	GADL1
ENSG00000262481	1.21310833333333	-0.882306944444445	3.88103706438517	0.000153447616076916	0.000833527793333752	0.248416327254546	TMEM256-PLSCR3
ENSG00000122012	1.1334125	-4.81683819444444	3.87931564729394	0.000154440213068444	0.000837983549402333	0.242353864798596	SV2C
ENSG00000248746	1.09611805555555	-3.33270069444445	3.8788622385093	0.000154702669417368	0.00083917354308607	0.240757423633871	ACTN3
ENSG00000185038	1.76773194444445	-7.49810763888887	3.87135624075261	0.000159918626971822	0.000865536208084552	0.210490042325112	MROH2A
ENSG00000187608	1.01481666666668	5.5302875	3.86396545255901	0.000163565252917967	0.000882816675849138	0.188391501652956	ISG15
ENSG00000007062	1.40656388888889	0.234555555555555	3.86356021211825	0.000167045239645451	0.000900100831463519	0.172112192151356	PROM1
ENSG00000142156	1.02549305555557	7.92909375	3.85390833978293	0.000169819030672244	0.000913781406538447	0.153131967577981	COL6A1
ENSG00000143184	1.0999375	-0.536979861111111	3.8537112980599	0.000169943795421775	0.000914199864088596	0.152441908613208	XCL1
ENSG00000102265	1.28424166666669	9.75728194444445	3.8494829795676	0.000172642192964894	0.000926665545682427	0.137640934752078	TIMP1
ENSG00000130522	1.06370416666669	7.50751597222222	3.84908032611956	0.000172901266417792	0.000927544245548506	0.136232168574833	JUND
ENSG00000183560	1.43720416666664	-9.05361874999997	3.84847915725548	0.000173288754910253	0.000929366655780049	0.134129081180471	IZUMO1R
ENSG00000224383	1.01021250000001	3.14433125	3.84479372936734	0.000175682311141498	0.000940129935715109	0.121242152178375	PRR29
ENSG00000130950	1.83516805555555	-7.20732708333332	3.84390678159804	0.000177921470736375	0.000950021534110339	0.111040184874417	NUTM2F
ENSG00000170482	1.02256944444444	-1.10186944444445	3.8383062076909	0.000179972176999477	0.000959128434792831	0.0985817981890902	SLC23A1
ENSG00000163623	1.63060138888889	-4.61350902777778	3.825814601455	0.000189336926322864	0.00100081029642184	0.0517429206198434	NKX6-1
ENSG00000248993	2.48704999999998	-7.18119027777776	3.82768483859451	0.000191915554094474	0.00101224006460025	0.0427747139844712	
ENSG00000189350	1.12381527777779	2.76433263888889	3.81751956144395	0.000196389620159395	0.00103247861928123	0.0184836502824686	TOGARAM2
ENSG00000165091	1.96590138888889	-6.7396798611111	3.81503054008637	0.000199188020507131	0.00104634225625296	0.0061117800754209	TMC1
ENSG00000165471	1.07796944444443	-9.13853194444442	3.8063520431471	0.000202592941252954	0.00106149892283545	-0.0125701577243618	MBL2
ENSG00000165197	1.01201250000002	4.92098680555556	3.80626146342486	0.000202660739543296	0.00106149892283545	-0.0128841457522517	VEGFD
ENSG00000148584	1.49374444444442	-6.63519583333332	3.80100577176429	0.000206631645988113	0.00107961288685489	-0.0310920307043192	A1CF
ENSG00000123358	1.20730138888891	8.13926736111111	3.79975548268611	0.000207587100295956	0.00108402262414951	-0.0354204817777584	NR4A1
ENSG00000130702	1.02208472222224	7.93342013888889	3.79420889833616	0.000211876471668411	0.00110493863991794	-0.0546083169255835	LAMA5
ENSG00000101198	1.67124722222222	-3.27280833333333	3.79230854686527	0.00021534024029475	0.00111999955995013	-0.0681126552371705	NKAIN4
ENSG00000183196	1.28439722222222	-1.66513888888889	3.78948889801139	0.00021559266996497	0.00112101272818995	-0.0709183825851758	CHST6
ENSG00000106341	1.78906944444444	-5.19698888888889	3.78416211211568	0.000222378833533956	0.00115106787384314	-0.0978667760228475	PPP1R17
ENSG00000165966	1.00816805555555	-1.14158680555556	3.77604323427652	0.000226520525280956	0.00116939417668927	-0.11728788915882	PDZRN4
ENSG00000250361	2.74861388888889	-4.14652916666667	3.77323456606612	0.000235018992224411	0.00120717967698686	-0.146858466095574	GYPB
ENSG00000183185	1.12617499999999	-8.89287638888886	3.74426802567912	0.000254468600536236	0.00129038665735945	-0.226325542897915	GABRR3
ENSG00000186652	1.49505555555556	-0.0206972222222222	3.74928707989598	0.000254977668858905	0.00129263112187736	-0.224355434197812	PRG2
ENSG00000143632	1.11150833333334	2.23281111111111	3.73939083386464	0.000261762388491371	0.0013209483806793	-0.250809676619359	ACTA1
ENSG00000164692	1.08735694444447	8.24228541666667	3.73520660713416	0.000263018404438942	0.0013260236744796	-0.257279582690198	COL1A2
ENSG00000156687	1.15944583333332	-4.17673958333333	3.73358223080677	0.000264579527457164	0.00133331631297843	-0.262821889713488	UNC5D
ENSG00000104938	1.34473888888889	0.862745833333334	3.73819637476736	0.000265101294807684	0.00133559968572884	-0.261098122380516	CLEC4M
ENSG00000197632	1.56372916666667	-0.390727083333333	3.7358476140734	0.00026785527283085	0.0013480778181386	-0.270434907516954	SERPINB2
ENSG00000077942	1.03460555555558	8.46463472222222	3.70698599164889	0.000291421251963729	0.00145501185657045	-0.353281103650456	FBLN1
ENSG00000163116	1.29247777777777	-4.04028194444445	3.7061108446063	0.000292346811957901	0.00145888409086842	-0.356248480070978	STPG2
ENSG00000164122	1.38690833333332	-3.90790277777778	3.70554750917708	0.000292944068455832	0.00146111487682124	-0.358158281670608	ASB5
ENSG00000188730	1.17176111111111	-4.53520416666667	3.69277123563964	0.000306803577079054	0.00152049507804886	-0.401406809389552	VWC2
ENSG00000260007	2.63321527777777	-3.32205625	3.69779259981942	0.000308866254622499	0.00152954846866519	-0.402862165600387	
ENSG00000096384	1.0129638888889	8.81609166666667	3.68492337983402	0.0003156217461428	0.00155745159968791	-0.427910353418722	HSP90AB1
ENSG00000107796	1.11073055555558	9.27113194444445	3.68446080768957	0.000316148916949971	0.00155965729964769	-0.429471065063189	ACTA2
ENSG00000077009	1.01122361111111	-1.24360902777778	3.67274758556452	0.000329778565319547	0.00161868600872971	-0.468936599177748	NMRK2
ENSG00000198959	1.00902222222224	8.61366805555556	3.66546246980448	0.000338533667054397	0.00165664324315526	-0.493429309921756	TGM2
ENSG00000127377	1.55307083333333	-3.45563680555556	3.65921842846526	0.000347789167739897	0.00169894397058676	-0.517741365557569	CRYGN
ENSG00000101883	1.67524305555555	-1.89139791666667	3.66249094314732	0.000347928207829312	0.00169919645962736	-0.515724684458627	RHOXF1
ENSG00000277586	1.26030694444444	-4.11986736111111	3.65652950097069	0.000349568885840704	0.00170563240282138	-0.523406441331074	NEFL
ENSG00000145808	1.73839444444443	-5.95083194444444	3.65837407309395	0.000350567721276538	0.00170951198653077	-0.524205187944966	ADAMTS19
ENSG00000143878	1.0624402777778	8.28184652777777	3.64746160169409	0.000361117652253834	0.00175260992306427	-0.553773544407195	RHOB
ENSG00000133110	1.16115833333335	4.66204722222222	3.6474865466881	0.00036414638892986	0.0017637887344282	-0.559902805256328	POSTN
ENSG00000168875	1.57355555555553	-8.10394999999998	3.63822266482455	0.000373254105204981	0.00180372945233561	-0.584648246183117	SOX14
ENSG00000091482	1.58895972222222	-3.19432152777778	3.63592375493879	0.00037928722721275	0.00182847463289775	-0.598063861969637	SMPX
ENSG00000176165	1.33153333333331	-6.65331944444443	3.62987116647458	0.000384555153253267	0.00184974452054464	-0.61250061836254	FOXG1
ENSG00000127083	1.05872083333334	1.64412430555556	3.62896477575822	0.000389003496464098	0.00186744718983703	-0.621585691279209	OMD
ENSG00000188580	1.40226805555555	-5.27742708333333	3.62247421553413	0.000394833421109778	0.00189309827641789	-0.637124559375967	NKAIN2
ENSG00000196482	1.06217222222222	-2.76038888888889	3.61913666812885	0.000399555395916965	0.00191149817053045	-0.648221172700234	ESRRG
ENSG00000280893	1.79135555555554	-8.4002972222222	3.61596616184156	0.000407266021338066	0.00194312942042386	-0.664485417167107	
ENSG00000047457	1.02823194444445	2.80631041666667	3.61042266727561	0.000414788567895752	0.0019742214320827	-0.681844540783397	CP
ENSG00000136689	1.08063750000001	3.50264652777778	3.6108245888882	0.000414797603995578	0.0019742214320827	-0.681572616502757	IL1RN
ENSG00000144834	1.6645375	-2.28107291666667	3.61239446991295	0.000415235735995629	0.00197534006764172	-0.681221040220306	TAGLN3
ENSG00000160282	1.24346527777778	-1.61580486111111	3.60724923374625	0.000417388861309255	0.00198315782369019	-0.688688632690373	FTCD
ENSG00000125144	1.27545000000002	4.47747777777778	3.60970087040173	0.000419033850446314	0.00199048753574645	-0.689807472651601	MT1G
ENSG00000153822	1.066175	-2.12670277777778	3.6041120891509	0.000421479544910137	0.00200015128265235	-0.698067806056606	KCNJ16
ENSG00000128285	1.22457083333333	-2.44346041666667	3.60249572318541	0.000423904603276283	0.00201067845475012	-0.703419957001311	MCHR1
ENSG00000183921	1.06232777777777	-2.17311805555555	3.59897975580382	0.000429225165958066	0.00203200918980777	-0.715055116713555	SDR42E2
ENSG00000269067	1.17954027777777	-3.37856875	3.5985313456915	0.000429908234411465	0.00203370014002233	-0.716538321212968	ZNF728
ENSG00000164283	1.07045416666667	2.45551319444444	3.59781602804202	0.000434947115184713	0.0020545389229172	-0.725557306419296	ESM1
ENSG00000204421	1.03838472222222	-0.895674305555556	3.58608781037232	0.000449277479647434	0.00211517728310422	-0.757635478929762	LY6G6C
ENSG00000102128	1.4287125	-4.33220069444444	3.58361647173502	0.000453220908610815	0.00213102565005984	-0.765783228135382	RAB40AL
ENSG00000270106	1.83270138888889	-5.77936736111111	3.57769846751528	0.000468788784974288	0.0021957330713508	-0.794629813651205	TSNAX-DISC1
ENSG00000183971	1.45997083333333	-3.11197430555556	3.57436378806125	0.000469911962170347	0.00220046400773654	-0.798780293538078	NPW
ENSG00000203737	1.81457083333333	-5.25702013888889	3.57539925189615	0.000472635778669268	0.00221215379371381	-0.802232319315242	GPR52
ENSG00000196277	1.615	-4.44784305555556	3.57172144053759	0.000476017483146121	0.00222637462903543	-0.810073068248349	GRM7
ENSG00000165621	1.26907222222222	-2.23602638888889	3.56955554365773	0.000476285252412918	0.00222709152161925	-0.812050232296162	OXGR1
ENSG00000185198	1.23340555555555	-1.89418194444445	3.5667881487798	0.000480952949320184	0.00224621771192706	-0.821138118296432	PRSS57
ENSG00000198156	1.21562361111111	-0.14904375	3.56545490149148	0.0004881330264914	0.00227647174090403	-0.832859647944082	NPIPB6
ENSG00000065325	1.33130694444445	-1.09771597222222	3.56398313548986	0.000490440425661974	0.00228613639107997	-0.837348102356073	GLP2R
ENSG00000204071	1.75076527777777	-4.07176597222222	3.56198085097147	0.000494710281469965	0.00230328013287548	-0.84508739068287	TCEAL6
ENSG00000183571	1.60558055555555	-3.83002083333333	3.55652506180778	0.00050218207794946	0.00233488544973833	-0.859914512381702	PGPEP1L
ENSG00000164418	1.00252638888888	-3.15121319444444	3.55305576648501	0.000504759138877177	0.00234613495088144	-0.866145733604163	GRIK2
ENSG00000268916	2.0417	-7.58662083333332	3.55250548883208	0.000513491109259384	0.00238216767405522	-0.878963491089252	CSAG3
ENSG00000254536	2.25659722222222	-5.50301388888888	3.55364361818635	0.000513637316577522	0.00238227779734525	-0.878342116015185	
ENSG00000132002	1.12899305555557	6.43341597222222	3.54247621304106	0.000524574088125847	0.00242670504213645	-0.901716016064221	DNAJB1
ENSG00000100079	1.57484722222222	-0.0783388888888889	3.54654213935617	0.000526498150592908	0.00243438127533474	-0.901397978903432	LGALS2
ENSG00000156395	1.2464486111111	-7.91471041666665	3.53507226327385	0.00053761487348961	0.00247577758501892	-0.924863583403837	SORCS3
ENSG00000122136	2.1498611111111	-5.03767777777777	3.53745761284042	0.000543104199792943	0.00249450466005644	-0.93045282521847	OBP2A
ENSG00000204592	1.03821111111114	10.0849944444444	3.52786028109996	0.000551347951244226	0.00252561930610088	-0.948340307344135	HLA-E
ENSG00000164761	1.03591666666668	3.16104583333333	3.52782544498041	0.000555269638980916	0.00254083863031211	-0.95347473978731	TNFRSF11B
ENSG00000124469	1.21196527777778	-0.769028472222222	3.52452010062736	0.000561702578716495	0.00256523738874042	-0.964196818628091	CEACAM8
ENSG00000140557	1.43924444444444	-8.13115416666665	3.52123675179481	0.000564250529575022	0.00257345868729035	-0.969865575771598	ST8SIA2
ENSG00000167654	1.4322625	-6.01472569444444	3.51040971891167	0.000585954628142892	0.00265873324624109	-1.00497736740851	ATCAY
ENSG00000050730	1.06586805555556	-0.102167361111111	3.50567269491726	0.000597780361173874	0.00270419153152423	-1.02281892816564	TNIP3
ENSG00000131094	1.19711527777777	-2.96749513888889	3.49968581853564	0.000608223671276142	0.00274568736450766	-1.03966394760094	C1QL1
ENSG00000138347	1.17490833333332	-4.88579166666667	3.49250102247081	0.00062358573856412	0.00280397359837015	-1.06285266073948	MYPN
ENSG00000010932	1.06987222222222	-0.464841666666667	3.4881712236051	0.000634008492750952	0.00283899348556227	-1.07792533958713	FMO1
ENSG00000137868	1.73881111111111	-2.5834375	3.48873192709537	0.00064113110929322	0.00286498560486371	-1.08550253012957	STRA6
ENSG00000170419	1.58756666666668	-7.45878472222221	3.48239298440322	0.000648053206641423	0.00288994291049724	-1.09787887083728	VSTM2A
ENSG00000092345	1.24541388888887	-8.58488611111109	3.47962707531602	0.000652027496232755	0.00290500202856609	-1.10430126012113	DAZL
ENSG00000234745	1.04731944444447	10.9680513888889	3.47108333193069	0.000671570376247198	0.0029784283991702	-1.13173631535688	HLA-B
ENSG00000237515	1.07160277777777	-5.45517916666666	3.47087812140919	0.00067204646607311	0.0029798604645667	-1.13239456415106	SHISA9
ENSG00000131095	1.43691805555556	-0.576699305555556	3.47485327237453	0.000672877329322735	0.00298286458750817	-1.13031904043438	GFAP
ENSG00000077274	1.19413888888889	-3.33029166666667	3.46577127479072	0.000683996925949809	0.00302870662498877	-1.14876495987513	CAPN6
ENSG00000165478	1.63099027777778	-5.98766319444444	3.46510035285862	0.000690661018753081	0.00305473809385742	-1.1561721453268	HEPACAM
ENSG00000197769	1.01996250000001	1.56484236111111	3.46463769909661	0.00069172521476181	0.00305805429035153	-1.15761360306493	MAP1LC3C
ENSG00000178772	1.43598749999999	-7.16157152777776	3.45333031230356	0.000713949818003575	0.0031391844167734	-1.18855916530253	CPN2
ENSG00000268361	2.19163749999999	-7.3976784722222	3.45755305922211	0.000715551876788229	0.00314409647781446	-1.18699649743606	
ENSG00000179058	1.72158333333333	-5.13229444444444	3.4557049733254	0.000715878423756394	0.00314482093471305	-1.18870105717579	C9orf50
ENSG00000248483	1.11716666666666	-4.53324861111111	3.45214792614225	0.000716859675822233	0.00314770980002124	-1.19233482646583	POU5F2
ENSG00000163285	1.1573361111111	-8.12071666666665	3.4510562200521	0.000719556244212906	0.00315670005918571	-1.19581994045636	GABRG1
ENSG00000167768	1.00344722222223	1.13648472222222	3.45069458808584	0.00072468226605795	0.00317632254154106	-1.20113330988702	KRT1
ENSG00000255221	2.26765138888889	-5.8756298611111	3.43958524851615	0.000762015809386874	0.00331604732084865	-1.24509152125814	CARD17P
ENSG00000121742	1.04677499999999	-2.90173194444444	3.43070795070501	0.000771592258187029	0.0033532199745876	-1.26060602125986	GJB6
ENSG00000182508	1.70517499999999	-6.35432083333332	3.43328273618904	0.000771886681483974	0.00335375021850039	-1.25893845091682	LHFPL1
ENSG00000187689	2.25520138888889	-6.14648680555555	3.43506024488531	0.000773706057724587	0.00335940407028095	-1.25926888683594	AMTN
ENSG00000258947	1.04412083333334	1.09767152777778	3.43179979785868	0.000774685461368054	0.0033621607076057	-1.26261513187912	TUBB3
ENSG00000154252	1.77760416666666	-5.86801180555555	3.43177579777784	0.0007776540628171	0.00337278190187697	-1.26533925363555	GAL3ST2
ENSG00000121905	1.26722361111111	-1.89771180555556	3.42868865375215	0.000779755122778241	0.00338114058142718	-1.26957152003181	HPCA
ENSG00000276085	1.45465277777778	1.04449027777778	3.42849093864788	0.000791457379776762	0.00342120643364835	-1.28025261585686	CCL3L3
ENSG00000133020	1.03684166666666	-8.59170555555553	3.4145095962936	0.000815515723602398	0.0035103810257831	-1.31194443462741	MYH8
ENSG00000236279	1.76398333333333	-5.02681527777778	3.402908708017	0.000858404062039072	0.00366418165784157	-1.35682995279226	CLEC2L
ENSG00000088882	1.33861805555556	0.819120138888889	3.40144682446942	0.000866220864628954	0.00369349589188129	-1.36431283172135	CPXM1
ENSG00000119125	1.15622083333332	-4.37463402777778	3.39091151275425	0.000883711938057119	0.00375081052129327	-1.38636161503585	GDA
ENSG00000227868	2.02390277777778	-7.05697222222221	3.39297320621583	0.000890212713167219	0.00377510419967676	-1.38993719227815	TEX46
ENSG00000240505	1.14595833333333	-0.802504166666666	3.38732248914634	0.000899074948587931	0.00380853787019434	-1.4011872015155	TNFRSF13B
ENSG00000187135	1.43723750000001	-8.0916534722222	3.37286264243041	0.000939435339356705	0.00395367724386989	-1.44297938808015	VSTM2B
ENSG00000250423	1.11198472222223	-8.34898819444442	3.36973180565249	0.000949429689396272	0.0039888350579128	-1.45277405711302	KIAA1210
ENSG00000172938	1.70458055555554	-7.55867083333331	3.35775958390804	0.000996493064894896	0.00416586784834204	-1.49571787395739	MRGPRD
ENSG00000184999	1.57679027777777	-3.07165208333334	3.34011284425248	0.00105900715530047	0.00439603226310389	-1.55162149107037	SLC22A10
ENSG00000102109	1.10670555555556	0.804905555555556	3.33572747423153	0.00107515939883651	0.00445452622495585	-1.5655103136623	PCSK1N
ENSG00000187010	1.08198055555555	-2.02474722222222	3.32653366628345	0.00109787739814931	0.00453512659774909	-1.58711528932094	RHD
ENSG00000100884	1.47274166666666	-4.25192222222222	3.31640856339008	0.00114057411810917	0.00469058091870182	-1.62135856296559	CPNE6
ENSG00000165935	1.45599305555555	-2.62865208333333	3.31113003161201	0.0011650024987004	0.00477891788374528	-1.64009066905337	SMCO2
ENSG00000273294	2.24308888888888	-3.24425138888889	3.31341571206219	0.00116617456673898	0.00478193800792567	-1.63900651979106	C1QTNF3-AMACR
ENSG00000134765	1.2721111111111	-5.83639444444444	3.29600301967275	0.00121557332548005	0.00495397702225809	-1.68115703297525	DSC1
ENSG00000171804	1.09543333333331	-8.21541666666664	3.29546842938859	0.00121773530202252	0.00496070933925489	-1.68279700148321	WDR87
ENSG00000114124	1.15348055555555	-5.29884027777778	3.29289110079512	0.00122820887945595	0.00500023422418942	-1.69070026127095	GRK7
ENSG00000125084	1.45675555555555	-4.68637083333333	3.2886117095353	0.00125144720643552	0.00508313866351717	-1.70692363283011	WNT1
ENSG00000181085	1.06439861111112	4.32640625	3.2888764654676	0.00125361687705684	0.00508770195963063	-1.7079050616579	MAPK15
ENSG00000164509	1.27407499999999	-4.86601111111111	3.28549086449798	0.00125875018486311	0.00510321146226703	-1.71336290947568	IL31RA
ENSG00000236761	1.63475138888889	-7.79098819444443	3.28619905516266	0.00126380190995329	0.00511622783608977	-1.71555482735814	CTAGE9
ENSG00000157423	1.00395138888889	0.637700694444444	3.27824006025296	0.0012970163859834	0.00524523133890832	-1.73957889345473	HYDIN
ENSG00000188393	1.27474722222219	-8.97063055555553	3.27305277546581	0.00131168297724735	0.00529134327528318	-1.75135378599703	CLEC2A
ENSG00000164796	1.49987222222221	-5.54612083333333	3.27127195730399	0.00132661727979872	0.00534604502312919	-1.76049715223949	CSMD3
ENSG00000143627	1.54845833333332	-6.01519305555555	3.25836215573219	0.00138546734028177	0.00555328883230186	-1.80030526998791	PKLR
ENSG00000140835	1.25356111111111	-2.95047083333333	3.25190199607394	0.00140659713714239	0.0056275457654656	-1.81572449207314	CHST4
ENSG00000198768	1.41150416666666	-6.18264374999999	3.24942042289048	0.00142088195392145	0.00567070081405009	-1.82456554769047	APCDD1L
ENSG00000002746	1.23851666666666	-3.64658194444445	3.24637567761502	0.0014322819666423	0.00570800016699982	-1.83241338207679	HECW1
ENSG00000214842	1.3535375	-6.21755347222222	3.24281707505907	0.00144912785947391	0.00576687317922757	-1.84318267782801	RAD51AP2
ENSG00000172362	1.44044999999999	-8.16198333333331	3.23929510742626	0.00146656615318857	0.00583029732512244	-1.85410143770218	OR5B12
ENSG00000135094	1.05477222222223	2.23763472222222	3.22983222134286	0.00152660990657223	0.00603079120687306	-1.88882300335436	SDS
ENSG00000125462	1.49229305555555	-2.23377569444445	3.2287521836347	0.00153277192615866	0.00605267549891156	-1.89240913783279	MIR9-1HG
ENSG00000149735	1.79420833333332	-3.92355972222222	3.22547141371298	0.00155167535753174	0.00611243196733645	-1.90331335823834	GPHA2
ENSG00000141668	1.33931527777776	-8.09442569444442	3.21616944898103	0.00158125647463373	0.00620884153100025	-1.92349805499591	CBLN2
ENSG00000101746	1.47048194444444	-5.30895069444444	3.21285921928112	0.00160677897959796	0.0062988844641555	-1.93694675598899	NOL4
ENSG00000127743	1.59719861111111	-2.12654513888889	3.20889396169272	0.00163852007359279	0.00640524366389207	-1.95330061707913	IL17B
ENSG00000142224	1.62434861111112	-7.29320347222221	3.20463089239603	0.0016534311416751	0.00644927663281816	-1.9628149575566	IL19
ENSG00000106689	1.59602638888889	-5.99763402777777	3.20265293731606	0.00166528674441174	0.00648511666712657	-1.9692072977745	LHX2
ENSG00000167780	1.04494444444444	-2.81462916666667	3.18671358833334	0.00174029194845237	0.00673138973579149	-2.01160322182987	SOAT2
ENSG00000239642	1.86766666666666	-3.37573472222222	3.18618317364935	0.00176542029385986	0.00681233000518983	-2.02163100342328	MEIKIN
ENSG00000152208	1.44754444444444	-5.63204444444444	3.18018583222162	0.00178564080883731	0.00687535332808857	-2.03409163392377	GRID2
ENSG00000013293	1.04780833333331	-7.60144999999998	3.172185945913	0.00182408305282889	0.00700214184189491	-2.05479529801414	SLC7A14
ENSG00000196169	1.048	-0.0709027777777778	3.16461272154326	0.00188015491209167	0.00718522069744739	-2.081122881816	KIF19
ENSG00000108684	1.17126666666666	-4.39116388888889	3.14984173654426	0.00196029077406409	0.00745922850882133	-2.12088879058441	ASIC2
ENSG00000110680	1.37354305555556	-0.698664583333333	3.15242841537407	0.00196650225124872	0.00747555243136409	-2.12088010602762	CALCA
ENSG00000187862	1.14882638888888	-2.13671180555555	3.14821082977588	0.00197269345056617	0.00749615803876015	-2.12640351998989	TTC24
ENSG00000174482	1.31246527777778	-5.38717152777777	3.14720985612791	0.00197858969269063	0.00751562716309669	-2.12919966273821	LINGO2
ENSG00000146013	1.18071388888889	-2.64292083333333	3.14595916448602	0.00198506601951168	0.00753581268765441	-2.13238733453771	GFRA3
ENSG00000112115	1.44753194444444	-8.05548124999998	3.14243167667263	0.0020119528231075	0.00762201409686121	-2.14418284183778	IL17A
ENSG00000159588	1.06193472222223	2.84697013888889	3.14257850733447	0.0020253813593937	0.00766343477979505	-2.14846735248353	CCDC17
ENSG00000186439	1.02612083333333	-3.11927847222222	3.12845094018659	0.00209946391188558	0.00791142425687684	-2.18377741656986	TRDN
ENSG00000108702	1.73900138888886	-7.85644652777776	3.13075432509759	0.00210223189172292	0.00791725358330964	-2.18275761960854	CCL1
ENSG00000164089	1.73618472222221	-5.37983124999999	3.13026002708327	0.00210879574637721	0.0079388997210237	-2.18521991895476	ETNPPL
ENSG00000006659	1.23687361111108	-9.07479791666664	3.12608088608507	0.00211543458854476	0.00795927149252856	-2.19072214042553	LGALS14
ENSG00000115593	1.18371111111111	-4.78455972222222	3.12448482855471	0.0021262529714321	0.00798915835431663	-2.19539629183272	SMYD1
ENSG00000165509	1.58854722222221	-5.17917916666666	3.1268295840294	0.00212761891640551	0.00799274684471223	-2.19389421547515	MAGEC3
ENSG00000062096	1.38129027777776	-5.31964652777777	3.11965745990379	0.00216684967644284	0.00811504811439471	-2.21182223183694	ARSF
ENSG00000258984	1.73980277777777	-3.50168333333334	3.11975103229059	0.00218172309322386	0.00816446279518862	-2.21624676006363	UBE2F-SCLY
ENSG00000168530	1.27116805555555	-0.946527083333333	3.10709041740001	0.00226793558390155	0.00843193481996425	-2.25213060726282	MYL1
ENSG00000204183	1.71801388888887	-6.70661527777777	3.10486252414649	0.00228431158047474	0.0084798528365257	-2.2586860955149	GDF5-AS1
ENSG00000258989	1.56738749999997	-8.44548402777775	3.1008392795529	0.0023045123321586	0.00854017410652487	-2.26777805409358	
ENSG00000215274	1.69805833333332	-7.82684861111109	3.09928303362602	0.00232285923816295	0.00859670051384051	-2.27425565025942	GAGE10
ENSG00000170298	1.74400555555555	-2.3327	3.09182607262478	0.00238769191395829	0.00880314312174309	-2.2984225957198	LGALS9B
ENSG00000179083	1.2498	-6.41486388888888	3.08143090912791	0.00243813334901245	0.00897129470054176	-2.32068804579936	FAM133A
ENSG00000125780	1.05913333333333	-1.99697916666667	3.07884455421621	0.00245815268371987	0.0090355226764397	-2.32816576648485	TGM3
ENSG00000156219	1.0945625	-1.67418680555556	3.07471395284765	0.00249533715186752	0.00914627817564106	-2.34137380419037	ART3
ENSG00000163064	1.32800416666665	-7.33641319444443	3.06889174872349	0.00253681565133948	0.00926688038494939	-2.35694081036903	EN1
ENSG00000205809	1.19444166666667	-0.843302777777778	3.07059150077577	0.00254256741939952	0.00928266168208698	-2.35699212761795	KLRC2
ENSG00000180138	1.17977083333333	-4.58009513888889	3.06254925276441	0.00258781722818008	0.00941781491535247	-2.37515138826949	CSNK1A1L
ENSG00000242441	1.07499861111111	-0.386074305555556	3.06209562361436	0.00260742538680569	0.00948030628488679	-2.38042056968561	GTF2A1L
ENSG00000129990	1.58321944444444	-4.12100694444444	3.0620176886931	0.00261260703657118	0.00949330942550711	-2.38177139619284	SYT5
ENSG00000231738	1.70678888888889	-0.277169444444444	3.06329107998469	0.0026157969904798	0.00949812956442374	-2.38149718217276	TSPAN19
ENSG00000120094	1.40094999999998	-7.57655416666665	3.05981055362653	0.00261603239229999	0.00949812956442374	-2.3844665182065	HOXB1
ENSG00000057593	1.02918333333333	-3.66698611111111	3.0517840093969	0.00267691112511727	0.00969489391282463	-2.40607069954715	F7
ENSG00000137875	1.62380972222222	-6.54377847222221	3.05078612838193	0.00270624235511506	0.00977323763650022	-2.41394448702968	BCL2L10
ENSG00000185823	1.02498055555555	-5.35337777777778	3.04611869292934	0.00272492629121201	0.00983035352682788	-2.42230357330343	NPAP1
ENSG00000128276	1.6391611111111	-7.1607597222222	3.04074691225204	0.00279246281874966	0.0100330599834353	-2.44259406199937	RFPL3
ENSG00000259384	2.31887222222222	-1.69544861111111	3.04149665008209	0.00280197151010064	0.0100616484796894	-2.44415104052912	GH1
ENSG00000141748	1.41040972222221	-5.82736319444444	3.03803558913963	0.00280707378660015	0.010073036500736	-2.44823449464886	ARL5C
ENSG00000157119	1.28855694444444	-5.00486319444444	3.02411372015985	0.00292456539923316	0.010442115665544	-2.48630849700715	KLHL40
ENSG00000163581	1.24135694444444	-8.05508541666665	3.02086241027111	0.00294879895618528	0.0105142869982053	-2.49434519142483	SLC2A2
ENSG00000105251	1.73039583333333	-6.25205902777777	3.00819013769185	0.00309550875498411	0.010969910056832	-2.53610601303517	SHD
ENSG00000256977	1.36344861111111	-1.02311736111111	2.99495323687578	0.00322727189887689	0.0113653123527552	-2.5738844209333	LIMS3
ENSG00000205022	1.27479027777777	-3.20056041666667	2.98977944043263	0.0032577003776431	0.0114508109407144	-2.58425403021739	PABPN1L
ENSG00000276410	1.79262638888888	-7.92111874999998	2.99031735300819	0.00327107743310891	0.0114898986416434	-2.58639206794498	H2BC3
ENSG00000276203	1.05508333333333	-0.869429166666667	2.98066719549331	0.00335481751668496	0.0117328137962164	-2.6106472089421	ANKRD20A3P
ENSG00000215182	1.77051111111111	-3.34161388888889	2.98240412515682	0.00335645352357558	0.0117364252994054	-2.6094679624537	MUC5AC
ENSG00000120436	1.13469583333332	-8.57608819444442	2.9705771525774	0.00344577323210668	0.0120012857494967	-2.63619231451286	GPR31
ENSG00000238269	1.86925555555555	-4.37284166666666	2.96178667759061	0.00357670439249041	0.0124150702788586	-2.66722109700516	PAGE2B
ENSG00000185002	1.22688333333332	-5.97708611111111	2.95618366250522	0.00360158142502694	0.0124813757134552	-2.67640371283253	RFX6
ENSG00000168509	1.16174444444444	-4.01867083333333	2.94474869420717	0.00372994731489456	0.0128347665256198	-2.70822558979591	HJV
ENSG00000079393	1.31753055555555	-2.44163194444444	2.94501050946346	0.00374990614422337	0.0128897639719797	-2.71133419434302	DUSP13B
ENSG00000130957	1.14002777777777	-2.53335138888889	2.93914029967238	0.00380096373267004	0.0130331524294789	-2.72486632968575	FBP2
ENSG00000153303	1.07620416666666	-4.24987847222222	2.93857355239572	0.0038010011172339	0.0130331524294789	-2.72536432544574	FRMD1
ENSG00000185640	1.40234166666666	-1.4789625	2.93803318894101	0.00384209637381859	0.0131578272294928	-2.73253909954967	KRT79
ENSG00000255104	1.13431249999999	-3.57171458333333	2.93106568083176	0.00388906194277383	0.0132929244264341	-2.74615866611166	ZNF286A-TBC1D26
ENSG00000171102	1.67918472222222	-6.88667013888888	2.93341646725292	0.00389235231591294	0.0132985742417529	-2.7446414784715	OBP2B
ENSG00000214216	1.02282222222219	-9.07341111111108	2.9251032281877	0.00396032511383524	0.0135103900586326	-2.76263882072493	IQCJ
ENSG00000197757	1.01683194444444	-1.60153402777778	2.92128215652675	0.0040109103503611	0.0136494450901372	-2.77384796179189	HOXC6
ENSG00000188257	1.14135694444446	4.70335486111111	2.91988120888672	0.00405713895892139	0.0137751553852175	-2.78217446177036	PLA2G2A
ENSG00000125551	1.21021944444444	-1.03094166666667	2.91384653022312	0.00412826737207804	0.0139706083718967	-2.79820155837302	PLGLB2
ENSG00000180658	1.33051527777775	-8.82418541666664	2.91102054472859	0.00413642593911901	0.0139860520368057	-2.80189343735496	OR2A4
ENSG00000173389	1.65714166666666	-6.84025833333332	2.91293275298314	0.0041415503108309	0.0139985120149926	-2.80098646738513	IQCF1
ENSG00000165061	1.42980555555554	-5.99240972222221	2.90889100380541	0.00418156555677786	0.0141068007649051	-2.81046268311364	ZMAT4
ENSG00000196600	1.20694166666667	-8.18888333333332	2.90513024379279	0.00420785329900203	0.0141881023352726	-2.81762512834214	SLC22A25
ENSG00000161031	1.29704444444443	-6.5198111111111	2.90114052088119	0.00426740949631178	0.0143640161831211	-2.82978874172451	PGLYRP2
ENSG00000187753	1.06803194444444	-3.32066458333333	2.89948438273278	0.00428034854262146	0.0144050760988015	-2.83310720850759	C9orf153
ENSG00000078328	1.12976388888888	-4.68954722222222	2.89303620427444	0.00436454363925887	0.0146554639859941	-2.85075638454324	RBFOX1
ENSG00000114204	1.05695138888889	-0.340228472222222	2.88395432121482	0.00451287131804928	0.0150927497100841	-2.87925240274587	SERPINI2
ENSG00000259316	1.30435972222222	-4.23989652777778	2.8678606172878	0.0047233108661599	0.0156922020441575	-2.92130628469982	
ENSG00000163739	1.05636944444446	4.31125416666667	2.86898129917567	0.00472600857661586	0.0156969915648443	-2.92066109599499	CXCL1
ENSG00000251380	1.33761527777776	-5.26027847222222	2.86582032982697	0.00475565966191815	0.0157784724705721	-2.9272693131893	DCANP1
ENSG00000197273	1.80730694444444	-3.70678819444444	2.85998824741334	0.00486488552538716	0.0160692398097862	-2.94624305018818	GUCA2A
ENSG00000213934	2.0304611111111	-3.70094722222222	2.85760807774504	0.00490323898092682	0.0161766968549845	-2.95312092317821	HBG1
ENSG00000182521	1.15454444444442	-8.88819305555553	2.85035548681102	0.00496114697781415	0.0163538774805018	-2.96668727325702	TBPL2
ENSG00000187791	1.1426875	-7.49220902777776	2.84967212909557	0.00497127759787528	0.0163817197753464	-2.96853083845546	SPATA31F3
ENSG00000163661	1.17876805555557	4.94863819444445	2.84571487612866	0.00507187863718405	0.0166736831587805	-2.9841692726112	PTX3
ENSG00000274618	1.20314583333333	-9.10552152777775	2.84269629253944	0.00507577859847811	0.0166780481921615	-2.98732752657433	H4C6
ENSG00000101203	1.26025972222222	-5.77515486111111	2.84336564412158	0.0050768831449866	0.0166788601479952	-2.98686102084399	COL20A1
ENSG00000206073	1.88101805555554	-5.62519097222222	2.83538494046988	0.00523543596051885	0.0171130398763254	-3.01252400200157	SERPINB4
ENSG00000165120	1.42671666666667	-7.46295416666665	2.83056067639867	0.00528491834226504	0.0172631791089403	-3.02249798868263	SSMEM1
ENSG00000206047	1.13492916666668	6.43926875	2.82965617987713	0.00530980876917076	0.0173328411105739	-3.02613037023907	DEFA1
ENSG00000189182	1.06758194444443	-4.97520069444444	2.82244584302352	0.00539059796487486	0.0175465046206067	-3.0416582045636	KRT77
ENSG00000082482	1.06065972222221	-4.15472569444445	2.8157626033367	0.00549834125288912	0.0178511476192716	-3.05951209051762	KCNK2
ENSG00000149742	1.20897638888889	-8.03733124999998	2.81332379345561	0.00553814454486221	0.0179516726689985	-3.06601772427945	SLC22A9
ENSG00000213892	1.27500833333332	-5.86020138888888	2.80544157891333	0.00568415594689222	0.018350400216728	-3.08864116550734	CEACAM16
ENSG00000204278	1.43192083333333	-6.71153124999999	2.79521783324128	0.00587108815612352	0.0188580592491603	-3.11710599662254	TMEM235
ENSG00000273983	1.24750277777777	-6.59926388888888	2.79320956757698	0.00588635266852504	0.0188883754714862	-3.12046453296764	H3C8
ENSG00000256029	1.83412222222222	-2.82995	2.79471867161636	0.00590414538219031	0.0189329765866083	-3.12088510255364	
ENSG00000130656	1.47937083333333	-2.48742708333333	2.79306264511242	0.00592435611717218	0.0189883959781238	-3.1244090396411	HBZ
ENSG00000168135	1.23925833333333	-6.2778125	2.78884379129684	0.00596285110009839	0.0190960453735782	-3.13206802336604	KCNJ4
ENSG00000130377	1.09504722222222	-3.17721805555556	2.78617452830912	0.00599964120909503	0.0191885926996574	-3.13812849095288	ACSBG2
ENSG00000145087	1.03985694444443	-7.61670624999999	2.77733911790706	0.00615676288943648	0.0196105046217977	-3.16141674815923	STXBP5L
ENSG00000109424	1.49366944444442	-6.93141527777777	2.77650097097193	0.00620647996565735	0.0197397724479998	-3.16691427194334	UCP1
ENSG00000178934	1.03186388888889	0.555869444444444	2.77436684885392	0.00625281158028632	0.0198546671334851	-3.17323260585043	LGALS7B
ENSG00000149972	1.19534444444444	-4.72631944444444	2.7702050068105	0.00629738264571753	0.0199636061317629	-3.1812016403365	CNTN5
ENSG00000133863	1.08767916666664	-7.79711041666665	2.76950469719412	0.00629950978765362	0.0199670953869054	-3.18203943617046	TEX15
ENSG00000174498	1.14004722222222	-7.40332777777776	2.76718345131321	0.00634237792073004	0.0200898771069925	-3.18813957220135	IGDCC3
ENSG00000120251	1.03369722222222	-4.29619444444444	2.76448368792526	0.0063925697377444	0.0202028052865319	-3.19522861334568	GRIA2
ENSG00000163630	1.45561111111111	-6.52699583333332	2.7630252508321	0.00645426935467432	0.0203614089340131	-3.20218705563488	SYNPR
ENSG00000037965	1.37883055555555	-4.99403888888889	2.74723336662105	0.00675562205692161	0.021181553876731	-3.24328870694025	HOXC8
ENSG00000205927	1.18649999999999	-5.29258055555555	2.74394192333307	0.0067971984910506	0.0212913212637546	-3.24988213316381	OLIG2
ENSG00000147160	1.4527486111111	-4.54079375	2.72513131058417	0.00720823361976983	0.022366335998048	-3.30121101957783	AWAT2
ENSG00000108255	1.62167361111111	-6.38882430555554	2.720526795695	0.00731216055680474	0.0226418572351108	-3.31371426266726	CRYBA1
ENSG00000269755	1.8088	-6.15300138888888	2.71975528563005	0.00733601749389436	0.0226976637969195	-3.31630183160001	
ENSG00000072041	1.05314027777777	-3.84737569444444	2.71491217450568	0.00738064405636264	0.0228139660232586	-3.3242783272148	SLC6A15
ENSG00000268975	1.74760138888889	-6.44056180555554	2.70060491088223	0.00774772589970791	0.0237684002203485	-3.36535867790241	MIA-RAB4B
ENSG00000185306	1.30979583333332	-6.27995347222221	2.69496013386708	0.00784333977442355	0.0240038774845952	-3.37761158504135	C12orf56
ENSG00000165973	1.31473055555555	-5.07425972222222	2.69509353983129	0.00784592367583769	0.0240073897992591	-3.37767438530388	NELL1
ENSG00000258677	1.42134027777775	-8.43660486111109	2.68543417210427	0.00806462171791593	0.0245651458905262	-3.40231897671779	
ENSG00000116882	1.38871944444443	-6.54437499999999	2.67928329979481	0.00821135672883723	0.0249418037303782	-3.41828823638475	HAO2
ENSG00000187747	1.40900138888889	-7.31984513888888	2.67194770868143	0.00838377679714994	0.0253822920246164	-3.43690256117249	OR52B6
ENSG00000240247	1.08789861111112	6.52396875	2.66777482083358	0.00849146082100453	0.0256563988645822	-3.44801058287004	DEFA1B
ENSG00000204518	1.47080972222221	-6.90699097222221	2.66135748290964	0.00864717591124852	0.0260258186330816	-3.4642592670846	AADACL4
ENSG00000198610	1.47149305555554	-5.38374513888888	2.65511103530402	0.00880609153508801	0.0264264258778976	-3.48035070938064	AKR1C4
ENSG00000185130	1.74498194444443	-5.52315208333333	2.64759305925964	0.00900885042566416	0.0269724732153331	-3.50016419775635	H2BC13
ENSG00000044012	1.66532499999998	-6.82651944444443	2.64114794777576	0.00916849948657967	0.0273872315744699	-3.51604386417145	GUCA2B
ENSG00000167755	1.42623333333334	-6.45401805555555	2.63735977273762	0.00925156814071551	0.027584534560576	-3.52464632979933	KLK6
ENSG00000146276	1.10340416666665	-7.79649652777776	2.6343333170233	0.009284843628957	0.0276682028768421	-3.52951488915721	GABRR1
ENSG00000172497	1.2420486111111	-7.48712847222221	2.63373741410799	0.00931979483537428	0.0277454314566423	-3.53216246071178	ACOT12
ENSG00000263513	1.18662083333333	-2.80599791666667	2.63263955925655	0.00936386053418502	0.0278595618095698	-3.53581788120202	FAM72C
ENSG00000276070	1.07388333333334	2.33448472222222	2.63240261847848	0.00940076611708104	0.0279419509783689	-3.53821886626656	CCL4L2
ENSG00000080910	1.33653194444442	-8.27037986111109	2.62696586027786	0.00950843612809498	0.0281433505118234	-3.54968955793661	CFHR2
ENSG00000154493	1.2444611111111	-7.26005138888888	2.62558541800539	0.00953775234032919	0.0282215330885432	-3.55270468041615	C10orf90
ENSG00000102055	1.29135555555556	-8.45044166666664	2.62458910971756	0.00956590370120335	0.028283319470407	-3.55528041595986	PPP1R2C
ENSG00000206072	1.84865277777777	-5.15015277777778	2.62037358960666	0.00972722983416034	0.0286731436178341	-3.56851216043653	SERPINB11
ENSG00000161973	1.1098361111111	-3.51325972222222	2.61182283287318	0.0099042165080182	0.0291330439307379	-3.58659086773382	CCDC42
ENSG00000105880	1.01872361111111	-3.01830347222222	2.60180761934507	0.0101741161249472	0.0298007689899823	-3.61090133315447	DLX5
ENSG00000168333	1.61593749999999	-5.24171597222222	2.59954540061392	0.0103019592004969	0.0301162774824264	-3.61987944799251	PPDPFL
ENSG00000272647	1.53274444444444	-3.28059722222222	2.59875909026642	0.0103232206345484	0.0301603015595127	-3.62175768518102	
ENSG00000188573	1.17355277777777	-3.97987638888889	2.59441037768642	0.0104071150164648	0.0303461551941649	-3.6303447075547	FBLL1
ENSG00000163586	1.6616	-2.55914027777778	2.58542822797177	0.0107206235105758	0.0311482551945811	-3.65509112343423	FABP1
ENSG00000205810	1.34134444444444	-2.31619444444444	2.58121808525825	0.0108341782209322	0.0314124958642976	-3.66484939209766	KLRC3
ENSG00000158639	1.45544027777775	-7.82512152777776	2.58011248802373	0.0108549476438989	0.0314633350572376	-3.66695185312685	PAGE5
ENSG00000167332	1.05233055555554	-7.60450694444443	2.56692309407269	0.011206308148633	0.0322988748121514	-3.69686763493851	OR51E2
ENSG00000213578	1.07995833333333	-4.39258472222222	2.55848639865412	0.0114786517568828	0.032966592938858	-3.71791851795686	CPLX3
ENSG00000186297	1.22523055555556	-7.35010972222221	2.54918100309697	0.0117946451794555	0.0336885913352469	-3.74145190103408	GABRA5
ENSG00000137675	1.19014305555555	-7.43943263888887	2.54685628272482	0.0118635187308427	0.0338520120804389	-3.74681364746492	MMP27
ENSG00000167754	1.46925833333332	-3.61209861111111	2.54132495162559	0.0120913630189437	0.034401227650211	-3.76229651455822	KLK5
ENSG00000259753	1.34312638888889	-8.3632784722222	2.53124920625265	0.0124033247344958	0.0351807338488498	-3.78560723628293	
ENSG00000276368	1.64095972222222	-7.34939930555554	2.51622533909839	0.0129525777308357	0.0365255932183554	-3.82308780161394	H2AC14
ENSG00000157703	1.15369861111111	-2.83763541666667	2.51152165475533	0.01308916435005	0.0368413290315689	-3.83319677672907	SVOPL
ENSG00000040731	1.16041805555555	-3.63943402777778	2.4955168873967	0.0136587370182191	0.0382441579188688	-3.87111883488813	CDH10
ENSG00000204025	1.05132499999998	-7.09835555555554	2.48720561410005	0.0139333147020682	0.0388350408458869	-3.88962938359562	TRPC5OS
ENSG00000104901	1.0675125	-2.43852430555556	2.47917217214969	0.0142786039648758	0.0396498792754839	-3.91017886929128	DKKL1
ENSG00000184937	1.49581805555555	-3.62523125	2.47697663368397	0.0143999634911831	0.0399412647697839	-3.91669152640999	WT1
ENSG00000158486	1.14302222222222	-1.46327777777778	2.46341985837777	0.0149243160922226	0.0411608955942032	-3.94843505450423	DNAH3
ENSG00000143556	1.60471805555555	-3.52010486111111	2.46142574324643	0.0150191597781761	0.041393127798963	-3.95363986929115	S100A7
ENSG00000177300	1.68432499999998	-6.71433333333332	2.45633641438265	0.0152243074053962	0.0418843661274401	-3.96559899769361	CLDN22
ENSG00000176177	1.0155236111111	-5.54600208333333	2.44041622608493	0.0157995897136292	0.0431951678298686	-4.00025893795373	ENTHD1
ENSG00000124479	1.21367083333333	-6.01063402777777	2.42084971536786	0.0166886934838667	0.0452285526185745	-4.04727464320999	NDP
ENSG00000215115	1.30745694444443	-4.70833541666667	2.42028701661465	0.0167308832168834	0.0452956353980259	-4.04909183028666	CXorf49
ENSG00000182676	1.11562916666666	-3.10896180555556	2.41595186933882	0.0169021527526714	0.0457020677432534	-4.05851934967104	PPP1R27
ENSG00000215644	1.04952638888888	-4.16872569444444	2.40845202474252	0.0172110881433987	0.0464083846084546	-4.07505610001742	GCGR
ENSG00000112077	1.03604583333333	-3.44986458333333	2.40028023614187	0.017591614663007	0.047277160600278	-4.09408937321475	RHAG
ENSG00000216588	1.29865972222222	-7.23757569444443	2.39888247872287	0.0176916794522309	0.0474870358361799	-4.09828060869777	IGSF23
ENSG00000160401	1.02711527777779	2.77087986111111	2.39310802601763	0.017995599074319	0.0482163076024317	-4.11246592720148	CFAP157
ENSG00000180210	1.19655416666665	-6.08068402777777	2.38663685623155	0.0182598133073592	0.0487764197273758	-4.12615839072195	F2
