logFC	AveExpr	t	P.Value	adj.P.Val	B	HGNC_symbol
ENSG00000179593	-5.00262638888889	3.86683958333333	-16.2936249089092	4.65941962700755e-35	9.06350305845509e-31	68.8459779177539	ALOX15B
ENSG00000163492	-3.61490416666667	0.0723840277777777	-14.0843164713342	1.53119710787756e-29	5.95696922848687e-26	56.4189881529953	CCDC141
ENSG00000159387	-4.32814722222223	-0.424970833333334	-13.9915151659515	3.31926413684744e-29	1.07610543316594e-25	55.6624303040868	IRX6
ENSG00000168907	-4.91279305555556	3.04674097222222	-13.5630200539299	1.22650071415658e-27	2.98223648647172e-24	52.1339223739699	PLA2G4F
ENSG00000206043	-4.80065000000002	-5.60579166666666	-13.2627929484135	2.56174794589892e-27	4.98311210436258e-24	51.4016012172987	C18orf63
ENSG00000134020	-2.64968472222221	5.69806736111111	-13.179495563148	4.31197049912959e-27	7.62513183173352e-24	50.891107101444	PEBP4
ENSG00000144285	-5.10567500000001	-0.194758333333333	-12.9518600675723	4.78892742996522e-26	7.16570895136027e-23	48.5417913179764	SCN1A
ENSG00000168481	-4.51697916666667	1.59267291666667	-12.8947056250829	6.70227787108292e-26	9.31233636773607e-23	48.2121162882093	LGI3
ENSG00000058335	-4.0711125	1.95334097222222	-12.8006051479776	9.63019499792296e-26	1.24884368733065e-22	47.8542173626859	RASGRF1
ENSG00000124134	-4.3899513888889	-3.29958958333334	-12.6537748155706	1.15826529693259e-25	1.40816103474579e-22	47.6642044825343	KCNS1
ENSG00000171136	-5.82815694444447	-6.04943958333332	-12.6402902779146	1.88881967879243e-25	2.16125414069825e-22	47.1897435112525	RLN3
ENSG00000131781	-3.64715	3.36433333333333	-12.4031039605009	8.13736488723746e-25	8.79377898814128e-22	45.7572025930799	FMO5
ENSG00000086289	-1.57125972222222	4.31988958333333	-12.2992862184141	1.06788307321126e-24	1.0397861462043e-21	45.4853138390989	EPDR1
ENSG00000173930	-3.30446527777778	0.877882638888889	-12.3004213939763	1.06907890829149e-24	1.0397861462043e-21	45.4843334704974	SLCO4C1
ENSG00000177453	-3.02496388888889	-0.541991666666667	-12.0762905276444	4.31955569422704e-24	3.50099989017101e-21	44.1143416736489	NIM1K
ENSG00000188959	-2.98320277777778	1.613625	-11.866286058605	1.60997019307331e-23	1.11846929270221e-20	42.8235277470066	C9orf152
ENSG00000096088	-5.10288749999999	6.69210902777778	-11.867742027531	3.51318318742812e-23	2.20446578586618e-20	42.0709966537627	PGC
ENSG00000114248	-5.25020000000001	-4.4051	-11.385882342019	4.62444671588136e-22	2.36722993466643e-19	39.5355031699032	LRRC31
ENSG00000164161	-3.24514305555555	2.16992986111111	-11.3123658762618	6.99958117562685e-22	3.32087446410472e-19	39.1280384049953	HHIP
ENSG00000047936	-3.98515694444444	2.21463541666667	-11.3529800195961	8.06951765748416e-22	3.73733946365195e-19	38.996044127166	ROS1
ENSG00000080618	-4.96121388888889	0.583118055555556	-11.3300597064927	1.11391415025249e-21	5.03903675597941e-19	38.6833102819182	CPB2
ENSG00000095713	-3.63450416666667	3.26615486111111	-11.2315427256437	1.42421684562087e-21	6.02257958282982e-19	38.4352153112998	CRTAC1
ENSG00000138308	-5.28993750000002	-3.63221875	-11.1624094715553	1.99802136206504e-21	7.93173704793658e-19	38.1013215487838	PLA2G12B
ENSG00000184454	-2.90295555555556	-0.268144444444445	-10.933099044435	5.48184393418935e-21	2.01194015486512e-18	37.1024433459989	NCMAP
ENSG00000150893	-2.97229166666667	-1.06486666666667	-10.9278457776392	5.66407324645141e-21	2.04032505166616e-18	37.0703538556397	FREM2
ENSG00000168703	-6.18190000000001	-2.10205555555556	-11.0488177497196	5.97996976904537e-21	2.07718521334769e-18	37.0340376085972	WFDC12
ENSG00000148123	-3.83072638888889	-2.52423402777778	-10.7189186675382	2.07631963489381e-20	6.55373086867695e-18	35.7956546728942	PLPPR1
ENSG00000078081	-3.57369999999999	4.97296666666667	-10.7723413105399	2.08889221600849e-20	6.55373086867695e-18	35.7973167611815	LAMP3
ENSG00000180772	-5.11858333333334	-0.886551388888889	-10.746847476163	3.59449185644959e-20	1.05939478169178e-17	35.2735593543934	AGTR2
ENSG00000115112	-2.66554305555555	1.99158680555556	-10.618975152529	3.86074062498468e-20	1.12088248712242e-17	35.187031679945	TFCP2L1
ENSG00000181577	-2.87578611111111	1.08796388888889	-10.5656661843622	5.77836259068392e-20	1.60572441591405e-17	34.7930650629615	LINC03040
ENSG00000168631	-3.38022222222223	0.904423611111111	-10.4991531459398	1.21477665372969e-19	3.28192159282639e-17	34.07205290012	MUCL3
ENSG00000122852	-4.42364166666665	9.502875	-10.4402148271363	1.60715450316449e-19	4.22464451291294e-17	33.795482647208	SFTPA1
ENSG00000156510	-3.46409722222223	-0.215276388888889	-10.3891986777603	2.14368145623364e-19	5.4154404787866e-17	33.5122770901623	HKDC1
ENSG00000185303	-4.51256944444444	9.78623194444445	-10.3865569153669	2.28121701885562e-19	5.68900428856149e-17	33.4524153743731	SFTPA2
ENSG00000221986	-3.08275277777778	-0.282215277777778	-10.2682405246912	3.55662615683386e-19	8.43701121984539e-17	33.0096123931679	MYBPHL
ENSG00000171124	-4.03658472222222	1.25255902777778	-10.2525622567421	6.9477907656471e-19	1.58998148203962e-16	32.3674936092739	FUT3
ENSG00000160285	-1.2072111111111	5.64009305555555	-10.1182375307608	8.51894339418819e-19	1.84122763226387e-16	32.1513800403688	LSS
ENSG00000188305	-2.3351875	-0.220970138888889	-9.97956358425832	1.99745346062922e-18	3.92469340567268e-16	31.3154199248778	PEAK3
ENSG00000085831	-2.47764444444444	2.44678194444445	-9.94765544621015	2.42935332478078e-18	4.72557808736356e-16	31.1234008814436	TTC39A
ENSG00000167105	-2.92987222222223	0.803302777777778	-9.95687524761257	2.77575300235565e-18	5.24213081571089e-16	30.9979105913645	TMEM92
ENSG00000132518	-4.41755972222224	-2.70644097222222	-9.94263627099417	3.42864464189722e-18	6.41288418982546e-16	30.7941842073083	GUCY2D
ENSG00000177946	-1.89576527777778	1.10280486111111	-9.85082773343314	4.39674420724885e-18	8.06844040749101e-16	30.5415004743132	CENPBD1P
ENSG00000157399	-3.38604305555556	-1.19570486111111	-9.78618874897604	7.45652667332719e-18	1.27231891973299e-15	30.0272508664529	ARSL
ENSG00000157150	-2.82668333333333	2.06362916666667	-9.79149555136397	7.82919038649911e-18	1.31287423619121e-15	29.9817661659539	TIMP4
ENSG00000146477	-2.69297083333333	2.52360763888889	-9.74457386050576	9.53651910945168e-18	1.54586974764212e-15	29.7857442589203	SLC22A3
ENSG00000180730	-2.50678472222223	-0.448375694444444	-9.65150850811174	1.48515690752544e-17	2.23947846241744e-15	29.3476603591313	SHISA2
ENSG00000282608	-2.79655277777778	1.12842361111111	-9.62819355398033	2.04787380834524e-17	2.92906186175967e-15	29.0379912975651	ADORA3
ENSG00000100078	-3.49520138888889	0.161575694444444	-9.65816168863149	2.10994760639867e-17	2.99581757953773e-15	29.0150519216679	PLA2G3
ENSG00000112812	-1.58673333333333	2.27160833333333	-9.52860972889256	3.1368816222629e-17	4.29708600818717e-15	28.6144287184905	PRSS16
ENSG00000100033	-2.7935986111111	4.91733263888889	-9.47557548316421	4.55078008043756e-17	5.98120095436969e-15	28.2511631855366	PRODH
ENSG00000248383	-3.13609027777779	-2.46112152777778	-9.45785608583373	4.81938480763549e-17	6.24977821854171e-15	28.1933654739709	PCDHAC1
ENSG00000174567	-3.03338194444445	1.73768819444444	-9.48945481123024	5.5256825575696e-17	7.07141954670026e-15	28.0695434802562	GOLT1A
ENSG00000130768	-2.385125	2.09040555555556	-9.40098729906914	6.80201449688698e-17	8.64789450937552e-15	27.8555185277779	SMPDL3B
ENSG00000014257	-2.02478472222222	0.928967361111112	-9.33443775896174	1.01734145433167e-16	1.26854653651664e-14	27.4608433117243	ACP3
ENSG00000144331	-2.59740138888889	3.50882708333333	-9.34328989851213	1.03409001112786e-16	1.28121776410568e-14	27.4470936093517	ZNF385B
ENSG00000115616	-3.11066111111114	-5.74779583333333	-9.23549715189809	1.84837238040753e-16	2.20579997200535e-14	26.8754803457453	SLC9A2
ENSG00000118432	-2.42189861111111	1.03472430555556	-9.23231005021879	1.88421574879816e-16	2.23486370400133e-14	26.8566531981384	CNR1
ENSG00000182223	-3.78350833333335	-7.13101388888888	-9.2296818581454	1.9142931690159e-16	2.24318257371671e-14	26.8411290637369	ZAR1
ENSG00000152463	-2.70308472222222	0.472500694444445	-9.2305837325413	2.1175736967222e-16	2.4518478302762e-14	26.7457415208271	OLAH
ENSG00000152128	-2.67660277777778	2.76952222222222	-9.23291019430413	2.23843720992577e-16	2.57645447381516e-14	26.6936485358738	TMEM163
ENSG00000119927	-2.17113194444444	0.992447916666667	-9.13290364917712	3.42688261151119e-16	3.87556514878579e-14	26.2703573112915	GPAM
ENSG00000167972	-2.74560555555555	6.12556666666667	-9.11478612993989	3.8208519893157e-16	4.27144901702121e-14	26.1636976874745	ABCA3
ENSG00000088926	-3.50313750000001	-0.151713194444445	-9.14943029403246	4.45102236064537e-16	4.86411724490302e-14	26.02637817441	F11
ENSG00000133661	-3.05665416666666	6.91718263888889	-9.07569325716224	5.23815507847504e-16	5.69232360818417e-14	25.857287196753	SFTPD
ENSG00000163817	-3.07654166666667	-0.545395833333333	-9.06257929894505	6.25276551701854e-16	6.57452945065106e-14	25.6872050514615	SLC6A20
ENSG00000125851	-2.82659444444445	0.442498611111111	-9.05778773960997	6.49080815010042e-16	6.75182888426488e-14	25.6508982528923	PCSK2
ENSG00000145103	-1.8805375	0.133357638888889	-9.01528735771656	6.93803671237199e-16	7.17865373026915e-14	25.5790550528804	ILDR1
ENSG00000119457	-3.39772361111111	1.24311875	-9.06396393819654	7.7976679167838e-16	7.98317033248835e-14	25.4788282945914	SLC46A2
ENSG00000162896	-3.21345	4.63443055555556	-9.03897482446005	8.16726999584563e-16	8.2744654145411e-14	25.429893960887	PIGR
ENSG00000135374	-3.16880555555556	0.4677375	-8.96525452949619	1.28282848197773e-15	1.26667916910816e-13	24.988032500466	ELF5
ENSG00000179023	-3.38481111111112	-2.43214027777778	-8.9067004653291	1.40369314509362e-15	1.36523195291805e-13	24.8905656639712	KLHDC7A
ENSG00000138769	-1.97970972222222	0.346360416666667	-8.81266336977392	2.32402547565392e-15	2.13240299775566e-13	24.3945686377907	CDKL2
ENSG00000140254	-2.60564722222221	5.70598055555555	-8.8056279521731	2.42328665783005e-15	2.20269962935094e-13	24.3535948979847	DUOXA1
ENSG00000152785	-2.62873333333334	-1.322575	-8.72981563022457	3.80056473596167e-15	3.25676586977649e-13	23.9127482563351	BMP3
ENSG00000173597	-2.13261666666667	0.292658333333333	-8.71969823662092	4.03543539264495e-15	3.41292561990129e-13	23.8540109561552	SULT1B1
ENSG00000197415	-2.09485972222222	3.14142708333333	-8.63086119750878	6.82560997407207e-15	5.44146578752664e-13	23.3392440697831	VEPH1
ENSG00000170439	-3.25067916666667	-0.802489583333333	-8.63683629100029	8.34010293055826e-15	6.47354021856007e-13	23.1521294577147	TMT1B
ENSG00000121933	-2.78124166666667	1.43354861111111	-8.63868802357957	8.35316982756826e-15	6.47354021856007e-13	23.1510782048435	TMIGD3
ENSG00000182791	-3.29780833333336	-5.22234583333333	-8.58336617626123	9.03356601109135e-15	6.97305262094242e-13	23.0647717758427	CCDC87
ENSG00000162763	-4.2238402777778	-6.11009791666666	-8.58964965389431	1.06570661262839e-14	8.09770508939353e-13	22.910861044747	LRRC52
ENSG00000205002	-2.60587777777778	-0.591834722222222	-8.54128807867793	1.16349249333815e-14	8.77219224047039e-13	22.8171651271602	AARD
ENSG00000141744	-2.89138611111111	2.26716527777778	-8.57861555582886	1.2387387739372e-14	9.15945964151406e-13	22.7669276742135	PNMT
ENSG00000101417	-1.95406666666667	2.21345555555556	-8.51146031003387	1.37946570637448e-14	1.01257988378854e-12	22.650234439147	PXMP4
ENSG00000243232	-2.02913611111112	-0.868138888888889	-8.50292535008735	1.45043713278831e-14	1.05275757861933e-12	22.6011120061927	PCDHAC2
ENSG00000259288	-2.72025972222223	-0.364200694444445	-8.50753055805587	1.56470359005837e-14	1.13147264809723e-12	22.5309811627394	BUB1B-PAK6
ENSG00000170786	-2.67081388888888	4.52354305555555	-8.46592782485803	2.08254188951673e-14	1.46244060775738e-12	22.2528015098344	SDR16C5
ENSG00000275793	-3.25902500000002	-4.9929625	-8.40877761090585	2.51966288124638e-14	1.73188983625458e-12	22.0604246675927	RIMBP3
ENSG00000053918	-1.25844305555555	3.57456041666667	-8.39982198862532	2.65527220221433e-14	1.81229315359555e-12	22.0091065060975	KCNQ1
ENSG00000122025	-2.11597916666667	-0.525159027777778	-8.34624808277738	3.63182441054948e-14	2.35934364255976e-12	21.7025336881387	FLT3
ENSG00000186472	-1.42391666666667	-0.0847027777777779	-8.34592341291614	3.63871629019087e-14	2.35934364255976e-12	21.700678000311	PCLO
ENSG00000168032	-1.74838888888889	-0.0654361111111111	-8.34236340241993	3.71514285041682e-14	2.40089563874778e-12	21.6803321122091	ENTPD3
ENSG00000277758	-2.09573333333333	2.039225	-8.33078662966765	3.97486117683533e-14	2.56023177522519e-12	21.614191808194	SYT15B
ENSG00000167447	-1.89350138888889	1.38053263888889	-8.29098829370055	5.01299903427806e-14	3.13422061725725e-12	21.3870787662912	SMG8
ENSG00000081479	-2.9206125	1.03497847222222	-8.30030522868578	6.2258109456271e-14	3.80831680862699e-12	21.1864928823979	LRP2
ENSG00000188707	-1.23192916666667	1.21266180555556	-8.24413506913038	6.58437869858034e-14	4.01502615814373e-12	21.1202334607775	ZBED10P
ENSG00000244255	-5.01445000000001	-1.51511388888889	-8.30318512892208	6.84580951082034e-14	4.14639461328181e-12	21.0983272540196	
ENSG00000160862	-2.4786875	2.98115625	-8.25748952180294	7.07793292443423e-14	4.26253719028157e-12	21.0559021277072	AZGP1
ENSG00000142512	-2.4634875	3.09219513888889	-8.24717874697946	7.46161413320262e-14	4.45224902205697e-12	21.0039532166302	SIGLEC10
ENSG00000187486	-2.28329166666667	0.659191666666666	-8.22339601881604	7.64386089988713e-14	4.54704532796956e-12	20.9754615475801	KCNJ11
ENSG00000080293	-2.36675277777778	2.24715833333333	-8.22413914950947	8.37098670355478e-14	4.90459136619119e-12	20.8906436490257	SCTR
ENSG00000212916	-1.97698055555556	-1.6536625	-8.20079513052514	8.4690551968143e-14	4.94714899965261e-12	20.8739128490898	MAP10
ENSG00000157765	-2.69339444444443	7.62103611111111	-8.17623120965065	9.76563929577972e-14	5.62015430714518e-12	20.7345277327295	SLC34A2
ENSG00000105352	-2.38768055555555	2.05171527777778	-8.17518256207554	1.12416920515583e-13	6.33835924020034e-12	20.6026801018789	CEACAM4
ENSG00000176842	-2.00419444444444	1.31819166666667	-8.12419521351367	1.31986250638119e-13	7.31452007809884e-12	20.4397954181339	IRX5
ENSG00000168484	-3.73057638888887	11.7314868055555	-8.10236002871433	1.70559086860046e-13	9.26736133408273e-12	20.1947682979319	SFTPC
ENSG00000172264	-1.97858611111111	2.48271527777778	-8.04052007188124	2.13915682246251e-13	1.13690924892188e-11	19.9674252268482	MACROD2
ENSG00000167183	-2.14014027777777	4.05666736111111	-8.02786570987237	2.30083774291737e-13	1.21289690447774e-11	19.8961587159495	PRR15L
ENSG00000109084	-1.97167361111111	3.13537430555556	-8.02642326965695	2.32001999925089e-13	1.21970348717374e-11	19.8880381018729	TMEM97
ENSG00000171659	-2.01496944444444	1.63748055555556	-8.01365772761513	2.49684441111791e-13	1.30560799691036e-11	19.8161967693146	GPR34
ENSG00000115361	-2.03460694444444	3.25794375	-8.01195335326121	2.52144240325998e-13	1.31170351912051e-11	19.8066084836284	ACADL
ENSG00000142973	-1.62034166666665	6.93914166666667	-8.01191573282701	2.52198805341904e-13	1.31170351912051e-11	19.8063968519946	CYP4B1
ENSG00000105929	-2.67343333333334	-2.78592083333333	-8.01078615727133	2.53842617019466e-13	1.31673242300337e-11	19.8000426765556	ATP6V0A4
ENSG00000034533	-1.38460833333333	1.05717638888889	-7.99668743639716	2.7527584241841e-13	1.41657822400077e-11	19.720764170179	ASTE1
ENSG00000131910	-3.40728333333334	-0.648511111111111	-8.03080468416601	2.96067681475838e-13	1.51555487896527e-11	19.6617587042305	NR0B2
ENSG00000131400	-2.78497916666665	8.35733541666667	-7.98364627994084	2.9930716605597e-13	1.52411596704731e-11	19.6393105035314	NAPSA
ENSG00000167711	-2.31270416666666	3.25912847222222	-7.99458546496554	3.06795343082356e-13	1.55816788867833e-11	19.6191450046031	SERPINF2
ENSG00000189127	-3.32316944444446	-5.27958888888889	-7.95530125279642	3.57595262083243e-13	1.77901356471694e-11	19.4660106386959	ANKRD34B
ENSG00000110243	-3.7793402777778	-5.35905069444444	-7.96409542179336	3.83157153860328e-13	1.89166826317033e-11	19.4040016173458	APOA5
ENSG00000168389	-2.45069027777777	4.97654513888889	-7.9376698101155	4.16277527665544e-13	2.04480567377529e-11	19.3197887275037	MFSD2A
ENSG00000130701	-3.12530000000001	-3.91438888888889	-7.90332510734978	4.70192479777495e-13	2.28654602915796e-11	19.1972306791304	RBBP8NL
ENSG00000171402	-3.99663472222225	-7.44063680555554	-7.91582275823743	5.07533846647639e-13	2.44976386724314e-11	19.1294165046726	XAGE3
ENSG00000189431	-3.23302361111112	-2.45982291666667	-7.9037749380328	5.23182898123648e-13	2.51792510936275e-11	19.097937623889	RASSF10
ENSG00000005187	-1.79324722222222	2.85983888888889	-7.83388611311593	6.99040513284289e-13	3.27975571868518e-11	18.8095166447391	ACSM3
ENSG00000197935	-1.80322222222223	-1.07373611111111	-7.83371526814031	6.99721685818605e-13	3.27975571868518e-11	18.8085645145696	ZNF311
ENSG00000182810	-1.73339305555555	1.79628958333333	-7.82958063264626	7.16408880956813e-13	3.34990037316633e-11	18.7855246168444	DDX28
ENSG00000253313	-1.88798055555555	2.71755555555555	-7.81919161682692	7.60099039213857e-13	3.51198254413015e-11	18.727655606087	C1orf210
ENSG00000259803	-2.70299027777777	5.43223680555555	-7.83080806576828	8.21539542574792e-13	3.76504334052181e-11	18.6585431608214	SLC22A31
ENSG00000178150	-3.00583472222223	-2.82402847222222	-7.80133290092542	8.52077000993768e-13	3.89075160172084e-11	18.6165985731959	ZNF114
ENSG00000153093	-1.94238055555556	1.45149722222222	-7.77512709982458	9.76698454840171e-13	4.41831124268628e-11	18.482573065133	ACOXL
ENSG00000135373	-2.19845694444444	2.26045069444444	-7.78198192527544	1.02628895749759e-12	4.57875522964294e-11	18.4384425493207	EHF
ENSG00000168878	-3.03760416666664	11.25505625	-7.74762004519126	1.14184509140108e-12	5.04749954453257e-11	18.3298845394701	SFTPB
ENSG00000189377	-2.78214722222222	5.78374583333334	-7.77320558569296	1.15232245615988e-12	5.07126163285563e-11	18.3284456835657	CXCL17
ENSG00000169562	-3.65666666666668	-2.82165277777778	-7.75547342269888	1.3086818523031e-12	5.69496183243846e-11	18.205423416303	GJB1
ENSG00000179627	-1.69749861111111	1.57041319444444	-7.71191092762683	1.39809453713538e-12	5.99024998598181e-11	18.1320187208818	ZBTB42
ENSG00000137460	-1.87578611111111	2.07075	-7.70035837517507	1.49261308506867e-12	6.33936893684623e-11	18.0680911800145	FHDC1
ENSG00000124217	-1.64985694444445	-0.390149305555556	-7.68653487290034	1.61405933869682e-12	6.7665263483471e-11	17.9916524384087	MOCS3
ENSG00000006756	-1.03357083333333	3.36628819444444	-7.68293459884262	1.6472641611849e-12	6.89087794911152e-11	17.971754219857	ARSD
ENSG00000187566	-2.95845416666667	-1.51429375	-7.67380109083101	1.9615883475964e-12	7.9867653859579e-11	17.8072362323738	NHLRC1
ENSG00000175536	-2.96299722222223	-0.798845833333333	-7.68322839699669	1.96261251001844e-12	7.9867653859579e-11	17.8093891529682	LIPT2
ENSG00000187908	-3.53626805555555	3.14123819444444	-7.70109419272398	2.00276775739993e-12	8.13316042107379e-11	17.795581785919	DMBT1
ENSG00000108242	-3.0577388888889	-3.31195	-7.60211750357935	2.63771370732623e-12	1.04711851091653e-10	17.5125238783306	CYP2C18
ENSG00000164850	-2.15146111111111	2.18126111111111	-7.605558967985	2.77083182278975e-12	1.09105709750822e-10	17.4679033895087	GPER1
ENSG00000132623	-1.58910972222223	-0.468300694444444	-7.5806374397466	2.93302933057086e-12	1.15259164723766e-10	17.4081092686142	ANKEF1
ENSG00000105707	-1.98979444444444	3.63754722222222	-7.56330626460527	3.23313243493386e-12	1.26796153476479e-10	17.3129533536378	HPN
ENSG00000198585	-1.85848888888889	4.5586625	-7.54300244804061	3.62354921024354e-12	1.41253064604524e-10	17.2016022095897	NUDT16
ENSG00000143839	-3.52359166666668	-3.62909027777778	-7.55083806475859	3.9075684784598e-12	1.50813535799603e-10	17.1340439114506	REN
ENSG00000198570	-3.40101250000001	-3.39276180555556	-7.52695055476097	4.41468736420028e-12	1.69377709286832e-10	17.0142917061121	RD3
ENSG00000170890	-2.52023194444444	3.46805347222222	-7.51267650814234	5.10173361349327e-12	1.93448191519826e-10	16.8764285630914	PLA2G1B
ENSG00000168004	-1.63278611111111	0.358059722222222	-7.46556813205269	5.59019270219421e-12	2.09116208544388e-10	16.7781949565079	PLAAT5
ENSG00000173212	-2.67051944444445	-4.04099166666667	-7.44998632250867	6.09836605150229e-12	2.26817239835225e-10	16.6932387312411	MAB21L3
ENSG00000256500	-5.25834861111113	-6.0008548611111	-7.49595392362984	6.18190504146822e-12	2.29048413079314e-10	16.6941058334103	
ENSG00000137857	-2.14239166666666	6.34379861111111	-7.43035051404708	6.80427442731693e-12	2.48324101613825e-10	16.5862969358687	DUOX1
ENSG00000006534	-1.15211527777777	5.38660069444445	-7.42846482141464	6.87617704083959e-12	2.49543648877634e-10	16.5760339022478	ALDH3B1
ENSG00000156398	-1.57796944444444	1.96128888888889	-7.40604317086848	7.79094467048787e-12	2.80647140241352e-10	16.4540959599649	SFXN2
ENSG00000170214	-1.92532222222222	1.4830875	-7.39969919294947	8.07094576292526e-12	2.89127139927113e-10	16.4196263264577	ADRA1B
ENSG00000115841	-1.77026666666666	2.4233	-7.39571994103163	8.25163234682063e-12	2.94518350672472e-10	16.3980123998102	RMDN2
ENSG00000188906	-1.86661388888888	4.5430625	-7.37421035348251	9.29984167850109e-12	3.30295044647737e-10	16.2812748660329	LRRK2
ENSG00000249158	-2.23805000000001	-2.55470138888889	-7.36991765870893	9.52428381455275e-12	3.3623660392138e-10	16.2579966907269	PCDHA11
ENSG00000180815	-2.15754583333334	-2.95254791666667	-7.36876400340346	9.58551023914309e-12	3.37785045601108e-10	16.2517418123682	MAP3K15
ENSG00000251664	-1.99533888888889	-1.41345138888889	-7.36443362547585	9.81882353853578e-12	3.45381112968532e-10	16.2282675549479	PCDHA12
ENSG00000166189	-1.714825	2.06547222222222	-7.36110826884308	1.00017926269581e-11	3.51182076136442e-10	16.2102458013007	HPS6
ENSG00000151364	-1.78736527777778	2.20976180555556	-7.36032925556378	1.00451409702536e-11	3.51995021100719e-10	16.2060245021743	KCTD14
ENSG00000175121	-3.4242888888889	-3.12559444444445	-7.38367172018409	1.00611367330866e-11	3.51995021100719e-10	16.2115383429126	WFDC5
ENSG00000174599	-2.40679583333334	-1.61437847222222	-7.3575156826716	1.02032558630105e-11	3.55687693633118e-10	16.1907801483228	TRAM1L1
ENSG00000155622	-4.09717916666667	-0.938042361111112	-7.3999362616239	1.0491868929634e-11	3.64442561462931e-10	16.1777103809638	XAGE2
ENSG00000177551	-3.20416666666669	-5.274525	-7.35779269288328	1.07385381839702e-11	3.72345890828143e-10	16.1437245867072	NHLH2
ENSG00000186334	-2.59851250000003	-7.84967291666665	-7.3479487710001	1.07595280375173e-11	3.7240985655834e-10	16.1389659716279	SLC36A3
ENSG00000162396	-1.58120555555556	-0.3030375	-7.34431383985447	1.09786560437646e-11	3.78646839296649e-10	16.1192876932129	PARS2
ENSG00000115590	-2.50892916666666	4.67119791666667	-7.36199368473043	1.14221941291925e-11	3.91859823987746e-10	16.0880906997207	IL1R2
ENSG00000140067	-3.78844444444445	-1.81484583333333	-7.37469651056559	1.16607533680255e-11	3.99339743864142e-10	16.0728293893745	FAM181A
ENSG00000160606	-1.76088194444444	2.74782708333333	-7.31965504471439	1.25862565656783e-11	4.26529377553264e-10	15.9859163431191	TLCD1
ENSG00000125966	-1.67080694444444	1.43165902777778	-7.29097596246722	1.4750474221015e-11	4.96412153195818e-10	15.8310716745321	MMP24
ENSG00000134216	-3.5841875	0.0462770833333332	-7.32371611742587	1.58368154447782e-11	5.30219852034125e-10	15.7755548185021	CHIA
ENSG00000141579	-1.72932777777778	0.297659722222222	-7.25438452030409	1.80529344664646e-11	5.95196069901134e-10	15.6339334228401	ZNF750
ENSG00000273045	-1.43486944444445	-0.580611111111111	-7.24773686710387	1.87269199349752e-11	6.16372329230352e-10	15.5981706002594	C2orf15
ENSG00000168806	-1.76075138888889	0.745385416666667	-7.20548903917547	2.36306777216867e-11	7.68668801073996e-10	15.37126210151	LCMT2
ENSG00000142405	-1.76430555555556	0.0583458333333333	-7.20059909849656	2.42744743702028e-11	7.86978459081976e-10	15.3450408155149	NLRP12
ENSG00000007402	-1.91135416666666	4.79408680555556	-7.1930308740743	2.53052161511537e-11	8.14836631945675e-10	15.3044750845626	CACNA2D2
ENSG00000177575	-2.35358055555554	7.21749444444445	-7.19127495689055	2.55881031449584e-11	8.21352776197576e-10	15.2937142374995	CD163
ENSG00000228278	-3.41086666666667	1.03829027777778	-7.22468307107373	2.71717230692282e-11	8.6788892798461e-10	15.2488703350297	ORM2
ENSG00000114771	-2.62976944444445	-0.213979166666667	-7.1994808457356	2.83157814848976e-11	8.99997682098411e-10	15.2032040295358	AADAC
ENSG00000120696	-1.54529444444445	-0.0666305555555556	-7.16302243772955	2.98354595753837e-11	9.4214181763046e-10	15.1438373222037	KBTBD7
ENSG00000113790	-1.50920277777778	0.550675	-7.16186331696082	3.00256627361405e-11	9.46611331512813e-10	15.1376391253671	EHHADH
ENSG00000198203	-2.1763875	0.574597916666666	-7.16671572707821	3.16825918121375e-11	9.948796710443e-10	15.0898370610846	SULT1C2
ENSG00000169174	-2.0679	2.15917638888889	-7.16457566671856	3.21078833532688e-11	1.00573679064056e-09	15.0769263511145	PCSK9
ENSG00000162551	-2.15311944444444	5.81930972222222	-7.12847008796625	3.60505591621768e-11	1.11831619738607e-09	14.9592891983166	ALPL
ENSG00000076864	-1.90594861111111	3.11921319444444	-7.1294363060614	3.62406123186408e-11	1.12075101879523e-09	14.9547694370383	RAP1GAP
ENSG00000122194	-2.41586388888889	-0.481894444444445	-7.1362054854205	3.77049373197078e-11	1.16233984269882e-09	14.9205565257976	PLG
ENSG00000074410	-1.93255833333333	0.7539375	-7.11012488529826	4.00538712195776e-11	1.22504387258368e-09	14.8568905592423	CA12
ENSG00000278803	-3.17613194444447	-7.85926874999998	-7.10146822188299	4.25242139175345e-11	1.29045399239295e-09	14.7992624505157	PWWP4
ENSG00000214128	-3.20018611111112	-2.9750125	-7.09971904016063	4.68885663259646e-11	1.40970076069963e-09	14.7091325253191	TMEM213
ENSG00000198924	-1.46861666666667	0.664651388888889	-7.07357956548126	4.86494097536777e-11	1.45813300235522e-09	14.6670331245879	DCLRE1A
ENSG00000174502	-2.71299305555555	2.83804513888889	-7.09101740439348	5.39622180391316e-11	1.60746258085327e-09	14.5775977576794	SLC26A9
ENSG00000155897	-3.06487083333335	-4.14204375	-7.06088318353804	5.43520638913878e-11	1.61413182719889e-09	14.5614170813988	ADCY8
ENSG00000131050	-3.90996666666668	-5.17465	-7.06795905578832	5.95140510084556e-11	1.7434748798441e-09	14.4805663615813	BPIFA2
ENSG00000186212	-1.54574861111112	-1.24324791666667	-7.0339885000314	6.03482850963771e-11	1.7652554010447e-09	14.4569465682127	SOWAHB
ENSG00000109255	-3.75194722222223	-1.97438611111111	-7.04556015290936	6.93424131923752e-11	2.00423272127501e-09	14.3334736872839	NMU
ENSG00000255298	-3.81290833333335	-6.73092916666666	-7.02426435563526	7.35655856366983e-11	2.11686060917908e-09	14.2725411722083	OR8G5
ENSG00000128311	-1.78043888888888	4.23796111111111	-6.99334790814656	7.52437807688782e-11	2.15877716898998e-09	14.2419174413433	TST
ENSG00000157184	-1.58154027777777	2.56873541666667	-6.97911363549933	8.12761041163745e-11	2.30800405441127e-09	14.1667554200311	CPT2
ENSG00000124713	-1.46687361111111	0.930538194444445	-6.96536113335717	8.75568477192143e-11	2.48273440500606e-09	14.0942124063323	GNMT
ENSG00000181072	-1.90631805555556	-0.602189583333334	-6.96206646517192	8.91312725245618e-11	2.52369943689633e-09	14.0768443640738	CHRM2
ENSG00000196659	-1.77437222222223	-0.510088888888889	-6.95772714386975	9.12476155983951e-11	2.5723893023478e-09	14.0539758636629	IFT70B
ENSG00000186280	-1.68391805555556	-2.20432847222222	-6.94784554928041	9.62538435058095e-11	2.6976756307369e-09	14.0019268205889	KDM4D
ENSG00000163283	-2.15216666666667	1.91995833333333	-6.9540753152764	1.04040688447419e-10	2.88632261138216e-09	13.9328843987142	ALPP
ENSG00000183840	-1.52582083333333	1.30957569444444	-6.93308134689565	1.04242858880089e-10	2.88632261138216e-09	13.924231390211	GPR39
ENSG00000197557	-1.57553333333334	-0.659625	-6.93295779782217	1.04312399537408e-10	2.88632261138216e-09	13.9235815860492	IFT70A
ENSG00000147003	-2.071675	-0.935536111111111	-6.9281373866772	1.07061645459013e-10	2.95399025172868e-09	13.8982334297585	CLTRN
ENSG00000136014	-1.43044444444445	0.830281944444444	-6.90455908080275	1.21573992825114e-10	3.32610029315629e-09	13.7743794860608	USP44
ENSG00000176974	-1.6033625	3.41248263888889	-6.90050661291967	1.24256723827083e-10	3.38521259367567e-09	13.7531146256802	SHMT1
ENSG00000065621	-1.50585972222222	1.79510069444444	-6.89364326084929	1.28934121278852e-10	3.49794494716351e-09	13.7171149101987	GSTO2
ENSG00000177191	-1.72692361111111	3.25797708333333	-6.8929991266487	1.29381917228543e-10	3.50520481048694e-09	13.7137372569119	B3GNT8
ENSG00000255561	-1.45580555555556	-0.2278625	-6.88829328902181	1.32700257491308e-10	3.58511862322349e-09	13.6890662369676	FDXACB1
ENSG00000091106	-1.54633194444444	1.42784652777778	-6.88724699924118	1.33449387078791e-10	3.60035711159034e-09	13.6835821178807	NLRC4
ENSG00000232040	-1.46265000000001	-2.27969722222222	-6.88239066867269	1.36981446881941e-10	3.67019711397731e-09	13.6581334382919	SCAND3
ENSG00000146038	-1.18178888888889	0.268705555555556	-6.87567633536082	1.4201721456767e-10	3.78427240790454e-09	13.6229638118939	DCDC2
ENSG00000125798	-1.68249583333333	2.77913958333333	-6.8749356510085	1.42583793516099e-10	3.79417230023962e-09	13.619085220404	FOXA2
ENSG00000159166	-1.97146388888889	2.9296375	-6.86319551887007	1.61456667448693e-10	4.24117137013724e-09	13.5018089384206	LAD1
ENSG00000130772	-1.50809861111111	1.87656597222222	-6.83778435920252	1.74053816406605e-10	4.53846492860761e-09	13.4248260594727	MED18
ENSG00000166192	-1.35147083333333	-0.284046527777778	-6.83618333068352	1.75554065358305e-10	4.57145606338655e-09	13.416467032241	SENP8
ENSG00000175262	-2.07884583333334	-2.59363541666667	-6.82006022281429	1.91391510678128e-10	4.96393022094794e-09	13.3323457407781	C1orf127
ENSG00000185090	-1.46363055555556	0.1858875	-6.80919194370767	2.02854034184171e-10	5.25421660845604e-09	13.2757009084421	MANEAL
ENSG00000170468	-1.4032875	1.25155347222222	-6.79542830513765	2.18346019249947e-10	5.61065623044911e-09	13.2040349060498	RIOX1
ENSG00000103811	-2.14092638888887	8.61503263888889	-6.79507392820576	2.18759930333063e-10	5.61387620691126e-09	13.2021907224603	CTSH
ENSG00000220008	-1.82045833333334	-0.534411111111111	-6.79239592575922	2.21912946553584e-10	5.67980346889514e-09	13.1882560175943	LINGO3
ENSG00000256870	-2.80703750000001	-1.48322430555556	-6.80049504911061	2.39003812051173e-10	6.06141088920393e-09	13.1234589678186	SLC5A8
ENSG00000270181	-4.56441250000002	-4.79097430555555	-6.81083621171744	2.4455215079985e-10	6.17795900955673e-09	13.1060520222675	BIVM-ERCC5
ENSG00000165816	-1.71855833333334	-0.315080555555556	-6.7697883309026	2.5037970027162e-10	6.31697267144431e-09	13.0707372743095	VWA2
ENSG00000214654	-2.28185138888889	-0.977579861111112	-6.73366336976949	3.17098526914705e-10	7.797977933685e-09	12.8435827503078	B3GALT9
ENSG00000152782	-1.51666527777778	0.352884027777778	-6.7089719110162	3.46070373657214e-10	8.43579061200517e-09	12.7556523687358	PANK1
ENSG00000166278	-1.82009027777777	5.65142152777777	-6.70825640606652	3.47387613930404e-10	8.45124079454243e-09	12.7519545825641	C2
ENSG00000175707	-1.4844125	1.72801041666667	-6.70115888585625	3.60724699782769e-10	8.7273841544458e-09	12.7152856771827	KDF1
ENSG00000128694	-1.19479444444444	1.87217222222222	-6.69022227483521	3.82269940630695e-10	9.19148935123398e-09	12.6588238129455	OSGEPL1
ENSG00000163884	-1.83776944444444	3.77306527777778	-6.6860469836999	3.94329150377075e-10	9.44641703588038e-09	12.6291799311682	KLF15
ENSG00000170498	-3.90579861111113	-3.26521736111111	-6.71390843244283	3.98383677719274e-10	9.50084459866496e-09	12.6295027039581	KISS1
ENSG00000204176	-1.54391111111111	2.44077361111111	-6.64967876525096	4.73788265980942e-10	1.10505148079871e-08	12.4499530667508	SYT15
ENSG00000185220	-1.35901805555555	1.06713958333333	-6.64471978326508	4.86368601516677e-10	1.13303497445538e-08	12.4244534633361	PGBD2
ENSG00000144306	-1.21155	2.72768611111111	-6.64155881027137	4.9455877103065e-10	1.14936167432356e-08	12.4082048838138	SCRN3
ENSG00000268104	-2.58495277777778	2.16671527777778	-6.66342586994621	5.20175047795405e-10	1.20314447440145e-08	12.3700347689871	SLC6A14
ENSG00000174938	-1.60637916666667	1.42913402777778	-6.62921774896252	5.27856088792188e-10	1.21946040845435e-08	12.3448081000546	SEZ6L2
ENSG00000124107	-2.35868888888888	9.08899305555555	-6.6211258138175	5.50877795267694e-10	1.26812720397008e-08	12.3032747318886	SLPI
ENSG00000164695	-1.4270875	1.71955902777778	-6.61655991919802	5.64301460821322e-10	1.29596127696533e-08	12.2798518240725	CHMP4C
ENSG00000171017	-1.4672375	0.260440972222222	-6.6064655823576	5.95132858635676e-10	1.3603436387992e-08	12.2280999771545	LRRC8E
ENSG00000165879	-1.40816111111111	1.75730555555556	-6.59792459666304	6.22511279825625e-10	1.42125462619343e-08	12.1843461630234	FRAT1
ENSG00000267385	-1.61846388888889	0.927461111111112	-6.59694583843909	6.25726880533313e-10	1.42525050118665e-08	12.1793341845757	
ENSG00000174876	-3.74526527777779	-2.46011180555556	-6.62631381406638	6.3362761005897e-10	1.43987433070877e-08	12.1782941089458	AMY1B
ENSG00000138413	-1.71314305555555	4.80740763888889	-6.59008797876944	6.4872113579867e-10	1.46731668994834e-08	12.1442283946763	IDH1
ENSG00000099194	-1.8252736111111	5.32263819444445	-6.58351435679895	6.7154279394752e-10	1.51365590125923e-08	12.1105967335103	SCD
ENSG00000153485	-1.01932638888889	4.11237847222222	-6.57820392691579	6.905548935161e-10	1.55291026458673e-08	12.0834414306854	LYSET
ENSG00000161267	-1.60431666666666	2.69351944444444	-6.57730240131304	6.93834704539563e-10	1.55848414234452e-08	12.0788326229534	BDH1
ENSG00000170899	-1.62355555555555	4.91821388888889	-6.55498434750495	7.80102846273262e-10	1.73820854131815e-08	11.9648502346277	GSTA4
ENSG00000069764	-2.02170972222222	1.94935625	-6.56824947065332	7.96088265044787e-10	1.76977244933156e-08	11.9512196759195	PLA2G10
ENSG00000066468	-1.55622361111111	2.84925208333333	-6.52875002461216	8.95081289094599e-10	1.96071185084101e-08	11.8311448523432	FGFR2
ENSG00000148483	-1.24398333333334	-0.714947222222222	-6.51018266776624	9.86384854189747e-10	2.14142390443069e-08	11.7366974550294	TMEM236
ENSG00000169413	-1.62194166666666	3.74196527777778	-6.50530614232951	1.01184743987822e-09	2.19181028958921e-08	11.7119170265002	RNASE6
ENSG00000187554	-1.07196527777778	1.87129375	-6.50398620379606	1.01885000754972e-09	2.20452395404418e-08	11.7052114674753	TLR5
ENSG00000180423	-1.33546805555556	-0.0307465277777777	-6.49634217990284	1.06035138076803e-09	2.28415892122921e-08	11.666393413729	HARBI1
ENSG00000114646	-1.69341805555556	1.25363125	-6.48910901753975	1.10115235825401e-09	2.36942651247312e-08	11.6296856447089	CSPG5
ENSG00000178826	-1.63750277777777	2.95514583333333	-6.48285346616369	1.13768217054601e-09	2.44262622311931e-08	11.5979579054478	TMEM139
ENSG00000181215	-2.17182638888891	-6.04676875	-6.47463864214784	1.18747010083054e-09	2.53831520894019e-08	11.5563192943455	C4orf50
ENSG00000245848	-1.60537222222222	3.56591944444445	-6.46951550268369	1.21959944553734e-09	2.60413264704636e-08	11.5303667716523	CEBPA
ENSG00000226941	-3.15631805555558	-7.33575069444443	-6.47643399843079	1.25388770212791e-09	2.67148122473079e-08	11.5078573504461	RBMY1J
ENSG00000186205	-1.5237375	3.15121041666667	-6.45631898693374	1.306353294109e-09	2.7741467551319e-08	11.4635705327769	MTARC1
ENSG00000156076	-1.93626527777777	4.11614236111111	-6.45302126316779	1.39370066821452e-09	2.94037585662786e-08	11.4039965829687	WIF1
ENSG00000107242	-1.49648194444444	3.14579930555556	-6.44329500883247	1.39791890136218e-09	2.9460800075078e-08	11.3977240371843	PIP5K1B
ENSG00000048540	-1.66181527777777	4.73132986111111	-6.43346629892628	1.47117423468643e-09	3.08115333510696e-08	11.3480825590131	LMO3
ENSG00000104760	-3.10615972222223	-1.09360069444444	-6.4578047596963	1.50629619926408e-09	3.14382764679023e-08	11.3356837278547	FGL1
ENSG00000106804	-1.459375	1.826475	-6.42398491382294	1.54541518389734e-09	3.2151247226921e-08	11.3002365040065	C5
ENSG00000157551	-1.50657083333333	3.35437569444444	-6.4222748111776	1.5591925566217e-09	3.23686377923216e-08	11.2916111021809	KCNJ15
ENSG00000161896	-1.54288472222222	1.79993819444445	-6.41489508836454	1.6200460287385e-09	3.34534345552243e-08	11.2544044623029	IP6K3
ENSG00000185499	-2.07633333333331	8.1829625	-6.40767642154383	1.68183012229923e-09	3.44730869746729e-08	11.2180336509049	MUC1
ENSG00000141642	-1.4293875	1.51437430555556	-6.40463422196635	1.70855714202431e-09	3.4968939439068e-08	11.2027127823595	ELAC1
ENSG00000155659	-1.91871666666665	6.34938611111111	-6.38949536409852	1.84789792159002e-09	3.75212008045607e-08	11.1265341976147	VSIG4
ENSG00000101188	-2.14773194444445	-3.30598263888889	-6.38659925353152	1.87580029590566e-09	3.80480368675254e-08	11.1119728695635	NTSR1
ENSG00000132932	-1.42841944444445	-1.41328472222222	-6.38221616191275	1.91881887972744e-09	3.88396096237858e-08	11.0899424283844	ATP8A2
ENSG00000101349	-2.12967500000002	-5.91918333333333	-6.38174112524658	1.92353909053311e-09	3.88542911620457e-08	11.0875553091197	PAK5
ENSG00000009950	-1.68206805555555	2.08676736111111	-6.37625180384364	2.0003409312621e-09	4.02801571375883e-08	11.0502900544698	MLXIPL
ENSG00000189369	-1.32029444444444	1.41643194444444	-6.37331669008195	2.00917125671203e-09	4.04161316293303e-08	11.0452385603134	GSPT2
ENSG00000104883	-1.24120416666666	1.94030763888889	-6.36892805887462	2.05525484621404e-09	4.12578093586745e-08	11.0232068844817	PEX11G
ENSG00000169710	-1.96131944444443	7.04235	-6.36635426724279	2.08276337722845e-09	4.16683259416561e-08	11.0102901096776	FASN
ENSG00000171557	-3.49887083333333	3.29295763888889	-6.3998514039325	2.0864152512427e-09	4.16683259416561e-08	11.0210830927296	FGG
ENSG00000123838	-2.6212861111111	4.32865138888889	-6.3918683748655	2.10371353002892e-09	4.19184173350252e-08	11.0107193007384	C4BPA
ENSG00000242265	-1.27928333333332	4.44044861111111	-6.3521901839697	2.2407536895944e-09	4.43409366937846e-08	10.9392608507209	PEG10
ENSG00000155657	-1.39884583333333	0.0971409722222223	-6.34983434732557	2.26815066661815e-09	4.47919459564024e-08	10.9274558599197	TTN
ENSG00000212123	-1.59031388888889	0.819544444444444	-6.34138882997289	2.36910134872244e-09	4.659631894373e-08	10.8851567246889	PRR22
ENSG00000130943	-1.52141805555557	-4.47453958333334	-6.34084145378936	2.37579457884192e-09	4.6648804573131e-08	10.882416339142	PKDREJ
ENSG00000179256	-1.42122222222222	-0.4168375	-6.33767715455972	2.41485315543544e-09	4.73525439309781e-08	10.8665772883152	SMCO3
ENSG00000214456	-1.63154305555555	3.45742013888889	-6.33076809241895	2.50234287147741e-09	4.88220396549434e-08	10.8320096914917	PLIN5
ENSG00000169403	-1.50047638888889	2.69854236111111	-6.32850078130758	2.53172749704391e-09	4.92964597322304e-08	10.8206706233424	PTAFR
ENSG00000149809	-1.4840611111111	3.46321944444444	-6.3172573485115	2.68253119358408e-09	5.18178716758664e-08	10.7644761107031	TM7SF2
ENSG00000158714	-1.59386805555555	2.88194236111111	-6.31388543658861	2.72945457498336e-09	5.26197724406109e-08	10.7476347506488	SLAMF8
ENSG00000177508	-1.64900833333332	3.78401666666667	-6.29438037796078	3.01714919356825e-09	5.76449298340627e-08	10.6503182995981	IRX3
ENSG00000091262	-1.42652083333333	2.90403819444444	-6.2713733610307	3.39497404988368e-09	6.44283270422803e-08	10.5357574080944	ABCC6
ENSG00000182585	-3.45562916666668	-3.13157986111111	-6.29186044725351	3.46354920861318e-09	6.56656522475084e-08	10.5255586405382	EPGN
ENSG00000135931	-1.4867	3.42834305555556	-6.26215536302099	3.55907534148346e-09	6.7214692759744e-08	10.4899269003075	ARMC9
ENSG00000016402	-1.56658611111111	1.51129305555556	-6.25785915963769	3.63819697637581e-09	6.85757825430835e-08	10.4685804420625	IL20RA
ENSG00000267699	-3.16482083333335	-3.54460763888889	-6.27612504632923	3.64453076395714e-09	6.86286664283585e-08	10.4739452516138	
ENSG00000146955	-3.11470833333335	-3.75133888888889	-6.27381716389997	3.65620552684564e-09	6.87819244760168e-08	10.4702051663191	RAB19
ENSG00000259417	-1.42371666666667	-1.44689305555556	-6.25663005140143	3.66114931194464e-09	6.88083830105769e-08	10.4624749923217	CTXND1
ENSG00000121207	-1.87518194444445	-2.95767291666667	-6.24526699181456	3.88019497039939e-09	7.2158272049913e-08	10.4060639961274	LRAT
ENSG00000008853	-1.67985972222221	5.71826180555556	-6.24364890058936	3.91241656365524e-09	7.26879914004028e-08	10.3980360588307	RHOBTB2
ENSG00000091583	-2.61229444444445	0.113226388888889	-6.26857007753726	3.934052016112e-09	7.30202097494377e-08	10.4025583228736	APOH
ENSG00000147592	-1.44472916666666	3.15361041666667	-6.22638864529731	4.27291398598413e-09	7.89066884679061e-08	10.3124785961862	LACTB2
ENSG00000161653	-1.42044722222222	1.360125	-6.22626860398956	4.27553206072245e-09	7.89066884679061e-08	10.3118840559886	NAGS
ENSG00000170549	-1.46205694444444	1.30814375	-6.22405413872394	4.32411276001293e-09	7.97276221874612e-08	10.3009174838329	IRX1
ENSG00000204677	-1.68559027777778	1.61151180555556	-6.22676504411071	4.3533011712163e-09	8.01897863470639e-08	10.2959310159528	FAM153CP
ENSG00000103316	-1.6568125	0.927882638888889	-6.22042377099423	4.40493125002263e-09	8.10139687858129e-08	10.2829440443854	CRYM
ENSG00000168634	-2.76093055555557	-5.32912222222222	-6.21220438908091	4.78131639147211e-09	8.7247810925812e-08	10.2063914525981	WFDC13
ENSG00000247746	-1.27211666666667	-0.868145833333334	-6.20265320636461	4.82244755786352e-09	8.76693924257581e-08	10.1950547519938	USP51
ENSG00000215915	-1.46409722222222	1.79836805555556	-6.19097205875152	5.11782179676299e-09	9.26926160061765e-08	10.1373642488925	ATAD3C
ENSG00000176125	-2.02391527777778	-0.740017361111111	-6.18084482270381	5.54247465489881e-09	9.98261268398997e-08	10.0621639481293	UFSP1
ENSG00000166523	-1.70805555555555	4.22061111111111	-6.17334382819778	5.59751924783381e-09	1.00724277899041e-07	10.0504258956613	CLEC4E
ENSG00000114805	-1.46784027777778	0.341107638888889	-6.1700324890281	5.69243036819007e-09	1.01989372679972e-07	10.0341117440891	PLCH1
ENSG00000160703	-1.02938611111111	2.65859305555555	-6.1583053783847	6.04144164288093e-09	1.07518868103678e-07	9.97637750983675	NLRX1
ENSG00000164002	-1.38402361111111	1.39272152777778	-6.14763078298334	6.37734711415949e-09	1.12672258006022e-07	9.92388249623997	EXO5
ENSG00000126460	-1.27225	1.75933472222222	-6.13671129719457	6.73992303745993e-09	1.18432685568808e-07	9.87024005847257	PRRG2
ENSG00000229415	-1.7719486111111	6.40069652777778	-6.13598993334641	6.76457575501751e-09	1.18758598904874e-07	9.86669835734962	SFTA3
ENSG00000169385	-1.90891666666667	2.87885972222222	-6.14897768925654	6.80305829903714e-09	1.19219000029613e-07	9.86669355971563	RNASE2
ENSG00000101916	-1.46673194444444	1.28267708333333	-6.12727329998317	7.06955812412459e-09	1.23112842104272e-07	9.82392196233024	TLR8
ENSG00000164488	-1.98704861111112	-1.47889652777778	-6.12600205442696	7.11515062668638e-09	1.23795983891148e-07	9.81768647132552	DACT2
ENSG00000198963	-1.33915972222223	-1.65630486111111	-6.12311471745968	7.21977847066775e-09	1.25168565785587e-07	9.80352692375684	RORB
ENSG00000108379	-1.21371111111111	-0.117476388888889	-6.1213903030869	7.28298463015944e-09	1.26039694862866e-07	9.79507229705388	WNT3
ENSG00000177692	-1.37120416666667	-1.12403263888889	-6.11315390742311	7.5924518189794e-09	1.30582115634648e-07	9.75471001979269	DNAJC28
ENSG00000183307	-1.46166250000001	-1.95808125	-6.10689057984851	7.83639116566632e-09	1.34427222855987e-07	9.72403880447501	TMEM121B
ENSG00000182795	-1.57187638888888	4.46231041666667	-6.0980519699671	8.1937674779402e-09	1.39934297612724e-07	9.6807890742261	C1orf116
ENSG00000171560	-3.13214166666667	0.714859722222222	-6.12281408636933	8.36899614230599e-09	1.42177915249027e-07	9.67162396090041	FGA
ENSG00000184860	-1.23600694444445	-0.162114583333333	-6.07864831040025	9.03537093321056e-09	1.52698553773077e-07	9.58597554174505	SDR42E1
ENSG00000137843	-2.48569305555556	-1.10887708333333	-6.09337332771893	9.17025768685312e-09	1.54575262153091e-07	9.57857736833534	PAK6
ENSG00000257743	-1.94329166666668	-2.84290416666667	-6.0682328994206	9.52153679187015e-09	1.59942084348409e-07	9.53515805014409	MGAM2
ENSG00000221843	-1.40407500000001	-3.15008472222222	-6.06727522246938	9.56750662925029e-09	1.60575616007055e-07	9.53048815495348	C2orf16
ENSG00000268790	-5.21819305555557	-1.87980208333333	-6.09748696909664	9.57631669898295e-09	1.60584924507428e-07	9.54158138617193	
ENSG00000123836	-1.44890555555555	3.85595277777778	-6.06689463943496	9.58583556402002e-09	1.60606092498981e-07	9.52863245301834	PFKFB2
ENSG00000213023	-2.12778472222223	-2.41995486111111	-6.05917277308518	9.96525273532871e-09	1.66651175974962e-07	9.49099644949546	SYT3
ENSG00000184156	-1.59383611111111	0.640069444444445	-6.05484993968965	1.01840510791572e-08	1.69751638039216e-07	9.46993998985881	KCNQ3
ENSG00000176410	-1.294975	1.79664305555556	-6.05046452598817	1.04108322205449e-08	1.73086759276957e-07	9.4485881185132	DNAJC30
ENSG00000183607	-1.69206388888888	4.92404722222222	-6.04600603899443	1.06464704240521e-08	1.76101311810087e-07	9.42689019713369	GKN2
ENSG00000171433	-1.83139305555556	-0.356107638888889	-6.04619847157678	1.07463490922703e-08	1.77539800438572e-07	9.4186559108433	GLOD5
ENSG00000132801	-1.42982222222222	-0.271369444444445	-6.03913408235089	1.10199491400684e-08	1.81507240196961e-07	9.39346599084496	ZSWIM3
ENSG00000189134	-1.30743611111112	-1.02971666666667	-6.03131764422099	1.14603984442128e-08	1.88124616486775e-07	9.35547637655479	NKAPL
ENSG00000156968	-1.35748888888889	-0.828091666666666	-6.02610397024567	1.17637387460278e-08	1.92292643771204e-07	9.33015360906887	MPV17L
ENSG00000157600	-1.34030416666666	3.78265486111111	-6.01374739845612	1.25144706566966e-08	2.03198233066831e-07	9.27019177036625	TMEM164
ENSG00000129450	-1.01408055555555	2.95565	-6.00114526232623	1.3328489780287e-08	2.15516029265288e-07	9.20911659616063	SIGLEC9
ENSG00000095585	-1.29251944444444	1.52010694444444	-5.99982713416193	1.34165748912089e-08	2.16760145169266e-07	9.20273297761812	BLNK
ENSG00000171049	-1.64683194444444	2.79564375	-5.98984514024244	1.44310955164712e-08	2.31040057601974e-07	9.13395593499144	FPR2
ENSG00000168539	-1.759925	-0.189415277777778	-5.97516566994604	1.52415736236753e-08	2.43015647645682e-07	9.07950911046276	CHRM1
ENSG00000090530	-1.50155138888888	3.91145902777778	-5.97290978738504	1.53454940415328e-08	2.44472195000734e-07	9.07256399450532	P3H2
ENSG00000221883	-1.22978333333333	-0.0403791666666667	-5.97211041353194	1.54067516823627e-08	2.45247245274402e-07	9.06870387693563	ARIH2OS
ENSG00000198846	-1.25392083333333	0.912664583333333	-5.96882583632088	1.56609822148836e-08	2.48886785983591e-07	9.05284626697384	TOX
ENSG00000156413	-2.89888333333335	-3.52773055555556	-5.97569223839239	1.62438676696144e-08	2.57309213281222e-07	9.02319065461361	FUT6
ENSG00000131771	-1.6256375	2.93210347222222	-5.96096289100224	1.65780028231259e-08	2.62175049524752e-07	8.99916195188032	PPP1R1B
ENSG00000149243	-1.27818055555556	-0.242031944444445	-5.95473462301078	1.6799142619495e-08	2.65456476226171e-07	8.98487693282305	KLHL35
ENSG00000203724	-1.56217083333333	0.771574305555556	-5.9542413342235	1.68404214165001e-08	2.65892757624804e-07	8.98249935497165	C1orf53
ENSG00000133710	-1.31828472222222	0.223895138888889	-5.94698234228214	1.74594832113438e-08	2.74774973646489e-07	8.94752631260143	SPINK5
ENSG00000121454	-1.2593	-1.16015	-5.94013513957109	1.80638471274259e-08	2.83140978503375e-07	8.91456164068104	LHX4
ENSG00000161277	-1.38541805555555	1.26833263888889	-5.93730941811113	1.83191935724889e-08	2.86681378416777e-07	8.90096461174177	THAP8
ENSG00000163082	-1.70279027777778	1.48857986111111	-5.93658744159659	1.91120859211415e-08	2.98609072560678e-07	8.8631114166816	SGPP2
ENSG00000186326	-1.90117777777779	-3.23409027777778	-5.9243902964395	1.95324227241639e-08	3.04442858037208e-07	8.83885093517114	RGS9BP
ENSG00000186583	-1.58602361111111	-0.735920138888889	-5.92171261378144	1.97935634462003e-08	3.08266129828253e-07	8.8259875426243	SPATC1
ENSG00000235169	-1.3197625	1.72264791666667	-5.9124087305289	2.07278023931237e-08	3.22299929777013e-07	8.78132071991354	SMIM1
ENSG00000163251	-1.26369861111111	2.41776597222222	-5.91164650866389	2.08062277447679e-08	3.23002986505367e-07	8.77766333806813	FZD5
ENSG00000171435	-1.21131111111112	-4.21395	-5.90752674941886	2.12351721261684e-08	3.29136707727671e-07	8.75790055512896	KSR2
ENSG00000158246	-1.54405694444444	3.34802986111111	-5.89932551681278	2.21150323206174e-08	3.39795899447591e-07	8.71858443000689	TENT5B
ENSG00000108932	-1.36298472222222	1.36146319444444	-5.89238571330033	2.28873897680269e-08	3.50004328433694e-07	8.68534235358133	SLC16A6
ENSG00000145248	-1.65725694444445	-2.30708958333333	-5.89180058350323	2.29537064782033e-08	3.50742732454054e-07	8.68254067298564	SLC10A4
ENSG00000172967	-2.70259583333335	-6.69085763888888	-5.86417495660661	2.72039674124797e-08	4.09575521755073e-07	8.52087771263973	XKR3
ENSG00000204947	-1.45366388888889	-1.06055416666667	-5.8479550535903	2.84972193074172e-08	4.27392374686106e-07	8.47310261606542	ZNF425
ENSG00000181392	-1.28239166666666	2.14785416666667	-5.82999801674014	3.11286830474522e-08	4.62578413016837e-07	8.38761311438937	SYNE4
ENSG00000179546	-2.28561527777779	-3.66543402777778	-5.82296344921292	3.22231823744898e-08	4.77384115421612e-07	8.35416867880575	HTR1D
ENSG00000229314	-2.18375277777777	3.47942083333333	-5.8320078628156	3.39321433183767e-08	5.0117543798714e-07	8.31233892196669	ORM1
ENSG00000131944	-1.43758888888889	-0.499786111111111	-5.78627310549967	3.85718631793724e-08	5.63288200123988e-07	8.18014978805808	FAAP24
ENSG00000130675	-2.54954861111113	-4.82822847222222	-5.79033196480869	3.89914675538741e-08	5.67286482317097e-07	8.17232565076979	MNX1
ENSG00000008394	-1.69525555555554	7.35712222222222	-5.77623412548253	4.05125385796279e-08	5.87658389598003e-07	8.13265854590925	MGST1
ENSG00000143942	-1.38242083333333	0.129295138888889	-5.77557098044874	4.06440467781515e-08	5.88688010371261e-07	8.12952327921677	CHAC2
ENSG00000188760	-1.258325	1.46428055555555	-5.77009805154129	4.17454583699785e-08	6.02398112917523e-07	8.10365678211968	TMEM198
ENSG00000188064	-1.49822638888889	0.361171527777778	-5.76921590708639	4.19257005868953e-08	6.04550576587315e-07	8.09948901018019	WNT7B
ENSG00000236699	-1.55764305555556	0.937049305555555	-5.76507252179727	4.29669175531074e-08	6.17732801362192e-07	8.076132104164	ARHGEF38
ENSG00000126106	-1.29860277777777	3.34555694444444	-5.75905901002751	4.40566636777086e-08	6.31532956417677e-07	8.05153134095033	TMEM53
ENSG00000060718	-2.75118750000001	-2.42756041666667	-5.77122281822549	4.49337593789207e-08	6.43631434049165e-07	8.03932783064407	COL11A1
ENSG00000163154	-1.36543611111111	2.37980138888889	-5.743155722157	4.7607903755423e-08	6.77112044173721e-07	7.97655034683163	TNFAIP8L2
ENSG00000078070	-1.38500416666666	4.55108541666667	-5.72448475822463	5.21356460134154e-08	7.36486990742887e-07	7.88869112493161	MCCC1
ENSG00000129910	-1.60084027777778	-1.47781736111111	-5.72255592779766	5.26267326552686e-08	7.42346050478815e-07	7.87962524699391	CDH15
ENSG00000197629	-1.39344583333333	3.26879513888889	-5.71817439151442	5.37591659493937e-08	7.55580416219368e-07	7.85903852514031	MPEG1
ENSG00000186666	-1.15737777777778	0.359786111111111	-5.70473873533664	5.73823834150498e-08	8.00718882488916e-07	7.79597460011342	BCDIN3D
ENSG00000170561	-1.36748611111111	3.43085833333333	-5.70239857048064	5.80374346207935e-08	8.08699268082862e-07	7.78500023974905	IRX2
ENSG00000047662	-2.15183472222224	-6.33888541666666	-5.69612621416886	5.9829464583112e-08	8.30694321963379e-07	7.75560002947809	FAM184B
ENSG00000133134	-1.35282499999999	3.61568888888889	-5.6946494264187	6.02591958954232e-08	8.36064107387854e-07	7.74868098894205	BEX2
ENSG00000188883	-1.42247083333334	-0.212329861111111	-5.6938537125731	6.04919913489517e-08	8.38695805930013e-07	7.74495339690798	KLRG2
ENSG00000006747	-1.30565416666667	1.61722430555556	-5.68940950966063	6.18084637471471e-08	8.55728282426695e-07	7.72414036478475	SCIN
ENSG00000279170	-2.04115555555557	-4.68001944444444	-5.68200988299899	6.4062831466626e-08	8.84421715889858e-07	7.68951000024043	TSTD3
ENSG00000166897	-1.27291388888889	-0.870377777777777	-5.68065373852902	6.44846263306273e-08	8.8961344069742e-07	7.68316640641861	ELFN2
ENSG00000206557	-1.28194027777778	-1.53489791666667	-5.67959840959977	6.48147382401464e-08	8.92269135348427e-07	7.67823061050764	TRIM71
ENSG00000111671	-1.35970972222222	3.48777430555556	-5.67937279694942	6.48855251051205e-08	8.92611905477231e-07	7.67717549286373	SPSB2
ENSG00000147642	-1.35637361111111	3.11213958333333	-5.67545493578615	6.61268958503225e-08	9.06483705483068e-07	7.65885727593243	SYBU
ENSG00000161929	-1.27144305555555	2.03084930555556	-5.6690732117875	6.81988413300707e-08	9.32914107983499e-07	7.62903676098552	SCIMP
ENSG00000134028	-1.90663055555556	-0.865686111111111	-5.66812890418026	7.03360325338533e-08	9.60123863051589e-07	7.60157165205788	ADAMDEC1
ENSG00000148158	-1.25407083333333	3.52771597222222	-5.65798420153548	7.19511084031372e-08	9.78736336124353e-07	7.57727215835382	SNX30
ENSG00000155792	-1.32619444444444	1.264375	-5.64370691407911	7.70806264831945e-08	1.04195437550459e-06	7.51072200910969	DEPTOR
ENSG00000203837	-2.74015972222225	-6.78670902777777	-5.6407182355878	8.16199430343499e-08	1.09794494432076e-06	7.45930694092819	PNLIPRP3
ENSG00000125843	-1.22081111111111	2.05726666666667	-5.63168890816552	8.16741895142988e-08	1.09794494432076e-06	7.45478839518421	AP5S1
ENSG00000125848	-1.43161666666666	3.18611388888889	-5.62872834390571	8.28462468166226e-08	1.11252827196083e-06	7.44102149629165	FLRT3
ENSG00000076826	-1.31257222222222	2.89122222222222	-5.62866023104472	8.28734045893092e-08	1.11252827196083e-06	7.44070482110922	CAMSAP3
ENSG00000180346	-1.15997638888889	0.774721527777778	-5.62801981803049	8.31291742832867e-08	1.11447273002703e-06	7.43772749023973	TIGD2
ENSG00000228594	-1.55741388888889	0.924116666666667	-5.6282159730878	8.41168601611895e-08	1.1261122944635e-06	7.42747463138212	FNDC10
ENSG00000122966	-1.44025833333333	2.61374027777778	-5.62228519166183	8.54541445330699e-08	1.14322834900775e-06	7.41107668015556	CIT
ENSG00000109762	-1.29770138888888	4.13151875	-5.61299006232011	8.93583115005285e-08	1.19136249164378e-06	7.3679169303703	SNX25
ENSG00000166450	-1.15407916666667	0.0288256944444445	-5.60424250696818	9.31914344502722e-08	1.23907025490546e-06	7.32734267029461	PRTG
ENSG00000116133	-1.5899222222222	6.6639875	-5.59355996237879	9.80908584166722e-08	1.29800229790551e-06	7.2778498561435	DHCR24
ENSG00000274600	-2.49971805555557	-6.88789652777777	-5.59415480275211	9.94802353068274e-08	1.31389335731481e-06	7.26581974800635	RIMBP3B
ENSG00000165118	-1.17795833333333	2.00258472222222	-5.5905957615188	9.9494392110051e-08	1.31389335731481e-06	7.26412760180356	QNG1
ENSG00000188467	-2.89424305555558	-5.72401736111111	-5.59820488928749	1.02293690690328e-07	1.34720167319449e-06	7.24322861413712	SLC24A5
ENSG00000115648	-1.59515833333332	6.72735972222222	-5.58382379111006	1.02774924937127e-07	1.3526237076299e-06	7.23279597586994	MLPH
ENSG00000135069	-1.68595694444444	1.41730625	-5.59173401669035	1.03342665097042e-07	1.35917614703696e-06	7.231469698861	PSAT1
ENSG00000167914	-2.05862500000001	-2.49119722222222	-5.56530405809362	1.12361644516609e-07	1.46491870585595e-06	7.14672671645893	GSDMA
ENSG00000134463	-1.30646527777777	4.05678958333333	-5.56093406468109	1.14664840043661e-07	1.49194680169184e-06	7.12707909963438	ECHDC3
ENSG00000103089	-1.3317125	0.0598312499999999	-5.54651508493255	1.22833786647864e-07	1.5876164902819e-06	7.06063259412562	FA2H
ENSG00000120903	-2.14686666666667	-3.31854305555556	-5.54500943562892	1.23718885253467e-07	1.59799452586351e-06	7.05370077405536	CHRNA2
ENSG00000163449	-1.54542777777779	-2.52763611111111	-5.54218698838266	1.25394881467684e-07	1.61749418720782e-06	7.04070995582823	TMEM169
ENSG00000101945	-1.12196666666667	1.30922361111111	-5.54120434447148	1.25983573288035e-07	1.62293540900586e-06	7.03618819459574	SUV39H1
ENSG00000203907	-2.59830000000001	-2.96660833333333	-5.55214352750329	1.26491697333087e-07	1.62840271113382e-06	7.03754382889343	OOEP
ENSG00000106541	-2.00760416666666	4.16352013888889	-5.55424427044402	1.27091917943981e-07	1.63288770663562e-06	7.03434749490483	AGR2
ENSG00000183379	-1.5319625	-0.0627048611111112	-5.5318101578916	1.31749535474578e-07	1.6827261746891e-06	6.99298660700391	SYNDIG1L
ENSG00000091622	-1.17635972222222	1.22951597222222	-5.52739922357175	1.34545032583877e-07	1.71392925594078e-06	6.97271864726318	PITPNM3
ENSG00000172828	-1.20249722222222	-0.925281944444444	-5.51911344487186	1.39953732484222e-07	1.77585127480958e-06	6.93467519710921	CES3
ENSG00000113196	-2.6299902777778	-4.66819791666666	-5.51561373563481	1.4900070708308e-07	1.8796120325422e-06	6.87856201426999	HAND1
ENSG00000147036	-1.07038611111112	-1.92641666666667	-5.49849527645266	1.54350832288647e-07	1.9408095602319e-06	6.84017425776972	LANCL3
ENSG00000119711	-1.22709305555555	2.68260069444444	-5.49661735039652	1.55731790506451e-07	1.95564544153098e-06	6.83157877243609	ALDH6A1
ENSG00000198785	-1.10450000000001	-3.36150555555556	-5.49096472800068	1.59961723118734e-07	2.00230079672175e-06	6.80571794405448	GRIN3A
ENSG00000083307	-1.234675	1.37327083333333	-5.47758241066064	1.70427970115042e-07	2.11967063598324e-06	6.74456484612591	GRHL2
ENSG00000166823	-2.18151805555556	-1.17664097222222	-5.4848284292483	1.74234088416117e-07	2.16424105227989e-06	6.72863614212708	MESP1
ENSG00000160200	-1.44725555555555	4.10983333333333	-5.46899121216928	1.77496327568646e-07	2.20195061471001e-06	6.70535856039034	CBS
ENSG00000160602	-1.16368194444444	1.90872569444444	-5.46339999740825	1.82249323932783e-07	2.25659697590102e-06	6.6798650715727	NEK8
ENSG00000197408	-2.64017222222224	-5.42836805555555	-5.46978416201267	1.85136699299571e-07	2.28943361397029e-06	6.66910227225445	CYP2B6
ENSG00000089163	-1.54328194444445	-0.241885416666666	-5.4579850975101	1.86970735972546e-07	2.30917762294474e-06	6.65519224532048	SIRT4
ENSG00000102104	-1.28225416666667	0.422864583333333	-5.45465357206754	1.89934684090887e-07	2.33984133941477e-06	6.64002044613778	RS1
ENSG00000183439	-1.55341666666667	-1.77513333333333	-5.45446732617295	1.90101727381638e-07	2.34041696267571e-06	6.63917246489869	TRIM61
ENSG00000100413	-1.3020111111111	3.95359444444445	-5.45427780485082	1.90271855563023e-07	2.34102981303727e-06	6.63830959061933	POLR3H
ENSG00000146678	-2.80806944444446	-5.33634305555555	-5.46032797646921	1.96277375864219e-07	2.40882493079545e-06	6.61407435531383	IGFBP1
ENSG00000101446	-2.50404444444445	-8.47331388888887	-5.44700677746616	1.99104771879715e-07	2.44044487876762e-06	6.59560971041798	SPINT3
ENSG00000274252	-1.69214166666667	0.562488888888889	-5.45023595698039	2.01252403231256e-07	2.46366378077683e-06	6.58776676962715	GGTLC3
ENSG00000171790	-1.26039722222222	-0.353901388888889	-5.43754132010283	2.05896407824065e-07	2.51734564738762e-06	6.56218964878443	SLFNL1
ENSG00000121764	-2.37960416666668	-4.66518125	-5.4383576406461	2.09823080351043e-07	2.56052607213832e-06	6.54617296210294	HCRTR1
ENSG00000185730	-1.16560555555556	0.459668055555556	-5.4303707537734	2.12967406097175e-07	2.5956403404776e-06	6.52962527290039	ZNF696
ENSG00000182793	-2.47638750000002	-8.13784791666665	-5.42353747996288	2.224311331801e-07	2.69410361308798e-06	6.48880021504567	GSTA5
ENSG00000161594	-1.67767222222223	-3.21187638888889	-5.42004012802949	2.23572762042083e-07	2.70120333369105e-06	6.48276097670637	KLHL10
ENSG00000105852	-1.22824583333333	3.18594791666667	-5.41438349918176	2.29596320623548e-07	2.77225799427018e-06	6.45712563173457	PON3
ENSG00000161243	-1.11901805555556	1.14865208333333	-5.4137938326951	2.30233273997465e-07	2.77822434602896e-06	6.45445436009126	FBXO27
ENSG00000196290	-1.18464166666666	3.09270833333333	-5.41307271806852	2.31014559890371e-07	2.78419778128098e-06	6.45118787831622	NIF3L1
ENSG00000172409	-1.1361375	2.41253819444444	-5.40521617361883	2.39696028520276e-07	2.88168550480619e-06	6.41561869922897	CLP1
ENSG00000185156	-1.51461111111112	-1.93186111111111	-5.40154243086885	2.43863916319698e-07	2.92817339521652e-06	6.39899849137238	MFSD6L
ENSG00000115255	-1.13990694444444	0.552715972222222	-5.40021024443164	2.45392686770894e-07	2.94289675898115e-06	6.39297350656119	REEP6
ENSG00000112195	-1.15588055555556	-0.654691666666666	-5.39506626898689	2.51383946802927e-07	3.00363669116126e-06	6.36971870054335	TREML2
ENSG00000140832	-1.125275	0.895941666666667	-5.38940766034052	2.58139416704898e-07	3.07490994105553e-06	6.34415476877653	MARVELD3
ENSG00000155265	-1.0854	-0.452781944444445	-5.37616894910719	2.74643343960658e-07	3.24763667277977e-06	6.28441757329551	GOLGA7B
ENSG00000197768	-1.77968194444445	-1.37792569444444	-5.37036572474979	2.82378341040531e-07	3.33302396233034e-06	6.25771125631916	STPG3
ENSG00000261272	-1.79281388888889	-7.63266388888887	-5.36976613455038	2.82990157811903e-07	3.33676429642071e-06	6.25556203744265	MUC22
ENSG00000178700	-1.09571666666667	0.484793055555556	-5.36855151251938	2.84601233719832e-07	3.35112784401826e-06	6.25009075519888	DHFR2
ENSG00000172456	-1.21778611111111	3.16794305555555	-5.36287817423738	2.92245557183086e-07	3.42661146526288e-06	6.22454632240198	FGGY
ENSG00000203697	-1.65683055555555	4.74645277777778	-5.36239516402326	3.00098766336695e-07	3.51023523919506e-06	6.20140474390028	CAPN8
ENSG00000163810	-2.02837777777779	-4.52884722222222	-5.35690000307777	3.00517168147297e-07	3.51301679976035e-06	6.19764934912232	TGM4
ENSG00000181031	-1.18223333333333	3.30082222222222	-5.35399201231692	3.04622847183584e-07	3.55673686879657e-06	6.18457314440642	RPH3AL
ENSG00000196188	-1.51028194444444	4.50009930555555	-5.34076063817428	3.24514673542995e-07	3.77637883121274e-06	6.12377949397005	CTSE
ENSG00000145194	-1.24185	0.874311111111112	-5.33568179463749	3.31759037036993e-07	3.85046347759163e-06	6.10235034849859	ECE2
ENSG00000129744	-2.99719027777779	-4.70166875	-5.34298749921115	3.4362539533938e-07	3.97396027951345e-06	6.07542437629392	ART1
ENSG00000196793	-1.21739861111111	0.105260416666667	-5.31926727528481	3.58078361983593e-07	4.13128131512744e-06	6.02880466400526	ZNF239
ENSG00000165887	-1.54349305555556	-0.782711805555555	-5.31828733619334	3.5971238889287e-07	4.14031088091367e-06	6.02441894947547	ANKRD2
ENSG00000129354	-1.2406236111111	3.74490208333334	-5.30750897403353	3.78171455111135e-07	4.33482094568168e-06	5.97621713348036	AP1M2
ENSG00000127903	-1.31877638888889	-1.51354930555556	-5.30736410789976	3.78425733150772e-07	4.33518101369188e-06	5.9755697377082	ZNF835
ENSG00000196196	-1.61420833333333	1.67045	-5.31416762582209	3.81615921866133e-07	4.3568358075543e-06	5.97152809526593	HRCT1
ENSG00000180787	-1.18718055555556	0.561845833333333	-5.30532257759539	3.82026918441108e-07	4.35846781086007e-06	5.96644758868505	ZFP3
ENSG00000013503	-1.10291805555555	1.25916736111111	-5.3040731970495	3.84247226393215e-07	4.3812292191095e-06	5.96086618765923	POLR3B
ENSG00000158467	-1.27136527777777	4.38568263888889	-5.2956608577324	3.99527751543893e-07	4.5368440297909e-06	5.92330906058848	AHCYL2
ENSG00000148082	-1.16739305555555	1.12273680555556	-5.29446868262041	4.01740606055721e-07	4.5593105420046e-06	5.91798988933782	SHC3
ENSG00000275111	-1.13408472222222	-0.136603472222222	-5.29299177372395	4.04498531230166e-07	4.58793319503743e-06	5.91140145765019	ZNF2
ENSG00000177535	-2.67519444444447	-7.29251666666665	-5.29431307728062	4.18439417973591e-07	4.73225788280366e-06	5.88284721314409	OR2B11
ENSG00000197296	-1.06733055555555	1.65619444444444	-5.28355687804291	4.22557196839085e-07	4.76497541618196e-06	5.86934273647049	FITM2
ENSG00000174721	-1.03374861111111	-0.574190972222222	-5.28149660778932	4.26603835017062e-07	4.80503636291366e-06	5.86016539883598	FGFBP3
ENSG00000221916	-1.71472222222223	-0.564319444444445	-5.27790313072915	4.42429916209856e-07	4.96317573824344e-06	5.82712111619069	C19orf73
ENSG00000135423	-1.06491111111111	0.391429166666667	-5.26228564747462	4.66199501085569e-07	5.19983526096129e-06	5.77471076321749	GLS2
ENSG00000221937	-2.82792916666668	-4.48952152777778	-5.2740307156353	4.68875548164565e-07	5.22369253315986e-06	5.7753545205033	TAS2R40
ENSG00000182902	-1.25582916666667	0.222585416666667	-5.25672483101539	4.78313889913618e-07	5.31970370874769e-06	5.75001530533686	SLC25A18
ENSG00000138162	-1.4333861111111	6.32496805555556	-5.25658745519031	4.78617013573673e-07	5.32003322744862e-06	5.74940545181869	TACC2
ENSG00000179922	-1.12305	2.09731805555556	-5.25565912610909	4.80670306637915e-07	5.33675730863055e-06	5.74528460365081	ZNF784
ENSG00000173890	-1.17281249999999	2.56028125	-5.25552071000798	4.80977191455134e-07	5.33711827049929e-06	5.7446702185529	GPR160
ENSG00000274349	-1.09833888888889	-0.428133333333333	-5.24966849845229	4.9412824563268e-07	5.4705649596169e-06	5.71870439296536	ZNF658
ENSG00000164124	-1.06563055555555	1.69028472222222	-5.24902574849758	4.95593791059652e-07	5.48055169055848e-06	5.71585378434046	TMEM144
ENSG00000106526	-1.08086666666667	1.16003333333333	-5.24750689638485	4.9907378937441e-07	5.51276737700797e-06	5.70911860936017	ACTR3C
ENSG00000274276	-3.27047777777778	0.567405555555555	-5.26287334402878	5.09731188940165e-07	5.59869626610056e-06	5.69826412328802	
ENSG00000130829	-2.18886805555556	-5.15345763888889	-5.24143695509949	5.16587563706717e-07	5.66298873354278e-06	5.67659981608341	DUSP9
ENSG00000164049	-2.21871250000002	-6.26562152777777	-5.23710441758291	5.25054251600717e-07	5.74429432066206e-06	5.66057251624526	FBXW12
ENSG00000174669	-1.18055277777778	2.61163333333334	-5.22567245469588	5.51809173521863e-07	6.0133288758248e-06	5.612446225794	SLC29A2
ENSG00000282218	-2.89098194444446	-7.51295763888887	-5.23494118835968	5.57736030034486e-07	6.05417480816453e-06	5.60770979613992	
ENSG00000196260	-1.51221666666665	7.6457875	-5.22197633108412	5.61257424774054e-07	6.08560726126249e-06	5.59610936956002	SFTA2
ENSG00000133935	-1.20764444444444	4.02567083333333	-5.21746859469532	5.72993650449418e-07	6.20248886396332e-06	5.57619610260424	ERG28
ENSG00000171446	-2.18065833333334	-2.88859583333333	-5.21973289584336	5.80502433070648e-07	6.26981306390352e-06	5.56611649340487	KRT27
ENSG00000136982	-1.19120833333334	-0.464554166666667	-5.2103446547426	5.92029971154878e-07	6.3730863303291e-06	5.54475004168869	DSCC1
ENSG00000178093	-1.10914722222222	-0.870356944444445	-5.20570912150714	6.04745937775003e-07	6.49200771611444e-06	5.52430427759119	TSSK6
ENSG00000164400	-2.96734305555556	-1.18007430555556	-5.21275224467305	6.3551108738257e-07	6.8072476166111e-06	5.48516174175804	CSF2
ENSG00000265763	-1.58816111111112	-3.61340138888889	-5.19412204020406	6.37704707347101e-07	6.82322990501419e-06	5.47325327987366	ZNF488
ENSG00000113303	-1.17326527777777	1.46062986111111	-5.19193195779944	6.44127721096288e-07	6.8805999070648e-06	5.46361304434829	BTNL8
ENSG00000165105	-1.19534861111111	1.24504791666667	-5.18658111120723	6.60086446874817e-07	7.02023048912462e-06	5.44007184020895	RASEF
ENSG00000163075	-1.29144583333333	2.57960902777778	-5.18392395129464	6.68153637831211e-07	7.08665461455437e-06	5.42838791201865	CFAP221
ENSG00000178015	-1.4341513888889	-2.08057708333333	-5.16905844688612	7.15085963523292e-07	7.55022988524054e-06	5.36309960114799	GPR150
ENSG00000133328	-1.62791388888889	1.41779027777778	-5.17688621997013	7.19906958011016e-07	7.59415951585156e-06	5.36114501241047	PLAAT2
ENSG00000172640	-2.0470388888889	-3.67370138888889	-5.16629299704325	7.24163797796584e-07	7.6266563046774e-06	5.35096845971552	OR10AD1
ENSG00000108733	-1.05155972222222	0.845338194444444	-5.15062980365966	7.7773404863622e-07	8.15112215197832e-06	5.28234526928021	PEX12
ENSG00000183048	-1.1447875	2.09009930555555	-5.14780932852647	7.87781581552573e-07	8.2475389259207e-06	5.27000386711993	SLC25A10
ENSG00000087510	-1.01207222222222	0.307408333333333	-5.14594723387653	7.94484083784227e-07	8.31323528658999e-06	5.26185861061044	TFAP2C
ENSG00000160446	-1.28794027777777	4.36077569444445	-5.14356752869532	8.03130455857492e-07	8.39467685509938e-06	5.25145222389612	ZDHHC12
ENSG00000103044	-1.3149125	1.13525625	-5.14304852214772	8.05028322329213e-07	8.40999512671742e-06	5.2491830731598	HAS3
ENSG00000100577	-1.12437361111111	3.05028402777778	-5.13340533746876	8.41094519427929e-07	8.75386334505729e-06	5.20705146077998	GSTZ1
ENSG00000184378	-1.27073194444445	-0.894761805555556	-5.12464747292813	8.75207473243387e-07	9.06524801359444e-06	5.16883626364123	ACTRT3
ENSG00000269693	-1.5712	-1.00823888888889	-5.12325812579148	8.80741331935347e-07	9.11012544472625e-06	5.16277804669145	
ENSG00000198890	-1.19211527777778	1.28826736111111	-5.12320710518657	8.80945196459493e-07	9.11012544472625e-06	5.16255559460621	PRMT6
ENSG00000198855	-1.10466944444444	1.27280972222222	-5.12112820126588	8.89291063972237e-07	9.16233568664616e-06	5.15349281474243	FICD
ENSG00000120057	-1.99746111111111	-0.721106944444445	-5.12991234717959	8.97252521673968e-07	9.23457992148256e-06	5.15019311091558	SFRP5
ENSG00000176834	-1.18199861111111	3.56787291666666	-5.11247608118672	9.24858673097658e-07	9.49860132476011e-06	5.11580270377878	VSIG10
ENSG00000257767	-4.74782361111114	-4.19194930555555	-5.12809751394408	9.37028326149002e-07	9.61850923496063e-06	5.11231287087963	
ENSG00000145879	-2.90762916666668	-4.97527291666666	-5.12104634408803	9.45560901533126e-07	9.69586223332756e-06	5.10113634830215	SPINK7
ENSG00000197054	-1.13023472222222	1.16606319444444	-5.10017808499741	9.77803361251588e-07	9.99297281347476e-06	5.0623082576329	ZNF763
ENSG00000164342	-1.07137916666666	1.28605208333333	-5.10010382858794	9.78131823815337e-07	9.99297281347476e-06	5.06198553087239	TLR3
ENSG00000120457	-1.22819166666667	-0.132755555555556	-5.09841590029336	9.85627121729425e-07	1.00642618225096e-05	5.05465050279197	KCNJ5
ENSG00000261594	-1.23449166666668	-2.23857638888889	-5.09749678856388	9.89731908334033e-07	1.01008735996399e-05	5.0506571535134	TPBGL
ENSG00000060982	-1.11664861111111	3.01817708333333	-5.09459003980411	1.00282320789496e-06	1.02291122391048e-05	5.03803129902625	BCAT1
ENSG00000269855	-2.69282777777779	-6.8072486111111	-5.09884304498224	1.02896803572038e-06	1.04848015876547e-05	5.01821290753572	RNF225
ENSG00000239389	-1.85865000000001	-3.77645416666667	-5.07760061176851	1.08277284794506e-06	1.09698424157434e-05	4.96433782783229	PCDHA13
ENSG00000139344	-1.03856666666667	-0.623591666666667	-5.07495330448612	1.09577579774837e-06	1.10871408805416e-05	4.95287061820363	AMDHD1
ENSG00000100116	-1.10979027777778	2.44907430555556	-5.06733824699499	1.13403074560588e-06	1.1429619722034e-05	4.91990860093744	GCAT
ENSG00000130234	-1.22793194444445	-0.566974305555555	-5.0660953252244	1.14039661574214e-06	1.14759415258232e-05	4.9145319231115	ACE2
ENSG00000169313	-1.12095972222222	-0.477185416666667	-5.0557845388791	1.19456094764033e-06	1.19529833094135e-05	4.86996540993763	P2RY12
ENSG00000158483	-1.14588194444444	0.882954861111111	-5.05304064271843	1.2093910264487e-06	1.20776860880234e-05	4.85811633156562	FAM86C1P
ENSG00000154856	-1.27369305555555	3.99534930555555	-5.04726518581806	1.2411925812467e-06	1.23560276818888e-05	4.83319095569711	APCDD1
ENSG00000256646	-1.08891666666666	2.59034444444444	-5.04710534392317	1.24208417324227e-06	1.23585786894673e-05	4.83250140914896	
ENSG00000185875	-1.02655138888889	-0.541520138888889	-5.04636351510138	1.24623021517151e-06	1.2387158991066e-05	4.82930141677057	THNSL1
ENSG00000163898	-1.1479361111111	2.78651666666666	-5.04398622499089	1.25960751919242e-06	1.25137310844387e-05	4.81904887677413	LIPH
ENSG00000177181	-1.02397777777778	0.183111111111111	-5.03399028661841	1.31739795367908e-06	1.30081345152109e-05	4.77597720846161	RIMKLA
ENSG00000174473	-1.64501111111112	-4.10483194444445	-5.03362081451586	1.31958262752921e-06	1.30230955203948e-05	4.77438635585349	GALNTL6
ENSG00000214700	-1.98873194444445	-3.39113819444445	-5.02689958228983	1.35994460737121e-06	1.33874709021178e-05	4.74546104536667	C12orf71
ENSG00000184985	-1.22048333333333	0.763019444444445	-5.0260069873586	1.36539412064667e-06	1.34275260034474e-05	4.74162178144083	SORCS2
ENSG00000163624	-1.23065277777777	2.11766111111111	-5.02430311920283	1.37585558631247e-06	1.34974239300189e-05	4.73429439452012	CDS1
ENSG00000227268	-1.12571111111112	-2.52659583333333	-5.02331219886736	1.38197541968676e-06	1.35328881997347e-05	4.73003381783673	KLLN
ENSG00000147041	-1.50976944444445	-1.97579583333334	-5.02324855777486	1.3823693631952e-06	1.35328881997347e-05	4.729760206185	SYTL5
ENSG00000185813	-1.21861249999999	4.55170625	-5.02121582867311	1.39500963766982e-06	1.36497623098357e-05	4.72102221758922	PCYT2
ENSG00000171119	-1.62752222222223	-0.747933333333334	-5.01990086362635	1.4199711891689e-06	1.38661042026674e-05	4.7053279348289	NRTN
ENSG00000185950	-1.1494861111111	3.21999166666667	-5.01444018282066	1.43795880748345e-06	1.39976271192484e-05	4.69191442146609	IRS2
ENSG00000262484	-1.81923611111112	-1.86752638888889	-5.01673866896992	1.43847710319646e-06	1.39976271192484e-05	4.69276499475428	CCER2
ENSG00000176714	-1.22789444444445	0.0685208333333333	-5.00165461892489	1.52252670782576e-06	1.4749098366846e-05	4.63706525495085	CCDC121
ENSG00000133475	-1.76820555555556	-0.646480555555556	-4.99243516419796	1.63561735448438e-06	1.57349301579773e-05	4.57177004056229	GGT2P
ENSG00000141040	-1.27324722222222	0.684105555555556	-4.98332861477335	1.65221151595136e-06	1.58710214361905e-05	4.55862372601845	ZNF287
ENSG00000170088	-1.0410375	2.22929375	-4.98289181303231	1.6554297801898e-06	1.58940869122665e-05	4.55675659721843	TMEM192
ENSG00000255730	-1.11890416666666	3.83507847222222	-4.97820666941708	1.6903337485977e-06	1.62052104868026e-05	4.5367371612907	
ENSG00000033011	-1.13988611111111	3.05323055555556	-4.97619484026729	1.70553993185219e-06	1.63107978143505e-05	4.52814486298887	ALG1
ENSG00000128645	-1.26060138888889	-0.092682638888889	-4.97594467354625	1.70744004237659e-06	1.6320945309243e-05	4.5270766039607	HOXD1
ENSG00000165131	-2.58783611111112	-3.69169444444445	-4.98252994641733	1.73601887161568e-06	1.65615689507936e-05	4.51638259362082	LLCFC1
ENSG00000258064	-3.3133402777778	-6.80190902777776	-4.98538518578802	1.74695391019615e-06	1.66495577957547e-05	4.51251825582969	
ENSG00000138315	-2.04577500000001	-4.46079861111111	-4.96487784754805	1.79704135697791e-06	1.70683830448898e-05	4.47823090718724	OIT3
ENSG00000189334	-1.34602083333332	5.67070625	-4.96024073711722	1.83091853886602e-06	1.7347797086226e-05	4.46009548794781	S100A14
ENSG00000136463	-1.11705416666666	2.79182430555556	-4.95963037919733	1.83588858183353e-06	1.73779584884798e-05	4.45749525206924	TACO1
ENSG00000176022	-1.13445138888889	2.51372986111111	-4.95946495468935	1.8372378587944e-06	1.7382271804119e-05	4.45679055340084	B3GALT6
ENSG00000156414	-1.11809305555555	1.30663958333333	-4.95890456298289	1.84181581956543e-06	1.74171129422396e-05	4.45440344404792	TDRD9
ENSG00000132881	-1.1506125	1.00463402777778	-4.95568953600728	1.8682947029017e-06	1.76589254425869e-05	4.44071211423941	CPLANE2
ENSG00000164967	-1.14573611111111	3.35178055555556	-4.94639238941507	1.94696049479441e-06	1.83223394023903e-05	4.40115598881102	RPP25L
ENSG00000121211	-1.55569166666667	-1.0083125	-4.94589674385294	1.95124328233884e-06	1.83385903065493e-05	4.39904869977602	MND1
ENSG00000115194	-1.33917777777778	-1.64965694444444	-4.94388357182867	1.96873287634146e-06	1.84565356138103e-05	4.39049106090892	SLC30A3
ENSG00000183208	-1.05215555555556	0.449927777777778	-4.94387461925504	1.96881099108865e-06	1.84565356138103e-05	4.39045301073761	GDPGP1
ENSG00000132541	-1.12550972222221	3.35758263888889	-4.94112704978588	1.99292719423925e-06	1.8646666561973e-05	4.37877766824651	RIDA
ENSG00000186193	-1.27118333333334	-1.59481666666667	-4.94023980299658	2.00077582886052e-06	1.86931274846277e-05	4.37500846464124	SAPCD2
ENSG00000204175	-1.20300555555555	3.12748194444444	-4.93063643228626	2.08766915045676e-06	1.94396076183269e-05	4.33424282807759	GPRIN2
ENSG00000213793	-2.9343138888889	-5.15409444444444	-4.94354117327632	2.09015317690981e-06	1.9453425644617e-05	4.33984496390464	ZNF888
ENSG00000187783	-1.98859861111114	-6.51847708333332	-4.92806315314593	2.11156753351326e-06	1.96245636225035e-05	4.32332921924455	TMEM72
ENSG00000273274	-1.79182222222223	-6.64691527777777	-4.92419570753536	2.14798468690416e-06	1.99337525143628e-05	4.30693466677268	ZBTB8B
ENSG00000205669	-2.39992083333335	-7.60161597222221	-4.9280408106582	2.16303450271277e-06	2.00350946829746e-05	4.30302678761298	ACOT6
ENSG00000096060	-1.42983472222221	6.19568541666667	-4.92251711317728	2.16397974135974e-06	2.00350946829746e-05	4.29982182016937	FKBP5
ENSG00000144908	-1.4202875	1.32349097222222	-4.92292280596386	2.20475669954355e-06	2.03641630197157e-05	4.28430593012014	ALDH1L1
ENSG00000109101	-1.57830694444445	-3.94109375	-4.91758315296434	2.21166613657452e-06	2.04086004215596e-05	4.27892494930014	FOXN1
ENSG00000269897	-1.40156111111111	2.78072916666667	-4.92031822861849	2.22718041407527e-06	2.05420167921252e-05	4.27444536857782	COMMD3-BMI1
ENSG00000223658	-2.08614305555557	-3.28773263888889	-4.91414123232969	2.28082412553909e-06	2.09771115319084e-05	4.25122889796775	C1GALT1C1L
ENSG00000139719	-1.02269444444444	2.45768611111111	-4.89841580165372	2.40677075139196e-06	2.2010580468301e-05	4.19788994656007	VPS33A
ENSG00000180535	-2.13773750000001	-1.55692013888889	-4.90730024245208	2.42061007821079e-06	2.21163491035022e-05	4.1976525405071	BHLHA15
ENSG00000145569	-1.16014166666666	4.46406388888889	-4.8936344298937	2.45798177207427e-06	2.2415687496666e-05	4.17771138828298	OTULINL
ENSG00000001626	-1.17987916666667	1.56909791666667	-4.89208832412486	2.47476619898686e-06	2.25370562278523e-05	4.17118951956795	CFTR
ENSG00000151882	-1.00591111111111	1.15554305555556	-4.88064050447804	2.60254596453266e-06	2.36453638963518e-05	4.1229465144764	CCL28
ENSG00000186047	-1.29188472222223	-2.16126458333333	-4.8699674334562	2.72742171320105e-06	2.47452458792849e-05	4.0780428494414	DLEU7
ENSG00000110921	-1.10608888888888	3.44712083333333	-4.86916172953956	2.73708064903568e-06	2.48097356873449e-05	4.07465601731442	MVK
ENSG00000111254	-1.14212361111112	-1.28749375	-4.86669955976258	2.7668034532922e-06	2.50208557756578e-05	4.06430865843232	AKAP3
ENSG00000182489	-1.17880694444445	0.116738194444444	-4.86570533586735	2.77889394186495e-06	2.50951926449197e-05	4.06013148198598	XKRX
ENSG00000106128	-2.22927222222223	-1.95688194444445	-4.87429748743404	2.79848933593036e-06	2.52487080531156e-05	4.05870349235867	GHRHR
ENSG00000182405	-1.00310694444445	-1.43520902777778	-4.85829504755334	2.87063499335673e-06	2.58158076240292e-05	4.0290172622441	PGBD4
ENSG00000171234	-2.52447361111113	-4.36741041666667	-4.86712732186793	2.87648585188204e-06	2.58325959329683e-05	4.03191159329941	UGT2B7
ENSG00000075188	-1.06044722222222	2.89405694444444	-4.85011822249029	2.97527094039435e-06	2.65969532778267e-05	3.99472486417339	NUP37
ENSG00000103723	-1.2692125	0.00985208333333329	-4.84116687057314	3.0940536896886e-06	2.75401052158089e-05	3.95723282268106	AP3B2
ENSG00000106305	-1.15089583333333	3.45676875	-4.84110172926538	3.09493471117409e-06	2.75401052158089e-05	3.95696016978547	AIMP2
ENSG00000263761	-2.10872500000001	-7.31726944444444	-4.84092342669946	3.10331250780533e-06	2.76020278472013e-05	3.95460213962907	GDF2
ENSG00000133135	-1.10845277777777	2.02483055555555	-4.83743763906343	3.14488380517174e-06	2.79462219178624e-05	3.94162823798222	RNF128
ENSG00000114491	-1.09567777777777	3.00160555555555	-4.83548477957316	3.17182331594807e-06	2.81727429871333e-05	3.93346022444851	UMPS
ENSG00000166321	-1.05725972222222	0.736140972222223	-4.83228474158637	3.21645135780087e-06	2.85040600509989e-05	3.92008101476718	NUDT13
ENSG00000152315	-1.3126375	-1.81469930555555	-4.82526993029734	3.31641815294942e-06	2.93231663232601e-05	3.89077521215436	KCNK13
ENSG00000174885	-1.21345	-0.2374625	-4.82393325638395	3.33580511891257e-06	2.94811818142151e-05	3.88519453868294	NLRP6
ENSG00000105552	-1.1778375	5.07097986111111	-4.82149691318144	3.37142421182439e-06	2.97419246115229e-05	3.87502562514435	BCAT2
ENSG00000197406	-1.11011944444444	0.92865	-4.81465304221181	3.473462180663e-06	3.04899757844118e-05	3.84648063041868	DIO3
ENSG00000180720	-1.81114444444446	-3.80091111111111	-4.81318598471698	3.4957210418439e-06	3.06414985250719e-05	3.84036559256769	CHRM4
ENSG00000092200	-1.25314444444445	-1.5826375	-4.81183240265403	3.51638063839232e-06	3.07972247537179e-05	3.83472476542003	RPGRIP1
ENSG00000225526	-1.72489861111112	-1.94978125	-4.81130865589687	3.54155910123263e-06	3.0961980960529e-05	3.82848386901944	MKRN2OS
ENSG00000270149	-3.28627361111113	-4.63355208333333	-4.82174576320565	3.58070681878293e-06	3.12761154193828e-05	3.82478912726447	
ENSG00000146476	-1.03312916666666	3.18017152777778	-4.80609287627296	3.60530326563086e-06	3.1462700369247e-05	3.81081924907622	ARMT1
ENSG00000181631	-1.11698194444444	1.27428958333333	-4.80515061560743	3.62010822387206e-06	3.1563579189045e-05	3.80689668116592	P2RY13
ENSG00000197362	-1.10353333333333	0.285140277777778	-4.80271373860749	3.65867026123064e-06	3.18712288049522e-05	3.79675475823774	ZNF786
ENSG00000180921	-1.10736249999999	2.62972291666667	-4.80102901071082	3.68556215623029e-06	3.20767584174459e-05	3.78974538954517	FAM83H
ENSG00000184857	-1.02030555555555	2.32488194444444	-4.80010832491308	3.70033903203519e-06	3.21621960907724e-05	3.78591561176172	TMEM186
ENSG00000180767	-1.78355694444445	-1.49712430555556	-4.80402397141473	3.71331798398616e-06	3.2246188135937e-05	3.78506173414937	CHST13
ENSG00000143554	-1.27170138888888	6.03044097222223	-4.79365967744607	3.80545821237373e-06	3.297272745973e-05	3.75910637538841	SLC27A3
ENSG00000250486	-1.45069861111112	-1.75586180555556	-4.79233069878373	3.82747821480804e-06	3.313400366464e-05	3.75358466587272	FAM218A
ENSG00000196209	-1.19975555555555	2.90302222222222	-4.78818820988639	3.89690969823279e-06	3.3585594793985e-05	3.7363805014802	SIRPB2
ENSG00000253958	-1.03732916666666	2.04493958333333	-4.78377734181142	3.9721789994901e-06	3.40983344651728e-05	3.71807382956427	CLDN23
ENSG00000215045	-1.31957777777779	-3.57596944444444	-4.78151866165723	4.01126499051797e-06	3.4388332567455e-05	3.70870433694474	GRID2IP
ENSG00000183844	-1.19692638888889	2.41874791666667	-4.7789571246113	4.05604224686527e-06	3.47568871304067e-05	3.69808249262178	FAM3B
ENSG00000108375	-1.0065125	1.09317152777778	-4.77848439651924	4.06435852322239e-06	3.47974920747015e-05	3.69612270670801	RNF43
ENSG00000174370	-1.00073888888889	-0.0119055555555556	-4.7747289662056	4.13101310049825e-06	3.53526030932212e-05	3.68055894411168	KCNJ5-AS1
ENSG00000177283	-1.04359027777778	1.66398263888889	-4.7688147550832	4.23813299385316e-06	3.61897115875468e-05	3.65606685488738	FZD8
ENSG00000125900	-1.56020416666667	-1.41979375	-4.76308820751432	4.34441176652954e-06	3.69350951409671e-05	3.63237337342289	SIRPD
ENSG00000164885	-1.0163125	2.58314097222222	-4.7592862445785	4.4163914376596e-06	3.7501585730564e-05	3.61665449234527	CDK5
ENSG00000120756	-1.03972361111111	1.71599513888889	-4.75926338315897	4.41682772510395e-06	3.7501585730564e-05	3.61656000199825	PLS1
ENSG00000214860	-1.06251944444445	0.266030555555555	-4.75795657233608	4.44183633289587e-06	3.76646034644684e-05	3.61115927865627	EVPLL
ENSG00000122687	-1.07145694444444	3.26265902777778	-4.7539802898314	4.51877626055959e-06	3.82004501609758e-05	3.59473306858127	MRM2
ENSG00000147155	-1.2024986111111	5.61704236111111	-4.74626010698668	4.6718570845193e-06	3.92726724321821e-05	3.5628697719914	EBP
ENSG00000163629	-1.05492638888888	3.02709513888889	-4.74418138791893	4.71392486252443e-06	3.95920839489746e-05	3.55429691158162	PTPN13
ENSG00000167112	-1.05762638888888	2.89369930555556	-4.74110624124407	4.77683021137147e-06	4.00685214625261e-05	3.54161979994813	TRUB2
ENSG00000139428	-1.15535416666666	4.73017708333333	-4.74042843740768	4.79080418263234e-06	4.01511085568997e-05	3.53882641597864	MMAB
ENSG00000169800	-1.61912638888893	-9.01644930555553	-4.7381951403637	4.83712730625194e-06	4.04695915532098e-05	3.52962459330293	RBMY1F
ENSG00000104953	-1.04359166666667	1.69413194444444	-4.73076251089447	4.99443538143002e-06	4.16067481968209e-05	3.49902328790025	TLE6
ENSG00000184227	-1.14604861111111	2.20801875	-4.72275045375376	5.16954492372908e-06	4.28270817105529e-05	3.46607648351893	ACOT1
ENSG00000233493	-1.26059722222222	1.18629722222222	-4.71862520371491	5.27419011864181e-06	4.36011671006462e-05	3.44720864821603	TMEM238
ENSG00000275410	-1.08173333333333	2.27486388888889	-4.71756329097934	5.286063901768e-06	4.36622144446671e-05	3.4447682891667	HNF1B
ENSG00000187733	-2.25753333333333	1.4895875	-4.72884586438797	5.3437880997357e-06	4.4101555416232e-05	3.44182588638889	AMY1C
ENSG00000144063	-1.23989305555555	4.78577708333334	-4.71372481442355	5.37391768277878e-06	4.4331402360226e-05	3.42901157467297	MALL
ENSG00000164199	-1.06578472222222	1.25561319444444	-4.71331393995657	5.38340483741976e-06	4.4372030041309e-05	3.42732552712771	ADGRV1
ENSG00000270885	-1.10189305555556	0.0592479166666667	-4.70053202768299	5.68676105594143e-06	4.65275458382561e-05	3.37492904888533	RASL10B
ENSG00000165025	-1.02681111111111	3.25812777777778	-4.70048218411712	5.68797573531632e-06	4.65275458382561e-05	3.37472493497707	SYK
ENSG00000150722	-1.10000694444444	0.796409027777778	-4.69766148025659	5.75712591946855e-06	4.7033856944772e-05	3.36317653596088	PPP1R1C
ENSG00000166126	-1.13786111111111	2.66475972222222	-4.6948406575771	5.82709114418879e-06	4.75854647089674e-05	3.35163283753497	AMN
ENSG00000134061	-1.048875	-0.654526388888889	-4.69121154016823	5.9183139475603e-06	4.82089794421871e-05	3.33678897535484	CD180
ENSG00000122778	-1.02011666666667	0.618529166666667	-4.68617097174312	6.04730790604401e-06	4.92391098318828e-05	3.31618623992099	KIAA1549
ENSG00000173409	-1.03395138888888	3.20035763888889	-4.67939805410097	6.22491871763694e-06	5.05794147433057e-05	3.2885288652325	ARV1
ENSG00000164011	-1.05878055555555	1.97225694444445	-4.67649093431288	6.30269044580233e-06	5.11899517961365e-05	3.27666677095822	ZNF691
ENSG00000204614	-2.42820694444447	-6.43451180555555	-4.67790763377552	6.47178990861155e-06	5.23665795766688e-05	3.2555287277164	TRIM40
ENSG00000162630	-1.25779027777778	-0.740995138888889	-4.66817822144756	6.53028796246802e-06	5.27521434576113e-05	3.24277843823829	B3GALT2
ENSG00000280165	-1.05445277777778	-0.621906944444444	-4.6619291533835	6.70659045300412e-06	5.40192950276754e-05	3.21733275401413	PCDH20
ENSG00000091732	-1.01366111111111	2.37488888888889	-4.65984062745578	6.76653159008637e-06	5.43894927646116e-05	3.20883416128961	ZC3HC1
ENSG00000147383	-1.04478055555555	3.53566527777778	-4.65081495252118	7.03157285461565e-06	5.63568830523212e-05	3.17213997661519	NSDHL
ENSG00000169495	-1.2067	-0.250595833333333	-4.63983776421961	7.36744827585391e-06	5.87824462107918e-05	3.12758402778247	HTRA4
ENSG00000130349	-1.04919861111111	2.83705902777778	-4.6390370295081	7.39254590333283e-06	5.89343454555862e-05	3.12433698301341	MTRES1
ENSG00000136883	-1.20349166666667	-0.291101388888889	-4.63833708669973	7.41455198058654e-06	5.90855653938424e-05	3.12149900362261	KIF12
ENSG00000178718	-1.10156666666667	2.26486527777778	-4.63267103818865	7.59503470897286e-06	6.0449515204149e-05	3.09853739925698	RPP25
ENSG00000185924	-1.08666666666667	-0.127433333333333	-4.624604124573	7.85932752237021e-06	6.21209422857153e-05	3.06588284807446	RTN4RL1
ENSG00000101098	-1.20745416666667	-1.11850486111111	-4.62212983165459	7.94215551095505e-06	6.27157966130396e-05	3.05587561675227	RIMS4
ENSG00000145945	-1.00032222222222	2.23115138888889	-4.61446378155494	8.20416339714025e-06	6.46102778952114e-05	3.02489610933721	FAM50B
ENSG00000168061	-1.07113055555555	1.994375	-4.61081560976249	8.33176009580477e-06	6.5535542815849e-05	3.01016702278377	SAC3D1
ENSG00000157992	-1.09467499999999	3.96622638888889	-4.6060857676616	8.50004218671614e-06	6.67243021049243e-05	2.9910839309064	KRTCAP3
ENSG00000235034	-2.47267222222223	-1.95789583333333	-4.61564754275711	8.56853449139086e-06	6.7234825706549e-05	2.98976997060111	C19orf81
ENSG00000189221	-1.18986805555554	6.19719930555556	-4.60364504749215	8.58815821061327e-06	6.73616344809876e-05	2.98124236195204	MAOA
ENSG00000180938	-1.01915555555556	-1.43089305555556	-4.59846400478747	8.77813736915518e-06	6.87685574324634e-05	2.96036424539972	ZNF572
ENSG00000125910	-1.10444861111111	3.40862430555556	-4.59470235994211	8.91860378188086e-06	6.96725625562837e-05	2.94521705359161	S1PR4
ENSG00000239998	-1.09205555555555	2.94762638888889	-4.5930190266675	8.98216242739885e-06	7.00932873612888e-05	2.93844173872506	LILRA2
ENSG00000269313	-1.0112375	1.71523402777778	-4.59028005218736	9.08651456470473e-06	7.07003525250546e-05	2.92742155394569	MAGIX
ENSG00000073111	-1.00976666666666	1.50298194444444	-4.59006434670839	9.09478221918896e-06	7.07081149990662e-05	2.92655388087603	MCM2
ENSG00000235961	-1.0292	-0.821290277777778	-4.58769756155124	9.18597536770771e-06	7.1331573993074e-05	2.91703554280401	PNMA6A
ENSG00000257335	-1.28772361111111	1.50264930555556	-4.58995169723018	9.214920017786e-06	7.15277829952008e-05	2.91570545100382	MGAM
ENSG00000107014	-2.15776250000001	-2.41002013888889	-4.58865946675738	9.47021691374234e-06	7.33338612285494e-05	2.89253183047456	RLN2
ENSG00000125398	-1.04139305555555	1.34798402777778	-4.57886878625237	9.53399671094228e-06	7.3739683507455e-05	2.88156232469179	SOX9
ENSG00000103876	-1.08228749999999	4.57945763888889	-4.57777022081144	9.57818057132208e-06	7.39637826412692e-05	2.87715201706369	FAH
ENSG00000137673	-1.52127916666667	1.63525625	-4.58471644265554	9.62130143560735e-06	7.42083883923213e-05	2.87733689322815	MMP7
ENSG00000170074	-1.17774444444444	1.75049305555556	-4.57486769302123	9.69587135139452e-06	7.47538999315601e-05	2.86550337792314	FAM153A
ENSG00000129514	-1.18106666666666	2.18439305555556	-4.5713031389984	9.84231468233905e-06	7.57029281142188e-05	2.85120552532985	FOXA1
ENSG00000137440	-1.89035	0.576980555555556	-4.56778681939375	1.04626701533832e-05	7.99371012661469e-05	2.7990984330573	FGFBP1
ENSG00000148734	-1.16525555555556	-3.8234875	-4.55058582553538	1.07366073553796e-05	8.18692615746153e-05	2.76827374560386	NPFFR1
ENSG00000146700	-1.437275	-0.559604166666667	-4.55021606087435	1.08348230213588e-05	8.24888365602626e-05	2.7606059632819	SSC4D
ENSG00000171798	-1.20197083333333	1.38132013888889	-4.54581532324845	1.09702839019861e-05	8.34874657517343e-05	2.74795394351861	KNDC1
ENSG00000196408	-1.18938333333334	-0.625873611111111	-4.5362878366174	1.13989572377718e-05	8.6479140479383e-05	2.71120605201176	NOXO1
ENSG00000175489	-1.10779861111111	3.28899513888889	-4.533376200609	1.15385827554462e-05	8.73138067496729e-05	2.69960160535419	LRRC25
ENSG00000106266	-1.08124583333332	4.29955069444444	-4.53315746290833	1.15491384767693e-05	8.73459726477904e-05	2.69873004683622	SNX8
ENSG00000204424	-2.19412222222223	-1.63352638888889	-4.53876715495345	1.17628235244372e-05	8.88239298126365e-05	2.68689521891426	LY6G6F
ENSG00000110077	-1.23582083333332	5.82204236111111	-4.52739205073793	1.18307418173833e-05	8.92328770188984e-05	2.67576939071073	MS4A6A
ENSG00000187474	-1.18986111111111	2.67534444444445	-4.52687792436951	1.1872855340419e-05	8.9515807008461e-05	2.67257331765533	FPR3
ENSG00000198797	-1.77071250000001	-4.81538680555556	-4.52611545036001	1.18939843416272e-05	8.95764376723444e-05	2.67068836996943	BRINP2
ENSG00000179178	-1.19302638888888	5.84448263888889	-4.52610079938907	1.18947120351463e-05	8.95764376723444e-05	2.67063006372427	TMEM125
ENSG00000171806	-1.01131527777778	1.19923402777778	-4.52434543696387	1.19822096565667e-05	9.01306814538033e-05	2.66364531858562	METTL18
ENSG00000135517	-1.89940138888891	-7.33696458333332	-4.51478865601137	1.24695629276245e-05	9.35433621550916e-05	2.62565437182185	MIP
ENSG00000100156	-1.11292083333334	-0.166447916666667	-4.51298254921963	1.25637874360994e-05	9.41775696366113e-05	2.61848148380369	SLC16A8
ENSG00000166415	-1.26028750000001	-2.47369652777778	-4.51086602247172	1.26750795512768e-05	9.49752108749752e-05	2.6100785695905	WDR72
ENSG00000173867	-1.84952083333334	-0.666965972222222	-4.51552064587152	1.28929206501776e-05	9.63477112897635e-05	2.59880450969735	
ENSG00000181830	-1.07002916666666	2.94888263888889	-4.50436072265319	1.30231211794132e-05	9.71713667748162e-05	2.58427049438725	SLC35C1
ENSG00000171236	-1.2262125	2.63002986111111	-4.50485105396457	1.30973002390248e-05	9.76499364697242e-05	2.57991450263423	LRG1
ENSG00000100122	-1.48194583333334	-2.10737152777778	-4.49611817792974	1.34773452296964e-05	0.000100099778315408	2.55161134878156	CRYBB1
ENSG00000103067	-1.05780833333333	4.08103194444444	-4.49583231443541	1.34933690165453e-05	0.00010018053973658	2.55047950476856	ESRP2
ENSG00000186493	-1.09815138888888	4.10297430555555	-4.48519284839606	1.41029770264854e-05	0.000104150003462108	2.50839302529694	IRX2-DT
ENSG00000254827	-1.22847638888889	-0.91749375	-4.46980031382411	1.50320682158974e-05	0.000110216280036049	2.44764045602806	SLC22A18AS
ENSG00000196155	-1.0562	2.54542361111111	-4.46207066086257	1.55205810143785e-05	0.00011341335157464	2.41719300030767	PLEKHG4
ENSG00000160716	-1.15436666666668	-5.23432638888889	-4.46148408169943	1.55582701163806e-05	0.000113603404768707	2.41488409441019	CHRNB2
ENSG00000180305	-2.15466388888891	-7.9812097222222	-4.45781179808662	1.60288729337686e-05	0.000116645580362015	2.38855392548528	WFDC10A
ENSG00000256806	-1.03831666666667	-0.169147222222222	-4.45223832081098	1.61640971603388e-05	0.000117541688958097	2.37852162069182	C17orf100
ENSG00000176402	-1.8346513888889	-2.99553958333333	-4.44994704202364	1.64810688524468e-05	0.000119623041536491	2.36142986341891	GJC3
ENSG00000171094	-1.60448055555556	-3.59316666666667	-4.44665867219011	1.65406197236311e-05	0.000119965747525754	2.35660566619632	ALK
ENSG00000092377	-2.40661388888891	-5.09039027777778	-4.45086947194305	1.68147085324574e-05	0.000121726725111039	2.34568878223096	TBL1Y
ENSG00000139988	-1.49403611111112	-2.39420138888889	-4.44231093623303	1.68398470418516e-05	0.000121863357387685	2.33954316213839	RDH12
ENSG00000205209	-1.16434861111112	-1.87397986111111	-4.44051199218512	1.69651744661705e-05	0.000122633435048662	2.33248705086208	SCGB2B2
ENSG00000235387	-1.07122916666667	1.21833263888889	-4.43817258763061	1.71294971441036e-05	0.000123591609216285	2.32331435781018	SPAAR
ENSG00000137834	-1.3278236111111	4.66522291666666	-4.43936487057627	1.71887858106625e-05	0.000123835652440373	2.32120027826613	SMAD6
ENSG00000260314	-1.15800833333333	4.99330416666667	-4.437045927864	1.72091804048933e-05	0.000123936681686777	2.31889811057404	MRC1
ENSG00000175485	-1.87181666666667	-8.23513749999998	-4.43334992603923	1.7473092486643e-05	0.000125604802309748	2.30441671404589	OR52W1
ENSG00000149300	-1.01652916666666	2.51211319444444	-4.42861436096017	1.78169286868413e-05	0.000127698930293455	2.28587580770587	C11orf52
ENSG00000175985	-1.03409861111112	-2.39103402777778	-4.42769206732334	1.78846468801672e-05	0.000128134406669094	2.28226658251533	PLEKHD1
ENSG00000130518	-1.144475	1.58053472222222	-4.42760758772547	1.78908620457156e-05	0.000128134406669094	2.28193601632393	IQCN
ENSG00000130876	-2.10683194444446	-3.93392013888889	-4.42323947322163	1.85980488373191e-05	0.000132661989726267	2.24799565376243	SLC7A10
ENSG00000114395	-1.00844999999999	3.798025	-4.41705012077651	1.86841461761838e-05	0.00013322727691317	2.24066336447701	CYB561D2
ENSG00000281883	-2.00834027777779	-6.00220347222222	-4.41721398959625	1.8920135120508e-05	0.000134657072502322	2.23059671424982	
ENSG00000146755	-2.04311111111113	-4.33507083333333	-4.41494694831055	1.91709088556795e-05	0.000136198874748239	2.21862177642191	TRIM50
ENSG00000184911	-1.18104166666667	-1.13592916666667	-4.40589743230258	1.95588633598631e-05	0.00013885365331243	2.19714666501568	DMRTC1B
ENSG00000178997	-1.9662027777778	-6.62139444444444	-4.40774176860562	1.95686921699809e-05	0.00013887274720557	2.19781455293143	EXD1
ENSG00000153446	-1.21140555555555	5.61656944444444	-4.40347488077161	1.97540056727091e-05	0.000139983576810761	2.18770537715183	C16orf89
ENSG00000159189	-1.30674444444443	7.31179027777777	-4.39070959663816	2.08135942416303e-05	0.00014685021225542	2.13802242479324	C1QC
ENSG00000183549	-1.06458194444444	0.91961875	-4.38417852748114	2.13766261002309e-05	0.000150512199110107	2.11264657409489	ACSM5
ENSG00000186417	-1.18328888888888	2.90541388888889	-4.38264016262615	2.16120180773764e-05	0.000151822670870757	2.10290597542715	GLDN
ENSG00000166736	-2.13658750000002	-5.40900208333333	-4.37694279084309	2.25180055989028e-05	0.000157391392349931	2.0664379591465	HTR3A
ENSG00000250264	-2.98528611111112	-1.72144861111111	-4.37650831361747	2.31180876158212e-05	0.000161007175189028	2.04497895062278	
ENSG00000166153	-1.5226888888889	-1.86310555555556	-4.35285121922447	2.43097548392188e-05	0.000168642421944538	1.99058470764089	DEPDC4
ENSG00000171860	-1.09855972222221	4.01350902777778	-4.34737970345749	2.48329865251807e-05	0.000172026799817598	1.97021789666217	C3AR1
ENSG00000203499	-1.19390972222222	1.71186597222222	-4.34380219715805	2.54026628488815e-05	0.000175162211179172	1.94986198109739	IQANK1
ENSG00000215148	-2.40238750000003	-6.49574513888888	-4.33668630913695	2.67321585020029e-05	0.000183419381721679	1.90465676822188	PRSS41
ENSG00000267059	-3.76253611111113	-4.79840555555555	-4.33828880775935	2.69874234173937e-05	0.000184975109342897	1.89797173835744	
ENSG00000204174	-2.0339138888889	-2.67345694444445	-4.32095007903212	2.83770269463732e-05	0.000193544855596371	1.84739744696768	NPY4R
ENSG00000163833	-1.3322027777778	-4.65538888888889	-4.31341799039476	2.84944424193861e-05	0.000194277565349421	1.83960216665009	FBXO40
ENSG00000143125	-1.93782222222223	-3.378625	-4.31377701576751	2.89043542240678e-05	0.000196521320645427	1.82836623680171	PROK1
ENSG00000151948	-1.0020875	1.32332847222222	-4.30358606639701	2.96477093110162e-05	0.000201153554767313	1.80193861697004	GLT1D1
ENSG00000127530	-1.68530000000002	-8.61467361111109	-4.3020658699209	2.98299765200083e-05	0.000202249112327362	1.79612115506181	OR7C1
ENSG00000182931	-1.57393888888889	-0.787926388888889	-4.30115231289151	3.05505872409796e-05	0.000206487151845565	1.77646334036519	WFDC10B
ENSG00000123843	-1.03505555555555	2.02480833333333	-4.28749578423072	3.16322990366252e-05	0.000212763305968338	1.74044644607579	C4BPB
ENSG00000121807	-1.13079166666667	1.52130277777778	-4.27926758400497	3.27544531439195e-05	0.000219325171275567	1.70763901179953	CCR2
ENSG00000188089	-1.95071527777779	-2.45894652777778	-4.2839232280914	3.2876289555807e-05	0.000219948225226189	1.70746912054905	PLA2G4E
ENSG00000184730	-1.00788194444444	3.33015902777778	-4.27294796529449	3.3535835745441e-05	0.000223813850453461	1.68500495688846	APOBR
ENSG00000119655	-1.22860694444442	8.55506458333334	-4.27145771557328	3.37369194146163e-05	0.00022497447941485	1.67933401280147	NPC2
ENSG00000232125	-2.22230416666669	-6.89556874999999	-4.27360088617757	3.42227709349243e-05	0.000227590201786717	1.66921013054055	DYTN
ENSG00000100031	-1.12405416666666	5.37981597222222	-4.26242105500311	3.49812498286524e-05	0.00023192067882309	1.64497958886069	GGT1
ENSG00000125508	-2.01247361111113	-6.13822291666666	-4.26184862623484	3.55996431596706e-05	0.000235378741924511	1.63065921196606	SRMS
ENSG00000155719	-1.32512222222222	-2.33280277777778	-4.25682482227577	3.57737779255633e-05	0.000236350824385974	1.6237332938436	OTOA
ENSG00000166589	-1.98828055555557	-5.08312361111111	-4.25925776657697	3.60103427722145e-05	0.000237770939445049	1.6199498288333	CDH16
ENSG00000256514	-2.70055277777778	2.60160277777778	-4.26614665008907	3.60343892236976e-05	0.000237804072979873	1.6235716322594	
ENSG00000136352	-1.17979583333332	5.66295208333333	-4.25212709753493	3.6452324177009e-05	0.000240200071101348	1.60591521115364	NKX2-1
ENSG00000110079	-1.10100416666666	4.97003125	-4.25171852778906	3.65119182800473e-05	0.00024034850571353	1.60436627341664	MS4A4A
ENSG00000048462	-1.91862777777778	-1.58909583333333	-4.24010692172248	3.93797934384253e-05	0.00025670768832582	1.5371350507419	TNFRSF17
ENSG00000198695	-1.52054305555554	11.9430173611111	-4.22237213240024	4.10454602406093e-05	0.000266227506702345	1.49341813879696	MT-ND6
ENSG00000203710	-1.0685875	1.42476736111111	-4.22171548894445	4.11528250754043e-05	0.000266657146358016	1.49094255895096	CR1
ENSG00000186628	-1.55094722222223	-5.16702361111111	-4.2149616865393	4.22728377017616e-05	0.000272914450373271	1.46549807013334	FSD2
ENSG00000120055	-1.10369305555555	0.894636805555556	-4.21428861858885	4.23860418561169e-05	0.0002734637765125	1.46296410087749	C10orf95
ENSG00000155875	-2.15597222222223	-6.53915972222221	-4.21077723902527	4.39108432243552e-05	0.00028117209671792	1.43277968471615	SAXO1
ENSG00000161609	-2.85158472222223	-4.12028680555555	-4.21240067094308	4.43510401868988e-05	0.000283601720485061	1.42586129306579	KASH5
ENSG00000164744	-2.36317222222224	-6.29212222222221	-4.20567799474624	4.51239970588494e-05	0.000287881925480072	1.40805589499698	SUN3
ENSG00000173080	-2.01528750000003	-5.18872569444444	-4.20133556020697	4.543564002114e-05	0.000289585212873924	1.39994316362449	RXFP4
ENSG00000254585	-1.50624861111112	-4.56960902777778	-4.18896004055626	4.68635468153289e-05	0.000297710552792873	1.36784032815174	MAGEL2
ENSG00000168955	-1.71561250000002	-7.35391319444443	-4.1817473070452	4.82192534009767e-05	0.000305425241665841	1.34083557206429	TM4SF20
ENSG00000137709	-1.05631805555556	0.486632638888889	-4.17960179526678	4.86297154882212e-05	0.000307324634722832	1.33280983279438	POU2F3
ENSG00000132437	-1.73831805555556	-2.38850902777778	-4.1814328177951	4.89952972308204e-05	0.000309333502672482	1.32801706527007	DDC
ENSG00000271092	-1.28045	-0.956611111111111	-4.16891818764399	5.07239010989521e-05	0.000319314344393792	1.2928943422261	TLCD4-RWDD3
ENSG00000197249	-1.31234999999999	8.43647222222222	-4.15969412740509	5.26011588316675e-05	0.000329532283927084	1.25849738282848	SERPINA1
ENSG00000132746	-1.34276388888889	-1.73379166666667	-4.15780587976903	5.29935618860515e-05	0.000331563449921992	1.25146350532151	ALDH3B2
ENSG00000270757	-2.17935555555556	0.464694444444444	-4.16752873295538	5.30156832924933e-05	0.000331595199808868	1.25715114220365	HSPE1-MOB4
ENSG00000162039	-2.03872222222224	-5.89632916666666	-4.16009941756263	5.3473049071669e-05	0.000334313321010073	1.24578053327972	MEIOB
ENSG00000183734	-1.08839722222223	-1.21584583333333	-4.15546160234427	5.3484631656557e-05	0.000334313321010073	1.24273442268867	ASCL2
ENSG00000198729	-1.09121666666666	2.40785555555555	-4.15020802285791	5.46936693812588e-05	0.000340662549706592	1.22185002574075	PPP1R14C
ENSG00000088827	-1.11742361111111	3.46047986111111	-4.14992699410183	5.47105595971311e-05	0.000340662549706592	1.22143204795281	SIGLEC1
ENSG00000275591	-1.59547361111113	-6.11122708333333	-4.14760035412112	5.51633471394521e-05	0.000343371977138119	1.21349117781611	XKR5
ENSG00000166603	-1.71497500000001	-8.15964444444443	-4.14607377549305	5.54951291003967e-05	0.000345216261995816	1.20781754578638	MC4R
ENSG00000272617	-1.29049305555555	1.71807430555555	-4.1421076084225	5.74640708082421e-05	0.000355531522061681	1.17789665844513	
ENSG00000171587	-1.07374583333334	-5.14567430555556	-4.13238170383414	5.8557475759101e-05	0.000361147754745096	1.1570046383652	DSCAM
ENSG00000217442	-2.57655277777779	-3.315525	-4.13682051912586	5.95372730415544e-05	0.000366725470299023	1.14672078812677	SYCE3
ENSG00000162062	-1.07671805555556	-0.720060416666666	-4.12601988168357	6.00347191429807e-05	0.000369321744708811	1.1334408837519	TEDC2
ENSG00000188060	-1.02937916666667	0.625424305555555	-4.12524020373587	6.02181957272496e-05	0.000369982420494775	1.13055500769026	RAB42
ENSG00000254521	-1.26725555555556	0.551805555555556	-4.12686647051431	6.0622524203252e-05	0.000372231483838907	1.12631256384727	SIGLEC12
ENSG00000039139	-1.25931527777778	0.141786805555556	-4.12357092879125	6.11784802655435e-05	0.000374935034065958	1.11707963945546	DNAH5
ENSG00000064195	-1.38791666666667	-3.04053472222222	-4.11876341173137	6.17631976801675e-05	0.000378280138940371	1.10659888315829	DLX3
ENSG00000168348	-1.56163611111112	-4.89674444444444	-4.11177764541943	6.34720641838578e-05	0.000386919019901098	1.0807939754901	INSM2
ENSG00000267157	-2.56824444444447	-7.17086527777776	-4.11807774952218	6.38549499580085e-05	0.000388887441009136	1.08002174200036	
ENSG00000139223	-1.97461250000003	-7.74440624999998	-4.10679922837808	6.54360049395779e-05	0.000397644851010519	1.05376595834279	ANP32D
ENSG00000115107	-1.00145277777777	2.74719722222222	-4.09959953292905	6.65596736549013e-05	0.000403088036094377	1.03589289313743	STEAP3
ENSG00000255552	-2.64683055555556	-2.57872222222222	-4.10701231269997	6.69876762811771e-05	0.000405427591481474	1.03552758178445	LY6G6E
ENSG00000266076	-2.13884583333335	-7.13979374999999	-4.095197602042	6.90464040462501e-05	0.000416720648931945	1.00439184273409	
ENSG00000171773	-1.65195972222224	-8.7578659722222	-4.06203955570311	7.70122102657584e-05	0.000459804025196296	0.898082244785041	NXNL1
ENSG00000165985	-1.23041805555556	-2.25381319444445	-4.05941731824529	7.7797691342376e-05	0.000463639917889674	0.888499167388147	C1QL3
ENSG00000167910	-1.43494722222224	-5.13022638888889	-4.05035487109312	8.05716157576098e-05	0.000477176675086874	0.855418487427344	CYP7A1
ENSG00000104808	-1.08431111111111	0.3706375	-4.05031418991495	8.05842781030423e-05	0.000477176675086874	0.855270123220185	DHDH
ENSG00000100417	-1.02343333333332	5.54778888888889	-4.04942712630286	8.0860856487542e-05	0.000478377548782137	0.852035302200147	PMM1
ENSG00000025423	-1.09243472222222	3.82621180555555	-4.03579604907376	8.52265098601605e-05	0.000501915249712335	0.802399301041469	HSD17B6
ENSG00000171657	-1.15927361111112	-3.46531736111111	-4.03034798716523	8.70335182707475e-05	0.000511473110997758	0.782598628205394	GPR82
ENSG00000183396	-2.37850416666668	-4.94459652777777	-4.03590632694459	8.76436275029198e-05	0.000514436886598309	0.780726214059493	TMEM89
ENSG00000197520	-1.86050416666668	-3.58966319444445	-4.025129753992	9.00105226354224e-05	0.000527374905513324	0.753125693122941	FAM177B
ENSG00000180871	-1.08951944444444	2.07324722222222	-4.01986589973718	9.10932742315594e-05	0.000532595843207783	0.74046440992424	CXCR2
ENSG00000249961	-1.95141111111113	-6.19067499999999	-4.01537929387391	9.35304911636567e-05	0.000544789104229051	0.717096444172974	TERB1
ENSG00000149646	-1.15519722222222	1.00563055555556	-4.00931902331397	9.51663469466835e-05	0.000553168968860272	0.699753891820595	CNBD2
ENSG00000133488	-1.10545	0.962465277777778	-4.00522730049164	9.62159564804915e-05	0.000558684413569707	0.688616941085703	SEC14L4
ENSG00000248405	-1.41333055555556	-1.23506805555556	-4.00129284204721	9.81565389306723e-05	0.000568603367167709	0.670612849065357	PRR5-ARHGAP8
ENSG00000142273	-1.06158611111111	0.140263888888889	-3.99556040288667	9.94628059483194e-05	0.000574792186959806	0.656675790440433	CBLC
ENSG00000064886	-1.30334583333333	5.18849652777778	-3.99690785352037	0.000100072037482604	0.000578141156255308	0.652821372486262	CHI3L2
ENSG00000148602	-1.39590000000004	-8.74082638888887	-3.98454600719373	0.000103738830864364	0.000597020040820594	0.61699081871143	LRIT1
ENSG00000188763	-1.3737263888889	-2.92013125	-3.96301373804261	0.000112609225668898	0.000642163369873959	0.539667083311429	FZD9
ENSG00000159708	-1.20983472222222	2.40413958333333	-3.9659097007257	0.000113051092287074	0.000644132937073278	0.538536214233734	LRRC36
ENSG00000239961	-1.79818333333334	-1.75898333333333	-3.96055263826184	0.000116228335611453	0.00065953138398891	0.513692983540454	LILRA4
ENSG00000175857	-1.06891805555556	0.641990972222222	-3.95023612631725	0.000118209782091959	0.000669213236685912	0.493943160850938	GAPT
ENSG00000204610	-2.1436763888889	-6.20930763888888	-3.95437155446654	0.000118851433726578	0.000672063397921337	0.492481040534017	TRIM15
ENSG00000137976	-1.85114166666667	-0.542830555555556	-3.95345647518434	0.000120155735670715	0.000677862346365068	0.483486270961202	DNASE2B
ENSG00000187416	-1.525575	-1.99503472222222	-3.94668546972493	0.000120934203377631	0.00068067480442757	0.474093229364024	LHFPL3
ENSG00000169550	-1.124725	1.07091805555556	-3.9454559067952	0.000121266211794831	0.000682148742577517	0.471180177945894	MUC15
ENSG00000119698	-1.08195972222222	-0.159252083333333	-3.93531687599478	0.000125084654856575	0.000700186102523769	0.44070791246053	PPP4R4
ENSG00000171051	-1.10641249999999	5.13492013888889	-3.93431772652559	0.000125558412158729	0.000702635855383081	0.43714859633554	FPR1
ENSG00000163377	-1.50994722222223	-3.27814027777778	-3.93264135146329	0.000126357121488738	0.000706495753722029	0.431178426375832	TAFA4
ENSG00000171428	-1.02201388888889	1.22636666666667	-3.92580681637521	0.000129663755544961	0.000722078263057711	0.406859720908465	NAT1
ENSG00000148677	-1.60227916666666	4.26567013888889	-3.92528614931514	0.000133384644572151	0.000740045095897744	0.384824745600073	ANKRD1
ENSG00000132464	-1.56223333333334	-4.71607222222222	-3.91796221347992	0.000133560544472292	0.000740809726568298	0.378989606807562	ENAM
ENSG00000150783	-1.76889166666668	-3.70356666666667	-3.91109327444493	0.000138480841391565	0.000764829451092764	0.346751688911597	TEX12
ENSG00000070388	-1.18680972222223	-1.76772152777778	-3.90803181496842	0.000138653368723154	0.00076556495271155	0.343774546140335	FGF22
ENSG00000235272	-2.33637916666667	0.541189583333333	-3.91489745765963	0.000139568818812561	0.00076930934075997	0.343273224354489	RAMACL
ENSG00000108813	-1.10103055555556	-0.571268055555555	-3.89814041950087	0.000143909443604934	0.000789877679741303	0.308770561578543	DLX4
ENSG00000145002	-2.26923750000001	-3.91307847222222	-3.90452663014455	0.00014399486860126	0.000790123606214869	0.312547138036068	FAM86B2
ENSG00000156006	-1.81500833333335	-3.76025	-3.89486165250356	0.000147462686564233	0.000805516478249781	0.287963806936653	NAT2
ENSG00000162399	-1.65354305555558	-6.59666180555555	-3.89037238718762	0.000148231507481545	0.000809261656898965	0.281012166766676	BSND
ENSG00000276289	-1.34379861111111	-0.922442361111111	-3.89251063146012	0.000148278365128378	0.000809290336273068	0.282191606372605	
ENSG00000276490	-1.8968902777778	-6.51643402777777	-3.89327825198371	0.000148393481922834	0.000809555700986777	0.282108794602109	
ENSG00000180044	-1.10410277777779	-2.2231	-3.88084464096326	0.00015355826881599	0.000833895992464721	0.247738543518665	C3orf80
ENSG00000187821	-2.15150833333334	-3.79998888888889	-3.88552679088047	0.000154271960202298	0.000837443393243278	0.247319794351533	HELT
ENSG00000099998	-1.02695416666666	4.98706319444445	-3.87175002522769	0.000158875465322257	0.000860608619172528	0.215735558863432	GGT5
ENSG00000164743	-1.16283611111112	-1.41057083333333	-3.86371900346243	0.00016371585174277	0.000883384396144346	0.187526564686769	C8orf48
ENSG00000267795	-1.14460555555555	4.15647638888889	-3.86267172409352	0.000165460083019816	0.000892548401248323	0.178766628249458	SMIM22
ENSG00000166359	-1.63073888888891	-4.88764722222222	-3.86156561622257	0.000165628880589909	0.00089321125179787	0.177250787997947	WDR88
ENSG00000101255	-1.02929861111111	3.38656180555556	-3.85444106105773	0.000169511412042337	0.000912378524362903	0.154866633329717	TRIB3
ENSG00000131019	-1.18988611111111	-1.41565694444444	-3.8505768286458	0.000171940253185482	0.000923662470302126	0.1414686042626	ULBP3
ENSG00000157502	-1.20124583333334	-3.02394375	-3.84981915765475	0.000172426173190237	0.000925761501765523	0.138817216145697	PWWP3B
ENSG00000223443	-1.60060000000002	-7.9535736111111	-3.84751034961337	0.000173914943813483	0.000931954128666628	0.130740441323503	USP17L2
ENSG00000140798	-1.6549888888889	-6.94892916666666	-3.83287791534863	0.000183815512409176	0.00097560145904046	0.0789132616189967	ABCC12
ENSG00000144488	-1.41554166666667	-2.4979	-3.82935260364128	0.000186056308059766	0.000986578604491195	0.0673594794006478	ESPNL
ENSG00000170262	-1.86456666666667	-1.34389861111111	-3.83545709313308	0.000186363417210216	0.00098777689143682	0.0702287105095305	MRAP
ENSG00000143595	-1.38193333333334	-1.36663888888889	-3.82895288629357	0.000187837312843755	0.000993963930749925	0.0598795865493686	AQP10
ENSG00000161652	-2.16725833333335	-6.33629444444444	-3.83207086381427	0.000188032545351857	0.000994726427028643	0.0611973982557137	IZUMO2
ENSG00000258830	-2.44921388888891	-5.99039444444444	-3.83123895160821	0.000189490993796725	0.00100135257031619	0.0547896351510406	
ENSG00000119888	-1.00617499999999	5.40129583333333	-3.82213424346598	0.000191102918241209	0.00100850080456538	0.0422319963817328	EPCAM
ENSG00000174460	-1.38482638888889	-2.00940347222222	-3.81571604624933	0.00019624235533934	0.00103198331875124	0.0178282042769302	ZCCHC12
ENSG00000173432	-1.65418333333333	4.97689444444445	-3.81745086538331	0.000199257736852929	0.00104642589018984	0.00748633731741499	SAA1
ENSG00000184956	-1.52735277777778	-4.03034722222222	-3.81073947772077	0.000199334613953349	0.00104654707439151	0.00264596571746001	MUC6
ENSG00000165682	-1.12345277777778	0.446966666666667	-3.80077100904792	0.000208105086054228	0.00108614438795998	-0.0366074495948059	CLEC1B
ENSG00000214946	-1.58199027777778	-2.38493958333333	-3.79709906589731	0.000211871246031045	0.00110493863991794	-0.052620203231788	TBC1D26
ENSG00000205863	-1.5525013888889	-2.59326041666667	-3.78140771936205	0.000223933006948787	0.00115788007739708	-0.104984345151792	C1QTNF9B
ENSG00000173369	-1.18457499999998	8.39354861111111	-3.7788678466176	0.00022418217122931	0.001158860375964	-0.107558108078119	C1QB
ENSG00000230257	-1.52620277777779	-2.45746666666667	-3.76957866361237	0.000233828633300078	0.0012023353357	-0.145554560710178	NFE4
ENSG00000184350	-1.63010833333334	-7.93397222222221	-3.76053636794494	0.000239775161949762	0.00122642820148482	-0.170595877251059	MRGPRE
ENSG00000170927	-1.1904138888889	-6.27589305555555	-3.75686501290098	0.000243019141244167	0.00124126837608464	-0.183190215020504	PKHD1
ENSG00000223572	-1.59721388888889	-0.875684722222221	-3.76217938985722	0.000243059389497552	0.00124126837608464	-0.179658712398035	CKMT1A
ENSG00000183246	-1.7312013888889	-6.61822847222221	-3.7531581772793	0.0002481545669933	0.00126264782556988	-0.201398762631834	RIMBP3C
ENSG00000261701	-1.05771527777778	-0.697607638888888	-3.750436968142	0.000248799245452876	0.00126559699857462	-0.205216555772129	HPR
ENSG00000169903	-1.39504305555556	-1.49858402777778	-3.75195838376196	0.000249569625855625	0.00126885215947298	-0.206480355955311	TM4SF4
ENSG00000231256	-1.48561805555558	-6.59103819444444	-3.74338545101153	0.000255289633121332	0.00129365979167667	-0.229343186023479	CFAP97D1
ENSG00000153395	-1.00728611111109	7.03758055555555	-3.73649568857577	0.000261785729360411	0.0013209483806793	-0.252879858865406	LPCAT1
ENSG00000229453	-1.76336388888893	-8.56538749999997	-3.73400629610302	0.000265463942172893	0.00133708042546533	-0.26501825367728	SPINK8
ENSG00000176160	-1.28330555555557	-5.61551388888889	-3.72387545848914	0.000274092655550022	0.00137626492920987	-0.295899117931727	HSF5
ENSG00000227729	-1.69039166666667	-7.6578111111111	-3.70894637128018	0.000290509660708032	0.00145195116138043	-0.349584591807901	RD3L
ENSG00000131096	-2.06971944444446	-6.00036388888888	-3.71167829680951	0.000291793707692822	0.00145649761407256	-0.350958890644754	PYY
ENSG00000204335	-1.01682083333334	-0.976671527777778	-3.70582455193798	0.000292650199585464	0.00146002351432071	-0.357219090555814	SP5
ENSG00000039987	-1.72752777777779	-7.16383472222221	-3.70349769114833	0.000297099756288162	0.00147805229138551	-0.370053181751352	BEST2
ENSG00000165215	-1.28506527777777	2.85938541666667	-3.69711024209797	0.000307428397989107	0.00152284468665933	-0.399878500918527	CLDN3
ENSG00000158125	-1.19172083333334	-3.99043819444445	-3.67681476740548	0.000324984216899018	0.00159878426583705	-0.455244915877481	XDH
ENSG00000153086	-1.47744166666668	-4.29761388888889	-3.67573243396478	0.000326253587676863	0.00160421759036662	-0.45888970269588	ACMSD
ENSG00000175874	-1.4283138888889	-4.38629583333333	-3.6750117271777	0.000327101436273567	0.00160798007035467	-0.461316203288654	CREG2
ENSG00000277971	-2.02215138888891	-7.85623958333332	-3.66718982525642	0.00034147018089102	0.00167017298433295	-0.498586384985849	
ENSG00000145384	-1.51707777777779	-7.68869166666665	-3.65341481149816	0.0003534958132164	0.00172163258855418	-0.533844233574271	FABP2
ENSG00000129226	-1.07688194444444	7.54960347222223	-3.64612349451013	0.000362852045364293	0.00175971029329998	-0.558249310553133	CD68
ENSG00000264717	-2.0486763888889	-3.63703125	-3.64234023349613	0.000374629782946161	0.00180871147626426	-0.584427301188491	NPY4R2
ENSG00000221947	-1.83123333333334	-2.56683888888889	-3.64012219030513	0.00037723351516068	0.00182037864969128	-0.59109173844339	XKR9
ENSG00000204869	-1.79925000000001	-7.25861527777776	-3.63136268957524	0.000386174611961179	0.00185569875293203	-0.614522144652216	IGFL4
ENSG00000108551	-1.01044027777777	4.39906180555556	-3.59878379213306	0.000429638659819738	0.00203291929234093	-0.715898935494359	RASD1
ENSG00000272921	-2.5930625	-0.79878125	-3.59847441811649	0.000440607733910142	0.00207774585212608	-0.734518646977185	
ENSG00000100985	-1.15627083333333	3.52874236111111	-3.58763222409141	0.000452100818542594	0.00212627299861957	-0.761085159237179	MMP9
ENSG00000171126	-1.25379444444445	-4.34703055555556	-3.56311179223058	0.000487220418867664	0.00227330572986659	-0.833201723759077	KCNG3
ENSG00000250673	-2.16043194444445	-1.85079097222222	-3.55461645711249	0.000512841221312763	0.00237972028553814	-0.876512379039452	REELD1
ENSG00000197416	-1.64154722222225	-8.53491805555553	-3.54463079543455	0.000521414938909423	0.0024143212072521	-0.89577700601648	FABP12
ENSG00000174448	-1.54096805555559	-8.39605069444442	-3.54205982674384	0.000524616585050145	0.00242670504213645	-0.902078561862768	STARD6
ENSG00000163207	-1.13808472222223	-3.20174930555556	-3.53899269093192	0.000530285242032328	0.0024472380849378	-0.912084571085891	IVL
ENSG00000135638	-1.41720972222224	-5.26946597222222	-3.53519080644046	0.000537391854746689	0.00247533657554644	-0.924477356873241	EMX1
ENSG00000223569	-1.03849027777781	-9.29336041666664	-3.53364213190154	0.000540312291976301	0.00248525767404186	-0.929522240065983	USP17L15
ENSG00000188386	-1.26277361111114	-7.89332152777776	-3.53119943297456	0.000544949012631149	0.00250185229966984	-0.937475634682886	PPP3R2
ENSG00000130711	-1.42353472222224	-6.89807430555555	-3.52817754166533	0.000550736948467588	0.00252425426993203	-0.947308405131688	PRDM12
ENSG00000006071	-1.32464166666666	3.40920416666667	-3.5266090287273	0.000563143733697735	0.00256961574193956	-0.964511738877584	ABCC8
ENSG00000254706	-1.91023333333334	-2.06994027777778	-3.52646560363871	0.000564547519068167	0.00257420964390858	-0.966410123225902	
ENSG00000261832	-1.52369027777778	-2.23235763888889	-3.52357895081605	0.000565807599796227	0.00257874635221092	-0.97013107133978	
ENSG00000004948	-1.3215638888889	-5.16413333333333	-3.51756882048737	0.000571517237825993	0.00260050369829034	-0.981770886986904	CALCR
ENSG00000158764	-1.37558749999999	3.32470625	-3.51298397440928	0.000591150286367519	0.00267668886648533	-1.00942644037776	ITLN2
ENSG00000281593	-2.60974861111112	-4.68174930555555	-3.50271965842601	0.000614401684562819	0.00276894874359447	-1.0446725697776	
ENSG00000259224	-1.54499861111112	-7.30254930555554	-3.49170860892534	0.000626413624340113	0.00281408725650436	-1.0666792619864	SLC35G6
ENSG00000112041	-1.48467777777779	-3.87291666666667	-3.48744358622854	0.000636532550949739	0.00284901775910592	-1.08130726674062	TULP1
ENSG00000165606	-1.68818472222224	-6.65236319444444	-3.48697152224918	0.000640740583565158	0.00286455661491829	-1.08637035193874	DRGX
ENSG00000188095	-1.94476944444446	-5.51715555555555	-3.4851587262714	0.000649325854427007	0.00289429113664393	-1.09723037737929	MESP2
ENSG00000042813	-1.72452500000001	-7.64511111111109	-3.47538159139093	0.000666835220155067	0.00296196214156327	-1.12349036357172	ZPBP
ENSG00000132429	-1.27022361111112	-1.78436180555556	-3.46109755369089	0.000697874656105817	0.00307754654513044	-1.16655603723327	POPDC3
ENSG00000260286	-2.54503888888891	-5.19272083333333	-3.46073313896215	0.000709818859071522	0.00312243248454528	-1.1789032216524	ARMH2
ENSG00000105697	-1.57612361111111	-0.610946527777778	-3.45575204716367	0.000720254563113787	0.00315905113003143	-1.19299766159613	HAMP
ENSG00000140955	-1.3367263888889	-2.68897847222222	-3.44907051107778	0.000725938087138769	0.0031811100858354	-1.20357910043884	ADAD2
ENSG00000156486	-1.02654305555556	-2.79825902777778	-3.43666014457869	0.000756016928596189	0.00329510223953687	-1.24168902667646	KCNS2
ENSG00000152292	-1.16139444444445	-1.86056666666667	-3.43179945287175	0.000768713747948752	0.00334224960071059	-1.25713916322135	SH2D6
ENSG00000187658	-1.10228611111111	-9.31856111111108	-3.42460754515877	0.000787867164870009	0.00341175246906755	-1.27996487404884	C5orf52
ENSG00000225362	-1.42589722222223	-4.4284	-3.42451225981546	0.00078909223447825	0.00341504628527003	-1.28113478581803	CT62
ENSG00000170608	-1.32598333333334	-3.24900833333334	-3.42393317012389	0.000789685905168515	0.00341506674685148	-1.28210310224043	FOXA3
ENSG00000204379	-2.27532222222223	-3.31645694444444	-3.42752010652577	0.000794589794272619	0.00343322094140182	-1.28377498806253	XAGE1A
ENSG00000165972	-1.4185638888889	-4.47775138888889	-3.41223425984254	0.000822845946603214	0.00353786247693861	-1.31997577928491	CCDC38
ENSG00000140297	-1.29267083333334	-2.25911736111111	-3.41056024030687	0.000829085992711985	0.00355777205608505	-1.32656772323474	GCNT3
ENSG00000103460	-1.05144305555556	-1.27194652777778	-3.39742198320415	0.000864382433519984	0.00368646505082892	-1.36587499976172	TOX3
ENSG00000267318	-2.4282777777778	-4.6291	-3.4015549462569	0.000868056241269153	0.00369969080529353	-1.36571883614058	
ENSG00000254553	-1.30034166666668	-8.37085555555553	-3.39560764711104	0.0008697290106386	0.00370439428836042	-1.37158760162256	
ENSG00000174156	-2.28749861111112	-2.86541041666667	-3.39858727533632	0.000876850641101258	0.00372901151523867	-1.37505365379841	GSTA3
ENSG00000181562	-1.10365555555557	-9.23774305555553	-3.39227618184272	0.000879627042801975	0.00374000114460853	-1.38207018675405	EDDM3A
ENSG00000226288	-1.00929722222225	-9.30436805555553	-3.39220522814749	0.000879838993801537	0.00374008481368608	-1.38229334903421	OR52I2
ENSG00000187166	-1.40278888888889	-2.69303194444445	-3.3843865407911	0.000908541205403555	0.00384194424511086	-1.41076755029975	H1-7
ENSG00000185974	-1.46327500000002	-5.2940625	-3.3556199216397	0.000999304658871578	0.00417672415650407	-1.49932517969755	GRK1
ENSG00000168158	-1.52898888888891	-7.54270555555554	-3.35281104069876	0.0010081146187597	0.00420902458985055	-1.50759838214758	OR2C1
ENSG00000127362	-1.73718888888891	-6.50154583333332	-3.35329106436185	0.00101362683551039	0.00422931557364824	-1.51102516893106	TAS2R3
ENSG00000166800	-1.51173194444446	-5.9147548611111	-3.35031251192198	0.00101847578691488	0.00424681479251195	-1.51663829142004	LDHAL6A
ENSG00000187553	-1.25176805555557	-6.30287291666666	-3.34383126561583	0.00103600709691702	0.00431252087507595	-1.5335015151578	CYP26C1
ENSG00000257017	-1.3122986111111	5.03892013888889	-3.34317969432039	0.00105181197098562	0.00437082812638586	-1.54452224907822	HP
ENSG00000214510	-1.9957513888889	-6.48598819444443	-3.34248812349738	0.0010554307885041	0.00438492945279404	-1.54744057265176	SPINK13
ENSG00000121314	-1.04511388888894	-9.19966249999997	-3.3308080212032	0.00108227572463766	0.00447828704438455	-1.57388933257337	TAS2R8
ENSG00000241233	-1.64749444444446	-4.80068333333333	-3.33215852859626	0.00108755462925472	0.0044991732556918	-1.57621561541034	KRTAP5-8
ENSG00000268797	-1.59009861111115	-8.35926180555553	-3.31532261371874	0.00114478190047945	0.00470390737814242	-1.62474581085504	
ENSG00000264668	-1.69957777777779	-3.92881666666667	-3.30312182382446	0.00119937248363904	0.00490027169748931	-1.6663654275625	
ENSG00000128564	-1.16370833333334	-4.26443333333333	-3.29696534838801	0.00121169051917221	0.00494333137142151	-1.67820430482038	VGF
ENSG00000204909	-1.44659027777778	-8.64515902777775	-3.28768315206371	0.00124962944571936	0.00507893689472066	-1.70665381443231	SPINK9
ENSG00000176040	-1.49842500000002	-5.52802222222222	-3.27708454586603	0.00130127172268184	0.00525697560739505	-1.74272932746592	TMPRSS7
ENSG00000175513	-1.67286250000001	-6.03164791666666	-3.27696386086673	0.0013066903734967	0.00527339027909913	-1.74566828908768	TSGA10IP
ENSG00000196131	-1.32185833333336	-8.7033472222222	-3.26935484725604	0.00132781580172814	0.00534976656487486	-1.76262457251732	VN1R2
ENSG00000175946	-1.44442500000001	-4.40164583333333	-3.2668135786033	0.00134451001328388	0.00541142329368881	-1.77316334499395	KLHL38
ENSG00000178172	-1.98950416666669	-5.72884930555555	-3.26759035833966	0.00135411929850431	0.00544334130905265	-1.77741400425748	SPINK6
ENSG00000187959	-1.66576250000001	-7.59323958333332	-3.2619661955524	0.00137075217139008	0.00550224334252575	-1.79017925444849	CPSF4L
ENSG00000204936	-1.29624583333333	2.89781041666667	-3.25294658910536	0.00142151337639448	0.00567205706617957	-1.82207610813021	CD177
ENSG00000261649	-1.56257361111114	-7.0358548611111	-3.24716146323695	0.00143666202897568	0.00572311074905487	-1.83386566067576	GOLGA6L7
ENSG00000039600	-1.31551666666669	-5.27674444444444	-3.23951508448641	0.00146492373358353	0.00582495839445355	-1.85316618628588	SOX30
ENSG00000230561	-1.19059444444445	-2.44985	-3.23840237570364	0.00147028263533045	0.00584149056831044	-1.85652844329888	CCDC192
ENSG00000121318	-1.4349763888889	-3.36886597222222	-3.23187661086798	0.00151000424662288	0.00598098200067365	-1.87979058646773	TAS2R10
ENSG00000095627	-1.11974305555556	-5.57910625	-3.22881061285695	0.00151723947375785	0.00600340678800827	-1.8854699620067	TDRD1
ENSG00000259371	-1.90431111111113	-6.80309444444443	-3.22820664958954	0.00153851435392757	0.00607151111498916	-1.89537347702153	
ENSG00000122145	-1.40755972222225	-7.88550069444443	-3.22293171735665	0.00154670534340984	0.00609655771834007	-1.90317149749439	TBX22
ENSG00000267221	-1.47555	-1.58648333333333	-3.22299843743243	0.00156405253649009	0.0061512231985049	-1.91065496293383	C17orf113
ENSG00000078725	-1.14104861111111	-0.67380625	-3.22115350802699	0.00156571557704344	0.0061565189821405	-1.91284559340554	BRINP1
ENSG00000134160	-1.52914861111112	-6.65813124999999	-3.2067271463675	0.00163962141729036	0.00640697384675211	-1.95548976635692	TRPM1
ENSG00000265203	-1.04255555555555	-8.38894861111109	-3.20496400415266	0.00164009302241687	0.00640752951838782	-1.95709812045766	RBP3
ENSG00000198488	-1.56323611111114	-7.16310833333332	-3.19528194637617	0.00170233350964465	0.00660953920750655	-1.98991157879741	B3GNT6
ENSG00000129988	-1.25331666666667	-1.62074583333333	-3.19504670031004	0.00170450866863134	0.00661641586208948	-1.99095784946195	LBP
ENSG00000101443	-1.01009999999999	6.99054583333334	-3.18896565669625	0.00172762724864926	0.00669038527587604	-2.00489212825893	WFDC2
ENSG00000184895	-1.64943888888891	-7.63516388888887	-3.18868818035812	0.00174187894217991	0.00673484976809453	-2.01062121136057	SRY
ENSG00000265118	-2.19314861111113	-4.98477847222222	-3.18804910230661	0.00175782111702267	0.00678704572614628	-2.01723884088818	
ENSG00000100121	-1.08502083333334	-0.40291875	-3.1807496223726	0.00178465664974107	0.00687292440125982	-2.03326737488624	GGTLC2
ENSG00000168412	-1.08450416666666	-9.03230069444442	-3.17491334467552	0.00180807226073262	0.00694659719845367	-2.04669966934498	MTNR1A
ENSG00000198077	-1.67338194444445	-3.64552291666667	-3.17240789839496	0.00184087371347008	0.00705728724367755	-2.0607296881889	CYP2A7
ENSG00000173728	-1.45475277777779	-3.33151944444445	-3.16586413976209	0.00187310629685503	0.00716391342635156	-2.07760552713699	SPMIP3
ENSG00000008196	-1.39292361111113	-7.11272847222221	-3.16402544640029	0.00187513347928683	0.0071699423004115	-2.0798187963768	TFAP2B
ENSG00000179913	-1.26260694444445	-2.19221597222222	-3.15802415249604	0.00191853947566455	0.00731897036293918	-2.09992432265599	B3GNT3
ENSG00000134962	-1.0246263888889	-2.64671597222222	-3.15486436374912	0.00192887651869516	0.00735407801678914	-2.10606774910847	KLB
ENSG00000173988	-1.00636250000001	-2.91240486111111	-3.15079948473752	0.00195426414129663	0.00743920666859139	-2.11806421571425	LRRC63
ENSG00000205177	-1.4851138888889	-1.43015277777778	-3.15298066532197	0.00196302008219968	0.00746669273346659	-2.11925417494706	C11orf91
ENSG00000164265	-1.3883986111111	7.23440763888889	-3.1485514643183	0.00198898062827167	0.00754920023046645	-2.13157824221689	SCGB3A2
ENSG00000136931	-1.44171666666667	-5.43586805555555	-3.14639053545568	0.00199166407885775	0.00755791058563031	-2.1342347233588	NR5A1
ENSG00000131379	-1.37433750000001	-6.35060347222221	-3.12647122189509	0.00211731660739348	0.0079632719735147	-2.19098796591547	C3orf20
ENSG00000114487	-1.04453611111115	-8.57764583333331	-3.11166323968096	0.00221503673964196	0.008268450328059	-2.23286880783423	MORC1
ENSG00000070019	-1.11430555555557	-6.35505833333333	-3.10159058104751	0.00228717805434977	0.00848887378614993	-2.26221201205053	GUCY2C
ENSG00000007216	-1.48144444444446	-6.76310277777777	-3.09751759161765	0.00232817739732684	0.00861310512225214	-2.2772127803564	SLC13A2
ENSG00000259784	-1.98739305555557	-6.47517291666665	-3.09579230905196	0.00235742107165806	0.00871135157406774	-2.28680302270851	
ENSG00000243207	-2.19968055555557	-3.80046805555556	-3.09408693414448	0.00237324302229966	0.00876149616051869	-2.29258578430026	PPAN-P2RY11
ENSG00000204930	-1.43714722222224	-4.39622361111111	-3.08301169986154	0.00243837317919825	0.00897129470054176	-2.31943730465837	FAM221B
ENSG00000213171	-1.10746805555556	-4.66521597222222	-3.07497832645499	0.00248836203909397	0.00912617927264611	-2.33933353384723	LINGO4
ENSG00000103375	-1.15784861111112	-3.30403402777778	-3.07048456033069	0.00252390555191584	0.00923185611054287	-2.3522983846775	AQP8
ENSG00000271793	-1.12110555555556	-1.47776944444444	-3.06390214061307	0.00258644902578179	0.00941459701525214	-2.3736770960519	
ENSG00000186451	-1.21973194444446	-5.05212152777777	-3.05907900876174	0.00261623371407477	0.00949812956442374	-2.38512894845275	SPATA12
ENSG00000108576	-1.11274722222222	4.42713055555556	-3.05196662118111	0.00269843195467991	0.00975467355183676	-2.41108842482347	SLC6A4
ENSG00000197233	-1.34403472222223	-8.60454930555553	-3.03325236204621	0.00283693751905934	0.0101740613238832	-2.45907026922884	OR1J2
ENSG00000198049	-1.00787361111112	-9.02133958333331	-3.02867176437165	0.00287782912337932	0.0103017173551664	-2.4721264260088	AVPR1B
ENSG00000153292	-1.07484861111111	1.16074513888889	-3.02436499054467	0.00294300169452758	0.0105002327516417	-2.49012110752933	ADGRF1
ENSG00000177291	-1.3095027777778	-7.91486666666665	-3.00999818920305	0.00305021474417416	0.0108251737280927	-2.52517077977988	GJD4
ENSG00000021461	-1.64205833333335	-4.78209166666667	-3.00889142473722	0.00308759749238902	0.0109438677882564	-2.53387926893557	CYP3A43
ENSG00000188778	-1.18730277777778	-4.46336805555556	-3.00181288450943	0.00312873416497964	0.0110695047248425	-2.54833016112226	ADRB3
ENSG00000124143	-1.05019027777778	-1.06413680555556	-3.00176152290584	0.00314003479031069	0.0111063090155742	-2.55066810815137	ARHGAP40
ENSG00000139610	-1.74923611111114	-7.19114305555554	-2.99681843412115	0.00320570412471029	0.0113027653858736	-2.56803687637352	CELA1
ENSG00000127412	-1.2301763888889	-6.59529097222221	-2.98054409525891	0.00334153825209407	0.0116947826699773	-2.60824546232661	TRPV5
ENSG00000112333	-1.25567500000001	-7.79237777777776	-2.9775543686051	0.00337249652534855	0.0117832956098429	-2.61663727490699	NR2E1
ENSG00000107018	-1.65323055555557	-4.96918194444445	-2.97881086107585	0.00338884326599782	0.0118284190221047	-2.618613928317	RLN1
ENSG00000230358	-1.54553333333336	-7.75974166666665	-2.95649683551632	0.00361917127275597	0.012533402100347	-2.67918964820564	SPDYE21
ENSG00000185247	-1.01249722222225	-8.93175833333331	-2.95298439709992	0.00363708058597274	0.0125819832044001	-2.68531790029751	MAGEA11
ENSG00000126337	-1.25246805555558	-7.98743541666665	-2.94051018297173	0.00377858486988666	0.0129768772756065	-2.71999278253175	KRT36
ENSG00000205116	-1.39441666666668	-8.51702916666664	-2.9395897911867	0.00379783591746969	0.0130291894650124	-2.72396271304247	TMEM88B
ENSG00000257921	-2.04726805555557	-3.92817013888889	-2.93274843507859	0.00391095854746111	0.0133583785189137	-2.74818957275317	
ENSG00000171711	-2.83301250000001	-2.59623958333333	-2.92381716342704	0.00402313302688466	0.0136790742246042	-2.77352583481584	DEFB4A
ENSG00000260861	-2.01282361111113	-4.82421597222222	-2.91551553368796	0.00412048775753411	0.0139515010604193	-2.79557705283134	
ENSG00000185271	-1.22135555555557	-3.82342222222222	-2.90929680586381	0.00415971796081806	0.0140455288583201	-2.80687205707406	KLHL33
ENSG00000183303	-1.65905416666668	-6.73814930555555	-2.90468016494589	0.00424644955889582	0.01430832094572	-2.82365062472963	OR5P2
ENSG00000183318	-1.53083888888892	-7.36204999999999	-2.90339080168268	0.00425507997771668	0.0143299274345713	-2.82603215049387	SPDYE4
ENSG00000249141	-1.81870277777779	-3.83476111111111	-2.9013481315693	0.00429704835648362	0.0144537756580182	-2.83386936227424	
ENSG00000156269	-1.55092361111114	-6.65524652777777	-2.87683426807519	0.00461277106845629	0.0153933132310193	-2.89892480310622	NAA11
ENSG00000036473	-1.19228611111112	-2.21427083333334	-2.87027223542224	0.00469394744353112	0.0155973122090139	-2.91537124592302	OTC
ENSG00000113302	-1.05996250000001	-5.31095902777778	-2.84175454843522	0.00509003890907932	0.0167051521611964	-2.98986191995539	IL12B
ENSG00000270806	-1.36824861111112	-4.03437013888889	-2.83618466835947	0.00519903084706828	0.0170226473720202	-3.00760979423306	C17orf50
ENSG00000180919	-1.40561944444446	-7.50330416666665	-2.82939668567035	0.00530118983520063	0.0173076107207658	-3.02538758332736	OR56B4
ENSG00000197888	-1.37472222222224	-5.52613472222222	-2.81205220733143	0.00558524448972507	0.0180802422722803	-3.07221763546526	UGT2B17
ENSG00000176988	-1.27507777777781	-8.16654166666665	-2.80210423917705	0.00573032177911176	0.0184791477531966	-3.09646850094897	FMR1NB
ENSG00000156234	-1.28918611111112	-1.56169444444444	-2.79966956514693	0.00580672536694646	0.0186883556978561	-3.1065382879191	CXCL13
ENSG00000185290	-1.11951805555556	-0.516890972222222	-2.79529108805865	0.00587959060129407	0.0188791344299063	-3.11789733682689	NUPR2
ENSG00000135973	-1.3549388888889	-6.4568861111111	-2.7862240288819	0.00602140321159354	0.0192360544049791	-3.14022249059381	GPR45
ENSG00000185155	-1.40873194444446	-5.22312291666666	-2.77719447666389	0.00619224612467497	0.0197041667948924	-3.16493150855481	MIXL1
ENSG00000244623	-1.4746527777778	-6.88446805555554	-2.75194074491912	0.00666645817306768	0.020942497477796	-3.2312314733921	OR2AE1
ENSG00000075886	-1.15298055555557	-4.11670694444444	-2.73654648231258	0.00693875347034055	0.0216684271159198	-3.2686527463609	TUBA3D
ENSG00000235268	-1.17258611111113	-7.1890736111111	-2.73507580423457	0.00696314470303196	0.0217278417607042	-3.2720417687217	KDM4E
ENSG00000168081	-1.01217361111112	-1.86194652777778	-2.73548270425582	0.00696713502369635	0.0217321682756127	-3.27199787851623	PNOC
ENSG00000244411	-1.30120138888891	-6.22621319444444	-2.7258522981203	0.00717515615217796	0.0222743596348812	-3.29789297274257	KRTAP5-7
ENSG00000145794	-1.11196527777779	-5.29583541666666	-2.72271178563531	0.007216531325621	0.0223885115384338	-3.30411401210342	MEGF10
ENSG00000121270	-1.01429027777779	-4.52358819444444	-2.72100717983493	0.00725211316774908	0.0224881404972191	-3.3085254106307	ABCC11
ENSG00000162897	-1.2276402777778	-7.65120902777776	-2.71841591524223	0.0073141224277152	0.0226443274652102	-3.31582539669881	FCAMR
ENSG00000185674	-1.42750972222223	-7.5436298611111	-2.71675308161207	0.00737510850879462	0.0228077282532707	-3.32213870254672	LYG2
ENSG00000138483	-1.16086527777779	-4.31222430555555	-2.71539083054505	0.00737925762915542	0.0228133056901353	-3.32372598192244	CCDC54
ENSG00000186452	-1.15357222222224	-7.74220694444443	-2.70748339145102	0.00754008958081591	0.0232329831341725	-3.34343507819136	TMPRSS12
ENSG00000204913	-1.48011111111113	-6.94049722222221	-2.70861269402105	0.00755612097483265	0.0232703798233703	-3.34359965359264	LRRC3C
ENSG00000176635	-1.23246944444447	-7.65356805555554	-2.70435365369159	0.00761816587933512	0.023429021768352	-3.35224006556048	HORMAD2
ENSG00000144481	-1.20693194444446	-7.26776597222221	-2.70002710899438	0.00771109615219101	0.0236848637853181	-3.36319505568109	TRPM8
ENSG00000205693	-1.27655833333335	-4.13046805555556	-2.69576888387279	0.00782418386444291	0.0239565598191632	-3.37546468759837	MANSC4
ENSG00000186007	-1.45042777777779	-1.93208888888889	-2.69635633762347	0.00784239030519481	0.0240038774845952	-3.37623908506528	LEMD1
ENSG00000188674	-1.47330694444446	-7.5402784722222	-2.69533817094308	0.00784695580627645	0.0240073897992591	-3.3775207674338	C2orf80
ENSG00000165076	-1.28730694444447	-6.99552013888887	-2.69377226824319	0.00786458425323082	0.0240537567443154	-3.38026006964325	PRSS37
ENSG00000254440	-1.27454583333334	-7.55357291666665	-2.68489119721898	0.00806294102207031	0.0245638729461726	-3.4027096354315	PBOV1
ENSG00000134240	-1.05966388888889	-2.24649444444445	-2.67256112493023	0.00835211396810183	0.0252943049832659	-3.43419410763906	HMGCS2
ENSG00000254870	-1.233675	1.50435833333333	-2.67338078167452	0.00837879794618669	0.0253711671309501	-3.43522054458653	ATP6V1G2-DDX39B
ENSG00000101440	-1.56540972222223	-3.36488541666667	-2.67085994843967	0.00842995821988861	0.025506229163676	-3.44101839207088	ASIP
ENSG00000158014	-1.17810555555557	-4.71567083333334	-2.66882749734656	0.00843883330490457	0.0255291112670301	-3.44352344887085	SLC30A2
ENSG00000268163	-1.61933611111112	-3.09616666666667	-2.66400396555705	0.00859910705711102	0.0259134014277273	-3.45863750993423	
ENSG00000198178	-1.4909513888889	-7.28527291666665	-2.65955506678735	0.00869175143249318	0.026143799113168	-3.46884102095071	CLEC4C
ENSG00000204382	-1.63102777777778	-1.87235277777778	-2.65620470688112	0.00879616308180942	0.0264047784363205	-3.47868655916408	XAGE1B
ENSG00000183463	-1.04996805555557	-8.74618680555553	-2.64508454471876	0.00900746608528923	0.0269724732153331	-3.50245717348499	URAD
ENSG00000126266	-1.24053611111112	-4.87399722222222	-2.64360938371737	0.00907362137649198	0.0271496820513032	-3.50792784116664	FFAR1
ENSG00000162006	-1.11682500000001	-1.91304305555556	-2.62788650348996	0.00949397512021804	0.0281091025933762	-3.54797164480834	MSLNL
ENSG00000173366	-1.55406111111112	-4.09985833333333	-2.62585177373609	0.00956862162963475	0.0282852489041947	-3.55423202778812	
ENSG00000196427	-1.0148652777778	-8.51117708333331	-2.62050692471089	0.00965286243150878	0.0284927890770423	-3.56416387996937	NBPF4
ENSG00000267179	-1.04181388888889	-1.62322777777778	-2.61719694279034	0.00977635221467489	0.0288048475128531	-3.57431704758356	
ENSG00000147614	-1.16473333333334	-0.738088888888889	-2.61005804930804	0.0100009794680221	0.0293688183291012	-3.59360528222	ATP6V0D2
ENSG00000236782	-1.42514444444445	-1.23918055555556	-2.60586468563623	0.0101284273546485	0.0296937707464391	-3.60454800967162	ZNF593OS
ENSG00000162782	-1.14293611111112	-4.92069305555555	-2.60274390042101	0.0101633141037331	0.0297799298530859	-3.60942181348423	TDRD5
ENSG00000179520	-1.08146527777779	-7.81206180555554	-2.59809051930659	0.0102774870518066	0.0300628087416154	-3.61998502955874	SLC17A8
ENSG00000186051	-1.59044444444447	-6.34791666666666	-2.59607617975888	0.0103989216676778	0.0303268102368318	-3.62831227656549	TAL2
ENSG00000250641	-1.68841527777779	-5.52559791666666	-2.59399119504631	0.0104650559119721	0.0305013886124786	-3.63376313757043	LY6G6F-LY6G6D
ENSG00000221852	-1.2800916666667	-8.09436527777776	-2.58907948210215	0.010565466614122	0.0307479737549224	-3.64367744259875	KRTAP1-5
ENSG00000232268	-1.18857361111111	-8.00297152777776	-2.58745291422049	0.0105980257177287	0.0308288913206607	-3.64691427152303	OR52I1
ENSG00000158955	-1.16289027777779	-3.53547152777778	-2.5757513477736	0.010963199046317	0.0316968115114385	-3.67652047873329	WNT9B
ENSG00000180999	-1.13601805555557	-8.53843819444442	-2.56912482138393	0.0111383039801062	0.032126673935502	-3.69146443284643	C1orf105
ENSG00000187682	-1.12697916666668	-4.35459375	-2.56642016442937	0.0112395185389978	0.0323658200770665	-3.69894182540253	ERAS
ENSG00000234602	-1.66538611111113	-5.83450555555555	-2.56236371448701	0.0114204563068491	0.0328139905584681	-3.71142938151995	MCIDAS
ENSG00000267228	-2.25683472222223	-2.28737847222222	-2.55703051939956	0.0116021894520261	0.0332673627978792	-3.72504375117267	
ENSG00000126952	-1.0650513888889	-4.93495763888889	-2.55076946602448	0.0117236110543382	0.0335265631033499	-3.73669158585549	NXF5
ENSG00000147117	-1.00914166666667	-4.90761527777778	-2.54553111917595	0.0118866706285912	0.0338932156357894	-3.74914367054531	ZNF157
ENSG00000275740	-1.04591388888891	-4.03592222222222	-2.54533753134445	0.0118935062582475	0.0339077361476521	-3.74963777994728	
ENSG00000198183	-1.92411388888889	-0.602586111111111	-2.53652759587758	0.0122721863780799	0.0348494261936366	-3.77483103440555	BPIFA1
ENSG00000253457	-1.28338055555558	-7.29349999999998	-2.51695928503955	0.01289322467031	0.0363898732279267	-3.81996824639997	SMIM18
ENSG00000254415	-1.10968055555555	2.29500277777778	-2.51759673873951	0.0129121475501215	0.0364327087532585	-3.82010420422471	SIGLEC14
ENSG00000183850	-1.00406527777779	-3.78700763888889	-2.50890403479451	0.0131378286724302	0.0369515678623645	-3.83771580241633	ZNF730
ENSG00000185523	-1.57132777777779	-6.49914722222221	-2.50685351867041	0.0132846365877529	0.0372997619666526	-3.8455140192601	SPATA45
ENSG00000172538	-1.2297763888889	-6.37748958333333	-2.49953030130776	0.0135150634895702	0.0378865852427035	-3.8616751619649	FAM170B
ENSG00000128610	-1.31054722222224	-6.57960833333332	-2.49489612459893	0.0136970475363594	0.0382973938015327	-3.87317936517499	FEZF1
ENSG00000124208	-1.62751111111112	-0.846922222222222	-2.4923513446017	0.0138322040344062	0.0386031611014734	-3.88076421600447	PEDS1-UBE2V1
ENSG00000255054	-1.67346250000002	-5.94112430555555	-2.49188447952881	0.0138397045975401	0.0386130140320352	-3.88150730907903	
ENSG00000180083	-1.21636111111112	-8.32632499999998	-2.48066566551	0.0142095027288711	0.0394748996118252	-3.90620841002087	WFDC11
ENSG00000157335	-1.38881666666668	-3.45848333333333	-2.47296511493419	0.014548742946932	0.0402964755522884	-3.92593839750598	CLEC18C
ENSG00000254636	-1.3277402777778	-7.07932708333332	-2.47022965760351	0.0146395234140947	0.0405133033789971	-3.93183936359766	ARMS2
ENSG00000181009	-1.05124861111112	-9.02582013888886	-2.4668113238354	0.0147198405971605	0.040698797763853	-3.93804347226263	OR52N5
ENSG00000143355	-1.44133750000002	-4.02950625	-2.45010087441716	0.0154688517629206	0.0424041860896746	-3.97988975538732	LHX9
ENSG00000130167	-1.39123055555558	-6.73532083333332	-2.41532431876509	0.0169546794523689	0.0458186197148486	-4.06068372231928	TSPAN16
ENSG00000148156	-1.02078472222223	-6.88439513888888	-2.41173434401522	0.0170448246531978	0.0460238657903947	-4.06694837203591	ACTL7B
ENSG00000216921	-1.53148333333335	-6.32560694444443	-2.40460741182746	0.0174538501319035	0.0470043323779298	-4.08582948005282	FAM240C
ENSG00000168148	-1.27291944444445	-8.07858611111109	-2.39045087238673	0.0180798792222808	0.0484087832941234	-4.11745511171963	H3-4
ENSG00000154611	-1.07407916666669	-7.64977569444443	-2.3883763277384	0.0181361852953321	0.048546178115426	-4.12109023035775	PSMA8
ENSG00000273088	-1.60173333333334	-7.21851527777776	-2.38972909917327	0.0181508295472004	0.0485682736828682	-4.12008973656339	
ENSG00000111780	-1.23529861111115	-8.43625069444442	-2.38204752438167	0.0184728489992167	0.0492643074763866	-4.1364690717287	
